2025-10-26 13:39:31,655 - INFO - Logging diinisialisasi ke: C:\laragon\www\dapokalsel\logs\kabupaten_import.log
2025-10-26 13:39:31,655 - INFO - Project root: C:\laragon\www\dapokalsel
2025-10-26 13:39:31,655 - INFO - === MEMULAI IMPORT KABUPATEN ===
2025-10-26 13:39:31,655 - INFO - Args: Namespace(url_induk_id=5, max_retries=300, user_id=1)
2025-10-26 13:39:31,689 - INFO - Ditemukan 1 URL induk aktif
2025-10-26 13:39:31,689 - INFO - Memproses URL Induk ID: 5 | URL: https://dapo.kemendikdasmen.go.id/sp/1/150000
2025-10-26 13:39:31,706 - INFO - Membuat log DB ID: 161
2025-10-26 13:39:31,755 - INFO - Memulai setup driver...
2025-10-26 13:39:31,756 - INFO - Menggunakan User Data Directory: C:\laragon\www\dapokalsel\chrome_profile
2025-10-26 13:39:31,756 - INFO - Menginisialisasi uc.Chrome()...
2025-10-26 13:39:35,511 - INFO - patching driver executable C:\laragon\www\dapokalsel\sekolah\~\appdata\roaming\undetected_chromedriver\undetected_chromedriver.exe
2025-10-26 13:39:35,617 - ERROR - GAGAL total saat setup driver: Binary Location Must be a String
Traceback (most recent call last):
  File "C:\laragon\www\dapokalsel\sekolah\import_url_kabupaten.pyw", line 80, in setup_driver
    driver = uc.Chrome(
  File "C:\laragon\bin\python\python-3.10\lib\site-packages\undetected_chromedriver\__init__.py", line 372, in __init__
    options.binary_location = (
  File "C:\laragon\bin\python\python-3.10\lib\site-packages\selenium\webdriver\chromium\options.py", line 52, in binary_location
    raise TypeError(self.BINARY_LOCATION_ERROR)
TypeError: Binary Location Must be a String
2025-10-26 13:39:35,653 - ERROR - Error pada percobaan 1: Gagal total setup driver. Cek log di atas.
Traceback (most recent call last):
  File "C:\laragon\www\dapokalsel\sekolah\import_url_kabupaten.pyw", line 285, in process_url_induk
    raise Exception("Gagal total setup driver. Cek log di atas.")
Exception: Gagal total setup driver. Cek log di atas.
2025-10-26 13:39:35,654 - INFO - Percobaan ulang 2/300...
2025-10-26 13:39:50,656 - INFO - Memulai setup driver...
2025-10-26 13:39:50,656 - INFO - Menggunakan User Data Directory: C:\laragon\www\dapokalsel\chrome_profile
2025-10-26 13:39:50,657 - INFO - Menginisialisasi uc.Chrome()...
2025-10-26 13:39:53,761 - INFO - patching driver executable C:\laragon\www\dapokalsel\sekolah\~\appdata\roaming\undetected_chromedriver\undetected_chromedriver.exe
2025-10-26 13:39:53,846 - ERROR - GAGAL total saat setup driver: Binary Location Must be a String
Traceback (most recent call last):
  File "C:\laragon\www\dapokalsel\sekolah\import_url_kabupaten.pyw", line 80, in setup_driver
    driver = uc.Chrome(
  File "C:\laragon\bin\python\python-3.10\lib\site-packages\undetected_chromedriver\__init__.py", line 372, in __init__
    options.binary_location = (
  File "C:\laragon\bin\python\python-3.10\lib\site-packages\selenium\webdriver\chromium\options.py", line 52, in binary_location
    raise TypeError(self.BINARY_LOCATION_ERROR)
TypeError: Binary Location Must be a String
2025-10-26 13:39:53,847 - ERROR - Error pada percobaan 2: Gagal total setup driver. Cek log di atas.
Traceback (most recent call last):
  File "C:\laragon\www\dapokalsel\sekolah\import_url_kabupaten.pyw", line 285, in process_url_induk
    raise Exception("Gagal total setup driver. Cek log di atas.")
Exception: Gagal total setup driver. Cek log di atas.
2025-10-26 13:39:53,847 - INFO - Percobaan ulang 3/300...
2025-10-26 13:40:08,848 - INFO - Memulai setup driver...
2025-10-26 13:40:08,849 - INFO - Menggunakan User Data Directory: C:\laragon\www\dapokalsel\chrome_profile
2025-10-26 13:40:08,849 - INFO - Menginisialisasi uc.Chrome()...
2025-10-26 13:40:12,167 - INFO - patching driver executable C:\laragon\www\dapokalsel\sekolah\~\appdata\roaming\undetected_chromedriver\undetected_chromedriver.exe
2025-10-26 13:40:12,250 - ERROR - GAGAL total saat setup driver: Binary Location Must be a String
Traceback (most recent call last):
  File "C:\laragon\www\dapokalsel\sekolah\import_url_kabupaten.pyw", line 80, in setup_driver
    driver = uc.Chrome(
  File "C:\laragon\bin\python\python-3.10\lib\site-packages\undetected_chromedriver\__init__.py", line 372, in __init__
    options.binary_location = (
  File "C:\laragon\bin\python\python-3.10\lib\site-packages\selenium\webdriver\chromium\options.py", line 52, in binary_location
    raise TypeError(self.BINARY_LOCATION_ERROR)
TypeError: Binary Location Must be a String
2025-10-26 13:40:12,250 - ERROR - Error pada percobaan 3: Gagal total setup driver. Cek log di atas.
Traceback (most recent call last):
  File "C:\laragon\www\dapokalsel\sekolah\import_url_kabupaten.pyw", line 285, in process_url_induk
    raise Exception("Gagal total setup driver. Cek log di atas.")
Exception: Gagal total setup driver. Cek log di atas.
2025-10-26 13:40:12,250 - INFO - Percobaan ulang 4/300...
2025-10-26 13:40:27,264 - INFO - Memulai setup driver...
2025-10-26 13:40:27,264 - INFO - Menggunakan User Data Directory: C:\laragon\www\dapokalsel\chrome_profile
2025-10-26 13:40:27,264 - INFO - Menginisialisasi uc.Chrome()...
2025-10-26 13:40:30,367 - INFO - patching driver executable C:\laragon\www\dapokalsel\sekolah\~\appdata\roaming\undetected_chromedriver\undetected_chromedriver.exe
2025-10-26 13:40:30,449 - ERROR - GAGAL total saat setup driver: Binary Location Must be a String
Traceback (most recent call last):
  File "C:\laragon\www\dapokalsel\sekolah\import_url_kabupaten.pyw", line 80, in setup_driver
    driver = uc.Chrome(
  File "C:\laragon\bin\python\python-3.10\lib\site-packages\undetected_chromedriver\__init__.py", line 372, in __init__
    options.binary_location = (
  File "C:\laragon\bin\python\python-3.10\lib\site-packages\selenium\webdriver\chromium\options.py", line 52, in binary_location
    raise TypeError(self.BINARY_LOCATION_ERROR)
TypeError: Binary Location Must be a String
2025-10-26 13:40:30,449 - ERROR - Error pada percobaan 4: Gagal total setup driver. Cek log di atas.
Traceback (most recent call last):
  File "C:\laragon\www\dapokalsel\sekolah\import_url_kabupaten.pyw", line 285, in process_url_induk
    raise Exception("Gagal total setup driver. Cek log di atas.")
Exception: Gagal total setup driver. Cek log di atas.
2025-10-26 13:40:30,449 - INFO - Percobaan ulang 5/300...
2025-10-26 13:40:45,464 - INFO - Memulai setup driver...
2025-10-26 13:40:45,466 - INFO - Menggunakan User Data Directory: C:\laragon\www\dapokalsel\chrome_profile
2025-10-26 13:40:45,466 - INFO - Menginisialisasi uc.Chrome()...
2025-10-26 13:40:48,794 - INFO - patching driver executable C:\laragon\www\dapokalsel\sekolah\~\appdata\roaming\undetected_chromedriver\undetected_chromedriver.exe
2025-10-26 13:40:48,881 - ERROR - GAGAL total saat setup driver: Binary Location Must be a String
Traceback (most recent call last):
  File "C:\laragon\www\dapokalsel\sekolah\import_url_kabupaten.pyw", line 80, in setup_driver
    driver = uc.Chrome(
  File "C:\laragon\bin\python\python-3.10\lib\site-packages\undetected_chromedriver\__init__.py", line 372, in __init__
    options.binary_location = (
  File "C:\laragon\bin\python\python-3.10\lib\site-packages\selenium\webdriver\chromium\options.py", line 52, in binary_location
    raise TypeError(self.BINARY_LOCATION_ERROR)
TypeError: Binary Location Must be a String
2025-10-26 13:40:48,881 - ERROR - Error pada percobaan 5: Gagal total setup driver. Cek log di atas.
Traceback (most recent call last):
  File "C:\laragon\www\dapokalsel\sekolah\import_url_kabupaten.pyw", line 285, in process_url_induk
    raise Exception("Gagal total setup driver. Cek log di atas.")
Exception: Gagal total setup driver. Cek log di atas.
2025-10-26 13:40:48,881 - INFO - Percobaan ulang 6/300...
2025-10-26 13:41:03,881 - INFO - Memulai setup driver...
2025-10-26 13:41:03,883 - INFO - Menggunakan User Data Directory: C:\laragon\www\dapokalsel\chrome_profile
2025-10-26 13:41:03,883 - INFO - Menginisialisasi uc.Chrome()...
2025-10-26 13:41:07,614 - INFO - patching driver executable C:\laragon\www\dapokalsel\sekolah\~\appdata\roaming\undetected_chromedriver\undetected_chromedriver.exe
2025-10-26 13:41:07,717 - ERROR - GAGAL total saat setup driver: Binary Location Must be a String
Traceback (most recent call last):
  File "C:\laragon\www\dapokalsel\sekolah\import_url_kabupaten.pyw", line 80, in setup_driver
    driver = uc.Chrome(
  File "C:\laragon\bin\python\python-3.10\lib\site-packages\undetected_chromedriver\__init__.py", line 372, in __init__
    options.binary_location = (
  File "C:\laragon\bin\python\python-3.10\lib\site-packages\selenium\webdriver\chromium\options.py", line 52, in binary_location
    raise TypeError(self.BINARY_LOCATION_ERROR)
TypeError: Binary Location Must be a String
2025-10-26 13:41:07,717 - ERROR - Error pada percobaan 6: Gagal total setup driver. Cek log di atas.
Traceback (most recent call last):
  File "C:\laragon\www\dapokalsel\sekolah\import_url_kabupaten.pyw", line 285, in process_url_induk
    raise Exception("Gagal total setup driver. Cek log di atas.")
Exception: Gagal total setup driver. Cek log di atas.
2025-10-26 13:41:07,717 - INFO - Percobaan ulang 7/300...
2025-10-26 13:41:22,729 - INFO - Memulai setup driver...
2025-10-26 13:41:22,729 - INFO - Menggunakan User Data Directory: C:\laragon\www\dapokalsel\chrome_profile
2025-10-26 13:41:22,729 - INFO - Menginisialisasi uc.Chrome()...
2025-10-26 13:41:26,179 - INFO - patching driver executable C:\laragon\www\dapokalsel\sekolah\~\appdata\roaming\undetected_chromedriver\undetected_chromedriver.exe
2025-10-26 13:41:26,274 - ERROR - GAGAL total saat setup driver: Binary Location Must be a String
Traceback (most recent call last):
  File "C:\laragon\www\dapokalsel\sekolah\import_url_kabupaten.pyw", line 80, in setup_driver
    driver = uc.Chrome(
  File "C:\laragon\bin\python\python-3.10\lib\site-packages\undetected_chromedriver\__init__.py", line 372, in __init__
    options.binary_location = (
  File "C:\laragon\bin\python\python-3.10\lib\site-packages\selenium\webdriver\chromium\options.py", line 52, in binary_location
    raise TypeError(self.BINARY_LOCATION_ERROR)
TypeError: Binary Location Must be a String
2025-10-26 13:41:26,274 - ERROR - Error pada percobaan 7: Gagal total setup driver. Cek log di atas.
Traceback (most recent call last):
  File "C:\laragon\www\dapokalsel\sekolah\import_url_kabupaten.pyw", line 285, in process_url_induk
    raise Exception("Gagal total setup driver. Cek log di atas.")
Exception: Gagal total setup driver. Cek log di atas.
2025-10-26 13:41:26,275 - INFO - Percobaan ulang 8/300...
2025-10-26 13:41:41,277 - INFO - Memulai setup driver...
2025-10-26 13:41:41,277 - INFO - Menggunakan User Data Directory: C:\laragon\www\dapokalsel\chrome_profile
2025-10-26 13:41:41,278 - INFO - Menginisialisasi uc.Chrome()...
2025-10-26 13:41:44,595 - INFO - patching driver executable C:\laragon\www\dapokalsel\sekolah\~\appdata\roaming\undetected_chromedriver\undetected_chromedriver.exe
2025-10-26 13:41:44,683 - ERROR - GAGAL total saat setup driver: Binary Location Must be a String
Traceback (most recent call last):
  File "C:\laragon\www\dapokalsel\sekolah\import_url_kabupaten.pyw", line 80, in setup_driver
    driver = uc.Chrome(
  File "C:\laragon\bin\python\python-3.10\lib\site-packages\undetected_chromedriver\__init__.py", line 372, in __init__
    options.binary_location = (
  File "C:\laragon\bin\python\python-3.10\lib\site-packages\selenium\webdriver\chromium\options.py", line 52, in binary_location
    raise TypeError(self.BINARY_LOCATION_ERROR)
TypeError: Binary Location Must be a String
2025-10-26 13:41:44,684 - ERROR - Error pada percobaan 8: Gagal total setup driver. Cek log di atas.
Traceback (most recent call last):
  File "C:\laragon\www\dapokalsel\sekolah\import_url_kabupaten.pyw", line 285, in process_url_induk
    raise Exception("Gagal total setup driver. Cek log di atas.")
Exception: Gagal total setup driver. Cek log di atas.
2025-10-26 13:41:44,684 - INFO - Percobaan ulang 9/300...
2025-10-26 13:41:59,693 - INFO - Memulai setup driver...
2025-10-26 13:41:59,693 - INFO - Menggunakan User Data Directory: C:\laragon\www\dapokalsel\chrome_profile
2025-10-26 13:41:59,694 - INFO - Menginisialisasi uc.Chrome()...
2025-10-26 13:42:03,436 - INFO - patching driver executable C:\laragon\www\dapokalsel\sekolah\~\appdata\roaming\undetected_chromedriver\undetected_chromedriver.exe
2025-10-26 13:42:03,541 - ERROR - GAGAL total saat setup driver: Binary Location Must be a String
Traceback (most recent call last):
  File "C:\laragon\www\dapokalsel\sekolah\import_url_kabupaten.pyw", line 80, in setup_driver
    driver = uc.Chrome(
  File "C:\laragon\bin\python\python-3.10\lib\site-packages\undetected_chromedriver\__init__.py", line 372, in __init__
    options.binary_location = (
  File "C:\laragon\bin\python\python-3.10\lib\site-packages\selenium\webdriver\chromium\options.py", line 52, in binary_location
    raise TypeError(self.BINARY_LOCATION_ERROR)
TypeError: Binary Location Must be a String
2025-10-26 13:42:03,543 - ERROR - Error pada percobaan 9: Gagal total setup driver. Cek log di atas.
Traceback (most recent call last):
  File "C:\laragon\www\dapokalsel\sekolah\import_url_kabupaten.pyw", line 285, in process_url_induk
    raise Exception("Gagal total setup driver. Cek log di atas.")
Exception: Gagal total setup driver. Cek log di atas.
2025-10-26 13:42:03,545 - INFO - Percobaan ulang 10/300...
2025-10-26 13:42:18,548 - INFO - Memulai setup driver...
2025-10-26 13:42:18,548 - INFO - Menggunakan User Data Directory: C:\laragon\www\dapokalsel\chrome_profile
2025-10-26 13:42:18,549 - INFO - Menginisialisasi uc.Chrome()...
2025-10-26 13:42:22,246 - INFO - patching driver executable C:\laragon\www\dapokalsel\sekolah\~\appdata\roaming\undetected_chromedriver\undetected_chromedriver.exe
2025-10-26 13:42:22,324 - ERROR - GAGAL total saat setup driver: Binary Location Must be a String
Traceback (most recent call last):
  File "C:\laragon\www\dapokalsel\sekolah\import_url_kabupaten.pyw", line 80, in setup_driver
    driver = uc.Chrome(
  File "C:\laragon\bin\python\python-3.10\lib\site-packages\undetected_chromedriver\__init__.py", line 372, in __init__
    options.binary_location = (
  File "C:\laragon\bin\python\python-3.10\lib\site-packages\selenium\webdriver\chromium\options.py", line 52, in binary_location
    raise TypeError(self.BINARY_LOCATION_ERROR)
TypeError: Binary Location Must be a String
2025-10-26 13:42:22,325 - ERROR - Error pada percobaan 10: Gagal total setup driver. Cek log di atas.
Traceback (most recent call last):
  File "C:\laragon\www\dapokalsel\sekolah\import_url_kabupaten.pyw", line 285, in process_url_induk
    raise Exception("Gagal total setup driver. Cek log di atas.")
Exception: Gagal total setup driver. Cek log di atas.
2025-10-26 13:42:22,325 - INFO - Percobaan ulang 11/300...
2025-10-26 13:42:37,325 - INFO - Memulai setup driver...
2025-10-26 13:42:37,325 - INFO - Menggunakan User Data Directory: C:\laragon\www\dapokalsel\chrome_profile
2025-10-26 13:42:37,325 - INFO - Menginisialisasi uc.Chrome()...
2025-10-26 13:42:40,264 - INFO - patching driver executable C:\laragon\www\dapokalsel\sekolah\~\appdata\roaming\undetected_chromedriver\undetected_chromedriver.exe
2025-10-26 13:42:40,344 - ERROR - GAGAL total saat setup driver: Binary Location Must be a String
Traceback (most recent call last):
  File "C:\laragon\www\dapokalsel\sekolah\import_url_kabupaten.pyw", line 80, in setup_driver
    driver = uc.Chrome(
  File "C:\laragon\bin\python\python-3.10\lib\site-packages\undetected_chromedriver\__init__.py", line 372, in __init__
    options.binary_location = (
  File "C:\laragon\bin\python\python-3.10\lib\site-packages\selenium\webdriver\chromium\options.py", line 52, in binary_location
    raise TypeError(self.BINARY_LOCATION_ERROR)
TypeError: Binary Location Must be a String
2025-10-26 13:42:40,344 - ERROR - Error pada percobaan 11: Gagal total setup driver. Cek log di atas.
Traceback (most recent call last):
  File "C:\laragon\www\dapokalsel\sekolah\import_url_kabupaten.pyw", line 285, in process_url_induk
    raise Exception("Gagal total setup driver. Cek log di atas.")
Exception: Gagal total setup driver. Cek log di atas.
2025-10-26 13:42:40,344 - INFO - Percobaan ulang 12/300...
2025-10-26 13:42:55,355 - INFO - Memulai setup driver...
2025-10-26 13:42:55,355 - INFO - Menggunakan User Data Directory: C:\laragon\www\dapokalsel\chrome_profile
2025-10-26 13:42:55,355 - INFO - Menginisialisasi uc.Chrome()...
2025-10-26 13:42:58,492 - INFO - patching driver executable C:\laragon\www\dapokalsel\sekolah\~\appdata\roaming\undetected_chromedriver\undetected_chromedriver.exe
2025-10-26 13:42:58,572 - ERROR - GAGAL total saat setup driver: Binary Location Must be a String
Traceback (most recent call last):
  File "C:\laragon\www\dapokalsel\sekolah\import_url_kabupaten.pyw", line 80, in setup_driver
    driver = uc.Chrome(
  File "C:\laragon\bin\python\python-3.10\lib\site-packages\undetected_chromedriver\__init__.py", line 372, in __init__
    options.binary_location = (
  File "C:\laragon\bin\python\python-3.10\lib\site-packages\selenium\webdriver\chromium\options.py", line 52, in binary_location
    raise TypeError(self.BINARY_LOCATION_ERROR)
TypeError: Binary Location Must be a String
2025-10-26 13:42:58,572 - ERROR - Error pada percobaan 12: Gagal total setup driver. Cek log di atas.
Traceback (most recent call last):
  File "C:\laragon\www\dapokalsel\sekolah\import_url_kabupaten.pyw", line 285, in process_url_induk
    raise Exception("Gagal total setup driver. Cek log di atas.")
Exception: Gagal total setup driver. Cek log di atas.
2025-10-26 13:42:58,572 - INFO - Percobaan ulang 13/300...
2025-10-26 13:43:13,572 - INFO - Memulai setup driver...
2025-10-26 13:43:13,572 - INFO - Menggunakan User Data Directory: C:\laragon\www\dapokalsel\chrome_profile
2025-10-26 13:43:13,572 - INFO - Menginisialisasi uc.Chrome()...
2025-10-26 13:43:17,323 - INFO - patching driver executable C:\laragon\www\dapokalsel\sekolah\~\appdata\roaming\undetected_chromedriver\undetected_chromedriver.exe
2025-10-26 13:43:17,412 - ERROR - GAGAL total saat setup driver: Binary Location Must be a String
Traceback (most recent call last):
  File "C:\laragon\www\dapokalsel\sekolah\import_url_kabupaten.pyw", line 80, in setup_driver
    driver = uc.Chrome(
  File "C:\laragon\bin\python\python-3.10\lib\site-packages\undetected_chromedriver\__init__.py", line 372, in __init__
    options.binary_location = (
  File "C:\laragon\bin\python\python-3.10\lib\site-packages\selenium\webdriver\chromium\options.py", line 52, in binary_location
    raise TypeError(self.BINARY_LOCATION_ERROR)
TypeError: Binary Location Must be a String
2025-10-26 13:43:17,412 - ERROR - Error pada percobaan 13: Gagal total setup driver. Cek log di atas.
Traceback (most recent call last):
  File "C:\laragon\www\dapokalsel\sekolah\import_url_kabupaten.pyw", line 285, in process_url_induk
    raise Exception("Gagal total setup driver. Cek log di atas.")
Exception: Gagal total setup driver. Cek log di atas.
2025-10-26 13:43:17,412 - INFO - Percobaan ulang 14/300...
2025-10-26 13:43:32,420 - INFO - Memulai setup driver...
2025-10-26 13:43:32,420 - INFO - Menggunakan User Data Directory: C:\laragon\www\dapokalsel\chrome_profile
2025-10-26 13:43:32,421 - INFO - Menginisialisasi uc.Chrome()...
2025-10-26 13:43:35,254 - INFO - patching driver executable C:\laragon\www\dapokalsel\sekolah\~\appdata\roaming\undetected_chromedriver\undetected_chromedriver.exe
2025-10-26 13:43:35,323 - ERROR - GAGAL total saat setup driver: Binary Location Must be a String
Traceback (most recent call last):
  File "C:\laragon\www\dapokalsel\sekolah\import_url_kabupaten.pyw", line 80, in setup_driver
    driver = uc.Chrome(
  File "C:\laragon\bin\python\python-3.10\lib\site-packages\undetected_chromedriver\__init__.py", line 372, in __init__
    options.binary_location = (
  File "C:\laragon\bin\python\python-3.10\lib\site-packages\selenium\webdriver\chromium\options.py", line 52, in binary_location
    raise TypeError(self.BINARY_LOCATION_ERROR)
TypeError: Binary Location Must be a String
2025-10-26 13:43:35,324 - ERROR - Error pada percobaan 14: Gagal total setup driver. Cek log di atas.
Traceback (most recent call last):
  File "C:\laragon\www\dapokalsel\sekolah\import_url_kabupaten.pyw", line 285, in process_url_induk
    raise Exception("Gagal total setup driver. Cek log di atas.")
Exception: Gagal total setup driver. Cek log di atas.
2025-10-26 13:43:35,324 - INFO - Percobaan ulang 15/300...
2025-10-26 13:43:50,339 - INFO - Memulai setup driver...
2025-10-26 13:43:50,339 - INFO - Menggunakan User Data Directory: C:\laragon\www\dapokalsel\chrome_profile
2025-10-26 13:43:50,339 - INFO - Menginisialisasi uc.Chrome()...
2025-10-26 13:43:54,091 - INFO - patching driver executable C:\laragon\www\dapokalsel\sekolah\~\appdata\roaming\undetected_chromedriver\undetected_chromedriver.exe
2025-10-26 13:43:54,172 - ERROR - GAGAL total saat setup driver: Binary Location Must be a String
Traceback (most recent call last):
  File "C:\laragon\www\dapokalsel\sekolah\import_url_kabupaten.pyw", line 80, in setup_driver
    driver = uc.Chrome(
  File "C:\laragon\bin\python\python-3.10\lib\site-packages\undetected_chromedriver\__init__.py", line 372, in __init__
    options.binary_location = (
  File "C:\laragon\bin\python\python-3.10\lib\site-packages\selenium\webdriver\chromium\options.py", line 52, in binary_location
    raise TypeError(self.BINARY_LOCATION_ERROR)
TypeError: Binary Location Must be a String
2025-10-26 13:43:54,172 - ERROR - Error pada percobaan 15: Gagal total setup driver. Cek log di atas.
Traceback (most recent call last):
  File "C:\laragon\www\dapokalsel\sekolah\import_url_kabupaten.pyw", line 285, in process_url_induk
    raise Exception("Gagal total setup driver. Cek log di atas.")
Exception: Gagal total setup driver. Cek log di atas.
2025-10-26 13:43:54,172 - INFO - Percobaan ulang 16/300...
2025-10-26 13:44:09,179 - INFO - Memulai setup driver...
2025-10-26 13:44:09,179 - INFO - Menggunakan User Data Directory: C:\laragon\www\dapokalsel\chrome_profile
2025-10-26 13:44:09,179 - INFO - Menginisialisasi uc.Chrome()...
2025-10-26 13:44:12,934 - INFO - patching driver executable C:\laragon\www\dapokalsel\sekolah\~\appdata\roaming\undetected_chromedriver\undetected_chromedriver.exe
2025-10-26 13:44:13,022 - ERROR - GAGAL total saat setup driver: Binary Location Must be a String
Traceback (most recent call last):
  File "C:\laragon\www\dapokalsel\sekolah\import_url_kabupaten.pyw", line 80, in setup_driver
    driver = uc.Chrome(
  File "C:\laragon\bin\python\python-3.10\lib\site-packages\undetected_chromedriver\__init__.py", line 372, in __init__
    options.binary_location = (
  File "C:\laragon\bin\python\python-3.10\lib\site-packages\selenium\webdriver\chromium\options.py", line 52, in binary_location
    raise TypeError(self.BINARY_LOCATION_ERROR)
TypeError: Binary Location Must be a String
2025-10-26 13:44:13,022 - ERROR - Error pada percobaan 16: Gagal total setup driver. Cek log di atas.
Traceback (most recent call last):
  File "C:\laragon\www\dapokalsel\sekolah\import_url_kabupaten.pyw", line 285, in process_url_induk
    raise Exception("Gagal total setup driver. Cek log di atas.")
Exception: Gagal total setup driver. Cek log di atas.
2025-10-26 13:44:13,023 - INFO - Percobaan ulang 17/300...
2025-10-26 13:44:28,024 - INFO - Memulai setup driver...
2025-10-26 13:44:28,026 - INFO - Menggunakan User Data Directory: C:\laragon\www\dapokalsel\chrome_profile
2025-10-26 13:44:28,026 - INFO - Menginisialisasi uc.Chrome()...
2025-10-26 13:44:31,051 - INFO - patching driver executable C:\laragon\www\dapokalsel\sekolah\~\appdata\roaming\undetected_chromedriver\undetected_chromedriver.exe
2025-10-26 13:44:31,151 - ERROR - GAGAL total saat setup driver: Binary Location Must be a String
Traceback (most recent call last):
  File "C:\laragon\www\dapokalsel\sekolah\import_url_kabupaten.pyw", line 80, in setup_driver
    driver = uc.Chrome(
  File "C:\laragon\bin\python\python-3.10\lib\site-packages\undetected_chromedriver\__init__.py", line 372, in __init__
    options.binary_location = (
  File "C:\laragon\bin\python\python-3.10\lib\site-packages\selenium\webdriver\chromium\options.py", line 52, in binary_location
    raise TypeError(self.BINARY_LOCATION_ERROR)
TypeError: Binary Location Must be a String
2025-10-26 13:44:31,151 - ERROR - Error pada percobaan 17: Gagal total setup driver. Cek log di atas.
Traceback (most recent call last):
  File "C:\laragon\www\dapokalsel\sekolah\import_url_kabupaten.pyw", line 285, in process_url_induk
    raise Exception("Gagal total setup driver. Cek log di atas.")
Exception: Gagal total setup driver. Cek log di atas.
2025-10-26 13:44:31,151 - INFO - Percobaan ulang 18/300...
2025-10-26 13:44:46,160 - INFO - Memulai setup driver...
2025-10-26 13:44:46,160 - INFO - Menggunakan User Data Directory: C:\laragon\www\dapokalsel\chrome_profile
2025-10-26 13:44:46,160 - INFO - Menginisialisasi uc.Chrome()...
2025-10-26 13:44:49,741 - INFO - patching driver executable C:\laragon\www\dapokalsel\sekolah\~\appdata\roaming\undetected_chromedriver\undetected_chromedriver.exe
2025-10-26 13:44:49,862 - ERROR - GAGAL total saat setup driver: Binary Location Must be a String
Traceback (most recent call last):
  File "C:\laragon\www\dapokalsel\sekolah\import_url_kabupaten.pyw", line 80, in setup_driver
    driver = uc.Chrome(
  File "C:\laragon\bin\python\python-3.10\lib\site-packages\undetected_chromedriver\__init__.py", line 372, in __init__
    options.binary_location = (
  File "C:\laragon\bin\python\python-3.10\lib\site-packages\selenium\webdriver\chromium\options.py", line 52, in binary_location
    raise TypeError(self.BINARY_LOCATION_ERROR)
TypeError: Binary Location Must be a String
2025-10-26 13:44:49,862 - ERROR - Error pada percobaan 18: Gagal total setup driver. Cek log di atas.
Traceback (most recent call last):
  File "C:\laragon\www\dapokalsel\sekolah\import_url_kabupaten.pyw", line 285, in process_url_induk
    raise Exception("Gagal total setup driver. Cek log di atas.")
Exception: Gagal total setup driver. Cek log di atas.
2025-10-26 13:44:49,862 - INFO - Percobaan ulang 19/300...
2025-10-26 13:45:04,863 - INFO - Memulai setup driver...
2025-10-26 13:45:04,867 - INFO - Menggunakan User Data Directory: C:\laragon\www\dapokalsel\chrome_profile
2025-10-26 13:45:04,867 - INFO - Menginisialisasi uc.Chrome()...
2025-10-26 13:45:07,917 - INFO - patching driver executable C:\laragon\www\dapokalsel\sekolah\~\appdata\roaming\undetected_chromedriver\undetected_chromedriver.exe
2025-10-26 13:45:08,001 - ERROR - GAGAL total saat setup driver: Binary Location Must be a String
Traceback (most recent call last):
  File "C:\laragon\www\dapokalsel\sekolah\import_url_kabupaten.pyw", line 80, in setup_driver
    driver = uc.Chrome(
  File "C:\laragon\bin\python\python-3.10\lib\site-packages\undetected_chromedriver\__init__.py", line 372, in __init__
    options.binary_location = (
  File "C:\laragon\bin\python\python-3.10\lib\site-packages\selenium\webdriver\chromium\options.py", line 52, in binary_location
    raise TypeError(self.BINARY_LOCATION_ERROR)
TypeError: Binary Location Must be a String
2025-10-26 13:45:08,001 - ERROR - Error pada percobaan 19: Gagal total setup driver. Cek log di atas.
Traceback (most recent call last):
  File "C:\laragon\www\dapokalsel\sekolah\import_url_kabupaten.pyw", line 285, in process_url_induk
    raise Exception("Gagal total setup driver. Cek log di atas.")
Exception: Gagal total setup driver. Cek log di atas.
2025-10-26 13:45:08,001 - INFO - Percobaan ulang 20/300...
2025-10-26 13:45:23,002 - INFO - Memulai setup driver...
2025-10-26 13:45:23,003 - INFO - Menggunakan User Data Directory: C:\laragon\www\dapokalsel\chrome_profile
2025-10-26 13:45:23,004 - INFO - Menginisialisasi uc.Chrome()...
2025-10-26 13:45:26,393 - INFO - patching driver executable C:\laragon\www\dapokalsel\sekolah\~\appdata\roaming\undetected_chromedriver\undetected_chromedriver.exe
2025-10-26 13:45:26,475 - ERROR - GAGAL total saat setup driver: Binary Location Must be a String
Traceback (most recent call last):
  File "C:\laragon\www\dapokalsel\sekolah\import_url_kabupaten.pyw", line 80, in setup_driver
    driver = uc.Chrome(
  File "C:\laragon\bin\python\python-3.10\lib\site-packages\undetected_chromedriver\__init__.py", line 372, in __init__
    options.binary_location = (
  File "C:\laragon\bin\python\python-3.10\lib\site-packages\selenium\webdriver\chromium\options.py", line 52, in binary_location
    raise TypeError(self.BINARY_LOCATION_ERROR)
TypeError: Binary Location Must be a String
2025-10-26 13:45:26,475 - ERROR - Error pada percobaan 20: Gagal total setup driver. Cek log di atas.
Traceback (most recent call last):
  File "C:\laragon\www\dapokalsel\sekolah\import_url_kabupaten.pyw", line 285, in process_url_induk
    raise Exception("Gagal total setup driver. Cek log di atas.")
Exception: Gagal total setup driver. Cek log di atas.
2025-10-26 13:45:26,475 - INFO - Percobaan ulang 21/300...
2025-10-26 13:45:41,483 - INFO - Memulai setup driver...
2025-10-26 13:45:41,485 - INFO - Menggunakan User Data Directory: C:\laragon\www\dapokalsel\chrome_profile
2025-10-26 13:45:41,485 - INFO - Menginisialisasi uc.Chrome()...
2025-10-26 13:45:45,660 - INFO - patching driver executable C:\laragon\www\dapokalsel\sekolah\~\appdata\roaming\undetected_chromedriver\undetected_chromedriver.exe
2025-10-26 13:45:45,731 - ERROR - GAGAL total saat setup driver: Binary Location Must be a String
Traceback (most recent call last):
  File "C:\laragon\www\dapokalsel\sekolah\import_url_kabupaten.pyw", line 80, in setup_driver
    driver = uc.Chrome(
  File "C:\laragon\bin\python\python-3.10\lib\site-packages\undetected_chromedriver\__init__.py", line 372, in __init__
    options.binary_location = (
  File "C:\laragon\bin\python\python-3.10\lib\site-packages\selenium\webdriver\chromium\options.py", line 52, in binary_location
    raise TypeError(self.BINARY_LOCATION_ERROR)
TypeError: Binary Location Must be a String
2025-10-26 13:45:45,731 - ERROR - Error pada percobaan 21: Gagal total setup driver. Cek log di atas.
Traceback (most recent call last):
  File "C:\laragon\www\dapokalsel\sekolah\import_url_kabupaten.pyw", line 285, in process_url_induk
    raise Exception("Gagal total setup driver. Cek log di atas.")
Exception: Gagal total setup driver. Cek log di atas.
2025-10-26 13:45:45,731 - INFO - Percobaan ulang 22/300...
2025-10-26 13:46:00,732 - INFO - Memulai setup driver...
2025-10-26 13:46:00,733 - INFO - Menggunakan User Data Directory: C:\laragon\www\dapokalsel\chrome_profile
2025-10-26 13:46:00,734 - INFO - Menginisialisasi uc.Chrome()...
2025-10-26 13:46:03,764 - INFO - patching driver executable C:\laragon\www\dapokalsel\sekolah\~\appdata\roaming\undetected_chromedriver\undetected_chromedriver.exe
2025-10-26 13:46:03,847 - ERROR - GAGAL total saat setup driver: Binary Location Must be a String
Traceback (most recent call last):
  File "C:\laragon\www\dapokalsel\sekolah\import_url_kabupaten.pyw", line 80, in setup_driver
    driver = uc.Chrome(
  File "C:\laragon\bin\python\python-3.10\lib\site-packages\undetected_chromedriver\__init__.py", line 372, in __init__
    options.binary_location = (
  File "C:\laragon\bin\python\python-3.10\lib\site-packages\selenium\webdriver\chromium\options.py", line 52, in binary_location
    raise TypeError(self.BINARY_LOCATION_ERROR)
TypeError: Binary Location Must be a String
2025-10-26 13:46:03,847 - ERROR - Error pada percobaan 22: Gagal total setup driver. Cek log di atas.
Traceback (most recent call last):
  File "C:\laragon\www\dapokalsel\sekolah\import_url_kabupaten.pyw", line 285, in process_url_induk
    raise Exception("Gagal total setup driver. Cek log di atas.")
Exception: Gagal total setup driver. Cek log di atas.
2025-10-26 13:46:03,847 - INFO - Percobaan ulang 23/300...
2025-10-26 13:46:18,848 - INFO - Memulai setup driver...
2025-10-26 13:46:18,848 - INFO - Menggunakan User Data Directory: C:\laragon\www\dapokalsel\chrome_profile
2025-10-26 13:46:18,848 - INFO - Menginisialisasi uc.Chrome()...
2025-10-26 13:46:22,913 - INFO - patching driver executable C:\laragon\www\dapokalsel\sekolah\~\appdata\roaming\undetected_chromedriver\undetected_chromedriver.exe
2025-10-26 13:46:23,030 - ERROR - GAGAL total saat setup driver: Binary Location Must be a String
Traceback (most recent call last):
  File "C:\laragon\www\dapokalsel\sekolah\import_url_kabupaten.pyw", line 80, in setup_driver
    driver = uc.Chrome(
  File "C:\laragon\bin\python\python-3.10\lib\site-packages\undetected_chromedriver\__init__.py", line 372, in __init__
    options.binary_location = (
  File "C:\laragon\bin\python\python-3.10\lib\site-packages\selenium\webdriver\chromium\options.py", line 52, in binary_location
    raise TypeError(self.BINARY_LOCATION_ERROR)
TypeError: Binary Location Must be a String
2025-10-26 13:46:23,030 - ERROR - Error pada percobaan 23: Gagal total setup driver. Cek log di atas.
Traceback (most recent call last):
  File "C:\laragon\www\dapokalsel\sekolah\import_url_kabupaten.pyw", line 285, in process_url_induk
    raise Exception("Gagal total setup driver. Cek log di atas.")
Exception: Gagal total setup driver. Cek log di atas.
2025-10-26 13:46:23,030 - INFO - Percobaan ulang 24/300...
2025-10-26 13:46:38,030 - INFO - Memulai setup driver...
2025-10-26 13:46:38,030 - INFO - Menggunakan User Data Directory: C:\laragon\www\dapokalsel\chrome_profile
2025-10-26 13:46:38,032 - INFO - Menginisialisasi uc.Chrome()...
2025-10-26 13:46:41,812 - INFO - patching driver executable C:\laragon\www\dapokalsel\sekolah\~\appdata\roaming\undetected_chromedriver\undetected_chromedriver.exe
2025-10-26 13:46:41,895 - ERROR - GAGAL total saat setup driver: Binary Location Must be a String
Traceback (most recent call last):
  File "C:\laragon\www\dapokalsel\sekolah\import_url_kabupaten.pyw", line 80, in setup_driver
    driver = uc.Chrome(
  File "C:\laragon\bin\python\python-3.10\lib\site-packages\undetected_chromedriver\__init__.py", line 372, in __init__
    options.binary_location = (
  File "C:\laragon\bin\python\python-3.10\lib\site-packages\selenium\webdriver\chromium\options.py", line 52, in binary_location
    raise TypeError(self.BINARY_LOCATION_ERROR)
TypeError: Binary Location Must be a String
2025-10-26 13:46:41,895 - ERROR - Error pada percobaan 24: Gagal total setup driver. Cek log di atas.
Traceback (most recent call last):
  File "C:\laragon\www\dapokalsel\sekolah\import_url_kabupaten.pyw", line 285, in process_url_induk
    raise Exception("Gagal total setup driver. Cek log di atas.")
Exception: Gagal total setup driver. Cek log di atas.
2025-10-26 13:46:41,895 - INFO - Percobaan ulang 25/300...
2025-10-26 13:46:56,895 - INFO - Memulai setup driver...
2025-10-26 13:46:56,897 - INFO - Menggunakan User Data Directory: C:\laragon\www\dapokalsel\chrome_profile
2025-10-26 13:46:56,897 - INFO - Menginisialisasi uc.Chrome()...
2025-10-26 13:46:59,861 - INFO - patching driver executable C:\laragon\www\dapokalsel\sekolah\~\appdata\roaming\undetected_chromedriver\undetected_chromedriver.exe
2025-10-26 13:46:59,944 - ERROR - GAGAL total saat setup driver: Binary Location Must be a String
Traceback (most recent call last):
  File "C:\laragon\www\dapokalsel\sekolah\import_url_kabupaten.pyw", line 80, in setup_driver
    driver = uc.Chrome(
  File "C:\laragon\bin\python\python-3.10\lib\site-packages\undetected_chromedriver\__init__.py", line 372, in __init__
    options.binary_location = (
  File "C:\laragon\bin\python\python-3.10\lib\site-packages\selenium\webdriver\chromium\options.py", line 52, in binary_location
    raise TypeError(self.BINARY_LOCATION_ERROR)
TypeError: Binary Location Must be a String
2025-10-26 13:46:59,944 - ERROR - Error pada percobaan 25: Gagal total setup driver. Cek log di atas.
Traceback (most recent call last):
  File "C:\laragon\www\dapokalsel\sekolah\import_url_kabupaten.pyw", line 285, in process_url_induk
    raise Exception("Gagal total setup driver. Cek log di atas.")
Exception: Gagal total setup driver. Cek log di atas.
2025-10-26 13:46:59,944 - INFO - Percobaan ulang 26/300...
2025-10-26 13:47:14,944 - INFO - Memulai setup driver...
2025-10-26 13:47:14,946 - INFO - Menggunakan User Data Directory: C:\laragon\www\dapokalsel\chrome_profile
2025-10-26 13:47:14,946 - INFO - Menginisialisasi uc.Chrome()...
2025-10-26 13:47:18,644 - INFO - patching driver executable C:\laragon\www\dapokalsel\sekolah\~\appdata\roaming\undetected_chromedriver\undetected_chromedriver.exe
2025-10-26 13:47:18,744 - ERROR - GAGAL total saat setup driver: Binary Location Must be a String
Traceback (most recent call last):
  File "C:\laragon\www\dapokalsel\sekolah\import_url_kabupaten.pyw", line 80, in setup_driver
    driver = uc.Chrome(
  File "C:\laragon\bin\python\python-3.10\lib\site-packages\undetected_chromedriver\__init__.py", line 372, in __init__
    options.binary_location = (
  File "C:\laragon\bin\python\python-3.10\lib\site-packages\selenium\webdriver\chromium\options.py", line 52, in binary_location
    raise TypeError(self.BINARY_LOCATION_ERROR)
TypeError: Binary Location Must be a String
2025-10-26 13:47:18,744 - ERROR - Error pada percobaan 26: Gagal total setup driver. Cek log di atas.
Traceback (most recent call last):
  File "C:\laragon\www\dapokalsel\sekolah\import_url_kabupaten.pyw", line 285, in process_url_induk
    raise Exception("Gagal total setup driver. Cek log di atas.")
Exception: Gagal total setup driver. Cek log di atas.
2025-10-26 13:47:18,744 - INFO - Percobaan ulang 27/300...
2025-10-26 13:47:33,745 - INFO - Memulai setup driver...
2025-10-26 13:47:33,746 - INFO - Menggunakan User Data Directory: C:\laragon\www\dapokalsel\chrome_profile
2025-10-26 13:47:33,746 - INFO - Menginisialisasi uc.Chrome()...
2025-10-26 13:47:36,859 - INFO - patching driver executable C:\laragon\www\dapokalsel\sekolah\~\appdata\roaming\undetected_chromedriver\undetected_chromedriver.exe
2025-10-26 13:47:36,942 - ERROR - GAGAL total saat setup driver: Binary Location Must be a String
Traceback (most recent call last):
  File "C:\laragon\www\dapokalsel\sekolah\import_url_kabupaten.pyw", line 80, in setup_driver
    driver = uc.Chrome(
  File "C:\laragon\bin\python\python-3.10\lib\site-packages\undetected_chromedriver\__init__.py", line 372, in __init__
    options.binary_location = (
  File "C:\laragon\bin\python\python-3.10\lib\site-packages\selenium\webdriver\chromium\options.py", line 52, in binary_location
    raise TypeError(self.BINARY_LOCATION_ERROR)
TypeError: Binary Location Must be a String
2025-10-26 13:47:36,942 - ERROR - Error pada percobaan 27: Gagal total setup driver. Cek log di atas.
Traceback (most recent call last):
  File "C:\laragon\www\dapokalsel\sekolah\import_url_kabupaten.pyw", line 285, in process_url_induk
    raise Exception("Gagal total setup driver. Cek log di atas.")
Exception: Gagal total setup driver. Cek log di atas.
2025-10-26 13:47:36,942 - INFO - Percobaan ulang 28/300...
2025-10-26 13:47:51,943 - INFO - Memulai setup driver...
2025-10-26 13:47:51,945 - INFO - Menggunakan User Data Directory: C:\laragon\www\dapokalsel\chrome_profile
2025-10-26 13:47:51,946 - INFO - Menginisialisasi uc.Chrome()...
2025-10-26 13:47:55,708 - INFO - patching driver executable C:\laragon\www\dapokalsel\sekolah\~\appdata\roaming\undetected_chromedriver\undetected_chromedriver.exe
2025-10-26 13:47:55,791 - ERROR - GAGAL total saat setup driver: Binary Location Must be a String
Traceback (most recent call last):
  File "C:\laragon\www\dapokalsel\sekolah\import_url_kabupaten.pyw", line 80, in setup_driver
    driver = uc.Chrome(
  File "C:\laragon\bin\python\python-3.10\lib\site-packages\undetected_chromedriver\__init__.py", line 372, in __init__
    options.binary_location = (
  File "C:\laragon\bin\python\python-3.10\lib\site-packages\selenium\webdriver\chromium\options.py", line 52, in binary_location
    raise TypeError(self.BINARY_LOCATION_ERROR)
TypeError: Binary Location Must be a String
2025-10-26 13:47:55,791 - ERROR - Error pada percobaan 28: Gagal total setup driver. Cek log di atas.
Traceback (most recent call last):
  File "C:\laragon\www\dapokalsel\sekolah\import_url_kabupaten.pyw", line 285, in process_url_induk
    raise Exception("Gagal total setup driver. Cek log di atas.")
Exception: Gagal total setup driver. Cek log di atas.
2025-10-26 13:47:55,791 - INFO - Percobaan ulang 29/300...
2025-10-26 13:48:10,792 - INFO - Memulai setup driver...
2025-10-26 13:48:10,793 - INFO - Menggunakan User Data Directory: C:\laragon\www\dapokalsel\chrome_profile
2025-10-26 13:48:10,793 - INFO - Menginisialisasi uc.Chrome()...
2025-10-26 13:48:14,078 - INFO - patching driver executable C:\laragon\www\dapokalsel\sekolah\~\appdata\roaming\undetected_chromedriver\undetected_chromedriver.exe
2025-10-26 13:48:14,157 - ERROR - GAGAL total saat setup driver: Binary Location Must be a String
Traceback (most recent call last):
  File "C:\laragon\www\dapokalsel\sekolah\import_url_kabupaten.pyw", line 80, in setup_driver
    driver = uc.Chrome(
  File "C:\laragon\bin\python\python-3.10\lib\site-packages\undetected_chromedriver\__init__.py", line 372, in __init__
    options.binary_location = (
  File "C:\laragon\bin\python\python-3.10\lib\site-packages\selenium\webdriver\chromium\options.py", line 52, in binary_location
    raise TypeError(self.BINARY_LOCATION_ERROR)
TypeError: Binary Location Must be a String
2025-10-26 13:48:14,157 - ERROR - Error pada percobaan 29: Gagal total setup driver. Cek log di atas.
Traceback (most recent call last):
  File "C:\laragon\www\dapokalsel\sekolah\import_url_kabupaten.pyw", line 285, in process_url_induk
    raise Exception("Gagal total setup driver. Cek log di atas.")
Exception: Gagal total setup driver. Cek log di atas.
2025-10-26 13:48:14,157 - INFO - Percobaan ulang 30/300...
2025-10-26 13:48:29,157 - INFO - Memulai setup driver...
2025-10-26 13:48:29,159 - INFO - Menggunakan User Data Directory: C:\laragon\www\dapokalsel\chrome_profile
2025-10-26 13:48:29,160 - INFO - Menginisialisasi uc.Chrome()...
2025-10-26 13:48:33,805 - INFO - patching driver executable C:\laragon\www\dapokalsel\sekolah\~\appdata\roaming\undetected_chromedriver\undetected_chromedriver.exe
2025-10-26 13:48:33,923 - ERROR - GAGAL total saat setup driver: Binary Location Must be a String
Traceback (most recent call last):
  File "C:\laragon\www\dapokalsel\sekolah\import_url_kabupaten.pyw", line 80, in setup_driver
    driver = uc.Chrome(
  File "C:\laragon\bin\python\python-3.10\lib\site-packages\undetected_chromedriver\__init__.py", line 372, in __init__
    options.binary_location = (
  File "C:\laragon\bin\python\python-3.10\lib\site-packages\selenium\webdriver\chromium\options.py", line 52, in binary_location
    raise TypeError(self.BINARY_LOCATION_ERROR)
TypeError: Binary Location Must be a String
2025-10-26 13:48:33,923 - ERROR - Error pada percobaan 30: Gagal total setup driver. Cek log di atas.
Traceback (most recent call last):
  File "C:\laragon\www\dapokalsel\sekolah\import_url_kabupaten.pyw", line 285, in process_url_induk
    raise Exception("Gagal total setup driver. Cek log di atas.")
Exception: Gagal total setup driver. Cek log di atas.
2025-10-26 13:48:33,923 - INFO - Percobaan ulang 31/300...
2025-10-26 13:48:48,924 - INFO - Memulai setup driver...
2025-10-26 13:48:48,926 - INFO - Menggunakan User Data Directory: C:\laragon\www\dapokalsel\chrome_profile
2025-10-26 13:48:48,927 - INFO - Menginisialisasi uc.Chrome()...
2025-10-26 13:48:52,087 - INFO - patching driver executable C:\laragon\www\dapokalsel\sekolah\~\appdata\roaming\undetected_chromedriver\undetected_chromedriver.exe
2025-10-26 13:48:52,182 - ERROR - GAGAL total saat setup driver: Binary Location Must be a String
Traceback (most recent call last):
  File "C:\laragon\www\dapokalsel\sekolah\import_url_kabupaten.pyw", line 80, in setup_driver
    driver = uc.Chrome(
  File "C:\laragon\bin\python\python-3.10\lib\site-packages\undetected_chromedriver\__init__.py", line 372, in __init__
    options.binary_location = (
  File "C:\laragon\bin\python\python-3.10\lib\site-packages\selenium\webdriver\chromium\options.py", line 52, in binary_location
    raise TypeError(self.BINARY_LOCATION_ERROR)
TypeError: Binary Location Must be a String
2025-10-26 13:48:52,183 - ERROR - Error pada percobaan 31: Gagal total setup driver. Cek log di atas.
Traceback (most recent call last):
  File "C:\laragon\www\dapokalsel\sekolah\import_url_kabupaten.pyw", line 285, in process_url_induk
    raise Exception("Gagal total setup driver. Cek log di atas.")
Exception: Gagal total setup driver. Cek log di atas.
2025-10-26 13:48:52,183 - INFO - Percobaan ulang 32/300...
2025-10-26 13:49:07,185 - INFO - Memulai setup driver...
2025-10-26 13:49:07,186 - INFO - Menggunakan User Data Directory: C:\laragon\www\dapokalsel\chrome_profile
2025-10-26 13:49:07,186 - INFO - Menginisialisasi uc.Chrome()...
2025-10-26 13:49:10,803 - INFO - patching driver executable C:\laragon\www\dapokalsel\sekolah\~\appdata\roaming\undetected_chromedriver\undetected_chromedriver.exe
2025-10-26 13:49:10,894 - ERROR - GAGAL total saat setup driver: Binary Location Must be a String
Traceback (most recent call last):
  File "C:\laragon\www\dapokalsel\sekolah\import_url_kabupaten.pyw", line 80, in setup_driver
    driver = uc.Chrome(
  File "C:\laragon\bin\python\python-3.10\lib\site-packages\undetected_chromedriver\__init__.py", line 372, in __init__
    options.binary_location = (
  File "C:\laragon\bin\python\python-3.10\lib\site-packages\selenium\webdriver\chromium\options.py", line 52, in binary_location
    raise TypeError(self.BINARY_LOCATION_ERROR)
TypeError: Binary Location Must be a String
2025-10-26 13:49:10,895 - ERROR - Error pada percobaan 32: Gagal total setup driver. Cek log di atas.
Traceback (most recent call last):
  File "C:\laragon\www\dapokalsel\sekolah\import_url_kabupaten.pyw", line 285, in process_url_induk
    raise Exception("Gagal total setup driver. Cek log di atas.")
Exception: Gagal total setup driver. Cek log di atas.
2025-10-26 13:49:10,895 - INFO - Percobaan ulang 33/300...
2025-10-26 13:49:25,901 - INFO - Memulai setup driver...
2025-10-26 13:49:25,903 - INFO - Menggunakan User Data Directory: C:\laragon\www\dapokalsel\chrome_profile
2025-10-26 13:49:25,904 - INFO - Menginisialisasi uc.Chrome()...
2025-10-26 13:49:29,557 - INFO - patching driver executable C:\laragon\www\dapokalsel\sekolah\~\appdata\roaming\undetected_chromedriver\undetected_chromedriver.exe
2025-10-26 13:49:29,684 - ERROR - GAGAL total saat setup driver: Binary Location Must be a String
Traceback (most recent call last):
  File "C:\laragon\www\dapokalsel\sekolah\import_url_kabupaten.pyw", line 80, in setup_driver
    driver = uc.Chrome(
  File "C:\laragon\bin\python\python-3.10\lib\site-packages\undetected_chromedriver\__init__.py", line 372, in __init__
    options.binary_location = (
  File "C:\laragon\bin\python\python-3.10\lib\site-packages\selenium\webdriver\chromium\options.py", line 52, in binary_location
    raise TypeError(self.BINARY_LOCATION_ERROR)
TypeError: Binary Location Must be a String
2025-10-26 13:49:29,686 - ERROR - Error pada percobaan 33: Gagal total setup driver. Cek log di atas.
Traceback (most recent call last):
  File "C:\laragon\www\dapokalsel\sekolah\import_url_kabupaten.pyw", line 285, in process_url_induk
    raise Exception("Gagal total setup driver. Cek log di atas.")
Exception: Gagal total setup driver. Cek log di atas.
2025-10-26 13:49:29,686 - INFO - Percobaan ulang 34/300...
2025-10-26 13:49:44,687 - INFO - Memulai setup driver...
2025-10-26 13:49:44,688 - INFO - Menggunakan User Data Directory: C:\laragon\www\dapokalsel\chrome_profile
2025-10-26 13:49:44,688 - INFO - Menginisialisasi uc.Chrome()...
2025-10-26 13:49:48,602 - INFO - patching driver executable C:\laragon\www\dapokalsel\sekolah\~\appdata\roaming\undetected_chromedriver\undetected_chromedriver.exe
2025-10-26 13:49:48,685 - ERROR - GAGAL total saat setup driver: Binary Location Must be a String
Traceback (most recent call last):
  File "C:\laragon\www\dapokalsel\sekolah\import_url_kabupaten.pyw", line 80, in setup_driver
    driver = uc.Chrome(
  File "C:\laragon\bin\python\python-3.10\lib\site-packages\undetected_chromedriver\__init__.py", line 372, in __init__
    options.binary_location = (
  File "C:\laragon\bin\python\python-3.10\lib\site-packages\selenium\webdriver\chromium\options.py", line 52, in binary_location
    raise TypeError(self.BINARY_LOCATION_ERROR)
TypeError: Binary Location Must be a String
2025-10-26 13:49:48,685 - ERROR - Error pada percobaan 34: Gagal total setup driver. Cek log di atas.
Traceback (most recent call last):
  File "C:\laragon\www\dapokalsel\sekolah\import_url_kabupaten.pyw", line 285, in process_url_induk
    raise Exception("Gagal total setup driver. Cek log di atas.")
Exception: Gagal total setup driver. Cek log di atas.
2025-10-26 13:49:48,685 - INFO - Percobaan ulang 35/300...
2025-10-26 13:50:03,690 - INFO - Memulai setup driver...
2025-10-26 13:50:03,690 - INFO - Menggunakan User Data Directory: C:\laragon\www\dapokalsel\chrome_profile
2025-10-26 13:50:03,690 - INFO - Menginisialisasi uc.Chrome()...
2025-10-26 13:50:07,226 - INFO - patching driver executable C:\laragon\www\dapokalsel\sekolah\~\appdata\roaming\undetected_chromedriver\undetected_chromedriver.exe
2025-10-26 13:50:07,301 - ERROR - GAGAL total saat setup driver: Binary Location Must be a String
Traceback (most recent call last):
  File "C:\laragon\www\dapokalsel\sekolah\import_url_kabupaten.pyw", line 80, in setup_driver
    driver = uc.Chrome(
  File "C:\laragon\bin\python\python-3.10\lib\site-packages\undetected_chromedriver\__init__.py", line 372, in __init__
    options.binary_location = (
  File "C:\laragon\bin\python\python-3.10\lib\site-packages\selenium\webdriver\chromium\options.py", line 52, in binary_location
    raise TypeError(self.BINARY_LOCATION_ERROR)
TypeError: Binary Location Must be a String
2025-10-26 13:50:07,316 - ERROR - Error pada percobaan 35: Gagal total setup driver. Cek log di atas.
Traceback (most recent call last):
  File "C:\laragon\www\dapokalsel\sekolah\import_url_kabupaten.pyw", line 285, in process_url_induk
    raise Exception("Gagal total setup driver. Cek log di atas.")
Exception: Gagal total setup driver. Cek log di atas.
2025-10-26 13:50:07,317 - INFO - Percobaan ulang 36/300...
2025-10-26 13:50:22,318 - INFO - Memulai setup driver...
2025-10-26 13:50:22,320 - INFO - Menggunakan User Data Directory: C:\laragon\www\dapokalsel\chrome_profile
2025-10-26 13:50:22,320 - INFO - Menginisialisasi uc.Chrome()...
2025-10-26 13:50:25,216 - INFO - patching driver executable C:\laragon\www\dapokalsel\sekolah\~\appdata\roaming\undetected_chromedriver\undetected_chromedriver.exe
2025-10-26 13:50:25,300 - ERROR - GAGAL total saat setup driver: Binary Location Must be a String
Traceback (most recent call last):
  File "C:\laragon\www\dapokalsel\sekolah\import_url_kabupaten.pyw", line 80, in setup_driver
    driver = uc.Chrome(
  File "C:\laragon\bin\python\python-3.10\lib\site-packages\undetected_chromedriver\__init__.py", line 372, in __init__
    options.binary_location = (
  File "C:\laragon\bin\python\python-3.10\lib\site-packages\selenium\webdriver\chromium\options.py", line 52, in binary_location
    raise TypeError(self.BINARY_LOCATION_ERROR)
TypeError: Binary Location Must be a String
2025-10-26 13:50:25,300 - ERROR - Error pada percobaan 36: Gagal total setup driver. Cek log di atas.
Traceback (most recent call last):
  File "C:\laragon\www\dapokalsel\sekolah\import_url_kabupaten.pyw", line 285, in process_url_induk
    raise Exception("Gagal total setup driver. Cek log di atas.")
Exception: Gagal total setup driver. Cek log di atas.
2025-10-26 13:50:25,300 - INFO - Percobaan ulang 37/300...
2025-10-26 13:50:40,300 - INFO - Memulai setup driver...
2025-10-26 13:50:40,301 - INFO - Menggunakan User Data Directory: C:\laragon\www\dapokalsel\chrome_profile
2025-10-26 13:50:40,301 - INFO - Menginisialisasi uc.Chrome()...
2025-10-26 13:50:43,563 - INFO - patching driver executable C:\laragon\www\dapokalsel\sekolah\~\appdata\roaming\undetected_chromedriver\undetected_chromedriver.exe
2025-10-26 13:50:43,663 - ERROR - GAGAL total saat setup driver: Binary Location Must be a String
Traceback (most recent call last):
  File "C:\laragon\www\dapokalsel\sekolah\import_url_kabupaten.pyw", line 80, in setup_driver
    driver = uc.Chrome(
  File "C:\laragon\bin\python\python-3.10\lib\site-packages\undetected_chromedriver\__init__.py", line 372, in __init__
    options.binary_location = (
  File "C:\laragon\bin\python\python-3.10\lib\site-packages\selenium\webdriver\chromium\options.py", line 52, in binary_location
    raise TypeError(self.BINARY_LOCATION_ERROR)
TypeError: Binary Location Must be a String
2025-10-26 13:50:43,663 - ERROR - Error pada percobaan 37: Gagal total setup driver. Cek log di atas.
Traceback (most recent call last):
  File "C:\laragon\www\dapokalsel\sekolah\import_url_kabupaten.pyw", line 285, in process_url_induk
    raise Exception("Gagal total setup driver. Cek log di atas.")
Exception: Gagal total setup driver. Cek log di atas.
2025-10-26 13:50:43,663 - INFO - Percobaan ulang 38/300...
2025-10-26 13:50:58,663 - INFO - Memulai setup driver...
2025-10-26 13:50:58,664 - INFO - Menggunakan User Data Directory: C:\laragon\www\dapokalsel\chrome_profile
2025-10-26 13:50:58,664 - INFO - Menginisialisasi uc.Chrome()...
2025-10-26 13:51:02,197 - INFO - patching driver executable C:\laragon\www\dapokalsel\sekolah\~\appdata\roaming\undetected_chromedriver\undetected_chromedriver.exe
2025-10-26 13:51:02,282 - ERROR - GAGAL total saat setup driver: Binary Location Must be a String
Traceback (most recent call last):
  File "C:\laragon\www\dapokalsel\sekolah\import_url_kabupaten.pyw", line 80, in setup_driver
    driver = uc.Chrome(
  File "C:\laragon\bin\python\python-3.10\lib\site-packages\undetected_chromedriver\__init__.py", line 372, in __init__
    options.binary_location = (
  File "C:\laragon\bin\python\python-3.10\lib\site-packages\selenium\webdriver\chromium\options.py", line 52, in binary_location
    raise TypeError(self.BINARY_LOCATION_ERROR)
TypeError: Binary Location Must be a String
2025-10-26 13:51:02,282 - ERROR - Error pada percobaan 38: Gagal total setup driver. Cek log di atas.
Traceback (most recent call last):
  File "C:\laragon\www\dapokalsel\sekolah\import_url_kabupaten.pyw", line 285, in process_url_induk
    raise Exception("Gagal total setup driver. Cek log di atas.")
Exception: Gagal total setup driver. Cek log di atas.
2025-10-26 13:51:02,282 - INFO - Percobaan ulang 39/300...
2025-10-26 13:51:17,282 - INFO - Memulai setup driver...
2025-10-26 13:51:17,283 - INFO - Menggunakan User Data Directory: C:\laragon\www\dapokalsel\chrome_profile
2025-10-26 13:51:17,285 - INFO - Menginisialisasi uc.Chrome()...
2025-10-26 13:51:20,480 - INFO - patching driver executable C:\laragon\www\dapokalsel\sekolah\~\appdata\roaming\undetected_chromedriver\undetected_chromedriver.exe
2025-10-26 13:51:20,569 - ERROR - GAGAL total saat setup driver: Binary Location Must be a String
Traceback (most recent call last):
  File "C:\laragon\www\dapokalsel\sekolah\import_url_kabupaten.pyw", line 80, in setup_driver
    driver = uc.Chrome(
  File "C:\laragon\bin\python\python-3.10\lib\site-packages\undetected_chromedriver\__init__.py", line 372, in __init__
    options.binary_location = (
  File "C:\laragon\bin\python\python-3.10\lib\site-packages\selenium\webdriver\chromium\options.py", line 52, in binary_location
    raise TypeError(self.BINARY_LOCATION_ERROR)
TypeError: Binary Location Must be a String
2025-10-26 13:51:20,569 - ERROR - Error pada percobaan 39: Gagal total setup driver. Cek log di atas.
Traceback (most recent call last):
  File "C:\laragon\www\dapokalsel\sekolah\import_url_kabupaten.pyw", line 285, in process_url_induk
    raise Exception("Gagal total setup driver. Cek log di atas.")
Exception: Gagal total setup driver. Cek log di atas.
2025-10-26 13:51:20,570 - INFO - Percobaan ulang 40/300...
2025-10-26 13:51:35,575 - INFO - Memulai setup driver...
2025-10-26 13:51:35,575 - INFO - Menggunakan User Data Directory: C:\laragon\www\dapokalsel\chrome_profile
2025-10-26 13:51:35,575 - INFO - Menginisialisasi uc.Chrome()...
2025-10-26 13:51:39,313 - INFO - patching driver executable C:\laragon\www\dapokalsel\sekolah\~\appdata\roaming\undetected_chromedriver\undetected_chromedriver.exe
2025-10-26 13:51:39,379 - ERROR - GAGAL total saat setup driver: Binary Location Must be a String
Traceback (most recent call last):
  File "C:\laragon\www\dapokalsel\sekolah\import_url_kabupaten.pyw", line 80, in setup_driver
    driver = uc.Chrome(
  File "C:\laragon\bin\python\python-3.10\lib\site-packages\undetected_chromedriver\__init__.py", line 372, in __init__
    options.binary_location = (
  File "C:\laragon\bin\python\python-3.10\lib\site-packages\selenium\webdriver\chromium\options.py", line 52, in binary_location
    raise TypeError(self.BINARY_LOCATION_ERROR)
TypeError: Binary Location Must be a String
2025-10-26 13:51:39,379 - ERROR - Error pada percobaan 40: Gagal total setup driver. Cek log di atas.
Traceback (most recent call last):
  File "C:\laragon\www\dapokalsel\sekolah\import_url_kabupaten.pyw", line 285, in process_url_induk
    raise Exception("Gagal total setup driver. Cek log di atas.")
Exception: Gagal total setup driver. Cek log di atas.
2025-10-26 13:51:39,379 - INFO - Percobaan ulang 41/300...
2025-10-26 13:51:54,379 - INFO - Memulai setup driver...
2025-10-26 13:51:54,379 - INFO - Menggunakan User Data Directory: C:\laragon\www\dapokalsel\chrome_profile
2025-10-26 13:51:54,379 - INFO - Menginisialisasi uc.Chrome()...
2025-10-26 13:51:58,845 - INFO - patching driver executable C:\laragon\www\dapokalsel\sekolah\~\appdata\roaming\undetected_chromedriver\undetected_chromedriver.exe
2025-10-26 13:51:58,925 - ERROR - GAGAL total saat setup driver: Binary Location Must be a String
Traceback (most recent call last):
  File "C:\laragon\www\dapokalsel\sekolah\import_url_kabupaten.pyw", line 80, in setup_driver
    driver = uc.Chrome(
  File "C:\laragon\bin\python\python-3.10\lib\site-packages\undetected_chromedriver\__init__.py", line 372, in __init__
    options.binary_location = (
  File "C:\laragon\bin\python\python-3.10\lib\site-packages\selenium\webdriver\chromium\options.py", line 52, in binary_location
    raise TypeError(self.BINARY_LOCATION_ERROR)
TypeError: Binary Location Must be a String
2025-10-26 13:51:58,926 - ERROR - Error pada percobaan 41: Gagal total setup driver. Cek log di atas.
Traceback (most recent call last):
  File "C:\laragon\www\dapokalsel\sekolah\import_url_kabupaten.pyw", line 285, in process_url_induk
    raise Exception("Gagal total setup driver. Cek log di atas.")
Exception: Gagal total setup driver. Cek log di atas.
2025-10-26 13:51:58,927 - INFO - Percobaan ulang 42/300...
2025-10-26 13:52:13,927 - INFO - Memulai setup driver...
2025-10-26 13:52:13,929 - INFO - Menggunakan User Data Directory: C:\laragon\www\dapokalsel\chrome_profile
2025-10-26 13:52:13,929 - INFO - Menginisialisasi uc.Chrome()...
2025-10-26 13:52:17,977 - INFO - patching driver executable C:\laragon\www\dapokalsel\sekolah\~\appdata\roaming\undetected_chromedriver\undetected_chromedriver.exe
2025-10-26 13:52:18,062 - ERROR - GAGAL total saat setup driver: Binary Location Must be a String
Traceback (most recent call last):
  File "C:\laragon\www\dapokalsel\sekolah\import_url_kabupaten.pyw", line 80, in setup_driver
    driver = uc.Chrome(
  File "C:\laragon\bin\python\python-3.10\lib\site-packages\undetected_chromedriver\__init__.py", line 372, in __init__
    options.binary_location = (
  File "C:\laragon\bin\python\python-3.10\lib\site-packages\selenium\webdriver\chromium\options.py", line 52, in binary_location
    raise TypeError(self.BINARY_LOCATION_ERROR)
TypeError: Binary Location Must be a String
2025-10-26 13:52:18,063 - ERROR - Error pada percobaan 42: Gagal total setup driver. Cek log di atas.
Traceback (most recent call last):
  File "C:\laragon\www\dapokalsel\sekolah\import_url_kabupaten.pyw", line 285, in process_url_induk
    raise Exception("Gagal total setup driver. Cek log di atas.")
Exception: Gagal total setup driver. Cek log di atas.
2025-10-26 13:52:18,063 - INFO - Percobaan ulang 43/300...
2025-10-26 13:52:33,074 - INFO - Memulai setup driver...
2025-10-26 13:52:33,076 - INFO - Menggunakan User Data Directory: C:\laragon\www\dapokalsel\chrome_profile
2025-10-26 13:52:33,077 - INFO - Menginisialisasi uc.Chrome()...
2025-10-26 13:52:36,577 - INFO - patching driver executable C:\laragon\www\dapokalsel\sekolah\~\appdata\roaming\undetected_chromedriver\undetected_chromedriver.exe
2025-10-26 13:52:36,659 - ERROR - GAGAL total saat setup driver: Binary Location Must be a String
Traceback (most recent call last):
  File "C:\laragon\www\dapokalsel\sekolah\import_url_kabupaten.pyw", line 80, in setup_driver
    driver = uc.Chrome(
  File "C:\laragon\bin\python\python-3.10\lib\site-packages\undetected_chromedriver\__init__.py", line 372, in __init__
    options.binary_location = (
  File "C:\laragon\bin\python\python-3.10\lib\site-packages\selenium\webdriver\chromium\options.py", line 52, in binary_location
    raise TypeError(self.BINARY_LOCATION_ERROR)
TypeError: Binary Location Must be a String
2025-10-26 13:52:36,659 - ERROR - Error pada percobaan 43: Gagal total setup driver. Cek log di atas.
Traceback (most recent call last):
  File "C:\laragon\www\dapokalsel\sekolah\import_url_kabupaten.pyw", line 285, in process_url_induk
    raise Exception("Gagal total setup driver. Cek log di atas.")
Exception: Gagal total setup driver. Cek log di atas.
2025-10-26 13:52:36,659 - INFO - Percobaan ulang 44/300...
2025-10-26 13:52:51,659 - INFO - Memulai setup driver...
2025-10-26 13:52:51,659 - INFO - Menggunakan User Data Directory: C:\laragon\www\dapokalsel\chrome_profile
2025-10-26 13:52:51,659 - INFO - Menginisialisasi uc.Chrome()...
2025-10-26 13:52:55,808 - INFO - patching driver executable C:\laragon\www\dapokalsel\sekolah\~\appdata\roaming\undetected_chromedriver\undetected_chromedriver.exe
2025-10-26 13:52:55,891 - ERROR - GAGAL total saat setup driver: Binary Location Must be a String
Traceback (most recent call last):
  File "C:\laragon\www\dapokalsel\sekolah\import_url_kabupaten.pyw", line 80, in setup_driver
    driver = uc.Chrome(
  File "C:\laragon\bin\python\python-3.10\lib\site-packages\undetected_chromedriver\__init__.py", line 372, in __init__
    options.binary_location = (
  File "C:\laragon\bin\python\python-3.10\lib\site-packages\selenium\webdriver\chromium\options.py", line 52, in binary_location
    raise TypeError(self.BINARY_LOCATION_ERROR)
TypeError: Binary Location Must be a String
2025-10-26 13:52:55,891 - ERROR - Error pada percobaan 44: Gagal total setup driver. Cek log di atas.
Traceback (most recent call last):
  File "C:\laragon\www\dapokalsel\sekolah\import_url_kabupaten.pyw", line 285, in process_url_induk
    raise Exception("Gagal total setup driver. Cek log di atas.")
Exception: Gagal total setup driver. Cek log di atas.
2025-10-26 13:52:55,891 - INFO - Percobaan ulang 45/300...
2025-10-26 13:53:10,891 - INFO - Memulai setup driver...
2025-10-26 13:53:10,910 - INFO - Menggunakan User Data Directory: C:\laragon\www\dapokalsel\chrome_profile
2025-10-26 13:53:10,910 - INFO - Menginisialisasi uc.Chrome()...
2025-10-26 13:53:14,207 - INFO - patching driver executable C:\laragon\www\dapokalsel\sekolah\~\appdata\roaming\undetected_chromedriver\undetected_chromedriver.exe
2025-10-26 13:53:14,292 - ERROR - GAGAL total saat setup driver: Binary Location Must be a String
Traceback (most recent call last):
  File "C:\laragon\www\dapokalsel\sekolah\import_url_kabupaten.pyw", line 80, in setup_driver
    driver = uc.Chrome(
  File "C:\laragon\bin\python\python-3.10\lib\site-packages\undetected_chromedriver\__init__.py", line 372, in __init__
    options.binary_location = (
  File "C:\laragon\bin\python\python-3.10\lib\site-packages\selenium\webdriver\chromium\options.py", line 52, in binary_location
    raise TypeError(self.BINARY_LOCATION_ERROR)
TypeError: Binary Location Must be a String
2025-10-26 13:53:14,292 - ERROR - Error pada percobaan 45: Gagal total setup driver. Cek log di atas.
Traceback (most recent call last):
  File "C:\laragon\www\dapokalsel\sekolah\import_url_kabupaten.pyw", line 285, in process_url_induk
    raise Exception("Gagal total setup driver. Cek log di atas.")
Exception: Gagal total setup driver. Cek log di atas.
2025-10-26 13:53:14,293 - INFO - Percobaan ulang 46/300...
2025-10-26 13:53:29,305 - INFO - Memulai setup driver...
2025-10-26 13:53:29,306 - INFO - Menggunakan User Data Directory: C:\laragon\www\dapokalsel\chrome_profile
2025-10-26 13:53:29,308 - INFO - Menginisialisasi uc.Chrome()...
2025-10-26 13:53:32,533 - INFO - patching driver executable C:\laragon\www\dapokalsel\sekolah\~\appdata\roaming\undetected_chromedriver\undetected_chromedriver.exe
2025-10-26 13:53:32,608 - ERROR - GAGAL total saat setup driver: Binary Location Must be a String
Traceback (most recent call last):
  File "C:\laragon\www\dapokalsel\sekolah\import_url_kabupaten.pyw", line 80, in setup_driver
    driver = uc.Chrome(
  File "C:\laragon\bin\python\python-3.10\lib\site-packages\undetected_chromedriver\__init__.py", line 372, in __init__
    options.binary_location = (
  File "C:\laragon\bin\python\python-3.10\lib\site-packages\selenium\webdriver\chromium\options.py", line 52, in binary_location
    raise TypeError(self.BINARY_LOCATION_ERROR)
TypeError: Binary Location Must be a String
2025-10-26 13:53:32,608 - ERROR - Error pada percobaan 46: Gagal total setup driver. Cek log di atas.
Traceback (most recent call last):
  File "C:\laragon\www\dapokalsel\sekolah\import_url_kabupaten.pyw", line 285, in process_url_induk
    raise Exception("Gagal total setup driver. Cek log di atas.")
Exception: Gagal total setup driver. Cek log di atas.
2025-10-26 13:53:32,608 - INFO - Percobaan ulang 47/300...
2025-10-26 13:53:47,609 - INFO - Memulai setup driver...
2025-10-26 13:53:47,609 - INFO - Menggunakan User Data Directory: C:\laragon\www\dapokalsel\chrome_profile
2025-10-26 13:53:47,610 - INFO - Menginisialisasi uc.Chrome()...
2025-10-26 13:53:51,695 - INFO - patching driver executable C:\laragon\www\dapokalsel\sekolah\~\appdata\roaming\undetected_chromedriver\undetected_chromedriver.exe
2025-10-26 13:53:51,788 - ERROR - GAGAL total saat setup driver: Binary Location Must be a String
Traceback (most recent call last):
  File "C:\laragon\www\dapokalsel\sekolah\import_url_kabupaten.pyw", line 80, in setup_driver
    driver = uc.Chrome(
  File "C:\laragon\bin\python\python-3.10\lib\site-packages\undetected_chromedriver\__init__.py", line 372, in __init__
    options.binary_location = (
  File "C:\laragon\bin\python\python-3.10\lib\site-packages\selenium\webdriver\chromium\options.py", line 52, in binary_location
    raise TypeError(self.BINARY_LOCATION_ERROR)
TypeError: Binary Location Must be a String
2025-10-26 13:53:51,788 - ERROR - Error pada percobaan 47: Gagal total setup driver. Cek log di atas.
Traceback (most recent call last):
  File "C:\laragon\www\dapokalsel\sekolah\import_url_kabupaten.pyw", line 285, in process_url_induk
    raise Exception("Gagal total setup driver. Cek log di atas.")
Exception: Gagal total setup driver. Cek log di atas.
2025-10-26 13:53:51,788 - INFO - Percobaan ulang 48/300...
2025-10-26 13:54:06,789 - INFO - Memulai setup driver...
2025-10-26 13:54:06,791 - INFO - Menggunakan User Data Directory: C:\laragon\www\dapokalsel\chrome_profile
2025-10-26 13:54:06,792 - INFO - Menginisialisasi uc.Chrome()...
2025-10-26 13:54:10,837 - INFO - patching driver executable C:\laragon\www\dapokalsel\sekolah\~\appdata\roaming\undetected_chromedriver\undetected_chromedriver.exe
2025-10-26 13:54:10,920 - ERROR - GAGAL total saat setup driver: Binary Location Must be a String
Traceback (most recent call last):
  File "C:\laragon\www\dapokalsel\sekolah\import_url_kabupaten.pyw", line 80, in setup_driver
    driver = uc.Chrome(
  File "C:\laragon\bin\python\python-3.10\lib\site-packages\undetected_chromedriver\__init__.py", line 372, in __init__
    options.binary_location = (
  File "C:\laragon\bin\python\python-3.10\lib\site-packages\selenium\webdriver\chromium\options.py", line 52, in binary_location
    raise TypeError(self.BINARY_LOCATION_ERROR)
TypeError: Binary Location Must be a String
2025-10-26 13:54:10,920 - ERROR - Error pada percobaan 48: Gagal total setup driver. Cek log di atas.
Traceback (most recent call last):
  File "C:\laragon\www\dapokalsel\sekolah\import_url_kabupaten.pyw", line 285, in process_url_induk
    raise Exception("Gagal total setup driver. Cek log di atas.")
Exception: Gagal total setup driver. Cek log di atas.
2025-10-26 13:54:10,920 - INFO - Percobaan ulang 49/300...
2025-10-26 13:54:25,936 - INFO - Memulai setup driver...
2025-10-26 13:54:25,938 - INFO - Menggunakan User Data Directory: C:\laragon\www\dapokalsel\chrome_profile
2025-10-26 13:54:25,938 - INFO - Menginisialisasi uc.Chrome()...
2025-10-26 13:54:29,592 - INFO - patching driver executable C:\laragon\www\dapokalsel\sekolah\~\appdata\roaming\undetected_chromedriver\undetected_chromedriver.exe
2025-10-26 13:54:29,731 - ERROR - GAGAL total saat setup driver: Binary Location Must be a String
Traceback (most recent call last):
  File "C:\laragon\www\dapokalsel\sekolah\import_url_kabupaten.pyw", line 80, in setup_driver
    driver = uc.Chrome(
  File "C:\laragon\bin\python\python-3.10\lib\site-packages\undetected_chromedriver\__init__.py", line 372, in __init__
    options.binary_location = (
  File "C:\laragon\bin\python\python-3.10\lib\site-packages\selenium\webdriver\chromium\options.py", line 52, in binary_location
    raise TypeError(self.BINARY_LOCATION_ERROR)
TypeError: Binary Location Must be a String
2025-10-26 13:54:29,732 - ERROR - Error pada percobaan 49: Gagal total setup driver. Cek log di atas.
Traceback (most recent call last):
  File "C:\laragon\www\dapokalsel\sekolah\import_url_kabupaten.pyw", line 285, in process_url_induk
    raise Exception("Gagal total setup driver. Cek log di atas.")
Exception: Gagal total setup driver. Cek log di atas.
2025-10-26 13:54:29,733 - INFO - Percobaan ulang 50/300...
2025-10-26 13:54:44,736 - INFO - Memulai setup driver...
2025-10-26 13:54:44,738 - INFO - Menggunakan User Data Directory: C:\laragon\www\dapokalsel\chrome_profile
2025-10-26 13:54:44,738 - INFO - Menginisialisasi uc.Chrome()...
2025-10-26 13:54:48,452 - INFO - patching driver executable C:\laragon\www\dapokalsel\sekolah\~\appdata\roaming\undetected_chromedriver\undetected_chromedriver.exe
2025-10-26 13:54:48,538 - ERROR - GAGAL total saat setup driver: Binary Location Must be a String
Traceback (most recent call last):
  File "C:\laragon\www\dapokalsel\sekolah\import_url_kabupaten.pyw", line 80, in setup_driver
    driver = uc.Chrome(
  File "C:\laragon\bin\python\python-3.10\lib\site-packages\undetected_chromedriver\__init__.py", line 372, in __init__
    options.binary_location = (
  File "C:\laragon\bin\python\python-3.10\lib\site-packages\selenium\webdriver\chromium\options.py", line 52, in binary_location
    raise TypeError(self.BINARY_LOCATION_ERROR)
TypeError: Binary Location Must be a String
2025-10-26 13:54:48,538 - ERROR - Error pada percobaan 50: Gagal total setup driver. Cek log di atas.
Traceback (most recent call last):
  File "C:\laragon\www\dapokalsel\sekolah\import_url_kabupaten.pyw", line 285, in process_url_induk
    raise Exception("Gagal total setup driver. Cek log di atas.")
Exception: Gagal total setup driver. Cek log di atas.
2025-10-26 13:54:48,538 - INFO - Percobaan ulang 51/300...
2025-10-26 13:55:03,538 - INFO - Memulai setup driver...
2025-10-26 13:55:03,538 - INFO - Menggunakan User Data Directory: C:\laragon\www\dapokalsel\chrome_profile
2025-10-26 13:55:03,538 - INFO - Menginisialisasi uc.Chrome()...
2025-10-26 13:55:08,084 - INFO - patching driver executable C:\laragon\www\dapokalsel\sekolah\~\appdata\roaming\undetected_chromedriver\undetected_chromedriver.exe
2025-10-26 13:55:08,169 - ERROR - GAGAL total saat setup driver: Binary Location Must be a String
Traceback (most recent call last):
  File "C:\laragon\www\dapokalsel\sekolah\import_url_kabupaten.pyw", line 80, in setup_driver
    driver = uc.Chrome(
  File "C:\laragon\bin\python\python-3.10\lib\site-packages\undetected_chromedriver\__init__.py", line 372, in __init__
    options.binary_location = (
  File "C:\laragon\bin\python\python-3.10\lib\site-packages\selenium\webdriver\chromium\options.py", line 52, in binary_location
    raise TypeError(self.BINARY_LOCATION_ERROR)
TypeError: Binary Location Must be a String
2025-10-26 13:55:08,170 - ERROR - Error pada percobaan 51: Gagal total setup driver. Cek log di atas.
Traceback (most recent call last):
  File "C:\laragon\www\dapokalsel\sekolah\import_url_kabupaten.pyw", line 285, in process_url_induk
    raise Exception("Gagal total setup driver. Cek log di atas.")
Exception: Gagal total setup driver. Cek log di atas.
2025-10-26 13:55:08,170 - INFO - Percobaan ulang 52/300...
2025-10-26 13:55:23,171 - INFO - Memulai setup driver...
2025-10-26 13:55:23,172 - INFO - Menggunakan User Data Directory: C:\laragon\www\dapokalsel\chrome_profile
2025-10-26 13:55:23,173 - INFO - Menginisialisasi uc.Chrome()...
2025-10-26 13:55:27,267 - INFO - patching driver executable C:\laragon\www\dapokalsel\sekolah\~\appdata\roaming\undetected_chromedriver\undetected_chromedriver.exe
2025-10-26 13:55:27,333 - ERROR - GAGAL total saat setup driver: Binary Location Must be a String
Traceback (most recent call last):
  File "C:\laragon\www\dapokalsel\sekolah\import_url_kabupaten.pyw", line 80, in setup_driver
    driver = uc.Chrome(
  File "C:\laragon\bin\python\python-3.10\lib\site-packages\undetected_chromedriver\__init__.py", line 372, in __init__
    options.binary_location = (
  File "C:\laragon\bin\python\python-3.10\lib\site-packages\selenium\webdriver\chromium\options.py", line 52, in binary_location
    raise TypeError(self.BINARY_LOCATION_ERROR)
TypeError: Binary Location Must be a String
2025-10-26 13:55:27,333 - ERROR - Error pada percobaan 52: Gagal total setup driver. Cek log di atas.
Traceback (most recent call last):
  File "C:\laragon\www\dapokalsel\sekolah\import_url_kabupaten.pyw", line 285, in process_url_induk
    raise Exception("Gagal total setup driver. Cek log di atas.")
Exception: Gagal total setup driver. Cek log di atas.
2025-10-26 13:55:27,333 - INFO - Percobaan ulang 53/300...
2025-10-26 13:55:42,334 - INFO - Memulai setup driver...
2025-10-26 13:55:42,335 - INFO - Menggunakan User Data Directory: C:\laragon\www\dapokalsel\chrome_profile
2025-10-26 13:55:42,335 - INFO - Menginisialisasi uc.Chrome()...
2025-10-26 13:55:46,149 - INFO - patching driver executable C:\laragon\www\dapokalsel\sekolah\~\appdata\roaming\undetected_chromedriver\undetected_chromedriver.exe
2025-10-26 13:55:46,265 - ERROR - GAGAL total saat setup driver: Binary Location Must be a String
Traceback (most recent call last):
  File "C:\laragon\www\dapokalsel\sekolah\import_url_kabupaten.pyw", line 80, in setup_driver
    driver = uc.Chrome(
  File "C:\laragon\bin\python\python-3.10\lib\site-packages\undetected_chromedriver\__init__.py", line 372, in __init__
    options.binary_location = (
  File "C:\laragon\bin\python\python-3.10\lib\site-packages\selenium\webdriver\chromium\options.py", line 52, in binary_location
    raise TypeError(self.BINARY_LOCATION_ERROR)
TypeError: Binary Location Must be a String
2025-10-26 13:55:46,265 - ERROR - Error pada percobaan 53: Gagal total setup driver. Cek log di atas.
Traceback (most recent call last):
  File "C:\laragon\www\dapokalsel\sekolah\import_url_kabupaten.pyw", line 285, in process_url_induk
    raise Exception("Gagal total setup driver. Cek log di atas.")
Exception: Gagal total setup driver. Cek log di atas.
2025-10-26 13:55:46,265 - INFO - Percobaan ulang 54/300...
2025-10-26 13:56:01,281 - INFO - Memulai setup driver...
2025-10-26 13:56:01,282 - INFO - Menggunakan User Data Directory: C:\laragon\www\dapokalsel\chrome_profile
2025-10-26 13:56:01,282 - INFO - Menginisialisasi uc.Chrome()...
2025-10-26 13:56:04,731 - INFO - patching driver executable C:\laragon\www\dapokalsel\sekolah\~\appdata\roaming\undetected_chromedriver\undetected_chromedriver.exe
2025-10-26 13:56:04,831 - ERROR - GAGAL total saat setup driver: Binary Location Must be a String
Traceback (most recent call last):
  File "C:\laragon\www\dapokalsel\sekolah\import_url_kabupaten.pyw", line 80, in setup_driver
    driver = uc.Chrome(
  File "C:\laragon\bin\python\python-3.10\lib\site-packages\undetected_chromedriver\__init__.py", line 372, in __init__
    options.binary_location = (
  File "C:\laragon\bin\python\python-3.10\lib\site-packages\selenium\webdriver\chromium\options.py", line 52, in binary_location
    raise TypeError(self.BINARY_LOCATION_ERROR)
TypeError: Binary Location Must be a String
2025-10-26 13:56:04,831 - ERROR - Error pada percobaan 54: Gagal total setup driver. Cek log di atas.
Traceback (most recent call last):
  File "C:\laragon\www\dapokalsel\sekolah\import_url_kabupaten.pyw", line 285, in process_url_induk
    raise Exception("Gagal total setup driver. Cek log di atas.")
Exception: Gagal total setup driver. Cek log di atas.
2025-10-26 13:56:04,831 - INFO - Percobaan ulang 55/300...
2025-10-26 13:56:19,832 - INFO - Memulai setup driver...
2025-10-26 13:56:19,833 - INFO - Menggunakan User Data Directory: C:\laragon\www\dapokalsel\chrome_profile
2025-10-26 13:56:19,834 - INFO - Menginisialisasi uc.Chrome()...
2025-10-26 13:56:24,697 - INFO - patching driver executable C:\laragon\www\dapokalsel\sekolah\~\appdata\roaming\undetected_chromedriver\undetected_chromedriver.exe
2025-10-26 13:56:24,796 - ERROR - GAGAL total saat setup driver: Binary Location Must be a String
Traceback (most recent call last):
  File "C:\laragon\www\dapokalsel\sekolah\import_url_kabupaten.pyw", line 80, in setup_driver
    driver = uc.Chrome(
  File "C:\laragon\bin\python\python-3.10\lib\site-packages\undetected_chromedriver\__init__.py", line 372, in __init__
    options.binary_location = (
  File "C:\laragon\bin\python\python-3.10\lib\site-packages\selenium\webdriver\chromium\options.py", line 52, in binary_location
    raise TypeError(self.BINARY_LOCATION_ERROR)
TypeError: Binary Location Must be a String
2025-10-26 13:56:24,796 - ERROR - Error pada percobaan 55: Gagal total setup driver. Cek log di atas.
Traceback (most recent call last):
  File "C:\laragon\www\dapokalsel\sekolah\import_url_kabupaten.pyw", line 285, in process_url_induk
    raise Exception("Gagal total setup driver. Cek log di atas.")
Exception: Gagal total setup driver. Cek log di atas.
2025-10-26 13:56:24,796 - INFO - Percobaan ulang 56/300...
2025-10-26 13:56:39,796 - INFO - Memulai setup driver...
2025-10-26 13:56:39,798 - INFO - Menggunakan User Data Directory: C:\laragon\www\dapokalsel\chrome_profile
2025-10-26 13:56:39,800 - INFO - Menginisialisasi uc.Chrome()...
2025-10-26 13:56:43,925 - INFO - patching driver executable C:\laragon\www\dapokalsel\sekolah\~\appdata\roaming\undetected_chromedriver\undetected_chromedriver.exe
2025-10-26 13:56:43,996 - ERROR - GAGAL total saat setup driver: Binary Location Must be a String
Traceback (most recent call last):
  File "C:\laragon\www\dapokalsel\sekolah\import_url_kabupaten.pyw", line 80, in setup_driver
    driver = uc.Chrome(
  File "C:\laragon\bin\python\python-3.10\lib\site-packages\undetected_chromedriver\__init__.py", line 372, in __init__
    options.binary_location = (
  File "C:\laragon\bin\python\python-3.10\lib\site-packages\selenium\webdriver\chromium\options.py", line 52, in binary_location
    raise TypeError(self.BINARY_LOCATION_ERROR)
TypeError: Binary Location Must be a String
2025-10-26 13:56:43,996 - ERROR - Error pada percobaan 56: Gagal total setup driver. Cek log di atas.
Traceback (most recent call last):
  File "C:\laragon\www\dapokalsel\sekolah\import_url_kabupaten.pyw", line 285, in process_url_induk
    raise Exception("Gagal total setup driver. Cek log di atas.")
Exception: Gagal total setup driver. Cek log di atas.
2025-10-26 13:56:43,996 - INFO - Percobaan ulang 57/300...
2025-10-26 13:56:58,996 - INFO - Memulai setup driver...
2025-10-26 13:56:58,996 - INFO - Menggunakan User Data Directory: C:\laragon\www\dapokalsel\chrome_profile
2025-10-26 13:56:58,996 - INFO - Menginisialisasi uc.Chrome()...
2025-10-26 13:57:07,210 - INFO - patching driver executable C:\laragon\www\dapokalsel\sekolah\~\appdata\roaming\undetected_chromedriver\undetected_chromedriver.exe
2025-10-26 13:57:07,294 - ERROR - GAGAL total saat setup driver: Binary Location Must be a String
Traceback (most recent call last):
  File "C:\laragon\www\dapokalsel\sekolah\import_url_kabupaten.pyw", line 80, in setup_driver
    driver = uc.Chrome(
  File "C:\laragon\bin\python\python-3.10\lib\site-packages\undetected_chromedriver\__init__.py", line 372, in __init__
    options.binary_location = (
  File "C:\laragon\bin\python\python-3.10\lib\site-packages\selenium\webdriver\chromium\options.py", line 52, in binary_location
    raise TypeError(self.BINARY_LOCATION_ERROR)
TypeError: Binary Location Must be a String
2025-10-26 13:57:07,310 - ERROR - Error pada percobaan 57: Gagal total setup driver. Cek log di atas.
Traceback (most recent call last):
  File "C:\laragon\www\dapokalsel\sekolah\import_url_kabupaten.pyw", line 285, in process_url_induk
    raise Exception("Gagal total setup driver. Cek log di atas.")
Exception: Gagal total setup driver. Cek log di atas.
2025-10-26 13:57:07,311 - INFO - Percobaan ulang 58/300...
2025-10-26 13:57:22,311 - INFO - Memulai setup driver...
2025-10-26 13:57:22,313 - INFO - Menggunakan User Data Directory: C:\laragon\www\dapokalsel\chrome_profile
2025-10-26 13:57:22,313 - INFO - Menginisialisasi uc.Chrome()...
2025-10-26 13:57:25,752 - INFO - patching driver executable C:\laragon\www\dapokalsel\sekolah\~\appdata\roaming\undetected_chromedriver\undetected_chromedriver.exe
2025-10-26 13:57:25,843 - ERROR - GAGAL total saat setup driver: Binary Location Must be a String
Traceback (most recent call last):
  File "C:\laragon\www\dapokalsel\sekolah\import_url_kabupaten.pyw", line 80, in setup_driver
    driver = uc.Chrome(
  File "C:\laragon\bin\python\python-3.10\lib\site-packages\undetected_chromedriver\__init__.py", line 372, in __init__
    options.binary_location = (
  File "C:\laragon\bin\python\python-3.10\lib\site-packages\selenium\webdriver\chromium\options.py", line 52, in binary_location
    raise TypeError(self.BINARY_LOCATION_ERROR)
TypeError: Binary Location Must be a String
2025-10-26 13:57:25,843 - ERROR - Error pada percobaan 58: Gagal total setup driver. Cek log di atas.
Traceback (most recent call last):
  File "C:\laragon\www\dapokalsel\sekolah\import_url_kabupaten.pyw", line 285, in process_url_induk
    raise Exception("Gagal total setup driver. Cek log di atas.")
Exception: Gagal total setup driver. Cek log di atas.
2025-10-26 13:57:25,843 - INFO - Percobaan ulang 59/300...
2025-10-26 13:57:40,858 - INFO - Memulai setup driver...
2025-10-26 13:57:40,858 - INFO - Menggunakan User Data Directory: C:\laragon\www\dapokalsel\chrome_profile
2025-10-26 13:57:40,859 - INFO - Menginisialisasi uc.Chrome()...
2025-10-26 13:57:44,709 - INFO - patching driver executable C:\laragon\www\dapokalsel\sekolah\~\appdata\roaming\undetected_chromedriver\undetected_chromedriver.exe
2025-10-26 13:57:44,792 - ERROR - GAGAL total saat setup driver: Binary Location Must be a String
Traceback (most recent call last):
  File "C:\laragon\www\dapokalsel\sekolah\import_url_kabupaten.pyw", line 80, in setup_driver
    driver = uc.Chrome(
  File "C:\laragon\bin\python\python-3.10\lib\site-packages\undetected_chromedriver\__init__.py", line 372, in __init__
    options.binary_location = (
  File "C:\laragon\bin\python\python-3.10\lib\site-packages\selenium\webdriver\chromium\options.py", line 52, in binary_location
    raise TypeError(self.BINARY_LOCATION_ERROR)
TypeError: Binary Location Must be a String
2025-10-26 13:57:44,792 - ERROR - Error pada percobaan 59: Gagal total setup driver. Cek log di atas.
Traceback (most recent call last):
  File "C:\laragon\www\dapokalsel\sekolah\import_url_kabupaten.pyw", line 285, in process_url_induk
    raise Exception("Gagal total setup driver. Cek log di atas.")
Exception: Gagal total setup driver. Cek log di atas.
2025-10-26 13:57:44,792 - INFO - Percobaan ulang 60/300...
2025-10-26 13:57:59,793 - INFO - Memulai setup driver...
2025-10-26 13:57:59,794 - INFO - Menggunakan User Data Directory: C:\laragon\www\dapokalsel\chrome_profile
2025-10-26 13:57:59,794 - INFO - Menginisialisasi uc.Chrome()...
2025-10-26 13:58:02,791 - INFO - patching driver executable C:\laragon\www\dapokalsel\sekolah\~\appdata\roaming\undetected_chromedriver\undetected_chromedriver.exe
2025-10-26 13:58:02,882 - ERROR - GAGAL total saat setup driver: Binary Location Must be a String
Traceback (most recent call last):
  File "C:\laragon\www\dapokalsel\sekolah\import_url_kabupaten.pyw", line 80, in setup_driver
    driver = uc.Chrome(
  File "C:\laragon\bin\python\python-3.10\lib\site-packages\undetected_chromedriver\__init__.py", line 372, in __init__
    options.binary_location = (
  File "C:\laragon\bin\python\python-3.10\lib\site-packages\selenium\webdriver\chromium\options.py", line 52, in binary_location
    raise TypeError(self.BINARY_LOCATION_ERROR)
TypeError: Binary Location Must be a String
2025-10-26 13:58:02,882 - ERROR - Error pada percobaan 60: Gagal total setup driver. Cek log di atas.
Traceback (most recent call last):
  File "C:\laragon\www\dapokalsel\sekolah\import_url_kabupaten.pyw", line 285, in process_url_induk
    raise Exception("Gagal total setup driver. Cek log di atas.")
Exception: Gagal total setup driver. Cek log di atas.
2025-10-26 13:58:02,882 - INFO - Percobaan ulang 61/300...
2025-10-26 13:58:17,903 - INFO - Memulai setup driver...
2025-10-26 13:58:17,903 - INFO - Menggunakan User Data Directory: C:\laragon\www\dapokalsel\chrome_profile
2025-10-26 13:58:17,907 - INFO - Menginisialisasi uc.Chrome()...
2025-10-26 13:58:21,172 - INFO - patching driver executable C:\laragon\www\dapokalsel\sekolah\~\appdata\roaming\undetected_chromedriver\undetected_chromedriver.exe
2025-10-26 13:58:21,258 - ERROR - GAGAL total saat setup driver: Binary Location Must be a String
Traceback (most recent call last):
  File "C:\laragon\www\dapokalsel\sekolah\import_url_kabupaten.pyw", line 80, in setup_driver
    driver = uc.Chrome(
  File "C:\laragon\bin\python\python-3.10\lib\site-packages\undetected_chromedriver\__init__.py", line 372, in __init__
    options.binary_location = (
  File "C:\laragon\bin\python\python-3.10\lib\site-packages\selenium\webdriver\chromium\options.py", line 52, in binary_location
    raise TypeError(self.BINARY_LOCATION_ERROR)
TypeError: Binary Location Must be a String
2025-10-26 13:58:21,258 - ERROR - Error pada percobaan 61: Gagal total setup driver. Cek log di atas.
Traceback (most recent call last):
  File "C:\laragon\www\dapokalsel\sekolah\import_url_kabupaten.pyw", line 285, in process_url_induk
    raise Exception("Gagal total setup driver. Cek log di atas.")
Exception: Gagal total setup driver. Cek log di atas.
2025-10-26 13:58:21,258 - INFO - Percobaan ulang 62/300...
2025-10-26 13:58:36,273 - INFO - Memulai setup driver...
2025-10-26 13:58:36,275 - INFO - Menggunakan User Data Directory: C:\laragon\www\dapokalsel\chrome_profile
2025-10-26 13:58:36,275 - INFO - Menginisialisasi uc.Chrome()...
2025-10-26 13:58:42,623 - INFO - patching driver executable C:\laragon\www\dapokalsel\sekolah\~\appdata\roaming\undetected_chromedriver\undetected_chromedriver.exe
2025-10-26 13:58:42,705 - ERROR - GAGAL total saat setup driver: Binary Location Must be a String
Traceback (most recent call last):
  File "C:\laragon\www\dapokalsel\sekolah\import_url_kabupaten.pyw", line 80, in setup_driver
    driver = uc.Chrome(
  File "C:\laragon\bin\python\python-3.10\lib\site-packages\undetected_chromedriver\__init__.py", line 372, in __init__
    options.binary_location = (
  File "C:\laragon\bin\python\python-3.10\lib\site-packages\selenium\webdriver\chromium\options.py", line 52, in binary_location
    raise TypeError(self.BINARY_LOCATION_ERROR)
TypeError: Binary Location Must be a String
2025-10-26 13:58:42,705 - ERROR - Error pada percobaan 62: Gagal total setup driver. Cek log di atas.
Traceback (most recent call last):
  File "C:\laragon\www\dapokalsel\sekolah\import_url_kabupaten.pyw", line 285, in process_url_induk
    raise Exception("Gagal total setup driver. Cek log di atas.")
Exception: Gagal total setup driver. Cek log di atas.
2025-10-26 13:58:42,705 - INFO - Percobaan ulang 63/300...
2025-10-26 13:58:57,706 - INFO - Memulai setup driver...
2025-10-26 13:58:57,706 - INFO - Menggunakan User Data Directory: C:\laragon\www\dapokalsel\chrome_profile
2025-10-26 13:58:57,706 - INFO - Menginisialisasi uc.Chrome()...
2025-10-26 13:59:01,780 - INFO - patching driver executable C:\laragon\www\dapokalsel\sekolah\~\appdata\roaming\undetected_chromedriver\undetected_chromedriver.exe
2025-10-26 13:59:01,854 - ERROR - GAGAL total saat setup driver: Binary Location Must be a String
Traceback (most recent call last):
  File "C:\laragon\www\dapokalsel\sekolah\import_url_kabupaten.pyw", line 80, in setup_driver
    driver = uc.Chrome(
  File "C:\laragon\bin\python\python-3.10\lib\site-packages\undetected_chromedriver\__init__.py", line 372, in __init__
    options.binary_location = (
  File "C:\laragon\bin\python\python-3.10\lib\site-packages\selenium\webdriver\chromium\options.py", line 52, in binary_location
    raise TypeError(self.BINARY_LOCATION_ERROR)
TypeError: Binary Location Must be a String
2025-10-26 13:59:01,854 - ERROR - Error pada percobaan 63: Gagal total setup driver. Cek log di atas.
Traceback (most recent call last):
  File "C:\laragon\www\dapokalsel\sekolah\import_url_kabupaten.pyw", line 285, in process_url_induk
    raise Exception("Gagal total setup driver. Cek log di atas.")
Exception: Gagal total setup driver. Cek log di atas.
2025-10-26 13:59:01,854 - INFO - Percobaan ulang 64/300...
2025-10-26 13:59:16,855 - INFO - Memulai setup driver...
2025-10-26 13:59:16,855 - INFO - Menggunakan User Data Directory: C:\laragon\www\dapokalsel\chrome_profile
2025-10-26 13:59:16,855 - INFO - Menginisialisasi uc.Chrome()...
2025-10-26 13:59:20,237 - INFO - patching driver executable C:\laragon\www\dapokalsel\sekolah\~\appdata\roaming\undetected_chromedriver\undetected_chromedriver.exe
2025-10-26 13:59:20,320 - ERROR - GAGAL total saat setup driver: Binary Location Must be a String
Traceback (most recent call last):
  File "C:\laragon\www\dapokalsel\sekolah\import_url_kabupaten.pyw", line 80, in setup_driver
    driver = uc.Chrome(
  File "C:\laragon\bin\python\python-3.10\lib\site-packages\undetected_chromedriver\__init__.py", line 372, in __init__
    options.binary_location = (
  File "C:\laragon\bin\python\python-3.10\lib\site-packages\selenium\webdriver\chromium\options.py", line 52, in binary_location
    raise TypeError(self.BINARY_LOCATION_ERROR)
TypeError: Binary Location Must be a String
2025-10-26 13:59:20,320 - ERROR - Error pada percobaan 64: Gagal total setup driver. Cek log di atas.
Traceback (most recent call last):
  File "C:\laragon\www\dapokalsel\sekolah\import_url_kabupaten.pyw", line 285, in process_url_induk
    raise Exception("Gagal total setup driver. Cek log di atas.")
Exception: Gagal total setup driver. Cek log di atas.
2025-10-26 13:59:20,320 - INFO - Percobaan ulang 65/300...
2025-10-26 13:59:35,322 - INFO - Memulai setup driver...
2025-10-26 13:59:35,323 - INFO - Menggunakan User Data Directory: C:\laragon\www\dapokalsel\chrome_profile
2025-10-26 13:59:35,324 - INFO - Menginisialisasi uc.Chrome()...
2025-10-26 13:59:38,928 - INFO - patching driver executable C:\laragon\www\dapokalsel\sekolah\~\appdata\roaming\undetected_chromedriver\undetected_chromedriver.exe
2025-10-26 13:59:39,003 - ERROR - GAGAL total saat setup driver: Binary Location Must be a String
Traceback (most recent call last):
  File "C:\laragon\www\dapokalsel\sekolah\import_url_kabupaten.pyw", line 80, in setup_driver
    driver = uc.Chrome(
  File "C:\laragon\bin\python\python-3.10\lib\site-packages\undetected_chromedriver\__init__.py", line 372, in __init__
    options.binary_location = (
  File "C:\laragon\bin\python\python-3.10\lib\site-packages\selenium\webdriver\chromium\options.py", line 52, in binary_location
    raise TypeError(self.BINARY_LOCATION_ERROR)
TypeError: Binary Location Must be a String
2025-10-26 13:59:39,003 - ERROR - Error pada percobaan 65: Gagal total setup driver. Cek log di atas.
Traceback (most recent call last):
  File "C:\laragon\www\dapokalsel\sekolah\import_url_kabupaten.pyw", line 285, in process_url_induk
    raise Exception("Gagal total setup driver. Cek log di atas.")
Exception: Gagal total setup driver. Cek log di atas.
2025-10-26 13:59:39,019 - INFO - Percobaan ulang 66/300...
2025-10-26 13:59:54,020 - INFO - Memulai setup driver...
2025-10-26 13:59:54,022 - INFO - Menggunakan User Data Directory: C:\laragon\www\dapokalsel\chrome_profile
2025-10-26 13:59:54,023 - INFO - Menginisialisasi uc.Chrome()...
2025-10-26 13:59:57,679 - INFO - patching driver executable C:\laragon\www\dapokalsel\sekolah\~\appdata\roaming\undetected_chromedriver\undetected_chromedriver.exe
2025-10-26 13:59:57,775 - ERROR - GAGAL total saat setup driver: Binary Location Must be a String
Traceback (most recent call last):
  File "C:\laragon\www\dapokalsel\sekolah\import_url_kabupaten.pyw", line 80, in setup_driver
    driver = uc.Chrome(
  File "C:\laragon\bin\python\python-3.10\lib\site-packages\undetected_chromedriver\__init__.py", line 372, in __init__
    options.binary_location = (
  File "C:\laragon\bin\python\python-3.10\lib\site-packages\selenium\webdriver\chromium\options.py", line 52, in binary_location
    raise TypeError(self.BINARY_LOCATION_ERROR)
TypeError: Binary Location Must be a String
2025-10-26 13:59:57,776 - ERROR - Error pada percobaan 66: Gagal total setup driver. Cek log di atas.
Traceback (most recent call last):
  File "C:\laragon\www\dapokalsel\sekolah\import_url_kabupaten.pyw", line 285, in process_url_induk
    raise Exception("Gagal total setup driver. Cek log di atas.")
Exception: Gagal total setup driver. Cek log di atas.
2025-10-26 13:59:57,777 - INFO - Percobaan ulang 67/300...
2025-10-26 14:00:12,777 - INFO - Memulai setup driver...
2025-10-26 14:00:12,779 - INFO - Menggunakan User Data Directory: C:\laragon\www\dapokalsel\chrome_profile
2025-10-26 14:00:12,779 - INFO - Menginisialisasi uc.Chrome()...
2025-10-26 14:00:16,851 - INFO - patching driver executable C:\laragon\www\dapokalsel\sekolah\~\appdata\roaming\undetected_chromedriver\undetected_chromedriver.exe
2025-10-26 14:00:16,950 - ERROR - GAGAL total saat setup driver: Binary Location Must be a String
Traceback (most recent call last):
  File "C:\laragon\www\dapokalsel\sekolah\import_url_kabupaten.pyw", line 80, in setup_driver
    driver = uc.Chrome(
  File "C:\laragon\bin\python\python-3.10\lib\site-packages\undetected_chromedriver\__init__.py", line 372, in __init__
    options.binary_location = (
  File "C:\laragon\bin\python\python-3.10\lib\site-packages\selenium\webdriver\chromium\options.py", line 52, in binary_location
    raise TypeError(self.BINARY_LOCATION_ERROR)
TypeError: Binary Location Must be a String
2025-10-26 14:00:16,950 - ERROR - Error pada percobaan 67: Gagal total setup driver. Cek log di atas.
Traceback (most recent call last):
  File "C:\laragon\www\dapokalsel\sekolah\import_url_kabupaten.pyw", line 285, in process_url_induk
    raise Exception("Gagal total setup driver. Cek log di atas.")
Exception: Gagal total setup driver. Cek log di atas.
2025-10-26 14:00:16,950 - INFO - Percobaan ulang 68/300...
2025-10-26 14:00:31,953 - INFO - Memulai setup driver...
2025-10-26 14:00:31,954 - INFO - Menggunakan User Data Directory: C:\laragon\www\dapokalsel\chrome_profile
2025-10-26 14:00:31,954 - INFO - Menginisialisasi uc.Chrome()...
2025-10-26 14:00:35,850 - INFO - patching driver executable C:\laragon\www\dapokalsel\sekolah\~\appdata\roaming\undetected_chromedriver\undetected_chromedriver.exe
2025-10-26 14:00:35,933 - ERROR - GAGAL total saat setup driver: Binary Location Must be a String
Traceback (most recent call last):
  File "C:\laragon\www\dapokalsel\sekolah\import_url_kabupaten.pyw", line 80, in setup_driver
    driver = uc.Chrome(
  File "C:\laragon\bin\python\python-3.10\lib\site-packages\undetected_chromedriver\__init__.py", line 372, in __init__
    options.binary_location = (
  File "C:\laragon\bin\python\python-3.10\lib\site-packages\selenium\webdriver\chromium\options.py", line 52, in binary_location
    raise TypeError(self.BINARY_LOCATION_ERROR)
TypeError: Binary Location Must be a String
2025-10-26 14:00:35,933 - ERROR - Error pada percobaan 68: Gagal total setup driver. Cek log di atas.
Traceback (most recent call last):
  File "C:\laragon\www\dapokalsel\sekolah\import_url_kabupaten.pyw", line 285, in process_url_induk
    raise Exception("Gagal total setup driver. Cek log di atas.")
Exception: Gagal total setup driver. Cek log di atas.
2025-10-26 14:00:35,933 - INFO - Percobaan ulang 69/300...
2025-10-26 14:00:50,934 - INFO - Memulai setup driver...
2025-10-26 14:00:50,936 - INFO - Menggunakan User Data Directory: C:\laragon\www\dapokalsel\chrome_profile
2025-10-26 14:00:50,936 - INFO - Menginisialisasi uc.Chrome()...
2025-10-26 14:00:54,602 - INFO - patching driver executable C:\laragon\www\dapokalsel\sekolah\~\appdata\roaming\undetected_chromedriver\undetected_chromedriver.exe
2025-10-26 14:00:54,681 - ERROR - GAGAL total saat setup driver: Binary Location Must be a String
Traceback (most recent call last):
  File "C:\laragon\www\dapokalsel\sekolah\import_url_kabupaten.pyw", line 80, in setup_driver
    driver = uc.Chrome(
  File "C:\laragon\bin\python\python-3.10\lib\site-packages\undetected_chromedriver\__init__.py", line 372, in __init__
    options.binary_location = (
  File "C:\laragon\bin\python\python-3.10\lib\site-packages\selenium\webdriver\chromium\options.py", line 52, in binary_location
    raise TypeError(self.BINARY_LOCATION_ERROR)
TypeError: Binary Location Must be a String
2025-10-26 14:00:54,682 - ERROR - Error pada percobaan 69: Gagal total setup driver. Cek log di atas.
Traceback (most recent call last):
  File "C:\laragon\www\dapokalsel\sekolah\import_url_kabupaten.pyw", line 285, in process_url_induk
    raise Exception("Gagal total setup driver. Cek log di atas.")
Exception: Gagal total setup driver. Cek log di atas.
2025-10-26 14:00:54,683 - INFO - Percobaan ulang 70/300...
2025-10-26 14:01:09,689 - INFO - Memulai setup driver...
2025-10-26 14:01:09,689 - INFO - Menggunakan User Data Directory: C:\laragon\www\dapokalsel\chrome_profile
2025-10-26 14:01:09,689 - INFO - Menginisialisasi uc.Chrome()...
2025-10-26 14:01:13,414 - INFO - patching driver executable C:\laragon\www\dapokalsel\sekolah\~\appdata\roaming\undetected_chromedriver\undetected_chromedriver.exe
2025-10-26 14:01:13,519 - ERROR - GAGAL total saat setup driver: Binary Location Must be a String
Traceback (most recent call last):
  File "C:\laragon\www\dapokalsel\sekolah\import_url_kabupaten.pyw", line 80, in setup_driver
    driver = uc.Chrome(
  File "C:\laragon\bin\python\python-3.10\lib\site-packages\undetected_chromedriver\__init__.py", line 372, in __init__
    options.binary_location = (
  File "C:\laragon\bin\python\python-3.10\lib\site-packages\selenium\webdriver\chromium\options.py", line 52, in binary_location
    raise TypeError(self.BINARY_LOCATION_ERROR)
TypeError: Binary Location Must be a String
2025-10-26 14:01:13,520 - ERROR - Error pada percobaan 70: Gagal total setup driver. Cek log di atas.
Traceback (most recent call last):
  File "C:\laragon\www\dapokalsel\sekolah\import_url_kabupaten.pyw", line 285, in process_url_induk
    raise Exception("Gagal total setup driver. Cek log di atas.")
Exception: Gagal total setup driver. Cek log di atas.
2025-10-26 14:01:13,520 - INFO - Percobaan ulang 71/300...
2025-10-26 14:01:28,530 - INFO - Memulai setup driver...
2025-10-26 14:01:28,532 - INFO - Menggunakan User Data Directory: C:\laragon\www\dapokalsel\chrome_profile
2025-10-26 14:01:28,532 - INFO - Menginisialisasi uc.Chrome()...
2025-10-26 14:01:32,027 - INFO - patching driver executable C:\laragon\www\dapokalsel\sekolah\~\appdata\roaming\undetected_chromedriver\undetected_chromedriver.exe
2025-10-26 14:01:32,122 - ERROR - GAGAL total saat setup driver: Binary Location Must be a String
Traceback (most recent call last):
  File "C:\laragon\www\dapokalsel\sekolah\import_url_kabupaten.pyw", line 80, in setup_driver
    driver = uc.Chrome(
  File "C:\laragon\bin\python\python-3.10\lib\site-packages\undetected_chromedriver\__init__.py", line 372, in __init__
    options.binary_location = (
  File "C:\laragon\bin\python\python-3.10\lib\site-packages\selenium\webdriver\chromium\options.py", line 52, in binary_location
    raise TypeError(self.BINARY_LOCATION_ERROR)
TypeError: Binary Location Must be a String
2025-10-26 14:01:32,125 - ERROR - Error pada percobaan 71: Gagal total setup driver. Cek log di atas.
Traceback (most recent call last):
  File "C:\laragon\www\dapokalsel\sekolah\import_url_kabupaten.pyw", line 285, in process_url_induk
    raise Exception("Gagal total setup driver. Cek log di atas.")
Exception: Gagal total setup driver. Cek log di atas.
2025-10-26 14:01:32,126 - INFO - Percobaan ulang 72/300...
2025-10-26 14:01:47,127 - INFO - Memulai setup driver...
2025-10-26 14:01:47,128 - INFO - Menggunakan User Data Directory: C:\laragon\www\dapokalsel\chrome_profile
2025-10-26 14:01:47,129 - INFO - Menginisialisasi uc.Chrome()...
2025-10-26 14:01:50,845 - INFO - patching driver executable C:\laragon\www\dapokalsel\sekolah\~\appdata\roaming\undetected_chromedriver\undetected_chromedriver.exe
2025-10-26 14:01:50,929 - ERROR - GAGAL total saat setup driver: Binary Location Must be a String
Traceback (most recent call last):
  File "C:\laragon\www\dapokalsel\sekolah\import_url_kabupaten.pyw", line 80, in setup_driver
    driver = uc.Chrome(
  File "C:\laragon\bin\python\python-3.10\lib\site-packages\undetected_chromedriver\__init__.py", line 372, in __init__
    options.binary_location = (
  File "C:\laragon\bin\python\python-3.10\lib\site-packages\selenium\webdriver\chromium\options.py", line 52, in binary_location
    raise TypeError(self.BINARY_LOCATION_ERROR)
TypeError: Binary Location Must be a String
2025-10-26 14:01:50,929 - ERROR - Error pada percobaan 72: Gagal total setup driver. Cek log di atas.
Traceback (most recent call last):
  File "C:\laragon\www\dapokalsel\sekolah\import_url_kabupaten.pyw", line 285, in process_url_induk
    raise Exception("Gagal total setup driver. Cek log di atas.")
Exception: Gagal total setup driver. Cek log di atas.
2025-10-26 14:01:50,929 - INFO - Percobaan ulang 73/300...
2025-10-26 14:02:05,940 - INFO - Memulai setup driver...
2025-10-26 14:02:05,940 - INFO - Menggunakan User Data Directory: C:\laragon\www\dapokalsel\chrome_profile
2025-10-26 14:02:05,940 - INFO - Menginisialisasi uc.Chrome()...
2025-10-26 14:02:09,604 - INFO - patching driver executable C:\laragon\www\dapokalsel\sekolah\~\appdata\roaming\undetected_chromedriver\undetected_chromedriver.exe
2025-10-26 14:02:09,711 - ERROR - GAGAL total saat setup driver: Binary Location Must be a String
Traceback (most recent call last):
  File "C:\laragon\www\dapokalsel\sekolah\import_url_kabupaten.pyw", line 80, in setup_driver
    driver = uc.Chrome(
  File "C:\laragon\bin\python\python-3.10\lib\site-packages\undetected_chromedriver\__init__.py", line 372, in __init__
    options.binary_location = (
  File "C:\laragon\bin\python\python-3.10\lib\site-packages\selenium\webdriver\chromium\options.py", line 52, in binary_location
    raise TypeError(self.BINARY_LOCATION_ERROR)
TypeError: Binary Location Must be a String
2025-10-26 14:02:09,711 - ERROR - Error pada percobaan 73: Gagal total setup driver. Cek log di atas.
Traceback (most recent call last):
  File "C:\laragon\www\dapokalsel\sekolah\import_url_kabupaten.pyw", line 285, in process_url_induk
    raise Exception("Gagal total setup driver. Cek log di atas.")
Exception: Gagal total setup driver. Cek log di atas.
2025-10-26 14:02:09,711 - INFO - Percobaan ulang 74/300...
2025-10-26 14:02:24,712 - INFO - Memulai setup driver...
2025-10-26 14:02:24,712 - INFO - Menggunakan User Data Directory: C:\laragon\www\dapokalsel\chrome_profile
2025-10-26 14:02:24,712 - INFO - Menginisialisasi uc.Chrome()...
2025-10-26 14:02:28,104 - INFO - patching driver executable C:\laragon\www\dapokalsel\sekolah\~\appdata\roaming\undetected_chromedriver\undetected_chromedriver.exe
2025-10-26 14:02:28,214 - ERROR - GAGAL total saat setup driver: Binary Location Must be a String
Traceback (most recent call last):
  File "C:\laragon\www\dapokalsel\sekolah\import_url_kabupaten.pyw", line 80, in setup_driver
    driver = uc.Chrome(
  File "C:\laragon\bin\python\python-3.10\lib\site-packages\undetected_chromedriver\__init__.py", line 372, in __init__
    options.binary_location = (
  File "C:\laragon\bin\python\python-3.10\lib\site-packages\selenium\webdriver\chromium\options.py", line 52, in binary_location
    raise TypeError(self.BINARY_LOCATION_ERROR)
TypeError: Binary Location Must be a String
2025-10-26 14:02:28,214 - ERROR - Error pada percobaan 74: Gagal total setup driver. Cek log di atas.
Traceback (most recent call last):
  File "C:\laragon\www\dapokalsel\sekolah\import_url_kabupaten.pyw", line 285, in process_url_induk
    raise Exception("Gagal total setup driver. Cek log di atas.")
Exception: Gagal total setup driver. Cek log di atas.
2025-10-26 14:02:28,214 - INFO - Percobaan ulang 75/300...
2025-10-26 14:02:43,226 - INFO - Memulai setup driver...
2025-10-26 14:02:43,226 - INFO - Menggunakan User Data Directory: C:\laragon\www\dapokalsel\chrome_profile
2025-10-26 14:02:43,226 - INFO - Menginisialisasi uc.Chrome()...
2025-10-26 14:02:46,157 - INFO - patching driver executable C:\laragon\www\dapokalsel\sekolah\~\appdata\roaming\undetected_chromedriver\undetected_chromedriver.exe
2025-10-26 14:02:46,258 - ERROR - GAGAL total saat setup driver: Binary Location Must be a String
Traceback (most recent call last):
  File "C:\laragon\www\dapokalsel\sekolah\import_url_kabupaten.pyw", line 80, in setup_driver
    driver = uc.Chrome(
  File "C:\laragon\bin\python\python-3.10\lib\site-packages\undetected_chromedriver\__init__.py", line 372, in __init__
    options.binary_location = (
  File "C:\laragon\bin\python\python-3.10\lib\site-packages\selenium\webdriver\chromium\options.py", line 52, in binary_location
    raise TypeError(self.BINARY_LOCATION_ERROR)
TypeError: Binary Location Must be a String
2025-10-26 14:02:46,258 - ERROR - Error pada percobaan 75: Gagal total setup driver. Cek log di atas.
Traceback (most recent call last):
  File "C:\laragon\www\dapokalsel\sekolah\import_url_kabupaten.pyw", line 285, in process_url_induk
    raise Exception("Gagal total setup driver. Cek log di atas.")
Exception: Gagal total setup driver. Cek log di atas.
2025-10-26 14:02:46,258 - INFO - Percobaan ulang 76/300...
2025-10-26 14:03:01,259 - INFO - Memulai setup driver...
2025-10-26 14:03:01,259 - INFO - Menggunakan User Data Directory: C:\laragon\www\dapokalsel\chrome_profile
2025-10-26 14:03:01,259 - INFO - Menginisialisasi uc.Chrome()...
2025-10-26 14:03:04,319 - INFO - patching driver executable C:\laragon\www\dapokalsel\sekolah\~\appdata\roaming\undetected_chromedriver\undetected_chromedriver.exe
2025-10-26 14:03:04,398 - ERROR - GAGAL total saat setup driver: Binary Location Must be a String
Traceback (most recent call last):
  File "C:\laragon\www\dapokalsel\sekolah\import_url_kabupaten.pyw", line 80, in setup_driver
    driver = uc.Chrome(
  File "C:\laragon\bin\python\python-3.10\lib\site-packages\undetected_chromedriver\__init__.py", line 372, in __init__
    options.binary_location = (
  File "C:\laragon\bin\python\python-3.10\lib\site-packages\selenium\webdriver\chromium\options.py", line 52, in binary_location
    raise TypeError(self.BINARY_LOCATION_ERROR)
TypeError: Binary Location Must be a String
2025-10-26 14:03:04,398 - ERROR - Error pada percobaan 76: Gagal total setup driver. Cek log di atas.
Traceback (most recent call last):
  File "C:\laragon\www\dapokalsel\sekolah\import_url_kabupaten.pyw", line 285, in process_url_induk
    raise Exception("Gagal total setup driver. Cek log di atas.")
Exception: Gagal total setup driver. Cek log di atas.
2025-10-26 14:03:04,398 - INFO - Percobaan ulang 77/300...
2025-10-26 14:03:19,398 - INFO - Memulai setup driver...
2025-10-26 14:03:19,399 - INFO - Menggunakan User Data Directory: C:\laragon\www\dapokalsel\chrome_profile
2025-10-26 14:03:19,399 - INFO - Menginisialisasi uc.Chrome()...
2025-10-26 14:03:22,381 - INFO - patching driver executable C:\laragon\www\dapokalsel\sekolah\~\appdata\roaming\undetected_chromedriver\undetected_chromedriver.exe
2025-10-26 14:03:22,461 - ERROR - GAGAL total saat setup driver: Binary Location Must be a String
Traceback (most recent call last):
  File "C:\laragon\www\dapokalsel\sekolah\import_url_kabupaten.pyw", line 80, in setup_driver
    driver = uc.Chrome(
  File "C:\laragon\bin\python\python-3.10\lib\site-packages\undetected_chromedriver\__init__.py", line 372, in __init__
    options.binary_location = (
  File "C:\laragon\bin\python\python-3.10\lib\site-packages\selenium\webdriver\chromium\options.py", line 52, in binary_location
    raise TypeError(self.BINARY_LOCATION_ERROR)
TypeError: Binary Location Must be a String
2025-10-26 14:03:22,462 - ERROR - Error pada percobaan 77: Gagal total setup driver. Cek log di atas.
Traceback (most recent call last):
  File "C:\laragon\www\dapokalsel\sekolah\import_url_kabupaten.pyw", line 285, in process_url_induk
    raise Exception("Gagal total setup driver. Cek log di atas.")
Exception: Gagal total setup driver. Cek log di atas.
2025-10-26 14:03:22,462 - INFO - Percobaan ulang 78/300...
2025-10-26 14:03:37,462 - INFO - Memulai setup driver...
2025-10-26 14:03:37,462 - INFO - Menggunakan User Data Directory: C:\laragon\www\dapokalsel\chrome_profile
2025-10-26 14:03:37,462 - INFO - Menginisialisasi uc.Chrome()...
2025-10-26 14:03:40,262 - INFO - patching driver executable C:\laragon\www\dapokalsel\sekolah\~\appdata\roaming\undetected_chromedriver\undetected_chromedriver.exe
2025-10-26 14:03:40,319 - ERROR - GAGAL total saat setup driver: Binary Location Must be a String
Traceback (most recent call last):
  File "C:\laragon\www\dapokalsel\sekolah\import_url_kabupaten.pyw", line 80, in setup_driver
    driver = uc.Chrome(
  File "C:\laragon\bin\python\python-3.10\lib\site-packages\undetected_chromedriver\__init__.py", line 372, in __init__
    options.binary_location = (
  File "C:\laragon\bin\python\python-3.10\lib\site-packages\selenium\webdriver\chromium\options.py", line 52, in binary_location
    raise TypeError(self.BINARY_LOCATION_ERROR)
TypeError: Binary Location Must be a String
2025-10-26 14:03:40,319 - ERROR - Error pada percobaan 78: Gagal total setup driver. Cek log di atas.
Traceback (most recent call last):
  File "C:\laragon\www\dapokalsel\sekolah\import_url_kabupaten.pyw", line 285, in process_url_induk
    raise Exception("Gagal total setup driver. Cek log di atas.")
Exception: Gagal total setup driver. Cek log di atas.
2025-10-26 14:03:40,319 - INFO - Percobaan ulang 79/300...
2025-10-26 14:03:55,332 - INFO - Memulai setup driver...
2025-10-26 14:03:55,332 - INFO - Menggunakan User Data Directory: C:\laragon\www\dapokalsel\chrome_profile
2025-10-26 14:03:55,332 - INFO - Menginisialisasi uc.Chrome()...
2025-10-26 14:03:58,788 - INFO - patching driver executable C:\laragon\www\dapokalsel\sekolah\~\appdata\roaming\undetected_chromedriver\undetected_chromedriver.exe
2025-10-26 14:03:58,866 - ERROR - GAGAL total saat setup driver: Binary Location Must be a String
Traceback (most recent call last):
  File "C:\laragon\www\dapokalsel\sekolah\import_url_kabupaten.pyw", line 80, in setup_driver
    driver = uc.Chrome(
  File "C:\laragon\bin\python\python-3.10\lib\site-packages\undetected_chromedriver\__init__.py", line 372, in __init__
    options.binary_location = (
  File "C:\laragon\bin\python\python-3.10\lib\site-packages\selenium\webdriver\chromium\options.py", line 52, in binary_location
    raise TypeError(self.BINARY_LOCATION_ERROR)
TypeError: Binary Location Must be a String
2025-10-26 14:03:58,866 - ERROR - Error pada percobaan 79: Gagal total setup driver. Cek log di atas.
Traceback (most recent call last):
  File "C:\laragon\www\dapokalsel\sekolah\import_url_kabupaten.pyw", line 285, in process_url_induk
    raise Exception("Gagal total setup driver. Cek log di atas.")
Exception: Gagal total setup driver. Cek log di atas.
2025-10-26 14:03:58,866 - INFO - Percobaan ulang 80/300...
2025-10-26 14:04:13,869 - INFO - Memulai setup driver...
2025-10-26 14:04:13,870 - INFO - Menggunakan User Data Directory: C:\laragon\www\dapokalsel\chrome_profile
2025-10-26 14:04:13,870 - INFO - Menginisialisasi uc.Chrome()...
2025-10-26 14:04:17,136 - INFO - patching driver executable C:\laragon\www\dapokalsel\sekolah\~\appdata\roaming\undetected_chromedriver\undetected_chromedriver.exe
2025-10-26 14:04:17,240 - ERROR - GAGAL total saat setup driver: Binary Location Must be a String
Traceback (most recent call last):
  File "C:\laragon\www\dapokalsel\sekolah\import_url_kabupaten.pyw", line 80, in setup_driver
    driver = uc.Chrome(
  File "C:\laragon\bin\python\python-3.10\lib\site-packages\undetected_chromedriver\__init__.py", line 372, in __init__
    options.binary_location = (
  File "C:\laragon\bin\python\python-3.10\lib\site-packages\selenium\webdriver\chromium\options.py", line 52, in binary_location
    raise TypeError(self.BINARY_LOCATION_ERROR)
TypeError: Binary Location Must be a String
2025-10-26 14:04:17,241 - ERROR - Error pada percobaan 80: Gagal total setup driver. Cek log di atas.
Traceback (most recent call last):
  File "C:\laragon\www\dapokalsel\sekolah\import_url_kabupaten.pyw", line 285, in process_url_induk
    raise Exception("Gagal total setup driver. Cek log di atas.")
Exception: Gagal total setup driver. Cek log di atas.
2025-10-26 14:04:17,241 - INFO - Percobaan ulang 81/300...
2025-10-26 14:04:32,250 - INFO - Memulai setup driver...
2025-10-26 14:04:32,250 - INFO - Menggunakan User Data Directory: C:\laragon\www\dapokalsel\chrome_profile
2025-10-26 14:04:32,250 - INFO - Menginisialisasi uc.Chrome()...
2025-10-26 14:04:36,719 - INFO - patching driver executable C:\laragon\www\dapokalsel\sekolah\~\appdata\roaming\undetected_chromedriver\undetected_chromedriver.exe
2025-10-26 14:04:36,837 - ERROR - GAGAL total saat setup driver: Binary Location Must be a String
Traceback (most recent call last):
  File "C:\laragon\www\dapokalsel\sekolah\import_url_kabupaten.pyw", line 80, in setup_driver
    driver = uc.Chrome(
  File "C:\laragon\bin\python\python-3.10\lib\site-packages\undetected_chromedriver\__init__.py", line 372, in __init__
    options.binary_location = (
  File "C:\laragon\bin\python\python-3.10\lib\site-packages\selenium\webdriver\chromium\options.py", line 52, in binary_location
    raise TypeError(self.BINARY_LOCATION_ERROR)
TypeError: Binary Location Must be a String
2025-10-26 14:04:36,837 - ERROR - Error pada percobaan 81: Gagal total setup driver. Cek log di atas.
Traceback (most recent call last):
  File "C:\laragon\www\dapokalsel\sekolah\import_url_kabupaten.pyw", line 285, in process_url_induk
    raise Exception("Gagal total setup driver. Cek log di atas.")
Exception: Gagal total setup driver. Cek log di atas.
2025-10-26 14:04:36,837 - INFO - Percobaan ulang 82/300...
2025-10-26 14:04:51,843 - INFO - Memulai setup driver...
2025-10-26 14:04:51,843 - INFO - Menggunakan User Data Directory: C:\laragon\www\dapokalsel\chrome_profile
2025-10-26 14:04:51,843 - INFO - Menginisialisasi uc.Chrome()...
2025-10-26 14:04:55,218 - INFO - patching driver executable C:\laragon\www\dapokalsel\sekolah\~\appdata\roaming\undetected_chromedriver\undetected_chromedriver.exe
2025-10-26 14:04:55,304 - ERROR - GAGAL total saat setup driver: Binary Location Must be a String
Traceback (most recent call last):
  File "C:\laragon\www\dapokalsel\sekolah\import_url_kabupaten.pyw", line 80, in setup_driver
    driver = uc.Chrome(
  File "C:\laragon\bin\python\python-3.10\lib\site-packages\undetected_chromedriver\__init__.py", line 372, in __init__
    options.binary_location = (
  File "C:\laragon\bin\python\python-3.10\lib\site-packages\selenium\webdriver\chromium\options.py", line 52, in binary_location
    raise TypeError(self.BINARY_LOCATION_ERROR)
TypeError: Binary Location Must be a String
2025-10-26 14:04:55,304 - ERROR - Error pada percobaan 82: Gagal total setup driver. Cek log di atas.
Traceback (most recent call last):
  File "C:\laragon\www\dapokalsel\sekolah\import_url_kabupaten.pyw", line 285, in process_url_induk
    raise Exception("Gagal total setup driver. Cek log di atas.")
Exception: Gagal total setup driver. Cek log di atas.
2025-10-26 14:04:55,304 - INFO - Percobaan ulang 83/300...
2025-10-26 14:05:10,316 - INFO - Memulai setup driver...
2025-10-26 14:05:10,317 - INFO - Menggunakan User Data Directory: C:\laragon\www\dapokalsel\chrome_profile
2025-10-26 14:05:10,317 - INFO - Menginisialisasi uc.Chrome()...
2025-10-26 14:05:13,953 - INFO - patching driver executable C:\laragon\www\dapokalsel\sekolah\~\appdata\roaming\undetected_chromedriver\undetected_chromedriver.exe
2025-10-26 14:05:14,042 - ERROR - GAGAL total saat setup driver: Binary Location Must be a String
Traceback (most recent call last):
  File "C:\laragon\www\dapokalsel\sekolah\import_url_kabupaten.pyw", line 80, in setup_driver
    driver = uc.Chrome(
  File "C:\laragon\bin\python\python-3.10\lib\site-packages\undetected_chromedriver\__init__.py", line 372, in __init__
    options.binary_location = (
  File "C:\laragon\bin\python\python-3.10\lib\site-packages\selenium\webdriver\chromium\options.py", line 52, in binary_location
    raise TypeError(self.BINARY_LOCATION_ERROR)
TypeError: Binary Location Must be a String
2025-10-26 14:05:14,043 - ERROR - Error pada percobaan 83: Gagal total setup driver. Cek log di atas.
Traceback (most recent call last):
  File "C:\laragon\www\dapokalsel\sekolah\import_url_kabupaten.pyw", line 285, in process_url_induk
    raise Exception("Gagal total setup driver. Cek log di atas.")
Exception: Gagal total setup driver. Cek log di atas.
2025-10-26 14:05:14,044 - INFO - Percobaan ulang 84/300...
2025-10-26 14:05:29,044 - INFO - Memulai setup driver...
2025-10-26 14:05:29,044 - INFO - Menggunakan User Data Directory: C:\laragon\www\dapokalsel\chrome_profile
2025-10-26 14:05:29,044 - INFO - Menginisialisasi uc.Chrome()...
2025-10-26 14:05:37,311 - INFO - patching driver executable C:\laragon\www\dapokalsel\sekolah\~\appdata\roaming\undetected_chromedriver\undetected_chromedriver.exe
2025-10-26 14:05:37,395 - ERROR - GAGAL total saat setup driver: Binary Location Must be a String
Traceback (most recent call last):
  File "C:\laragon\www\dapokalsel\sekolah\import_url_kabupaten.pyw", line 80, in setup_driver
    driver = uc.Chrome(
  File "C:\laragon\bin\python\python-3.10\lib\site-packages\undetected_chromedriver\__init__.py", line 372, in __init__
    options.binary_location = (
  File "C:\laragon\bin\python\python-3.10\lib\site-packages\selenium\webdriver\chromium\options.py", line 52, in binary_location
    raise TypeError(self.BINARY_LOCATION_ERROR)
TypeError: Binary Location Must be a String
2025-10-26 14:05:37,395 - ERROR - Error pada percobaan 84: Gagal total setup driver. Cek log di atas.
Traceback (most recent call last):
  File "C:\laragon\www\dapokalsel\sekolah\import_url_kabupaten.pyw", line 285, in process_url_induk
    raise Exception("Gagal total setup driver. Cek log di atas.")
Exception: Gagal total setup driver. Cek log di atas.
2025-10-26 14:05:37,396 - INFO - Percobaan ulang 85/300...
2025-10-26 14:05:52,397 - INFO - Memulai setup driver...
2025-10-26 14:05:52,398 - INFO - Menggunakan User Data Directory: C:\laragon\www\dapokalsel\chrome_profile
2025-10-26 14:05:52,398 - INFO - Menginisialisasi uc.Chrome()...
2025-10-26 14:05:56,187 - INFO - patching driver executable C:\laragon\www\dapokalsel\sekolah\~\appdata\roaming\undetected_chromedriver\undetected_chromedriver.exe
2025-10-26 14:05:56,282 - ERROR - GAGAL total saat setup driver: Binary Location Must be a String
Traceback (most recent call last):
  File "C:\laragon\www\dapokalsel\sekolah\import_url_kabupaten.pyw", line 80, in setup_driver
    driver = uc.Chrome(
  File "C:\laragon\bin\python\python-3.10\lib\site-packages\undetected_chromedriver\__init__.py", line 372, in __init__
    options.binary_location = (
  File "C:\laragon\bin\python\python-3.10\lib\site-packages\selenium\webdriver\chromium\options.py", line 52, in binary_location
    raise TypeError(self.BINARY_LOCATION_ERROR)
TypeError: Binary Location Must be a String
2025-10-26 14:05:56,283 - ERROR - Error pada percobaan 85: Gagal total setup driver. Cek log di atas.
Traceback (most recent call last):
  File "C:\laragon\www\dapokalsel\sekolah\import_url_kabupaten.pyw", line 285, in process_url_induk
    raise Exception("Gagal total setup driver. Cek log di atas.")
Exception: Gagal total setup driver. Cek log di atas.
2025-10-26 14:05:56,283 - INFO - Percobaan ulang 86/300...
2025-10-26 14:06:11,283 - INFO - Memulai setup driver...
2025-10-26 14:06:11,283 - INFO - Menggunakan User Data Directory: C:\laragon\www\dapokalsel\chrome_profile
2025-10-26 14:06:11,283 - INFO - Menginisialisasi uc.Chrome()...
2025-10-26 14:06:14,649 - INFO - patching driver executable C:\laragon\www\dapokalsel\sekolah\~\appdata\roaming\undetected_chromedriver\undetected_chromedriver.exe
2025-10-26 14:06:14,709 - ERROR - GAGAL total saat setup driver: Binary Location Must be a String
Traceback (most recent call last):
  File "C:\laragon\www\dapokalsel\sekolah\import_url_kabupaten.pyw", line 80, in setup_driver
    driver = uc.Chrome(
  File "C:\laragon\bin\python\python-3.10\lib\site-packages\undetected_chromedriver\__init__.py", line 372, in __init__
    options.binary_location = (
  File "C:\laragon\bin\python\python-3.10\lib\site-packages\selenium\webdriver\chromium\options.py", line 52, in binary_location
    raise TypeError(self.BINARY_LOCATION_ERROR)
TypeError: Binary Location Must be a String
2025-10-26 14:06:14,709 - ERROR - Error pada percobaan 86: Gagal total setup driver. Cek log di atas.
Traceback (most recent call last):
  File "C:\laragon\www\dapokalsel\sekolah\import_url_kabupaten.pyw", line 285, in process_url_induk
    raise Exception("Gagal total setup driver. Cek log di atas.")
Exception: Gagal total setup driver. Cek log di atas.
2025-10-26 14:06:14,709 - INFO - Percobaan ulang 87/300...
2025-10-26 14:06:29,710 - INFO - Memulai setup driver...
2025-10-26 14:06:29,710 - INFO - Menggunakan User Data Directory: C:\laragon\www\dapokalsel\chrome_profile
2025-10-26 14:06:29,710 - INFO - Menginisialisasi uc.Chrome()...
2025-10-26 14:06:32,975 - INFO - patching driver executable C:\laragon\www\dapokalsel\sekolah\~\appdata\roaming\undetected_chromedriver\undetected_chromedriver.exe
2025-10-26 14:06:33,099 - ERROR - GAGAL total saat setup driver: Binary Location Must be a String
Traceback (most recent call last):
  File "C:\laragon\www\dapokalsel\sekolah\import_url_kabupaten.pyw", line 80, in setup_driver
    driver = uc.Chrome(
  File "C:\laragon\bin\python\python-3.10\lib\site-packages\undetected_chromedriver\__init__.py", line 372, in __init__
    options.binary_location = (
  File "C:\laragon\bin\python\python-3.10\lib\site-packages\selenium\webdriver\chromium\options.py", line 52, in binary_location
    raise TypeError(self.BINARY_LOCATION_ERROR)
TypeError: Binary Location Must be a String
2025-10-26 14:06:33,099 - ERROR - Error pada percobaan 87: Gagal total setup driver. Cek log di atas.
Traceback (most recent call last):
  File "C:\laragon\www\dapokalsel\sekolah\import_url_kabupaten.pyw", line 285, in process_url_induk
    raise Exception("Gagal total setup driver. Cek log di atas.")
Exception: Gagal total setup driver. Cek log di atas.
2025-10-26 14:06:33,100 - INFO - Percobaan ulang 88/300...
2025-10-26 14:06:48,110 - INFO - Memulai setup driver...
2025-10-26 14:06:48,110 - INFO - Menggunakan User Data Directory: C:\laragon\www\dapokalsel\chrome_profile
2025-10-26 14:06:48,110 - INFO - Menginisialisasi uc.Chrome()...
2025-10-26 14:06:51,460 - INFO - patching driver executable C:\laragon\www\dapokalsel\sekolah\~\appdata\roaming\undetected_chromedriver\undetected_chromedriver.exe
2025-10-26 14:06:51,544 - ERROR - GAGAL total saat setup driver: Binary Location Must be a String
Traceback (most recent call last):
  File "C:\laragon\www\dapokalsel\sekolah\import_url_kabupaten.pyw", line 80, in setup_driver
    driver = uc.Chrome(
  File "C:\laragon\bin\python\python-3.10\lib\site-packages\undetected_chromedriver\__init__.py", line 372, in __init__
    options.binary_location = (
  File "C:\laragon\bin\python\python-3.10\lib\site-packages\selenium\webdriver\chromium\options.py", line 52, in binary_location
    raise TypeError(self.BINARY_LOCATION_ERROR)
TypeError: Binary Location Must be a String
2025-10-26 14:06:51,544 - ERROR - Error pada percobaan 88: Gagal total setup driver. Cek log di atas.
Traceback (most recent call last):
  File "C:\laragon\www\dapokalsel\sekolah\import_url_kabupaten.pyw", line 285, in process_url_induk
    raise Exception("Gagal total setup driver. Cek log di atas.")
Exception: Gagal total setup driver. Cek log di atas.
2025-10-26 14:06:51,544 - INFO - Percobaan ulang 89/300...
2025-10-26 14:07:06,556 - INFO - Memulai setup driver...
2025-10-26 14:07:06,556 - INFO - Menggunakan User Data Directory: C:\laragon\www\dapokalsel\chrome_profile
2025-10-26 14:07:06,556 - INFO - Menginisialisasi uc.Chrome()...
2025-10-26 14:07:09,611 - INFO - patching driver executable C:\laragon\www\dapokalsel\sekolah\~\appdata\roaming\undetected_chromedriver\undetected_chromedriver.exe
2025-10-26 14:07:09,693 - ERROR - GAGAL total saat setup driver: Binary Location Must be a String
Traceback (most recent call last):
  File "C:\laragon\www\dapokalsel\sekolah\import_url_kabupaten.pyw", line 80, in setup_driver
    driver = uc.Chrome(
  File "C:\laragon\bin\python\python-3.10\lib\site-packages\undetected_chromedriver\__init__.py", line 372, in __init__
    options.binary_location = (
  File "C:\laragon\bin\python\python-3.10\lib\site-packages\selenium\webdriver\chromium\options.py", line 52, in binary_location
    raise TypeError(self.BINARY_LOCATION_ERROR)
TypeError: Binary Location Must be a String
2025-10-26 14:07:09,693 - ERROR - Error pada percobaan 89: Gagal total setup driver. Cek log di atas.
Traceback (most recent call last):
  File "C:\laragon\www\dapokalsel\sekolah\import_url_kabupaten.pyw", line 285, in process_url_induk
    raise Exception("Gagal total setup driver. Cek log di atas.")
Exception: Gagal total setup driver. Cek log di atas.
2025-10-26 14:07:09,693 - INFO - Percobaan ulang 90/300...
2025-10-26 14:07:24,709 - INFO - Memulai setup driver...
2025-10-26 14:07:24,722 - INFO - Menggunakan User Data Directory: C:\laragon\www\dapokalsel\chrome_profile
2025-10-26 14:07:24,723 - INFO - Menginisialisasi uc.Chrome()...
2025-10-26 14:07:27,959 - INFO - patching driver executable C:\laragon\www\dapokalsel\sekolah\~\appdata\roaming\undetected_chromedriver\undetected_chromedriver.exe
2025-10-26 14:07:28,058 - ERROR - GAGAL total saat setup driver: Binary Location Must be a String
Traceback (most recent call last):
  File "C:\laragon\www\dapokalsel\sekolah\import_url_kabupaten.pyw", line 80, in setup_driver
    driver = uc.Chrome(
  File "C:\laragon\bin\python\python-3.10\lib\site-packages\undetected_chromedriver\__init__.py", line 372, in __init__
    options.binary_location = (
  File "C:\laragon\bin\python\python-3.10\lib\site-packages\selenium\webdriver\chromium\options.py", line 52, in binary_location
    raise TypeError(self.BINARY_LOCATION_ERROR)
TypeError: Binary Location Must be a String
2025-10-26 14:07:28,058 - ERROR - Error pada percobaan 90: Gagal total setup driver. Cek log di atas.
Traceback (most recent call last):
  File "C:\laragon\www\dapokalsel\sekolah\import_url_kabupaten.pyw", line 285, in process_url_induk
    raise Exception("Gagal total setup driver. Cek log di atas.")
Exception: Gagal total setup driver. Cek log di atas.
2025-10-26 14:07:28,058 - INFO - Percobaan ulang 91/300...
2025-10-26 14:07:43,074 - INFO - Memulai setup driver...
2025-10-26 14:07:43,074 - INFO - Menggunakan User Data Directory: C:\laragon\www\dapokalsel\chrome_profile
2025-10-26 14:07:43,074 - INFO - Menginisialisasi uc.Chrome()...
2025-10-26 14:07:46,943 - INFO - patching driver executable C:\laragon\www\dapokalsel\sekolah\~\appdata\roaming\undetected_chromedriver\undetected_chromedriver.exe
2025-10-26 14:07:47,026 - ERROR - GAGAL total saat setup driver: Binary Location Must be a String
Traceback (most recent call last):
  File "C:\laragon\www\dapokalsel\sekolah\import_url_kabupaten.pyw", line 80, in setup_driver
    driver = uc.Chrome(
  File "C:\laragon\bin\python\python-3.10\lib\site-packages\undetected_chromedriver\__init__.py", line 372, in __init__
    options.binary_location = (
  File "C:\laragon\bin\python\python-3.10\lib\site-packages\selenium\webdriver\chromium\options.py", line 52, in binary_location
    raise TypeError(self.BINARY_LOCATION_ERROR)
TypeError: Binary Location Must be a String
2025-10-26 14:07:47,026 - ERROR - Error pada percobaan 91: Gagal total setup driver. Cek log di atas.
Traceback (most recent call last):
  File "C:\laragon\www\dapokalsel\sekolah\import_url_kabupaten.pyw", line 285, in process_url_induk
    raise Exception("Gagal total setup driver. Cek log di atas.")
Exception: Gagal total setup driver. Cek log di atas.
2025-10-26 14:07:47,026 - INFO - Percobaan ulang 92/300...
2025-10-26 14:08:02,038 - INFO - Memulai setup driver...
2025-10-26 14:08:02,039 - INFO - Menggunakan User Data Directory: C:\laragon\www\dapokalsel\chrome_profile
2025-10-26 14:08:02,040 - INFO - Menginisialisasi uc.Chrome()...
2025-10-26 14:08:05,339 - INFO - patching driver executable C:\laragon\www\dapokalsel\sekolah\~\appdata\roaming\undetected_chromedriver\undetected_chromedriver.exe
2025-10-26 14:08:05,440 - ERROR - GAGAL total saat setup driver: Binary Location Must be a String
Traceback (most recent call last):
  File "C:\laragon\www\dapokalsel\sekolah\import_url_kabupaten.pyw", line 80, in setup_driver
    driver = uc.Chrome(
  File "C:\laragon\bin\python\python-3.10\lib\site-packages\undetected_chromedriver\__init__.py", line 372, in __init__
    options.binary_location = (
  File "C:\laragon\bin\python\python-3.10\lib\site-packages\selenium\webdriver\chromium\options.py", line 52, in binary_location
    raise TypeError(self.BINARY_LOCATION_ERROR)
TypeError: Binary Location Must be a String
2025-10-26 14:08:05,440 - ERROR - Error pada percobaan 92: Gagal total setup driver. Cek log di atas.
Traceback (most recent call last):
  File "C:\laragon\www\dapokalsel\sekolah\import_url_kabupaten.pyw", line 285, in process_url_induk
    raise Exception("Gagal total setup driver. Cek log di atas.")
Exception: Gagal total setup driver. Cek log di atas.
2025-10-26 14:08:05,440 - INFO - Percobaan ulang 93/300...
2025-10-26 14:08:20,454 - INFO - Memulai setup driver...
2025-10-26 14:08:20,454 - INFO - Menggunakan User Data Directory: C:\laragon\www\dapokalsel\chrome_profile
2025-10-26 14:08:20,454 - INFO - Menginisialisasi uc.Chrome()...
2025-10-26 14:08:24,285 - INFO - patching driver executable C:\laragon\www\dapokalsel\sekolah\~\appdata\roaming\undetected_chromedriver\undetected_chromedriver.exe
2025-10-26 14:08:24,391 - ERROR - GAGAL total saat setup driver: Binary Location Must be a String
Traceback (most recent call last):
  File "C:\laragon\www\dapokalsel\sekolah\import_url_kabupaten.pyw", line 80, in setup_driver
    driver = uc.Chrome(
  File "C:\laragon\bin\python\python-3.10\lib\site-packages\undetected_chromedriver\__init__.py", line 372, in __init__
    options.binary_location = (
  File "C:\laragon\bin\python\python-3.10\lib\site-packages\selenium\webdriver\chromium\options.py", line 52, in binary_location
    raise TypeError(self.BINARY_LOCATION_ERROR)
TypeError: Binary Location Must be a String
2025-10-26 14:08:24,392 - ERROR - Error pada percobaan 93: Gagal total setup driver. Cek log di atas.
Traceback (most recent call last):
  File "C:\laragon\www\dapokalsel\sekolah\import_url_kabupaten.pyw", line 285, in process_url_induk
    raise Exception("Gagal total setup driver. Cek log di atas.")
Exception: Gagal total setup driver. Cek log di atas.
2025-10-26 14:08:24,392 - INFO - Percobaan ulang 94/300...
2025-10-26 14:08:39,407 - INFO - Memulai setup driver...
2025-10-26 14:08:39,407 - INFO - Menggunakan User Data Directory: C:\laragon\www\dapokalsel\chrome_profile
2025-10-26 14:08:39,407 - INFO - Menginisialisasi uc.Chrome()...
2025-10-26 14:08:42,971 - INFO - patching driver executable C:\laragon\www\dapokalsel\sekolah\~\appdata\roaming\undetected_chromedriver\undetected_chromedriver.exe
2025-10-26 14:08:43,054 - ERROR - GAGAL total saat setup driver: Binary Location Must be a String
Traceback (most recent call last):
  File "C:\laragon\www\dapokalsel\sekolah\import_url_kabupaten.pyw", line 80, in setup_driver
    driver = uc.Chrome(
  File "C:\laragon\bin\python\python-3.10\lib\site-packages\undetected_chromedriver\__init__.py", line 372, in __init__
    options.binary_location = (
  File "C:\laragon\bin\python\python-3.10\lib\site-packages\selenium\webdriver\chromium\options.py", line 52, in binary_location
    raise TypeError(self.BINARY_LOCATION_ERROR)
TypeError: Binary Location Must be a String
2025-10-26 14:08:43,054 - ERROR - Error pada percobaan 94: Gagal total setup driver. Cek log di atas.
Traceback (most recent call last):
  File "C:\laragon\www\dapokalsel\sekolah\import_url_kabupaten.pyw", line 285, in process_url_induk
    raise Exception("Gagal total setup driver. Cek log di atas.")
Exception: Gagal total setup driver. Cek log di atas.
2025-10-26 14:08:43,054 - INFO - Percobaan ulang 95/300...
2025-10-26 14:08:58,055 - INFO - Memulai setup driver...
2025-10-26 14:08:58,057 - INFO - Menggunakan User Data Directory: C:\laragon\www\dapokalsel\chrome_profile
2025-10-26 14:08:58,058 - INFO - Menginisialisasi uc.Chrome()...
2025-10-26 14:09:01,719 - INFO - patching driver executable C:\laragon\www\dapokalsel\sekolah\~\appdata\roaming\undetected_chromedriver\undetected_chromedriver.exe
2025-10-26 14:09:01,820 - ERROR - GAGAL total saat setup driver: Binary Location Must be a String
Traceback (most recent call last):
  File "C:\laragon\www\dapokalsel\sekolah\import_url_kabupaten.pyw", line 80, in setup_driver
    driver = uc.Chrome(
  File "C:\laragon\bin\python\python-3.10\lib\site-packages\undetected_chromedriver\__init__.py", line 372, in __init__
    options.binary_location = (
  File "C:\laragon\bin\python\python-3.10\lib\site-packages\selenium\webdriver\chromium\options.py", line 52, in binary_location
    raise TypeError(self.BINARY_LOCATION_ERROR)
TypeError: Binary Location Must be a String
2025-10-26 14:09:01,820 - ERROR - Error pada percobaan 95: Gagal total setup driver. Cek log di atas.
Traceback (most recent call last):
  File "C:\laragon\www\dapokalsel\sekolah\import_url_kabupaten.pyw", line 285, in process_url_induk
    raise Exception("Gagal total setup driver. Cek log di atas.")
Exception: Gagal total setup driver. Cek log di atas.
2025-10-26 14:09:01,820 - INFO - Percobaan ulang 96/300...
2025-10-26 14:09:16,822 - INFO - Memulai setup driver...
2025-10-26 14:09:16,823 - INFO - Menggunakan User Data Directory: C:\laragon\www\dapokalsel\chrome_profile
2025-10-26 14:09:16,823 - INFO - Menginisialisasi uc.Chrome()...
2025-10-26 14:09:20,438 - INFO - patching driver executable C:\laragon\www\dapokalsel\sekolah\~\appdata\roaming\undetected_chromedriver\undetected_chromedriver.exe
2025-10-26 14:09:20,538 - ERROR - GAGAL total saat setup driver: Binary Location Must be a String
Traceback (most recent call last):
  File "C:\laragon\www\dapokalsel\sekolah\import_url_kabupaten.pyw", line 80, in setup_driver
    driver = uc.Chrome(
  File "C:\laragon\bin\python\python-3.10\lib\site-packages\undetected_chromedriver\__init__.py", line 372, in __init__
    options.binary_location = (
  File "C:\laragon\bin\python\python-3.10\lib\site-packages\selenium\webdriver\chromium\options.py", line 52, in binary_location
    raise TypeError(self.BINARY_LOCATION_ERROR)
TypeError: Binary Location Must be a String
2025-10-26 14:09:20,538 - ERROR - Error pada percobaan 96: Gagal total setup driver. Cek log di atas.
Traceback (most recent call last):
  File "C:\laragon\www\dapokalsel\sekolah\import_url_kabupaten.pyw", line 285, in process_url_induk
    raise Exception("Gagal total setup driver. Cek log di atas.")
Exception: Gagal total setup driver. Cek log di atas.
2025-10-26 14:09:20,538 - INFO - Percobaan ulang 97/300...
2025-10-26 14:09:35,554 - INFO - Memulai setup driver...
2025-10-26 14:09:35,557 - INFO - Menggunakan User Data Directory: C:\laragon\www\dapokalsel\chrome_profile
2025-10-26 14:09:35,557 - INFO - Menginisialisasi uc.Chrome()...
2025-10-26 14:09:38,701 - INFO - patching driver executable C:\laragon\www\dapokalsel\sekolah\~\appdata\roaming\undetected_chromedriver\undetected_chromedriver.exe
2025-10-26 14:09:38,819 - ERROR - GAGAL total saat setup driver: Binary Location Must be a String
Traceback (most recent call last):
  File "C:\laragon\www\dapokalsel\sekolah\import_url_kabupaten.pyw", line 80, in setup_driver
    driver = uc.Chrome(
  File "C:\laragon\bin\python\python-3.10\lib\site-packages\undetected_chromedriver\__init__.py", line 372, in __init__
    options.binary_location = (
  File "C:\laragon\bin\python\python-3.10\lib\site-packages\selenium\webdriver\chromium\options.py", line 52, in binary_location
    raise TypeError(self.BINARY_LOCATION_ERROR)
TypeError: Binary Location Must be a String
2025-10-26 14:09:38,821 - ERROR - Error pada percobaan 97: Gagal total setup driver. Cek log di atas.
Traceback (most recent call last):
  File "C:\laragon\www\dapokalsel\sekolah\import_url_kabupaten.pyw", line 285, in process_url_induk
    raise Exception("Gagal total setup driver. Cek log di atas.")
Exception: Gagal total setup driver. Cek log di atas.
2025-10-26 14:09:38,822 - INFO - Percobaan ulang 98/300...
2025-10-26 14:09:53,833 - INFO - Memulai setup driver...
2025-10-26 14:09:53,833 - INFO - Menggunakan User Data Directory: C:\laragon\www\dapokalsel\chrome_profile
2025-10-26 14:09:53,833 - INFO - Menginisialisasi uc.Chrome()...
2025-10-26 14:09:57,567 - INFO - patching driver executable C:\laragon\www\dapokalsel\sekolah\~\appdata\roaming\undetected_chromedriver\undetected_chromedriver.exe
2025-10-26 14:09:57,649 - ERROR - GAGAL total saat setup driver: Binary Location Must be a String
Traceback (most recent call last):
  File "C:\laragon\www\dapokalsel\sekolah\import_url_kabupaten.pyw", line 80, in setup_driver
    driver = uc.Chrome(
  File "C:\laragon\bin\python\python-3.10\lib\site-packages\undetected_chromedriver\__init__.py", line 372, in __init__
    options.binary_location = (
  File "C:\laragon\bin\python\python-3.10\lib\site-packages\selenium\webdriver\chromium\options.py", line 52, in binary_location
    raise TypeError(self.BINARY_LOCATION_ERROR)
TypeError: Binary Location Must be a String
2025-10-26 14:09:57,649 - ERROR - Error pada percobaan 98: Gagal total setup driver. Cek log di atas.
Traceback (most recent call last):
  File "C:\laragon\www\dapokalsel\sekolah\import_url_kabupaten.pyw", line 285, in process_url_induk
    raise Exception("Gagal total setup driver. Cek log di atas.")
Exception: Gagal total setup driver. Cek log di atas.
2025-10-26 14:09:57,651 - INFO - Percobaan ulang 99/300...
2025-10-26 14:10:12,665 - INFO - Memulai setup driver...
2025-10-26 14:10:12,665 - INFO - Menggunakan User Data Directory: C:\laragon\www\dapokalsel\chrome_profile
2025-10-26 14:10:12,665 - INFO - Menginisialisasi uc.Chrome()...
2025-10-26 14:10:16,199 - INFO - patching driver executable C:\laragon\www\dapokalsel\sekolah\~\appdata\roaming\undetected_chromedriver\undetected_chromedriver.exe
2025-10-26 14:10:16,280 - ERROR - GAGAL total saat setup driver: Binary Location Must be a String
Traceback (most recent call last):
  File "C:\laragon\www\dapokalsel\sekolah\import_url_kabupaten.pyw", line 80, in setup_driver
    driver = uc.Chrome(
  File "C:\laragon\bin\python\python-3.10\lib\site-packages\undetected_chromedriver\__init__.py", line 372, in __init__
    options.binary_location = (
  File "C:\laragon\bin\python\python-3.10\lib\site-packages\selenium\webdriver\chromium\options.py", line 52, in binary_location
    raise TypeError(self.BINARY_LOCATION_ERROR)
TypeError: Binary Location Must be a String
2025-10-26 14:10:16,280 - ERROR - Error pada percobaan 99: Gagal total setup driver. Cek log di atas.
Traceback (most recent call last):
  File "C:\laragon\www\dapokalsel\sekolah\import_url_kabupaten.pyw", line 285, in process_url_induk
    raise Exception("Gagal total setup driver. Cek log di atas.")
Exception: Gagal total setup driver. Cek log di atas.
2025-10-26 14:10:16,280 - INFO - Percobaan ulang 100/300...
2025-10-26 14:10:31,281 - INFO - Memulai setup driver...
2025-10-26 14:10:31,287 - INFO - Menggunakan User Data Directory: C:\laragon\www\dapokalsel\chrome_profile
2025-10-26 14:10:31,288 - INFO - Menginisialisasi uc.Chrome()...
2025-10-26 14:10:35,038 - INFO - patching driver executable C:\laragon\www\dapokalsel\sekolah\~\appdata\roaming\undetected_chromedriver\undetected_chromedriver.exe
2025-10-26 14:10:35,117 - ERROR - GAGAL total saat setup driver: Binary Location Must be a String
Traceback (most recent call last):
  File "C:\laragon\www\dapokalsel\sekolah\import_url_kabupaten.pyw", line 80, in setup_driver
    driver = uc.Chrome(
  File "C:\laragon\bin\python\python-3.10\lib\site-packages\undetected_chromedriver\__init__.py", line 372, in __init__
    options.binary_location = (
  File "C:\laragon\bin\python\python-3.10\lib\site-packages\selenium\webdriver\chromium\options.py", line 52, in binary_location
    raise TypeError(self.BINARY_LOCATION_ERROR)
TypeError: Binary Location Must be a String
2025-10-26 14:10:35,132 - ERROR - Error pada percobaan 100: Gagal total setup driver. Cek log di atas.
Traceback (most recent call last):
  File "C:\laragon\www\dapokalsel\sekolah\import_url_kabupaten.pyw", line 285, in process_url_induk
    raise Exception("Gagal total setup driver. Cek log di atas.")
Exception: Gagal total setup driver. Cek log di atas.
2025-10-26 14:10:35,134 - INFO - Percobaan ulang 101/300...
2025-10-26 14:10:50,148 - INFO - Memulai setup driver...
2025-10-26 14:10:50,149 - INFO - Menggunakan User Data Directory: C:\laragon\www\dapokalsel\chrome_profile
2025-10-26 14:10:50,149 - INFO - Menginisialisasi uc.Chrome()...
2025-10-26 14:10:53,380 - INFO - patching driver executable C:\laragon\www\dapokalsel\sekolah\~\appdata\roaming\undetected_chromedriver\undetected_chromedriver.exe
2025-10-26 14:10:53,480 - ERROR - GAGAL total saat setup driver: Binary Location Must be a String
Traceback (most recent call last):
  File "C:\laragon\www\dapokalsel\sekolah\import_url_kabupaten.pyw", line 80, in setup_driver
    driver = uc.Chrome(
  File "C:\laragon\bin\python\python-3.10\lib\site-packages\undetected_chromedriver\__init__.py", line 372, in __init__
    options.binary_location = (
  File "C:\laragon\bin\python\python-3.10\lib\site-packages\selenium\webdriver\chromium\options.py", line 52, in binary_location
    raise TypeError(self.BINARY_LOCATION_ERROR)
TypeError: Binary Location Must be a String
2025-10-26 14:10:53,480 - ERROR - Error pada percobaan 101: Gagal total setup driver. Cek log di atas.
Traceback (most recent call last):
  File "C:\laragon\www\dapokalsel\sekolah\import_url_kabupaten.pyw", line 285, in process_url_induk
    raise Exception("Gagal total setup driver. Cek log di atas.")
Exception: Gagal total setup driver. Cek log di atas.
2025-10-26 14:10:53,480 - INFO - Percobaan ulang 102/300...
2025-10-26 14:11:08,481 - INFO - Memulai setup driver...
2025-10-26 14:11:08,482 - INFO - Menggunakan User Data Directory: C:\laragon\www\dapokalsel\chrome_profile
2025-10-26 14:11:08,482 - INFO - Menginisialisasi uc.Chrome()...
2025-10-26 14:11:11,511 - INFO - patching driver executable C:\laragon\www\dapokalsel\sekolah\~\appdata\roaming\undetected_chromedriver\undetected_chromedriver.exe
2025-10-26 14:11:11,596 - ERROR - GAGAL total saat setup driver: Binary Location Must be a String
Traceback (most recent call last):
  File "C:\laragon\www\dapokalsel\sekolah\import_url_kabupaten.pyw", line 80, in setup_driver
    driver = uc.Chrome(
  File "C:\laragon\bin\python\python-3.10\lib\site-packages\undetected_chromedriver\__init__.py", line 372, in __init__
    options.binary_location = (
  File "C:\laragon\bin\python\python-3.10\lib\site-packages\selenium\webdriver\chromium\options.py", line 52, in binary_location
    raise TypeError(self.BINARY_LOCATION_ERROR)
TypeError: Binary Location Must be a String
2025-10-26 14:11:11,596 - ERROR - Error pada percobaan 102: Gagal total setup driver. Cek log di atas.
Traceback (most recent call last):
  File "C:\laragon\www\dapokalsel\sekolah\import_url_kabupaten.pyw", line 285, in process_url_induk
    raise Exception("Gagal total setup driver. Cek log di atas.")
Exception: Gagal total setup driver. Cek log di atas.
2025-10-26 14:11:11,596 - INFO - Percobaan ulang 103/300...
2025-10-26 14:11:26,599 - INFO - Memulai setup driver...
2025-10-26 14:11:26,601 - INFO - Menggunakan User Data Directory: C:\laragon\www\dapokalsel\chrome_profile
2025-10-26 14:11:26,601 - INFO - Menginisialisasi uc.Chrome()...
2025-10-26 14:11:29,495 - INFO - patching driver executable C:\laragon\www\dapokalsel\sekolah\~\appdata\roaming\undetected_chromedriver\undetected_chromedriver.exe
2025-10-26 14:11:29,595 - ERROR - GAGAL total saat setup driver: Binary Location Must be a String
Traceback (most recent call last):
  File "C:\laragon\www\dapokalsel\sekolah\import_url_kabupaten.pyw", line 80, in setup_driver
    driver = uc.Chrome(
  File "C:\laragon\bin\python\python-3.10\lib\site-packages\undetected_chromedriver\__init__.py", line 372, in __init__
    options.binary_location = (
  File "C:\laragon\bin\python\python-3.10\lib\site-packages\selenium\webdriver\chromium\options.py", line 52, in binary_location
    raise TypeError(self.BINARY_LOCATION_ERROR)
TypeError: Binary Location Must be a String
2025-10-26 14:11:29,595 - ERROR - Error pada percobaan 103: Gagal total setup driver. Cek log di atas.
Traceback (most recent call last):
  File "C:\laragon\www\dapokalsel\sekolah\import_url_kabupaten.pyw", line 285, in process_url_induk
    raise Exception("Gagal total setup driver. Cek log di atas.")
Exception: Gagal total setup driver. Cek log di atas.
2025-10-26 14:11:29,595 - INFO - Percobaan ulang 104/300...
2025-10-26 14:11:44,610 - INFO - Memulai setup driver...
2025-10-26 14:11:44,610 - INFO - Menggunakan User Data Directory: C:\laragon\www\dapokalsel\chrome_profile
2025-10-26 14:11:44,610 - INFO - Menginisialisasi uc.Chrome()...
2025-10-26 14:11:48,492 - INFO - patching driver executable C:\laragon\www\dapokalsel\sekolah\~\appdata\roaming\undetected_chromedriver\undetected_chromedriver.exe
2025-10-26 14:11:48,583 - ERROR - GAGAL total saat setup driver: Binary Location Must be a String
Traceback (most recent call last):
  File "C:\laragon\www\dapokalsel\sekolah\import_url_kabupaten.pyw", line 80, in setup_driver
    driver = uc.Chrome(
  File "C:\laragon\bin\python\python-3.10\lib\site-packages\undetected_chromedriver\__init__.py", line 372, in __init__
    options.binary_location = (
  File "C:\laragon\bin\python\python-3.10\lib\site-packages\selenium\webdriver\chromium\options.py", line 52, in binary_location
    raise TypeError(self.BINARY_LOCATION_ERROR)
TypeError: Binary Location Must be a String
2025-10-26 14:11:48,584 - ERROR - Error pada percobaan 104: Gagal total setup driver. Cek log di atas.
Traceback (most recent call last):
  File "C:\laragon\www\dapokalsel\sekolah\import_url_kabupaten.pyw", line 285, in process_url_induk
    raise Exception("Gagal total setup driver. Cek log di atas.")
Exception: Gagal total setup driver. Cek log di atas.
2025-10-26 14:11:48,584 - INFO - Percobaan ulang 105/300...
2025-10-26 14:12:03,592 - INFO - Memulai setup driver...
2025-10-26 14:12:03,592 - INFO - Menggunakan User Data Directory: C:\laragon\www\dapokalsel\chrome_profile
2025-10-26 14:12:03,592 - INFO - Menginisialisasi uc.Chrome()...
2025-10-26 14:12:07,017 - INFO - patching driver executable C:\laragon\www\dapokalsel\sekolah\~\appdata\roaming\undetected_chromedriver\undetected_chromedriver.exe
2025-10-26 14:12:07,100 - ERROR - GAGAL total saat setup driver: Binary Location Must be a String
Traceback (most recent call last):
  File "C:\laragon\www\dapokalsel\sekolah\import_url_kabupaten.pyw", line 80, in setup_driver
    driver = uc.Chrome(
  File "C:\laragon\bin\python\python-3.10\lib\site-packages\undetected_chromedriver\__init__.py", line 372, in __init__
    options.binary_location = (
  File "C:\laragon\bin\python\python-3.10\lib\site-packages\selenium\webdriver\chromium\options.py", line 52, in binary_location
    raise TypeError(self.BINARY_LOCATION_ERROR)
TypeError: Binary Location Must be a String
2025-10-26 14:12:07,101 - ERROR - Error pada percobaan 105: Gagal total setup driver. Cek log di atas.
Traceback (most recent call last):
  File "C:\laragon\www\dapokalsel\sekolah\import_url_kabupaten.pyw", line 285, in process_url_induk
    raise Exception("Gagal total setup driver. Cek log di atas.")
Exception: Gagal total setup driver. Cek log di atas.
2025-10-26 14:12:07,101 - INFO - Percobaan ulang 106/300...
2025-10-26 14:12:22,109 - INFO - Memulai setup driver...
2025-10-26 14:12:22,109 - INFO - Menggunakan User Data Directory: C:\laragon\www\dapokalsel\chrome_profile
2025-10-26 14:12:22,109 - INFO - Menginisialisasi uc.Chrome()...
2025-10-26 14:12:28,042 - INFO - patching driver executable C:\laragon\www\dapokalsel\sekolah\~\appdata\roaming\undetected_chromedriver\undetected_chromedriver.exe
2025-10-26 14:12:28,125 - ERROR - GAGAL total saat setup driver: Binary Location Must be a String
Traceback (most recent call last):
  File "C:\laragon\www\dapokalsel\sekolah\import_url_kabupaten.pyw", line 80, in setup_driver
    driver = uc.Chrome(
  File "C:\laragon\bin\python\python-3.10\lib\site-packages\undetected_chromedriver\__init__.py", line 372, in __init__
    options.binary_location = (
  File "C:\laragon\bin\python\python-3.10\lib\site-packages\selenium\webdriver\chromium\options.py", line 52, in binary_location
    raise TypeError(self.BINARY_LOCATION_ERROR)
TypeError: Binary Location Must be a String
2025-10-26 14:12:28,125 - ERROR - Error pada percobaan 106: Gagal total setup driver. Cek log di atas.
Traceback (most recent call last):
  File "C:\laragon\www\dapokalsel\sekolah\import_url_kabupaten.pyw", line 285, in process_url_induk
    raise Exception("Gagal total setup driver. Cek log di atas.")
Exception: Gagal total setup driver. Cek log di atas.
2025-10-26 14:12:28,125 - INFO - Percobaan ulang 107/300...
2025-10-26 14:12:43,126 - INFO - Memulai setup driver...
2025-10-26 14:12:43,128 - INFO - Menggunakan User Data Directory: C:\laragon\www\dapokalsel\chrome_profile
2025-10-26 14:12:43,129 - INFO - Menginisialisasi uc.Chrome()...
2025-10-26 14:12:46,491 - INFO - patching driver executable C:\laragon\www\dapokalsel\sekolah\~\appdata\roaming\undetected_chromedriver\undetected_chromedriver.exe
2025-10-26 14:12:46,584 - ERROR - GAGAL total saat setup driver: Binary Location Must be a String
Traceback (most recent call last):
  File "C:\laragon\www\dapokalsel\sekolah\import_url_kabupaten.pyw", line 80, in setup_driver
    driver = uc.Chrome(
  File "C:\laragon\bin\python\python-3.10\lib\site-packages\undetected_chromedriver\__init__.py", line 372, in __init__
    options.binary_location = (
  File "C:\laragon\bin\python\python-3.10\lib\site-packages\selenium\webdriver\chromium\options.py", line 52, in binary_location
    raise TypeError(self.BINARY_LOCATION_ERROR)
TypeError: Binary Location Must be a String
2025-10-26 14:12:46,584 - ERROR - Error pada percobaan 107: Gagal total setup driver. Cek log di atas.
Traceback (most recent call last):
  File "C:\laragon\www\dapokalsel\sekolah\import_url_kabupaten.pyw", line 285, in process_url_induk
    raise Exception("Gagal total setup driver. Cek log di atas.")
Exception: Gagal total setup driver. Cek log di atas.
2025-10-26 14:12:46,584 - INFO - Percobaan ulang 108/300...
2025-10-26 14:13:01,584 - INFO - Memulai setup driver...
2025-10-26 14:13:01,585 - INFO - Menggunakan User Data Directory: C:\laragon\www\dapokalsel\chrome_profile
2025-10-26 14:13:01,585 - INFO - Menginisialisasi uc.Chrome()...
2025-10-26 14:13:04,868 - INFO - patching driver executable C:\laragon\www\dapokalsel\sekolah\~\appdata\roaming\undetected_chromedriver\undetected_chromedriver.exe
2025-10-26 14:13:04,973 - ERROR - GAGAL total saat setup driver: Binary Location Must be a String
Traceback (most recent call last):
  File "C:\laragon\www\dapokalsel\sekolah\import_url_kabupaten.pyw", line 80, in setup_driver
    driver = uc.Chrome(
  File "C:\laragon\bin\python\python-3.10\lib\site-packages\undetected_chromedriver\__init__.py", line 372, in __init__
    options.binary_location = (
  File "C:\laragon\bin\python\python-3.10\lib\site-packages\selenium\webdriver\chromium\options.py", line 52, in binary_location
    raise TypeError(self.BINARY_LOCATION_ERROR)
TypeError: Binary Location Must be a String
2025-10-26 14:13:04,973 - ERROR - Error pada percobaan 108: Gagal total setup driver. Cek log di atas.
Traceback (most recent call last):
  File "C:\laragon\www\dapokalsel\sekolah\import_url_kabupaten.pyw", line 285, in process_url_induk
    raise Exception("Gagal total setup driver. Cek log di atas.")
Exception: Gagal total setup driver. Cek log di atas.
2025-10-26 14:13:04,973 - INFO - Percobaan ulang 109/300...
2025-10-26 14:13:19,976 - INFO - Memulai setup driver...
2025-10-26 14:13:19,976 - INFO - Menggunakan User Data Directory: C:\laragon\www\dapokalsel\chrome_profile
2025-10-26 14:13:19,976 - INFO - Menginisialisasi uc.Chrome()...
2025-10-26 14:13:24,701 - INFO - patching driver executable C:\laragon\www\dapokalsel\sekolah\~\appdata\roaming\undetected_chromedriver\undetected_chromedriver.exe
2025-10-26 14:13:24,810 - ERROR - GAGAL total saat setup driver: Binary Location Must be a String
Traceback (most recent call last):
  File "C:\laragon\www\dapokalsel\sekolah\import_url_kabupaten.pyw", line 80, in setup_driver
    driver = uc.Chrome(
  File "C:\laragon\bin\python\python-3.10\lib\site-packages\undetected_chromedriver\__init__.py", line 372, in __init__
    options.binary_location = (
  File "C:\laragon\bin\python\python-3.10\lib\site-packages\selenium\webdriver\chromium\options.py", line 52, in binary_location
    raise TypeError(self.BINARY_LOCATION_ERROR)
TypeError: Binary Location Must be a String
2025-10-26 14:13:24,810 - ERROR - Error pada percobaan 109: Gagal total setup driver. Cek log di atas.
Traceback (most recent call last):
  File "C:\laragon\www\dapokalsel\sekolah\import_url_kabupaten.pyw", line 285, in process_url_induk
    raise Exception("Gagal total setup driver. Cek log di atas.")
Exception: Gagal total setup driver. Cek log di atas.
2025-10-26 14:13:24,811 - INFO - Percobaan ulang 110/300...
2025-10-26 14:13:39,811 - INFO - Memulai setup driver...
2025-10-26 14:13:39,812 - INFO - Menggunakan User Data Directory: C:\laragon\www\dapokalsel\chrome_profile
2025-10-26 14:13:39,813 - INFO - Menginisialisasi uc.Chrome()...
2025-10-26 14:13:42,971 - INFO - patching driver executable C:\laragon\www\dapokalsel\sekolah\~\appdata\roaming\undetected_chromedriver\undetected_chromedriver.exe
2025-10-26 14:13:43,060 - ERROR - GAGAL total saat setup driver: Binary Location Must be a String
Traceback (most recent call last):
  File "C:\laragon\www\dapokalsel\sekolah\import_url_kabupaten.pyw", line 80, in setup_driver
    driver = uc.Chrome(
  File "C:\laragon\bin\python\python-3.10\lib\site-packages\undetected_chromedriver\__init__.py", line 372, in __init__
    options.binary_location = (
  File "C:\laragon\bin\python\python-3.10\lib\site-packages\selenium\webdriver\chromium\options.py", line 52, in binary_location
    raise TypeError(self.BINARY_LOCATION_ERROR)
TypeError: Binary Location Must be a String
2025-10-26 14:13:43,060 - ERROR - Error pada percobaan 110: Gagal total setup driver. Cek log di atas.
Traceback (most recent call last):
  File "C:\laragon\www\dapokalsel\sekolah\import_url_kabupaten.pyw", line 285, in process_url_induk
    raise Exception("Gagal total setup driver. Cek log di atas.")
Exception: Gagal total setup driver. Cek log di atas.
2025-10-26 14:13:43,061 - INFO - Percobaan ulang 111/300...
2025-10-26 14:13:58,061 - INFO - Memulai setup driver...
2025-10-26 14:13:58,061 - INFO - Menggunakan User Data Directory: C:\laragon\www\dapokalsel\chrome_profile
2025-10-26 14:13:58,061 - INFO - Menginisialisasi uc.Chrome()...
2025-10-26 14:14:01,373 - INFO - patching driver executable C:\laragon\www\dapokalsel\sekolah\~\appdata\roaming\undetected_chromedriver\undetected_chromedriver.exe
2025-10-26 14:14:01,456 - ERROR - GAGAL total saat setup driver: Binary Location Must be a String
Traceback (most recent call last):
  File "C:\laragon\www\dapokalsel\sekolah\import_url_kabupaten.pyw", line 80, in setup_driver
    driver = uc.Chrome(
  File "C:\laragon\bin\python\python-3.10\lib\site-packages\undetected_chromedriver\__init__.py", line 372, in __init__
    options.binary_location = (
  File "C:\laragon\bin\python\python-3.10\lib\site-packages\selenium\webdriver\chromium\options.py", line 52, in binary_location
    raise TypeError(self.BINARY_LOCATION_ERROR)
TypeError: Binary Location Must be a String
2025-10-26 14:14:01,456 - ERROR - Error pada percobaan 111: Gagal total setup driver. Cek log di atas.
Traceback (most recent call last):
  File "C:\laragon\www\dapokalsel\sekolah\import_url_kabupaten.pyw", line 285, in process_url_induk
    raise Exception("Gagal total setup driver. Cek log di atas.")
Exception: Gagal total setup driver. Cek log di atas.
2025-10-26 14:14:01,456 - INFO - Percobaan ulang 112/300...
2025-10-26 14:14:16,461 - INFO - Memulai setup driver...
2025-10-26 14:14:16,461 - INFO - Menggunakan User Data Directory: C:\laragon\www\dapokalsel\chrome_profile
2025-10-26 14:14:16,461 - INFO - Menginisialisasi uc.Chrome()...
2025-10-26 14:14:20,282 - INFO - patching driver executable C:\laragon\www\dapokalsel\sekolah\~\appdata\roaming\undetected_chromedriver\undetected_chromedriver.exe
2025-10-26 14:14:20,364 - ERROR - GAGAL total saat setup driver: Binary Location Must be a String
Traceback (most recent call last):
  File "C:\laragon\www\dapokalsel\sekolah\import_url_kabupaten.pyw", line 80, in setup_driver
    driver = uc.Chrome(
  File "C:\laragon\bin\python\python-3.10\lib\site-packages\undetected_chromedriver\__init__.py", line 372, in __init__
    options.binary_location = (
  File "C:\laragon\bin\python\python-3.10\lib\site-packages\selenium\webdriver\chromium\options.py", line 52, in binary_location
    raise TypeError(self.BINARY_LOCATION_ERROR)
TypeError: Binary Location Must be a String
2025-10-26 14:14:20,364 - ERROR - Error pada percobaan 112: Gagal total setup driver. Cek log di atas.
Traceback (most recent call last):
  File "C:\laragon\www\dapokalsel\sekolah\import_url_kabupaten.pyw", line 285, in process_url_induk
    raise Exception("Gagal total setup driver. Cek log di atas.")
Exception: Gagal total setup driver. Cek log di atas.
2025-10-26 14:14:20,364 - INFO - Percobaan ulang 113/300...
2025-10-26 14:14:35,371 - INFO - Memulai setup driver...
2025-10-26 14:14:35,371 - INFO - Menggunakan User Data Directory: C:\laragon\www\dapokalsel\chrome_profile
2025-10-26 14:14:35,371 - INFO - Menginisialisasi uc.Chrome()...
2025-10-26 14:14:38,571 - INFO - patching driver executable C:\laragon\www\dapokalsel\sekolah\~\appdata\roaming\undetected_chromedriver\undetected_chromedriver.exe
2025-10-26 14:14:38,651 - ERROR - GAGAL total saat setup driver: Binary Location Must be a String
Traceback (most recent call last):
  File "C:\laragon\www\dapokalsel\sekolah\import_url_kabupaten.pyw", line 80, in setup_driver
    driver = uc.Chrome(
  File "C:\laragon\bin\python\python-3.10\lib\site-packages\undetected_chromedriver\__init__.py", line 372, in __init__
    options.binary_location = (
  File "C:\laragon\bin\python\python-3.10\lib\site-packages\selenium\webdriver\chromium\options.py", line 52, in binary_location
    raise TypeError(self.BINARY_LOCATION_ERROR)
TypeError: Binary Location Must be a String
2025-10-26 14:14:38,651 - ERROR - Error pada percobaan 113: Gagal total setup driver. Cek log di atas.
Traceback (most recent call last):
  File "C:\laragon\www\dapokalsel\sekolah\import_url_kabupaten.pyw", line 285, in process_url_induk
    raise Exception("Gagal total setup driver. Cek log di atas.")
Exception: Gagal total setup driver. Cek log di atas.
2025-10-26 14:14:38,651 - INFO - Percobaan ulang 114/300...
2025-10-26 14:14:53,657 - INFO - Memulai setup driver...
2025-10-26 14:14:53,658 - INFO - Menggunakan User Data Directory: C:\laragon\www\dapokalsel\chrome_profile
2025-10-26 14:14:53,659 - INFO - Menginisialisasi uc.Chrome()...
2025-10-26 14:14:57,917 - INFO - patching driver executable C:\laragon\www\dapokalsel\sekolah\~\appdata\roaming\undetected_chromedriver\undetected_chromedriver.exe
2025-10-26 14:14:58,000 - ERROR - GAGAL total saat setup driver: Binary Location Must be a String
Traceback (most recent call last):
  File "C:\laragon\www\dapokalsel\sekolah\import_url_kabupaten.pyw", line 80, in setup_driver
    driver = uc.Chrome(
  File "C:\laragon\bin\python\python-3.10\lib\site-packages\undetected_chromedriver\__init__.py", line 372, in __init__
    options.binary_location = (
  File "C:\laragon\bin\python\python-3.10\lib\site-packages\selenium\webdriver\chromium\options.py", line 52, in binary_location
    raise TypeError(self.BINARY_LOCATION_ERROR)
TypeError: Binary Location Must be a String
2025-10-26 14:14:58,000 - ERROR - Error pada percobaan 114: Gagal total setup driver. Cek log di atas.
Traceback (most recent call last):
  File "C:\laragon\www\dapokalsel\sekolah\import_url_kabupaten.pyw", line 285, in process_url_induk
    raise Exception("Gagal total setup driver. Cek log di atas.")
Exception: Gagal total setup driver. Cek log di atas.
2025-10-26 14:14:58,000 - INFO - Percobaan ulang 115/300...
2025-10-26 14:15:13,014 - INFO - Memulai setup driver...
2025-10-26 14:15:13,014 - INFO - Menggunakan User Data Directory: C:\laragon\www\dapokalsel\chrome_profile
2025-10-26 14:15:13,014 - INFO - Menginisialisasi uc.Chrome()...
2025-10-26 14:15:16,298 - INFO - patching driver executable C:\laragon\www\dapokalsel\sekolah\~\appdata\roaming\undetected_chromedriver\undetected_chromedriver.exe
2025-10-26 14:15:16,466 - ERROR - GAGAL total saat setup driver: Binary Location Must be a String
Traceback (most recent call last):
  File "C:\laragon\www\dapokalsel\sekolah\import_url_kabupaten.pyw", line 80, in setup_driver
    driver = uc.Chrome(
  File "C:\laragon\bin\python\python-3.10\lib\site-packages\undetected_chromedriver\__init__.py", line 372, in __init__
    options.binary_location = (
  File "C:\laragon\bin\python\python-3.10\lib\site-packages\selenium\webdriver\chromium\options.py", line 52, in binary_location
    raise TypeError(self.BINARY_LOCATION_ERROR)
TypeError: Binary Location Must be a String
2025-10-26 14:15:16,466 - ERROR - Error pada percobaan 115: Gagal total setup driver. Cek log di atas.
Traceback (most recent call last):
  File "C:\laragon\www\dapokalsel\sekolah\import_url_kabupaten.pyw", line 285, in process_url_induk
    raise Exception("Gagal total setup driver. Cek log di atas.")
Exception: Gagal total setup driver. Cek log di atas.
2025-10-26 14:15:16,466 - INFO - Percobaan ulang 116/300...
2025-10-26 14:15:31,476 - INFO - Memulai setup driver...
2025-10-26 14:15:31,476 - INFO - Menggunakan User Data Directory: C:\laragon\www\dapokalsel\chrome_profile
2025-10-26 14:15:31,476 - INFO - Menginisialisasi uc.Chrome()...
2025-10-26 14:15:34,961 - INFO - patching driver executable C:\laragon\www\dapokalsel\sekolah\~\appdata\roaming\undetected_chromedriver\undetected_chromedriver.exe
2025-10-26 14:15:35,032 - ERROR - GAGAL total saat setup driver: Binary Location Must be a String
Traceback (most recent call last):
  File "C:\laragon\www\dapokalsel\sekolah\import_url_kabupaten.pyw", line 80, in setup_driver
    driver = uc.Chrome(
  File "C:\laragon\bin\python\python-3.10\lib\site-packages\undetected_chromedriver\__init__.py", line 372, in __init__
    options.binary_location = (
  File "C:\laragon\bin\python\python-3.10\lib\site-packages\selenium\webdriver\chromium\options.py", line 52, in binary_location
    raise TypeError(self.BINARY_LOCATION_ERROR)
TypeError: Binary Location Must be a String
2025-10-26 14:15:35,048 - ERROR - Error pada percobaan 116: Gagal total setup driver. Cek log di atas.
Traceback (most recent call last):
  File "C:\laragon\www\dapokalsel\sekolah\import_url_kabupaten.pyw", line 285, in process_url_induk
    raise Exception("Gagal total setup driver. Cek log di atas.")
Exception: Gagal total setup driver. Cek log di atas.
2025-10-26 14:15:35,052 - INFO - Percobaan ulang 117/300...
2025-10-26 14:15:50,063 - INFO - Memulai setup driver...
2025-10-26 14:15:50,064 - INFO - Menggunakan User Data Directory: C:\laragon\www\dapokalsel\chrome_profile
2025-10-26 14:15:50,064 - INFO - Menginisialisasi uc.Chrome()...
2025-10-26 14:15:53,679 - ERROR - GAGAL total saat setup driver: [WinError 183] Cannot create a file when that file already exists: 'C:\\laragon\\www\\dapokalsel\\sekolah\\~\\appdata\\roaming\\undetected_chromedriver\\undetected\\chromedriver-win32\\chromedriver.exe' -> 'C:\\laragon\\www\\dapokalsel\\sekolah\\~\\appdata\\roaming\\undetected_chromedriver\\undetected_chromedriver.exe'
Traceback (most recent call last):
  File "C:\laragon\www\dapokalsel\sekolah\import_url_kabupaten.pyw", line 80, in setup_driver
    driver = uc.Chrome(
  File "C:\laragon\bin\python\python-3.10\lib\site-packages\undetected_chromedriver\__init__.py", line 258, in __init__
    self.patcher.auto()
  File "C:\laragon\bin\python\python-3.10\lib\site-packages\undetected_chromedriver\patcher.py", line 178, in auto
    self.unzip_package(self.fetch_package())
  File "C:\laragon\bin\python\python-3.10\lib\site-packages\undetected_chromedriver\patcher.py", line 310, in unzip_package
    os.rename(os.path.join(self.zip_path, exe_path), self.executable_path)
FileExistsError: [WinError 183] Cannot create a file when that file already exists: 'C:\\laragon\\www\\dapokalsel\\sekolah\\~\\appdata\\roaming\\undetected_chromedriver\\undetected\\chromedriver-win32\\chromedriver.exe' -> 'C:\\laragon\\www\\dapokalsel\\sekolah\\~\\appdata\\roaming\\undetected_chromedriver\\undetected_chromedriver.exe'
2025-10-26 14:15:53,716 - ERROR - Error pada percobaan 117: Gagal total setup driver. Cek log di atas.
Traceback (most recent call last):
  File "C:\laragon\www\dapokalsel\sekolah\import_url_kabupaten.pyw", line 285, in process_url_induk
    raise Exception("Gagal total setup driver. Cek log di atas.")
Exception: Gagal total setup driver. Cek log di atas.
2025-10-26 14:15:53,716 - INFO - Percobaan ulang 118/300...
2025-10-26 14:16:08,733 - INFO - Memulai setup driver...
2025-10-26 14:16:08,734 - INFO - Menggunakan User Data Directory: C:\laragon\www\dapokalsel\chrome_profile
2025-10-26 14:16:08,735 - INFO - Menginisialisasi uc.Chrome()...
2025-10-26 14:16:12,946 - ERROR - GAGAL total saat setup driver: [WinError 183] Cannot create a file when that file already exists: 'C:\\laragon\\www\\dapokalsel\\sekolah\\~\\appdata\\roaming\\undetected_chromedriver\\undetected\\chromedriver-win32\\chromedriver.exe' -> 'C:\\laragon\\www\\dapokalsel\\sekolah\\~\\appdata\\roaming\\undetected_chromedriver\\undetected_chromedriver.exe'
Traceback (most recent call last):
  File "C:\laragon\www\dapokalsel\sekolah\import_url_kabupaten.pyw", line 80, in setup_driver
    driver = uc.Chrome(
  File "C:\laragon\bin\python\python-3.10\lib\site-packages\undetected_chromedriver\__init__.py", line 258, in __init__
    self.patcher.auto()
  File "C:\laragon\bin\python\python-3.10\lib\site-packages\undetected_chromedriver\patcher.py", line 178, in auto
    self.unzip_package(self.fetch_package())
  File "C:\laragon\bin\python\python-3.10\lib\site-packages\undetected_chromedriver\patcher.py", line 310, in unzip_package
    os.rename(os.path.join(self.zip_path, exe_path), self.executable_path)
FileExistsError: [WinError 183] Cannot create a file when that file already exists: 'C:\\laragon\\www\\dapokalsel\\sekolah\\~\\appdata\\roaming\\undetected_chromedriver\\undetected\\chromedriver-win32\\chromedriver.exe' -> 'C:\\laragon\\www\\dapokalsel\\sekolah\\~\\appdata\\roaming\\undetected_chromedriver\\undetected_chromedriver.exe'
2025-10-26 14:16:12,946 - ERROR - Error pada percobaan 118: Gagal total setup driver. Cek log di atas.
Traceback (most recent call last):
  File "C:\laragon\www\dapokalsel\sekolah\import_url_kabupaten.pyw", line 285, in process_url_induk
    raise Exception("Gagal total setup driver. Cek log di atas.")
Exception: Gagal total setup driver. Cek log di atas.
2025-10-26 14:16:12,946 - INFO - Percobaan ulang 119/300...
2025-10-26 14:16:27,952 - INFO - Memulai setup driver...
2025-10-26 14:16:27,953 - INFO - Menggunakan User Data Directory: C:\laragon\www\dapokalsel\chrome_profile
2025-10-26 14:16:27,954 - INFO - Menginisialisasi uc.Chrome()...
2025-10-26 14:16:33,061 - ERROR - GAGAL total saat setup driver: [WinError 183] Cannot create a file when that file already exists: 'C:\\laragon\\www\\dapokalsel\\sekolah\\~\\appdata\\roaming\\undetected_chromedriver\\undetected\\chromedriver-win32\\chromedriver.exe' -> 'C:\\laragon\\www\\dapokalsel\\sekolah\\~\\appdata\\roaming\\undetected_chromedriver\\undetected_chromedriver.exe'
Traceback (most recent call last):
  File "C:\laragon\www\dapokalsel\sekolah\import_url_kabupaten.pyw", line 80, in setup_driver
    driver = uc.Chrome(
  File "C:\laragon\bin\python\python-3.10\lib\site-packages\undetected_chromedriver\__init__.py", line 258, in __init__
    self.patcher.auto()
  File "C:\laragon\bin\python\python-3.10\lib\site-packages\undetected_chromedriver\patcher.py", line 178, in auto
    self.unzip_package(self.fetch_package())
  File "C:\laragon\bin\python\python-3.10\lib\site-packages\undetected_chromedriver\patcher.py", line 310, in unzip_package
    os.rename(os.path.join(self.zip_path, exe_path), self.executable_path)
FileExistsError: [WinError 183] Cannot create a file when that file already exists: 'C:\\laragon\\www\\dapokalsel\\sekolah\\~\\appdata\\roaming\\undetected_chromedriver\\undetected\\chromedriver-win32\\chromedriver.exe' -> 'C:\\laragon\\www\\dapokalsel\\sekolah\\~\\appdata\\roaming\\undetected_chromedriver\\undetected_chromedriver.exe'
2025-10-26 14:16:33,061 - ERROR - Error pada percobaan 119: Gagal total setup driver. Cek log di atas.
Traceback (most recent call last):
  File "C:\laragon\www\dapokalsel\sekolah\import_url_kabupaten.pyw", line 285, in process_url_induk
    raise Exception("Gagal total setup driver. Cek log di atas.")
Exception: Gagal total setup driver. Cek log di atas.
2025-10-26 14:16:33,061 - INFO - Percobaan ulang 120/300...
2025-10-26 14:16:48,062 - INFO - Memulai setup driver...
2025-10-26 14:16:48,064 - INFO - Menggunakan User Data Directory: C:\laragon\www\dapokalsel\chrome_profile
2025-10-26 14:16:48,065 - INFO - Menginisialisasi uc.Chrome()...
2025-10-26 14:16:51,494 - INFO - patching driver executable C:\laragon\www\dapokalsel\sekolah\~\appdata\roaming\undetected_chromedriver\undetected_chromedriver.exe
2025-10-26 14:16:51,577 - ERROR - GAGAL total saat setup driver: Binary Location Must be a String
Traceback (most recent call last):
  File "C:\laragon\www\dapokalsel\sekolah\import_url_kabupaten.pyw", line 80, in setup_driver
    driver = uc.Chrome(
  File "C:\laragon\bin\python\python-3.10\lib\site-packages\undetected_chromedriver\__init__.py", line 372, in __init__
    options.binary_location = (
  File "C:\laragon\bin\python\python-3.10\lib\site-packages\selenium\webdriver\chromium\options.py", line 52, in binary_location
    raise TypeError(self.BINARY_LOCATION_ERROR)
TypeError: Binary Location Must be a String
2025-10-26 14:16:51,577 - ERROR - Error pada percobaan 120: Gagal total setup driver. Cek log di atas.
Traceback (most recent call last):
  File "C:\laragon\www\dapokalsel\sekolah\import_url_kabupaten.pyw", line 285, in process_url_induk
    raise Exception("Gagal total setup driver. Cek log di atas.")
Exception: Gagal total setup driver. Cek log di atas.
2025-10-26 14:16:51,577 - INFO - Percobaan ulang 121/300...
2025-10-26 14:17:06,592 - INFO - Memulai setup driver...
2025-10-26 14:17:06,594 - INFO - Menggunakan User Data Directory: C:\laragon\www\dapokalsel\chrome_profile
2025-10-26 14:17:06,594 - INFO - Menginisialisasi uc.Chrome()...
2025-10-26 14:17:09,743 - INFO - patching driver executable C:\laragon\www\dapokalsel\sekolah\~\appdata\roaming\undetected_chromedriver\undetected_chromedriver.exe
2025-10-26 14:17:09,843 - ERROR - GAGAL total saat setup driver: Binary Location Must be a String
Traceback (most recent call last):
  File "C:\laragon\www\dapokalsel\sekolah\import_url_kabupaten.pyw", line 80, in setup_driver
    driver = uc.Chrome(
  File "C:\laragon\bin\python\python-3.10\lib\site-packages\undetected_chromedriver\__init__.py", line 372, in __init__
    options.binary_location = (
  File "C:\laragon\bin\python\python-3.10\lib\site-packages\selenium\webdriver\chromium\options.py", line 52, in binary_location
    raise TypeError(self.BINARY_LOCATION_ERROR)
TypeError: Binary Location Must be a String
2025-10-26 14:17:09,843 - ERROR - Error pada percobaan 121: Gagal total setup driver. Cek log di atas.
Traceback (most recent call last):
  File "C:\laragon\www\dapokalsel\sekolah\import_url_kabupaten.pyw", line 285, in process_url_induk
    raise Exception("Gagal total setup driver. Cek log di atas.")
Exception: Gagal total setup driver. Cek log di atas.
2025-10-26 14:17:09,843 - INFO - Percobaan ulang 122/300...
2025-10-26 14:17:24,844 - INFO - Memulai setup driver...
2025-10-26 14:17:24,844 - INFO - Menggunakan User Data Directory: C:\laragon\www\dapokalsel\chrome_profile
2025-10-26 14:17:24,844 - INFO - Menginisialisasi uc.Chrome()...
2025-10-26 14:17:28,456 - INFO - patching driver executable C:\laragon\www\dapokalsel\sekolah\~\appdata\roaming\undetected_chromedriver\undetected_chromedriver.exe
2025-10-26 14:17:28,525 - ERROR - GAGAL total saat setup driver: Binary Location Must be a String
Traceback (most recent call last):
  File "C:\laragon\www\dapokalsel\sekolah\import_url_kabupaten.pyw", line 80, in setup_driver
    driver = uc.Chrome(
  File "C:\laragon\bin\python\python-3.10\lib\site-packages\undetected_chromedriver\__init__.py", line 372, in __init__
    options.binary_location = (
  File "C:\laragon\bin\python\python-3.10\lib\site-packages\selenium\webdriver\chromium\options.py", line 52, in binary_location
    raise TypeError(self.BINARY_LOCATION_ERROR)
TypeError: Binary Location Must be a String
2025-10-26 14:17:28,542 - ERROR - Error pada percobaan 122: Gagal total setup driver. Cek log di atas.
Traceback (most recent call last):
  File "C:\laragon\www\dapokalsel\sekolah\import_url_kabupaten.pyw", line 285, in process_url_induk
    raise Exception("Gagal total setup driver. Cek log di atas.")
Exception: Gagal total setup driver. Cek log di atas.
2025-10-26 14:17:28,542 - INFO - Percobaan ulang 123/300...
2025-10-26 14:17:43,554 - INFO - Memulai setup driver...
2025-10-26 14:17:43,554 - INFO - Menggunakan User Data Directory: C:\laragon\www\dapokalsel\chrome_profile
2025-10-26 14:17:43,554 - INFO - Menginisialisasi uc.Chrome()...
2025-10-26 14:17:47,074 - INFO - patching driver executable C:\laragon\www\dapokalsel\sekolah\~\appdata\roaming\undetected_chromedriver\undetected_chromedriver.exe
2025-10-26 14:17:47,157 - ERROR - GAGAL total saat setup driver: Binary Location Must be a String
Traceback (most recent call last):
  File "C:\laragon\www\dapokalsel\sekolah\import_url_kabupaten.pyw", line 80, in setup_driver
    driver = uc.Chrome(
  File "C:\laragon\bin\python\python-3.10\lib\site-packages\undetected_chromedriver\__init__.py", line 372, in __init__
    options.binary_location = (
  File "C:\laragon\bin\python\python-3.10\lib\site-packages\selenium\webdriver\chromium\options.py", line 52, in binary_location
    raise TypeError(self.BINARY_LOCATION_ERROR)
TypeError: Binary Location Must be a String
2025-10-26 14:17:47,157 - ERROR - Error pada percobaan 123: Gagal total setup driver. Cek log di atas.
Traceback (most recent call last):
  File "C:\laragon\www\dapokalsel\sekolah\import_url_kabupaten.pyw", line 285, in process_url_induk
    raise Exception("Gagal total setup driver. Cek log di atas.")
Exception: Gagal total setup driver. Cek log di atas.
2025-10-26 14:17:47,157 - INFO - Percobaan ulang 124/300...
2025-10-26 14:18:02,163 - INFO - Memulai setup driver...
2025-10-26 14:18:02,164 - INFO - Menggunakan User Data Directory: C:\laragon\www\dapokalsel\chrome_profile
2025-10-26 14:18:02,165 - INFO - Menginisialisasi uc.Chrome()...
2025-10-26 14:18:05,873 - INFO - patching driver executable C:\laragon\www\dapokalsel\sekolah\~\appdata\roaming\undetected_chromedriver\undetected_chromedriver.exe
2025-10-26 14:18:05,973 - ERROR - GAGAL total saat setup driver: Binary Location Must be a String
Traceback (most recent call last):
  File "C:\laragon\www\dapokalsel\sekolah\import_url_kabupaten.pyw", line 80, in setup_driver
    driver = uc.Chrome(
  File "C:\laragon\bin\python\python-3.10\lib\site-packages\undetected_chromedriver\__init__.py", line 372, in __init__
    options.binary_location = (
  File "C:\laragon\bin\python\python-3.10\lib\site-packages\selenium\webdriver\chromium\options.py", line 52, in binary_location
    raise TypeError(self.BINARY_LOCATION_ERROR)
TypeError: Binary Location Must be a String
2025-10-26 14:18:05,973 - ERROR - Error pada percobaan 124: Gagal total setup driver. Cek log di atas.
Traceback (most recent call last):
  File "C:\laragon\www\dapokalsel\sekolah\import_url_kabupaten.pyw", line 285, in process_url_induk
    raise Exception("Gagal total setup driver. Cek log di atas.")
Exception: Gagal total setup driver. Cek log di atas.
2025-10-26 14:18:05,973 - INFO - Percobaan ulang 125/300...
2025-10-26 14:18:20,988 - INFO - Memulai setup driver...
2025-10-26 14:18:20,988 - INFO - Menggunakan User Data Directory: C:\laragon\www\dapokalsel\chrome_profile
2025-10-26 14:18:20,988 - INFO - Menginisialisasi uc.Chrome()...
2025-10-26 14:18:24,749 - INFO - patching driver executable C:\laragon\www\dapokalsel\sekolah\~\appdata\roaming\undetected_chromedriver\undetected_chromedriver.exe
2025-10-26 14:18:24,838 - ERROR - GAGAL total saat setup driver: Binary Location Must be a String
Traceback (most recent call last):
  File "C:\laragon\www\dapokalsel\sekolah\import_url_kabupaten.pyw", line 80, in setup_driver
    driver = uc.Chrome(
  File "C:\laragon\bin\python\python-3.10\lib\site-packages\undetected_chromedriver\__init__.py", line 372, in __init__
    options.binary_location = (
  File "C:\laragon\bin\python\python-3.10\lib\site-packages\selenium\webdriver\chromium\options.py", line 52, in binary_location
    raise TypeError(self.BINARY_LOCATION_ERROR)
TypeError: Binary Location Must be a String
2025-10-26 14:18:24,838 - ERROR - Error pada percobaan 125: Gagal total setup driver. Cek log di atas.
Traceback (most recent call last):
  File "C:\laragon\www\dapokalsel\sekolah\import_url_kabupaten.pyw", line 285, in process_url_induk
    raise Exception("Gagal total setup driver. Cek log di atas.")
Exception: Gagal total setup driver. Cek log di atas.
2025-10-26 14:18:24,838 - INFO - Percobaan ulang 126/300...
2025-10-26 14:18:39,839 - INFO - Memulai setup driver...
2025-10-26 14:18:39,840 - INFO - Menggunakan User Data Directory: C:\laragon\www\dapokalsel\chrome_profile
2025-10-26 14:18:39,840 - INFO - Menginisialisasi uc.Chrome()...
2025-10-26 14:18:43,299 - INFO - patching driver executable C:\laragon\www\dapokalsel\sekolah\~\appdata\roaming\undetected_chromedriver\undetected_chromedriver.exe
2025-10-26 14:18:43,371 - ERROR - GAGAL total saat setup driver: Binary Location Must be a String
Traceback (most recent call last):
  File "C:\laragon\www\dapokalsel\sekolah\import_url_kabupaten.pyw", line 80, in setup_driver
    driver = uc.Chrome(
  File "C:\laragon\bin\python\python-3.10\lib\site-packages\undetected_chromedriver\__init__.py", line 372, in __init__
    options.binary_location = (
  File "C:\laragon\bin\python\python-3.10\lib\site-packages\selenium\webdriver\chromium\options.py", line 52, in binary_location
    raise TypeError(self.BINARY_LOCATION_ERROR)
TypeError: Binary Location Must be a String
2025-10-26 14:18:43,371 - ERROR - Error pada percobaan 126: Gagal total setup driver. Cek log di atas.
Traceback (most recent call last):
  File "C:\laragon\www\dapokalsel\sekolah\import_url_kabupaten.pyw", line 285, in process_url_induk
    raise Exception("Gagal total setup driver. Cek log di atas.")
Exception: Gagal total setup driver. Cek log di atas.
2025-10-26 14:18:43,371 - INFO - Percobaan ulang 127/300...
2025-10-26 14:18:58,382 - INFO - Memulai setup driver...
2025-10-26 14:18:58,382 - INFO - Menggunakan User Data Directory: C:\laragon\www\dapokalsel\chrome_profile
2025-10-26 14:18:58,382 - INFO - Menginisialisasi uc.Chrome()...
2025-10-26 14:19:02,220 - INFO - patching driver executable C:\laragon\www\dapokalsel\sekolah\~\appdata\roaming\undetected_chromedriver\undetected_chromedriver.exe
2025-10-26 14:19:02,302 - ERROR - GAGAL total saat setup driver: Binary Location Must be a String
Traceback (most recent call last):
  File "C:\laragon\www\dapokalsel\sekolah\import_url_kabupaten.pyw", line 80, in setup_driver
    driver = uc.Chrome(
  File "C:\laragon\bin\python\python-3.10\lib\site-packages\undetected_chromedriver\__init__.py", line 372, in __init__
    options.binary_location = (
  File "C:\laragon\bin\python\python-3.10\lib\site-packages\selenium\webdriver\chromium\options.py", line 52, in binary_location
    raise TypeError(self.BINARY_LOCATION_ERROR)
TypeError: Binary Location Must be a String
2025-10-26 14:19:02,303 - ERROR - Error pada percobaan 127: Gagal total setup driver. Cek log di atas.
Traceback (most recent call last):
  File "C:\laragon\www\dapokalsel\sekolah\import_url_kabupaten.pyw", line 285, in process_url_induk
    raise Exception("Gagal total setup driver. Cek log di atas.")
Exception: Gagal total setup driver. Cek log di atas.
2025-10-26 14:19:02,303 - INFO - Percobaan ulang 128/300...
2025-10-26 14:19:17,306 - INFO - Memulai setup driver...
2025-10-26 14:19:17,309 - INFO - Menggunakan User Data Directory: C:\laragon\www\dapokalsel\chrome_profile
2025-10-26 14:19:17,309 - INFO - Menginisialisasi uc.Chrome()...
2025-10-26 14:19:21,236 - INFO - patching driver executable C:\laragon\www\dapokalsel\sekolah\~\appdata\roaming\undetected_chromedriver\undetected_chromedriver.exe
2025-10-26 14:19:21,319 - ERROR - GAGAL total saat setup driver: Binary Location Must be a String
Traceback (most recent call last):
  File "C:\laragon\www\dapokalsel\sekolah\import_url_kabupaten.pyw", line 80, in setup_driver
    driver = uc.Chrome(
  File "C:\laragon\bin\python\python-3.10\lib\site-packages\undetected_chromedriver\__init__.py", line 372, in __init__
    options.binary_location = (
  File "C:\laragon\bin\python\python-3.10\lib\site-packages\selenium\webdriver\chromium\options.py", line 52, in binary_location
    raise TypeError(self.BINARY_LOCATION_ERROR)
TypeError: Binary Location Must be a String
2025-10-26 14:19:21,319 - ERROR - Error pada percobaan 128: Gagal total setup driver. Cek log di atas.
Traceback (most recent call last):
  File "C:\laragon\www\dapokalsel\sekolah\import_url_kabupaten.pyw", line 285, in process_url_induk
    raise Exception("Gagal total setup driver. Cek log di atas.")
Exception: Gagal total setup driver. Cek log di atas.
2025-10-26 14:19:21,319 - INFO - Percobaan ulang 129/300...
2025-10-26 14:19:36,328 - INFO - Memulai setup driver...
2025-10-26 14:19:36,328 - INFO - Menggunakan User Data Directory: C:\laragon\www\dapokalsel\chrome_profile
2025-10-26 14:19:36,328 - INFO - Menginisialisasi uc.Chrome()...
2025-10-26 14:19:39,484 - INFO - patching driver executable C:\laragon\www\dapokalsel\sekolah\~\appdata\roaming\undetected_chromedriver\undetected_chromedriver.exe
2025-10-26 14:19:39,568 - ERROR - GAGAL total saat setup driver: Binary Location Must be a String
Traceback (most recent call last):
  File "C:\laragon\www\dapokalsel\sekolah\import_url_kabupaten.pyw", line 80, in setup_driver
    driver = uc.Chrome(
  File "C:\laragon\bin\python\python-3.10\lib\site-packages\undetected_chromedriver\__init__.py", line 372, in __init__
    options.binary_location = (
  File "C:\laragon\bin\python\python-3.10\lib\site-packages\selenium\webdriver\chromium\options.py", line 52, in binary_location
    raise TypeError(self.BINARY_LOCATION_ERROR)
TypeError: Binary Location Must be a String
2025-10-26 14:19:39,568 - ERROR - Error pada percobaan 129: Gagal total setup driver. Cek log di atas.
Traceback (most recent call last):
  File "C:\laragon\www\dapokalsel\sekolah\import_url_kabupaten.pyw", line 285, in process_url_induk
    raise Exception("Gagal total setup driver. Cek log di atas.")
Exception: Gagal total setup driver. Cek log di atas.
2025-10-26 14:19:39,568 - INFO - Percobaan ulang 130/300...
2025-10-26 14:19:54,568 - INFO - Memulai setup driver...
2025-10-26 14:19:54,569 - INFO - Menggunakan User Data Directory: C:\laragon\www\dapokalsel\chrome_profile
2025-10-26 14:19:54,569 - INFO - Menginisialisasi uc.Chrome()...
2025-10-26 14:19:57,567 - INFO - patching driver executable C:\laragon\www\dapokalsel\sekolah\~\appdata\roaming\undetected_chromedriver\undetected_chromedriver.exe
2025-10-26 14:19:57,647 - ERROR - GAGAL total saat setup driver: Binary Location Must be a String
Traceback (most recent call last):
  File "C:\laragon\www\dapokalsel\sekolah\import_url_kabupaten.pyw", line 80, in setup_driver
    driver = uc.Chrome(
  File "C:\laragon\bin\python\python-3.10\lib\site-packages\undetected_chromedriver\__init__.py", line 372, in __init__
    options.binary_location = (
  File "C:\laragon\bin\python\python-3.10\lib\site-packages\selenium\webdriver\chromium\options.py", line 52, in binary_location
    raise TypeError(self.BINARY_LOCATION_ERROR)
TypeError: Binary Location Must be a String
2025-10-26 14:19:57,647 - ERROR - Error pada percobaan 130: Gagal total setup driver. Cek log di atas.
Traceback (most recent call last):
  File "C:\laragon\www\dapokalsel\sekolah\import_url_kabupaten.pyw", line 285, in process_url_induk
    raise Exception("Gagal total setup driver. Cek log di atas.")
Exception: Gagal total setup driver. Cek log di atas.
2025-10-26 14:19:57,647 - INFO - Percobaan ulang 131/300...
2025-10-26 14:20:12,648 - INFO - Memulai setup driver...
2025-10-26 14:20:12,650 - INFO - Menggunakan User Data Directory: C:\laragon\www\dapokalsel\chrome_profile
2025-10-26 14:20:12,650 - INFO - Menginisialisasi uc.Chrome()...
2025-10-26 14:20:15,699 - INFO - patching driver executable C:\laragon\www\dapokalsel\sekolah\~\appdata\roaming\undetected_chromedriver\undetected_chromedriver.exe
2025-10-26 14:20:15,795 - ERROR - GAGAL total saat setup driver: Binary Location Must be a String
Traceback (most recent call last):
  File "C:\laragon\www\dapokalsel\sekolah\import_url_kabupaten.pyw", line 80, in setup_driver
    driver = uc.Chrome(
  File "C:\laragon\bin\python\python-3.10\lib\site-packages\undetected_chromedriver\__init__.py", line 372, in __init__
    options.binary_location = (
  File "C:\laragon\bin\python\python-3.10\lib\site-packages\selenium\webdriver\chromium\options.py", line 52, in binary_location
    raise TypeError(self.BINARY_LOCATION_ERROR)
TypeError: Binary Location Must be a String
2025-10-26 14:20:15,795 - ERROR - Error pada percobaan 131: Gagal total setup driver. Cek log di atas.
Traceback (most recent call last):
  File "C:\laragon\www\dapokalsel\sekolah\import_url_kabupaten.pyw", line 285, in process_url_induk
    raise Exception("Gagal total setup driver. Cek log di atas.")
Exception: Gagal total setup driver. Cek log di atas.
2025-10-26 14:20:15,795 - INFO - Percobaan ulang 132/300...
2025-10-26 14:20:30,798 - INFO - Memulai setup driver...
2025-10-26 14:20:30,799 - INFO - Menggunakan User Data Directory: C:\laragon\www\dapokalsel\chrome_profile
2025-10-26 14:20:30,799 - INFO - Menginisialisasi uc.Chrome()...
2025-10-26 14:20:34,233 - INFO - patching driver executable C:\laragon\www\dapokalsel\sekolah\~\appdata\roaming\undetected_chromedriver\undetected_chromedriver.exe
2025-10-26 14:20:34,319 - ERROR - GAGAL total saat setup driver: Binary Location Must be a String
Traceback (most recent call last):
  File "C:\laragon\www\dapokalsel\sekolah\import_url_kabupaten.pyw", line 80, in setup_driver
    driver = uc.Chrome(
  File "C:\laragon\bin\python\python-3.10\lib\site-packages\undetected_chromedriver\__init__.py", line 372, in __init__
    options.binary_location = (
  File "C:\laragon\bin\python\python-3.10\lib\site-packages\selenium\webdriver\chromium\options.py", line 52, in binary_location
    raise TypeError(self.BINARY_LOCATION_ERROR)
TypeError: Binary Location Must be a String
2025-10-26 14:20:34,319 - ERROR - Error pada percobaan 132: Gagal total setup driver. Cek log di atas.
Traceback (most recent call last):
  File "C:\laragon\www\dapokalsel\sekolah\import_url_kabupaten.pyw", line 285, in process_url_induk
    raise Exception("Gagal total setup driver. Cek log di atas.")
Exception: Gagal total setup driver. Cek log di atas.
2025-10-26 14:20:34,319 - INFO - Percobaan ulang 133/300...
2025-10-26 14:20:49,320 - INFO - Memulai setup driver...
2025-10-26 14:20:49,321 - INFO - Menggunakan User Data Directory: C:\laragon\www\dapokalsel\chrome_profile
2025-10-26 14:20:49,322 - INFO - Menginisialisasi uc.Chrome()...
2025-10-26 14:20:53,109 - INFO - patching driver executable C:\laragon\www\dapokalsel\sekolah\~\appdata\roaming\undetected_chromedriver\undetected_chromedriver.exe
2025-10-26 14:20:53,205 - ERROR - GAGAL total saat setup driver: Binary Location Must be a String
Traceback (most recent call last):
  File "C:\laragon\www\dapokalsel\sekolah\import_url_kabupaten.pyw", line 80, in setup_driver
    driver = uc.Chrome(
  File "C:\laragon\bin\python\python-3.10\lib\site-packages\undetected_chromedriver\__init__.py", line 372, in __init__
    options.binary_location = (
  File "C:\laragon\bin\python\python-3.10\lib\site-packages\selenium\webdriver\chromium\options.py", line 52, in binary_location
    raise TypeError(self.BINARY_LOCATION_ERROR)
TypeError: Binary Location Must be a String
2025-10-26 14:20:53,205 - ERROR - Error pada percobaan 133: Gagal total setup driver. Cek log di atas.
Traceback (most recent call last):
  File "C:\laragon\www\dapokalsel\sekolah\import_url_kabupaten.pyw", line 285, in process_url_induk
    raise Exception("Gagal total setup driver. Cek log di atas.")
Exception: Gagal total setup driver. Cek log di atas.
2025-10-26 14:20:53,206 - INFO - Percobaan ulang 134/300...
2025-10-26 14:21:08,215 - INFO - Memulai setup driver...
2025-10-26 14:21:08,215 - INFO - Menggunakan User Data Directory: C:\laragon\www\dapokalsel\chrome_profile
2025-10-26 14:21:08,215 - INFO - Menginisialisasi uc.Chrome()...
2025-10-26 14:21:11,686 - INFO - patching driver executable C:\laragon\www\dapokalsel\sekolah\~\appdata\roaming\undetected_chromedriver\undetected_chromedriver.exe
2025-10-26 14:21:11,763 - ERROR - GAGAL total saat setup driver: Binary Location Must be a String
Traceback (most recent call last):
  File "C:\laragon\www\dapokalsel\sekolah\import_url_kabupaten.pyw", line 80, in setup_driver
    driver = uc.Chrome(
  File "C:\laragon\bin\python\python-3.10\lib\site-packages\undetected_chromedriver\__init__.py", line 372, in __init__
    options.binary_location = (
  File "C:\laragon\bin\python\python-3.10\lib\site-packages\selenium\webdriver\chromium\options.py", line 52, in binary_location
    raise TypeError(self.BINARY_LOCATION_ERROR)
TypeError: Binary Location Must be a String
2025-10-26 14:21:11,763 - ERROR - Error pada percobaan 134: Gagal total setup driver. Cek log di atas.
Traceback (most recent call last):
  File "C:\laragon\www\dapokalsel\sekolah\import_url_kabupaten.pyw", line 285, in process_url_induk
    raise Exception("Gagal total setup driver. Cek log di atas.")
Exception: Gagal total setup driver. Cek log di atas.
2025-10-26 14:21:11,763 - INFO - Percobaan ulang 135/300...
2025-10-26 14:21:26,764 - INFO - Memulai setup driver...
2025-10-26 14:21:26,764 - INFO - Menggunakan User Data Directory: C:\laragon\www\dapokalsel\chrome_profile
2025-10-26 14:21:26,764 - INFO - Menginisialisasi uc.Chrome()...
2025-10-26 14:21:31,206 - INFO - patching driver executable C:\laragon\www\dapokalsel\sekolah\~\appdata\roaming\undetected_chromedriver\undetected_chromedriver.exe
2025-10-26 14:21:31,293 - ERROR - GAGAL total saat setup driver: Binary Location Must be a String
Traceback (most recent call last):
  File "C:\laragon\www\dapokalsel\sekolah\import_url_kabupaten.pyw", line 80, in setup_driver
    driver = uc.Chrome(
  File "C:\laragon\bin\python\python-3.10\lib\site-packages\undetected_chromedriver\__init__.py", line 372, in __init__
    options.binary_location = (
  File "C:\laragon\bin\python\python-3.10\lib\site-packages\selenium\webdriver\chromium\options.py", line 52, in binary_location
    raise TypeError(self.BINARY_LOCATION_ERROR)
TypeError: Binary Location Must be a String
2025-10-26 14:21:31,293 - ERROR - Error pada percobaan 135: Gagal total setup driver. Cek log di atas.
Traceback (most recent call last):
  File "C:\laragon\www\dapokalsel\sekolah\import_url_kabupaten.pyw", line 285, in process_url_induk
    raise Exception("Gagal total setup driver. Cek log di atas.")
Exception: Gagal total setup driver. Cek log di atas.
2025-10-26 14:21:31,294 - INFO - Percobaan ulang 136/300...
2025-10-26 14:21:46,296 - INFO - Memulai setup driver...
2025-10-26 14:21:46,299 - INFO - Menggunakan User Data Directory: C:\laragon\www\dapokalsel\chrome_profile
2025-10-26 14:21:46,301 - INFO - Menginisialisasi uc.Chrome()...
2025-10-26 14:21:50,611 - INFO - patching driver executable C:\laragon\www\dapokalsel\sekolah\~\appdata\roaming\undetected_chromedriver\undetected_chromedriver.exe
2025-10-26 14:21:50,695 - ERROR - GAGAL total saat setup driver: Binary Location Must be a String
Traceback (most recent call last):
  File "C:\laragon\www\dapokalsel\sekolah\import_url_kabupaten.pyw", line 80, in setup_driver
    driver = uc.Chrome(
  File "C:\laragon\bin\python\python-3.10\lib\site-packages\undetected_chromedriver\__init__.py", line 372, in __init__
    options.binary_location = (
  File "C:\laragon\bin\python\python-3.10\lib\site-packages\selenium\webdriver\chromium\options.py", line 52, in binary_location
    raise TypeError(self.BINARY_LOCATION_ERROR)
TypeError: Binary Location Must be a String
2025-10-26 14:21:50,695 - ERROR - Error pada percobaan 136: Gagal total setup driver. Cek log di atas.
Traceback (most recent call last):
  File "C:\laragon\www\dapokalsel\sekolah\import_url_kabupaten.pyw", line 285, in process_url_induk
    raise Exception("Gagal total setup driver. Cek log di atas.")
Exception: Gagal total setup driver. Cek log di atas.
2025-10-26 14:21:50,695 - INFO - Percobaan ulang 137/300...
2025-10-26 14:22:05,703 - INFO - Memulai setup driver...
2025-10-26 14:22:05,703 - INFO - Menggunakan User Data Directory: C:\laragon\www\dapokalsel\chrome_profile
2025-10-26 14:22:05,703 - INFO - Menginisialisasi uc.Chrome()...
2025-10-26 14:22:10,193 - INFO - patching driver executable C:\laragon\www\dapokalsel\sekolah\~\appdata\roaming\undetected_chromedriver\undetected_chromedriver.exe
2025-10-26 14:22:10,276 - ERROR - GAGAL total saat setup driver: Binary Location Must be a String
Traceback (most recent call last):
  File "C:\laragon\www\dapokalsel\sekolah\import_url_kabupaten.pyw", line 80, in setup_driver
    driver = uc.Chrome(
  File "C:\laragon\bin\python\python-3.10\lib\site-packages\undetected_chromedriver\__init__.py", line 372, in __init__
    options.binary_location = (
  File "C:\laragon\bin\python\python-3.10\lib\site-packages\selenium\webdriver\chromium\options.py", line 52, in binary_location
    raise TypeError(self.BINARY_LOCATION_ERROR)
TypeError: Binary Location Must be a String
2025-10-26 14:22:10,276 - ERROR - Error pada percobaan 137: Gagal total setup driver. Cek log di atas.
Traceback (most recent call last):
  File "C:\laragon\www\dapokalsel\sekolah\import_url_kabupaten.pyw", line 285, in process_url_induk
    raise Exception("Gagal total setup driver. Cek log di atas.")
Exception: Gagal total setup driver. Cek log di atas.
2025-10-26 14:22:10,276 - INFO - Percobaan ulang 138/300...
2025-10-26 14:22:25,278 - INFO - Memulai setup driver...
2025-10-26 14:22:25,280 - INFO - Menggunakan User Data Directory: C:\laragon\www\dapokalsel\chrome_profile
2025-10-26 14:22:25,282 - INFO - Menginisialisasi uc.Chrome()...
2025-10-26 14:22:28,442 - INFO - patching driver executable C:\laragon\www\dapokalsel\sekolah\~\appdata\roaming\undetected_chromedriver\undetected_chromedriver.exe
2025-10-26 14:22:28,524 - ERROR - GAGAL total saat setup driver: Binary Location Must be a String
Traceback (most recent call last):
  File "C:\laragon\www\dapokalsel\sekolah\import_url_kabupaten.pyw", line 80, in setup_driver
    driver = uc.Chrome(
  File "C:\laragon\bin\python\python-3.10\lib\site-packages\undetected_chromedriver\__init__.py", line 372, in __init__
    options.binary_location = (
  File "C:\laragon\bin\python\python-3.10\lib\site-packages\selenium\webdriver\chromium\options.py", line 52, in binary_location
    raise TypeError(self.BINARY_LOCATION_ERROR)
TypeError: Binary Location Must be a String
2025-10-26 14:22:28,524 - ERROR - Error pada percobaan 138: Gagal total setup driver. Cek log di atas.
Traceback (most recent call last):
  File "C:\laragon\www\dapokalsel\sekolah\import_url_kabupaten.pyw", line 285, in process_url_induk
    raise Exception("Gagal total setup driver. Cek log di atas.")
Exception: Gagal total setup driver. Cek log di atas.
2025-10-26 14:22:28,524 - INFO - Percobaan ulang 139/300...
2025-10-26 14:22:43,525 - INFO - Memulai setup driver...
2025-10-26 14:22:43,525 - INFO - Menggunakan User Data Directory: C:\laragon\www\dapokalsel\chrome_profile
2025-10-26 14:22:43,525 - INFO - Menginisialisasi uc.Chrome()...
2025-10-26 14:22:47,174 - INFO - patching driver executable C:\laragon\www\dapokalsel\sekolah\~\appdata\roaming\undetected_chromedriver\undetected_chromedriver.exe
2025-10-26 14:22:47,273 - ERROR - GAGAL total saat setup driver: Binary Location Must be a String
Traceback (most recent call last):
  File "C:\laragon\www\dapokalsel\sekolah\import_url_kabupaten.pyw", line 80, in setup_driver
    driver = uc.Chrome(
  File "C:\laragon\bin\python\python-3.10\lib\site-packages\undetected_chromedriver\__init__.py", line 372, in __init__
    options.binary_location = (
  File "C:\laragon\bin\python\python-3.10\lib\site-packages\selenium\webdriver\chromium\options.py", line 52, in binary_location
    raise TypeError(self.BINARY_LOCATION_ERROR)
TypeError: Binary Location Must be a String
2025-10-26 14:22:47,273 - ERROR - Error pada percobaan 139: Gagal total setup driver. Cek log di atas.
Traceback (most recent call last):
  File "C:\laragon\www\dapokalsel\sekolah\import_url_kabupaten.pyw", line 285, in process_url_induk
    raise Exception("Gagal total setup driver. Cek log di atas.")
Exception: Gagal total setup driver. Cek log di atas.
2025-10-26 14:22:47,274 - INFO - Percobaan ulang 140/300...
2025-10-26 14:23:02,289 - INFO - Memulai setup driver...
2025-10-26 14:23:02,289 - INFO - Menggunakan User Data Directory: C:\laragon\www\dapokalsel\chrome_profile
2025-10-26 14:23:02,289 - INFO - Menginisialisasi uc.Chrome()...
2025-10-26 14:23:05,278 - INFO - patching driver executable C:\laragon\www\dapokalsel\sekolah\~\appdata\roaming\undetected_chromedriver\undetected_chromedriver.exe
2025-10-26 14:23:05,357 - ERROR - GAGAL total saat setup driver: Binary Location Must be a String
Traceback (most recent call last):
  File "C:\laragon\www\dapokalsel\sekolah\import_url_kabupaten.pyw", line 80, in setup_driver
    driver = uc.Chrome(
  File "C:\laragon\bin\python\python-3.10\lib\site-packages\undetected_chromedriver\__init__.py", line 372, in __init__
    options.binary_location = (
  File "C:\laragon\bin\python\python-3.10\lib\site-packages\selenium\webdriver\chromium\options.py", line 52, in binary_location
    raise TypeError(self.BINARY_LOCATION_ERROR)
TypeError: Binary Location Must be a String
2025-10-26 14:23:05,357 - ERROR - Error pada percobaan 140: Gagal total setup driver. Cek log di atas.
Traceback (most recent call last):
  File "C:\laragon\www\dapokalsel\sekolah\import_url_kabupaten.pyw", line 285, in process_url_induk
    raise Exception("Gagal total setup driver. Cek log di atas.")
Exception: Gagal total setup driver. Cek log di atas.
2025-10-26 14:23:05,357 - INFO - Percobaan ulang 141/300...
2025-10-26 14:23:20,367 - INFO - Memulai setup driver...
2025-10-26 14:23:20,367 - INFO - Menggunakan User Data Directory: C:\laragon\www\dapokalsel\chrome_profile
2025-10-26 14:23:20,367 - INFO - Menginisialisasi uc.Chrome()...
2025-10-26 14:23:26,139 - INFO - patching driver executable C:\laragon\www\dapokalsel\sekolah\~\appdata\roaming\undetected_chromedriver\undetected_chromedriver.exe
2025-10-26 14:23:26,236 - ERROR - GAGAL total saat setup driver: Binary Location Must be a String
Traceback (most recent call last):
  File "C:\laragon\www\dapokalsel\sekolah\import_url_kabupaten.pyw", line 80, in setup_driver
    driver = uc.Chrome(
  File "C:\laragon\bin\python\python-3.10\lib\site-packages\undetected_chromedriver\__init__.py", line 372, in __init__
    options.binary_location = (
  File "C:\laragon\bin\python\python-3.10\lib\site-packages\selenium\webdriver\chromium\options.py", line 52, in binary_location
    raise TypeError(self.BINARY_LOCATION_ERROR)
TypeError: Binary Location Must be a String
2025-10-26 14:23:26,236 - ERROR - Error pada percobaan 141: Gagal total setup driver. Cek log di atas.
Traceback (most recent call last):
  File "C:\laragon\www\dapokalsel\sekolah\import_url_kabupaten.pyw", line 285, in process_url_induk
    raise Exception("Gagal total setup driver. Cek log di atas.")
Exception: Gagal total setup driver. Cek log di atas.
2025-10-26 14:23:26,240 - INFO - Percobaan ulang 142/300...
2025-10-26 14:23:41,254 - INFO - Memulai setup driver...
2025-10-26 14:23:41,254 - INFO - Menggunakan User Data Directory: C:\laragon\www\dapokalsel\chrome_profile
2025-10-26 14:23:41,255 - INFO - Menginisialisasi uc.Chrome()...
2025-10-26 14:23:44,163 - INFO - patching driver executable C:\laragon\www\dapokalsel\sekolah\~\appdata\roaming\undetected_chromedriver\undetected_chromedriver.exe
2025-10-26 14:23:44,252 - ERROR - GAGAL total saat setup driver: Binary Location Must be a String
Traceback (most recent call last):
  File "C:\laragon\www\dapokalsel\sekolah\import_url_kabupaten.pyw", line 80, in setup_driver
    driver = uc.Chrome(
  File "C:\laragon\bin\python\python-3.10\lib\site-packages\undetected_chromedriver\__init__.py", line 372, in __init__
    options.binary_location = (
  File "C:\laragon\bin\python\python-3.10\lib\site-packages\selenium\webdriver\chromium\options.py", line 52, in binary_location
    raise TypeError(self.BINARY_LOCATION_ERROR)
TypeError: Binary Location Must be a String
2025-10-26 14:23:44,252 - ERROR - Error pada percobaan 142: Gagal total setup driver. Cek log di atas.
Traceback (most recent call last):
  File "C:\laragon\www\dapokalsel\sekolah\import_url_kabupaten.pyw", line 285, in process_url_induk
    raise Exception("Gagal total setup driver. Cek log di atas.")
Exception: Gagal total setup driver. Cek log di atas.
2025-10-26 14:23:44,252 - INFO - Percobaan ulang 143/300...
2025-10-26 14:23:59,253 - INFO - Memulai setup driver...
2025-10-26 14:23:59,253 - INFO - Menggunakan User Data Directory: C:\laragon\www\dapokalsel\chrome_profile
2025-10-26 14:23:59,253 - INFO - Menginisialisasi uc.Chrome()...
2025-10-26 14:24:02,223 - INFO - patching driver executable C:\laragon\www\dapokalsel\sekolah\~\appdata\roaming\undetected_chromedriver\undetected_chromedriver.exe
2025-10-26 14:24:02,303 - ERROR - GAGAL total saat setup driver: Binary Location Must be a String
Traceback (most recent call last):
  File "C:\laragon\www\dapokalsel\sekolah\import_url_kabupaten.pyw", line 80, in setup_driver
    driver = uc.Chrome(
  File "C:\laragon\bin\python\python-3.10\lib\site-packages\undetected_chromedriver\__init__.py", line 372, in __init__
    options.binary_location = (
  File "C:\laragon\bin\python\python-3.10\lib\site-packages\selenium\webdriver\chromium\options.py", line 52, in binary_location
    raise TypeError(self.BINARY_LOCATION_ERROR)
TypeError: Binary Location Must be a String
2025-10-26 14:24:02,319 - ERROR - Error pada percobaan 143: Gagal total setup driver. Cek log di atas.
Traceback (most recent call last):
  File "C:\laragon\www\dapokalsel\sekolah\import_url_kabupaten.pyw", line 285, in process_url_induk
    raise Exception("Gagal total setup driver. Cek log di atas.")
Exception: Gagal total setup driver. Cek log di atas.
2025-10-26 14:24:02,321 - INFO - Percobaan ulang 144/300...
2025-10-26 14:24:17,338 - INFO - Memulai setup driver...
2025-10-26 14:24:17,338 - INFO - Menggunakan User Data Directory: C:\laragon\www\dapokalsel\chrome_profile
2025-10-26 14:24:17,338 - INFO - Menginisialisasi uc.Chrome()...
2025-10-26 14:24:20,928 - INFO - patching driver executable C:\laragon\www\dapokalsel\sekolah\~\appdata\roaming\undetected_chromedriver\undetected_chromedriver.exe
2025-10-26 14:24:21,038 - ERROR - GAGAL total saat setup driver: Binary Location Must be a String
Traceback (most recent call last):
  File "C:\laragon\www\dapokalsel\sekolah\import_url_kabupaten.pyw", line 80, in setup_driver
    driver = uc.Chrome(
  File "C:\laragon\bin\python\python-3.10\lib\site-packages\undetected_chromedriver\__init__.py", line 372, in __init__
    options.binary_location = (
  File "C:\laragon\bin\python\python-3.10\lib\site-packages\selenium\webdriver\chromium\options.py", line 52, in binary_location
    raise TypeError(self.BINARY_LOCATION_ERROR)
TypeError: Binary Location Must be a String
2025-10-26 14:24:21,038 - ERROR - Error pada percobaan 144: Gagal total setup driver. Cek log di atas.
Traceback (most recent call last):
  File "C:\laragon\www\dapokalsel\sekolah\import_url_kabupaten.pyw", line 285, in process_url_induk
    raise Exception("Gagal total setup driver. Cek log di atas.")
Exception: Gagal total setup driver. Cek log di atas.
2025-10-26 14:24:21,038 - INFO - Percobaan ulang 145/300...
2025-10-26 14:24:36,039 - INFO - Memulai setup driver...
2025-10-26 14:24:36,039 - INFO - Menggunakan User Data Directory: C:\laragon\www\dapokalsel\chrome_profile
2025-10-26 14:24:36,040 - INFO - Menginisialisasi uc.Chrome()...
2025-10-26 14:24:39,851 - INFO - patching driver executable C:\laragon\www\dapokalsel\sekolah\~\appdata\roaming\undetected_chromedriver\undetected_chromedriver.exe
2025-10-26 14:24:39,951 - ERROR - GAGAL total saat setup driver: Binary Location Must be a String
Traceback (most recent call last):
  File "C:\laragon\www\dapokalsel\sekolah\import_url_kabupaten.pyw", line 80, in setup_driver
    driver = uc.Chrome(
  File "C:\laragon\bin\python\python-3.10\lib\site-packages\undetected_chromedriver\__init__.py", line 372, in __init__
    options.binary_location = (
  File "C:\laragon\bin\python\python-3.10\lib\site-packages\selenium\webdriver\chromium\options.py", line 52, in binary_location
    raise TypeError(self.BINARY_LOCATION_ERROR)
TypeError: Binary Location Must be a String
2025-10-26 14:24:39,951 - ERROR - Error pada percobaan 145: Gagal total setup driver. Cek log di atas.
Traceback (most recent call last):
  File "C:\laragon\www\dapokalsel\sekolah\import_url_kabupaten.pyw", line 285, in process_url_induk
    raise Exception("Gagal total setup driver. Cek log di atas.")
Exception: Gagal total setup driver. Cek log di atas.
2025-10-26 14:24:39,951 - INFO - Percobaan ulang 146/300...
2025-10-26 14:24:54,954 - INFO - Memulai setup driver...
2025-10-26 14:24:54,954 - INFO - Menggunakan User Data Directory: C:\laragon\www\dapokalsel\chrome_profile
2025-10-26 14:24:54,954 - INFO - Menginisialisasi uc.Chrome()...
2025-10-26 14:24:58,097 - INFO - patching driver executable C:\laragon\www\dapokalsel\sekolah\~\appdata\roaming\undetected_chromedriver\undetected_chromedriver.exe
2025-10-26 14:24:58,167 - ERROR - GAGAL total saat setup driver: Binary Location Must be a String
Traceback (most recent call last):
  File "C:\laragon\www\dapokalsel\sekolah\import_url_kabupaten.pyw", line 80, in setup_driver
    driver = uc.Chrome(
  File "C:\laragon\bin\python\python-3.10\lib\site-packages\undetected_chromedriver\__init__.py", line 372, in __init__
    options.binary_location = (
  File "C:\laragon\bin\python\python-3.10\lib\site-packages\selenium\webdriver\chromium\options.py", line 52, in binary_location
    raise TypeError(self.BINARY_LOCATION_ERROR)
TypeError: Binary Location Must be a String
2025-10-26 14:24:58,167 - ERROR - Error pada percobaan 146: Gagal total setup driver. Cek log di atas.
Traceback (most recent call last):
  File "C:\laragon\www\dapokalsel\sekolah\import_url_kabupaten.pyw", line 285, in process_url_induk
    raise Exception("Gagal total setup driver. Cek log di atas.")
Exception: Gagal total setup driver. Cek log di atas.
2025-10-26 14:24:58,167 - INFO - Percobaan ulang 147/300...
2025-10-26 14:25:13,182 - INFO - Memulai setup driver...
2025-10-26 14:25:13,184 - INFO - Menggunakan User Data Directory: C:\laragon\www\dapokalsel\chrome_profile
2025-10-26 14:25:13,184 - INFO - Menginisialisasi uc.Chrome()...
2025-10-26 14:25:16,399 - INFO - patching driver executable C:\laragon\www\dapokalsel\sekolah\~\appdata\roaming\undetected_chromedriver\undetected_chromedriver.exe
2025-10-26 14:25:16,475 - ERROR - GAGAL total saat setup driver: Binary Location Must be a String
Traceback (most recent call last):
  File "C:\laragon\www\dapokalsel\sekolah\import_url_kabupaten.pyw", line 80, in setup_driver
    driver = uc.Chrome(
  File "C:\laragon\bin\python\python-3.10\lib\site-packages\undetected_chromedriver\__init__.py", line 372, in __init__
    options.binary_location = (
  File "C:\laragon\bin\python\python-3.10\lib\site-packages\selenium\webdriver\chromium\options.py", line 52, in binary_location
    raise TypeError(self.BINARY_LOCATION_ERROR)
TypeError: Binary Location Must be a String
2025-10-26 14:25:16,475 - ERROR - Error pada percobaan 147: Gagal total setup driver. Cek log di atas.
Traceback (most recent call last):
  File "C:\laragon\www\dapokalsel\sekolah\import_url_kabupaten.pyw", line 285, in process_url_induk
    raise Exception("Gagal total setup driver. Cek log di atas.")
Exception: Gagal total setup driver. Cek log di atas.
2025-10-26 14:25:16,475 - INFO - Percobaan ulang 148/300...
2025-10-26 14:25:31,476 - INFO - Memulai setup driver...
2025-10-26 14:25:31,477 - INFO - Menggunakan User Data Directory: C:\laragon\www\dapokalsel\chrome_profile
2025-10-26 14:25:31,477 - INFO - Menginisialisasi uc.Chrome()...
2025-10-26 14:25:34,899 - INFO - patching driver executable C:\laragon\www\dapokalsel\sekolah\~\appdata\roaming\undetected_chromedriver\undetected_chromedriver.exe
2025-10-26 14:25:34,992 - ERROR - GAGAL total saat setup driver: Binary Location Must be a String
Traceback (most recent call last):
  File "C:\laragon\www\dapokalsel\sekolah\import_url_kabupaten.pyw", line 80, in setup_driver
    driver = uc.Chrome(
  File "C:\laragon\bin\python\python-3.10\lib\site-packages\undetected_chromedriver\__init__.py", line 372, in __init__
    options.binary_location = (
  File "C:\laragon\bin\python\python-3.10\lib\site-packages\selenium\webdriver\chromium\options.py", line 52, in binary_location
    raise TypeError(self.BINARY_LOCATION_ERROR)
TypeError: Binary Location Must be a String
2025-10-26 14:25:34,992 - ERROR - Error pada percobaan 148: Gagal total setup driver. Cek log di atas.
Traceback (most recent call last):
  File "C:\laragon\www\dapokalsel\sekolah\import_url_kabupaten.pyw", line 285, in process_url_induk
    raise Exception("Gagal total setup driver. Cek log di atas.")
Exception: Gagal total setup driver. Cek log di atas.
2025-10-26 14:25:34,992 - INFO - Percobaan ulang 149/300...
2025-10-26 14:25:49,999 - INFO - Memulai setup driver...
2025-10-26 14:25:49,999 - INFO - Menggunakan User Data Directory: C:\laragon\www\dapokalsel\chrome_profile
2025-10-26 14:25:49,999 - INFO - Menginisialisasi uc.Chrome()...
2025-10-26 14:25:53,296 - INFO - patching driver executable C:\laragon\www\dapokalsel\sekolah\~\appdata\roaming\undetected_chromedriver\undetected_chromedriver.exe
2025-10-26 14:25:53,364 - ERROR - GAGAL total saat setup driver: Binary Location Must be a String
Traceback (most recent call last):
  File "C:\laragon\www\dapokalsel\sekolah\import_url_kabupaten.pyw", line 80, in setup_driver
    driver = uc.Chrome(
  File "C:\laragon\bin\python\python-3.10\lib\site-packages\undetected_chromedriver\__init__.py", line 372, in __init__
    options.binary_location = (
  File "C:\laragon\bin\python\python-3.10\lib\site-packages\selenium\webdriver\chromium\options.py", line 52, in binary_location
    raise TypeError(self.BINARY_LOCATION_ERROR)
TypeError: Binary Location Must be a String
2025-10-26 14:25:53,364 - ERROR - Error pada percobaan 149: Gagal total setup driver. Cek log di atas.
Traceback (most recent call last):
  File "C:\laragon\www\dapokalsel\sekolah\import_url_kabupaten.pyw", line 285, in process_url_induk
    raise Exception("Gagal total setup driver. Cek log di atas.")
Exception: Gagal total setup driver. Cek log di atas.
2025-10-26 14:25:53,380 - INFO - Percobaan ulang 150/300...
2025-10-26 14:26:08,380 - INFO - Memulai setup driver...
2025-10-26 14:26:08,384 - INFO - Menggunakan User Data Directory: C:\laragon\www\dapokalsel\chrome_profile
2025-10-26 14:26:08,385 - INFO - Menginisialisasi uc.Chrome()...
2025-10-26 14:26:11,346 - INFO - patching driver executable C:\laragon\www\dapokalsel\sekolah\~\appdata\roaming\undetected_chromedriver\undetected_chromedriver.exe
2025-10-26 14:26:11,430 - ERROR - GAGAL total saat setup driver: Binary Location Must be a String
Traceback (most recent call last):
  File "C:\laragon\www\dapokalsel\sekolah\import_url_kabupaten.pyw", line 80, in setup_driver
    driver = uc.Chrome(
  File "C:\laragon\bin\python\python-3.10\lib\site-packages\undetected_chromedriver\__init__.py", line 372, in __init__
    options.binary_location = (
  File "C:\laragon\bin\python\python-3.10\lib\site-packages\selenium\webdriver\chromium\options.py", line 52, in binary_location
    raise TypeError(self.BINARY_LOCATION_ERROR)
TypeError: Binary Location Must be a String
2025-10-26 14:26:11,430 - ERROR - Error pada percobaan 150: Gagal total setup driver. Cek log di atas.
Traceback (most recent call last):
  File "C:\laragon\www\dapokalsel\sekolah\import_url_kabupaten.pyw", line 285, in process_url_induk
    raise Exception("Gagal total setup driver. Cek log di atas.")
Exception: Gagal total setup driver. Cek log di atas.
2025-10-26 14:26:11,430 - INFO - Percobaan ulang 151/300...
2025-10-26 14:26:26,431 - INFO - Memulai setup driver...
2025-10-26 14:26:26,431 - INFO - Menggunakan User Data Directory: C:\laragon\www\dapokalsel\chrome_profile
2025-10-26 14:26:26,431 - INFO - Menginisialisasi uc.Chrome()...
2025-10-26 14:26:29,542 - INFO - patching driver executable C:\laragon\www\dapokalsel\sekolah\~\appdata\roaming\undetected_chromedriver\undetected_chromedriver.exe
2025-10-26 14:26:29,612 - ERROR - GAGAL total saat setup driver: Binary Location Must be a String
Traceback (most recent call last):
  File "C:\laragon\www\dapokalsel\sekolah\import_url_kabupaten.pyw", line 80, in setup_driver
    driver = uc.Chrome(
  File "C:\laragon\bin\python\python-3.10\lib\site-packages\undetected_chromedriver\__init__.py", line 372, in __init__
    options.binary_location = (
  File "C:\laragon\bin\python\python-3.10\lib\site-packages\selenium\webdriver\chromium\options.py", line 52, in binary_location
    raise TypeError(self.BINARY_LOCATION_ERROR)
TypeError: Binary Location Must be a String
2025-10-26 14:26:29,612 - ERROR - Error pada percobaan 151: Gagal total setup driver. Cek log di atas.
Traceback (most recent call last):
  File "C:\laragon\www\dapokalsel\sekolah\import_url_kabupaten.pyw", line 285, in process_url_induk
    raise Exception("Gagal total setup driver. Cek log di atas.")
Exception: Gagal total setup driver. Cek log di atas.
2025-10-26 14:26:29,612 - INFO - Percobaan ulang 152/300...
2025-10-26 14:26:44,623 - INFO - Memulai setup driver...
2025-10-26 14:26:44,623 - INFO - Menggunakan User Data Directory: C:\laragon\www\dapokalsel\chrome_profile
2025-10-26 14:26:44,623 - INFO - Menginisialisasi uc.Chrome()...
2025-10-26 14:26:48,277 - INFO - patching driver executable C:\laragon\www\dapokalsel\sekolah\~\appdata\roaming\undetected_chromedriver\undetected_chromedriver.exe
2025-10-26 14:26:48,366 - ERROR - GAGAL total saat setup driver: Binary Location Must be a String
Traceback (most recent call last):
  File "C:\laragon\www\dapokalsel\sekolah\import_url_kabupaten.pyw", line 80, in setup_driver
    driver = uc.Chrome(
  File "C:\laragon\bin\python\python-3.10\lib\site-packages\undetected_chromedriver\__init__.py", line 372, in __init__
    options.binary_location = (
  File "C:\laragon\bin\python\python-3.10\lib\site-packages\selenium\webdriver\chromium\options.py", line 52, in binary_location
    raise TypeError(self.BINARY_LOCATION_ERROR)
TypeError: Binary Location Must be a String
2025-10-26 14:26:48,366 - ERROR - Error pada percobaan 152: Gagal total setup driver. Cek log di atas.
Traceback (most recent call last):
  File "C:\laragon\www\dapokalsel\sekolah\import_url_kabupaten.pyw", line 285, in process_url_induk
    raise Exception("Gagal total setup driver. Cek log di atas.")
Exception: Gagal total setup driver. Cek log di atas.
2025-10-26 14:26:48,366 - INFO - Percobaan ulang 153/300...
2025-10-26 14:27:03,377 - INFO - Memulai setup driver...
2025-10-26 14:27:03,378 - INFO - Menggunakan User Data Directory: C:\laragon\www\dapokalsel\chrome_profile
2025-10-26 14:27:03,378 - INFO - Menginisialisasi uc.Chrome()...
2025-10-26 14:27:06,543 - INFO - patching driver executable C:\laragon\www\dapokalsel\sekolah\~\appdata\roaming\undetected_chromedriver\undetected_chromedriver.exe
2025-10-26 14:27:06,641 - ERROR - GAGAL total saat setup driver: Binary Location Must be a String
Traceback (most recent call last):
  File "C:\laragon\www\dapokalsel\sekolah\import_url_kabupaten.pyw", line 80, in setup_driver
    driver = uc.Chrome(
  File "C:\laragon\bin\python\python-3.10\lib\site-packages\undetected_chromedriver\__init__.py", line 372, in __init__
    options.binary_location = (
  File "C:\laragon\bin\python\python-3.10\lib\site-packages\selenium\webdriver\chromium\options.py", line 52, in binary_location
    raise TypeError(self.BINARY_LOCATION_ERROR)
TypeError: Binary Location Must be a String
2025-10-26 14:27:06,641 - ERROR - Error pada percobaan 153: Gagal total setup driver. Cek log di atas.
Traceback (most recent call last):
  File "C:\laragon\www\dapokalsel\sekolah\import_url_kabupaten.pyw", line 285, in process_url_induk
    raise Exception("Gagal total setup driver. Cek log di atas.")
Exception: Gagal total setup driver. Cek log di atas.
2025-10-26 14:27:06,642 - INFO - Percobaan ulang 154/300...
2025-10-26 14:27:21,647 - INFO - Memulai setup driver...
2025-10-26 14:27:21,647 - INFO - Menggunakan User Data Directory: C:\laragon\www\dapokalsel\chrome_profile
2025-10-26 14:27:21,647 - INFO - Menginisialisasi uc.Chrome()...
2025-10-26 14:27:24,616 - INFO - patching driver executable C:\laragon\www\dapokalsel\sekolah\~\appdata\roaming\undetected_chromedriver\undetected_chromedriver.exe
2025-10-26 14:27:24,718 - ERROR - GAGAL total saat setup driver: Binary Location Must be a String
Traceback (most recent call last):
  File "C:\laragon\www\dapokalsel\sekolah\import_url_kabupaten.pyw", line 80, in setup_driver
    driver = uc.Chrome(
  File "C:\laragon\bin\python\python-3.10\lib\site-packages\undetected_chromedriver\__init__.py", line 372, in __init__
    options.binary_location = (
  File "C:\laragon\bin\python\python-3.10\lib\site-packages\selenium\webdriver\chromium\options.py", line 52, in binary_location
    raise TypeError(self.BINARY_LOCATION_ERROR)
TypeError: Binary Location Must be a String
2025-10-26 14:27:24,719 - ERROR - Error pada percobaan 154: Gagal total setup driver. Cek log di atas.
Traceback (most recent call last):
  File "C:\laragon\www\dapokalsel\sekolah\import_url_kabupaten.pyw", line 285, in process_url_induk
    raise Exception("Gagal total setup driver. Cek log di atas.")
Exception: Gagal total setup driver. Cek log di atas.
2025-10-26 14:27:24,720 - INFO - Percobaan ulang 155/300...
2025-10-26 14:27:39,725 - INFO - Memulai setup driver...
2025-10-26 14:27:39,725 - INFO - Menggunakan User Data Directory: C:\laragon\www\dapokalsel\chrome_profile
2025-10-26 14:27:39,725 - INFO - Menginisialisasi uc.Chrome()...
2025-10-26 14:27:43,280 - INFO - patching driver executable C:\laragon\www\dapokalsel\sekolah\~\appdata\roaming\undetected_chromedriver\undetected_chromedriver.exe
2025-10-26 14:27:43,363 - ERROR - GAGAL total saat setup driver: Binary Location Must be a String
Traceback (most recent call last):
  File "C:\laragon\www\dapokalsel\sekolah\import_url_kabupaten.pyw", line 80, in setup_driver
    driver = uc.Chrome(
  File "C:\laragon\bin\python\python-3.10\lib\site-packages\undetected_chromedriver\__init__.py", line 372, in __init__
    options.binary_location = (
  File "C:\laragon\bin\python\python-3.10\lib\site-packages\selenium\webdriver\chromium\options.py", line 52, in binary_location
    raise TypeError(self.BINARY_LOCATION_ERROR)
TypeError: Binary Location Must be a String
2025-10-26 14:27:43,364 - ERROR - Error pada percobaan 155: Gagal total setup driver. Cek log di atas.
Traceback (most recent call last):
  File "C:\laragon\www\dapokalsel\sekolah\import_url_kabupaten.pyw", line 285, in process_url_induk
    raise Exception("Gagal total setup driver. Cek log di atas.")
Exception: Gagal total setup driver. Cek log di atas.
2025-10-26 14:27:43,364 - INFO - Percobaan ulang 156/300...
2025-10-26 14:27:58,367 - INFO - Memulai setup driver...
2025-10-26 14:27:58,367 - INFO - Menggunakan User Data Directory: C:\laragon\www\dapokalsel\chrome_profile
2025-10-26 14:27:58,367 - INFO - Menginisialisasi uc.Chrome()...
2025-10-26 14:28:01,556 - INFO - patching driver executable C:\laragon\www\dapokalsel\sekolah\~\appdata\roaming\undetected_chromedriver\undetected_chromedriver.exe
2025-10-26 14:28:01,624 - ERROR - GAGAL total saat setup driver: Binary Location Must be a String
Traceback (most recent call last):
  File "C:\laragon\www\dapokalsel\sekolah\import_url_kabupaten.pyw", line 80, in setup_driver
    driver = uc.Chrome(
  File "C:\laragon\bin\python\python-3.10\lib\site-packages\undetected_chromedriver\__init__.py", line 372, in __init__
    options.binary_location = (
  File "C:\laragon\bin\python\python-3.10\lib\site-packages\selenium\webdriver\chromium\options.py", line 52, in binary_location
    raise TypeError(self.BINARY_LOCATION_ERROR)
TypeError: Binary Location Must be a String
2025-10-26 14:28:01,624 - ERROR - Error pada percobaan 156: Gagal total setup driver. Cek log di atas.
Traceback (most recent call last):
  File "C:\laragon\www\dapokalsel\sekolah\import_url_kabupaten.pyw", line 285, in process_url_induk
    raise Exception("Gagal total setup driver. Cek log di atas.")
Exception: Gagal total setup driver. Cek log di atas.
2025-10-26 14:28:01,624 - INFO - Percobaan ulang 157/300...
2025-10-26 14:28:16,632 - INFO - Memulai setup driver...
2025-10-26 14:28:16,632 - INFO - Menggunakan User Data Directory: C:\laragon\www\dapokalsel\chrome_profile
2025-10-26 14:28:16,632 - INFO - Menginisialisasi uc.Chrome()...
2025-10-26 14:28:20,489 - INFO - patching driver executable C:\laragon\www\dapokalsel\sekolah\~\appdata\roaming\undetected_chromedriver\undetected_chromedriver.exe
2025-10-26 14:28:20,575 - ERROR - GAGAL total saat setup driver: Binary Location Must be a String
Traceback (most recent call last):
  File "C:\laragon\www\dapokalsel\sekolah\import_url_kabupaten.pyw", line 80, in setup_driver
    driver = uc.Chrome(
  File "C:\laragon\bin\python\python-3.10\lib\site-packages\undetected_chromedriver\__init__.py", line 372, in __init__
    options.binary_location = (
  File "C:\laragon\bin\python\python-3.10\lib\site-packages\selenium\webdriver\chromium\options.py", line 52, in binary_location
    raise TypeError(self.BINARY_LOCATION_ERROR)
TypeError: Binary Location Must be a String
2025-10-26 14:28:20,575 - ERROR - Error pada percobaan 157: Gagal total setup driver. Cek log di atas.
Traceback (most recent call last):
  File "C:\laragon\www\dapokalsel\sekolah\import_url_kabupaten.pyw", line 285, in process_url_induk
    raise Exception("Gagal total setup driver. Cek log di atas.")
Exception: Gagal total setup driver. Cek log di atas.
2025-10-26 14:28:20,576 - INFO - Percobaan ulang 158/300...
2025-10-26 14:28:35,587 - INFO - Memulai setup driver...
2025-10-26 14:28:35,587 - INFO - Menggunakan User Data Directory: C:\laragon\www\dapokalsel\chrome_profile
2025-10-26 14:28:35,587 - INFO - Menginisialisasi uc.Chrome()...
2025-10-26 14:28:38,677 - INFO - patching driver executable C:\laragon\www\dapokalsel\sekolah\~\appdata\roaming\undetected_chromedriver\undetected_chromedriver.exe
2025-10-26 14:28:38,756 - ERROR - GAGAL total saat setup driver: Binary Location Must be a String
Traceback (most recent call last):
  File "C:\laragon\www\dapokalsel\sekolah\import_url_kabupaten.pyw", line 80, in setup_driver
    driver = uc.Chrome(
  File "C:\laragon\bin\python\python-3.10\lib\site-packages\undetected_chromedriver\__init__.py", line 372, in __init__
    options.binary_location = (
  File "C:\laragon\bin\python\python-3.10\lib\site-packages\selenium\webdriver\chromium\options.py", line 52, in binary_location
    raise TypeError(self.BINARY_LOCATION_ERROR)
TypeError: Binary Location Must be a String
2025-10-26 14:28:38,771 - ERROR - Error pada percobaan 158: Gagal total setup driver. Cek log di atas.
Traceback (most recent call last):
  File "C:\laragon\www\dapokalsel\sekolah\import_url_kabupaten.pyw", line 285, in process_url_induk
    raise Exception("Gagal total setup driver. Cek log di atas.")
Exception: Gagal total setup driver. Cek log di atas.
2025-10-26 14:28:38,771 - INFO - Percobaan ulang 159/300...
2025-10-26 14:28:53,787 - INFO - Memulai setup driver...
2025-10-26 14:28:53,787 - INFO - Menggunakan User Data Directory: C:\laragon\www\dapokalsel\chrome_profile
2025-10-26 14:28:53,787 - INFO - Menginisialisasi uc.Chrome()...
2025-10-26 14:28:56,775 - INFO - patching driver executable C:\laragon\www\dapokalsel\sekolah\~\appdata\roaming\undetected_chromedriver\undetected_chromedriver.exe
2025-10-26 14:28:56,865 - ERROR - GAGAL total saat setup driver: Binary Location Must be a String
Traceback (most recent call last):
  File "C:\laragon\www\dapokalsel\sekolah\import_url_kabupaten.pyw", line 80, in setup_driver
    driver = uc.Chrome(
  File "C:\laragon\bin\python\python-3.10\lib\site-packages\undetected_chromedriver\__init__.py", line 372, in __init__
    options.binary_location = (
  File "C:\laragon\bin\python\python-3.10\lib\site-packages\selenium\webdriver\chromium\options.py", line 52, in binary_location
    raise TypeError(self.BINARY_LOCATION_ERROR)
TypeError: Binary Location Must be a String
2025-10-26 14:28:56,865 - ERROR - Error pada percobaan 159: Gagal total setup driver. Cek log di atas.
Traceback (most recent call last):
  File "C:\laragon\www\dapokalsel\sekolah\import_url_kabupaten.pyw", line 285, in process_url_induk
    raise Exception("Gagal total setup driver. Cek log di atas.")
Exception: Gagal total setup driver. Cek log di atas.
2025-10-26 14:28:56,865 - INFO - Percobaan ulang 160/300...
2025-10-26 14:29:11,865 - INFO - Memulai setup driver...
2025-10-26 14:29:11,865 - INFO - Menggunakan User Data Directory: C:\laragon\www\dapokalsel\chrome_profile
2025-10-26 14:29:11,865 - INFO - Menginisialisasi uc.Chrome()...
2025-10-26 14:29:15,536 - INFO - patching driver executable C:\laragon\www\dapokalsel\sekolah\~\appdata\roaming\undetected_chromedriver\undetected_chromedriver.exe
2025-10-26 14:29:15,625 - ERROR - GAGAL total saat setup driver: Binary Location Must be a String
Traceback (most recent call last):
  File "C:\laragon\www\dapokalsel\sekolah\import_url_kabupaten.pyw", line 80, in setup_driver
    driver = uc.Chrome(
  File "C:\laragon\bin\python\python-3.10\lib\site-packages\undetected_chromedriver\__init__.py", line 372, in __init__
    options.binary_location = (
  File "C:\laragon\bin\python\python-3.10\lib\site-packages\selenium\webdriver\chromium\options.py", line 52, in binary_location
    raise TypeError(self.BINARY_LOCATION_ERROR)
TypeError: Binary Location Must be a String
2025-10-26 14:29:15,626 - ERROR - Error pada percobaan 160: Gagal total setup driver. Cek log di atas.
Traceback (most recent call last):
  File "C:\laragon\www\dapokalsel\sekolah\import_url_kabupaten.pyw", line 285, in process_url_induk
    raise Exception("Gagal total setup driver. Cek log di atas.")
Exception: Gagal total setup driver. Cek log di atas.
2025-10-26 14:29:15,626 - INFO - Percobaan ulang 161/300...
2025-10-26 14:29:30,632 - INFO - Memulai setup driver...
2025-10-26 14:29:30,633 - INFO - Menggunakan User Data Directory: C:\laragon\www\dapokalsel\chrome_profile
2025-10-26 14:29:30,633 - INFO - Menginisialisasi uc.Chrome()...
2025-10-26 14:29:33,769 - INFO - patching driver executable C:\laragon\www\dapokalsel\sekolah\~\appdata\roaming\undetected_chromedriver\undetected_chromedriver.exe
2025-10-26 14:29:33,868 - ERROR - GAGAL total saat setup driver: Binary Location Must be a String
Traceback (most recent call last):
  File "C:\laragon\www\dapokalsel\sekolah\import_url_kabupaten.pyw", line 80, in setup_driver
    driver = uc.Chrome(
  File "C:\laragon\bin\python\python-3.10\lib\site-packages\undetected_chromedriver\__init__.py", line 372, in __init__
    options.binary_location = (
  File "C:\laragon\bin\python\python-3.10\lib\site-packages\selenium\webdriver\chromium\options.py", line 52, in binary_location
    raise TypeError(self.BINARY_LOCATION_ERROR)
TypeError: Binary Location Must be a String
2025-10-26 14:29:33,868 - ERROR - Error pada percobaan 161: Gagal total setup driver. Cek log di atas.
Traceback (most recent call last):
  File "C:\laragon\www\dapokalsel\sekolah\import_url_kabupaten.pyw", line 285, in process_url_induk
    raise Exception("Gagal total setup driver. Cek log di atas.")
Exception: Gagal total setup driver. Cek log di atas.
2025-10-26 14:29:33,868 - INFO - Percobaan ulang 162/300...
2025-10-26 14:29:48,868 - INFO - Memulai setup driver...
2025-10-26 14:29:48,868 - INFO - Menggunakan User Data Directory: C:\laragon\www\dapokalsel\chrome_profile
2025-10-26 14:29:48,868 - INFO - Menginisialisasi uc.Chrome()...
2025-10-26 14:29:52,068 - INFO - patching driver executable C:\laragon\www\dapokalsel\sekolah\~\appdata\roaming\undetected_chromedriver\undetected_chromedriver.exe
2025-10-26 14:29:52,150 - ERROR - GAGAL total saat setup driver: Binary Location Must be a String
Traceback (most recent call last):
  File "C:\laragon\www\dapokalsel\sekolah\import_url_kabupaten.pyw", line 80, in setup_driver
    driver = uc.Chrome(
  File "C:\laragon\bin\python\python-3.10\lib\site-packages\undetected_chromedriver\__init__.py", line 372, in __init__
    options.binary_location = (
  File "C:\laragon\bin\python\python-3.10\lib\site-packages\selenium\webdriver\chromium\options.py", line 52, in binary_location
    raise TypeError(self.BINARY_LOCATION_ERROR)
TypeError: Binary Location Must be a String
2025-10-26 14:29:52,151 - ERROR - Error pada percobaan 162: Gagal total setup driver. Cek log di atas.
Traceback (most recent call last):
  File "C:\laragon\www\dapokalsel\sekolah\import_url_kabupaten.pyw", line 285, in process_url_induk
    raise Exception("Gagal total setup driver. Cek log di atas.")
Exception: Gagal total setup driver. Cek log di atas.
2025-10-26 14:29:52,152 - INFO - Percobaan ulang 163/300...
2025-10-26 14:30:07,168 - INFO - Memulai setup driver...
2025-10-26 14:30:07,168 - INFO - Menggunakan User Data Directory: C:\laragon\www\dapokalsel\chrome_profile
2025-10-26 14:30:07,168 - INFO - Menginisialisasi uc.Chrome()...
2025-10-26 14:30:10,150 - INFO - patching driver executable C:\laragon\www\dapokalsel\sekolah\~\appdata\roaming\undetected_chromedriver\undetected_chromedriver.exe
2025-10-26 14:30:10,233 - ERROR - GAGAL total saat setup driver: Binary Location Must be a String
Traceback (most recent call last):
  File "C:\laragon\www\dapokalsel\sekolah\import_url_kabupaten.pyw", line 80, in setup_driver
    driver = uc.Chrome(
  File "C:\laragon\bin\python\python-3.10\lib\site-packages\undetected_chromedriver\__init__.py", line 372, in __init__
    options.binary_location = (
  File "C:\laragon\bin\python\python-3.10\lib\site-packages\selenium\webdriver\chromium\options.py", line 52, in binary_location
    raise TypeError(self.BINARY_LOCATION_ERROR)
TypeError: Binary Location Must be a String
2025-10-26 14:30:10,233 - ERROR - Error pada percobaan 163: Gagal total setup driver. Cek log di atas.
Traceback (most recent call last):
  File "C:\laragon\www\dapokalsel\sekolah\import_url_kabupaten.pyw", line 285, in process_url_induk
    raise Exception("Gagal total setup driver. Cek log di atas.")
Exception: Gagal total setup driver. Cek log di atas.
2025-10-26 14:30:10,233 - INFO - Percobaan ulang 164/300...
2025-10-26 14:30:25,248 - INFO - Memulai setup driver...
2025-10-26 14:30:25,248 - INFO - Menggunakan User Data Directory: C:\laragon\www\dapokalsel\chrome_profile
2025-10-26 14:30:25,248 - INFO - Menginisialisasi uc.Chrome()...
2025-10-26 14:30:28,599 - INFO - patching driver executable C:\laragon\www\dapokalsel\sekolah\~\appdata\roaming\undetected_chromedriver\undetected_chromedriver.exe
2025-10-26 14:30:28,697 - ERROR - GAGAL total saat setup driver: Binary Location Must be a String
Traceback (most recent call last):
  File "C:\laragon\www\dapokalsel\sekolah\import_url_kabupaten.pyw", line 80, in setup_driver
    driver = uc.Chrome(
  File "C:\laragon\bin\python\python-3.10\lib\site-packages\undetected_chromedriver\__init__.py", line 372, in __init__
    options.binary_location = (
  File "C:\laragon\bin\python\python-3.10\lib\site-packages\selenium\webdriver\chromium\options.py", line 52, in binary_location
    raise TypeError(self.BINARY_LOCATION_ERROR)
TypeError: Binary Location Must be a String
2025-10-26 14:30:28,698 - ERROR - Error pada percobaan 164: Gagal total setup driver. Cek log di atas.
Traceback (most recent call last):
  File "C:\laragon\www\dapokalsel\sekolah\import_url_kabupaten.pyw", line 285, in process_url_induk
    raise Exception("Gagal total setup driver. Cek log di atas.")
Exception: Gagal total setup driver. Cek log di atas.
2025-10-26 14:30:28,698 - INFO - Percobaan ulang 165/300...
2025-10-26 14:30:43,698 - INFO - Memulai setup driver...
2025-10-26 14:30:43,699 - INFO - Menggunakan User Data Directory: C:\laragon\www\dapokalsel\chrome_profile
2025-10-26 14:30:43,699 - INFO - Menginisialisasi uc.Chrome()...
2025-10-26 14:30:47,683 - INFO - patching driver executable C:\laragon\www\dapokalsel\sekolah\~\appdata\roaming\undetected_chromedriver\undetected_chromedriver.exe
2025-10-26 14:30:47,789 - ERROR - GAGAL total saat setup driver: Binary Location Must be a String
Traceback (most recent call last):
  File "C:\laragon\www\dapokalsel\sekolah\import_url_kabupaten.pyw", line 80, in setup_driver
    driver = uc.Chrome(
  File "C:\laragon\bin\python\python-3.10\lib\site-packages\undetected_chromedriver\__init__.py", line 372, in __init__
    options.binary_location = (
  File "C:\laragon\bin\python\python-3.10\lib\site-packages\selenium\webdriver\chromium\options.py", line 52, in binary_location
    raise TypeError(self.BINARY_LOCATION_ERROR)
TypeError: Binary Location Must be a String
2025-10-26 14:30:47,790 - ERROR - Error pada percobaan 165: Gagal total setup driver. Cek log di atas.
Traceback (most recent call last):
  File "C:\laragon\www\dapokalsel\sekolah\import_url_kabupaten.pyw", line 285, in process_url_induk
    raise Exception("Gagal total setup driver. Cek log di atas.")
Exception: Gagal total setup driver. Cek log di atas.
2025-10-26 14:30:47,791 - INFO - Percobaan ulang 166/300...
2025-10-26 14:31:02,804 - INFO - Memulai setup driver...
2025-10-26 14:31:02,804 - INFO - Menggunakan User Data Directory: C:\laragon\www\dapokalsel\chrome_profile
2025-10-26 14:31:02,806 - INFO - Menginisialisasi uc.Chrome()...
2025-10-26 14:31:06,552 - INFO - patching driver executable C:\laragon\www\dapokalsel\sekolah\~\appdata\roaming\undetected_chromedriver\undetected_chromedriver.exe
2025-10-26 14:31:06,623 - ERROR - GAGAL total saat setup driver: Binary Location Must be a String
Traceback (most recent call last):
  File "C:\laragon\www\dapokalsel\sekolah\import_url_kabupaten.pyw", line 80, in setup_driver
    driver = uc.Chrome(
  File "C:\laragon\bin\python\python-3.10\lib\site-packages\undetected_chromedriver\__init__.py", line 372, in __init__
    options.binary_location = (
  File "C:\laragon\bin\python\python-3.10\lib\site-packages\selenium\webdriver\chromium\options.py", line 52, in binary_location
    raise TypeError(self.BINARY_LOCATION_ERROR)
TypeError: Binary Location Must be a String
2025-10-26 14:31:06,623 - ERROR - Error pada percobaan 166: Gagal total setup driver. Cek log di atas.
Traceback (most recent call last):
  File "C:\laragon\www\dapokalsel\sekolah\import_url_kabupaten.pyw", line 285, in process_url_induk
    raise Exception("Gagal total setup driver. Cek log di atas.")
Exception: Gagal total setup driver. Cek log di atas.
2025-10-26 14:31:06,623 - INFO - Percobaan ulang 167/300...
2025-10-26 14:31:21,633 - INFO - Memulai setup driver...
2025-10-26 14:31:21,637 - INFO - Menggunakan User Data Directory: C:\laragon\www\dapokalsel\chrome_profile
2025-10-26 14:31:21,638 - INFO - Menginisialisasi uc.Chrome()...
2025-10-26 14:31:25,501 - INFO - patching driver executable C:\laragon\www\dapokalsel\sekolah\~\appdata\roaming\undetected_chromedriver\undetected_chromedriver.exe
2025-10-26 14:31:25,601 - ERROR - GAGAL total saat setup driver: Binary Location Must be a String
Traceback (most recent call last):
  File "C:\laragon\www\dapokalsel\sekolah\import_url_kabupaten.pyw", line 80, in setup_driver
    driver = uc.Chrome(
  File "C:\laragon\bin\python\python-3.10\lib\site-packages\undetected_chromedriver\__init__.py", line 372, in __init__
    options.binary_location = (
  File "C:\laragon\bin\python\python-3.10\lib\site-packages\selenium\webdriver\chromium\options.py", line 52, in binary_location
    raise TypeError(self.BINARY_LOCATION_ERROR)
TypeError: Binary Location Must be a String
2025-10-26 14:31:25,602 - ERROR - Error pada percobaan 167: Gagal total setup driver. Cek log di atas.
Traceback (most recent call last):
  File "C:\laragon\www\dapokalsel\sekolah\import_url_kabupaten.pyw", line 285, in process_url_induk
    raise Exception("Gagal total setup driver. Cek log di atas.")
Exception: Gagal total setup driver. Cek log di atas.
2025-10-26 14:31:25,602 - INFO - Percobaan ulang 168/300...
2025-10-26 14:31:40,612 - INFO - Memulai setup driver...
2025-10-26 14:31:40,612 - INFO - Menggunakan User Data Directory: C:\laragon\www\dapokalsel\chrome_profile
2025-10-26 14:31:40,612 - INFO - Menginisialisasi uc.Chrome()...
2025-10-26 14:31:43,892 - INFO - patching driver executable C:\laragon\www\dapokalsel\sekolah\~\appdata\roaming\undetected_chromedriver\undetected_chromedriver.exe
2025-10-26 14:31:43,960 - ERROR - GAGAL total saat setup driver: Binary Location Must be a String
Traceback (most recent call last):
  File "C:\laragon\www\dapokalsel\sekolah\import_url_kabupaten.pyw", line 80, in setup_driver
    driver = uc.Chrome(
  File "C:\laragon\bin\python\python-3.10\lib\site-packages\undetected_chromedriver\__init__.py", line 372, in __init__
    options.binary_location = (
  File "C:\laragon\bin\python\python-3.10\lib\site-packages\selenium\webdriver\chromium\options.py", line 52, in binary_location
    raise TypeError(self.BINARY_LOCATION_ERROR)
TypeError: Binary Location Must be a String
2025-10-26 14:31:43,960 - ERROR - Error pada percobaan 168: Gagal total setup driver. Cek log di atas.
Traceback (most recent call last):
  File "C:\laragon\www\dapokalsel\sekolah\import_url_kabupaten.pyw", line 285, in process_url_induk
    raise Exception("Gagal total setup driver. Cek log di atas.")
Exception: Gagal total setup driver. Cek log di atas.
2025-10-26 14:31:43,960 - INFO - Percobaan ulang 169/300...
2025-10-26 14:31:58,975 - INFO - Memulai setup driver...
2025-10-26 14:31:58,975 - INFO - Menggunakan User Data Directory: C:\laragon\www\dapokalsel\chrome_profile
2025-10-26 14:31:58,975 - INFO - Menginisialisasi uc.Chrome()...
2025-10-26 14:32:02,141 - INFO - patching driver executable C:\laragon\www\dapokalsel\sekolah\~\appdata\roaming\undetected_chromedriver\undetected_chromedriver.exe
2025-10-26 14:32:02,221 - ERROR - GAGAL total saat setup driver: Binary Location Must be a String
Traceback (most recent call last):
  File "C:\laragon\www\dapokalsel\sekolah\import_url_kabupaten.pyw", line 80, in setup_driver
    driver = uc.Chrome(
  File "C:\laragon\bin\python\python-3.10\lib\site-packages\undetected_chromedriver\__init__.py", line 372, in __init__
    options.binary_location = (
  File "C:\laragon\bin\python\python-3.10\lib\site-packages\selenium\webdriver\chromium\options.py", line 52, in binary_location
    raise TypeError(self.BINARY_LOCATION_ERROR)
TypeError: Binary Location Must be a String
2025-10-26 14:32:02,222 - ERROR - Error pada percobaan 169: Gagal total setup driver. Cek log di atas.
Traceback (most recent call last):
  File "C:\laragon\www\dapokalsel\sekolah\import_url_kabupaten.pyw", line 285, in process_url_induk
    raise Exception("Gagal total setup driver. Cek log di atas.")
Exception: Gagal total setup driver. Cek log di atas.
2025-10-26 14:32:02,222 - INFO - Percobaan ulang 170/300...
2025-10-26 14:32:17,233 - INFO - Memulai setup driver...
2025-10-26 14:32:17,233 - INFO - Menggunakan User Data Directory: C:\laragon\www\dapokalsel\chrome_profile
2025-10-26 14:32:17,233 - INFO - Menginisialisasi uc.Chrome()...
2025-10-26 14:32:20,512 - INFO - patching driver executable C:\laragon\www\dapokalsel\sekolah\~\appdata\roaming\undetected_chromedriver\undetected_chromedriver.exe
2025-10-26 14:32:20,585 - ERROR - GAGAL total saat setup driver: Binary Location Must be a String
Traceback (most recent call last):
  File "C:\laragon\www\dapokalsel\sekolah\import_url_kabupaten.pyw", line 80, in setup_driver
    driver = uc.Chrome(
  File "C:\laragon\bin\python\python-3.10\lib\site-packages\undetected_chromedriver\__init__.py", line 372, in __init__
    options.binary_location = (
  File "C:\laragon\bin\python\python-3.10\lib\site-packages\selenium\webdriver\chromium\options.py", line 52, in binary_location
    raise TypeError(self.BINARY_LOCATION_ERROR)
TypeError: Binary Location Must be a String
2025-10-26 14:32:20,585 - ERROR - Error pada percobaan 170: Gagal total setup driver. Cek log di atas.
Traceback (most recent call last):
  File "C:\laragon\www\dapokalsel\sekolah\import_url_kabupaten.pyw", line 285, in process_url_induk
    raise Exception("Gagal total setup driver. Cek log di atas.")
Exception: Gagal total setup driver. Cek log di atas.
2025-10-26 14:32:20,585 - INFO - Percobaan ulang 171/300...
2025-10-26 14:32:35,586 - INFO - Memulai setup driver...
2025-10-26 14:32:35,586 - INFO - Menggunakan User Data Directory: C:\laragon\www\dapokalsel\chrome_profile
2025-10-26 14:32:35,586 - INFO - Menginisialisasi uc.Chrome()...
2025-10-26 14:32:38,608 - INFO - patching driver executable C:\laragon\www\dapokalsel\sekolah\~\appdata\roaming\undetected_chromedriver\undetected_chromedriver.exe
2025-10-26 14:32:38,692 - ERROR - GAGAL total saat setup driver: Binary Location Must be a String
Traceback (most recent call last):
  File "C:\laragon\www\dapokalsel\sekolah\import_url_kabupaten.pyw", line 80, in setup_driver
    driver = uc.Chrome(
  File "C:\laragon\bin\python\python-3.10\lib\site-packages\undetected_chromedriver\__init__.py", line 372, in __init__
    options.binary_location = (
  File "C:\laragon\bin\python\python-3.10\lib\site-packages\selenium\webdriver\chromium\options.py", line 52, in binary_location
    raise TypeError(self.BINARY_LOCATION_ERROR)
TypeError: Binary Location Must be a String
2025-10-26 14:32:38,692 - ERROR - Error pada percobaan 171: Gagal total setup driver. Cek log di atas.
Traceback (most recent call last):
  File "C:\laragon\www\dapokalsel\sekolah\import_url_kabupaten.pyw", line 285, in process_url_induk
    raise Exception("Gagal total setup driver. Cek log di atas.")
Exception: Gagal total setup driver. Cek log di atas.
2025-10-26 14:32:38,692 - INFO - Percobaan ulang 172/300...
2025-10-26 14:32:53,692 - INFO - Memulai setup driver...
2025-10-26 14:32:53,698 - INFO - Menggunakan User Data Directory: C:\laragon\www\dapokalsel\chrome_profile
2025-10-26 14:32:53,698 - INFO - Menginisialisasi uc.Chrome()...
2025-10-26 14:32:57,844 - INFO - patching driver executable C:\laragon\www\dapokalsel\sekolah\~\appdata\roaming\undetected_chromedriver\undetected_chromedriver.exe
2025-10-26 14:32:57,948 - ERROR - GAGAL total saat setup driver: Binary Location Must be a String
Traceback (most recent call last):
  File "C:\laragon\www\dapokalsel\sekolah\import_url_kabupaten.pyw", line 80, in setup_driver
    driver = uc.Chrome(
  File "C:\laragon\bin\python\python-3.10\lib\site-packages\undetected_chromedriver\__init__.py", line 372, in __init__
    options.binary_location = (
  File "C:\laragon\bin\python\python-3.10\lib\site-packages\selenium\webdriver\chromium\options.py", line 52, in binary_location
    raise TypeError(self.BINARY_LOCATION_ERROR)
TypeError: Binary Location Must be a String
2025-10-26 14:32:57,949 - ERROR - Error pada percobaan 172: Gagal total setup driver. Cek log di atas.
Traceback (most recent call last):
  File "C:\laragon\www\dapokalsel\sekolah\import_url_kabupaten.pyw", line 285, in process_url_induk
    raise Exception("Gagal total setup driver. Cek log di atas.")
Exception: Gagal total setup driver. Cek log di atas.
2025-10-26 14:32:57,949 - INFO - Percobaan ulang 173/300...
2025-10-26 14:33:12,961 - INFO - Memulai setup driver...
2025-10-26 14:33:12,961 - INFO - Menggunakan User Data Directory: C:\laragon\www\dapokalsel\chrome_profile
2025-10-26 14:33:12,961 - INFO - Menginisialisasi uc.Chrome()...
2025-10-26 14:33:16,849 - INFO - patching driver executable C:\laragon\www\dapokalsel\sekolah\~\appdata\roaming\undetected_chromedriver\undetected_chromedriver.exe
2025-10-26 14:33:16,929 - ERROR - GAGAL total saat setup driver: Binary Location Must be a String
Traceback (most recent call last):
  File "C:\laragon\www\dapokalsel\sekolah\import_url_kabupaten.pyw", line 80, in setup_driver
    driver = uc.Chrome(
  File "C:\laragon\bin\python\python-3.10\lib\site-packages\undetected_chromedriver\__init__.py", line 372, in __init__
    options.binary_location = (
  File "C:\laragon\bin\python\python-3.10\lib\site-packages\selenium\webdriver\chromium\options.py", line 52, in binary_location
    raise TypeError(self.BINARY_LOCATION_ERROR)
TypeError: Binary Location Must be a String
2025-10-26 14:33:16,929 - ERROR - Error pada percobaan 173: Gagal total setup driver. Cek log di atas.
Traceback (most recent call last):
  File "C:\laragon\www\dapokalsel\sekolah\import_url_kabupaten.pyw", line 285, in process_url_induk
    raise Exception("Gagal total setup driver. Cek log di atas.")
Exception: Gagal total setup driver. Cek log di atas.
2025-10-26 14:33:16,930 - INFO - Percobaan ulang 174/300...
2025-10-26 14:33:31,930 - INFO - Memulai setup driver...
2025-10-26 14:33:31,930 - INFO - Menggunakan User Data Directory: C:\laragon\www\dapokalsel\chrome_profile
2025-10-26 14:33:31,930 - INFO - Menginisialisasi uc.Chrome()...
2025-10-26 14:33:35,648 - INFO - patching driver executable C:\laragon\www\dapokalsel\sekolah\~\appdata\roaming\undetected_chromedriver\undetected_chromedriver.exe
2025-10-26 14:33:35,748 - ERROR - GAGAL total saat setup driver: Binary Location Must be a String
Traceback (most recent call last):
  File "C:\laragon\www\dapokalsel\sekolah\import_url_kabupaten.pyw", line 80, in setup_driver
    driver = uc.Chrome(
  File "C:\laragon\bin\python\python-3.10\lib\site-packages\undetected_chromedriver\__init__.py", line 372, in __init__
    options.binary_location = (
  File "C:\laragon\bin\python\python-3.10\lib\site-packages\selenium\webdriver\chromium\options.py", line 52, in binary_location
    raise TypeError(self.BINARY_LOCATION_ERROR)
TypeError: Binary Location Must be a String
2025-10-26 14:33:35,749 - ERROR - Error pada percobaan 174: Gagal total setup driver. Cek log di atas.
Traceback (most recent call last):
  File "C:\laragon\www\dapokalsel\sekolah\import_url_kabupaten.pyw", line 285, in process_url_induk
    raise Exception("Gagal total setup driver. Cek log di atas.")
Exception: Gagal total setup driver. Cek log di atas.
2025-10-26 14:33:35,749 - INFO - Percobaan ulang 175/300...
2025-10-26 14:33:50,754 - INFO - Memulai setup driver...
2025-10-26 14:33:50,755 - INFO - Menggunakan User Data Directory: C:\laragon\www\dapokalsel\chrome_profile
2025-10-26 14:33:50,756 - INFO - Menginisialisasi uc.Chrome()...
2025-10-26 14:33:53,914 - INFO - patching driver executable C:\laragon\www\dapokalsel\sekolah\~\appdata\roaming\undetected_chromedriver\undetected_chromedriver.exe
2025-10-26 14:33:54,004 - ERROR - GAGAL total saat setup driver: Binary Location Must be a String
Traceback (most recent call last):
  File "C:\laragon\www\dapokalsel\sekolah\import_url_kabupaten.pyw", line 80, in setup_driver
    driver = uc.Chrome(
  File "C:\laragon\bin\python\python-3.10\lib\site-packages\undetected_chromedriver\__init__.py", line 372, in __init__
    options.binary_location = (
  File "C:\laragon\bin\python\python-3.10\lib\site-packages\selenium\webdriver\chromium\options.py", line 52, in binary_location
    raise TypeError(self.BINARY_LOCATION_ERROR)
TypeError: Binary Location Must be a String
2025-10-26 14:33:54,005 - ERROR - Error pada percobaan 175: Gagal total setup driver. Cek log di atas.
Traceback (most recent call last):
  File "C:\laragon\www\dapokalsel\sekolah\import_url_kabupaten.pyw", line 285, in process_url_induk
    raise Exception("Gagal total setup driver. Cek log di atas.")
Exception: Gagal total setup driver. Cek log di atas.
2025-10-26 14:33:54,006 - INFO - Percobaan ulang 176/300...
2025-10-26 14:34:09,007 - INFO - Memulai setup driver...
2025-10-26 14:34:09,007 - INFO - Menggunakan User Data Directory: C:\laragon\www\dapokalsel\chrome_profile
2025-10-26 14:34:09,007 - INFO - Menginisialisasi uc.Chrome()...
2025-10-26 14:34:12,087 - INFO - patching driver executable C:\laragon\www\dapokalsel\sekolah\~\appdata\roaming\undetected_chromedriver\undetected_chromedriver.exe
2025-10-26 14:34:12,176 - ERROR - GAGAL total saat setup driver: Binary Location Must be a String
Traceback (most recent call last):
  File "C:\laragon\www\dapokalsel\sekolah\import_url_kabupaten.pyw", line 80, in setup_driver
    driver = uc.Chrome(
  File "C:\laragon\bin\python\python-3.10\lib\site-packages\undetected_chromedriver\__init__.py", line 372, in __init__
    options.binary_location = (
  File "C:\laragon\bin\python\python-3.10\lib\site-packages\selenium\webdriver\chromium\options.py", line 52, in binary_location
    raise TypeError(self.BINARY_LOCATION_ERROR)
TypeError: Binary Location Must be a String
2025-10-26 14:34:12,177 - ERROR - Error pada percobaan 176: Gagal total setup driver. Cek log di atas.
Traceback (most recent call last):
  File "C:\laragon\www\dapokalsel\sekolah\import_url_kabupaten.pyw", line 285, in process_url_induk
    raise Exception("Gagal total setup driver. Cek log di atas.")
Exception: Gagal total setup driver. Cek log di atas.
2025-10-26 14:34:12,177 - INFO - Percobaan ulang 177/300...
2025-10-26 14:34:27,177 - INFO - Memulai setup driver...
2025-10-26 14:34:27,177 - INFO - Menggunakan User Data Directory: C:\laragon\www\dapokalsel\chrome_profile
2025-10-26 14:34:27,177 - INFO - Menginisialisasi uc.Chrome()...
2025-10-26 14:34:30,880 - INFO - patching driver executable C:\laragon\www\dapokalsel\sekolah\~\appdata\roaming\undetected_chromedriver\undetected_chromedriver.exe
2025-10-26 14:34:30,950 - ERROR - GAGAL total saat setup driver: Binary Location Must be a String
Traceback (most recent call last):
  File "C:\laragon\www\dapokalsel\sekolah\import_url_kabupaten.pyw", line 80, in setup_driver
    driver = uc.Chrome(
  File "C:\laragon\bin\python\python-3.10\lib\site-packages\undetected_chromedriver\__init__.py", line 372, in __init__
    options.binary_location = (
  File "C:\laragon\bin\python\python-3.10\lib\site-packages\selenium\webdriver\chromium\options.py", line 52, in binary_location
    raise TypeError(self.BINARY_LOCATION_ERROR)
TypeError: Binary Location Must be a String
2025-10-26 14:34:30,950 - ERROR - Error pada percobaan 177: Gagal total setup driver. Cek log di atas.
Traceback (most recent call last):
  File "C:\laragon\www\dapokalsel\sekolah\import_url_kabupaten.pyw", line 285, in process_url_induk
    raise Exception("Gagal total setup driver. Cek log di atas.")
Exception: Gagal total setup driver. Cek log di atas.
2025-10-26 14:34:30,950 - INFO - Percobaan ulang 178/300...
2025-10-26 14:34:45,951 - INFO - Memulai setup driver...
2025-10-26 14:34:45,951 - INFO - Menggunakan User Data Directory: C:\laragon\www\dapokalsel\chrome_profile
2025-10-26 14:34:45,951 - INFO - Menginisialisasi uc.Chrome()...
2025-10-26 14:34:49,016 - INFO - patching driver executable C:\laragon\www\dapokalsel\sekolah\~\appdata\roaming\undetected_chromedriver\undetected_chromedriver.exe
2025-10-26 14:34:49,098 - ERROR - GAGAL total saat setup driver: Binary Location Must be a String
Traceback (most recent call last):
  File "C:\laragon\www\dapokalsel\sekolah\import_url_kabupaten.pyw", line 80, in setup_driver
    driver = uc.Chrome(
  File "C:\laragon\bin\python\python-3.10\lib\site-packages\undetected_chromedriver\__init__.py", line 372, in __init__
    options.binary_location = (
  File "C:\laragon\bin\python\python-3.10\lib\site-packages\selenium\webdriver\chromium\options.py", line 52, in binary_location
    raise TypeError(self.BINARY_LOCATION_ERROR)
TypeError: Binary Location Must be a String
2025-10-26 14:34:49,098 - ERROR - Error pada percobaan 178: Gagal total setup driver. Cek log di atas.
Traceback (most recent call last):
  File "C:\laragon\www\dapokalsel\sekolah\import_url_kabupaten.pyw", line 285, in process_url_induk
    raise Exception("Gagal total setup driver. Cek log di atas.")
Exception: Gagal total setup driver. Cek log di atas.
2025-10-26 14:34:49,099 - INFO - Percobaan ulang 179/300...
2025-10-26 14:35:04,114 - INFO - Memulai setup driver...
2025-10-26 14:35:04,114 - INFO - Menggunakan User Data Directory: C:\laragon\www\dapokalsel\chrome_profile
2025-10-26 14:35:04,114 - INFO - Menginisialisasi uc.Chrome()...
2025-10-26 14:35:07,082 - INFO - patching driver executable C:\laragon\www\dapokalsel\sekolah\~\appdata\roaming\undetected_chromedriver\undetected_chromedriver.exe
2025-10-26 14:35:07,161 - ERROR - GAGAL total saat setup driver: Binary Location Must be a String
Traceback (most recent call last):
  File "C:\laragon\www\dapokalsel\sekolah\import_url_kabupaten.pyw", line 80, in setup_driver
    driver = uc.Chrome(
  File "C:\laragon\bin\python\python-3.10\lib\site-packages\undetected_chromedriver\__init__.py", line 372, in __init__
    options.binary_location = (
  File "C:\laragon\bin\python\python-3.10\lib\site-packages\selenium\webdriver\chromium\options.py", line 52, in binary_location
    raise TypeError(self.BINARY_LOCATION_ERROR)
TypeError: Binary Location Must be a String
2025-10-26 14:35:07,161 - ERROR - Error pada percobaan 179: Gagal total setup driver. Cek log di atas.
Traceback (most recent call last):
  File "C:\laragon\www\dapokalsel\sekolah\import_url_kabupaten.pyw", line 285, in process_url_induk
    raise Exception("Gagal total setup driver. Cek log di atas.")
Exception: Gagal total setup driver. Cek log di atas.
2025-10-26 14:35:07,161 - INFO - Percobaan ulang 180/300...
2025-10-26 14:35:22,164 - INFO - Memulai setup driver...
2025-10-26 14:35:22,164 - INFO - Menggunakan User Data Directory: C:\laragon\www\dapokalsel\chrome_profile
2025-10-26 14:35:22,164 - INFO - Menginisialisasi uc.Chrome()...
2025-10-26 14:35:25,165 - INFO - patching driver executable C:\laragon\www\dapokalsel\sekolah\~\appdata\roaming\undetected_chromedriver\undetected_chromedriver.exe
2025-10-26 14:35:25,243 - ERROR - GAGAL total saat setup driver: Binary Location Must be a String
Traceback (most recent call last):
  File "C:\laragon\www\dapokalsel\sekolah\import_url_kabupaten.pyw", line 80, in setup_driver
    driver = uc.Chrome(
  File "C:\laragon\bin\python\python-3.10\lib\site-packages\undetected_chromedriver\__init__.py", line 372, in __init__
    options.binary_location = (
  File "C:\laragon\bin\python\python-3.10\lib\site-packages\selenium\webdriver\chromium\options.py", line 52, in binary_location
    raise TypeError(self.BINARY_LOCATION_ERROR)
TypeError: Binary Location Must be a String
2025-10-26 14:35:25,244 - ERROR - Error pada percobaan 180: Gagal total setup driver. Cek log di atas.
Traceback (most recent call last):
  File "C:\laragon\www\dapokalsel\sekolah\import_url_kabupaten.pyw", line 285, in process_url_induk
    raise Exception("Gagal total setup driver. Cek log di atas.")
Exception: Gagal total setup driver. Cek log di atas.
2025-10-26 14:35:25,244 - INFO - Percobaan ulang 181/300...
2025-10-26 14:35:40,255 - INFO - Memulai setup driver...
2025-10-26 14:35:40,255 - INFO - Menggunakan User Data Directory: C:\laragon\www\dapokalsel\chrome_profile
2025-10-26 14:35:40,255 - INFO - Menginisialisasi uc.Chrome()...
2025-10-26 14:35:43,616 - INFO - patching driver executable C:\laragon\www\dapokalsel\sekolah\~\appdata\roaming\undetected_chromedriver\undetected_chromedriver.exe
2025-10-26 14:35:43,693 - ERROR - GAGAL total saat setup driver: Binary Location Must be a String
Traceback (most recent call last):
  File "C:\laragon\www\dapokalsel\sekolah\import_url_kabupaten.pyw", line 80, in setup_driver
    driver = uc.Chrome(
  File "C:\laragon\bin\python\python-3.10\lib\site-packages\undetected_chromedriver\__init__.py", line 372, in __init__
    options.binary_location = (
  File "C:\laragon\bin\python\python-3.10\lib\site-packages\selenium\webdriver\chromium\options.py", line 52, in binary_location
    raise TypeError(self.BINARY_LOCATION_ERROR)
TypeError: Binary Location Must be a String
2025-10-26 14:35:43,693 - ERROR - Error pada percobaan 181: Gagal total setup driver. Cek log di atas.
Traceback (most recent call last):
  File "C:\laragon\www\dapokalsel\sekolah\import_url_kabupaten.pyw", line 285, in process_url_induk
    raise Exception("Gagal total setup driver. Cek log di atas.")
Exception: Gagal total setup driver. Cek log di atas.
2025-10-26 14:35:43,694 - INFO - Percobaan ulang 182/300...
2025-10-26 14:35:58,695 - INFO - Memulai setup driver...
2025-10-26 14:35:58,695 - INFO - Menggunakan User Data Directory: C:\laragon\www\dapokalsel\chrome_profile
2025-10-26 14:35:58,695 - INFO - Menginisialisasi uc.Chrome()...
2025-10-26 14:36:01,789 - INFO - patching driver executable C:\laragon\www\dapokalsel\sekolah\~\appdata\roaming\undetected_chromedriver\undetected_chromedriver.exe
2025-10-26 14:36:01,867 - ERROR - GAGAL total saat setup driver: Binary Location Must be a String
Traceback (most recent call last):
  File "C:\laragon\www\dapokalsel\sekolah\import_url_kabupaten.pyw", line 80, in setup_driver
    driver = uc.Chrome(
  File "C:\laragon\bin\python\python-3.10\lib\site-packages\undetected_chromedriver\__init__.py", line 372, in __init__
    options.binary_location = (
  File "C:\laragon\bin\python\python-3.10\lib\site-packages\selenium\webdriver\chromium\options.py", line 52, in binary_location
    raise TypeError(self.BINARY_LOCATION_ERROR)
TypeError: Binary Location Must be a String
2025-10-26 14:36:01,867 - ERROR - Error pada percobaan 182: Gagal total setup driver. Cek log di atas.
Traceback (most recent call last):
  File "C:\laragon\www\dapokalsel\sekolah\import_url_kabupaten.pyw", line 285, in process_url_induk
    raise Exception("Gagal total setup driver. Cek log di atas.")
Exception: Gagal total setup driver. Cek log di atas.
2025-10-26 14:36:01,867 - INFO - Percobaan ulang 183/300...
2025-10-26 14:36:16,868 - INFO - Memulai setup driver...
2025-10-26 14:36:16,868 - INFO - Menggunakan User Data Directory: C:\laragon\www\dapokalsel\chrome_profile
2025-10-26 14:36:16,868 - INFO - Menginisialisasi uc.Chrome()...
2025-10-26 14:36:20,330 - INFO - patching driver executable C:\laragon\www\dapokalsel\sekolah\~\appdata\roaming\undetected_chromedriver\undetected_chromedriver.exe
2025-10-26 14:36:20,398 - ERROR - GAGAL total saat setup driver: Binary Location Must be a String
Traceback (most recent call last):
  File "C:\laragon\www\dapokalsel\sekolah\import_url_kabupaten.pyw", line 80, in setup_driver
    driver = uc.Chrome(
  File "C:\laragon\bin\python\python-3.10\lib\site-packages\undetected_chromedriver\__init__.py", line 372, in __init__
    options.binary_location = (
  File "C:\laragon\bin\python\python-3.10\lib\site-packages\selenium\webdriver\chromium\options.py", line 52, in binary_location
    raise TypeError(self.BINARY_LOCATION_ERROR)
TypeError: Binary Location Must be a String
2025-10-26 14:36:20,398 - ERROR - Error pada percobaan 183: Gagal total setup driver. Cek log di atas.
Traceback (most recent call last):
  File "C:\laragon\www\dapokalsel\sekolah\import_url_kabupaten.pyw", line 285, in process_url_induk
    raise Exception("Gagal total setup driver. Cek log di atas.")
Exception: Gagal total setup driver. Cek log di atas.
2025-10-26 14:36:20,398 - INFO - Percobaan ulang 184/300...
2025-10-26 14:36:35,398 - INFO - Memulai setup driver...
2025-10-26 14:36:35,398 - INFO - Menggunakan User Data Directory: C:\laragon\www\dapokalsel\chrome_profile
2025-10-26 14:36:35,398 - INFO - Menginisialisasi uc.Chrome()...
2025-10-26 14:36:38,397 - INFO - patching driver executable C:\laragon\www\dapokalsel\sekolah\~\appdata\roaming\undetected_chromedriver\undetected_chromedriver.exe
2025-10-26 14:36:38,460 - ERROR - GAGAL total saat setup driver: Binary Location Must be a String
Traceback (most recent call last):
  File "C:\laragon\www\dapokalsel\sekolah\import_url_kabupaten.pyw", line 80, in setup_driver
    driver = uc.Chrome(
  File "C:\laragon\bin\python\python-3.10\lib\site-packages\undetected_chromedriver\__init__.py", line 372, in __init__
    options.binary_location = (
  File "C:\laragon\bin\python\python-3.10\lib\site-packages\selenium\webdriver\chromium\options.py", line 52, in binary_location
    raise TypeError(self.BINARY_LOCATION_ERROR)
TypeError: Binary Location Must be a String
2025-10-26 14:36:38,460 - ERROR - Error pada percobaan 184: Gagal total setup driver. Cek log di atas.
Traceback (most recent call last):
  File "C:\laragon\www\dapokalsel\sekolah\import_url_kabupaten.pyw", line 285, in process_url_induk
    raise Exception("Gagal total setup driver. Cek log di atas.")
Exception: Gagal total setup driver. Cek log di atas.
2025-10-26 14:36:38,460 - INFO - Percobaan ulang 185/300...
2025-10-26 14:36:53,460 - INFO - Memulai setup driver...
2025-10-26 14:36:53,460 - INFO - Menggunakan User Data Directory: C:\laragon\www\dapokalsel\chrome_profile
2025-10-26 14:36:53,460 - INFO - Menginisialisasi uc.Chrome()...
2025-10-26 14:36:56,955 - INFO - patching driver executable C:\laragon\www\dapokalsel\sekolah\~\appdata\roaming\undetected_chromedriver\undetected_chromedriver.exe
2025-10-26 14:36:57,031 - ERROR - GAGAL total saat setup driver: Binary Location Must be a String
Traceback (most recent call last):
  File "C:\laragon\www\dapokalsel\sekolah\import_url_kabupaten.pyw", line 80, in setup_driver
    driver = uc.Chrome(
  File "C:\laragon\bin\python\python-3.10\lib\site-packages\undetected_chromedriver\__init__.py", line 372, in __init__
    options.binary_location = (
  File "C:\laragon\bin\python\python-3.10\lib\site-packages\selenium\webdriver\chromium\options.py", line 52, in binary_location
    raise TypeError(self.BINARY_LOCATION_ERROR)
TypeError: Binary Location Must be a String
2025-10-26 14:36:57,031 - ERROR - Error pada percobaan 185: Gagal total setup driver. Cek log di atas.
Traceback (most recent call last):
  File "C:\laragon\www\dapokalsel\sekolah\import_url_kabupaten.pyw", line 285, in process_url_induk
    raise Exception("Gagal total setup driver. Cek log di atas.")
Exception: Gagal total setup driver. Cek log di atas.
2025-10-26 14:36:57,032 - INFO - Percobaan ulang 186/300...
2025-10-26 14:37:12,032 - INFO - Memulai setup driver...
2025-10-26 14:37:12,032 - INFO - Menggunakan User Data Directory: C:\laragon\www\dapokalsel\chrome_profile
2025-10-26 14:37:12,033 - INFO - Menginisialisasi uc.Chrome()...
2025-10-26 14:37:15,043 - INFO - patching driver executable C:\laragon\www\dapokalsel\sekolah\~\appdata\roaming\undetected_chromedriver\undetected_chromedriver.exe
2025-10-26 14:37:15,129 - ERROR - GAGAL total saat setup driver: Binary Location Must be a String
Traceback (most recent call last):
  File "C:\laragon\www\dapokalsel\sekolah\import_url_kabupaten.pyw", line 80, in setup_driver
    driver = uc.Chrome(
  File "C:\laragon\bin\python\python-3.10\lib\site-packages\undetected_chromedriver\__init__.py", line 372, in __init__
    options.binary_location = (
  File "C:\laragon\bin\python\python-3.10\lib\site-packages\selenium\webdriver\chromium\options.py", line 52, in binary_location
    raise TypeError(self.BINARY_LOCATION_ERROR)
TypeError: Binary Location Must be a String
2025-10-26 14:37:15,130 - ERROR - Error pada percobaan 186: Gagal total setup driver. Cek log di atas.
Traceback (most recent call last):
  File "C:\laragon\www\dapokalsel\sekolah\import_url_kabupaten.pyw", line 285, in process_url_induk
    raise Exception("Gagal total setup driver. Cek log di atas.")
Exception: Gagal total setup driver. Cek log di atas.
2025-10-26 14:37:15,130 - INFO - Percobaan ulang 187/300...
2025-10-26 14:37:30,131 - INFO - Memulai setup driver...
2025-10-26 14:37:30,131 - INFO - Menggunakan User Data Directory: C:\laragon\www\dapokalsel\chrome_profile
2025-10-26 14:37:30,131 - INFO - Menginisialisasi uc.Chrome()...
2025-10-26 14:37:33,101 - INFO - patching driver executable C:\laragon\www\dapokalsel\sekolah\~\appdata\roaming\undetected_chromedriver\undetected_chromedriver.exe
2025-10-26 14:37:33,164 - ERROR - GAGAL total saat setup driver: Binary Location Must be a String
Traceback (most recent call last):
  File "C:\laragon\www\dapokalsel\sekolah\import_url_kabupaten.pyw", line 80, in setup_driver
    driver = uc.Chrome(
  File "C:\laragon\bin\python\python-3.10\lib\site-packages\undetected_chromedriver\__init__.py", line 372, in __init__
    options.binary_location = (
  File "C:\laragon\bin\python\python-3.10\lib\site-packages\selenium\webdriver\chromium\options.py", line 52, in binary_location
    raise TypeError(self.BINARY_LOCATION_ERROR)
TypeError: Binary Location Must be a String
2025-10-26 14:37:33,164 - ERROR - Error pada percobaan 187: Gagal total setup driver. Cek log di atas.
Traceback (most recent call last):
  File "C:\laragon\www\dapokalsel\sekolah\import_url_kabupaten.pyw", line 285, in process_url_induk
    raise Exception("Gagal total setup driver. Cek log di atas.")
Exception: Gagal total setup driver. Cek log di atas.
2025-10-26 14:37:33,179 - INFO - Percobaan ulang 188/300...
2025-10-26 14:37:48,194 - INFO - Memulai setup driver...
2025-10-26 14:37:48,194 - INFO - Menggunakan User Data Directory: C:\laragon\www\dapokalsel\chrome_profile
2025-10-26 14:37:48,194 - INFO - Menginisialisasi uc.Chrome()...
2025-10-26 14:37:51,079 - INFO - patching driver executable C:\laragon\www\dapokalsel\sekolah\~\appdata\roaming\undetected_chromedriver\undetected_chromedriver.exe
2025-10-26 14:37:51,172 - ERROR - GAGAL total saat setup driver: Binary Location Must be a String
Traceback (most recent call last):
  File "C:\laragon\www\dapokalsel\sekolah\import_url_kabupaten.pyw", line 80, in setup_driver
    driver = uc.Chrome(
  File "C:\laragon\bin\python\python-3.10\lib\site-packages\undetected_chromedriver\__init__.py", line 372, in __init__
    options.binary_location = (
  File "C:\laragon\bin\python\python-3.10\lib\site-packages\selenium\webdriver\chromium\options.py", line 52, in binary_location
    raise TypeError(self.BINARY_LOCATION_ERROR)
TypeError: Binary Location Must be a String
2025-10-26 14:37:51,188 - ERROR - Error pada percobaan 188: Gagal total setup driver. Cek log di atas.
Traceback (most recent call last):
  File "C:\laragon\www\dapokalsel\sekolah\import_url_kabupaten.pyw", line 285, in process_url_induk
    raise Exception("Gagal total setup driver. Cek log di atas.")
Exception: Gagal total setup driver. Cek log di atas.
2025-10-26 14:37:51,188 - INFO - Percobaan ulang 189/300...
2025-10-26 14:38:06,194 - INFO - Memulai setup driver...
2025-10-26 14:38:06,194 - INFO - Menggunakan User Data Directory: C:\laragon\www\dapokalsel\chrome_profile
2025-10-26 14:38:06,194 - INFO - Menginisialisasi uc.Chrome()...
2025-10-26 14:38:09,085 - INFO - patching driver executable C:\laragon\www\dapokalsel\sekolah\~\appdata\roaming\undetected_chromedriver\undetected_chromedriver.exe
2025-10-26 14:38:09,158 - ERROR - GAGAL total saat setup driver: Binary Location Must be a String
Traceback (most recent call last):
  File "C:\laragon\www\dapokalsel\sekolah\import_url_kabupaten.pyw", line 80, in setup_driver
    driver = uc.Chrome(
  File "C:\laragon\bin\python\python-3.10\lib\site-packages\undetected_chromedriver\__init__.py", line 372, in __init__
    options.binary_location = (
  File "C:\laragon\bin\python\python-3.10\lib\site-packages\selenium\webdriver\chromium\options.py", line 52, in binary_location
    raise TypeError(self.BINARY_LOCATION_ERROR)
TypeError: Binary Location Must be a String
2025-10-26 14:38:09,158 - ERROR - Error pada percobaan 189: Gagal total setup driver. Cek log di atas.
Traceback (most recent call last):
  File "C:\laragon\www\dapokalsel\sekolah\import_url_kabupaten.pyw", line 285, in process_url_induk
    raise Exception("Gagal total setup driver. Cek log di atas.")
Exception: Gagal total setup driver. Cek log di atas.
2025-10-26 14:38:09,158 - INFO - Percobaan ulang 190/300...
2025-10-26 14:38:24,163 - INFO - Memulai setup driver...
2025-10-26 14:38:24,163 - INFO - Menggunakan User Data Directory: C:\laragon\www\dapokalsel\chrome_profile
2025-10-26 14:38:24,163 - INFO - Menginisialisasi uc.Chrome()...
2025-10-26 14:38:27,055 - INFO - patching driver executable C:\laragon\www\dapokalsel\sekolah\~\appdata\roaming\undetected_chromedriver\undetected_chromedriver.exe
2025-10-26 14:38:27,132 - ERROR - GAGAL total saat setup driver: Binary Location Must be a String
Traceback (most recent call last):
  File "C:\laragon\www\dapokalsel\sekolah\import_url_kabupaten.pyw", line 80, in setup_driver
    driver = uc.Chrome(
  File "C:\laragon\bin\python\python-3.10\lib\site-packages\undetected_chromedriver\__init__.py", line 372, in __init__
    options.binary_location = (
  File "C:\laragon\bin\python\python-3.10\lib\site-packages\selenium\webdriver\chromium\options.py", line 52, in binary_location
    raise TypeError(self.BINARY_LOCATION_ERROR)
TypeError: Binary Location Must be a String
2025-10-26 14:38:27,132 - ERROR - Error pada percobaan 190: Gagal total setup driver. Cek log di atas.
Traceback (most recent call last):
  File "C:\laragon\www\dapokalsel\sekolah\import_url_kabupaten.pyw", line 285, in process_url_induk
    raise Exception("Gagal total setup driver. Cek log di atas.")
Exception: Gagal total setup driver. Cek log di atas.
2025-10-26 14:38:27,132 - INFO - Percobaan ulang 191/300...
2025-10-26 14:38:42,147 - INFO - Memulai setup driver...
2025-10-26 14:38:42,147 - INFO - Menggunakan User Data Directory: C:\laragon\www\dapokalsel\chrome_profile
2025-10-26 14:38:42,147 - INFO - Menginisialisasi uc.Chrome()...
2025-10-26 14:38:45,162 - INFO - patching driver executable C:\laragon\www\dapokalsel\sekolah\~\appdata\roaming\undetected_chromedriver\undetected_chromedriver.exe
2025-10-26 14:38:45,366 - ERROR - GAGAL total saat setup driver: Binary Location Must be a String
Traceback (most recent call last):
  File "C:\laragon\www\dapokalsel\sekolah\import_url_kabupaten.pyw", line 80, in setup_driver
    driver = uc.Chrome(
  File "C:\laragon\bin\python\python-3.10\lib\site-packages\undetected_chromedriver\__init__.py", line 372, in __init__
    options.binary_location = (
  File "C:\laragon\bin\python\python-3.10\lib\site-packages\selenium\webdriver\chromium\options.py", line 52, in binary_location
    raise TypeError(self.BINARY_LOCATION_ERROR)
TypeError: Binary Location Must be a String
2025-10-26 14:38:45,366 - ERROR - Error pada percobaan 191: Gagal total setup driver. Cek log di atas.
Traceback (most recent call last):
  File "C:\laragon\www\dapokalsel\sekolah\import_url_kabupaten.pyw", line 285, in process_url_induk
    raise Exception("Gagal total setup driver. Cek log di atas.")
Exception: Gagal total setup driver. Cek log di atas.
2025-10-26 14:38:45,366 - INFO - Percobaan ulang 192/300...
2025-10-26 14:39:00,366 - INFO - Memulai setup driver...
2025-10-26 14:39:00,366 - INFO - Menggunakan User Data Directory: C:\laragon\www\dapokalsel\chrome_profile
2025-10-26 14:39:00,366 - INFO - Menginisialisasi uc.Chrome()...
2025-10-26 14:39:03,710 - INFO - patching driver executable C:\laragon\www\dapokalsel\sekolah\~\appdata\roaming\undetected_chromedriver\undetected_chromedriver.exe
2025-10-26 14:39:03,788 - ERROR - GAGAL total saat setup driver: Binary Location Must be a String
Traceback (most recent call last):
  File "C:\laragon\www\dapokalsel\sekolah\import_url_kabupaten.pyw", line 80, in setup_driver
    driver = uc.Chrome(
  File "C:\laragon\bin\python\python-3.10\lib\site-packages\undetected_chromedriver\__init__.py", line 372, in __init__
    options.binary_location = (
  File "C:\laragon\bin\python\python-3.10\lib\site-packages\selenium\webdriver\chromium\options.py", line 52, in binary_location
    raise TypeError(self.BINARY_LOCATION_ERROR)
TypeError: Binary Location Must be a String
2025-10-26 14:39:03,788 - ERROR - Error pada percobaan 192: Gagal total setup driver. Cek log di atas.
Traceback (most recent call last):
  File "C:\laragon\www\dapokalsel\sekolah\import_url_kabupaten.pyw", line 285, in process_url_induk
    raise Exception("Gagal total setup driver. Cek log di atas.")
Exception: Gagal total setup driver. Cek log di atas.
2025-10-26 14:39:03,788 - INFO - Percobaan ulang 193/300...
2025-10-26 14:39:18,803 - INFO - Memulai setup driver...
2025-10-26 14:39:18,803 - INFO - Menggunakan User Data Directory: C:\laragon\www\dapokalsel\chrome_profile
2025-10-26 14:39:18,803 - INFO - Menginisialisasi uc.Chrome()...
2025-10-26 14:39:21,772 - INFO - patching driver executable C:\laragon\www\dapokalsel\sekolah\~\appdata\roaming\undetected_chromedriver\undetected_chromedriver.exe
2025-10-26 14:39:21,885 - ERROR - GAGAL total saat setup driver: Binary Location Must be a String
Traceback (most recent call last):
  File "C:\laragon\www\dapokalsel\sekolah\import_url_kabupaten.pyw", line 80, in setup_driver
    driver = uc.Chrome(
  File "C:\laragon\bin\python\python-3.10\lib\site-packages\undetected_chromedriver\__init__.py", line 372, in __init__
    options.binary_location = (
  File "C:\laragon\bin\python\python-3.10\lib\site-packages\selenium\webdriver\chromium\options.py", line 52, in binary_location
    raise TypeError(self.BINARY_LOCATION_ERROR)
TypeError: Binary Location Must be a String
2025-10-26 14:39:21,886 - ERROR - Error pada percobaan 193: Gagal total setup driver. Cek log di atas.
Traceback (most recent call last):
  File "C:\laragon\www\dapokalsel\sekolah\import_url_kabupaten.pyw", line 285, in process_url_induk
    raise Exception("Gagal total setup driver. Cek log di atas.")
Exception: Gagal total setup driver. Cek log di atas.
2025-10-26 14:39:21,887 - INFO - Percobaan ulang 194/300...
2025-10-26 14:39:36,897 - INFO - Memulai setup driver...
2025-10-26 14:39:36,897 - INFO - Menggunakan User Data Directory: C:\laragon\www\dapokalsel\chrome_profile
2025-10-26 14:39:36,897 - INFO - Menginisialisasi uc.Chrome()...
2025-10-26 14:39:40,189 - INFO - patching driver executable C:\laragon\www\dapokalsel\sekolah\~\appdata\roaming\undetected_chromedriver\undetected_chromedriver.exe
2025-10-26 14:39:40,272 - ERROR - GAGAL total saat setup driver: Binary Location Must be a String
Traceback (most recent call last):
  File "C:\laragon\www\dapokalsel\sekolah\import_url_kabupaten.pyw", line 80, in setup_driver
    driver = uc.Chrome(
  File "C:\laragon\bin\python\python-3.10\lib\site-packages\undetected_chromedriver\__init__.py", line 372, in __init__
    options.binary_location = (
  File "C:\laragon\bin\python\python-3.10\lib\site-packages\selenium\webdriver\chromium\options.py", line 52, in binary_location
    raise TypeError(self.BINARY_LOCATION_ERROR)
TypeError: Binary Location Must be a String
2025-10-26 14:39:40,272 - ERROR - Error pada percobaan 194: Gagal total setup driver. Cek log di atas.
Traceback (most recent call last):
  File "C:\laragon\www\dapokalsel\sekolah\import_url_kabupaten.pyw", line 285, in process_url_induk
    raise Exception("Gagal total setup driver. Cek log di atas.")
Exception: Gagal total setup driver. Cek log di atas.
2025-10-26 14:39:40,272 - INFO - Percobaan ulang 195/300...
2025-10-26 14:39:55,272 - INFO - Memulai setup driver...
2025-10-26 14:39:55,272 - INFO - Menggunakan User Data Directory: C:\laragon\www\dapokalsel\chrome_profile
2025-10-26 14:39:55,272 - INFO - Menginisialisasi uc.Chrome()...
2025-10-26 14:39:58,690 - INFO - patching driver executable C:\laragon\www\dapokalsel\sekolah\~\appdata\roaming\undetected_chromedriver\undetected_chromedriver.exe
2025-10-26 14:39:58,757 - ERROR - GAGAL total saat setup driver: Binary Location Must be a String
Traceback (most recent call last):
  File "C:\laragon\www\dapokalsel\sekolah\import_url_kabupaten.pyw", line 80, in setup_driver
    driver = uc.Chrome(
  File "C:\laragon\bin\python\python-3.10\lib\site-packages\undetected_chromedriver\__init__.py", line 372, in __init__
    options.binary_location = (
  File "C:\laragon\bin\python\python-3.10\lib\site-packages\selenium\webdriver\chromium\options.py", line 52, in binary_location
    raise TypeError(self.BINARY_LOCATION_ERROR)
TypeError: Binary Location Must be a String
2025-10-26 14:39:58,757 - ERROR - Error pada percobaan 195: Gagal total setup driver. Cek log di atas.
Traceback (most recent call last):
  File "C:\laragon\www\dapokalsel\sekolah\import_url_kabupaten.pyw", line 285, in process_url_induk
    raise Exception("Gagal total setup driver. Cek log di atas.")
Exception: Gagal total setup driver. Cek log di atas.
2025-10-26 14:39:58,757 - INFO - Percobaan ulang 196/300...
2025-10-26 14:40:13,773 - INFO - Memulai setup driver...
2025-10-26 14:40:13,773 - INFO - Menggunakan User Data Directory: C:\laragon\www\dapokalsel\chrome_profile
2025-10-26 14:40:13,773 - INFO - Menginisialisasi uc.Chrome()...
2025-10-26 14:40:18,241 - ERROR - GAGAL total saat setup driver: [WinError 183] Cannot create a file when that file already exists: 'C:\\laragon\\www\\dapokalsel\\sekolah\\~\\appdata\\roaming\\undetected_chromedriver\\undetected\\chromedriver-win32\\chromedriver.exe' -> 'C:\\laragon\\www\\dapokalsel\\sekolah\\~\\appdata\\roaming\\undetected_chromedriver\\undetected_chromedriver.exe'
Traceback (most recent call last):
  File "C:\laragon\www\dapokalsel\sekolah\import_url_kabupaten.pyw", line 80, in setup_driver
    driver = uc.Chrome(
  File "C:\laragon\bin\python\python-3.10\lib\site-packages\undetected_chromedriver\__init__.py", line 258, in __init__
    self.patcher.auto()
  File "C:\laragon\bin\python\python-3.10\lib\site-packages\undetected_chromedriver\patcher.py", line 178, in auto
    self.unzip_package(self.fetch_package())
  File "C:\laragon\bin\python\python-3.10\lib\site-packages\undetected_chromedriver\patcher.py", line 310, in unzip_package
    os.rename(os.path.join(self.zip_path, exe_path), self.executable_path)
FileExistsError: [WinError 183] Cannot create a file when that file already exists: 'C:\\laragon\\www\\dapokalsel\\sekolah\\~\\appdata\\roaming\\undetected_chromedriver\\undetected\\chromedriver-win32\\chromedriver.exe' -> 'C:\\laragon\\www\\dapokalsel\\sekolah\\~\\appdata\\roaming\\undetected_chromedriver\\undetected_chromedriver.exe'
2025-10-26 14:40:18,241 - ERROR - Error pada percobaan 196: Gagal total setup driver. Cek log di atas.
Traceback (most recent call last):
  File "C:\laragon\www\dapokalsel\sekolah\import_url_kabupaten.pyw", line 285, in process_url_induk
    raise Exception("Gagal total setup driver. Cek log di atas.")
Exception: Gagal total setup driver. Cek log di atas.
2025-10-26 14:40:18,241 - INFO - Percobaan ulang 197/300...
2025-10-26 14:40:33,241 - INFO - Memulai setup driver...
2025-10-26 14:40:33,241 - INFO - Menggunakan User Data Directory: C:\laragon\www\dapokalsel\chrome_profile
2025-10-26 14:40:33,241 - INFO - Menginisialisasi uc.Chrome()...
2025-10-26 14:40:37,680 - ERROR - GAGAL total saat setup driver: [WinError 183] Cannot create a file when that file already exists: 'C:\\laragon\\www\\dapokalsel\\sekolah\\~\\appdata\\roaming\\undetected_chromedriver\\undetected\\chromedriver-win32\\chromedriver.exe' -> 'C:\\laragon\\www\\dapokalsel\\sekolah\\~\\appdata\\roaming\\undetected_chromedriver\\undetected_chromedriver.exe'
Traceback (most recent call last):
  File "C:\laragon\www\dapokalsel\sekolah\import_url_kabupaten.pyw", line 80, in setup_driver
    driver = uc.Chrome(
  File "C:\laragon\bin\python\python-3.10\lib\site-packages\undetected_chromedriver\__init__.py", line 258, in __init__
    self.patcher.auto()
  File "C:\laragon\bin\python\python-3.10\lib\site-packages\undetected_chromedriver\patcher.py", line 178, in auto
    self.unzip_package(self.fetch_package())
  File "C:\laragon\bin\python\python-3.10\lib\site-packages\undetected_chromedriver\patcher.py", line 310, in unzip_package
    os.rename(os.path.join(self.zip_path, exe_path), self.executable_path)
FileExistsError: [WinError 183] Cannot create a file when that file already exists: 'C:\\laragon\\www\\dapokalsel\\sekolah\\~\\appdata\\roaming\\undetected_chromedriver\\undetected\\chromedriver-win32\\chromedriver.exe' -> 'C:\\laragon\\www\\dapokalsel\\sekolah\\~\\appdata\\roaming\\undetected_chromedriver\\undetected_chromedriver.exe'
2025-10-26 14:40:37,682 - ERROR - Error pada percobaan 197: Gagal total setup driver. Cek log di atas.
Traceback (most recent call last):
  File "C:\laragon\www\dapokalsel\sekolah\import_url_kabupaten.pyw", line 285, in process_url_induk
    raise Exception("Gagal total setup driver. Cek log di atas.")
Exception: Gagal total setup driver. Cek log di atas.
2025-10-26 14:40:37,682 - INFO - Percobaan ulang 198/300...
2025-10-26 14:40:52,694 - INFO - Memulai setup driver...
2025-10-26 14:40:52,694 - INFO - Menggunakan User Data Directory: C:\laragon\www\dapokalsel\chrome_profile
2025-10-26 14:40:52,694 - INFO - Menginisialisasi uc.Chrome()...
2025-10-26 14:40:59,850 - ERROR - GAGAL total saat setup driver: [WinError 183] Cannot create a file when that file already exists: 'C:\\laragon\\www\\dapokalsel\\sekolah\\~\\appdata\\roaming\\undetected_chromedriver\\undetected\\chromedriver-win32\\chromedriver.exe' -> 'C:\\laragon\\www\\dapokalsel\\sekolah\\~\\appdata\\roaming\\undetected_chromedriver\\undetected_chromedriver.exe'
Traceback (most recent call last):
  File "C:\laragon\www\dapokalsel\sekolah\import_url_kabupaten.pyw", line 80, in setup_driver
    driver = uc.Chrome(
  File "C:\laragon\bin\python\python-3.10\lib\site-packages\undetected_chromedriver\__init__.py", line 258, in __init__
    self.patcher.auto()
  File "C:\laragon\bin\python\python-3.10\lib\site-packages\undetected_chromedriver\patcher.py", line 178, in auto
    self.unzip_package(self.fetch_package())
  File "C:\laragon\bin\python\python-3.10\lib\site-packages\undetected_chromedriver\patcher.py", line 310, in unzip_package
    os.rename(os.path.join(self.zip_path, exe_path), self.executable_path)
FileExistsError: [WinError 183] Cannot create a file when that file already exists: 'C:\\laragon\\www\\dapokalsel\\sekolah\\~\\appdata\\roaming\\undetected_chromedriver\\undetected\\chromedriver-win32\\chromedriver.exe' -> 'C:\\laragon\\www\\dapokalsel\\sekolah\\~\\appdata\\roaming\\undetected_chromedriver\\undetected_chromedriver.exe'
2025-10-26 14:40:59,850 - ERROR - Error pada percobaan 198: Gagal total setup driver. Cek log di atas.
Traceback (most recent call last):
  File "C:\laragon\www\dapokalsel\sekolah\import_url_kabupaten.pyw", line 285, in process_url_induk
    raise Exception("Gagal total setup driver. Cek log di atas.")
Exception: Gagal total setup driver. Cek log di atas.
2025-10-26 14:40:59,850 - INFO - Percobaan ulang 199/300...
2025-10-26 14:41:14,866 - INFO - Memulai setup driver...
2025-10-26 14:41:14,866 - INFO - Menggunakan User Data Directory: C:\laragon\www\dapokalsel\chrome_profile
2025-10-26 14:41:14,866 - INFO - Menginisialisasi uc.Chrome()...
2025-10-26 14:41:17,819 - INFO - patching driver executable C:\laragon\www\dapokalsel\sekolah\~\appdata\roaming\undetected_chromedriver\undetected_chromedriver.exe
2025-10-26 14:41:17,897 - ERROR - GAGAL total saat setup driver: Binary Location Must be a String
Traceback (most recent call last):
  File "C:\laragon\www\dapokalsel\sekolah\import_url_kabupaten.pyw", line 80, in setup_driver
    driver = uc.Chrome(
  File "C:\laragon\bin\python\python-3.10\lib\site-packages\undetected_chromedriver\__init__.py", line 372, in __init__
    options.binary_location = (
  File "C:\laragon\bin\python\python-3.10\lib\site-packages\selenium\webdriver\chromium\options.py", line 52, in binary_location
    raise TypeError(self.BINARY_LOCATION_ERROR)
TypeError: Binary Location Must be a String
2025-10-26 14:41:17,897 - ERROR - Error pada percobaan 199: Gagal total setup driver. Cek log di atas.
Traceback (most recent call last):
  File "C:\laragon\www\dapokalsel\sekolah\import_url_kabupaten.pyw", line 285, in process_url_induk
    raise Exception("Gagal total setup driver. Cek log di atas.")
Exception: Gagal total setup driver. Cek log di atas.
2025-10-26 14:41:17,897 - INFO - Percobaan ulang 200/300...
2025-10-26 14:41:32,897 - INFO - Memulai setup driver...
2025-10-26 14:41:32,897 - INFO - Menggunakan User Data Directory: C:\laragon\www\dapokalsel\chrome_profile
2025-10-26 14:41:32,897 - INFO - Menginisialisasi uc.Chrome()...
2025-10-26 14:41:36,816 - INFO - patching driver executable C:\laragon\www\dapokalsel\sekolah\~\appdata\roaming\undetected_chromedriver\undetected_chromedriver.exe
2025-10-26 14:41:36,929 - ERROR - GAGAL total saat setup driver: Binary Location Must be a String
Traceback (most recent call last):
  File "C:\laragon\www\dapokalsel\sekolah\import_url_kabupaten.pyw", line 80, in setup_driver
    driver = uc.Chrome(
  File "C:\laragon\bin\python\python-3.10\lib\site-packages\undetected_chromedriver\__init__.py", line 372, in __init__
    options.binary_location = (
  File "C:\laragon\bin\python\python-3.10\lib\site-packages\selenium\webdriver\chromium\options.py", line 52, in binary_location
    raise TypeError(self.BINARY_LOCATION_ERROR)
TypeError: Binary Location Must be a String
2025-10-26 14:41:36,929 - ERROR - Error pada percobaan 200: Gagal total setup driver. Cek log di atas.
Traceback (most recent call last):
  File "C:\laragon\www\dapokalsel\sekolah\import_url_kabupaten.pyw", line 285, in process_url_induk
    raise Exception("Gagal total setup driver. Cek log di atas.")
Exception: Gagal total setup driver. Cek log di atas.
2025-10-26 14:41:36,929 - INFO - Percobaan ulang 201/300...
2025-10-26 14:41:51,930 - INFO - Memulai setup driver...
2025-10-26 14:41:51,930 - INFO - Menggunakan User Data Directory: C:\laragon\www\dapokalsel\chrome_profile
2025-10-26 14:41:51,930 - INFO - Menginisialisasi uc.Chrome()...
2025-10-26 14:41:55,304 - INFO - patching driver executable C:\laragon\www\dapokalsel\sekolah\~\appdata\roaming\undetected_chromedriver\undetected_chromedriver.exe
2025-10-26 14:41:55,397 - ERROR - GAGAL total saat setup driver: Binary Location Must be a String
Traceback (most recent call last):
  File "C:\laragon\www\dapokalsel\sekolah\import_url_kabupaten.pyw", line 80, in setup_driver
    driver = uc.Chrome(
  File "C:\laragon\bin\python\python-3.10\lib\site-packages\undetected_chromedriver\__init__.py", line 372, in __init__
    options.binary_location = (
  File "C:\laragon\bin\python\python-3.10\lib\site-packages\selenium\webdriver\chromium\options.py", line 52, in binary_location
    raise TypeError(self.BINARY_LOCATION_ERROR)
TypeError: Binary Location Must be a String
2025-10-26 14:41:55,397 - ERROR - Error pada percobaan 201: Gagal total setup driver. Cek log di atas.
Traceback (most recent call last):
  File "C:\laragon\www\dapokalsel\sekolah\import_url_kabupaten.pyw", line 285, in process_url_induk
    raise Exception("Gagal total setup driver. Cek log di atas.")
Exception: Gagal total setup driver. Cek log di atas.
2025-10-26 14:41:55,397 - INFO - Percobaan ulang 202/300...
2025-10-26 14:42:10,397 - INFO - Memulai setup driver...
2025-10-26 14:42:10,397 - INFO - Menggunakan User Data Directory: C:\laragon\www\dapokalsel\chrome_profile
2025-10-26 14:42:10,397 - INFO - Menginisialisasi uc.Chrome()...
2025-10-26 14:42:13,317 - INFO - patching driver executable C:\laragon\www\dapokalsel\sekolah\~\appdata\roaming\undetected_chromedriver\undetected_chromedriver.exe
2025-10-26 14:42:13,397 - ERROR - GAGAL total saat setup driver: Binary Location Must be a String
Traceback (most recent call last):
  File "C:\laragon\www\dapokalsel\sekolah\import_url_kabupaten.pyw", line 80, in setup_driver
    driver = uc.Chrome(
  File "C:\laragon\bin\python\python-3.10\lib\site-packages\undetected_chromedriver\__init__.py", line 372, in __init__
    options.binary_location = (
  File "C:\laragon\bin\python\python-3.10\lib\site-packages\selenium\webdriver\chromium\options.py", line 52, in binary_location
    raise TypeError(self.BINARY_LOCATION_ERROR)
TypeError: Binary Location Must be a String
2025-10-26 14:42:13,397 - ERROR - Error pada percobaan 202: Gagal total setup driver. Cek log di atas.
Traceback (most recent call last):
  File "C:\laragon\www\dapokalsel\sekolah\import_url_kabupaten.pyw", line 285, in process_url_induk
    raise Exception("Gagal total setup driver. Cek log di atas.")
Exception: Gagal total setup driver. Cek log di atas.
2025-10-26 14:42:13,397 - INFO - Percobaan ulang 203/300...
2025-10-26 14:42:28,413 - INFO - Memulai setup driver...
2025-10-26 14:42:28,413 - INFO - Menggunakan User Data Directory: C:\laragon\www\dapokalsel\chrome_profile
2025-10-26 14:42:28,413 - INFO - Menginisialisasi uc.Chrome()...
2025-10-26 14:42:31,600 - INFO - patching driver executable C:\laragon\www\dapokalsel\sekolah\~\appdata\roaming\undetected_chromedriver\undetected_chromedriver.exe
2025-10-26 14:42:31,679 - ERROR - GAGAL total saat setup driver: Binary Location Must be a String
Traceback (most recent call last):
  File "C:\laragon\www\dapokalsel\sekolah\import_url_kabupaten.pyw", line 80, in setup_driver
    driver = uc.Chrome(
  File "C:\laragon\bin\python\python-3.10\lib\site-packages\undetected_chromedriver\__init__.py", line 372, in __init__
    options.binary_location = (
  File "C:\laragon\bin\python\python-3.10\lib\site-packages\selenium\webdriver\chromium\options.py", line 52, in binary_location
    raise TypeError(self.BINARY_LOCATION_ERROR)
TypeError: Binary Location Must be a String
2025-10-26 14:42:31,679 - ERROR - Error pada percobaan 203: Gagal total setup driver. Cek log di atas.
Traceback (most recent call last):
  File "C:\laragon\www\dapokalsel\sekolah\import_url_kabupaten.pyw", line 285, in process_url_induk
    raise Exception("Gagal total setup driver. Cek log di atas.")
Exception: Gagal total setup driver. Cek log di atas.
2025-10-26 14:42:31,679 - INFO - Percobaan ulang 204/300...
2025-10-26 14:42:46,679 - INFO - Memulai setup driver...
2025-10-26 14:42:46,679 - INFO - Menggunakan User Data Directory: C:\laragon\www\dapokalsel\chrome_profile
2025-10-26 14:42:46,679 - INFO - Menginisialisasi uc.Chrome()...
2025-10-26 14:42:49,642 - INFO - patching driver executable C:\laragon\www\dapokalsel\sekolah\~\appdata\roaming\undetected_chromedriver\undetected_chromedriver.exe
2025-10-26 14:42:49,725 - ERROR - GAGAL total saat setup driver: Binary Location Must be a String
Traceback (most recent call last):
  File "C:\laragon\www\dapokalsel\sekolah\import_url_kabupaten.pyw", line 80, in setup_driver
    driver = uc.Chrome(
  File "C:\laragon\bin\python\python-3.10\lib\site-packages\undetected_chromedriver\__init__.py", line 372, in __init__
    options.binary_location = (
  File "C:\laragon\bin\python\python-3.10\lib\site-packages\selenium\webdriver\chromium\options.py", line 52, in binary_location
    raise TypeError(self.BINARY_LOCATION_ERROR)
TypeError: Binary Location Must be a String
2025-10-26 14:42:49,725 - ERROR - Error pada percobaan 204: Gagal total setup driver. Cek log di atas.
Traceback (most recent call last):
  File "C:\laragon\www\dapokalsel\sekolah\import_url_kabupaten.pyw", line 285, in process_url_induk
    raise Exception("Gagal total setup driver. Cek log di atas.")
Exception: Gagal total setup driver. Cek log di atas.
2025-10-26 14:42:49,725 - INFO - Percobaan ulang 205/300...
2025-10-26 14:43:04,726 - INFO - Memulai setup driver...
2025-10-26 14:43:04,726 - INFO - Menggunakan User Data Directory: C:\laragon\www\dapokalsel\chrome_profile
2025-10-26 14:43:04,726 - INFO - Menginisialisasi uc.Chrome()...
2025-10-26 14:43:07,623 - INFO - patching driver executable C:\laragon\www\dapokalsel\sekolah\~\appdata\roaming\undetected_chromedriver\undetected_chromedriver.exe
2025-10-26 14:43:07,694 - ERROR - GAGAL total saat setup driver: Binary Location Must be a String
Traceback (most recent call last):
  File "C:\laragon\www\dapokalsel\sekolah\import_url_kabupaten.pyw", line 80, in setup_driver
    driver = uc.Chrome(
  File "C:\laragon\bin\python\python-3.10\lib\site-packages\undetected_chromedriver\__init__.py", line 372, in __init__
    options.binary_location = (
  File "C:\laragon\bin\python\python-3.10\lib\site-packages\selenium\webdriver\chromium\options.py", line 52, in binary_location
    raise TypeError(self.BINARY_LOCATION_ERROR)
TypeError: Binary Location Must be a String
2025-10-26 14:43:07,694 - ERROR - Error pada percobaan 205: Gagal total setup driver. Cek log di atas.
Traceback (most recent call last):
  File "C:\laragon\www\dapokalsel\sekolah\import_url_kabupaten.pyw", line 285, in process_url_induk
    raise Exception("Gagal total setup driver. Cek log di atas.")
Exception: Gagal total setup driver. Cek log di atas.
2025-10-26 14:43:07,694 - INFO - Percobaan ulang 206/300...
2025-10-26 14:43:22,695 - INFO - Memulai setup driver...
2025-10-26 14:43:22,695 - INFO - Menggunakan User Data Directory: C:\laragon\www\dapokalsel\chrome_profile
2025-10-26 14:43:22,695 - INFO - Menginisialisasi uc.Chrome()...
2025-10-26 14:43:26,070 - INFO - patching driver executable C:\laragon\www\dapokalsel\sekolah\~\appdata\roaming\undetected_chromedriver\undetected_chromedriver.exe
2025-10-26 14:43:26,152 - ERROR - GAGAL total saat setup driver: Binary Location Must be a String
Traceback (most recent call last):
  File "C:\laragon\www\dapokalsel\sekolah\import_url_kabupaten.pyw", line 80, in setup_driver
    driver = uc.Chrome(
  File "C:\laragon\bin\python\python-3.10\lib\site-packages\undetected_chromedriver\__init__.py", line 372, in __init__
    options.binary_location = (
  File "C:\laragon\bin\python\python-3.10\lib\site-packages\selenium\webdriver\chromium\options.py", line 52, in binary_location
    raise TypeError(self.BINARY_LOCATION_ERROR)
TypeError: Binary Location Must be a String
2025-10-26 14:43:26,153 - ERROR - Error pada percobaan 206: Gagal total setup driver. Cek log di atas.
Traceback (most recent call last):
  File "C:\laragon\www\dapokalsel\sekolah\import_url_kabupaten.pyw", line 285, in process_url_induk
    raise Exception("Gagal total setup driver. Cek log di atas.")
Exception: Gagal total setup driver. Cek log di atas.
2025-10-26 14:43:26,153 - INFO - Percobaan ulang 207/300...
2025-10-26 14:43:41,163 - INFO - Memulai setup driver...
2025-10-26 14:43:41,163 - INFO - Menggunakan User Data Directory: C:\laragon\www\dapokalsel\chrome_profile
2025-10-26 14:43:41,163 - INFO - Menginisialisasi uc.Chrome()...
2025-10-26 14:43:44,195 - INFO - patching driver executable C:\laragon\www\dapokalsel\sekolah\~\appdata\roaming\undetected_chromedriver\undetected_chromedriver.exe
2025-10-26 14:43:44,289 - ERROR - GAGAL total saat setup driver: Binary Location Must be a String
Traceback (most recent call last):
  File "C:\laragon\www\dapokalsel\sekolah\import_url_kabupaten.pyw", line 80, in setup_driver
    driver = uc.Chrome(
  File "C:\laragon\bin\python\python-3.10\lib\site-packages\undetected_chromedriver\__init__.py", line 372, in __init__
    options.binary_location = (
  File "C:\laragon\bin\python\python-3.10\lib\site-packages\selenium\webdriver\chromium\options.py", line 52, in binary_location
    raise TypeError(self.BINARY_LOCATION_ERROR)
TypeError: Binary Location Must be a String
2025-10-26 14:43:44,289 - ERROR - Error pada percobaan 207: Gagal total setup driver. Cek log di atas.
Traceback (most recent call last):
  File "C:\laragon\www\dapokalsel\sekolah\import_url_kabupaten.pyw", line 285, in process_url_induk
    raise Exception("Gagal total setup driver. Cek log di atas.")
Exception: Gagal total setup driver. Cek log di atas.
2025-10-26 14:43:44,289 - INFO - Percobaan ulang 208/300...
2025-10-26 14:43:59,289 - INFO - Memulai setup driver...
2025-10-26 14:43:59,289 - INFO - Menggunakan User Data Directory: C:\laragon\www\dapokalsel\chrome_profile
2025-10-26 14:43:59,289 - INFO - Menginisialisasi uc.Chrome()...
2025-10-26 14:44:02,490 - INFO - patching driver executable C:\laragon\www\dapokalsel\sekolah\~\appdata\roaming\undetected_chromedriver\undetected_chromedriver.exe
2025-10-26 14:44:02,568 - ERROR - GAGAL total saat setup driver: Binary Location Must be a String
Traceback (most recent call last):
  File "C:\laragon\www\dapokalsel\sekolah\import_url_kabupaten.pyw", line 80, in setup_driver
    driver = uc.Chrome(
  File "C:\laragon\bin\python\python-3.10\lib\site-packages\undetected_chromedriver\__init__.py", line 372, in __init__
    options.binary_location = (
  File "C:\laragon\bin\python\python-3.10\lib\site-packages\selenium\webdriver\chromium\options.py", line 52, in binary_location
    raise TypeError(self.BINARY_LOCATION_ERROR)
TypeError: Binary Location Must be a String
2025-10-26 14:44:02,569 - ERROR - Error pada percobaan 208: Gagal total setup driver. Cek log di atas.
Traceback (most recent call last):
  File "C:\laragon\www\dapokalsel\sekolah\import_url_kabupaten.pyw", line 285, in process_url_induk
    raise Exception("Gagal total setup driver. Cek log di atas.")
Exception: Gagal total setup driver. Cek log di atas.
2025-10-26 14:44:02,569 - INFO - Percobaan ulang 209/300...
2025-10-26 14:44:17,585 - INFO - Memulai setup driver...
2025-10-26 14:44:17,585 - INFO - Menggunakan User Data Directory: C:\laragon\www\dapokalsel\chrome_profile
2025-10-26 14:44:17,585 - INFO - Menginisialisasi uc.Chrome()...
2025-10-26 14:44:21,328 - INFO - patching driver executable C:\laragon\www\dapokalsel\sekolah\~\appdata\roaming\undetected_chromedriver\undetected_chromedriver.exe
2025-10-26 14:44:21,397 - ERROR - GAGAL total saat setup driver: Binary Location Must be a String
Traceback (most recent call last):
  File "C:\laragon\www\dapokalsel\sekolah\import_url_kabupaten.pyw", line 80, in setup_driver
    driver = uc.Chrome(
  File "C:\laragon\bin\python\python-3.10\lib\site-packages\undetected_chromedriver\__init__.py", line 372, in __init__
    options.binary_location = (
  File "C:\laragon\bin\python\python-3.10\lib\site-packages\selenium\webdriver\chromium\options.py", line 52, in binary_location
    raise TypeError(self.BINARY_LOCATION_ERROR)
TypeError: Binary Location Must be a String
2025-10-26 14:44:21,397 - ERROR - Error pada percobaan 209: Gagal total setup driver. Cek log di atas.
Traceback (most recent call last):
  File "C:\laragon\www\dapokalsel\sekolah\import_url_kabupaten.pyw", line 285, in process_url_induk
    raise Exception("Gagal total setup driver. Cek log di atas.")
Exception: Gagal total setup driver. Cek log di atas.
2025-10-26 14:44:21,397 - INFO - Percobaan ulang 210/300...
2025-10-26 14:44:36,413 - INFO - Memulai setup driver...
2025-10-26 14:44:36,413 - INFO - Menggunakan User Data Directory: C:\laragon\www\dapokalsel\chrome_profile
2025-10-26 14:44:36,413 - INFO - Menginisialisasi uc.Chrome()...
2025-10-26 14:44:39,460 - INFO - patching driver executable C:\laragon\www\dapokalsel\sekolah\~\appdata\roaming\undetected_chromedriver\undetected_chromedriver.exe
2025-10-26 14:44:39,554 - ERROR - GAGAL total saat setup driver: Binary Location Must be a String
Traceback (most recent call last):
  File "C:\laragon\www\dapokalsel\sekolah\import_url_kabupaten.pyw", line 80, in setup_driver
    driver = uc.Chrome(
  File "C:\laragon\bin\python\python-3.10\lib\site-packages\undetected_chromedriver\__init__.py", line 372, in __init__
    options.binary_location = (
  File "C:\laragon\bin\python\python-3.10\lib\site-packages\selenium\webdriver\chromium\options.py", line 52, in binary_location
    raise TypeError(self.BINARY_LOCATION_ERROR)
TypeError: Binary Location Must be a String
2025-10-26 14:44:39,554 - ERROR - Error pada percobaan 210: Gagal total setup driver. Cek log di atas.
Traceback (most recent call last):
  File "C:\laragon\www\dapokalsel\sekolah\import_url_kabupaten.pyw", line 285, in process_url_induk
    raise Exception("Gagal total setup driver. Cek log di atas.")
Exception: Gagal total setup driver. Cek log di atas.
2025-10-26 14:44:39,554 - INFO - Percobaan ulang 211/300...
2025-10-26 14:44:54,569 - INFO - Memulai setup driver...
2025-10-26 14:44:54,569 - INFO - Menggunakan User Data Directory: C:\laragon\www\dapokalsel\chrome_profile
2025-10-26 14:44:54,569 - INFO - Menginisialisasi uc.Chrome()...
2025-10-26 14:44:57,585 - INFO - patching driver executable C:\laragon\www\dapokalsel\sekolah\~\appdata\roaming\undetected_chromedriver\undetected_chromedriver.exe
2025-10-26 14:44:57,663 - ERROR - GAGAL total saat setup driver: Binary Location Must be a String
Traceback (most recent call last):
  File "C:\laragon\www\dapokalsel\sekolah\import_url_kabupaten.pyw", line 80, in setup_driver
    driver = uc.Chrome(
  File "C:\laragon\bin\python\python-3.10\lib\site-packages\undetected_chromedriver\__init__.py", line 372, in __init__
    options.binary_location = (
  File "C:\laragon\bin\python\python-3.10\lib\site-packages\selenium\webdriver\chromium\options.py", line 52, in binary_location
    raise TypeError(self.BINARY_LOCATION_ERROR)
TypeError: Binary Location Must be a String
2025-10-26 14:44:57,663 - ERROR - Error pada percobaan 211: Gagal total setup driver. Cek log di atas.
Traceback (most recent call last):
  File "C:\laragon\www\dapokalsel\sekolah\import_url_kabupaten.pyw", line 285, in process_url_induk
    raise Exception("Gagal total setup driver. Cek log di atas.")
Exception: Gagal total setup driver. Cek log di atas.
2025-10-26 14:44:57,663 - INFO - Percobaan ulang 212/300...
2025-10-26 14:45:12,679 - INFO - Memulai setup driver...
2025-10-26 14:45:12,679 - INFO - Menggunakan User Data Directory: C:\laragon\www\dapokalsel\chrome_profile
2025-10-26 14:45:12,679 - INFO - Menginisialisasi uc.Chrome()...
2025-10-26 14:45:15,694 - INFO - patching driver executable C:\laragon\www\dapokalsel\sekolah\~\appdata\roaming\undetected_chromedriver\undetected_chromedriver.exe
2025-10-26 14:45:15,788 - ERROR - GAGAL total saat setup driver: Binary Location Must be a String
Traceback (most recent call last):
  File "C:\laragon\www\dapokalsel\sekolah\import_url_kabupaten.pyw", line 80, in setup_driver
    driver = uc.Chrome(
  File "C:\laragon\bin\python\python-3.10\lib\site-packages\undetected_chromedriver\__init__.py", line 372, in __init__
    options.binary_location = (
  File "C:\laragon\bin\python\python-3.10\lib\site-packages\selenium\webdriver\chromium\options.py", line 52, in binary_location
    raise TypeError(self.BINARY_LOCATION_ERROR)
TypeError: Binary Location Must be a String
2025-10-26 14:45:15,788 - ERROR - Error pada percobaan 212: Gagal total setup driver. Cek log di atas.
Traceback (most recent call last):
  File "C:\laragon\www\dapokalsel\sekolah\import_url_kabupaten.pyw", line 285, in process_url_induk
    raise Exception("Gagal total setup driver. Cek log di atas.")
Exception: Gagal total setup driver. Cek log di atas.
2025-10-26 14:45:15,788 - INFO - Percobaan ulang 213/300...
2025-10-26 14:45:30,803 - INFO - Memulai setup driver...
2025-10-26 14:45:30,803 - INFO - Menggunakan User Data Directory: C:\laragon\www\dapokalsel\chrome_profile
2025-10-26 14:45:30,803 - INFO - Menginisialisasi uc.Chrome()...
2025-10-26 14:45:34,820 - INFO - patching driver executable C:\laragon\www\dapokalsel\sekolah\~\appdata\roaming\undetected_chromedriver\undetected_chromedriver.exe
2025-10-26 14:45:34,914 - ERROR - GAGAL total saat setup driver: Binary Location Must be a String
Traceback (most recent call last):
  File "C:\laragon\www\dapokalsel\sekolah\import_url_kabupaten.pyw", line 80, in setup_driver
    driver = uc.Chrome(
  File "C:\laragon\bin\python\python-3.10\lib\site-packages\undetected_chromedriver\__init__.py", line 372, in __init__
    options.binary_location = (
  File "C:\laragon\bin\python\python-3.10\lib\site-packages\selenium\webdriver\chromium\options.py", line 52, in binary_location
    raise TypeError(self.BINARY_LOCATION_ERROR)
TypeError: Binary Location Must be a String
2025-10-26 14:45:34,914 - ERROR - Error pada percobaan 213: Gagal total setup driver. Cek log di atas.
Traceback (most recent call last):
  File "C:\laragon\www\dapokalsel\sekolah\import_url_kabupaten.pyw", line 285, in process_url_induk
    raise Exception("Gagal total setup driver. Cek log di atas.")
Exception: Gagal total setup driver. Cek log di atas.
2025-10-26 14:45:34,914 - INFO - Percobaan ulang 214/300...
2025-10-26 14:45:49,929 - INFO - Memulai setup driver...
2025-10-26 14:45:49,929 - INFO - Menggunakan User Data Directory: C:\laragon\www\dapokalsel\chrome_profile
2025-10-26 14:45:49,929 - INFO - Menginisialisasi uc.Chrome()...
2025-10-26 14:45:53,364 - INFO - patching driver executable C:\laragon\www\dapokalsel\sekolah\~\appdata\roaming\undetected_chromedriver\undetected_chromedriver.exe
2025-10-26 14:45:53,442 - ERROR - GAGAL total saat setup driver: Binary Location Must be a String
Traceback (most recent call last):
  File "C:\laragon\www\dapokalsel\sekolah\import_url_kabupaten.pyw", line 80, in setup_driver
    driver = uc.Chrome(
  File "C:\laragon\bin\python\python-3.10\lib\site-packages\undetected_chromedriver\__init__.py", line 372, in __init__
    options.binary_location = (
  File "C:\laragon\bin\python\python-3.10\lib\site-packages\selenium\webdriver\chromium\options.py", line 52, in binary_location
    raise TypeError(self.BINARY_LOCATION_ERROR)
TypeError: Binary Location Must be a String
2025-10-26 14:45:53,443 - ERROR - Error pada percobaan 214: Gagal total setup driver. Cek log di atas.
Traceback (most recent call last):
  File "C:\laragon\www\dapokalsel\sekolah\import_url_kabupaten.pyw", line 285, in process_url_induk
    raise Exception("Gagal total setup driver. Cek log di atas.")
Exception: Gagal total setup driver. Cek log di atas.
2025-10-26 14:45:53,443 - INFO - Percobaan ulang 215/300...
2025-10-26 14:46:08,444 - INFO - Memulai setup driver...
2025-10-26 14:46:08,444 - INFO - Menggunakan User Data Directory: C:\laragon\www\dapokalsel\chrome_profile
2025-10-26 14:46:08,444 - INFO - Menginisialisasi uc.Chrome()...
2025-10-26 14:46:11,992 - INFO - patching driver executable C:\laragon\www\dapokalsel\sekolah\~\appdata\roaming\undetected_chromedriver\undetected_chromedriver.exe
2025-10-26 14:46:12,088 - ERROR - GAGAL total saat setup driver: Binary Location Must be a String
Traceback (most recent call last):
  File "C:\laragon\www\dapokalsel\sekolah\import_url_kabupaten.pyw", line 80, in setup_driver
    driver = uc.Chrome(
  File "C:\laragon\bin\python\python-3.10\lib\site-packages\undetected_chromedriver\__init__.py", line 372, in __init__
    options.binary_location = (
  File "C:\laragon\bin\python\python-3.10\lib\site-packages\selenium\webdriver\chromium\options.py", line 52, in binary_location
    raise TypeError(self.BINARY_LOCATION_ERROR)
TypeError: Binary Location Must be a String
2025-10-26 14:46:12,088 - ERROR - Error pada percobaan 215: Gagal total setup driver. Cek log di atas.
Traceback (most recent call last):
  File "C:\laragon\www\dapokalsel\sekolah\import_url_kabupaten.pyw", line 285, in process_url_induk
    raise Exception("Gagal total setup driver. Cek log di atas.")
Exception: Gagal total setup driver. Cek log di atas.
2025-10-26 14:46:12,088 - INFO - Percobaan ulang 216/300...
2025-10-26 14:46:27,095 - INFO - Memulai setup driver...
2025-10-26 14:46:27,095 - INFO - Menggunakan User Data Directory: C:\laragon\www\dapokalsel\chrome_profile
2025-10-26 14:46:27,095 - INFO - Menginisialisasi uc.Chrome()...
2025-10-26 14:46:30,553 - INFO - patching driver executable C:\laragon\www\dapokalsel\sekolah\~\appdata\roaming\undetected_chromedriver\undetected_chromedriver.exe
2025-10-26 14:46:30,645 - ERROR - GAGAL total saat setup driver: Binary Location Must be a String
Traceback (most recent call last):
  File "C:\laragon\www\dapokalsel\sekolah\import_url_kabupaten.pyw", line 80, in setup_driver
    driver = uc.Chrome(
  File "C:\laragon\bin\python\python-3.10\lib\site-packages\undetected_chromedriver\__init__.py", line 372, in __init__
    options.binary_location = (
  File "C:\laragon\bin\python\python-3.10\lib\site-packages\selenium\webdriver\chromium\options.py", line 52, in binary_location
    raise TypeError(self.BINARY_LOCATION_ERROR)
TypeError: Binary Location Must be a String
2025-10-26 14:46:30,646 - ERROR - Error pada percobaan 216: Gagal total setup driver. Cek log di atas.
Traceback (most recent call last):
  File "C:\laragon\www\dapokalsel\sekolah\import_url_kabupaten.pyw", line 285, in process_url_induk
    raise Exception("Gagal total setup driver. Cek log di atas.")
Exception: Gagal total setup driver. Cek log di atas.
2025-10-26 14:46:30,646 - INFO - Percobaan ulang 217/300...
2025-10-26 14:46:45,647 - INFO - Memulai setup driver...
2025-10-26 14:46:45,647 - INFO - Menggunakan User Data Directory: C:\laragon\www\dapokalsel\chrome_profile
2025-10-26 14:46:45,647 - INFO - Menginisialisasi uc.Chrome()...
2025-10-26 14:46:48,680 - INFO - patching driver executable C:\laragon\www\dapokalsel\sekolah\~\appdata\roaming\undetected_chromedriver\undetected_chromedriver.exe
2025-10-26 14:46:48,757 - ERROR - GAGAL total saat setup driver: Binary Location Must be a String
Traceback (most recent call last):
  File "C:\laragon\www\dapokalsel\sekolah\import_url_kabupaten.pyw", line 80, in setup_driver
    driver = uc.Chrome(
  File "C:\laragon\bin\python\python-3.10\lib\site-packages\undetected_chromedriver\__init__.py", line 372, in __init__
    options.binary_location = (
  File "C:\laragon\bin\python\python-3.10\lib\site-packages\selenium\webdriver\chromium\options.py", line 52, in binary_location
    raise TypeError(self.BINARY_LOCATION_ERROR)
TypeError: Binary Location Must be a String
2025-10-26 14:46:48,757 - ERROR - Error pada percobaan 217: Gagal total setup driver. Cek log di atas.
Traceback (most recent call last):
  File "C:\laragon\www\dapokalsel\sekolah\import_url_kabupaten.pyw", line 285, in process_url_induk
    raise Exception("Gagal total setup driver. Cek log di atas.")
Exception: Gagal total setup driver. Cek log di atas.
2025-10-26 14:46:48,757 - INFO - Percobaan ulang 218/300...
2025-10-26 14:47:03,773 - INFO - Memulai setup driver...
2025-10-26 14:47:03,773 - INFO - Menggunakan User Data Directory: C:\laragon\www\dapokalsel\chrome_profile
2025-10-26 14:47:03,773 - INFO - Menginisialisasi uc.Chrome()...
2025-10-26 14:47:07,241 - INFO - patching driver executable C:\laragon\www\dapokalsel\sekolah\~\appdata\roaming\undetected_chromedriver\undetected_chromedriver.exe
2025-10-26 14:47:07,326 - ERROR - GAGAL total saat setup driver: Binary Location Must be a String
Traceback (most recent call last):
  File "C:\laragon\www\dapokalsel\sekolah\import_url_kabupaten.pyw", line 80, in setup_driver
    driver = uc.Chrome(
  File "C:\laragon\bin\python\python-3.10\lib\site-packages\undetected_chromedriver\__init__.py", line 372, in __init__
    options.binary_location = (
  File "C:\laragon\bin\python\python-3.10\lib\site-packages\selenium\webdriver\chromium\options.py", line 52, in binary_location
    raise TypeError(self.BINARY_LOCATION_ERROR)
TypeError: Binary Location Must be a String
2025-10-26 14:47:07,327 - ERROR - Error pada percobaan 218: Gagal total setup driver. Cek log di atas.
Traceback (most recent call last):
  File "C:\laragon\www\dapokalsel\sekolah\import_url_kabupaten.pyw", line 285, in process_url_induk
    raise Exception("Gagal total setup driver. Cek log di atas.")
Exception: Gagal total setup driver. Cek log di atas.
2025-10-26 14:47:07,327 - INFO - Percobaan ulang 219/300...
2025-10-26 14:47:22,335 - INFO - Memulai setup driver...
2025-10-26 14:47:22,335 - INFO - Menggunakan User Data Directory: C:\laragon\www\dapokalsel\chrome_profile
2025-10-26 14:47:22,335 - INFO - Menginisialisasi uc.Chrome()...
2025-10-26 14:47:25,335 - INFO - patching driver executable C:\laragon\www\dapokalsel\sekolah\~\appdata\roaming\undetected_chromedriver\undetected_chromedriver.exe
2025-10-26 14:47:25,416 - ERROR - GAGAL total saat setup driver: Binary Location Must be a String
Traceback (most recent call last):
  File "C:\laragon\www\dapokalsel\sekolah\import_url_kabupaten.pyw", line 80, in setup_driver
    driver = uc.Chrome(
  File "C:\laragon\bin\python\python-3.10\lib\site-packages\undetected_chromedriver\__init__.py", line 372, in __init__
    options.binary_location = (
  File "C:\laragon\bin\python\python-3.10\lib\site-packages\selenium\webdriver\chromium\options.py", line 52, in binary_location
    raise TypeError(self.BINARY_LOCATION_ERROR)
TypeError: Binary Location Must be a String
2025-10-26 14:47:25,416 - ERROR - Error pada percobaan 219: Gagal total setup driver. Cek log di atas.
Traceback (most recent call last):
  File "C:\laragon\www\dapokalsel\sekolah\import_url_kabupaten.pyw", line 285, in process_url_induk
    raise Exception("Gagal total setup driver. Cek log di atas.")
Exception: Gagal total setup driver. Cek log di atas.
2025-10-26 14:47:25,417 - INFO - Percobaan ulang 220/300...
2025-10-26 14:47:40,418 - INFO - Memulai setup driver...
2025-10-26 14:47:40,418 - INFO - Menggunakan User Data Directory: C:\laragon\www\dapokalsel\chrome_profile
2025-10-26 14:47:40,418 - INFO - Menginisialisasi uc.Chrome()...
2025-10-26 14:47:43,272 - INFO - patching driver executable C:\laragon\www\dapokalsel\sekolah\~\appdata\roaming\undetected_chromedriver\undetected_chromedriver.exe
2025-10-26 14:47:43,366 - ERROR - GAGAL total saat setup driver: Binary Location Must be a String
Traceback (most recent call last):
  File "C:\laragon\www\dapokalsel\sekolah\import_url_kabupaten.pyw", line 80, in setup_driver
    driver = uc.Chrome(
  File "C:\laragon\bin\python\python-3.10\lib\site-packages\undetected_chromedriver\__init__.py", line 372, in __init__
    options.binary_location = (
  File "C:\laragon\bin\python\python-3.10\lib\site-packages\selenium\webdriver\chromium\options.py", line 52, in binary_location
    raise TypeError(self.BINARY_LOCATION_ERROR)
TypeError: Binary Location Must be a String
2025-10-26 14:47:43,367 - ERROR - Error pada percobaan 220: Gagal total setup driver. Cek log di atas.
Traceback (most recent call last):
  File "C:\laragon\www\dapokalsel\sekolah\import_url_kabupaten.pyw", line 285, in process_url_induk
    raise Exception("Gagal total setup driver. Cek log di atas.")
Exception: Gagal total setup driver. Cek log di atas.
2025-10-26 14:47:43,367 - INFO - Percobaan ulang 221/300...
2025-10-26 14:47:58,381 - INFO - Memulai setup driver...
2025-10-26 14:47:58,381 - INFO - Menggunakan User Data Directory: C:\laragon\www\dapokalsel\chrome_profile
2025-10-26 14:47:58,381 - INFO - Menginisialisasi uc.Chrome()...
2025-10-26 14:48:03,132 - INFO - patching driver executable C:\laragon\www\dapokalsel\sekolah\~\appdata\roaming\undetected_chromedriver\undetected_chromedriver.exe
2025-10-26 14:48:03,213 - ERROR - GAGAL total saat setup driver: Binary Location Must be a String
Traceback (most recent call last):
  File "C:\laragon\www\dapokalsel\sekolah\import_url_kabupaten.pyw", line 80, in setup_driver
    driver = uc.Chrome(
  File "C:\laragon\bin\python\python-3.10\lib\site-packages\undetected_chromedriver\__init__.py", line 372, in __init__
    options.binary_location = (
  File "C:\laragon\bin\python\python-3.10\lib\site-packages\selenium\webdriver\chromium\options.py", line 52, in binary_location
    raise TypeError(self.BINARY_LOCATION_ERROR)
TypeError: Binary Location Must be a String
2025-10-26 14:48:03,214 - ERROR - Error pada percobaan 221: Gagal total setup driver. Cek log di atas.
Traceback (most recent call last):
  File "C:\laragon\www\dapokalsel\sekolah\import_url_kabupaten.pyw", line 285, in process_url_induk
    raise Exception("Gagal total setup driver. Cek log di atas.")
Exception: Gagal total setup driver. Cek log di atas.
2025-10-26 14:48:03,214 - INFO - Percobaan ulang 222/300...
2025-10-26 14:48:18,215 - INFO - Memulai setup driver...
2025-10-26 14:48:18,215 - INFO - Menggunakan User Data Directory: C:\laragon\www\dapokalsel\chrome_profile
2025-10-26 14:48:18,215 - INFO - Menginisialisasi uc.Chrome()...
2025-10-26 14:48:25,841 - ERROR - GAGAL total saat setup driver: [WinError 183] Cannot create a file when that file already exists: 'C:\\laragon\\www\\dapokalsel\\sekolah\\~\\appdata\\roaming\\undetected_chromedriver\\undetected\\chromedriver-win32\\chromedriver.exe' -> 'C:\\laragon\\www\\dapokalsel\\sekolah\\~\\appdata\\roaming\\undetected_chromedriver\\undetected_chromedriver.exe'
Traceback (most recent call last):
  File "C:\laragon\www\dapokalsel\sekolah\import_url_kabupaten.pyw", line 80, in setup_driver
    driver = uc.Chrome(
  File "C:\laragon\bin\python\python-3.10\lib\site-packages\undetected_chromedriver\__init__.py", line 258, in __init__
    self.patcher.auto()
  File "C:\laragon\bin\python\python-3.10\lib\site-packages\undetected_chromedriver\patcher.py", line 178, in auto
    self.unzip_package(self.fetch_package())
  File "C:\laragon\bin\python\python-3.10\lib\site-packages\undetected_chromedriver\patcher.py", line 310, in unzip_package
    os.rename(os.path.join(self.zip_path, exe_path), self.executable_path)
FileExistsError: [WinError 183] Cannot create a file when that file already exists: 'C:\\laragon\\www\\dapokalsel\\sekolah\\~\\appdata\\roaming\\undetected_chromedriver\\undetected\\chromedriver-win32\\chromedriver.exe' -> 'C:\\laragon\\www\\dapokalsel\\sekolah\\~\\appdata\\roaming\\undetected_chromedriver\\undetected_chromedriver.exe'
2025-10-26 14:48:25,842 - ERROR - Error pada percobaan 222: Gagal total setup driver. Cek log di atas.
Traceback (most recent call last):
  File "C:\laragon\www\dapokalsel\sekolah\import_url_kabupaten.pyw", line 285, in process_url_induk
    raise Exception("Gagal total setup driver. Cek log di atas.")
Exception: Gagal total setup driver. Cek log di atas.
2025-10-26 14:48:25,842 - INFO - Percobaan ulang 223/300...
2025-10-26 14:48:40,850 - INFO - Memulai setup driver...
2025-10-26 14:48:40,850 - INFO - Menggunakan User Data Directory: C:\laragon\www\dapokalsel\chrome_profile
2025-10-26 14:48:40,850 - INFO - Menginisialisasi uc.Chrome()...
2025-10-26 14:48:46,054 - ERROR - GAGAL total saat setup driver: [WinError 183] Cannot create a file when that file already exists: 'C:\\laragon\\www\\dapokalsel\\sekolah\\~\\appdata\\roaming\\undetected_chromedriver\\undetected\\chromedriver-win32\\chromedriver.exe' -> 'C:\\laragon\\www\\dapokalsel\\sekolah\\~\\appdata\\roaming\\undetected_chromedriver\\undetected_chromedriver.exe'
Traceback (most recent call last):
  File "C:\laragon\www\dapokalsel\sekolah\import_url_kabupaten.pyw", line 80, in setup_driver
    driver = uc.Chrome(
  File "C:\laragon\bin\python\python-3.10\lib\site-packages\undetected_chromedriver\__init__.py", line 258, in __init__
    self.patcher.auto()
  File "C:\laragon\bin\python\python-3.10\lib\site-packages\undetected_chromedriver\patcher.py", line 178, in auto
    self.unzip_package(self.fetch_package())
  File "C:\laragon\bin\python\python-3.10\lib\site-packages\undetected_chromedriver\patcher.py", line 310, in unzip_package
    os.rename(os.path.join(self.zip_path, exe_path), self.executable_path)
FileExistsError: [WinError 183] Cannot create a file when that file already exists: 'C:\\laragon\\www\\dapokalsel\\sekolah\\~\\appdata\\roaming\\undetected_chromedriver\\undetected\\chromedriver-win32\\chromedriver.exe' -> 'C:\\laragon\\www\\dapokalsel\\sekolah\\~\\appdata\\roaming\\undetected_chromedriver\\undetected_chromedriver.exe'
2025-10-26 14:48:46,054 - ERROR - Error pada percobaan 223: Gagal total setup driver. Cek log di atas.
Traceback (most recent call last):
  File "C:\laragon\www\dapokalsel\sekolah\import_url_kabupaten.pyw", line 285, in process_url_induk
    raise Exception("Gagal total setup driver. Cek log di atas.")
Exception: Gagal total setup driver. Cek log di atas.
2025-10-26 14:48:46,054 - INFO - Percobaan ulang 224/300...
2025-10-26 14:49:01,068 - INFO - Memulai setup driver...
2025-10-26 14:49:01,068 - INFO - Menggunakan User Data Directory: C:\laragon\www\dapokalsel\chrome_profile
2025-10-26 14:49:01,068 - INFO - Menginisialisasi uc.Chrome()...
2025-10-26 14:49:04,847 - ERROR - GAGAL total saat setup driver: [WinError 183] Cannot create a file when that file already exists: 'C:\\laragon\\www\\dapokalsel\\sekolah\\~\\appdata\\roaming\\undetected_chromedriver\\undetected\\chromedriver-win32\\chromedriver.exe' -> 'C:\\laragon\\www\\dapokalsel\\sekolah\\~\\appdata\\roaming\\undetected_chromedriver\\undetected_chromedriver.exe'
Traceback (most recent call last):
  File "C:\laragon\www\dapokalsel\sekolah\import_url_kabupaten.pyw", line 80, in setup_driver
    driver = uc.Chrome(
  File "C:\laragon\bin\python\python-3.10\lib\site-packages\undetected_chromedriver\__init__.py", line 258, in __init__
    self.patcher.auto()
  File "C:\laragon\bin\python\python-3.10\lib\site-packages\undetected_chromedriver\patcher.py", line 178, in auto
    self.unzip_package(self.fetch_package())
  File "C:\laragon\bin\python\python-3.10\lib\site-packages\undetected_chromedriver\patcher.py", line 310, in unzip_package
    os.rename(os.path.join(self.zip_path, exe_path), self.executable_path)
FileExistsError: [WinError 183] Cannot create a file when that file already exists: 'C:\\laragon\\www\\dapokalsel\\sekolah\\~\\appdata\\roaming\\undetected_chromedriver\\undetected\\chromedriver-win32\\chromedriver.exe' -> 'C:\\laragon\\www\\dapokalsel\\sekolah\\~\\appdata\\roaming\\undetected_chromedriver\\undetected_chromedriver.exe'
2025-10-26 14:49:04,848 - ERROR - Error pada percobaan 224: Gagal total setup driver. Cek log di atas.
Traceback (most recent call last):
  File "C:\laragon\www\dapokalsel\sekolah\import_url_kabupaten.pyw", line 285, in process_url_induk
    raise Exception("Gagal total setup driver. Cek log di atas.")
Exception: Gagal total setup driver. Cek log di atas.
2025-10-26 14:49:04,848 - INFO - Percobaan ulang 225/300...
2025-10-26 14:49:19,848 - INFO - Memulai setup driver...
2025-10-26 14:49:19,849 - INFO - Menggunakan User Data Directory: C:\laragon\www\dapokalsel\chrome_profile
2025-10-26 14:49:19,849 - INFO - Menginisialisasi uc.Chrome()...
2025-10-26 14:49:23,373 - INFO - patching driver executable C:\laragon\www\dapokalsel\sekolah\~\appdata\roaming\undetected_chromedriver\undetected_chromedriver.exe
2025-10-26 14:49:23,457 - ERROR - GAGAL total saat setup driver: Binary Location Must be a String
Traceback (most recent call last):
  File "C:\laragon\www\dapokalsel\sekolah\import_url_kabupaten.pyw", line 80, in setup_driver
    driver = uc.Chrome(
  File "C:\laragon\bin\python\python-3.10\lib\site-packages\undetected_chromedriver\__init__.py", line 372, in __init__
    options.binary_location = (
  File "C:\laragon\bin\python\python-3.10\lib\site-packages\selenium\webdriver\chromium\options.py", line 52, in binary_location
    raise TypeError(self.BINARY_LOCATION_ERROR)
TypeError: Binary Location Must be a String
2025-10-26 14:49:23,458 - ERROR - Error pada percobaan 225: Gagal total setup driver. Cek log di atas.
Traceback (most recent call last):
  File "C:\laragon\www\dapokalsel\sekolah\import_url_kabupaten.pyw", line 285, in process_url_induk
    raise Exception("Gagal total setup driver. Cek log di atas.")
Exception: Gagal total setup driver. Cek log di atas.
2025-10-26 14:49:23,458 - INFO - Percobaan ulang 226/300...
2025-10-26 14:49:38,460 - INFO - Memulai setup driver...
2025-10-26 14:49:38,460 - INFO - Menggunakan User Data Directory: C:\laragon\www\dapokalsel\chrome_profile
2025-10-26 14:49:38,460 - INFO - Menginisialisasi uc.Chrome()...
2025-10-26 14:49:41,378 - INFO - patching driver executable C:\laragon\www\dapokalsel\sekolah\~\appdata\roaming\undetected_chromedriver\undetected_chromedriver.exe
2025-10-26 14:49:41,460 - ERROR - GAGAL total saat setup driver: Binary Location Must be a String
Traceback (most recent call last):
  File "C:\laragon\www\dapokalsel\sekolah\import_url_kabupaten.pyw", line 80, in setup_driver
    driver = uc.Chrome(
  File "C:\laragon\bin\python\python-3.10\lib\site-packages\undetected_chromedriver\__init__.py", line 372, in __init__
    options.binary_location = (
  File "C:\laragon\bin\python\python-3.10\lib\site-packages\selenium\webdriver\chromium\options.py", line 52, in binary_location
    raise TypeError(self.BINARY_LOCATION_ERROR)
TypeError: Binary Location Must be a String
2025-10-26 14:49:41,460 - ERROR - Error pada percobaan 226: Gagal total setup driver. Cek log di atas.
Traceback (most recent call last):
  File "C:\laragon\www\dapokalsel\sekolah\import_url_kabupaten.pyw", line 285, in process_url_induk
    raise Exception("Gagal total setup driver. Cek log di atas.")
Exception: Gagal total setup driver. Cek log di atas.
2025-10-26 14:49:41,460 - INFO - Percobaan ulang 227/300...
2025-10-26 14:49:56,460 - INFO - Memulai setup driver...
2025-10-26 14:49:56,460 - INFO - Menggunakan User Data Directory: C:\laragon\www\dapokalsel\chrome_profile
2025-10-26 14:49:56,460 - INFO - Menginisialisasi uc.Chrome()...
2025-10-26 14:50:00,179 - ERROR - GAGAL total saat setup driver: [WinError 183] Cannot create a file when that file already exists: 'C:\\laragon\\www\\dapokalsel\\sekolah\\~\\appdata\\roaming\\undetected_chromedriver\\undetected\\chromedriver-win32\\chromedriver.exe' -> 'C:\\laragon\\www\\dapokalsel\\sekolah\\~\\appdata\\roaming\\undetected_chromedriver\\undetected_chromedriver.exe'
Traceback (most recent call last):
  File "C:\laragon\www\dapokalsel\sekolah\import_url_kabupaten.pyw", line 80, in setup_driver
    driver = uc.Chrome(
  File "C:\laragon\bin\python\python-3.10\lib\site-packages\undetected_chromedriver\__init__.py", line 258, in __init__
    self.patcher.auto()
  File "C:\laragon\bin\python\python-3.10\lib\site-packages\undetected_chromedriver\patcher.py", line 178, in auto
    self.unzip_package(self.fetch_package())
  File "C:\laragon\bin\python\python-3.10\lib\site-packages\undetected_chromedriver\patcher.py", line 310, in unzip_package
    os.rename(os.path.join(self.zip_path, exe_path), self.executable_path)
FileExistsError: [WinError 183] Cannot create a file when that file already exists: 'C:\\laragon\\www\\dapokalsel\\sekolah\\~\\appdata\\roaming\\undetected_chromedriver\\undetected\\chromedriver-win32\\chromedriver.exe' -> 'C:\\laragon\\www\\dapokalsel\\sekolah\\~\\appdata\\roaming\\undetected_chromedriver\\undetected_chromedriver.exe'
2025-10-26 14:50:00,179 - ERROR - Error pada percobaan 227: Gagal total setup driver. Cek log di atas.
Traceback (most recent call last):
  File "C:\laragon\www\dapokalsel\sekolah\import_url_kabupaten.pyw", line 285, in process_url_induk
    raise Exception("Gagal total setup driver. Cek log di atas.")
Exception: Gagal total setup driver. Cek log di atas.
2025-10-26 14:50:00,179 - INFO - Percobaan ulang 228/300...
2025-10-26 14:50:15,179 - INFO - Memulai setup driver...
2025-10-26 14:50:15,179 - INFO - Menggunakan User Data Directory: C:\laragon\www\dapokalsel\chrome_profile
2025-10-26 14:50:15,179 - INFO - Menginisialisasi uc.Chrome()...
2025-10-26 14:50:18,894 - INFO - patching driver executable C:\laragon\www\dapokalsel\sekolah\~\appdata\roaming\undetected_chromedriver\undetected_chromedriver.exe
2025-10-26 14:50:19,018 - ERROR - GAGAL total saat setup driver: Binary Location Must be a String
Traceback (most recent call last):
  File "C:\laragon\www\dapokalsel\sekolah\import_url_kabupaten.pyw", line 80, in setup_driver
    driver = uc.Chrome(
  File "C:\laragon\bin\python\python-3.10\lib\site-packages\undetected_chromedriver\__init__.py", line 372, in __init__
    options.binary_location = (
  File "C:\laragon\bin\python\python-3.10\lib\site-packages\selenium\webdriver\chromium\options.py", line 52, in binary_location
    raise TypeError(self.BINARY_LOCATION_ERROR)
TypeError: Binary Location Must be a String
2025-10-26 14:50:19,018 - ERROR - Error pada percobaan 228: Gagal total setup driver. Cek log di atas.
Traceback (most recent call last):
  File "C:\laragon\www\dapokalsel\sekolah\import_url_kabupaten.pyw", line 285, in process_url_induk
    raise Exception("Gagal total setup driver. Cek log di atas.")
Exception: Gagal total setup driver. Cek log di atas.
2025-10-26 14:50:19,018 - INFO - Percobaan ulang 229/300...
2025-10-26 14:50:34,019 - INFO - Memulai setup driver...
2025-10-26 14:50:34,019 - INFO - Menggunakan User Data Directory: C:\laragon\www\dapokalsel\chrome_profile
2025-10-26 14:50:34,019 - INFO - Menginisialisasi uc.Chrome()...
2025-10-26 14:50:36,896 - INFO - patching driver executable C:\laragon\www\dapokalsel\sekolah\~\appdata\roaming\undetected_chromedriver\undetected_chromedriver.exe
2025-10-26 14:50:36,976 - ERROR - GAGAL total saat setup driver: Binary Location Must be a String
Traceback (most recent call last):
  File "C:\laragon\www\dapokalsel\sekolah\import_url_kabupaten.pyw", line 80, in setup_driver
    driver = uc.Chrome(
  File "C:\laragon\bin\python\python-3.10\lib\site-packages\undetected_chromedriver\__init__.py", line 372, in __init__
    options.binary_location = (
  File "C:\laragon\bin\python\python-3.10\lib\site-packages\selenium\webdriver\chromium\options.py", line 52, in binary_location
    raise TypeError(self.BINARY_LOCATION_ERROR)
TypeError: Binary Location Must be a String
2025-10-26 14:50:36,976 - ERROR - Error pada percobaan 229: Gagal total setup driver. Cek log di atas.
Traceback (most recent call last):
  File "C:\laragon\www\dapokalsel\sekolah\import_url_kabupaten.pyw", line 285, in process_url_induk
    raise Exception("Gagal total setup driver. Cek log di atas.")
Exception: Gagal total setup driver. Cek log di atas.
2025-10-26 14:50:36,976 - INFO - Percobaan ulang 230/300...
2025-10-26 14:50:51,976 - INFO - Memulai setup driver...
2025-10-26 14:50:51,976 - INFO - Menggunakan User Data Directory: C:\laragon\www\dapokalsel\chrome_profile
2025-10-26 14:50:51,976 - INFO - Menginisialisasi uc.Chrome()...
2025-10-26 14:50:54,819 - INFO - patching driver executable C:\laragon\www\dapokalsel\sekolah\~\appdata\roaming\undetected_chromedriver\undetected_chromedriver.exe
2025-10-26 14:50:54,897 - ERROR - GAGAL total saat setup driver: Binary Location Must be a String
Traceback (most recent call last):
  File "C:\laragon\www\dapokalsel\sekolah\import_url_kabupaten.pyw", line 80, in setup_driver
    driver = uc.Chrome(
  File "C:\laragon\bin\python\python-3.10\lib\site-packages\undetected_chromedriver\__init__.py", line 372, in __init__
    options.binary_location = (
  File "C:\laragon\bin\python\python-3.10\lib\site-packages\selenium\webdriver\chromium\options.py", line 52, in binary_location
    raise TypeError(self.BINARY_LOCATION_ERROR)
TypeError: Binary Location Must be a String
2025-10-26 14:50:54,897 - ERROR - Error pada percobaan 230: Gagal total setup driver. Cek log di atas.
Traceback (most recent call last):
  File "C:\laragon\www\dapokalsel\sekolah\import_url_kabupaten.pyw", line 285, in process_url_induk
    raise Exception("Gagal total setup driver. Cek log di atas.")
Exception: Gagal total setup driver. Cek log di atas.
2025-10-26 14:50:54,897 - INFO - Percobaan ulang 231/300...
2025-10-26 14:51:09,898 - INFO - Memulai setup driver...
2025-10-26 14:51:09,898 - INFO - Menggunakan User Data Directory: C:\laragon\www\dapokalsel\chrome_profile
2025-10-26 14:51:09,898 - INFO - Menginisialisasi uc.Chrome()...
2025-10-26 14:51:16,469 - INFO - patching driver executable C:\laragon\www\dapokalsel\sekolah\~\appdata\roaming\undetected_chromedriver\undetected_chromedriver.exe
2025-10-26 14:51:16,549 - ERROR - GAGAL total saat setup driver: Binary Location Must be a String
Traceback (most recent call last):
  File "C:\laragon\www\dapokalsel\sekolah\import_url_kabupaten.pyw", line 80, in setup_driver
    driver = uc.Chrome(
  File "C:\laragon\bin\python\python-3.10\lib\site-packages\undetected_chromedriver\__init__.py", line 372, in __init__
    options.binary_location = (
  File "C:\laragon\bin\python\python-3.10\lib\site-packages\selenium\webdriver\chromium\options.py", line 52, in binary_location
    raise TypeError(self.BINARY_LOCATION_ERROR)
TypeError: Binary Location Must be a String
2025-10-26 14:51:16,549 - ERROR - Error pada percobaan 231: Gagal total setup driver. Cek log di atas.
Traceback (most recent call last):
  File "C:\laragon\www\dapokalsel\sekolah\import_url_kabupaten.pyw", line 285, in process_url_induk
    raise Exception("Gagal total setup driver. Cek log di atas.")
Exception: Gagal total setup driver. Cek log di atas.
2025-10-26 14:51:16,549 - INFO - Percobaan ulang 232/300...
2025-10-26 14:51:31,554 - INFO - Memulai setup driver...
2025-10-26 14:51:31,554 - INFO - Menggunakan User Data Directory: C:\laragon\www\dapokalsel\chrome_profile
2025-10-26 14:51:31,554 - INFO - Menginisialisasi uc.Chrome()...
2025-10-26 14:51:35,139 - INFO - patching driver executable C:\laragon\www\dapokalsel\sekolah\~\appdata\roaming\undetected_chromedriver\undetected_chromedriver.exe
2025-10-26 14:51:35,220 - ERROR - GAGAL total saat setup driver: Binary Location Must be a String
Traceback (most recent call last):
  File "C:\laragon\www\dapokalsel\sekolah\import_url_kabupaten.pyw", line 80, in setup_driver
    driver = uc.Chrome(
  File "C:\laragon\bin\python\python-3.10\lib\site-packages\undetected_chromedriver\__init__.py", line 372, in __init__
    options.binary_location = (
  File "C:\laragon\bin\python\python-3.10\lib\site-packages\selenium\webdriver\chromium\options.py", line 52, in binary_location
    raise TypeError(self.BINARY_LOCATION_ERROR)
TypeError: Binary Location Must be a String
2025-10-26 14:51:35,221 - ERROR - Error pada percobaan 232: Gagal total setup driver. Cek log di atas.
Traceback (most recent call last):
  File "C:\laragon\www\dapokalsel\sekolah\import_url_kabupaten.pyw", line 285, in process_url_induk
    raise Exception("Gagal total setup driver. Cek log di atas.")
Exception: Gagal total setup driver. Cek log di atas.
2025-10-26 14:51:35,221 - INFO - Percobaan ulang 233/300...
2025-10-26 14:51:50,222 - INFO - Memulai setup driver...
2025-10-26 14:51:50,222 - INFO - Menggunakan User Data Directory: C:\laragon\www\dapokalsel\chrome_profile
2025-10-26 14:51:50,222 - INFO - Menginisialisasi uc.Chrome()...
2025-10-26 14:51:53,045 - INFO - patching driver executable C:\laragon\www\dapokalsel\sekolah\~\appdata\roaming\undetected_chromedriver\undetected_chromedriver.exe
2025-10-26 14:51:53,107 - ERROR - GAGAL total saat setup driver: Binary Location Must be a String
Traceback (most recent call last):
  File "C:\laragon\www\dapokalsel\sekolah\import_url_kabupaten.pyw", line 80, in setup_driver
    driver = uc.Chrome(
  File "C:\laragon\bin\python\python-3.10\lib\site-packages\undetected_chromedriver\__init__.py", line 372, in __init__
    options.binary_location = (
  File "C:\laragon\bin\python\python-3.10\lib\site-packages\selenium\webdriver\chromium\options.py", line 52, in binary_location
    raise TypeError(self.BINARY_LOCATION_ERROR)
TypeError: Binary Location Must be a String
2025-10-26 14:51:53,107 - ERROR - Error pada percobaan 233: Gagal total setup driver. Cek log di atas.
Traceback (most recent call last):
  File "C:\laragon\www\dapokalsel\sekolah\import_url_kabupaten.pyw", line 285, in process_url_induk
    raise Exception("Gagal total setup driver. Cek log di atas.")
Exception: Gagal total setup driver. Cek log di atas.
2025-10-26 14:51:53,107 - INFO - Percobaan ulang 234/300...
2025-10-26 14:52:08,109 - INFO - Memulai setup driver...
2025-10-26 14:52:08,109 - INFO - Menggunakan User Data Directory: C:\laragon\www\dapokalsel\chrome_profile
2025-10-26 14:52:08,109 - INFO - Menginisialisasi uc.Chrome()...
2025-10-26 14:52:11,695 - INFO - patching driver executable C:\laragon\www\dapokalsel\sekolah\~\appdata\roaming\undetected_chromedriver\undetected_chromedriver.exe
2025-10-26 14:52:11,757 - ERROR - GAGAL total saat setup driver: Binary Location Must be a String
Traceback (most recent call last):
  File "C:\laragon\www\dapokalsel\sekolah\import_url_kabupaten.pyw", line 80, in setup_driver
    driver = uc.Chrome(
  File "C:\laragon\bin\python\python-3.10\lib\site-packages\undetected_chromedriver\__init__.py", line 372, in __init__
    options.binary_location = (
  File "C:\laragon\bin\python\python-3.10\lib\site-packages\selenium\webdriver\chromium\options.py", line 52, in binary_location
    raise TypeError(self.BINARY_LOCATION_ERROR)
TypeError: Binary Location Must be a String
2025-10-26 14:52:11,757 - ERROR - Error pada percobaan 234: Gagal total setup driver. Cek log di atas.
Traceback (most recent call last):
  File "C:\laragon\www\dapokalsel\sekolah\import_url_kabupaten.pyw", line 285, in process_url_induk
    raise Exception("Gagal total setup driver. Cek log di atas.")
Exception: Gagal total setup driver. Cek log di atas.
2025-10-26 14:52:11,757 - INFO - Percobaan ulang 235/300...
2025-10-26 14:52:26,758 - INFO - Memulai setup driver...
2025-10-26 14:52:26,759 - INFO - Menggunakan User Data Directory: C:\laragon\www\dapokalsel\chrome_profile
2025-10-26 14:52:26,759 - INFO - Menginisialisasi uc.Chrome()...
2025-10-26 14:52:30,240 - INFO - patching driver executable C:\laragon\www\dapokalsel\sekolah\~\appdata\roaming\undetected_chromedriver\undetected_chromedriver.exe
2025-10-26 14:52:30,303 - ERROR - GAGAL total saat setup driver: Binary Location Must be a String
Traceback (most recent call last):
  File "C:\laragon\www\dapokalsel\sekolah\import_url_kabupaten.pyw", line 80, in setup_driver
    driver = uc.Chrome(
  File "C:\laragon\bin\python\python-3.10\lib\site-packages\undetected_chromedriver\__init__.py", line 372, in __init__
    options.binary_location = (
  File "C:\laragon\bin\python\python-3.10\lib\site-packages\selenium\webdriver\chromium\options.py", line 52, in binary_location
    raise TypeError(self.BINARY_LOCATION_ERROR)
TypeError: Binary Location Must be a String
2025-10-26 14:52:30,303 - ERROR - Error pada percobaan 235: Gagal total setup driver. Cek log di atas.
Traceback (most recent call last):
  File "C:\laragon\www\dapokalsel\sekolah\import_url_kabupaten.pyw", line 285, in process_url_induk
    raise Exception("Gagal total setup driver. Cek log di atas.")
Exception: Gagal total setup driver. Cek log di atas.
2025-10-26 14:52:30,318 - INFO - Percobaan ulang 236/300...
2025-10-26 14:52:45,319 - INFO - Memulai setup driver...
2025-10-26 14:52:45,320 - INFO - Menggunakan User Data Directory: C:\laragon\www\dapokalsel\chrome_profile
2025-10-26 14:52:45,320 - INFO - Menginisialisasi uc.Chrome()...
2025-10-26 14:52:48,241 - INFO - patching driver executable C:\laragon\www\dapokalsel\sekolah\~\appdata\roaming\undetected_chromedriver\undetected_chromedriver.exe
2025-10-26 14:52:48,304 - ERROR - GAGAL total saat setup driver: Binary Location Must be a String
Traceback (most recent call last):
  File "C:\laragon\www\dapokalsel\sekolah\import_url_kabupaten.pyw", line 80, in setup_driver
    driver = uc.Chrome(
  File "C:\laragon\bin\python\python-3.10\lib\site-packages\undetected_chromedriver\__init__.py", line 372, in __init__
    options.binary_location = (
  File "C:\laragon\bin\python\python-3.10\lib\site-packages\selenium\webdriver\chromium\options.py", line 52, in binary_location
    raise TypeError(self.BINARY_LOCATION_ERROR)
TypeError: Binary Location Must be a String
2025-10-26 14:52:48,304 - ERROR - Error pada percobaan 236: Gagal total setup driver. Cek log di atas.
Traceback (most recent call last):
  File "C:\laragon\www\dapokalsel\sekolah\import_url_kabupaten.pyw", line 285, in process_url_induk
    raise Exception("Gagal total setup driver. Cek log di atas.")
Exception: Gagal total setup driver. Cek log di atas.
2025-10-26 14:52:48,304 - INFO - Percobaan ulang 237/300...
2025-10-26 14:53:03,304 - INFO - Memulai setup driver...
2025-10-26 14:53:03,304 - INFO - Menggunakan User Data Directory: C:\laragon\www\dapokalsel\chrome_profile
2025-10-26 14:53:03,304 - INFO - Menginisialisasi uc.Chrome()...
2025-10-26 14:53:06,147 - INFO - patching driver executable C:\laragon\www\dapokalsel\sekolah\~\appdata\roaming\undetected_chromedriver\undetected_chromedriver.exe
2025-10-26 14:53:06,210 - ERROR - GAGAL total saat setup driver: Binary Location Must be a String
Traceback (most recent call last):
  File "C:\laragon\www\dapokalsel\sekolah\import_url_kabupaten.pyw", line 80, in setup_driver
    driver = uc.Chrome(
  File "C:\laragon\bin\python\python-3.10\lib\site-packages\undetected_chromedriver\__init__.py", line 372, in __init__
    options.binary_location = (
  File "C:\laragon\bin\python\python-3.10\lib\site-packages\selenium\webdriver\chromium\options.py", line 52, in binary_location
    raise TypeError(self.BINARY_LOCATION_ERROR)
TypeError: Binary Location Must be a String
2025-10-26 14:53:06,226 - ERROR - Error pada percobaan 237: Gagal total setup driver. Cek log di atas.
Traceback (most recent call last):
  File "C:\laragon\www\dapokalsel\sekolah\import_url_kabupaten.pyw", line 285, in process_url_induk
    raise Exception("Gagal total setup driver. Cek log di atas.")
Exception: Gagal total setup driver. Cek log di atas.
2025-10-26 14:53:06,226 - INFO - Percobaan ulang 238/300...
2025-10-26 14:53:21,241 - INFO - Memulai setup driver...
2025-10-26 14:53:21,243 - INFO - Menggunakan User Data Directory: C:\laragon\www\dapokalsel\chrome_profile
2025-10-26 14:53:21,243 - INFO - Menginisialisasi uc.Chrome()...
2025-10-26 14:53:24,858 - INFO - patching driver executable C:\laragon\www\dapokalsel\sekolah\~\appdata\roaming\undetected_chromedriver\undetected_chromedriver.exe
2025-10-26 14:53:24,929 - ERROR - GAGAL total saat setup driver: Binary Location Must be a String
Traceback (most recent call last):
  File "C:\laragon\www\dapokalsel\sekolah\import_url_kabupaten.pyw", line 80, in setup_driver
    driver = uc.Chrome(
  File "C:\laragon\bin\python\python-3.10\lib\site-packages\undetected_chromedriver\__init__.py", line 372, in __init__
    options.binary_location = (
  File "C:\laragon\bin\python\python-3.10\lib\site-packages\selenium\webdriver\chromium\options.py", line 52, in binary_location
    raise TypeError(self.BINARY_LOCATION_ERROR)
TypeError: Binary Location Must be a String
2025-10-26 14:53:24,929 - ERROR - Error pada percobaan 238: Gagal total setup driver. Cek log di atas.
Traceback (most recent call last):
  File "C:\laragon\www\dapokalsel\sekolah\import_url_kabupaten.pyw", line 285, in process_url_induk
    raise Exception("Gagal total setup driver. Cek log di atas.")
Exception: Gagal total setup driver. Cek log di atas.
2025-10-26 14:53:24,929 - INFO - Percobaan ulang 239/300...
2025-10-26 14:53:39,929 - INFO - Memulai setup driver...
2025-10-26 14:53:39,929 - INFO - Menggunakan User Data Directory: C:\laragon\www\dapokalsel\chrome_profile
2025-10-26 14:53:39,929 - INFO - Menginisialisasi uc.Chrome()...
2025-10-26 14:53:43,593 - INFO - patching driver executable C:\laragon\www\dapokalsel\sekolah\~\appdata\roaming\undetected_chromedriver\undetected_chromedriver.exe
2025-10-26 14:53:43,671 - ERROR - GAGAL total saat setup driver: Binary Location Must be a String
Traceback (most recent call last):
  File "C:\laragon\www\dapokalsel\sekolah\import_url_kabupaten.pyw", line 80, in setup_driver
    driver = uc.Chrome(
  File "C:\laragon\bin\python\python-3.10\lib\site-packages\undetected_chromedriver\__init__.py", line 372, in __init__
    options.binary_location = (
  File "C:\laragon\bin\python\python-3.10\lib\site-packages\selenium\webdriver\chromium\options.py", line 52, in binary_location
    raise TypeError(self.BINARY_LOCATION_ERROR)
TypeError: Binary Location Must be a String
2025-10-26 14:53:43,671 - ERROR - Error pada percobaan 239: Gagal total setup driver. Cek log di atas.
Traceback (most recent call last):
  File "C:\laragon\www\dapokalsel\sekolah\import_url_kabupaten.pyw", line 285, in process_url_induk
    raise Exception("Gagal total setup driver. Cek log di atas.")
Exception: Gagal total setup driver. Cek log di atas.
2025-10-26 14:53:43,671 - INFO - Percobaan ulang 240/300...
2025-10-26 14:53:58,671 - INFO - Memulai setup driver...
2025-10-26 14:53:58,671 - INFO - Menggunakan User Data Directory: C:\laragon\www\dapokalsel\chrome_profile
2025-10-26 14:53:58,671 - INFO - Menginisialisasi uc.Chrome()...
2025-10-26 14:54:01,742 - INFO - patching driver executable C:\laragon\www\dapokalsel\sekolah\~\appdata\roaming\undetected_chromedriver\undetected_chromedriver.exe
2025-10-26 14:54:01,839 - ERROR - GAGAL total saat setup driver: Binary Location Must be a String
Traceback (most recent call last):
  File "C:\laragon\www\dapokalsel\sekolah\import_url_kabupaten.pyw", line 80, in setup_driver
    driver = uc.Chrome(
  File "C:\laragon\bin\python\python-3.10\lib\site-packages\undetected_chromedriver\__init__.py", line 372, in __init__
    options.binary_location = (
  File "C:\laragon\bin\python\python-3.10\lib\site-packages\selenium\webdriver\chromium\options.py", line 52, in binary_location
    raise TypeError(self.BINARY_LOCATION_ERROR)
TypeError: Binary Location Must be a String
2025-10-26 14:54:01,840 - ERROR - Error pada percobaan 240: Gagal total setup driver. Cek log di atas.
Traceback (most recent call last):
  File "C:\laragon\www\dapokalsel\sekolah\import_url_kabupaten.pyw", line 285, in process_url_induk
    raise Exception("Gagal total setup driver. Cek log di atas.")
Exception: Gagal total setup driver. Cek log di atas.
2025-10-26 14:54:01,840 - INFO - Percobaan ulang 241/300...
2025-10-26 14:54:16,852 - INFO - Memulai setup driver...
2025-10-26 14:54:16,852 - INFO - Menggunakan User Data Directory: C:\laragon\www\dapokalsel\chrome_profile
2025-10-26 14:54:16,852 - INFO - Menginisialisasi uc.Chrome()...
2025-10-26 14:54:20,241 - INFO - patching driver executable C:\laragon\www\dapokalsel\sekolah\~\appdata\roaming\undetected_chromedriver\undetected_chromedriver.exe
2025-10-26 14:54:20,328 - ERROR - GAGAL total saat setup driver: Binary Location Must be a String
Traceback (most recent call last):
  File "C:\laragon\www\dapokalsel\sekolah\import_url_kabupaten.pyw", line 80, in setup_driver
    driver = uc.Chrome(
  File "C:\laragon\bin\python\python-3.10\lib\site-packages\undetected_chromedriver\__init__.py", line 372, in __init__
    options.binary_location = (
  File "C:\laragon\bin\python\python-3.10\lib\site-packages\selenium\webdriver\chromium\options.py", line 52, in binary_location
    raise TypeError(self.BINARY_LOCATION_ERROR)
TypeError: Binary Location Must be a String
2025-10-26 14:54:20,329 - ERROR - Error pada percobaan 241: Gagal total setup driver. Cek log di atas.
Traceback (most recent call last):
  File "C:\laragon\www\dapokalsel\sekolah\import_url_kabupaten.pyw", line 285, in process_url_induk
    raise Exception("Gagal total setup driver. Cek log di atas.")
Exception: Gagal total setup driver. Cek log di atas.
2025-10-26 14:54:20,329 - INFO - Percobaan ulang 242/300...
2025-10-26 14:54:35,335 - INFO - Memulai setup driver...
2025-10-26 14:54:35,335 - INFO - Menggunakan User Data Directory: C:\laragon\www\dapokalsel\chrome_profile
2025-10-26 14:54:35,335 - INFO - Menginisialisasi uc.Chrome()...
2025-10-26 14:54:38,819 - INFO - patching driver executable C:\laragon\www\dapokalsel\sekolah\~\appdata\roaming\undetected_chromedriver\undetected_chromedriver.exe
2025-10-26 14:54:38,916 - ERROR - GAGAL total saat setup driver: Binary Location Must be a String
Traceback (most recent call last):
  File "C:\laragon\www\dapokalsel\sekolah\import_url_kabupaten.pyw", line 80, in setup_driver
    driver = uc.Chrome(
  File "C:\laragon\bin\python\python-3.10\lib\site-packages\undetected_chromedriver\__init__.py", line 372, in __init__
    options.binary_location = (
  File "C:\laragon\bin\python\python-3.10\lib\site-packages\selenium\webdriver\chromium\options.py", line 52, in binary_location
    raise TypeError(self.BINARY_LOCATION_ERROR)
TypeError: Binary Location Must be a String
2025-10-26 14:54:38,917 - ERROR - Error pada percobaan 242: Gagal total setup driver. Cek log di atas.
Traceback (most recent call last):
  File "C:\laragon\www\dapokalsel\sekolah\import_url_kabupaten.pyw", line 285, in process_url_induk
    raise Exception("Gagal total setup driver. Cek log di atas.")
Exception: Gagal total setup driver. Cek log di atas.
2025-10-26 14:54:38,917 - INFO - Percobaan ulang 243/300...
2025-10-26 14:54:53,929 - INFO - Memulai setup driver...
2025-10-26 14:54:53,929 - INFO - Menggunakan User Data Directory: C:\laragon\www\dapokalsel\chrome_profile
2025-10-26 14:54:53,929 - INFO - Menginisialisasi uc.Chrome()...
2025-10-26 14:54:57,538 - INFO - patching driver executable C:\laragon\www\dapokalsel\sekolah\~\appdata\roaming\undetected_chromedriver\undetected_chromedriver.exe
2025-10-26 14:54:57,622 - ERROR - GAGAL total saat setup driver: Binary Location Must be a String
Traceback (most recent call last):
  File "C:\laragon\www\dapokalsel\sekolah\import_url_kabupaten.pyw", line 80, in setup_driver
    driver = uc.Chrome(
  File "C:\laragon\bin\python\python-3.10\lib\site-packages\undetected_chromedriver\__init__.py", line 372, in __init__
    options.binary_location = (
  File "C:\laragon\bin\python\python-3.10\lib\site-packages\selenium\webdriver\chromium\options.py", line 52, in binary_location
    raise TypeError(self.BINARY_LOCATION_ERROR)
TypeError: Binary Location Must be a String
2025-10-26 14:54:57,623 - ERROR - Error pada percobaan 243: Gagal total setup driver. Cek log di atas.
Traceback (most recent call last):
  File "C:\laragon\www\dapokalsel\sekolah\import_url_kabupaten.pyw", line 285, in process_url_induk
    raise Exception("Gagal total setup driver. Cek log di atas.")
Exception: Gagal total setup driver. Cek log di atas.
2025-10-26 14:54:57,624 - INFO - Percobaan ulang 244/300...
2025-10-26 14:55:12,625 - INFO - Memulai setup driver...
2025-10-26 14:55:12,625 - INFO - Menggunakan User Data Directory: C:\laragon\www\dapokalsel\chrome_profile
2025-10-26 14:55:12,626 - INFO - Menginisialisasi uc.Chrome()...
2025-10-26 14:55:16,081 - INFO - patching driver executable C:\laragon\www\dapokalsel\sekolah\~\appdata\roaming\undetected_chromedriver\undetected_chromedriver.exe
2025-10-26 14:55:16,159 - ERROR - GAGAL total saat setup driver: Binary Location Must be a String
Traceback (most recent call last):
  File "C:\laragon\www\dapokalsel\sekolah\import_url_kabupaten.pyw", line 80, in setup_driver
    driver = uc.Chrome(
  File "C:\laragon\bin\python\python-3.10\lib\site-packages\undetected_chromedriver\__init__.py", line 372, in __init__
    options.binary_location = (
  File "C:\laragon\bin\python\python-3.10\lib\site-packages\selenium\webdriver\chromium\options.py", line 52, in binary_location
    raise TypeError(self.BINARY_LOCATION_ERROR)
TypeError: Binary Location Must be a String
2025-10-26 14:55:16,159 - ERROR - Error pada percobaan 244: Gagal total setup driver. Cek log di atas.
Traceback (most recent call last):
  File "C:\laragon\www\dapokalsel\sekolah\import_url_kabupaten.pyw", line 285, in process_url_induk
    raise Exception("Gagal total setup driver. Cek log di atas.")
Exception: Gagal total setup driver. Cek log di atas.
2025-10-26 14:55:16,159 - INFO - Percobaan ulang 245/300...
2025-10-26 14:55:31,160 - INFO - Memulai setup driver...
2025-10-26 14:55:31,160 - INFO - Menggunakan User Data Directory: C:\laragon\www\dapokalsel\chrome_profile
2025-10-26 14:55:31,160 - INFO - Menginisialisasi uc.Chrome()...
2025-10-26 14:55:34,334 - INFO - patching driver executable C:\laragon\www\dapokalsel\sekolah\~\appdata\roaming\undetected_chromedriver\undetected_chromedriver.exe
2025-10-26 14:55:34,415 - ERROR - GAGAL total saat setup driver: Binary Location Must be a String
Traceback (most recent call last):
  File "C:\laragon\www\dapokalsel\sekolah\import_url_kabupaten.pyw", line 80, in setup_driver
    driver = uc.Chrome(
  File "C:\laragon\bin\python\python-3.10\lib\site-packages\undetected_chromedriver\__init__.py", line 372, in __init__
    options.binary_location = (
  File "C:\laragon\bin\python\python-3.10\lib\site-packages\selenium\webdriver\chromium\options.py", line 52, in binary_location
    raise TypeError(self.BINARY_LOCATION_ERROR)
TypeError: Binary Location Must be a String
2025-10-26 14:55:34,415 - ERROR - Error pada percobaan 245: Gagal total setup driver. Cek log di atas.
Traceback (most recent call last):
  File "C:\laragon\www\dapokalsel\sekolah\import_url_kabupaten.pyw", line 285, in process_url_induk
    raise Exception("Gagal total setup driver. Cek log di atas.")
Exception: Gagal total setup driver. Cek log di atas.
2025-10-26 14:55:34,415 - INFO - Percobaan ulang 246/300...
2025-10-26 14:55:49,429 - INFO - Memulai setup driver...
2025-10-26 14:55:49,429 - INFO - Menggunakan User Data Directory: C:\laragon\www\dapokalsel\chrome_profile
2025-10-26 14:55:49,429 - INFO - Menginisialisasi uc.Chrome()...
2025-10-26 14:55:52,843 - INFO - patching driver executable C:\laragon\www\dapokalsel\sekolah\~\appdata\roaming\undetected_chromedriver\undetected_chromedriver.exe
2025-10-26 14:55:52,929 - ERROR - GAGAL total saat setup driver: Binary Location Must be a String
Traceback (most recent call last):
  File "C:\laragon\www\dapokalsel\sekolah\import_url_kabupaten.pyw", line 80, in setup_driver
    driver = uc.Chrome(
  File "C:\laragon\bin\python\python-3.10\lib\site-packages\undetected_chromedriver\__init__.py", line 372, in __init__
    options.binary_location = (
  File "C:\laragon\bin\python\python-3.10\lib\site-packages\selenium\webdriver\chromium\options.py", line 52, in binary_location
    raise TypeError(self.BINARY_LOCATION_ERROR)
TypeError: Binary Location Must be a String
2025-10-26 14:55:52,929 - ERROR - Error pada percobaan 246: Gagal total setup driver. Cek log di atas.
Traceback (most recent call last):
  File "C:\laragon\www\dapokalsel\sekolah\import_url_kabupaten.pyw", line 285, in process_url_induk
    raise Exception("Gagal total setup driver. Cek log di atas.")
Exception: Gagal total setup driver. Cek log di atas.
2025-10-26 14:55:52,929 - INFO - Percobaan ulang 247/300...
2025-10-26 14:56:07,930 - INFO - Memulai setup driver...
2025-10-26 14:56:07,930 - INFO - Menggunakan User Data Directory: C:\laragon\www\dapokalsel\chrome_profile
2025-10-26 14:56:07,930 - INFO - Menginisialisasi uc.Chrome()...
2025-10-26 14:56:11,063 - INFO - patching driver executable C:\laragon\www\dapokalsel\sekolah\~\appdata\roaming\undetected_chromedriver\undetected_chromedriver.exe
2025-10-26 14:56:11,141 - ERROR - GAGAL total saat setup driver: Binary Location Must be a String
Traceback (most recent call last):
  File "C:\laragon\www\dapokalsel\sekolah\import_url_kabupaten.pyw", line 80, in setup_driver
    driver = uc.Chrome(
  File "C:\laragon\bin\python\python-3.10\lib\site-packages\undetected_chromedriver\__init__.py", line 372, in __init__
    options.binary_location = (
  File "C:\laragon\bin\python\python-3.10\lib\site-packages\selenium\webdriver\chromium\options.py", line 52, in binary_location
    raise TypeError(self.BINARY_LOCATION_ERROR)
TypeError: Binary Location Must be a String
2025-10-26 14:56:11,141 - ERROR - Error pada percobaan 247: Gagal total setup driver. Cek log di atas.
Traceback (most recent call last):
  File "C:\laragon\www\dapokalsel\sekolah\import_url_kabupaten.pyw", line 285, in process_url_induk
    raise Exception("Gagal total setup driver. Cek log di atas.")
Exception: Gagal total setup driver. Cek log di atas.
2025-10-26 14:56:11,141 - INFO - Percobaan ulang 248/300...
2025-10-26 14:56:26,142 - INFO - Memulai setup driver...
2025-10-26 14:56:26,142 - INFO - Menggunakan User Data Directory: C:\laragon\www\dapokalsel\chrome_profile
2025-10-26 14:56:26,142 - INFO - Menginisialisasi uc.Chrome()...
2025-10-26 14:56:29,898 - INFO - patching driver executable C:\laragon\www\dapokalsel\sekolah\~\appdata\roaming\undetected_chromedriver\undetected_chromedriver.exe
2025-10-26 14:56:29,960 - ERROR - GAGAL total saat setup driver: Binary Location Must be a String
Traceback (most recent call last):
  File "C:\laragon\www\dapokalsel\sekolah\import_url_kabupaten.pyw", line 80, in setup_driver
    driver = uc.Chrome(
  File "C:\laragon\bin\python\python-3.10\lib\site-packages\undetected_chromedriver\__init__.py", line 372, in __init__
    options.binary_location = (
  File "C:\laragon\bin\python\python-3.10\lib\site-packages\selenium\webdriver\chromium\options.py", line 52, in binary_location
    raise TypeError(self.BINARY_LOCATION_ERROR)
TypeError: Binary Location Must be a String
2025-10-26 14:56:29,975 - ERROR - Error pada percobaan 248: Gagal total setup driver. Cek log di atas.
Traceback (most recent call last):
  File "C:\laragon\www\dapokalsel\sekolah\import_url_kabupaten.pyw", line 285, in process_url_induk
    raise Exception("Gagal total setup driver. Cek log di atas.")
Exception: Gagal total setup driver. Cek log di atas.
2025-10-26 14:56:29,975 - INFO - Percobaan ulang 249/300...
2025-10-26 14:56:44,976 - INFO - Memulai setup driver...
2025-10-26 14:56:44,977 - INFO - Menggunakan User Data Directory: C:\laragon\www\dapokalsel\chrome_profile
2025-10-26 14:56:44,977 - INFO - Menginisialisasi uc.Chrome()...
2025-10-26 14:56:48,306 - INFO - patching driver executable C:\laragon\www\dapokalsel\sekolah\~\appdata\roaming\undetected_chromedriver\undetected_chromedriver.exe
2025-10-26 14:56:48,382 - ERROR - GAGAL total saat setup driver: Binary Location Must be a String
Traceback (most recent call last):
  File "C:\laragon\www\dapokalsel\sekolah\import_url_kabupaten.pyw", line 80, in setup_driver
    driver = uc.Chrome(
  File "C:\laragon\bin\python\python-3.10\lib\site-packages\undetected_chromedriver\__init__.py", line 372, in __init__
    options.binary_location = (
  File "C:\laragon\bin\python\python-3.10\lib\site-packages\selenium\webdriver\chromium\options.py", line 52, in binary_location
    raise TypeError(self.BINARY_LOCATION_ERROR)
TypeError: Binary Location Must be a String
2025-10-26 14:56:48,382 - ERROR - Error pada percobaan 249: Gagal total setup driver. Cek log di atas.
Traceback (most recent call last):
  File "C:\laragon\www\dapokalsel\sekolah\import_url_kabupaten.pyw", line 285, in process_url_induk
    raise Exception("Gagal total setup driver. Cek log di atas.")
Exception: Gagal total setup driver. Cek log di atas.
2025-10-26 14:56:48,382 - INFO - Percobaan ulang 250/300...
2025-10-26 14:57:03,384 - INFO - Memulai setup driver...
2025-10-26 14:57:03,384 - INFO - Menggunakan User Data Directory: C:\laragon\www\dapokalsel\chrome_profile
2025-10-26 14:57:03,384 - INFO - Menginisialisasi uc.Chrome()...
2025-10-26 14:57:06,320 - INFO - patching driver executable C:\laragon\www\dapokalsel\sekolah\~\appdata\roaming\undetected_chromedriver\undetected_chromedriver.exe
2025-10-26 14:57:06,398 - ERROR - GAGAL total saat setup driver: Binary Location Must be a String
Traceback (most recent call last):
  File "C:\laragon\www\dapokalsel\sekolah\import_url_kabupaten.pyw", line 80, in setup_driver
    driver = uc.Chrome(
  File "C:\laragon\bin\python\python-3.10\lib\site-packages\undetected_chromedriver\__init__.py", line 372, in __init__
    options.binary_location = (
  File "C:\laragon\bin\python\python-3.10\lib\site-packages\selenium\webdriver\chromium\options.py", line 52, in binary_location
    raise TypeError(self.BINARY_LOCATION_ERROR)
TypeError: Binary Location Must be a String
2025-10-26 14:57:06,398 - ERROR - Error pada percobaan 250: Gagal total setup driver. Cek log di atas.
Traceback (most recent call last):
  File "C:\laragon\www\dapokalsel\sekolah\import_url_kabupaten.pyw", line 285, in process_url_induk
    raise Exception("Gagal total setup driver. Cek log di atas.")
Exception: Gagal total setup driver. Cek log di atas.
2025-10-26 14:57:06,398 - INFO - Percobaan ulang 251/300...
2025-10-26 14:57:21,398 - INFO - Memulai setup driver...
2025-10-26 14:57:21,398 - INFO - Menggunakan User Data Directory: C:\laragon\www\dapokalsel\chrome_profile
2025-10-26 14:57:21,398 - INFO - Menginisialisasi uc.Chrome()...
2025-10-26 14:57:24,319 - INFO - patching driver executable C:\laragon\www\dapokalsel\sekolah\~\appdata\roaming\undetected_chromedriver\undetected_chromedriver.exe
2025-10-26 14:57:24,382 - ERROR - GAGAL total saat setup driver: Binary Location Must be a String
Traceback (most recent call last):
  File "C:\laragon\www\dapokalsel\sekolah\import_url_kabupaten.pyw", line 80, in setup_driver
    driver = uc.Chrome(
  File "C:\laragon\bin\python\python-3.10\lib\site-packages\undetected_chromedriver\__init__.py", line 372, in __init__
    options.binary_location = (
  File "C:\laragon\bin\python\python-3.10\lib\site-packages\selenium\webdriver\chromium\options.py", line 52, in binary_location
    raise TypeError(self.BINARY_LOCATION_ERROR)
TypeError: Binary Location Must be a String
2025-10-26 14:57:24,397 - ERROR - Error pada percobaan 251: Gagal total setup driver. Cek log di atas.
Traceback (most recent call last):
  File "C:\laragon\www\dapokalsel\sekolah\import_url_kabupaten.pyw", line 285, in process_url_induk
    raise Exception("Gagal total setup driver. Cek log di atas.")
Exception: Gagal total setup driver. Cek log di atas.
2025-10-26 14:57:24,397 - INFO - Percobaan ulang 252/300...
2025-10-26 14:57:39,398 - INFO - Memulai setup driver...
2025-10-26 14:57:39,398 - INFO - Menggunakan User Data Directory: C:\laragon\www\dapokalsel\chrome_profile
2025-10-26 14:57:39,398 - INFO - Menginisialisasi uc.Chrome()...
2025-10-26 14:57:42,444 - INFO - patching driver executable C:\laragon\www\dapokalsel\sekolah\~\appdata\roaming\undetected_chromedriver\undetected_chromedriver.exe
2025-10-26 14:57:42,539 - ERROR - GAGAL total saat setup driver: Binary Location Must be a String
Traceback (most recent call last):
  File "C:\laragon\www\dapokalsel\sekolah\import_url_kabupaten.pyw", line 80, in setup_driver
    driver = uc.Chrome(
  File "C:\laragon\bin\python\python-3.10\lib\site-packages\undetected_chromedriver\__init__.py", line 372, in __init__
    options.binary_location = (
  File "C:\laragon\bin\python\python-3.10\lib\site-packages\selenium\webdriver\chromium\options.py", line 52, in binary_location
    raise TypeError(self.BINARY_LOCATION_ERROR)
TypeError: Binary Location Must be a String
2025-10-26 14:57:42,540 - ERROR - Error pada percobaan 252: Gagal total setup driver. Cek log di atas.
Traceback (most recent call last):
  File "C:\laragon\www\dapokalsel\sekolah\import_url_kabupaten.pyw", line 285, in process_url_induk
    raise Exception("Gagal total setup driver. Cek log di atas.")
Exception: Gagal total setup driver. Cek log di atas.
2025-10-26 14:57:42,540 - INFO - Percobaan ulang 253/300...
2025-10-26 14:57:57,555 - INFO - Memulai setup driver...
2025-10-26 14:57:57,555 - INFO - Menggunakan User Data Directory: C:\laragon\www\dapokalsel\chrome_profile
2025-10-26 14:57:57,555 - INFO - Menginisialisasi uc.Chrome()...
2025-10-26 14:58:00,663 - INFO - patching driver executable C:\laragon\www\dapokalsel\sekolah\~\appdata\roaming\undetected_chromedriver\undetected_chromedriver.exe
2025-10-26 14:58:00,741 - ERROR - GAGAL total saat setup driver: Binary Location Must be a String
Traceback (most recent call last):
  File "C:\laragon\www\dapokalsel\sekolah\import_url_kabupaten.pyw", line 80, in setup_driver
    driver = uc.Chrome(
  File "C:\laragon\bin\python\python-3.10\lib\site-packages\undetected_chromedriver\__init__.py", line 372, in __init__
    options.binary_location = (
  File "C:\laragon\bin\python\python-3.10\lib\site-packages\selenium\webdriver\chromium\options.py", line 52, in binary_location
    raise TypeError(self.BINARY_LOCATION_ERROR)
TypeError: Binary Location Must be a String
2025-10-26 14:58:00,741 - ERROR - Error pada percobaan 253: Gagal total setup driver. Cek log di atas.
Traceback (most recent call last):
  File "C:\laragon\www\dapokalsel\sekolah\import_url_kabupaten.pyw", line 285, in process_url_induk
    raise Exception("Gagal total setup driver. Cek log di atas.")
Exception: Gagal total setup driver. Cek log di atas.
2025-10-26 14:58:00,741 - INFO - Percobaan ulang 254/300...
2025-10-26 14:58:15,742 - INFO - Memulai setup driver...
2025-10-26 14:58:15,742 - INFO - Menggunakan User Data Directory: C:\laragon\www\dapokalsel\chrome_profile
2025-10-26 14:58:15,742 - INFO - Menginisialisasi uc.Chrome()...
2025-10-26 14:58:19,579 - INFO - patching driver executable C:\laragon\www\dapokalsel\sekolah\~\appdata\roaming\undetected_chromedriver\undetected_chromedriver.exe
2025-10-26 14:58:19,647 - ERROR - GAGAL total saat setup driver: Binary Location Must be a String
Traceback (most recent call last):
  File "C:\laragon\www\dapokalsel\sekolah\import_url_kabupaten.pyw", line 80, in setup_driver
    driver = uc.Chrome(
  File "C:\laragon\bin\python\python-3.10\lib\site-packages\undetected_chromedriver\__init__.py", line 372, in __init__
    options.binary_location = (
  File "C:\laragon\bin\python\python-3.10\lib\site-packages\selenium\webdriver\chromium\options.py", line 52, in binary_location
    raise TypeError(self.BINARY_LOCATION_ERROR)
TypeError: Binary Location Must be a String
2025-10-26 14:58:19,647 - ERROR - Error pada percobaan 254: Gagal total setup driver. Cek log di atas.
Traceback (most recent call last):
  File "C:\laragon\www\dapokalsel\sekolah\import_url_kabupaten.pyw", line 285, in process_url_induk
    raise Exception("Gagal total setup driver. Cek log di atas.")
Exception: Gagal total setup driver. Cek log di atas.
2025-10-26 14:58:19,647 - INFO - Percobaan ulang 255/300...
2025-10-26 14:58:34,647 - INFO - Memulai setup driver...
2025-10-26 14:58:34,648 - INFO - Menggunakan User Data Directory: C:\laragon\www\dapokalsel\chrome_profile
2025-10-26 14:58:34,648 - INFO - Menginisialisasi uc.Chrome()...
2025-10-26 14:58:37,663 - INFO - patching driver executable C:\laragon\www\dapokalsel\sekolah\~\appdata\roaming\undetected_chromedriver\undetected_chromedriver.exe
2025-10-26 14:58:37,741 - ERROR - GAGAL total saat setup driver: Binary Location Must be a String
Traceback (most recent call last):
  File "C:\laragon\www\dapokalsel\sekolah\import_url_kabupaten.pyw", line 80, in setup_driver
    driver = uc.Chrome(
  File "C:\laragon\bin\python\python-3.10\lib\site-packages\undetected_chromedriver\__init__.py", line 372, in __init__
    options.binary_location = (
  File "C:\laragon\bin\python\python-3.10\lib\site-packages\selenium\webdriver\chromium\options.py", line 52, in binary_location
    raise TypeError(self.BINARY_LOCATION_ERROR)
TypeError: Binary Location Must be a String
2025-10-26 14:58:37,757 - ERROR - Error pada percobaan 255: Gagal total setup driver. Cek log di atas.
Traceback (most recent call last):
  File "C:\laragon\www\dapokalsel\sekolah\import_url_kabupaten.pyw", line 285, in process_url_induk
    raise Exception("Gagal total setup driver. Cek log di atas.")
Exception: Gagal total setup driver. Cek log di atas.
2025-10-26 14:58:37,757 - INFO - Percobaan ulang 256/300...
2025-10-26 14:58:52,757 - INFO - Memulai setup driver...
2025-10-26 14:58:52,757 - INFO - Menggunakan User Data Directory: C:\laragon\www\dapokalsel\chrome_profile
2025-10-26 14:58:52,757 - INFO - Menginisialisasi uc.Chrome()...
2025-10-26 14:58:55,828 - INFO - patching driver executable C:\laragon\www\dapokalsel\sekolah\~\appdata\roaming\undetected_chromedriver\undetected_chromedriver.exe
2025-10-26 14:58:55,913 - ERROR - GAGAL total saat setup driver: Binary Location Must be a String
Traceback (most recent call last):
  File "C:\laragon\www\dapokalsel\sekolah\import_url_kabupaten.pyw", line 80, in setup_driver
    driver = uc.Chrome(
  File "C:\laragon\bin\python\python-3.10\lib\site-packages\undetected_chromedriver\__init__.py", line 372, in __init__
    options.binary_location = (
  File "C:\laragon\bin\python\python-3.10\lib\site-packages\selenium\webdriver\chromium\options.py", line 52, in binary_location
    raise TypeError(self.BINARY_LOCATION_ERROR)
TypeError: Binary Location Must be a String
2025-10-26 14:58:55,914 - ERROR - Error pada percobaan 256: Gagal total setup driver. Cek log di atas.
Traceback (most recent call last):
  File "C:\laragon\www\dapokalsel\sekolah\import_url_kabupaten.pyw", line 285, in process_url_induk
    raise Exception("Gagal total setup driver. Cek log di atas.")
Exception: Gagal total setup driver. Cek log di atas.
2025-10-26 14:58:55,914 - INFO - Percobaan ulang 257/300...
2025-10-26 14:59:10,930 - INFO - Memulai setup driver...
2025-10-26 14:59:10,930 - INFO - Menggunakan User Data Directory: C:\laragon\www\dapokalsel\chrome_profile
2025-10-26 14:59:10,930 - INFO - Menginisialisasi uc.Chrome()...
2025-10-26 14:59:13,988 - INFO - patching driver executable C:\laragon\www\dapokalsel\sekolah\~\appdata\roaming\undetected_chromedriver\undetected_chromedriver.exe
2025-10-26 14:59:14,064 - ERROR - GAGAL total saat setup driver: Binary Location Must be a String
Traceback (most recent call last):
  File "C:\laragon\www\dapokalsel\sekolah\import_url_kabupaten.pyw", line 80, in setup_driver
    driver = uc.Chrome(
  File "C:\laragon\bin\python\python-3.10\lib\site-packages\undetected_chromedriver\__init__.py", line 372, in __init__
    options.binary_location = (
  File "C:\laragon\bin\python\python-3.10\lib\site-packages\selenium\webdriver\chromium\options.py", line 52, in binary_location
    raise TypeError(self.BINARY_LOCATION_ERROR)
TypeError: Binary Location Must be a String
2025-10-26 14:59:14,065 - ERROR - Error pada percobaan 257: Gagal total setup driver. Cek log di atas.
Traceback (most recent call last):
  File "C:\laragon\www\dapokalsel\sekolah\import_url_kabupaten.pyw", line 285, in process_url_induk
    raise Exception("Gagal total setup driver. Cek log di atas.")
Exception: Gagal total setup driver. Cek log di atas.
2025-10-26 14:59:14,065 - INFO - Percobaan ulang 258/300...
2025-10-26 14:59:29,065 - INFO - Memulai setup driver...
2025-10-26 14:59:29,065 - INFO - Menggunakan User Data Directory: C:\laragon\www\dapokalsel\chrome_profile
2025-10-26 14:59:29,066 - INFO - Menginisialisasi uc.Chrome()...
2025-10-26 14:59:32,544 - INFO - patching driver executable C:\laragon\www\dapokalsel\sekolah\~\appdata\roaming\undetected_chromedriver\undetected_chromedriver.exe
2025-10-26 14:59:32,616 - ERROR - GAGAL total saat setup driver: Binary Location Must be a String
Traceback (most recent call last):
  File "C:\laragon\www\dapokalsel\sekolah\import_url_kabupaten.pyw", line 80, in setup_driver
    driver = uc.Chrome(
  File "C:\laragon\bin\python\python-3.10\lib\site-packages\undetected_chromedriver\__init__.py", line 372, in __init__
    options.binary_location = (
  File "C:\laragon\bin\python\python-3.10\lib\site-packages\selenium\webdriver\chromium\options.py", line 52, in binary_location
    raise TypeError(self.BINARY_LOCATION_ERROR)
TypeError: Binary Location Must be a String
2025-10-26 14:59:32,616 - ERROR - Error pada percobaan 258: Gagal total setup driver. Cek log di atas.
Traceback (most recent call last):
  File "C:\laragon\www\dapokalsel\sekolah\import_url_kabupaten.pyw", line 285, in process_url_induk
    raise Exception("Gagal total setup driver. Cek log di atas.")
Exception: Gagal total setup driver. Cek log di atas.
2025-10-26 14:59:32,616 - INFO - Percobaan ulang 259/300...
2025-10-26 14:59:47,617 - INFO - Memulai setup driver...
2025-10-26 14:59:47,617 - INFO - Menggunakan User Data Directory: C:\laragon\www\dapokalsel\chrome_profile
2025-10-26 14:59:47,617 - INFO - Menginisialisasi uc.Chrome()...
2025-10-26 14:59:51,257 - INFO - patching driver executable C:\laragon\www\dapokalsel\sekolah\~\appdata\roaming\undetected_chromedriver\undetected_chromedriver.exe
2025-10-26 14:59:51,320 - ERROR - GAGAL total saat setup driver: Binary Location Must be a String
Traceback (most recent call last):
  File "C:\laragon\www\dapokalsel\sekolah\import_url_kabupaten.pyw", line 80, in setup_driver
    driver = uc.Chrome(
  File "C:\laragon\bin\python\python-3.10\lib\site-packages\undetected_chromedriver\__init__.py", line 372, in __init__
    options.binary_location = (
  File "C:\laragon\bin\python\python-3.10\lib\site-packages\selenium\webdriver\chromium\options.py", line 52, in binary_location
    raise TypeError(self.BINARY_LOCATION_ERROR)
TypeError: Binary Location Must be a String
2025-10-26 14:59:51,320 - ERROR - Error pada percobaan 259: Gagal total setup driver. Cek log di atas.
Traceback (most recent call last):
  File "C:\laragon\www\dapokalsel\sekolah\import_url_kabupaten.pyw", line 285, in process_url_induk
    raise Exception("Gagal total setup driver. Cek log di atas.")
Exception: Gagal total setup driver. Cek log di atas.
2025-10-26 14:59:51,320 - INFO - Percobaan ulang 260/300...
2025-10-26 15:00:06,351 - INFO - Memulai setup driver...
2025-10-26 15:00:06,351 - INFO - Menggunakan User Data Directory: C:\laragon\www\dapokalsel\chrome_profile
2025-10-26 15:00:06,351 - INFO - Menginisialisasi uc.Chrome()...
2025-10-26 15:00:09,297 - INFO - patching driver executable C:\laragon\www\dapokalsel\sekolah\~\appdata\roaming\undetected_chromedriver\undetected_chromedriver.exe
2025-10-26 15:00:09,359 - ERROR - GAGAL total saat setup driver: Binary Location Must be a String
Traceback (most recent call last):
  File "C:\laragon\www\dapokalsel\sekolah\import_url_kabupaten.pyw", line 80, in setup_driver
    driver = uc.Chrome(
  File "C:\laragon\bin\python\python-3.10\lib\site-packages\undetected_chromedriver\__init__.py", line 372, in __init__
    options.binary_location = (
  File "C:\laragon\bin\python\python-3.10\lib\site-packages\selenium\webdriver\chromium\options.py", line 52, in binary_location
    raise TypeError(self.BINARY_LOCATION_ERROR)
TypeError: Binary Location Must be a String
2025-10-26 15:00:09,359 - ERROR - Error pada percobaan 260: Gagal total setup driver. Cek log di atas.
Traceback (most recent call last):
  File "C:\laragon\www\dapokalsel\sekolah\import_url_kabupaten.pyw", line 285, in process_url_induk
    raise Exception("Gagal total setup driver. Cek log di atas.")
Exception: Gagal total setup driver. Cek log di atas.
2025-10-26 15:00:09,359 - INFO - Percobaan ulang 261/300...
2025-10-26 15:00:24,359 - INFO - Memulai setup driver...
2025-10-26 15:00:24,360 - INFO - Menggunakan User Data Directory: C:\laragon\www\dapokalsel\chrome_profile
2025-10-26 15:00:24,360 - INFO - Menginisialisasi uc.Chrome()...
2025-10-26 15:00:28,034 - INFO - patching driver executable C:\laragon\www\dapokalsel\sekolah\~\appdata\roaming\undetected_chromedriver\undetected_chromedriver.exe
2025-10-26 15:00:28,112 - ERROR - GAGAL total saat setup driver: Binary Location Must be a String
Traceback (most recent call last):
  File "C:\laragon\www\dapokalsel\sekolah\import_url_kabupaten.pyw", line 80, in setup_driver
    driver = uc.Chrome(
  File "C:\laragon\bin\python\python-3.10\lib\site-packages\undetected_chromedriver\__init__.py", line 372, in __init__
    options.binary_location = (
  File "C:\laragon\bin\python\python-3.10\lib\site-packages\selenium\webdriver\chromium\options.py", line 52, in binary_location
    raise TypeError(self.BINARY_LOCATION_ERROR)
TypeError: Binary Location Must be a String
2025-10-26 15:00:28,112 - ERROR - Error pada percobaan 261: Gagal total setup driver. Cek log di atas.
Traceback (most recent call last):
  File "C:\laragon\www\dapokalsel\sekolah\import_url_kabupaten.pyw", line 285, in process_url_induk
    raise Exception("Gagal total setup driver. Cek log di atas.")
Exception: Gagal total setup driver. Cek log di atas.
2025-10-26 15:00:28,112 - INFO - Percobaan ulang 262/300...
2025-10-26 15:00:43,117 - INFO - Memulai setup driver...
2025-10-26 15:00:43,117 - INFO - Menggunakan User Data Directory: C:\laragon\www\dapokalsel\chrome_profile
2025-10-26 15:00:43,117 - INFO - Menginisialisasi uc.Chrome()...
2025-10-26 15:00:46,115 - INFO - patching driver executable C:\laragon\www\dapokalsel\sekolah\~\appdata\roaming\undetected_chromedriver\undetected_chromedriver.exe
2025-10-26 15:00:46,179 - ERROR - GAGAL total saat setup driver: Binary Location Must be a String
Traceback (most recent call last):
  File "C:\laragon\www\dapokalsel\sekolah\import_url_kabupaten.pyw", line 80, in setup_driver
    driver = uc.Chrome(
  File "C:\laragon\bin\python\python-3.10\lib\site-packages\undetected_chromedriver\__init__.py", line 372, in __init__
    options.binary_location = (
  File "C:\laragon\bin\python\python-3.10\lib\site-packages\selenium\webdriver\chromium\options.py", line 52, in binary_location
    raise TypeError(self.BINARY_LOCATION_ERROR)
TypeError: Binary Location Must be a String
2025-10-26 15:00:46,179 - ERROR - Error pada percobaan 262: Gagal total setup driver. Cek log di atas.
Traceback (most recent call last):
  File "C:\laragon\www\dapokalsel\sekolah\import_url_kabupaten.pyw", line 285, in process_url_induk
    raise Exception("Gagal total setup driver. Cek log di atas.")
Exception: Gagal total setup driver. Cek log di atas.
2025-10-26 15:00:46,179 - INFO - Percobaan ulang 263/300...
2025-10-26 15:01:01,180 - INFO - Memulai setup driver...
2025-10-26 15:01:01,181 - INFO - Menggunakan User Data Directory: C:\laragon\www\dapokalsel\chrome_profile
2025-10-26 15:01:01,182 - INFO - Menginisialisasi uc.Chrome()...
2025-10-26 15:01:04,038 - INFO - patching driver executable C:\laragon\www\dapokalsel\sekolah\~\appdata\roaming\undetected_chromedriver\undetected_chromedriver.exe
2025-10-26 15:01:04,119 - ERROR - GAGAL total saat setup driver: Binary Location Must be a String
Traceback (most recent call last):
  File "C:\laragon\www\dapokalsel\sekolah\import_url_kabupaten.pyw", line 80, in setup_driver
    driver = uc.Chrome(
  File "C:\laragon\bin\python\python-3.10\lib\site-packages\undetected_chromedriver\__init__.py", line 372, in __init__
    options.binary_location = (
  File "C:\laragon\bin\python\python-3.10\lib\site-packages\selenium\webdriver\chromium\options.py", line 52, in binary_location
    raise TypeError(self.BINARY_LOCATION_ERROR)
TypeError: Binary Location Must be a String
2025-10-26 15:01:04,120 - ERROR - Error pada percobaan 263: Gagal total setup driver. Cek log di atas.
Traceback (most recent call last):
  File "C:\laragon\www\dapokalsel\sekolah\import_url_kabupaten.pyw", line 285, in process_url_induk
    raise Exception("Gagal total setup driver. Cek log di atas.")
Exception: Gagal total setup driver. Cek log di atas.
2025-10-26 15:01:04,120 - INFO - Percobaan ulang 264/300...
2025-10-26 15:01:19,127 - INFO - Memulai setup driver...
2025-10-26 15:01:19,127 - INFO - Menggunakan User Data Directory: C:\laragon\www\dapokalsel\chrome_profile
2025-10-26 15:01:19,127 - INFO - Menginisialisasi uc.Chrome()...
2025-10-26 15:01:22,241 - INFO - patching driver executable C:\laragon\www\dapokalsel\sekolah\~\appdata\roaming\undetected_chromedriver\undetected_chromedriver.exe
2025-10-26 15:01:22,413 - ERROR - GAGAL total saat setup driver: Binary Location Must be a String
Traceback (most recent call last):
  File "C:\laragon\www\dapokalsel\sekolah\import_url_kabupaten.pyw", line 80, in setup_driver
    driver = uc.Chrome(
  File "C:\laragon\bin\python\python-3.10\lib\site-packages\undetected_chromedriver\__init__.py", line 372, in __init__
    options.binary_location = (
  File "C:\laragon\bin\python\python-3.10\lib\site-packages\selenium\webdriver\chromium\options.py", line 52, in binary_location
    raise TypeError(self.BINARY_LOCATION_ERROR)
TypeError: Binary Location Must be a String
2025-10-26 15:01:22,413 - ERROR - Error pada percobaan 264: Gagal total setup driver. Cek log di atas.
Traceback (most recent call last):
  File "C:\laragon\www\dapokalsel\sekolah\import_url_kabupaten.pyw", line 285, in process_url_induk
    raise Exception("Gagal total setup driver. Cek log di atas.")
Exception: Gagal total setup driver. Cek log di atas.
2025-10-26 15:01:22,413 - INFO - Percobaan ulang 265/300...
2025-10-26 15:01:37,414 - INFO - Memulai setup driver...
2025-10-26 15:01:37,415 - INFO - Menggunakan User Data Directory: C:\laragon\www\dapokalsel\chrome_profile
2025-10-26 15:01:37,416 - INFO - Menginisialisasi uc.Chrome()...
2025-10-26 15:01:40,795 - INFO - patching driver executable C:\laragon\www\dapokalsel\sekolah\~\appdata\roaming\undetected_chromedriver\undetected_chromedriver.exe
2025-10-26 15:01:40,913 - ERROR - GAGAL total saat setup driver: Binary Location Must be a String
Traceback (most recent call last):
  File "C:\laragon\www\dapokalsel\sekolah\import_url_kabupaten.pyw", line 80, in setup_driver
    driver = uc.Chrome(
  File "C:\laragon\bin\python\python-3.10\lib\site-packages\undetected_chromedriver\__init__.py", line 372, in __init__
    options.binary_location = (
  File "C:\laragon\bin\python\python-3.10\lib\site-packages\selenium\webdriver\chromium\options.py", line 52, in binary_location
    raise TypeError(self.BINARY_LOCATION_ERROR)
TypeError: Binary Location Must be a String
2025-10-26 15:01:40,913 - ERROR - Error pada percobaan 265: Gagal total setup driver. Cek log di atas.
Traceback (most recent call last):
  File "C:\laragon\www\dapokalsel\sekolah\import_url_kabupaten.pyw", line 285, in process_url_induk
    raise Exception("Gagal total setup driver. Cek log di atas.")
Exception: Gagal total setup driver. Cek log di atas.
2025-10-26 15:01:40,913 - INFO - Percobaan ulang 266/300...
2025-10-26 15:01:55,914 - INFO - Memulai setup driver...
2025-10-26 15:01:55,914 - INFO - Menggunakan User Data Directory: C:\laragon\www\dapokalsel\chrome_profile
2025-10-26 15:01:55,914 - INFO - Menginisialisasi uc.Chrome()...
2025-10-26 15:01:58,788 - INFO - patching driver executable C:\laragon\www\dapokalsel\sekolah\~\appdata\roaming\undetected_chromedriver\undetected_chromedriver.exe
2025-10-26 15:01:58,866 - ERROR - GAGAL total saat setup driver: Binary Location Must be a String
Traceback (most recent call last):
  File "C:\laragon\www\dapokalsel\sekolah\import_url_kabupaten.pyw", line 80, in setup_driver
    driver = uc.Chrome(
  File "C:\laragon\bin\python\python-3.10\lib\site-packages\undetected_chromedriver\__init__.py", line 372, in __init__
    options.binary_location = (
  File "C:\laragon\bin\python\python-3.10\lib\site-packages\selenium\webdriver\chromium\options.py", line 52, in binary_location
    raise TypeError(self.BINARY_LOCATION_ERROR)
TypeError: Binary Location Must be a String
2025-10-26 15:01:58,866 - ERROR - Error pada percobaan 266: Gagal total setup driver. Cek log di atas.
Traceback (most recent call last):
  File "C:\laragon\www\dapokalsel\sekolah\import_url_kabupaten.pyw", line 285, in process_url_induk
    raise Exception("Gagal total setup driver. Cek log di atas.")
Exception: Gagal total setup driver. Cek log di atas.
2025-10-26 15:01:58,866 - INFO - Percobaan ulang 267/300...
2025-10-26 15:02:13,867 - INFO - Memulai setup driver...
2025-10-26 15:02:13,867 - INFO - Menggunakan User Data Directory: C:\laragon\www\dapokalsel\chrome_profile
2025-10-26 15:02:13,867 - INFO - Menginisialisasi uc.Chrome()...
2025-10-26 15:02:17,323 - INFO - patching driver executable C:\laragon\www\dapokalsel\sekolah\~\appdata\roaming\undetected_chromedriver\undetected_chromedriver.exe
2025-10-26 15:02:17,398 - ERROR - GAGAL total saat setup driver: Binary Location Must be a String
Traceback (most recent call last):
  File "C:\laragon\www\dapokalsel\sekolah\import_url_kabupaten.pyw", line 80, in setup_driver
    driver = uc.Chrome(
  File "C:\laragon\bin\python\python-3.10\lib\site-packages\undetected_chromedriver\__init__.py", line 372, in __init__
    options.binary_location = (
  File "C:\laragon\bin\python\python-3.10\lib\site-packages\selenium\webdriver\chromium\options.py", line 52, in binary_location
    raise TypeError(self.BINARY_LOCATION_ERROR)
TypeError: Binary Location Must be a String
2025-10-26 15:02:17,398 - ERROR - Error pada percobaan 267: Gagal total setup driver. Cek log di atas.
Traceback (most recent call last):
  File "C:\laragon\www\dapokalsel\sekolah\import_url_kabupaten.pyw", line 285, in process_url_induk
    raise Exception("Gagal total setup driver. Cek log di atas.")
Exception: Gagal total setup driver. Cek log di atas.
2025-10-26 15:02:17,398 - INFO - Percobaan ulang 268/300...
2025-10-26 15:02:32,399 - INFO - Memulai setup driver...
2025-10-26 15:02:32,399 - INFO - Menggunakan User Data Directory: C:\laragon\www\dapokalsel\chrome_profile
2025-10-26 15:02:32,399 - INFO - Menginisialisasi uc.Chrome()...
2025-10-26 15:02:35,304 - INFO - patching driver executable C:\laragon\www\dapokalsel\sekolah\~\appdata\roaming\undetected_chromedriver\undetected_chromedriver.exe
2025-10-26 15:02:35,382 - ERROR - GAGAL total saat setup driver: Binary Location Must be a String
Traceback (most recent call last):
  File "C:\laragon\www\dapokalsel\sekolah\import_url_kabupaten.pyw", line 80, in setup_driver
    driver = uc.Chrome(
  File "C:\laragon\bin\python\python-3.10\lib\site-packages\undetected_chromedriver\__init__.py", line 372, in __init__
    options.binary_location = (
  File "C:\laragon\bin\python\python-3.10\lib\site-packages\selenium\webdriver\chromium\options.py", line 52, in binary_location
    raise TypeError(self.BINARY_LOCATION_ERROR)
TypeError: Binary Location Must be a String
2025-10-26 15:02:35,398 - ERROR - Error pada percobaan 268: Gagal total setup driver. Cek log di atas.
Traceback (most recent call last):
  File "C:\laragon\www\dapokalsel\sekolah\import_url_kabupaten.pyw", line 285, in process_url_induk
    raise Exception("Gagal total setup driver. Cek log di atas.")
Exception: Gagal total setup driver. Cek log di atas.
2025-10-26 15:02:35,398 - INFO - Percobaan ulang 269/300...
2025-10-26 15:02:50,399 - INFO - Memulai setup driver...
2025-10-26 15:02:50,399 - INFO - Menggunakan User Data Directory: C:\laragon\www\dapokalsel\chrome_profile
2025-10-26 15:02:50,399 - INFO - Menginisialisasi uc.Chrome()...
2025-10-26 15:02:53,492 - INFO - patching driver executable C:\laragon\www\dapokalsel\sekolah\~\appdata\roaming\undetected_chromedriver\undetected_chromedriver.exe
2025-10-26 15:02:53,598 - ERROR - GAGAL total saat setup driver: Binary Location Must be a String
Traceback (most recent call last):
  File "C:\laragon\www\dapokalsel\sekolah\import_url_kabupaten.pyw", line 80, in setup_driver
    driver = uc.Chrome(
  File "C:\laragon\bin\python\python-3.10\lib\site-packages\undetected_chromedriver\__init__.py", line 372, in __init__
    options.binary_location = (
  File "C:\laragon\bin\python\python-3.10\lib\site-packages\selenium\webdriver\chromium\options.py", line 52, in binary_location
    raise TypeError(self.BINARY_LOCATION_ERROR)
TypeError: Binary Location Must be a String
2025-10-26 15:02:53,599 - ERROR - Error pada percobaan 269: Gagal total setup driver. Cek log di atas.
Traceback (most recent call last):
  File "C:\laragon\www\dapokalsel\sekolah\import_url_kabupaten.pyw", line 285, in process_url_induk
    raise Exception("Gagal total setup driver. Cek log di atas.")
Exception: Gagal total setup driver. Cek log di atas.
2025-10-26 15:02:53,599 - INFO - Percobaan ulang 270/300...
2025-10-26 15:03:08,601 - INFO - Memulai setup driver...
2025-10-26 15:03:08,601 - INFO - Menggunakan User Data Directory: C:\laragon\www\dapokalsel\chrome_profile
2025-10-26 15:03:08,601 - INFO - Menginisialisasi uc.Chrome()...
2025-10-26 15:03:11,928 - INFO - patching driver executable C:\laragon\www\dapokalsel\sekolah\~\appdata\roaming\undetected_chromedriver\undetected_chromedriver.exe
2025-10-26 15:03:12,150 - ERROR - GAGAL total saat setup driver: Binary Location Must be a String
Traceback (most recent call last):
  File "C:\laragon\www\dapokalsel\sekolah\import_url_kabupaten.pyw", line 80, in setup_driver
    driver = uc.Chrome(
  File "C:\laragon\bin\python\python-3.10\lib\site-packages\undetected_chromedriver\__init__.py", line 372, in __init__
    options.binary_location = (
  File "C:\laragon\bin\python\python-3.10\lib\site-packages\selenium\webdriver\chromium\options.py", line 52, in binary_location
    raise TypeError(self.BINARY_LOCATION_ERROR)
TypeError: Binary Location Must be a String
2025-10-26 15:03:12,150 - ERROR - Error pada percobaan 270: Gagal total setup driver. Cek log di atas.
Traceback (most recent call last):
  File "C:\laragon\www\dapokalsel\sekolah\import_url_kabupaten.pyw", line 285, in process_url_induk
    raise Exception("Gagal total setup driver. Cek log di atas.")
Exception: Gagal total setup driver. Cek log di atas.
2025-10-26 15:03:12,150 - INFO - Percobaan ulang 271/300...
2025-10-26 15:03:27,164 - INFO - Memulai setup driver...
2025-10-26 15:03:27,164 - INFO - Menggunakan User Data Directory: C:\laragon\www\dapokalsel\chrome_profile
2025-10-26 15:03:27,164 - INFO - Menginisialisasi uc.Chrome()...
2025-10-26 15:03:31,012 - INFO - patching driver executable C:\laragon\www\dapokalsel\sekolah\~\appdata\roaming\undetected_chromedriver\undetected_chromedriver.exe
2025-10-26 15:03:31,085 - ERROR - GAGAL total saat setup driver: Binary Location Must be a String
Traceback (most recent call last):
  File "C:\laragon\www\dapokalsel\sekolah\import_url_kabupaten.pyw", line 80, in setup_driver
    driver = uc.Chrome(
  File "C:\laragon\bin\python\python-3.10\lib\site-packages\undetected_chromedriver\__init__.py", line 372, in __init__
    options.binary_location = (
  File "C:\laragon\bin\python\python-3.10\lib\site-packages\selenium\webdriver\chromium\options.py", line 52, in binary_location
    raise TypeError(self.BINARY_LOCATION_ERROR)
TypeError: Binary Location Must be a String
2025-10-26 15:03:31,085 - ERROR - Error pada percobaan 271: Gagal total setup driver. Cek log di atas.
Traceback (most recent call last):
  File "C:\laragon\www\dapokalsel\sekolah\import_url_kabupaten.pyw", line 285, in process_url_induk
    raise Exception("Gagal total setup driver. Cek log di atas.")
Exception: Gagal total setup driver. Cek log di atas.
2025-10-26 15:03:31,085 - INFO - Percobaan ulang 272/300...
2025-10-26 15:03:46,085 - INFO - Memulai setup driver...
2025-10-26 15:03:46,085 - INFO - Menggunakan User Data Directory: C:\laragon\www\dapokalsel\chrome_profile
2025-10-26 15:03:46,085 - INFO - Menginisialisasi uc.Chrome()...
2025-10-26 15:03:49,288 - INFO - patching driver executable C:\laragon\www\dapokalsel\sekolah\~\appdata\roaming\undetected_chromedriver\undetected_chromedriver.exe
2025-10-26 15:03:49,371 - ERROR - GAGAL total saat setup driver: Binary Location Must be a String
Traceback (most recent call last):
  File "C:\laragon\www\dapokalsel\sekolah\import_url_kabupaten.pyw", line 80, in setup_driver
    driver = uc.Chrome(
  File "C:\laragon\bin\python\python-3.10\lib\site-packages\undetected_chromedriver\__init__.py", line 372, in __init__
    options.binary_location = (
  File "C:\laragon\bin\python\python-3.10\lib\site-packages\selenium\webdriver\chromium\options.py", line 52, in binary_location
    raise TypeError(self.BINARY_LOCATION_ERROR)
TypeError: Binary Location Must be a String
2025-10-26 15:03:49,372 - ERROR - Error pada percobaan 272: Gagal total setup driver. Cek log di atas.
Traceback (most recent call last):
  File "C:\laragon\www\dapokalsel\sekolah\import_url_kabupaten.pyw", line 285, in process_url_induk
    raise Exception("Gagal total setup driver. Cek log di atas.")
Exception: Gagal total setup driver. Cek log di atas.
2025-10-26 15:03:49,372 - INFO - Percobaan ulang 273/300...
2025-10-26 15:04:04,382 - INFO - Memulai setup driver...
2025-10-26 15:04:04,382 - INFO - Menggunakan User Data Directory: C:\laragon\www\dapokalsel\chrome_profile
2025-10-26 15:04:04,382 - INFO - Menginisialisasi uc.Chrome()...
2025-10-26 15:04:09,845 - INFO - patching driver executable C:\laragon\www\dapokalsel\sekolah\~\appdata\roaming\undetected_chromedriver\undetected_chromedriver.exe
2025-10-26 15:04:09,919 - ERROR - GAGAL total saat setup driver: Binary Location Must be a String
Traceback (most recent call last):
  File "C:\laragon\www\dapokalsel\sekolah\import_url_kabupaten.pyw", line 80, in setup_driver
    driver = uc.Chrome(
  File "C:\laragon\bin\python\python-3.10\lib\site-packages\undetected_chromedriver\__init__.py", line 372, in __init__
    options.binary_location = (
  File "C:\laragon\bin\python\python-3.10\lib\site-packages\selenium\webdriver\chromium\options.py", line 52, in binary_location
    raise TypeError(self.BINARY_LOCATION_ERROR)
TypeError: Binary Location Must be a String
2025-10-26 15:04:09,920 - ERROR - Error pada percobaan 273: Gagal total setup driver. Cek log di atas.
Traceback (most recent call last):
  File "C:\laragon\www\dapokalsel\sekolah\import_url_kabupaten.pyw", line 285, in process_url_induk
    raise Exception("Gagal total setup driver. Cek log di atas.")
Exception: Gagal total setup driver. Cek log di atas.
2025-10-26 15:04:09,921 - INFO - Percobaan ulang 274/300...
2025-10-26 15:04:24,929 - INFO - Memulai setup driver...
2025-10-26 15:04:24,929 - INFO - Menggunakan User Data Directory: C:\laragon\www\dapokalsel\chrome_profile
2025-10-26 15:04:24,929 - INFO - Menginisialisasi uc.Chrome()...
2025-10-26 15:04:27,864 - INFO - patching driver executable C:\laragon\www\dapokalsel\sekolah\~\appdata\roaming\undetected_chromedriver\undetected_chromedriver.exe
2025-10-26 15:04:27,929 - ERROR - GAGAL total saat setup driver: Binary Location Must be a String
Traceback (most recent call last):
  File "C:\laragon\www\dapokalsel\sekolah\import_url_kabupaten.pyw", line 80, in setup_driver
    driver = uc.Chrome(
  File "C:\laragon\bin\python\python-3.10\lib\site-packages\undetected_chromedriver\__init__.py", line 372, in __init__
    options.binary_location = (
  File "C:\laragon\bin\python\python-3.10\lib\site-packages\selenium\webdriver\chromium\options.py", line 52, in binary_location
    raise TypeError(self.BINARY_LOCATION_ERROR)
TypeError: Binary Location Must be a String
2025-10-26 15:04:27,929 - ERROR - Error pada percobaan 274: Gagal total setup driver. Cek log di atas.
Traceback (most recent call last):
  File "C:\laragon\www\dapokalsel\sekolah\import_url_kabupaten.pyw", line 285, in process_url_induk
    raise Exception("Gagal total setup driver. Cek log di atas.")
Exception: Gagal total setup driver. Cek log di atas.
2025-10-26 15:04:27,929 - INFO - Percobaan ulang 275/300...
2025-10-26 15:04:42,929 - INFO - Memulai setup driver...
2025-10-26 15:04:42,929 - INFO - Menggunakan User Data Directory: C:\laragon\www\dapokalsel\chrome_profile
2025-10-26 15:04:42,929 - INFO - Menginisialisasi uc.Chrome()...
2025-10-26 15:04:46,195 - INFO - patching driver executable C:\laragon\www\dapokalsel\sekolah\~\appdata\roaming\undetected_chromedriver\undetected_chromedriver.exe
2025-10-26 15:04:46,273 - ERROR - GAGAL total saat setup driver: Binary Location Must be a String
Traceback (most recent call last):
  File "C:\laragon\www\dapokalsel\sekolah\import_url_kabupaten.pyw", line 80, in setup_driver
    driver = uc.Chrome(
  File "C:\laragon\bin\python\python-3.10\lib\site-packages\undetected_chromedriver\__init__.py", line 372, in __init__
    options.binary_location = (
  File "C:\laragon\bin\python\python-3.10\lib\site-packages\selenium\webdriver\chromium\options.py", line 52, in binary_location
    raise TypeError(self.BINARY_LOCATION_ERROR)
TypeError: Binary Location Must be a String
2025-10-26 15:04:46,273 - ERROR - Error pada percobaan 275: Gagal total setup driver. Cek log di atas.
Traceback (most recent call last):
  File "C:\laragon\www\dapokalsel\sekolah\import_url_kabupaten.pyw", line 285, in process_url_induk
    raise Exception("Gagal total setup driver. Cek log di atas.")
Exception: Gagal total setup driver. Cek log di atas.
2025-10-26 15:04:46,273 - INFO - Percobaan ulang 276/300...
2025-10-26 15:05:01,288 - INFO - Memulai setup driver...
2025-10-26 15:05:01,288 - INFO - Menggunakan User Data Directory: C:\laragon\www\dapokalsel\chrome_profile
2025-10-26 15:05:01,288 - INFO - Menginisialisasi uc.Chrome()...
2025-10-26 15:05:04,135 - INFO - patching driver executable C:\laragon\www\dapokalsel\sekolah\~\appdata\roaming\undetected_chromedriver\undetected_chromedriver.exe
2025-10-26 15:05:04,210 - ERROR - GAGAL total saat setup driver: Binary Location Must be a String
Traceback (most recent call last):
  File "C:\laragon\www\dapokalsel\sekolah\import_url_kabupaten.pyw", line 80, in setup_driver
    driver = uc.Chrome(
  File "C:\laragon\bin\python\python-3.10\lib\site-packages\undetected_chromedriver\__init__.py", line 372, in __init__
    options.binary_location = (
  File "C:\laragon\bin\python\python-3.10\lib\site-packages\selenium\webdriver\chromium\options.py", line 52, in binary_location
    raise TypeError(self.BINARY_LOCATION_ERROR)
TypeError: Binary Location Must be a String
2025-10-26 15:05:04,210 - ERROR - Error pada percobaan 276: Gagal total setup driver. Cek log di atas.
Traceback (most recent call last):
  File "C:\laragon\www\dapokalsel\sekolah\import_url_kabupaten.pyw", line 285, in process_url_induk
    raise Exception("Gagal total setup driver. Cek log di atas.")
Exception: Gagal total setup driver. Cek log di atas.
2025-10-26 15:05:04,210 - INFO - Percobaan ulang 277/300...
2025-10-26 15:05:19,224 - INFO - Memulai setup driver...
2025-10-26 15:05:19,224 - INFO - Menggunakan User Data Directory: C:\laragon\www\dapokalsel\chrome_profile
2025-10-26 15:05:19,224 - INFO - Menginisialisasi uc.Chrome()...
2025-10-26 15:05:22,131 - INFO - patching driver executable C:\laragon\www\dapokalsel\sekolah\~\appdata\roaming\undetected_chromedriver\undetected_chromedriver.exe
2025-10-26 15:05:22,210 - ERROR - GAGAL total saat setup driver: Binary Location Must be a String
Traceback (most recent call last):
  File "C:\laragon\www\dapokalsel\sekolah\import_url_kabupaten.pyw", line 80, in setup_driver
    driver = uc.Chrome(
  File "C:\laragon\bin\python\python-3.10\lib\site-packages\undetected_chromedriver\__init__.py", line 372, in __init__
    options.binary_location = (
  File "C:\laragon\bin\python\python-3.10\lib\site-packages\selenium\webdriver\chromium\options.py", line 52, in binary_location
    raise TypeError(self.BINARY_LOCATION_ERROR)
TypeError: Binary Location Must be a String
2025-10-26 15:05:22,210 - ERROR - Error pada percobaan 277: Gagal total setup driver. Cek log di atas.
Traceback (most recent call last):
  File "C:\laragon\www\dapokalsel\sekolah\import_url_kabupaten.pyw", line 285, in process_url_induk
    raise Exception("Gagal total setup driver. Cek log di atas.")
Exception: Gagal total setup driver. Cek log di atas.
2025-10-26 15:05:22,210 - INFO - Percobaan ulang 278/300...
2025-10-26 15:05:37,211 - INFO - Memulai setup driver...
2025-10-26 15:05:37,211 - INFO - Menggunakan User Data Directory: C:\laragon\www\dapokalsel\chrome_profile
2025-10-26 15:05:37,211 - INFO - Menginisialisasi uc.Chrome()...
2025-10-26 15:05:40,579 - INFO - patching driver executable C:\laragon\www\dapokalsel\sekolah\~\appdata\roaming\undetected_chromedriver\undetected_chromedriver.exe
2025-10-26 15:05:40,653 - ERROR - GAGAL total saat setup driver: Binary Location Must be a String
Traceback (most recent call last):
  File "C:\laragon\www\dapokalsel\sekolah\import_url_kabupaten.pyw", line 80, in setup_driver
    driver = uc.Chrome(
  File "C:\laragon\bin\python\python-3.10\lib\site-packages\undetected_chromedriver\__init__.py", line 372, in __init__
    options.binary_location = (
  File "C:\laragon\bin\python\python-3.10\lib\site-packages\selenium\webdriver\chromium\options.py", line 52, in binary_location
    raise TypeError(self.BINARY_LOCATION_ERROR)
TypeError: Binary Location Must be a String
2025-10-26 15:05:40,654 - ERROR - Error pada percobaan 278: Gagal total setup driver. Cek log di atas.
Traceback (most recent call last):
  File "C:\laragon\www\dapokalsel\sekolah\import_url_kabupaten.pyw", line 285, in process_url_induk
    raise Exception("Gagal total setup driver. Cek log di atas.")
Exception: Gagal total setup driver. Cek log di atas.
2025-10-26 15:05:40,654 - INFO - Percobaan ulang 279/300...
2025-10-26 15:05:55,663 - INFO - Memulai setup driver...
2025-10-26 15:05:55,663 - INFO - Menggunakan User Data Directory: C:\laragon\www\dapokalsel\chrome_profile
2025-10-26 15:05:55,663 - INFO - Menginisialisasi uc.Chrome()...
2025-10-26 15:05:58,722 - INFO - patching driver executable C:\laragon\www\dapokalsel\sekolah\~\appdata\roaming\undetected_chromedriver\undetected_chromedriver.exe
2025-10-26 15:05:58,800 - ERROR - GAGAL total saat setup driver: Binary Location Must be a String
Traceback (most recent call last):
  File "C:\laragon\www\dapokalsel\sekolah\import_url_kabupaten.pyw", line 80, in setup_driver
    driver = uc.Chrome(
  File "C:\laragon\bin\python\python-3.10\lib\site-packages\undetected_chromedriver\__init__.py", line 372, in __init__
    options.binary_location = (
  File "C:\laragon\bin\python\python-3.10\lib\site-packages\selenium\webdriver\chromium\options.py", line 52, in binary_location
    raise TypeError(self.BINARY_LOCATION_ERROR)
TypeError: Binary Location Must be a String
2025-10-26 15:05:58,800 - ERROR - Error pada percobaan 279: Gagal total setup driver. Cek log di atas.
Traceback (most recent call last):
  File "C:\laragon\www\dapokalsel\sekolah\import_url_kabupaten.pyw", line 285, in process_url_induk
    raise Exception("Gagal total setup driver. Cek log di atas.")
Exception: Gagal total setup driver. Cek log di atas.
2025-10-26 15:05:58,800 - INFO - Percobaan ulang 280/300...
2025-10-26 15:06:13,803 - INFO - Memulai setup driver...
2025-10-26 15:06:13,803 - INFO - Menggunakan User Data Directory: C:\laragon\www\dapokalsel\chrome_profile
2025-10-26 15:06:13,803 - INFO - Menginisialisasi uc.Chrome()...
2025-10-26 15:06:17,382 - INFO - patching driver executable C:\laragon\www\dapokalsel\sekolah\~\appdata\roaming\undetected_chromedriver\undetected_chromedriver.exe
2025-10-26 15:06:17,444 - ERROR - GAGAL total saat setup driver: Binary Location Must be a String
Traceback (most recent call last):
  File "C:\laragon\www\dapokalsel\sekolah\import_url_kabupaten.pyw", line 80, in setup_driver
    driver = uc.Chrome(
  File "C:\laragon\bin\python\python-3.10\lib\site-packages\undetected_chromedriver\__init__.py", line 372, in __init__
    options.binary_location = (
  File "C:\laragon\bin\python\python-3.10\lib\site-packages\selenium\webdriver\chromium\options.py", line 52, in binary_location
    raise TypeError(self.BINARY_LOCATION_ERROR)
TypeError: Binary Location Must be a String
2025-10-26 15:06:17,444 - ERROR - Error pada percobaan 280: Gagal total setup driver. Cek log di atas.
Traceback (most recent call last):
  File "C:\laragon\www\dapokalsel\sekolah\import_url_kabupaten.pyw", line 285, in process_url_induk
    raise Exception("Gagal total setup driver. Cek log di atas.")
Exception: Gagal total setup driver. Cek log di atas.
2025-10-26 15:06:17,444 - INFO - Percobaan ulang 281/300...
2025-10-26 15:06:32,445 - INFO - Memulai setup driver...
2025-10-26 15:06:32,445 - INFO - Menggunakan User Data Directory: C:\laragon\www\dapokalsel\chrome_profile
2025-10-26 15:06:32,445 - INFO - Menginisialisasi uc.Chrome()...
2025-10-26 15:06:35,941 - INFO - patching driver executable C:\laragon\www\dapokalsel\sekolah\~\appdata\roaming\undetected_chromedriver\undetected_chromedriver.exe
2025-10-26 15:06:36,016 - ERROR - GAGAL total saat setup driver: Binary Location Must be a String
Traceback (most recent call last):
  File "C:\laragon\www\dapokalsel\sekolah\import_url_kabupaten.pyw", line 80, in setup_driver
    driver = uc.Chrome(
  File "C:\laragon\bin\python\python-3.10\lib\site-packages\undetected_chromedriver\__init__.py", line 372, in __init__
    options.binary_location = (
  File "C:\laragon\bin\python\python-3.10\lib\site-packages\selenium\webdriver\chromium\options.py", line 52, in binary_location
    raise TypeError(self.BINARY_LOCATION_ERROR)
TypeError: Binary Location Must be a String
2025-10-26 15:06:36,017 - ERROR - Error pada percobaan 281: Gagal total setup driver. Cek log di atas.
Traceback (most recent call last):
  File "C:\laragon\www\dapokalsel\sekolah\import_url_kabupaten.pyw", line 285, in process_url_induk
    raise Exception("Gagal total setup driver. Cek log di atas.")
Exception: Gagal total setup driver. Cek log di atas.
2025-10-26 15:06:36,017 - INFO - Percobaan ulang 282/300...
2025-10-26 15:06:51,018 - INFO - Memulai setup driver...
2025-10-26 15:06:51,018 - INFO - Menggunakan User Data Directory: C:\laragon\www\dapokalsel\chrome_profile
2025-10-26 15:06:51,018 - INFO - Menginisialisasi uc.Chrome()...
2025-10-26 15:06:54,460 - INFO - patching driver executable C:\laragon\www\dapokalsel\sekolah\~\appdata\roaming\undetected_chromedriver\undetected_chromedriver.exe
2025-10-26 15:06:54,538 - ERROR - GAGAL total saat setup driver: Binary Location Must be a String
Traceback (most recent call last):
  File "C:\laragon\www\dapokalsel\sekolah\import_url_kabupaten.pyw", line 80, in setup_driver
    driver = uc.Chrome(
  File "C:\laragon\bin\python\python-3.10\lib\site-packages\undetected_chromedriver\__init__.py", line 372, in __init__
    options.binary_location = (
  File "C:\laragon\bin\python\python-3.10\lib\site-packages\selenium\webdriver\chromium\options.py", line 52, in binary_location
    raise TypeError(self.BINARY_LOCATION_ERROR)
TypeError: Binary Location Must be a String
2025-10-26 15:06:54,538 - ERROR - Error pada percobaan 282: Gagal total setup driver. Cek log di atas.
Traceback (most recent call last):
  File "C:\laragon\www\dapokalsel\sekolah\import_url_kabupaten.pyw", line 285, in process_url_induk
    raise Exception("Gagal total setup driver. Cek log di atas.")
Exception: Gagal total setup driver. Cek log di atas.
2025-10-26 15:06:54,538 - INFO - Percobaan ulang 283/300...
2025-10-26 15:07:09,539 - INFO - Memulai setup driver...
2025-10-26 15:07:09,539 - INFO - Menggunakan User Data Directory: C:\laragon\www\dapokalsel\chrome_profile
2025-10-26 15:07:09,539 - INFO - Menginisialisasi uc.Chrome()...
2025-10-26 15:07:12,522 - INFO - patching driver executable C:\laragon\www\dapokalsel\sekolah\~\appdata\roaming\undetected_chromedriver\undetected_chromedriver.exe
2025-10-26 15:07:12,601 - ERROR - GAGAL total saat setup driver: Binary Location Must be a String
Traceback (most recent call last):
  File "C:\laragon\www\dapokalsel\sekolah\import_url_kabupaten.pyw", line 80, in setup_driver
    driver = uc.Chrome(
  File "C:\laragon\bin\python\python-3.10\lib\site-packages\undetected_chromedriver\__init__.py", line 372, in __init__
    options.binary_location = (
  File "C:\laragon\bin\python\python-3.10\lib\site-packages\selenium\webdriver\chromium\options.py", line 52, in binary_location
    raise TypeError(self.BINARY_LOCATION_ERROR)
TypeError: Binary Location Must be a String
2025-10-26 15:07:12,601 - ERROR - Error pada percobaan 283: Gagal total setup driver. Cek log di atas.
Traceback (most recent call last):
  File "C:\laragon\www\dapokalsel\sekolah\import_url_kabupaten.pyw", line 285, in process_url_induk
    raise Exception("Gagal total setup driver. Cek log di atas.")
Exception: Gagal total setup driver. Cek log di atas.
2025-10-26 15:07:12,601 - INFO - Percobaan ulang 284/300...
2025-10-26 15:07:27,616 - INFO - Memulai setup driver...
2025-10-26 15:07:27,616 - INFO - Menggunakan User Data Directory: C:\laragon\www\dapokalsel\chrome_profile
2025-10-26 15:07:27,616 - INFO - Menginisialisasi uc.Chrome()...
2025-10-26 15:07:30,882 - INFO - patching driver executable C:\laragon\www\dapokalsel\sekolah\~\appdata\roaming\undetected_chromedriver\undetected_chromedriver.exe
2025-10-26 15:07:30,960 - ERROR - GAGAL total saat setup driver: Binary Location Must be a String
Traceback (most recent call last):
  File "C:\laragon\www\dapokalsel\sekolah\import_url_kabupaten.pyw", line 80, in setup_driver
    driver = uc.Chrome(
  File "C:\laragon\bin\python\python-3.10\lib\site-packages\undetected_chromedriver\__init__.py", line 372, in __init__
    options.binary_location = (
  File "C:\laragon\bin\python\python-3.10\lib\site-packages\selenium\webdriver\chromium\options.py", line 52, in binary_location
    raise TypeError(self.BINARY_LOCATION_ERROR)
TypeError: Binary Location Must be a String
2025-10-26 15:07:30,960 - ERROR - Error pada percobaan 284: Gagal total setup driver. Cek log di atas.
Traceback (most recent call last):
  File "C:\laragon\www\dapokalsel\sekolah\import_url_kabupaten.pyw", line 285, in process_url_induk
    raise Exception("Gagal total setup driver. Cek log di atas.")
Exception: Gagal total setup driver. Cek log di atas.
2025-10-26 15:07:30,960 - INFO - Percobaan ulang 285/300...
2025-10-26 15:07:45,961 - INFO - Memulai setup driver...
2025-10-26 15:07:45,961 - INFO - Menggunakan User Data Directory: C:\laragon\www\dapokalsel\chrome_profile
2025-10-26 15:07:45,961 - INFO - Menginisialisasi uc.Chrome()...
2025-10-26 15:07:48,897 - INFO - patching driver executable C:\laragon\www\dapokalsel\sekolah\~\appdata\roaming\undetected_chromedriver\undetected_chromedriver.exe
2025-10-26 15:07:48,976 - ERROR - GAGAL total saat setup driver: Binary Location Must be a String
Traceback (most recent call last):
  File "C:\laragon\www\dapokalsel\sekolah\import_url_kabupaten.pyw", line 80, in setup_driver
    driver = uc.Chrome(
  File "C:\laragon\bin\python\python-3.10\lib\site-packages\undetected_chromedriver\__init__.py", line 372, in __init__
    options.binary_location = (
  File "C:\laragon\bin\python\python-3.10\lib\site-packages\selenium\webdriver\chromium\options.py", line 52, in binary_location
    raise TypeError(self.BINARY_LOCATION_ERROR)
TypeError: Binary Location Must be a String
2025-10-26 15:07:48,976 - ERROR - Error pada percobaan 285: Gagal total setup driver. Cek log di atas.
Traceback (most recent call last):
  File "C:\laragon\www\dapokalsel\sekolah\import_url_kabupaten.pyw", line 285, in process_url_induk
    raise Exception("Gagal total setup driver. Cek log di atas.")
Exception: Gagal total setup driver. Cek log di atas.
2025-10-26 15:07:48,976 - INFO - Percobaan ulang 286/300...
2025-10-26 15:08:03,991 - INFO - Memulai setup driver...
2025-10-26 15:08:03,992 - INFO - Menggunakan User Data Directory: C:\laragon\www\dapokalsel\chrome_profile
2025-10-26 15:08:03,993 - INFO - Menginisialisasi uc.Chrome()...
2025-10-26 15:08:07,280 - INFO - patching driver executable C:\laragon\www\dapokalsel\sekolah\~\appdata\roaming\undetected_chromedriver\undetected_chromedriver.exe
2025-10-26 15:08:07,366 - ERROR - GAGAL total saat setup driver: Binary Location Must be a String
Traceback (most recent call last):
  File "C:\laragon\www\dapokalsel\sekolah\import_url_kabupaten.pyw", line 80, in setup_driver
    driver = uc.Chrome(
  File "C:\laragon\bin\python\python-3.10\lib\site-packages\undetected_chromedriver\__init__.py", line 372, in __init__
    options.binary_location = (
  File "C:\laragon\bin\python\python-3.10\lib\site-packages\selenium\webdriver\chromium\options.py", line 52, in binary_location
    raise TypeError(self.BINARY_LOCATION_ERROR)
TypeError: Binary Location Must be a String
2025-10-26 15:08:07,366 - ERROR - Error pada percobaan 286: Gagal total setup driver. Cek log di atas.
Traceback (most recent call last):
  File "C:\laragon\www\dapokalsel\sekolah\import_url_kabupaten.pyw", line 285, in process_url_induk
    raise Exception("Gagal total setup driver. Cek log di atas.")
Exception: Gagal total setup driver. Cek log di atas.
2025-10-26 15:08:07,366 - INFO - Percobaan ulang 287/300...
2025-10-26 15:08:22,367 - INFO - Memulai setup driver...
2025-10-26 15:08:22,367 - INFO - Menggunakan User Data Directory: C:\laragon\www\dapokalsel\chrome_profile
2025-10-26 15:08:22,367 - INFO - Menginisialisasi uc.Chrome()...
2025-10-26 15:08:25,992 - INFO - patching driver executable C:\laragon\www\dapokalsel\sekolah\~\appdata\roaming\undetected_chromedriver\undetected_chromedriver.exe
2025-10-26 15:08:26,058 - ERROR - GAGAL total saat setup driver: Binary Location Must be a String
Traceback (most recent call last):
  File "C:\laragon\www\dapokalsel\sekolah\import_url_kabupaten.pyw", line 80, in setup_driver
    driver = uc.Chrome(
  File "C:\laragon\bin\python\python-3.10\lib\site-packages\undetected_chromedriver\__init__.py", line 372, in __init__
    options.binary_location = (
  File "C:\laragon\bin\python\python-3.10\lib\site-packages\selenium\webdriver\chromium\options.py", line 52, in binary_location
    raise TypeError(self.BINARY_LOCATION_ERROR)
TypeError: Binary Location Must be a String
2025-10-26 15:08:26,058 - ERROR - Error pada percobaan 287: Gagal total setup driver. Cek log di atas.
Traceback (most recent call last):
  File "C:\laragon\www\dapokalsel\sekolah\import_url_kabupaten.pyw", line 285, in process_url_induk
    raise Exception("Gagal total setup driver. Cek log di atas.")
Exception: Gagal total setup driver. Cek log di atas.
2025-10-26 15:08:26,058 - INFO - Percobaan ulang 288/300...
2025-10-26 15:08:41,058 - INFO - Memulai setup driver...
2025-10-26 15:08:41,058 - INFO - Menggunakan User Data Directory: C:\laragon\www\dapokalsel\chrome_profile
2025-10-26 15:08:41,059 - INFO - Menginisialisasi uc.Chrome()...
2025-10-26 15:08:44,226 - INFO - patching driver executable C:\laragon\www\dapokalsel\sekolah\~\appdata\roaming\undetected_chromedriver\undetected_chromedriver.exe
2025-10-26 15:08:44,288 - ERROR - GAGAL total saat setup driver: Binary Location Must be a String
Traceback (most recent call last):
  File "C:\laragon\www\dapokalsel\sekolah\import_url_kabupaten.pyw", line 80, in setup_driver
    driver = uc.Chrome(
  File "C:\laragon\bin\python\python-3.10\lib\site-packages\undetected_chromedriver\__init__.py", line 372, in __init__
    options.binary_location = (
  File "C:\laragon\bin\python\python-3.10\lib\site-packages\selenium\webdriver\chromium\options.py", line 52, in binary_location
    raise TypeError(self.BINARY_LOCATION_ERROR)
TypeError: Binary Location Must be a String
2025-10-26 15:08:44,288 - ERROR - Error pada percobaan 288: Gagal total setup driver. Cek log di atas.
Traceback (most recent call last):
  File "C:\laragon\www\dapokalsel\sekolah\import_url_kabupaten.pyw", line 285, in process_url_induk
    raise Exception("Gagal total setup driver. Cek log di atas.")
Exception: Gagal total setup driver. Cek log di atas.
2025-10-26 15:08:44,288 - INFO - Percobaan ulang 289/300...
2025-10-26 15:08:59,289 - INFO - Memulai setup driver...
2025-10-26 15:08:59,289 - INFO - Menggunakan User Data Directory: C:\laragon\www\dapokalsel\chrome_profile
2025-10-26 15:08:59,289 - INFO - Menginisialisasi uc.Chrome()...
2025-10-26 15:09:02,132 - INFO - patching driver executable C:\laragon\www\dapokalsel\sekolah\~\appdata\roaming\undetected_chromedriver\undetected_chromedriver.exe
2025-10-26 15:09:02,210 - ERROR - GAGAL total saat setup driver: Binary Location Must be a String
Traceback (most recent call last):
  File "C:\laragon\www\dapokalsel\sekolah\import_url_kabupaten.pyw", line 80, in setup_driver
    driver = uc.Chrome(
  File "C:\laragon\bin\python\python-3.10\lib\site-packages\undetected_chromedriver\__init__.py", line 372, in __init__
    options.binary_location = (
  File "C:\laragon\bin\python\python-3.10\lib\site-packages\selenium\webdriver\chromium\options.py", line 52, in binary_location
    raise TypeError(self.BINARY_LOCATION_ERROR)
TypeError: Binary Location Must be a String
2025-10-26 15:09:02,210 - ERROR - Error pada percobaan 289: Gagal total setup driver. Cek log di atas.
Traceback (most recent call last):
  File "C:\laragon\www\dapokalsel\sekolah\import_url_kabupaten.pyw", line 285, in process_url_induk
    raise Exception("Gagal total setup driver. Cek log di atas.")
Exception: Gagal total setup driver. Cek log di atas.
2025-10-26 15:09:02,210 - INFO - Percobaan ulang 290/300...
2025-10-26 15:09:17,211 - INFO - Memulai setup driver...
2025-10-26 15:09:17,213 - INFO - Menggunakan User Data Directory: C:\laragon\www\dapokalsel\chrome_profile
2025-10-26 15:09:17,214 - INFO - Menginisialisasi uc.Chrome()...
2025-10-26 15:09:20,671 - INFO - patching driver executable C:\laragon\www\dapokalsel\sekolah\~\appdata\roaming\undetected_chromedriver\undetected_chromedriver.exe
2025-10-26 15:09:20,742 - ERROR - GAGAL total saat setup driver: Binary Location Must be a String
Traceback (most recent call last):
  File "C:\laragon\www\dapokalsel\sekolah\import_url_kabupaten.pyw", line 80, in setup_driver
    driver = uc.Chrome(
  File "C:\laragon\bin\python\python-3.10\lib\site-packages\undetected_chromedriver\__init__.py", line 372, in __init__
    options.binary_location = (
  File "C:\laragon\bin\python\python-3.10\lib\site-packages\selenium\webdriver\chromium\options.py", line 52, in binary_location
    raise TypeError(self.BINARY_LOCATION_ERROR)
TypeError: Binary Location Must be a String
2025-10-26 15:09:20,742 - ERROR - Error pada percobaan 290: Gagal total setup driver. Cek log di atas.
Traceback (most recent call last):
  File "C:\laragon\www\dapokalsel\sekolah\import_url_kabupaten.pyw", line 285, in process_url_induk
    raise Exception("Gagal total setup driver. Cek log di atas.")
Exception: Gagal total setup driver. Cek log di atas.
2025-10-26 15:09:20,742 - INFO - Percobaan ulang 291/300...
2025-10-26 15:09:35,757 - INFO - Memulai setup driver...
2025-10-26 15:09:35,757 - INFO - Menggunakan User Data Directory: C:\laragon\www\dapokalsel\chrome_profile
2025-10-26 15:09:35,757 - INFO - Menginisialisasi uc.Chrome()...
2025-10-26 15:09:39,156 - INFO - patching driver executable C:\laragon\www\dapokalsel\sekolah\~\appdata\roaming\undetected_chromedriver\undetected_chromedriver.exe
2025-10-26 15:09:39,242 - ERROR - GAGAL total saat setup driver: Binary Location Must be a String
Traceback (most recent call last):
  File "C:\laragon\www\dapokalsel\sekolah\import_url_kabupaten.pyw", line 80, in setup_driver
    driver = uc.Chrome(
  File "C:\laragon\bin\python\python-3.10\lib\site-packages\undetected_chromedriver\__init__.py", line 372, in __init__
    options.binary_location = (
  File "C:\laragon\bin\python\python-3.10\lib\site-packages\selenium\webdriver\chromium\options.py", line 52, in binary_location
    raise TypeError(self.BINARY_LOCATION_ERROR)
TypeError: Binary Location Must be a String
2025-10-26 15:09:39,242 - ERROR - Error pada percobaan 291: Gagal total setup driver. Cek log di atas.
Traceback (most recent call last):
  File "C:\laragon\www\dapokalsel\sekolah\import_url_kabupaten.pyw", line 285, in process_url_induk
    raise Exception("Gagal total setup driver. Cek log di atas.")
Exception: Gagal total setup driver. Cek log di atas.
2025-10-26 15:09:39,242 - INFO - Percobaan ulang 292/300...
2025-10-26 15:09:54,242 - INFO - Memulai setup driver...
2025-10-26 15:09:54,242 - INFO - Menggunakan User Data Directory: C:\laragon\www\dapokalsel\chrome_profile
2025-10-26 15:09:54,242 - INFO - Menginisialisasi uc.Chrome()...
2025-10-26 15:09:58,410 - INFO - patching driver executable C:\laragon\www\dapokalsel\sekolah\~\appdata\roaming\undetected_chromedriver\undetected_chromedriver.exe
2025-10-26 15:09:58,475 - ERROR - GAGAL total saat setup driver: Binary Location Must be a String
Traceback (most recent call last):
  File "C:\laragon\www\dapokalsel\sekolah\import_url_kabupaten.pyw", line 80, in setup_driver
    driver = uc.Chrome(
  File "C:\laragon\bin\python\python-3.10\lib\site-packages\undetected_chromedriver\__init__.py", line 372, in __init__
    options.binary_location = (
  File "C:\laragon\bin\python\python-3.10\lib\site-packages\selenium\webdriver\chromium\options.py", line 52, in binary_location
    raise TypeError(self.BINARY_LOCATION_ERROR)
TypeError: Binary Location Must be a String
2025-10-26 15:09:58,475 - ERROR - Error pada percobaan 292: Gagal total setup driver. Cek log di atas.
Traceback (most recent call last):
  File "C:\laragon\www\dapokalsel\sekolah\import_url_kabupaten.pyw", line 285, in process_url_induk
    raise Exception("Gagal total setup driver. Cek log di atas.")
Exception: Gagal total setup driver. Cek log di atas.
2025-10-26 15:09:58,475 - INFO - Percobaan ulang 293/300...
2025-10-26 15:10:13,477 - INFO - Memulai setup driver...
2025-10-26 15:10:13,478 - INFO - Menggunakan User Data Directory: C:\laragon\www\dapokalsel\chrome_profile
2025-10-26 15:10:13,478 - INFO - Menginisialisasi uc.Chrome()...
2025-10-26 15:10:16,583 - INFO - patching driver executable C:\laragon\www\dapokalsel\sekolah\~\appdata\roaming\undetected_chromedriver\undetected_chromedriver.exe
2025-10-26 15:10:16,664 - ERROR - GAGAL total saat setup driver: Binary Location Must be a String
Traceback (most recent call last):
  File "C:\laragon\www\dapokalsel\sekolah\import_url_kabupaten.pyw", line 80, in setup_driver
    driver = uc.Chrome(
  File "C:\laragon\bin\python\python-3.10\lib\site-packages\undetected_chromedriver\__init__.py", line 372, in __init__
    options.binary_location = (
  File "C:\laragon\bin\python\python-3.10\lib\site-packages\selenium\webdriver\chromium\options.py", line 52, in binary_location
    raise TypeError(self.BINARY_LOCATION_ERROR)
TypeError: Binary Location Must be a String
2025-10-26 15:10:16,664 - ERROR - Error pada percobaan 293: Gagal total setup driver. Cek log di atas.
Traceback (most recent call last):
  File "C:\laragon\www\dapokalsel\sekolah\import_url_kabupaten.pyw", line 285, in process_url_induk
    raise Exception("Gagal total setup driver. Cek log di atas.")
Exception: Gagal total setup driver. Cek log di atas.
2025-10-26 15:10:16,664 - INFO - Percobaan ulang 294/300...
2025-10-26 15:10:31,679 - INFO - Memulai setup driver...
2025-10-26 15:10:31,679 - INFO - Menggunakan User Data Directory: C:\laragon\www\dapokalsel\chrome_profile
2025-10-26 15:10:31,679 - INFO - Menginisialisasi uc.Chrome()...
2025-10-26 15:10:34,660 - INFO - patching driver executable C:\laragon\www\dapokalsel\sekolah\~\appdata\roaming\undetected_chromedriver\undetected_chromedriver.exe
2025-10-26 15:10:34,738 - ERROR - GAGAL total saat setup driver: Binary Location Must be a String
Traceback (most recent call last):
  File "C:\laragon\www\dapokalsel\sekolah\import_url_kabupaten.pyw", line 80, in setup_driver
    driver = uc.Chrome(
  File "C:\laragon\bin\python\python-3.10\lib\site-packages\undetected_chromedriver\__init__.py", line 372, in __init__
    options.binary_location = (
  File "C:\laragon\bin\python\python-3.10\lib\site-packages\selenium\webdriver\chromium\options.py", line 52, in binary_location
    raise TypeError(self.BINARY_LOCATION_ERROR)
TypeError: Binary Location Must be a String
2025-10-26 15:10:34,738 - ERROR - Error pada percobaan 294: Gagal total setup driver. Cek log di atas.
Traceback (most recent call last):
  File "C:\laragon\www\dapokalsel\sekolah\import_url_kabupaten.pyw", line 285, in process_url_induk
    raise Exception("Gagal total setup driver. Cek log di atas.")
Exception: Gagal total setup driver. Cek log di atas.
2025-10-26 15:10:34,738 - INFO - Percobaan ulang 295/300...
2025-10-26 15:10:49,742 - INFO - Memulai setup driver...
2025-10-26 15:10:49,742 - INFO - Menggunakan User Data Directory: C:\laragon\www\dapokalsel\chrome_profile
2025-10-26 15:10:49,742 - INFO - Menginisialisasi uc.Chrome()...
2025-10-26 15:10:54,538 - INFO - patching driver executable C:\laragon\www\dapokalsel\sekolah\~\appdata\roaming\undetected_chromedriver\undetected_chromedriver.exe
2025-10-26 15:10:54,616 - ERROR - GAGAL total saat setup driver: Binary Location Must be a String
Traceback (most recent call last):
  File "C:\laragon\www\dapokalsel\sekolah\import_url_kabupaten.pyw", line 80, in setup_driver
    driver = uc.Chrome(
  File "C:\laragon\bin\python\python-3.10\lib\site-packages\undetected_chromedriver\__init__.py", line 372, in __init__
    options.binary_location = (
  File "C:\laragon\bin\python\python-3.10\lib\site-packages\selenium\webdriver\chromium\options.py", line 52, in binary_location
    raise TypeError(self.BINARY_LOCATION_ERROR)
TypeError: Binary Location Must be a String
2025-10-26 15:10:54,616 - ERROR - Error pada percobaan 295: Gagal total setup driver. Cek log di atas.
Traceback (most recent call last):
  File "C:\laragon\www\dapokalsel\sekolah\import_url_kabupaten.pyw", line 285, in process_url_induk
    raise Exception("Gagal total setup driver. Cek log di atas.")
Exception: Gagal total setup driver. Cek log di atas.
2025-10-26 15:10:54,617 - INFO - Percobaan ulang 296/300...
2025-10-26 15:11:09,617 - INFO - Memulai setup driver...
2025-10-26 15:11:09,617 - INFO - Menggunakan User Data Directory: C:\laragon\www\dapokalsel\chrome_profile
2025-10-26 15:11:09,617 - INFO - Menginisialisasi uc.Chrome()...
2025-10-26 15:11:12,613 - INFO - patching driver executable C:\laragon\www\dapokalsel\sekolah\~\appdata\roaming\undetected_chromedriver\undetected_chromedriver.exe
2025-10-26 15:11:12,694 - ERROR - GAGAL total saat setup driver: Binary Location Must be a String
Traceback (most recent call last):
  File "C:\laragon\www\dapokalsel\sekolah\import_url_kabupaten.pyw", line 80, in setup_driver
    driver = uc.Chrome(
  File "C:\laragon\bin\python\python-3.10\lib\site-packages\undetected_chromedriver\__init__.py", line 372, in __init__
    options.binary_location = (
  File "C:\laragon\bin\python\python-3.10\lib\site-packages\selenium\webdriver\chromium\options.py", line 52, in binary_location
    raise TypeError(self.BINARY_LOCATION_ERROR)
TypeError: Binary Location Must be a String
2025-10-26 15:11:12,694 - ERROR - Error pada percobaan 296: Gagal total setup driver. Cek log di atas.
Traceback (most recent call last):
  File "C:\laragon\www\dapokalsel\sekolah\import_url_kabupaten.pyw", line 285, in process_url_induk
    raise Exception("Gagal total setup driver. Cek log di atas.")
Exception: Gagal total setup driver. Cek log di atas.
2025-10-26 15:11:12,694 - INFO - Percobaan ulang 297/300...
2025-10-26 15:11:27,694 - INFO - Memulai setup driver...
2025-10-26 15:11:27,694 - INFO - Menggunakan User Data Directory: C:\laragon\www\dapokalsel\chrome_profile
2025-10-26 15:11:27,694 - INFO - Menginisialisasi uc.Chrome()...
2025-10-26 15:11:30,576 - INFO - patching driver executable C:\laragon\www\dapokalsel\sekolah\~\appdata\roaming\undetected_chromedriver\undetected_chromedriver.exe
2025-10-26 15:11:30,648 - ERROR - GAGAL total saat setup driver: Binary Location Must be a String
Traceback (most recent call last):
  File "C:\laragon\www\dapokalsel\sekolah\import_url_kabupaten.pyw", line 80, in setup_driver
    driver = uc.Chrome(
  File "C:\laragon\bin\python\python-3.10\lib\site-packages\undetected_chromedriver\__init__.py", line 372, in __init__
    options.binary_location = (
  File "C:\laragon\bin\python\python-3.10\lib\site-packages\selenium\webdriver\chromium\options.py", line 52, in binary_location
    raise TypeError(self.BINARY_LOCATION_ERROR)
TypeError: Binary Location Must be a String
2025-10-26 15:11:30,648 - ERROR - Error pada percobaan 297: Gagal total setup driver. Cek log di atas.
Traceback (most recent call last):
  File "C:\laragon\www\dapokalsel\sekolah\import_url_kabupaten.pyw", line 285, in process_url_induk
    raise Exception("Gagal total setup driver. Cek log di atas.")
Exception: Gagal total setup driver. Cek log di atas.
2025-10-26 15:11:30,648 - INFO - Percobaan ulang 298/300...
2025-10-26 15:11:45,648 - INFO - Memulai setup driver...
2025-10-26 15:11:45,649 - INFO - Menggunakan User Data Directory: C:\laragon\www\dapokalsel\chrome_profile
2025-10-26 15:11:45,649 - INFO - Menginisialisasi uc.Chrome()...
2025-10-26 15:11:49,195 - INFO - patching driver executable C:\laragon\www\dapokalsel\sekolah\~\appdata\roaming\undetected_chromedriver\undetected_chromedriver.exe
2025-10-26 15:11:49,273 - ERROR - GAGAL total saat setup driver: Binary Location Must be a String
Traceback (most recent call last):
  File "C:\laragon\www\dapokalsel\sekolah\import_url_kabupaten.pyw", line 80, in setup_driver
    driver = uc.Chrome(
  File "C:\laragon\bin\python\python-3.10\lib\site-packages\undetected_chromedriver\__init__.py", line 372, in __init__
    options.binary_location = (
  File "C:\laragon\bin\python\python-3.10\lib\site-packages\selenium\webdriver\chromium\options.py", line 52, in binary_location
    raise TypeError(self.BINARY_LOCATION_ERROR)
TypeError: Binary Location Must be a String
2025-10-26 15:11:49,273 - ERROR - Error pada percobaan 298: Gagal total setup driver. Cek log di atas.
Traceback (most recent call last):
  File "C:\laragon\www\dapokalsel\sekolah\import_url_kabupaten.pyw", line 285, in process_url_induk
    raise Exception("Gagal total setup driver. Cek log di atas.")
Exception: Gagal total setup driver. Cek log di atas.
2025-10-26 15:11:49,273 - INFO - Percobaan ulang 299/300...
2025-10-26 15:12:04,288 - INFO - Memulai setup driver...
2025-10-26 15:12:04,288 - INFO - Menggunakan User Data Directory: C:\laragon\www\dapokalsel\chrome_profile
2025-10-26 15:12:04,288 - INFO - Menginisialisasi uc.Chrome()...
2025-10-26 15:12:07,286 - INFO - patching driver executable C:\laragon\www\dapokalsel\sekolah\~\appdata\roaming\undetected_chromedriver\undetected_chromedriver.exe
2025-10-26 15:12:07,367 - ERROR - GAGAL total saat setup driver: Binary Location Must be a String
Traceback (most recent call last):
  File "C:\laragon\www\dapokalsel\sekolah\import_url_kabupaten.pyw", line 80, in setup_driver
    driver = uc.Chrome(
  File "C:\laragon\bin\python\python-3.10\lib\site-packages\undetected_chromedriver\__init__.py", line 372, in __init__
    options.binary_location = (
  File "C:\laragon\bin\python\python-3.10\lib\site-packages\selenium\webdriver\chromium\options.py", line 52, in binary_location
    raise TypeError(self.BINARY_LOCATION_ERROR)
TypeError: Binary Location Must be a String
2025-10-26 15:12:07,368 - ERROR - Error pada percobaan 299: Gagal total setup driver. Cek log di atas.
Traceback (most recent call last):
  File "C:\laragon\www\dapokalsel\sekolah\import_url_kabupaten.pyw", line 285, in process_url_induk
    raise Exception("Gagal total setup driver. Cek log di atas.")
Exception: Gagal total setup driver. Cek log di atas.
2025-10-26 15:12:07,368 - INFO - Percobaan ulang 300/300...
2025-10-26 15:12:22,383 - INFO - Memulai setup driver...
2025-10-26 15:12:22,383 - INFO - Menggunakan User Data Directory: C:\laragon\www\dapokalsel\chrome_profile
2025-10-26 15:12:22,383 - INFO - Menginisialisasi uc.Chrome()...
2025-10-26 15:12:25,770 - INFO - patching driver executable C:\laragon\www\dapokalsel\sekolah\~\appdata\roaming\undetected_chromedriver\undetected_chromedriver.exe
2025-10-26 15:12:25,862 - ERROR - GAGAL total saat setup driver: Binary Location Must be a String
Traceback (most recent call last):
  File "C:\laragon\www\dapokalsel\sekolah\import_url_kabupaten.pyw", line 80, in setup_driver
    driver = uc.Chrome(
  File "C:\laragon\bin\python\python-3.10\lib\site-packages\undetected_chromedriver\__init__.py", line 372, in __init__
    options.binary_location = (
  File "C:\laragon\bin\python\python-3.10\lib\site-packages\selenium\webdriver\chromium\options.py", line 52, in binary_location
    raise TypeError(self.BINARY_LOCATION_ERROR)
TypeError: Binary Location Must be a String
2025-10-26 15:12:25,863 - ERROR - Error pada percobaan 300: Gagal total setup driver. Cek log di atas.
Traceback (most recent call last):
  File "C:\laragon\www\dapokalsel\sekolah\import_url_kabupaten.pyw", line 285, in process_url_induk
    raise Exception("Gagal total setup driver. Cek log di atas.")
Exception: Gagal total setup driver. Cek log di atas.
2025-10-26 15:12:25,886 - INFO - Memperbarui log DB untuk URL Induk 5 ke status failed
--- Logging error ---
Traceback (most recent call last):
  File "C:\laragon\bin\python\python-3.10\lib\logging\__init__.py", line 1103, in emit
    stream.write(msg + self.terminator)
  File "C:\laragon\bin\python\python-3.10\lib\encodings\cp1252.py", line 19, in encode
    return codecs.charmap_encode(input,self.errors,encoding_table)[0]
UnicodeEncodeError: 'charmap' codec can't encode character '\u274c' in position 34: character maps to <undefined>
Call stack:
  File "C:\laragon\www\dapokalsel\sekolah\import_url_kabupaten.pyw", line 363, in <module>
    main()
  File "C:\laragon\www\dapokalsel\sekolah\import_url_kabupaten.pyw", line 341, in main
    if process_url_induk(logger, url_induk_data, args.max_retries, args.user_id):
  File "C:\laragon\www\dapokalsel\sekolah\import_url_kabupaten.pyw", line 315, in process_url_induk
    logger.error(f"\u274c GAGAL proses kabupaten untuk URL Induk ID {url_induk_id} setelah {max_retries} percobaan.")
Message: '\u274c GAGAL proses kabupaten untuk URL Induk ID 5 setelah 300 percobaan.'
Arguments: ()
--- Logging error ---
Traceback (most recent call last):
  File "C:\laragon\bin\python\python-3.10\lib\logging\__init__.py", line 1103, in emit
    stream.write(msg + self.terminator)
  File "C:\laragon\bin\python\python-3.10\lib\encodings\cp1252.py", line 19, in encode
    return codecs.charmap_encode(input,self.errors,encoding_table)[0]
UnicodeEncodeError: 'charmap' codec can't encode character '\u274c' in position 34: character maps to <undefined>
Call stack:
  File "C:\laragon\www\dapokalsel\sekolah\import_url_kabupaten.pyw", line 363, in <module>
    main()
  File "C:\laragon\www\dapokalsel\sekolah\import_url_kabupaten.pyw", line 341, in main
    if process_url_induk(logger, url_induk_data, args.max_retries, args.user_id):
  File "C:\laragon\www\dapokalsel\sekolah\import_url_kabupaten.pyw", line 315, in process_url_induk
    logger.error(f"\u274c GAGAL proses kabupaten untuk URL Induk ID {url_induk_id} setelah {max_retries} percobaan.")
Message: '\u274c GAGAL proses kabupaten untuk URL Induk ID 5 setelah 300 percobaan.'
Arguments: ()
2025-10-26 15:12:25,933 - INFO - === RINGKASAN IMPORT KABUPATEN ===
2025-10-26 15:12:25,933 - INFO - Total URL Induk diproses: 1
2025-10-26 15:12:25,933 - INFO - Berhasil: 0
2025-10-26 15:12:25,933 - INFO - Gagal: 1
--- Logging error ---
Traceback (most recent call last):
  File "C:\laragon\bin\python\python-3.10\lib\logging\__init__.py", line 1103, in emit
    stream.write(msg + self.terminator)
  File "C:\laragon\bin\python\python-3.10\lib\encodings\cp1252.py", line 19, in encode
    return codecs.charmap_encode(input,self.errors,encoding_table)[0]
UnicodeEncodeError: 'charmap' codec can't encode character '\u274c' in position 34: character maps to <undefined>
Call stack:
  File "C:\laragon\www\dapokalsel\sekolah\import_url_kabupaten.pyw", line 363, in <module>
    main()
  File "C:\laragon\www\dapokalsel\sekolah\import_url_kabupaten.pyw", line 352, in main
    logger.error("\u274c Import kabupaten selesai dengan kegagalan.")
Message: '\u274c Import kabupaten selesai dengan kegagalan.'
Arguments: ()
--- Logging error ---
Traceback (most recent call last):
  File "C:\laragon\bin\python\python-3.10\lib\logging\__init__.py", line 1103, in emit
    stream.write(msg + self.terminator)
  File "C:\laragon\bin\python\python-3.10\lib\encodings\cp1252.py", line 19, in encode
    return codecs.charmap_encode(input,self.errors,encoding_table)[0]
UnicodeEncodeError: 'charmap' codec can't encode character '\u274c' in position 34: character maps to <undefined>
Call stack:
  File "C:\laragon\www\dapokalsel\sekolah\import_url_kabupaten.pyw", line 363, in <module>
    main()
  File "C:\laragon\www\dapokalsel\sekolah\import_url_kabupaten.pyw", line 352, in main
    logger.error("\u274c Import kabupaten selesai dengan kegagalan.")
Message: '\u274c Import kabupaten selesai dengan kegagalan.'
Arguments: ()
