2025-10-26 20:25:03,327 - INFO - Logging initialized: C:\laragon\www\dapokalsel\logs\kabupaten_import.log
2025-10-26 20:25:03,327 - INFO - Project root: C:\laragon\www\dapokalsel
2025-10-26 20:25:03,327 - INFO - ================================================================================
2025-10-26 20:25:03,327 - INFO - STARTING KABUPATEN IMPORT
2025-10-26 20:25:03,327 - INFO - ================================================================================
2025-10-26 20:25:03,327 - INFO - Arguments: Namespace(url_induk_id=5, max_retries=300, user_id=1)
2025-10-26 20:25:03,473 - INFO - Found 1 active URL induk
2025-10-26 20:25:03,473 - INFO - 
============================================================
2025-10-26 20:25:03,473 - INFO - Processing URL Induk ID: 5
2025-10-26 20:25:03,473 - INFO - URL: https://dapo.kemendikdasmen.go.id/sp/1/150000
2025-10-26 20:25:03,473 - INFO - Description: URL Induk Dapodik - 2025-10-25 18:54:25
2025-10-26 20:25:03,473 - INFO - ============================================================
2025-10-26 20:25:03,506 - INFO - Created log entry with ID: 169
2025-10-26 20:25:03,506 - INFO - Setting up Chrome driver...
2025-10-26 20:25:03,511 - INFO - Using profile directory: C:\laragon\www\dapokalsel\chrome_profile
2025-10-26 20:25:03,511 - INFO - Initializing undetected Chrome driver...
2025-10-26 20:25:06,677 - INFO - patching driver executable C:\laragon\www\dapokalsel\sekolah\~\appdata\roaming\undetected_chromedriver\undetected_chromedriver.exe
2025-10-26 20:25:06,802 - ERROR - Failed to setup driver: Binary Location Must be a String
Traceback (most recent call last):
  File "C:\laragon\www\dapokalsel\sekolah\import_url_kabupaten.pyw", line 92, in setup_driver
    driver = uc.Chrome(
  File "C:\laragon\bin\python\python-3.10\lib\site-packages\undetected_chromedriver\__init__.py", line 372, in __init__
    options.binary_location = (
  File "C:\laragon\bin\python\python-3.10\lib\site-packages\selenium\webdriver\chromium\options.py", line 52, in binary_location
    raise TypeError(self.BINARY_LOCATION_ERROR)
TypeError: Binary Location Must be a String
2025-10-26 20:25:06,838 - ERROR - Error on attempt 1: Failed to setup driver
Traceback (most recent call last):
  File "C:\laragon\www\dapokalsel\sekolah\import_url_kabupaten.pyw", line 388, in process_url_induk
    raise Exception("Failed to setup driver")
Exception: Failed to setup driver
2025-10-26 20:25:06,839 - INFO - Retry attempt 2/300...
2025-10-26 20:25:21,839 - INFO - Setting up Chrome driver...
2025-10-26 20:25:21,840 - INFO - Using profile directory: C:\laragon\www\dapokalsel\chrome_profile
2025-10-26 20:25:21,841 - INFO - Initializing undetected Chrome driver...
2025-10-26 20:25:25,714 - INFO - patching driver executable C:\laragon\www\dapokalsel\sekolah\~\appdata\roaming\undetected_chromedriver\undetected_chromedriver.exe
2025-10-26 20:25:25,805 - ERROR - Failed to setup driver: Binary Location Must be a String
Traceback (most recent call last):
  File "C:\laragon\www\dapokalsel\sekolah\import_url_kabupaten.pyw", line 92, in setup_driver
    driver = uc.Chrome(
  File "C:\laragon\bin\python\python-3.10\lib\site-packages\undetected_chromedriver\__init__.py", line 372, in __init__
    options.binary_location = (
  File "C:\laragon\bin\python\python-3.10\lib\site-packages\selenium\webdriver\chromium\options.py", line 52, in binary_location
    raise TypeError(self.BINARY_LOCATION_ERROR)
TypeError: Binary Location Must be a String
2025-10-26 20:25:25,805 - ERROR - Error on attempt 2: Failed to setup driver
Traceback (most recent call last):
  File "C:\laragon\www\dapokalsel\sekolah\import_url_kabupaten.pyw", line 388, in process_url_induk
    raise Exception("Failed to setup driver")
Exception: Failed to setup driver
2025-10-26 20:25:25,806 - INFO - Retry attempt 3/300...
2025-10-26 20:25:40,811 - INFO - Setting up Chrome driver...
2025-10-26 20:25:40,811 - INFO - Using profile directory: C:\laragon\www\dapokalsel\chrome_profile
2025-10-26 20:25:40,811 - INFO - Initializing undetected Chrome driver...
2025-10-26 20:25:44,042 - INFO - patching driver executable C:\laragon\www\dapokalsel\sekolah\~\appdata\roaming\undetected_chromedriver\undetected_chromedriver.exe
2025-10-26 20:25:44,128 - ERROR - Failed to setup driver: Binary Location Must be a String
Traceback (most recent call last):
  File "C:\laragon\www\dapokalsel\sekolah\import_url_kabupaten.pyw", line 92, in setup_driver
    driver = uc.Chrome(
  File "C:\laragon\bin\python\python-3.10\lib\site-packages\undetected_chromedriver\__init__.py", line 372, in __init__
    options.binary_location = (
  File "C:\laragon\bin\python\python-3.10\lib\site-packages\selenium\webdriver\chromium\options.py", line 52, in binary_location
    raise TypeError(self.BINARY_LOCATION_ERROR)
TypeError: Binary Location Must be a String
2025-10-26 20:25:44,128 - ERROR - Error on attempt 3: Failed to setup driver
Traceback (most recent call last):
  File "C:\laragon\www\dapokalsel\sekolah\import_url_kabupaten.pyw", line 388, in process_url_induk
    raise Exception("Failed to setup driver")
Exception: Failed to setup driver
2025-10-26 20:25:44,128 - INFO - Retry attempt 4/300...
2025-10-26 20:25:59,132 - INFO - Setting up Chrome driver...
2025-10-26 20:25:59,132 - INFO - Using profile directory: C:\laragon\www\dapokalsel\chrome_profile
2025-10-26 20:25:59,132 - INFO - Initializing undetected Chrome driver...
2025-10-26 20:26:03,088 - INFO - patching driver executable C:\laragon\www\dapokalsel\sekolah\~\appdata\roaming\undetected_chromedriver\undetected_chromedriver.exe
2025-10-26 20:26:03,167 - ERROR - Failed to setup driver: Binary Location Must be a String
Traceback (most recent call last):
  File "C:\laragon\www\dapokalsel\sekolah\import_url_kabupaten.pyw", line 92, in setup_driver
    driver = uc.Chrome(
  File "C:\laragon\bin\python\python-3.10\lib\site-packages\undetected_chromedriver\__init__.py", line 372, in __init__
    options.binary_location = (
  File "C:\laragon\bin\python\python-3.10\lib\site-packages\selenium\webdriver\chromium\options.py", line 52, in binary_location
    raise TypeError(self.BINARY_LOCATION_ERROR)
TypeError: Binary Location Must be a String
2025-10-26 20:26:03,167 - ERROR - Error on attempt 4: Failed to setup driver
Traceback (most recent call last):
  File "C:\laragon\www\dapokalsel\sekolah\import_url_kabupaten.pyw", line 388, in process_url_induk
    raise Exception("Failed to setup driver")
Exception: Failed to setup driver
2025-10-26 20:26:03,167 - INFO - Retry attempt 5/300...
2025-10-26 20:26:18,172 - INFO - Setting up Chrome driver...
2025-10-26 20:26:18,172 - INFO - Using profile directory: C:\laragon\www\dapokalsel\chrome_profile
2025-10-26 20:26:18,172 - INFO - Initializing undetected Chrome driver...
2025-10-26 20:26:21,154 - INFO - patching driver executable C:\laragon\www\dapokalsel\sekolah\~\appdata\roaming\undetected_chromedriver\undetected_chromedriver.exe
2025-10-26 20:26:21,238 - ERROR - Failed to setup driver: Binary Location Must be a String
Traceback (most recent call last):
  File "C:\laragon\www\dapokalsel\sekolah\import_url_kabupaten.pyw", line 92, in setup_driver
    driver = uc.Chrome(
  File "C:\laragon\bin\python\python-3.10\lib\site-packages\undetected_chromedriver\__init__.py", line 372, in __init__
    options.binary_location = (
  File "C:\laragon\bin\python\python-3.10\lib\site-packages\selenium\webdriver\chromium\options.py", line 52, in binary_location
    raise TypeError(self.BINARY_LOCATION_ERROR)
TypeError: Binary Location Must be a String
2025-10-26 20:26:21,238 - ERROR - Error on attempt 5: Failed to setup driver
Traceback (most recent call last):
  File "C:\laragon\www\dapokalsel\sekolah\import_url_kabupaten.pyw", line 388, in process_url_induk
    raise Exception("Failed to setup driver")
Exception: Failed to setup driver
2025-10-26 20:26:21,238 - INFO - Retry attempt 6/300...
2025-10-26 20:26:36,239 - INFO - Setting up Chrome driver...
2025-10-26 20:26:36,239 - INFO - Using profile directory: C:\laragon\www\dapokalsel\chrome_profile
2025-10-26 20:26:36,239 - INFO - Initializing undetected Chrome driver...
2025-10-26 20:26:39,575 - INFO - patching driver executable C:\laragon\www\dapokalsel\sekolah\~\appdata\roaming\undetected_chromedriver\undetected_chromedriver.exe
2025-10-26 20:26:39,670 - ERROR - Failed to setup driver: Binary Location Must be a String
Traceback (most recent call last):
  File "C:\laragon\www\dapokalsel\sekolah\import_url_kabupaten.pyw", line 92, in setup_driver
    driver = uc.Chrome(
  File "C:\laragon\bin\python\python-3.10\lib\site-packages\undetected_chromedriver\__init__.py", line 372, in __init__
    options.binary_location = (
  File "C:\laragon\bin\python\python-3.10\lib\site-packages\selenium\webdriver\chromium\options.py", line 52, in binary_location
    raise TypeError(self.BINARY_LOCATION_ERROR)
TypeError: Binary Location Must be a String
2025-10-26 20:26:39,670 - ERROR - Error on attempt 6: Failed to setup driver
Traceback (most recent call last):
  File "C:\laragon\www\dapokalsel\sekolah\import_url_kabupaten.pyw", line 388, in process_url_induk
    raise Exception("Failed to setup driver")
Exception: Failed to setup driver
2025-10-26 20:26:39,670 - INFO - Retry attempt 7/300...
2025-10-26 20:26:54,674 - INFO - Setting up Chrome driver...
2025-10-26 20:26:54,674 - INFO - Using profile directory: C:\laragon\www\dapokalsel\chrome_profile
2025-10-26 20:26:54,674 - INFO - Initializing undetected Chrome driver...
2025-10-26 20:26:57,719 - INFO - patching driver executable C:\laragon\www\dapokalsel\sekolah\~\appdata\roaming\undetected_chromedriver\undetected_chromedriver.exe
2025-10-26 20:26:57,819 - ERROR - Failed to setup driver: Binary Location Must be a String
Traceback (most recent call last):
  File "C:\laragon\www\dapokalsel\sekolah\import_url_kabupaten.pyw", line 92, in setup_driver
    driver = uc.Chrome(
  File "C:\laragon\bin\python\python-3.10\lib\site-packages\undetected_chromedriver\__init__.py", line 372, in __init__
    options.binary_location = (
  File "C:\laragon\bin\python\python-3.10\lib\site-packages\selenium\webdriver\chromium\options.py", line 52, in binary_location
    raise TypeError(self.BINARY_LOCATION_ERROR)
TypeError: Binary Location Must be a String
2025-10-26 20:26:57,819 - ERROR - Error on attempt 7: Failed to setup driver
Traceback (most recent call last):
  File "C:\laragon\www\dapokalsel\sekolah\import_url_kabupaten.pyw", line 388, in process_url_induk
    raise Exception("Failed to setup driver")
Exception: Failed to setup driver
2025-10-26 20:26:57,819 - INFO - Retry attempt 8/300...
2025-10-26 20:27:12,819 - INFO - Setting up Chrome driver...
2025-10-26 20:27:12,820 - INFO - Using profile directory: C:\laragon\www\dapokalsel\chrome_profile
2025-10-26 20:27:12,820 - INFO - Initializing undetected Chrome driver...
2025-10-26 20:27:16,143 - INFO - patching driver executable C:\laragon\www\dapokalsel\sekolah\~\appdata\roaming\undetected_chromedriver\undetected_chromedriver.exe
2025-10-26 20:27:16,215 - ERROR - Failed to setup driver: Binary Location Must be a String
Traceback (most recent call last):
  File "C:\laragon\www\dapokalsel\sekolah\import_url_kabupaten.pyw", line 92, in setup_driver
    driver = uc.Chrome(
  File "C:\laragon\bin\python\python-3.10\lib\site-packages\undetected_chromedriver\__init__.py", line 372, in __init__
    options.binary_location = (
  File "C:\laragon\bin\python\python-3.10\lib\site-packages\selenium\webdriver\chromium\options.py", line 52, in binary_location
    raise TypeError(self.BINARY_LOCATION_ERROR)
TypeError: Binary Location Must be a String
2025-10-26 20:27:16,215 - ERROR - Error on attempt 8: Failed to setup driver
Traceback (most recent call last):
  File "C:\laragon\www\dapokalsel\sekolah\import_url_kabupaten.pyw", line 388, in process_url_induk
    raise Exception("Failed to setup driver")
Exception: Failed to setup driver
2025-10-26 20:27:16,215 - INFO - Retry attempt 9/300...
2025-10-26 20:27:31,216 - INFO - Setting up Chrome driver...
2025-10-26 20:27:31,222 - INFO - Using profile directory: C:\laragon\www\dapokalsel\chrome_profile
2025-10-26 20:27:31,222 - INFO - Initializing undetected Chrome driver...
2025-10-26 20:27:34,406 - INFO - patching driver executable C:\laragon\www\dapokalsel\sekolah\~\appdata\roaming\undetected_chromedriver\undetected_chromedriver.exe
2025-10-26 20:27:34,489 - ERROR - Failed to setup driver: Binary Location Must be a String
Traceback (most recent call last):
  File "C:\laragon\www\dapokalsel\sekolah\import_url_kabupaten.pyw", line 92, in setup_driver
    driver = uc.Chrome(
  File "C:\laragon\bin\python\python-3.10\lib\site-packages\undetected_chromedriver\__init__.py", line 372, in __init__
    options.binary_location = (
  File "C:\laragon\bin\python\python-3.10\lib\site-packages\selenium\webdriver\chromium\options.py", line 52, in binary_location
    raise TypeError(self.BINARY_LOCATION_ERROR)
TypeError: Binary Location Must be a String
2025-10-26 20:27:34,489 - ERROR - Error on attempt 9: Failed to setup driver
Traceback (most recent call last):
  File "C:\laragon\www\dapokalsel\sekolah\import_url_kabupaten.pyw", line 388, in process_url_induk
    raise Exception("Failed to setup driver")
Exception: Failed to setup driver
2025-10-26 20:27:34,489 - INFO - Retry attempt 10/300...
2025-10-26 20:27:49,489 - INFO - Setting up Chrome driver...
2025-10-26 20:27:49,489 - INFO - Using profile directory: C:\laragon\www\dapokalsel\chrome_profile
2025-10-26 20:27:49,489 - INFO - Initializing undetected Chrome driver...
2025-10-26 20:27:52,683 - INFO - patching driver executable C:\laragon\www\dapokalsel\sekolah\~\appdata\roaming\undetected_chromedriver\undetected_chromedriver.exe
2025-10-26 20:27:52,771 - ERROR - Failed to setup driver: Binary Location Must be a String
Traceback (most recent call last):
  File "C:\laragon\www\dapokalsel\sekolah\import_url_kabupaten.pyw", line 92, in setup_driver
    driver = uc.Chrome(
  File "C:\laragon\bin\python\python-3.10\lib\site-packages\undetected_chromedriver\__init__.py", line 372, in __init__
    options.binary_location = (
  File "C:\laragon\bin\python\python-3.10\lib\site-packages\selenium\webdriver\chromium\options.py", line 52, in binary_location
    raise TypeError(self.BINARY_LOCATION_ERROR)
TypeError: Binary Location Must be a String
2025-10-26 20:27:52,771 - ERROR - Error on attempt 10: Failed to setup driver
Traceback (most recent call last):
  File "C:\laragon\www\dapokalsel\sekolah\import_url_kabupaten.pyw", line 388, in process_url_induk
    raise Exception("Failed to setup driver")
Exception: Failed to setup driver
2025-10-26 20:27:52,776 - INFO - Retry attempt 11/300...
2025-10-26 20:28:07,777 - INFO - Setting up Chrome driver...
2025-10-26 20:28:07,782 - INFO - Using profile directory: C:\laragon\www\dapokalsel\chrome_profile
2025-10-26 20:28:07,782 - INFO - Initializing undetected Chrome driver...
2025-10-26 20:28:11,001 - INFO - patching driver executable C:\laragon\www\dapokalsel\sekolah\~\appdata\roaming\undetected_chromedriver\undetected_chromedriver.exe
2025-10-26 20:28:11,076 - ERROR - Failed to setup driver: Binary Location Must be a String
Traceback (most recent call last):
  File "C:\laragon\www\dapokalsel\sekolah\import_url_kabupaten.pyw", line 92, in setup_driver
    driver = uc.Chrome(
  File "C:\laragon\bin\python\python-3.10\lib\site-packages\undetected_chromedriver\__init__.py", line 372, in __init__
    options.binary_location = (
  File "C:\laragon\bin\python\python-3.10\lib\site-packages\selenium\webdriver\chromium\options.py", line 52, in binary_location
    raise TypeError(self.BINARY_LOCATION_ERROR)
TypeError: Binary Location Must be a String
2025-10-26 20:28:11,076 - ERROR - Error on attempt 11: Failed to setup driver
Traceback (most recent call last):
  File "C:\laragon\www\dapokalsel\sekolah\import_url_kabupaten.pyw", line 388, in process_url_induk
    raise Exception("Failed to setup driver")
Exception: Failed to setup driver
2025-10-26 20:28:11,076 - INFO - Retry attempt 12/300...
2025-10-26 20:28:26,093 - INFO - Setting up Chrome driver...
2025-10-26 20:28:26,094 - INFO - Using profile directory: C:\laragon\www\dapokalsel\chrome_profile
2025-10-26 20:28:26,094 - INFO - Initializing undetected Chrome driver...
2025-10-26 20:28:33,521 - INFO - patching driver executable C:\laragon\www\dapokalsel\sekolah\~\appdata\roaming\undetected_chromedriver\undetected_chromedriver.exe
2025-10-26 20:28:33,611 - ERROR - Failed to setup driver: Binary Location Must be a String
Traceback (most recent call last):
  File "C:\laragon\www\dapokalsel\sekolah\import_url_kabupaten.pyw", line 92, in setup_driver
    driver = uc.Chrome(
  File "C:\laragon\bin\python\python-3.10\lib\site-packages\undetected_chromedriver\__init__.py", line 372, in __init__
    options.binary_location = (
  File "C:\laragon\bin\python\python-3.10\lib\site-packages\selenium\webdriver\chromium\options.py", line 52, in binary_location
    raise TypeError(self.BINARY_LOCATION_ERROR)
TypeError: Binary Location Must be a String
2025-10-26 20:28:33,611 - ERROR - Error on attempt 12: Failed to setup driver
Traceback (most recent call last):
  File "C:\laragon\www\dapokalsel\sekolah\import_url_kabupaten.pyw", line 388, in process_url_induk
    raise Exception("Failed to setup driver")
Exception: Failed to setup driver
2025-10-26 20:28:33,611 - INFO - Retry attempt 13/300...
2025-10-26 20:28:48,624 - INFO - Setting up Chrome driver...
2025-10-26 20:28:48,625 - INFO - Using profile directory: C:\laragon\www\dapokalsel\chrome_profile
2025-10-26 20:28:48,625 - INFO - Initializing undetected Chrome driver...
2025-10-26 20:28:52,529 - INFO - patching driver executable C:\laragon\www\dapokalsel\sekolah\~\appdata\roaming\undetected_chromedriver\undetected_chromedriver.exe
2025-10-26 20:28:52,608 - ERROR - Failed to setup driver: Binary Location Must be a String
Traceback (most recent call last):
  File "C:\laragon\www\dapokalsel\sekolah\import_url_kabupaten.pyw", line 92, in setup_driver
    driver = uc.Chrome(
  File "C:\laragon\bin\python\python-3.10\lib\site-packages\undetected_chromedriver\__init__.py", line 372, in __init__
    options.binary_location = (
  File "C:\laragon\bin\python\python-3.10\lib\site-packages\selenium\webdriver\chromium\options.py", line 52, in binary_location
    raise TypeError(self.BINARY_LOCATION_ERROR)
TypeError: Binary Location Must be a String
2025-10-26 20:28:52,608 - ERROR - Error on attempt 13: Failed to setup driver
Traceback (most recent call last):
  File "C:\laragon\www\dapokalsel\sekolah\import_url_kabupaten.pyw", line 388, in process_url_induk
    raise Exception("Failed to setup driver")
Exception: Failed to setup driver
2025-10-26 20:28:52,608 - INFO - Retry attempt 14/300...
2025-10-26 20:29:07,611 - INFO - Setting up Chrome driver...
2025-10-26 20:29:07,611 - INFO - Using profile directory: C:\laragon\www\dapokalsel\chrome_profile
2025-10-26 20:29:07,611 - INFO - Initializing undetected Chrome driver...
2025-10-26 20:29:12,273 - INFO - patching driver executable C:\laragon\www\dapokalsel\sekolah\~\appdata\roaming\undetected_chromedriver\undetected_chromedriver.exe
2025-10-26 20:29:12,357 - ERROR - Failed to setup driver: Binary Location Must be a String
Traceback (most recent call last):
  File "C:\laragon\www\dapokalsel\sekolah\import_url_kabupaten.pyw", line 92, in setup_driver
    driver = uc.Chrome(
  File "C:\laragon\bin\python\python-3.10\lib\site-packages\undetected_chromedriver\__init__.py", line 372, in __init__
    options.binary_location = (
  File "C:\laragon\bin\python\python-3.10\lib\site-packages\selenium\webdriver\chromium\options.py", line 52, in binary_location
    raise TypeError(self.BINARY_LOCATION_ERROR)
TypeError: Binary Location Must be a String
2025-10-26 20:29:12,357 - ERROR - Error on attempt 14: Failed to setup driver
Traceback (most recent call last):
  File "C:\laragon\www\dapokalsel\sekolah\import_url_kabupaten.pyw", line 388, in process_url_induk
    raise Exception("Failed to setup driver")
Exception: Failed to setup driver
2025-10-26 20:29:12,357 - INFO - Retry attempt 15/300...
2025-10-26 20:29:27,358 - INFO - Setting up Chrome driver...
2025-10-26 20:29:27,359 - INFO - Using profile directory: C:\laragon\www\dapokalsel\chrome_profile
2025-10-26 20:29:27,359 - INFO - Initializing undetected Chrome driver...
2025-10-26 20:29:30,424 - INFO - patching driver executable C:\laragon\www\dapokalsel\sekolah\~\appdata\roaming\undetected_chromedriver\undetected_chromedriver.exe
2025-10-26 20:29:30,523 - ERROR - Failed to setup driver: Binary Location Must be a String
Traceback (most recent call last):
  File "C:\laragon\www\dapokalsel\sekolah\import_url_kabupaten.pyw", line 92, in setup_driver
    driver = uc.Chrome(
  File "C:\laragon\bin\python\python-3.10\lib\site-packages\undetected_chromedriver\__init__.py", line 372, in __init__
    options.binary_location = (
  File "C:\laragon\bin\python\python-3.10\lib\site-packages\selenium\webdriver\chromium\options.py", line 52, in binary_location
    raise TypeError(self.BINARY_LOCATION_ERROR)
TypeError: Binary Location Must be a String
2025-10-26 20:29:30,523 - ERROR - Error on attempt 15: Failed to setup driver
Traceback (most recent call last):
  File "C:\laragon\www\dapokalsel\sekolah\import_url_kabupaten.pyw", line 388, in process_url_induk
    raise Exception("Failed to setup driver")
Exception: Failed to setup driver
2025-10-26 20:29:30,523 - INFO - Retry attempt 16/300...
2025-10-26 20:29:45,535 - INFO - Setting up Chrome driver...
2025-10-26 20:29:45,535 - INFO - Using profile directory: C:\laragon\www\dapokalsel\chrome_profile
2025-10-26 20:29:45,535 - INFO - Initializing undetected Chrome driver...
2025-10-26 20:29:50,386 - INFO - patching driver executable C:\laragon\www\dapokalsel\sekolah\~\appdata\roaming\undetected_chromedriver\undetected_chromedriver.exe
2025-10-26 20:29:50,479 - ERROR - Failed to setup driver: Binary Location Must be a String
Traceback (most recent call last):
  File "C:\laragon\www\dapokalsel\sekolah\import_url_kabupaten.pyw", line 92, in setup_driver
    driver = uc.Chrome(
  File "C:\laragon\bin\python\python-3.10\lib\site-packages\undetected_chromedriver\__init__.py", line 372, in __init__
    options.binary_location = (
  File "C:\laragon\bin\python\python-3.10\lib\site-packages\selenium\webdriver\chromium\options.py", line 52, in binary_location
    raise TypeError(self.BINARY_LOCATION_ERROR)
TypeError: Binary Location Must be a String
2025-10-26 20:29:50,480 - ERROR - Error on attempt 16: Failed to setup driver
Traceback (most recent call last):
  File "C:\laragon\www\dapokalsel\sekolah\import_url_kabupaten.pyw", line 388, in process_url_induk
    raise Exception("Failed to setup driver")
Exception: Failed to setup driver
2025-10-26 20:29:50,481 - INFO - Retry attempt 17/300...
2025-10-26 20:30:05,492 - INFO - Setting up Chrome driver...
2025-10-26 20:30:05,492 - INFO - Using profile directory: C:\laragon\www\dapokalsel\chrome_profile
2025-10-26 20:30:05,492 - INFO - Initializing undetected Chrome driver...
2025-10-26 20:30:09,123 - INFO - patching driver executable C:\laragon\www\dapokalsel\sekolah\~\appdata\roaming\undetected_chromedriver\undetected_chromedriver.exe
2025-10-26 20:30:09,240 - ERROR - Failed to setup driver: Binary Location Must be a String
Traceback (most recent call last):
  File "C:\laragon\www\dapokalsel\sekolah\import_url_kabupaten.pyw", line 92, in setup_driver
    driver = uc.Chrome(
  File "C:\laragon\bin\python\python-3.10\lib\site-packages\undetected_chromedriver\__init__.py", line 372, in __init__
    options.binary_location = (
  File "C:\laragon\bin\python\python-3.10\lib\site-packages\selenium\webdriver\chromium\options.py", line 52, in binary_location
    raise TypeError(self.BINARY_LOCATION_ERROR)
TypeError: Binary Location Must be a String
2025-10-26 20:30:09,240 - ERROR - Error on attempt 17: Failed to setup driver
Traceback (most recent call last):
  File "C:\laragon\www\dapokalsel\sekolah\import_url_kabupaten.pyw", line 388, in process_url_induk
    raise Exception("Failed to setup driver")
Exception: Failed to setup driver
2025-10-26 20:30:09,240 - INFO - Retry attempt 18/300...
2025-10-26 20:30:24,241 - INFO - Setting up Chrome driver...
2025-10-26 20:30:24,243 - INFO - Using profile directory: C:\laragon\www\dapokalsel\chrome_profile
2025-10-26 20:30:24,243 - INFO - Initializing undetected Chrome driver...
2025-10-26 20:30:27,769 - INFO - patching driver executable C:\laragon\www\dapokalsel\sekolah\~\appdata\roaming\undetected_chromedriver\undetected_chromedriver.exe
2025-10-26 20:30:27,856 - ERROR - Failed to setup driver: Binary Location Must be a String
Traceback (most recent call last):
  File "C:\laragon\www\dapokalsel\sekolah\import_url_kabupaten.pyw", line 92, in setup_driver
    driver = uc.Chrome(
  File "C:\laragon\bin\python\python-3.10\lib\site-packages\undetected_chromedriver\__init__.py", line 372, in __init__
    options.binary_location = (
  File "C:\laragon\bin\python\python-3.10\lib\site-packages\selenium\webdriver\chromium\options.py", line 52, in binary_location
    raise TypeError(self.BINARY_LOCATION_ERROR)
TypeError: Binary Location Must be a String
2025-10-26 20:30:27,856 - ERROR - Error on attempt 18: Failed to setup driver
Traceback (most recent call last):
  File "C:\laragon\www\dapokalsel\sekolah\import_url_kabupaten.pyw", line 388, in process_url_induk
    raise Exception("Failed to setup driver")
Exception: Failed to setup driver
2025-10-26 20:30:27,856 - INFO - Retry attempt 19/300...
2025-10-26 20:30:42,857 - INFO - Setting up Chrome driver...
2025-10-26 20:30:42,858 - INFO - Using profile directory: C:\laragon\www\dapokalsel\chrome_profile
2025-10-26 20:30:42,858 - INFO - Initializing undetected Chrome driver...
2025-10-26 20:30:47,740 - INFO - patching driver executable C:\laragon\www\dapokalsel\sekolah\~\appdata\roaming\undetected_chromedriver\undetected_chromedriver.exe
2025-10-26 20:30:47,924 - ERROR - Failed to setup driver: Binary Location Must be a String
Traceback (most recent call last):
  File "C:\laragon\www\dapokalsel\sekolah\import_url_kabupaten.pyw", line 92, in setup_driver
    driver = uc.Chrome(
  File "C:\laragon\bin\python\python-3.10\lib\site-packages\undetected_chromedriver\__init__.py", line 372, in __init__
    options.binary_location = (
  File "C:\laragon\bin\python\python-3.10\lib\site-packages\selenium\webdriver\chromium\options.py", line 52, in binary_location
    raise TypeError(self.BINARY_LOCATION_ERROR)
TypeError: Binary Location Must be a String
2025-10-26 20:30:47,924 - ERROR - Error on attempt 19: Failed to setup driver
Traceback (most recent call last):
  File "C:\laragon\www\dapokalsel\sekolah\import_url_kabupaten.pyw", line 388, in process_url_induk
    raise Exception("Failed to setup driver")
Exception: Failed to setup driver
2025-10-26 20:30:47,924 - INFO - Retry attempt 20/300...
2025-10-26 20:31:02,933 - INFO - Setting up Chrome driver...
2025-10-26 20:31:02,934 - INFO - Using profile directory: C:\laragon\www\dapokalsel\chrome_profile
2025-10-26 20:31:02,934 - INFO - Initializing undetected Chrome driver...
2025-10-26 20:31:10,238 - INFO - patching driver executable C:\laragon\www\dapokalsel\sekolah\~\appdata\roaming\undetected_chromedriver\undetected_chromedriver.exe
2025-10-26 20:31:10,397 - ERROR - Failed to setup driver: Binary Location Must be a String
Traceback (most recent call last):
  File "C:\laragon\www\dapokalsel\sekolah\import_url_kabupaten.pyw", line 92, in setup_driver
    driver = uc.Chrome(
  File "C:\laragon\bin\python\python-3.10\lib\site-packages\undetected_chromedriver\__init__.py", line 372, in __init__
    options.binary_location = (
  File "C:\laragon\bin\python\python-3.10\lib\site-packages\selenium\webdriver\chromium\options.py", line 52, in binary_location
    raise TypeError(self.BINARY_LOCATION_ERROR)
TypeError: Binary Location Must be a String
2025-10-26 20:31:10,398 - ERROR - Error on attempt 20: Failed to setup driver
Traceback (most recent call last):
  File "C:\laragon\www\dapokalsel\sekolah\import_url_kabupaten.pyw", line 388, in process_url_induk
    raise Exception("Failed to setup driver")
Exception: Failed to setup driver
2025-10-26 20:31:10,399 - INFO - Retry attempt 21/300...
2025-10-26 20:31:25,407 - INFO - Setting up Chrome driver...
2025-10-26 20:31:25,407 - INFO - Using profile directory: C:\laragon\www\dapokalsel\chrome_profile
2025-10-26 20:31:25,408 - INFO - Initializing undetected Chrome driver...
2025-10-26 20:31:29,205 - INFO - patching driver executable C:\laragon\www\dapokalsel\sekolah\~\appdata\roaming\undetected_chromedriver\undetected_chromedriver.exe
2025-10-26 20:31:29,320 - ERROR - Failed to setup driver: Binary Location Must be a String
Traceback (most recent call last):
  File "C:\laragon\www\dapokalsel\sekolah\import_url_kabupaten.pyw", line 92, in setup_driver
    driver = uc.Chrome(
  File "C:\laragon\bin\python\python-3.10\lib\site-packages\undetected_chromedriver\__init__.py", line 372, in __init__
    options.binary_location = (
  File "C:\laragon\bin\python\python-3.10\lib\site-packages\selenium\webdriver\chromium\options.py", line 52, in binary_location
    raise TypeError(self.BINARY_LOCATION_ERROR)
TypeError: Binary Location Must be a String
2025-10-26 20:31:29,320 - ERROR - Error on attempt 21: Failed to setup driver
Traceback (most recent call last):
  File "C:\laragon\www\dapokalsel\sekolah\import_url_kabupaten.pyw", line 388, in process_url_induk
    raise Exception("Failed to setup driver")
Exception: Failed to setup driver
2025-10-26 20:31:29,320 - INFO - Retry attempt 22/300...
2025-10-26 20:31:44,320 - INFO - Setting up Chrome driver...
2025-10-26 20:31:44,320 - INFO - Using profile directory: C:\laragon\www\dapokalsel\chrome_profile
2025-10-26 20:31:44,320 - INFO - Initializing undetected Chrome driver...
2025-10-26 20:31:48,501 - INFO - patching driver executable C:\laragon\www\dapokalsel\sekolah\~\appdata\roaming\undetected_chromedriver\undetected_chromedriver.exe
2025-10-26 20:31:48,588 - ERROR - Failed to setup driver: Binary Location Must be a String
Traceback (most recent call last):
  File "C:\laragon\www\dapokalsel\sekolah\import_url_kabupaten.pyw", line 92, in setup_driver
    driver = uc.Chrome(
  File "C:\laragon\bin\python\python-3.10\lib\site-packages\undetected_chromedriver\__init__.py", line 372, in __init__
    options.binary_location = (
  File "C:\laragon\bin\python\python-3.10\lib\site-packages\selenium\webdriver\chromium\options.py", line 52, in binary_location
    raise TypeError(self.BINARY_LOCATION_ERROR)
TypeError: Binary Location Must be a String
2025-10-26 20:31:48,589 - ERROR - Error on attempt 22: Failed to setup driver
Traceback (most recent call last):
  File "C:\laragon\www\dapokalsel\sekolah\import_url_kabupaten.pyw", line 388, in process_url_induk
    raise Exception("Failed to setup driver")
Exception: Failed to setup driver
2025-10-26 20:31:48,589 - INFO - Retry attempt 23/300...
2025-10-26 20:32:03,589 - INFO - Setting up Chrome driver...
2025-10-26 20:32:03,590 - INFO - Using profile directory: C:\laragon\www\dapokalsel\chrome_profile
2025-10-26 20:32:03,590 - INFO - Initializing undetected Chrome driver...
2025-10-26 20:32:06,568 - INFO - patching driver executable C:\laragon\www\dapokalsel\sekolah\~\appdata\roaming\undetected_chromedriver\undetected_chromedriver.exe
2025-10-26 20:32:06,651 - ERROR - Failed to setup driver: Binary Location Must be a String
Traceback (most recent call last):
  File "C:\laragon\www\dapokalsel\sekolah\import_url_kabupaten.pyw", line 92, in setup_driver
    driver = uc.Chrome(
  File "C:\laragon\bin\python\python-3.10\lib\site-packages\undetected_chromedriver\__init__.py", line 372, in __init__
    options.binary_location = (
  File "C:\laragon\bin\python\python-3.10\lib\site-packages\selenium\webdriver\chromium\options.py", line 52, in binary_location
    raise TypeError(self.BINARY_LOCATION_ERROR)
TypeError: Binary Location Must be a String
2025-10-26 20:32:06,651 - ERROR - Error on attempt 23: Failed to setup driver
Traceback (most recent call last):
  File "C:\laragon\www\dapokalsel\sekolah\import_url_kabupaten.pyw", line 388, in process_url_induk
    raise Exception("Failed to setup driver")
Exception: Failed to setup driver
2025-10-26 20:32:06,652 - INFO - Retry attempt 24/300...
2025-10-26 20:32:21,652 - INFO - Setting up Chrome driver...
2025-10-26 20:32:21,652 - INFO - Using profile directory: C:\laragon\www\dapokalsel\chrome_profile
2025-10-26 20:32:21,652 - INFO - Initializing undetected Chrome driver...
2025-10-26 20:32:25,456 - INFO - patching driver executable C:\laragon\www\dapokalsel\sekolah\~\appdata\roaming\undetected_chromedriver\undetected_chromedriver.exe
2025-10-26 20:32:25,552 - ERROR - Failed to setup driver: Binary Location Must be a String
Traceback (most recent call last):
  File "C:\laragon\www\dapokalsel\sekolah\import_url_kabupaten.pyw", line 92, in setup_driver
    driver = uc.Chrome(
  File "C:\laragon\bin\python\python-3.10\lib\site-packages\undetected_chromedriver\__init__.py", line 372, in __init__
    options.binary_location = (
  File "C:\laragon\bin\python\python-3.10\lib\site-packages\selenium\webdriver\chromium\options.py", line 52, in binary_location
    raise TypeError(self.BINARY_LOCATION_ERROR)
TypeError: Binary Location Must be a String
2025-10-26 20:32:25,552 - ERROR - Error on attempt 24: Failed to setup driver
Traceback (most recent call last):
  File "C:\laragon\www\dapokalsel\sekolah\import_url_kabupaten.pyw", line 388, in process_url_induk
    raise Exception("Failed to setup driver")
Exception: Failed to setup driver
2025-10-26 20:32:25,553 - INFO - Retry attempt 25/300...
2025-10-26 20:32:40,566 - INFO - Setting up Chrome driver...
2025-10-26 20:32:40,567 - INFO - Using profile directory: C:\laragon\www\dapokalsel\chrome_profile
2025-10-26 20:32:40,568 - INFO - Initializing undetected Chrome driver...
2025-10-26 20:32:46,243 - INFO - patching driver executable C:\laragon\www\dapokalsel\sekolah\~\appdata\roaming\undetected_chromedriver\undetected_chromedriver.exe
2025-10-26 20:32:46,323 - ERROR - Failed to setup driver: Binary Location Must be a String
Traceback (most recent call last):
  File "C:\laragon\www\dapokalsel\sekolah\import_url_kabupaten.pyw", line 92, in setup_driver
    driver = uc.Chrome(
  File "C:\laragon\bin\python\python-3.10\lib\site-packages\undetected_chromedriver\__init__.py", line 372, in __init__
    options.binary_location = (
  File "C:\laragon\bin\python\python-3.10\lib\site-packages\selenium\webdriver\chromium\options.py", line 52, in binary_location
    raise TypeError(self.BINARY_LOCATION_ERROR)
TypeError: Binary Location Must be a String
2025-10-26 20:32:46,323 - ERROR - Error on attempt 25: Failed to setup driver
Traceback (most recent call last):
  File "C:\laragon\www\dapokalsel\sekolah\import_url_kabupaten.pyw", line 388, in process_url_induk
    raise Exception("Failed to setup driver")
Exception: Failed to setup driver
2025-10-26 20:32:46,324 - INFO - Retry attempt 26/300...
2025-10-26 20:33:01,330 - INFO - Setting up Chrome driver...
2025-10-26 20:33:01,331 - INFO - Using profile directory: C:\laragon\www\dapokalsel\chrome_profile
2025-10-26 20:33:01,331 - INFO - Initializing undetected Chrome driver...
2025-10-26 20:33:06,122 - INFO - patching driver executable C:\laragon\www\dapokalsel\sekolah\~\appdata\roaming\undetected_chromedriver\undetected_chromedriver.exe
2025-10-26 20:33:06,184 - ERROR - Failed to setup driver: Binary Location Must be a String
Traceback (most recent call last):
  File "C:\laragon\www\dapokalsel\sekolah\import_url_kabupaten.pyw", line 92, in setup_driver
    driver = uc.Chrome(
  File "C:\laragon\bin\python\python-3.10\lib\site-packages\undetected_chromedriver\__init__.py", line 372, in __init__
    options.binary_location = (
  File "C:\laragon\bin\python\python-3.10\lib\site-packages\selenium\webdriver\chromium\options.py", line 52, in binary_location
    raise TypeError(self.BINARY_LOCATION_ERROR)
TypeError: Binary Location Must be a String
2025-10-26 20:33:06,184 - ERROR - Error on attempt 26: Failed to setup driver
Traceback (most recent call last):
  File "C:\laragon\www\dapokalsel\sekolah\import_url_kabupaten.pyw", line 388, in process_url_induk
    raise Exception("Failed to setup driver")
Exception: Failed to setup driver
2025-10-26 20:33:06,184 - INFO - Retry attempt 27/300...
2025-10-26 20:33:21,190 - INFO - Setting up Chrome driver...
2025-10-26 20:33:21,190 - INFO - Using profile directory: C:\laragon\www\dapokalsel\chrome_profile
2025-10-26 20:33:21,190 - INFO - Initializing undetected Chrome driver...
2025-10-26 20:33:25,072 - INFO - patching driver executable C:\laragon\www\dapokalsel\sekolah\~\appdata\roaming\undetected_chromedriver\undetected_chromedriver.exe
2025-10-26 20:33:25,152 - ERROR - Failed to setup driver: Binary Location Must be a String
Traceback (most recent call last):
  File "C:\laragon\www\dapokalsel\sekolah\import_url_kabupaten.pyw", line 92, in setup_driver
    driver = uc.Chrome(
  File "C:\laragon\bin\python\python-3.10\lib\site-packages\undetected_chromedriver\__init__.py", line 372, in __init__
    options.binary_location = (
  File "C:\laragon\bin\python\python-3.10\lib\site-packages\selenium\webdriver\chromium\options.py", line 52, in binary_location
    raise TypeError(self.BINARY_LOCATION_ERROR)
TypeError: Binary Location Must be a String
2025-10-26 20:33:25,152 - ERROR - Error on attempt 27: Failed to setup driver
Traceback (most recent call last):
  File "C:\laragon\www\dapokalsel\sekolah\import_url_kabupaten.pyw", line 388, in process_url_induk
    raise Exception("Failed to setup driver")
Exception: Failed to setup driver
2025-10-26 20:33:25,153 - INFO - Retry attempt 28/300...
2025-10-26 20:33:40,153 - INFO - Setting up Chrome driver...
2025-10-26 20:33:40,153 - INFO - Using profile directory: C:\laragon\www\dapokalsel\chrome_profile
2025-10-26 20:33:40,153 - INFO - Initializing undetected Chrome driver...
2025-10-26 20:33:43,274 - INFO - patching driver executable C:\laragon\www\dapokalsel\sekolah\~\appdata\roaming\undetected_chromedriver\undetected_chromedriver.exe
2025-10-26 20:33:43,352 - ERROR - Failed to setup driver: Binary Location Must be a String
Traceback (most recent call last):
  File "C:\laragon\www\dapokalsel\sekolah\import_url_kabupaten.pyw", line 92, in setup_driver
    driver = uc.Chrome(
  File "C:\laragon\bin\python\python-3.10\lib\site-packages\undetected_chromedriver\__init__.py", line 372, in __init__
    options.binary_location = (
  File "C:\laragon\bin\python\python-3.10\lib\site-packages\selenium\webdriver\chromium\options.py", line 52, in binary_location
    raise TypeError(self.BINARY_LOCATION_ERROR)
TypeError: Binary Location Must be a String
2025-10-26 20:33:43,352 - ERROR - Error on attempt 28: Failed to setup driver
Traceback (most recent call last):
  File "C:\laragon\www\dapokalsel\sekolah\import_url_kabupaten.pyw", line 388, in process_url_induk
    raise Exception("Failed to setup driver")
Exception: Failed to setup driver
2025-10-26 20:33:43,352 - INFO - Retry attempt 29/300...
2025-10-26 20:33:58,362 - INFO - Setting up Chrome driver...
2025-10-26 20:33:58,362 - INFO - Using profile directory: C:\laragon\www\dapokalsel\chrome_profile
2025-10-26 20:33:58,362 - INFO - Initializing undetected Chrome driver...
2025-10-26 20:34:01,573 - INFO - patching driver executable C:\laragon\www\dapokalsel\sekolah\~\appdata\roaming\undetected_chromedriver\undetected_chromedriver.exe
2025-10-26 20:34:01,714 - ERROR - Failed to setup driver: Binary Location Must be a String
Traceback (most recent call last):
  File "C:\laragon\www\dapokalsel\sekolah\import_url_kabupaten.pyw", line 92, in setup_driver
    driver = uc.Chrome(
  File "C:\laragon\bin\python\python-3.10\lib\site-packages\undetected_chromedriver\__init__.py", line 372, in __init__
    options.binary_location = (
  File "C:\laragon\bin\python\python-3.10\lib\site-packages\selenium\webdriver\chromium\options.py", line 52, in binary_location
    raise TypeError(self.BINARY_LOCATION_ERROR)
TypeError: Binary Location Must be a String
2025-10-26 20:34:01,714 - ERROR - Error on attempt 29: Failed to setup driver
Traceback (most recent call last):
  File "C:\laragon\www\dapokalsel\sekolah\import_url_kabupaten.pyw", line 388, in process_url_induk
    raise Exception("Failed to setup driver")
Exception: Failed to setup driver
2025-10-26 20:34:01,714 - INFO - Retry attempt 30/300...
2025-10-26 20:34:16,714 - INFO - Setting up Chrome driver...
2025-10-26 20:34:16,714 - INFO - Using profile directory: C:\laragon\www\dapokalsel\chrome_profile
2025-10-26 20:34:16,715 - INFO - Initializing undetected Chrome driver...
2025-10-26 20:34:20,313 - INFO - patching driver executable C:\laragon\www\dapokalsel\sekolah\~\appdata\roaming\undetected_chromedriver\undetected_chromedriver.exe
2025-10-26 20:34:20,399 - ERROR - Failed to setup driver: Binary Location Must be a String
Traceback (most recent call last):
  File "C:\laragon\www\dapokalsel\sekolah\import_url_kabupaten.pyw", line 92, in setup_driver
    driver = uc.Chrome(
  File "C:\laragon\bin\python\python-3.10\lib\site-packages\undetected_chromedriver\__init__.py", line 372, in __init__
    options.binary_location = (
  File "C:\laragon\bin\python\python-3.10\lib\site-packages\selenium\webdriver\chromium\options.py", line 52, in binary_location
    raise TypeError(self.BINARY_LOCATION_ERROR)
TypeError: Binary Location Must be a String
2025-10-26 20:34:20,399 - ERROR - Error on attempt 30: Failed to setup driver
Traceback (most recent call last):
  File "C:\laragon\www\dapokalsel\sekolah\import_url_kabupaten.pyw", line 388, in process_url_induk
    raise Exception("Failed to setup driver")
Exception: Failed to setup driver
2025-10-26 20:34:20,399 - INFO - Retry attempt 31/300...
2025-10-26 20:34:35,402 - INFO - Setting up Chrome driver...
2025-10-26 20:34:35,402 - INFO - Using profile directory: C:\laragon\www\dapokalsel\chrome_profile
2025-10-26 20:34:35,403 - INFO - Initializing undetected Chrome driver...
2025-10-26 20:34:38,391 - INFO - patching driver executable C:\laragon\www\dapokalsel\sekolah\~\appdata\roaming\undetected_chromedriver\undetected_chromedriver.exe
2025-10-26 20:34:38,484 - ERROR - Failed to setup driver: Binary Location Must be a String
Traceback (most recent call last):
  File "C:\laragon\www\dapokalsel\sekolah\import_url_kabupaten.pyw", line 92, in setup_driver
    driver = uc.Chrome(
  File "C:\laragon\bin\python\python-3.10\lib\site-packages\undetected_chromedriver\__init__.py", line 372, in __init__
    options.binary_location = (
  File "C:\laragon\bin\python\python-3.10\lib\site-packages\selenium\webdriver\chromium\options.py", line 52, in binary_location
    raise TypeError(self.BINARY_LOCATION_ERROR)
TypeError: Binary Location Must be a String
2025-10-26 20:34:38,484 - ERROR - Error on attempt 31: Failed to setup driver
Traceback (most recent call last):
  File "C:\laragon\www\dapokalsel\sekolah\import_url_kabupaten.pyw", line 388, in process_url_induk
    raise Exception("Failed to setup driver")
Exception: Failed to setup driver
2025-10-26 20:34:38,484 - INFO - Retry attempt 32/300...
2025-10-26 20:34:53,484 - INFO - Setting up Chrome driver...
2025-10-26 20:34:53,484 - INFO - Using profile directory: C:\laragon\www\dapokalsel\chrome_profile
2025-10-26 20:34:53,484 - INFO - Initializing undetected Chrome driver...
2025-10-26 20:34:57,966 - INFO - patching driver executable C:\laragon\www\dapokalsel\sekolah\~\appdata\roaming\undetected_chromedriver\undetected_chromedriver.exe
2025-10-26 20:34:58,064 - ERROR - Failed to setup driver: Binary Location Must be a String
Traceback (most recent call last):
  File "C:\laragon\www\dapokalsel\sekolah\import_url_kabupaten.pyw", line 92, in setup_driver
    driver = uc.Chrome(
  File "C:\laragon\bin\python\python-3.10\lib\site-packages\undetected_chromedriver\__init__.py", line 372, in __init__
    options.binary_location = (
  File "C:\laragon\bin\python\python-3.10\lib\site-packages\selenium\webdriver\chromium\options.py", line 52, in binary_location
    raise TypeError(self.BINARY_LOCATION_ERROR)
TypeError: Binary Location Must be a String
2025-10-26 20:34:58,064 - ERROR - Error on attempt 32: Failed to setup driver
Traceback (most recent call last):
  File "C:\laragon\www\dapokalsel\sekolah\import_url_kabupaten.pyw", line 388, in process_url_induk
    raise Exception("Failed to setup driver")
Exception: Failed to setup driver
2025-10-26 20:34:58,064 - INFO - Retry attempt 33/300...
2025-10-26 20:35:13,073 - INFO - Setting up Chrome driver...
2025-10-26 20:35:13,073 - INFO - Using profile directory: C:\laragon\www\dapokalsel\chrome_profile
2025-10-26 20:35:13,073 - INFO - Initializing undetected Chrome driver...
2025-10-26 20:35:16,622 - INFO - patching driver executable C:\laragon\www\dapokalsel\sekolah\~\appdata\roaming\undetected_chromedriver\undetected_chromedriver.exe
2025-10-26 20:35:16,722 - ERROR - Failed to setup driver: Binary Location Must be a String
Traceback (most recent call last):
  File "C:\laragon\www\dapokalsel\sekolah\import_url_kabupaten.pyw", line 92, in setup_driver
    driver = uc.Chrome(
  File "C:\laragon\bin\python\python-3.10\lib\site-packages\undetected_chromedriver\__init__.py", line 372, in __init__
    options.binary_location = (
  File "C:\laragon\bin\python\python-3.10\lib\site-packages\selenium\webdriver\chromium\options.py", line 52, in binary_location
    raise TypeError(self.BINARY_LOCATION_ERROR)
TypeError: Binary Location Must be a String
2025-10-26 20:35:16,739 - ERROR - Error on attempt 33: Failed to setup driver
Traceback (most recent call last):
  File "C:\laragon\www\dapokalsel\sekolah\import_url_kabupaten.pyw", line 388, in process_url_induk
    raise Exception("Failed to setup driver")
Exception: Failed to setup driver
2025-10-26 20:35:16,739 - INFO - Retry attempt 34/300...
2025-10-26 20:35:31,740 - INFO - Setting up Chrome driver...
2025-10-26 20:35:31,741 - INFO - Using profile directory: C:\laragon\www\dapokalsel\chrome_profile
2025-10-26 20:35:31,741 - INFO - Initializing undetected Chrome driver...
2025-10-26 20:35:35,268 - INFO - patching driver executable C:\laragon\www\dapokalsel\sekolah\~\appdata\roaming\undetected_chromedriver\undetected_chromedriver.exe
2025-10-26 20:35:35,353 - ERROR - Failed to setup driver: Binary Location Must be a String
Traceback (most recent call last):
  File "C:\laragon\www\dapokalsel\sekolah\import_url_kabupaten.pyw", line 92, in setup_driver
    driver = uc.Chrome(
  File "C:\laragon\bin\python\python-3.10\lib\site-packages\undetected_chromedriver\__init__.py", line 372, in __init__
    options.binary_location = (
  File "C:\laragon\bin\python\python-3.10\lib\site-packages\selenium\webdriver\chromium\options.py", line 52, in binary_location
    raise TypeError(self.BINARY_LOCATION_ERROR)
TypeError: Binary Location Must be a String
2025-10-26 20:35:35,353 - ERROR - Error on attempt 34: Failed to setup driver
Traceback (most recent call last):
  File "C:\laragon\www\dapokalsel\sekolah\import_url_kabupaten.pyw", line 388, in process_url_induk
    raise Exception("Failed to setup driver")
Exception: Failed to setup driver
2025-10-26 20:35:35,353 - INFO - Retry attempt 35/300...
2025-10-26 20:35:50,354 - INFO - Setting up Chrome driver...
2025-10-26 20:35:50,355 - INFO - Using profile directory: C:\laragon\www\dapokalsel\chrome_profile
2025-10-26 20:35:50,355 - INFO - Initializing undetected Chrome driver...
2025-10-26 20:35:54,067 - INFO - patching driver executable C:\laragon\www\dapokalsel\sekolah\~\appdata\roaming\undetected_chromedriver\undetected_chromedriver.exe
2025-10-26 20:35:54,153 - ERROR - Failed to setup driver: Binary Location Must be a String
Traceback (most recent call last):
  File "C:\laragon\www\dapokalsel\sekolah\import_url_kabupaten.pyw", line 92, in setup_driver
    driver = uc.Chrome(
  File "C:\laragon\bin\python\python-3.10\lib\site-packages\undetected_chromedriver\__init__.py", line 372, in __init__
    options.binary_location = (
  File "C:\laragon\bin\python\python-3.10\lib\site-packages\selenium\webdriver\chromium\options.py", line 52, in binary_location
    raise TypeError(self.BINARY_LOCATION_ERROR)
TypeError: Binary Location Must be a String
2025-10-26 20:35:54,153 - ERROR - Error on attempt 35: Failed to setup driver
Traceback (most recent call last):
  File "C:\laragon\www\dapokalsel\sekolah\import_url_kabupaten.pyw", line 388, in process_url_induk
    raise Exception("Failed to setup driver")
Exception: Failed to setup driver
2025-10-26 20:35:54,153 - INFO - Retry attempt 36/300...
2025-10-26 20:36:09,154 - INFO - Setting up Chrome driver...
2025-10-26 20:36:09,154 - INFO - Using profile directory: C:\laragon\www\dapokalsel\chrome_profile
2025-10-26 20:36:09,154 - INFO - Initializing undetected Chrome driver...
2025-10-26 20:36:16,188 - INFO - patching driver executable C:\laragon\www\dapokalsel\sekolah\~\appdata\roaming\undetected_chromedriver\undetected_chromedriver.exe
2025-10-26 20:36:16,382 - ERROR - Failed to setup driver: Binary Location Must be a String
Traceback (most recent call last):
  File "C:\laragon\www\dapokalsel\sekolah\import_url_kabupaten.pyw", line 92, in setup_driver
    driver = uc.Chrome(
  File "C:\laragon\bin\python\python-3.10\lib\site-packages\undetected_chromedriver\__init__.py", line 372, in __init__
    options.binary_location = (
  File "C:\laragon\bin\python\python-3.10\lib\site-packages\selenium\webdriver\chromium\options.py", line 52, in binary_location
    raise TypeError(self.BINARY_LOCATION_ERROR)
TypeError: Binary Location Must be a String
2025-10-26 20:36:16,384 - ERROR - Error on attempt 36: Failed to setup driver
Traceback (most recent call last):
  File "C:\laragon\www\dapokalsel\sekolah\import_url_kabupaten.pyw", line 388, in process_url_induk
    raise Exception("Failed to setup driver")
Exception: Failed to setup driver
2025-10-26 20:36:16,384 - INFO - Retry attempt 37/300...
2025-10-26 20:36:31,399 - INFO - Setting up Chrome driver...
2025-10-26 20:36:31,399 - INFO - Using profile directory: C:\laragon\www\dapokalsel\chrome_profile
2025-10-26 20:36:31,400 - INFO - Initializing undetected Chrome driver...
2025-10-26 20:36:34,467 - INFO - patching driver executable C:\laragon\www\dapokalsel\sekolah\~\appdata\roaming\undetected_chromedriver\undetected_chromedriver.exe
2025-10-26 20:36:34,557 - ERROR - Failed to setup driver: Binary Location Must be a String
Traceback (most recent call last):
  File "C:\laragon\www\dapokalsel\sekolah\import_url_kabupaten.pyw", line 92, in setup_driver
    driver = uc.Chrome(
  File "C:\laragon\bin\python\python-3.10\lib\site-packages\undetected_chromedriver\__init__.py", line 372, in __init__
    options.binary_location = (
  File "C:\laragon\bin\python\python-3.10\lib\site-packages\selenium\webdriver\chromium\options.py", line 52, in binary_location
    raise TypeError(self.BINARY_LOCATION_ERROR)
TypeError: Binary Location Must be a String
2025-10-26 20:36:34,558 - ERROR - Error on attempt 37: Failed to setup driver
Traceback (most recent call last):
  File "C:\laragon\www\dapokalsel\sekolah\import_url_kabupaten.pyw", line 388, in process_url_induk
    raise Exception("Failed to setup driver")
Exception: Failed to setup driver
2025-10-26 20:36:34,558 - INFO - Retry attempt 38/300...
2025-10-26 20:36:49,559 - INFO - Setting up Chrome driver...
2025-10-26 20:36:49,559 - INFO - Using profile directory: C:\laragon\www\dapokalsel\chrome_profile
2025-10-26 20:36:49,560 - INFO - Initializing undetected Chrome driver...
2025-10-26 20:36:54,267 - INFO - patching driver executable C:\laragon\www\dapokalsel\sekolah\~\appdata\roaming\undetected_chromedriver\undetected_chromedriver.exe
2025-10-26 20:36:54,368 - ERROR - Failed to setup driver: Binary Location Must be a String
Traceback (most recent call last):
  File "C:\laragon\www\dapokalsel\sekolah\import_url_kabupaten.pyw", line 92, in setup_driver
    driver = uc.Chrome(
  File "C:\laragon\bin\python\python-3.10\lib\site-packages\undetected_chromedriver\__init__.py", line 372, in __init__
    options.binary_location = (
  File "C:\laragon\bin\python\python-3.10\lib\site-packages\selenium\webdriver\chromium\options.py", line 52, in binary_location
    raise TypeError(self.BINARY_LOCATION_ERROR)
TypeError: Binary Location Must be a String
2025-10-26 20:36:54,368 - ERROR - Error on attempt 38: Failed to setup driver
Traceback (most recent call last):
  File "C:\laragon\www\dapokalsel\sekolah\import_url_kabupaten.pyw", line 388, in process_url_induk
    raise Exception("Failed to setup driver")
Exception: Failed to setup driver
2025-10-26 20:36:54,369 - INFO - Retry attempt 39/300...
2025-10-26 20:37:09,382 - INFO - Setting up Chrome driver...
2025-10-26 20:37:09,385 - INFO - Using profile directory: C:\laragon\www\dapokalsel\chrome_profile
2025-10-26 20:37:09,385 - INFO - Initializing undetected Chrome driver...
2025-10-26 20:37:12,532 - INFO - patching driver executable C:\laragon\www\dapokalsel\sekolah\~\appdata\roaming\undetected_chromedriver\undetected_chromedriver.exe
2025-10-26 20:37:12,611 - ERROR - Failed to setup driver: Binary Location Must be a String
Traceback (most recent call last):
  File "C:\laragon\www\dapokalsel\sekolah\import_url_kabupaten.pyw", line 92, in setup_driver
    driver = uc.Chrome(
  File "C:\laragon\bin\python\python-3.10\lib\site-packages\undetected_chromedriver\__init__.py", line 372, in __init__
    options.binary_location = (
  File "C:\laragon\bin\python\python-3.10\lib\site-packages\selenium\webdriver\chromium\options.py", line 52, in binary_location
    raise TypeError(self.BINARY_LOCATION_ERROR)
TypeError: Binary Location Must be a String
2025-10-26 20:37:12,611 - ERROR - Error on attempt 39: Failed to setup driver
Traceback (most recent call last):
  File "C:\laragon\www\dapokalsel\sekolah\import_url_kabupaten.pyw", line 388, in process_url_induk
    raise Exception("Failed to setup driver")
Exception: Failed to setup driver
2025-10-26 20:37:12,612 - INFO - Retry attempt 40/300...
2025-10-26 20:37:27,612 - INFO - Setting up Chrome driver...
2025-10-26 20:37:27,613 - INFO - Using profile directory: C:\laragon\www\dapokalsel\chrome_profile
2025-10-26 20:37:27,613 - INFO - Initializing undetected Chrome driver...
2025-10-26 20:37:31,498 - INFO - patching driver executable C:\laragon\www\dapokalsel\sekolah\~\appdata\roaming\undetected_chromedriver\undetected_chromedriver.exe
2025-10-26 20:37:31,598 - ERROR - Failed to setup driver: Binary Location Must be a String
Traceback (most recent call last):
  File "C:\laragon\www\dapokalsel\sekolah\import_url_kabupaten.pyw", line 92, in setup_driver
    driver = uc.Chrome(
  File "C:\laragon\bin\python\python-3.10\lib\site-packages\undetected_chromedriver\__init__.py", line 372, in __init__
    options.binary_location = (
  File "C:\laragon\bin\python\python-3.10\lib\site-packages\selenium\webdriver\chromium\options.py", line 52, in binary_location
    raise TypeError(self.BINARY_LOCATION_ERROR)
TypeError: Binary Location Must be a String
2025-10-26 20:37:31,598 - ERROR - Error on attempt 40: Failed to setup driver
Traceback (most recent call last):
  File "C:\laragon\www\dapokalsel\sekolah\import_url_kabupaten.pyw", line 388, in process_url_induk
    raise Exception("Failed to setup driver")
Exception: Failed to setup driver
2025-10-26 20:37:31,598 - INFO - Retry attempt 41/300...
2025-10-26 20:37:46,598 - INFO - Setting up Chrome driver...
2025-10-26 20:37:46,599 - INFO - Using profile directory: C:\laragon\www\dapokalsel\chrome_profile
2025-10-26 20:37:46,599 - INFO - Initializing undetected Chrome driver...
2025-10-26 20:37:49,630 - INFO - patching driver executable C:\laragon\www\dapokalsel\sekolah\~\appdata\roaming\undetected_chromedriver\undetected_chromedriver.exe
2025-10-26 20:37:49,733 - ERROR - Failed to setup driver: Binary Location Must be a String
Traceback (most recent call last):
  File "C:\laragon\www\dapokalsel\sekolah\import_url_kabupaten.pyw", line 92, in setup_driver
    driver = uc.Chrome(
  File "C:\laragon\bin\python\python-3.10\lib\site-packages\undetected_chromedriver\__init__.py", line 372, in __init__
    options.binary_location = (
  File "C:\laragon\bin\python\python-3.10\lib\site-packages\selenium\webdriver\chromium\options.py", line 52, in binary_location
    raise TypeError(self.BINARY_LOCATION_ERROR)
TypeError: Binary Location Must be a String
2025-10-26 20:37:49,733 - ERROR - Error on attempt 41: Failed to setup driver
Traceback (most recent call last):
  File "C:\laragon\www\dapokalsel\sekolah\import_url_kabupaten.pyw", line 388, in process_url_induk
    raise Exception("Failed to setup driver")
Exception: Failed to setup driver
2025-10-26 20:37:49,734 - INFO - Retry attempt 42/300...
2025-10-26 20:38:04,744 - INFO - Setting up Chrome driver...
2025-10-26 20:38:04,745 - INFO - Using profile directory: C:\laragon\www\dapokalsel\chrome_profile
2025-10-26 20:38:04,745 - INFO - Initializing undetected Chrome driver...
2025-10-26 20:38:07,796 - INFO - patching driver executable C:\laragon\www\dapokalsel\sekolah\~\appdata\roaming\undetected_chromedriver\undetected_chromedriver.exe
2025-10-26 20:38:07,896 - ERROR - Failed to setup driver: Binary Location Must be a String
Traceback (most recent call last):
  File "C:\laragon\www\dapokalsel\sekolah\import_url_kabupaten.pyw", line 92, in setup_driver
    driver = uc.Chrome(
  File "C:\laragon\bin\python\python-3.10\lib\site-packages\undetected_chromedriver\__init__.py", line 372, in __init__
    options.binary_location = (
  File "C:\laragon\bin\python\python-3.10\lib\site-packages\selenium\webdriver\chromium\options.py", line 52, in binary_location
    raise TypeError(self.BINARY_LOCATION_ERROR)
TypeError: Binary Location Must be a String
2025-10-26 20:38:07,896 - ERROR - Error on attempt 42: Failed to setup driver
Traceback (most recent call last):
  File "C:\laragon\www\dapokalsel\sekolah\import_url_kabupaten.pyw", line 388, in process_url_induk
    raise Exception("Failed to setup driver")
Exception: Failed to setup driver
2025-10-26 20:38:07,896 - INFO - Retry attempt 43/300...
2025-10-26 20:38:22,897 - INFO - Setting up Chrome driver...
2025-10-26 20:38:22,897 - INFO - Using profile directory: C:\laragon\www\dapokalsel\chrome_profile
2025-10-26 20:38:22,897 - INFO - Initializing undetected Chrome driver...
2025-10-26 20:38:26,187 - INFO - patching driver executable C:\laragon\www\dapokalsel\sekolah\~\appdata\roaming\undetected_chromedriver\undetected_chromedriver.exe
2025-10-26 20:38:26,274 - ERROR - Failed to setup driver: Binary Location Must be a String
Traceback (most recent call last):
  File "C:\laragon\www\dapokalsel\sekolah\import_url_kabupaten.pyw", line 92, in setup_driver
    driver = uc.Chrome(
  File "C:\laragon\bin\python\python-3.10\lib\site-packages\undetected_chromedriver\__init__.py", line 372, in __init__
    options.binary_location = (
  File "C:\laragon\bin\python\python-3.10\lib\site-packages\selenium\webdriver\chromium\options.py", line 52, in binary_location
    raise TypeError(self.BINARY_LOCATION_ERROR)
TypeError: Binary Location Must be a String
2025-10-26 20:38:26,274 - ERROR - Error on attempt 43: Failed to setup driver
Traceback (most recent call last):
  File "C:\laragon\www\dapokalsel\sekolah\import_url_kabupaten.pyw", line 388, in process_url_induk
    raise Exception("Failed to setup driver")
Exception: Failed to setup driver
2025-10-26 20:38:26,275 - INFO - Retry attempt 44/300...
2025-10-26 20:38:41,276 - INFO - Setting up Chrome driver...
2025-10-26 20:38:41,277 - INFO - Using profile directory: C:\laragon\www\dapokalsel\chrome_profile
2025-10-26 20:38:41,277 - INFO - Initializing undetected Chrome driver...
2025-10-26 20:38:44,123 - INFO - patching driver executable C:\laragon\www\dapokalsel\sekolah\~\appdata\roaming\undetected_chromedriver\undetected_chromedriver.exe
2025-10-26 20:38:44,199 - ERROR - Failed to setup driver: Binary Location Must be a String
Traceback (most recent call last):
  File "C:\laragon\www\dapokalsel\sekolah\import_url_kabupaten.pyw", line 92, in setup_driver
    driver = uc.Chrome(
  File "C:\laragon\bin\python\python-3.10\lib\site-packages\undetected_chromedriver\__init__.py", line 372, in __init__
    options.binary_location = (
  File "C:\laragon\bin\python\python-3.10\lib\site-packages\selenium\webdriver\chromium\options.py", line 52, in binary_location
    raise TypeError(self.BINARY_LOCATION_ERROR)
TypeError: Binary Location Must be a String
2025-10-26 20:38:44,200 - ERROR - Error on attempt 44: Failed to setup driver
Traceback (most recent call last):
  File "C:\laragon\www\dapokalsel\sekolah\import_url_kabupaten.pyw", line 388, in process_url_induk
    raise Exception("Failed to setup driver")
Exception: Failed to setup driver
2025-10-26 20:38:44,200 - INFO - Retry attempt 45/300...
2025-10-26 20:38:59,200 - INFO - Setting up Chrome driver...
2025-10-26 20:38:59,200 - INFO - Using profile directory: C:\laragon\www\dapokalsel\chrome_profile
2025-10-26 20:38:59,200 - INFO - Initializing undetected Chrome driver...
2025-10-26 20:39:02,423 - INFO - patching driver executable C:\laragon\www\dapokalsel\sekolah\~\appdata\roaming\undetected_chromedriver\undetected_chromedriver.exe
2025-10-26 20:39:02,518 - ERROR - Failed to setup driver: Binary Location Must be a String
Traceback (most recent call last):
  File "C:\laragon\www\dapokalsel\sekolah\import_url_kabupaten.pyw", line 92, in setup_driver
    driver = uc.Chrome(
  File "C:\laragon\bin\python\python-3.10\lib\site-packages\undetected_chromedriver\__init__.py", line 372, in __init__
    options.binary_location = (
  File "C:\laragon\bin\python\python-3.10\lib\site-packages\selenium\webdriver\chromium\options.py", line 52, in binary_location
    raise TypeError(self.BINARY_LOCATION_ERROR)
TypeError: Binary Location Must be a String
2025-10-26 20:39:02,519 - ERROR - Error on attempt 45: Failed to setup driver
Traceback (most recent call last):
  File "C:\laragon\www\dapokalsel\sekolah\import_url_kabupaten.pyw", line 388, in process_url_induk
    raise Exception("Failed to setup driver")
Exception: Failed to setup driver
2025-10-26 20:39:02,519 - INFO - Retry attempt 46/300...
2025-10-26 20:39:17,519 - INFO - Setting up Chrome driver...
2025-10-26 20:39:17,519 - INFO - Using profile directory: C:\laragon\www\dapokalsel\chrome_profile
2025-10-26 20:39:17,519 - INFO - Initializing undetected Chrome driver...
2025-10-26 20:39:21,586 - INFO - patching driver executable C:\laragon\www\dapokalsel\sekolah\~\appdata\roaming\undetected_chromedriver\undetected_chromedriver.exe
2025-10-26 20:39:21,684 - ERROR - Failed to setup driver: Binary Location Must be a String
Traceback (most recent call last):
  File "C:\laragon\www\dapokalsel\sekolah\import_url_kabupaten.pyw", line 92, in setup_driver
    driver = uc.Chrome(
  File "C:\laragon\bin\python\python-3.10\lib\site-packages\undetected_chromedriver\__init__.py", line 372, in __init__
    options.binary_location = (
  File "C:\laragon\bin\python\python-3.10\lib\site-packages\selenium\webdriver\chromium\options.py", line 52, in binary_location
    raise TypeError(self.BINARY_LOCATION_ERROR)
TypeError: Binary Location Must be a String
2025-10-26 20:39:21,685 - ERROR - Error on attempt 46: Failed to setup driver
Traceback (most recent call last):
  File "C:\laragon\www\dapokalsel\sekolah\import_url_kabupaten.pyw", line 388, in process_url_induk
    raise Exception("Failed to setup driver")
Exception: Failed to setup driver
2025-10-26 20:39:21,686 - INFO - Retry attempt 47/300...
2025-10-26 20:39:36,686 - INFO - Setting up Chrome driver...
2025-10-26 20:39:36,686 - INFO - Using profile directory: C:\laragon\www\dapokalsel\chrome_profile
2025-10-26 20:39:36,686 - INFO - Initializing undetected Chrome driver...
2025-10-26 20:39:41,619 - INFO - patching driver executable C:\laragon\www\dapokalsel\sekolah\~\appdata\roaming\undetected_chromedriver\undetected_chromedriver.exe
2025-10-26 20:39:41,721 - ERROR - Failed to setup driver: Binary Location Must be a String
Traceback (most recent call last):
  File "C:\laragon\www\dapokalsel\sekolah\import_url_kabupaten.pyw", line 92, in setup_driver
    driver = uc.Chrome(
  File "C:\laragon\bin\python\python-3.10\lib\site-packages\undetected_chromedriver\__init__.py", line 372, in __init__
    options.binary_location = (
  File "C:\laragon\bin\python\python-3.10\lib\site-packages\selenium\webdriver\chromium\options.py", line 52, in binary_location
    raise TypeError(self.BINARY_LOCATION_ERROR)
TypeError: Binary Location Must be a String
2025-10-26 20:39:41,723 - ERROR - Error on attempt 47: Failed to setup driver
Traceback (most recent call last):
  File "C:\laragon\www\dapokalsel\sekolah\import_url_kabupaten.pyw", line 388, in process_url_induk
    raise Exception("Failed to setup driver")
Exception: Failed to setup driver
2025-10-26 20:39:41,723 - INFO - Retry attempt 48/300...
2025-10-26 20:39:56,723 - INFO - Setting up Chrome driver...
2025-10-26 20:39:56,723 - INFO - Using profile directory: C:\laragon\www\dapokalsel\chrome_profile
2025-10-26 20:39:56,723 - INFO - Initializing undetected Chrome driver...
2025-10-26 20:39:59,997 - INFO - patching driver executable C:\laragon\www\dapokalsel\sekolah\~\appdata\roaming\undetected_chromedriver\undetected_chromedriver.exe
2025-10-26 20:40:00,093 - ERROR - Failed to setup driver: Binary Location Must be a String
Traceback (most recent call last):
  File "C:\laragon\www\dapokalsel\sekolah\import_url_kabupaten.pyw", line 92, in setup_driver
    driver = uc.Chrome(
  File "C:\laragon\bin\python\python-3.10\lib\site-packages\undetected_chromedriver\__init__.py", line 372, in __init__
    options.binary_location = (
  File "C:\laragon\bin\python\python-3.10\lib\site-packages\selenium\webdriver\chromium\options.py", line 52, in binary_location
    raise TypeError(self.BINARY_LOCATION_ERROR)
TypeError: Binary Location Must be a String
2025-10-26 20:40:00,094 - ERROR - Error on attempt 48: Failed to setup driver
Traceback (most recent call last):
  File "C:\laragon\www\dapokalsel\sekolah\import_url_kabupaten.pyw", line 388, in process_url_induk
    raise Exception("Failed to setup driver")
Exception: Failed to setup driver
2025-10-26 20:40:00,094 - INFO - Retry attempt 49/300...
2025-10-26 20:40:15,095 - INFO - Setting up Chrome driver...
2025-10-26 20:40:15,095 - INFO - Using profile directory: C:\laragon\www\dapokalsel\chrome_profile
2025-10-26 20:40:15,095 - INFO - Initializing undetected Chrome driver...
2025-10-26 20:40:20,235 - INFO - patching driver executable C:\laragon\www\dapokalsel\sekolah\~\appdata\roaming\undetected_chromedriver\undetected_chromedriver.exe
2025-10-26 20:40:20,297 - ERROR - Failed to setup driver: Binary Location Must be a String
Traceback (most recent call last):
  File "C:\laragon\www\dapokalsel\sekolah\import_url_kabupaten.pyw", line 92, in setup_driver
    driver = uc.Chrome(
  File "C:\laragon\bin\python\python-3.10\lib\site-packages\undetected_chromedriver\__init__.py", line 372, in __init__
    options.binary_location = (
  File "C:\laragon\bin\python\python-3.10\lib\site-packages\selenium\webdriver\chromium\options.py", line 52, in binary_location
    raise TypeError(self.BINARY_LOCATION_ERROR)
TypeError: Binary Location Must be a String
2025-10-26 20:40:20,297 - ERROR - Error on attempt 49: Failed to setup driver
Traceback (most recent call last):
  File "C:\laragon\www\dapokalsel\sekolah\import_url_kabupaten.pyw", line 388, in process_url_induk
    raise Exception("Failed to setup driver")
Exception: Failed to setup driver
2025-10-26 20:40:20,297 - INFO - Retry attempt 50/300...
2025-10-26 20:40:35,297 - INFO - Setting up Chrome driver...
2025-10-26 20:40:35,298 - INFO - Using profile directory: C:\laragon\www\dapokalsel\chrome_profile
2025-10-26 20:40:35,298 - INFO - Initializing undetected Chrome driver...
2025-10-26 20:40:39,407 - INFO - patching driver executable C:\laragon\www\dapokalsel\sekolah\~\appdata\roaming\undetected_chromedriver\undetected_chromedriver.exe
2025-10-26 20:40:39,485 - ERROR - Failed to setup driver: Binary Location Must be a String
Traceback (most recent call last):
  File "C:\laragon\www\dapokalsel\sekolah\import_url_kabupaten.pyw", line 92, in setup_driver
    driver = uc.Chrome(
  File "C:\laragon\bin\python\python-3.10\lib\site-packages\undetected_chromedriver\__init__.py", line 372, in __init__
    options.binary_location = (
  File "C:\laragon\bin\python\python-3.10\lib\site-packages\selenium\webdriver\chromium\options.py", line 52, in binary_location
    raise TypeError(self.BINARY_LOCATION_ERROR)
TypeError: Binary Location Must be a String
2025-10-26 20:40:39,485 - ERROR - Error on attempt 50: Failed to setup driver
Traceback (most recent call last):
  File "C:\laragon\www\dapokalsel\sekolah\import_url_kabupaten.pyw", line 388, in process_url_induk
    raise Exception("Failed to setup driver")
Exception: Failed to setup driver
2025-10-26 20:40:39,485 - INFO - Retry attempt 51/300...
2025-10-26 20:40:54,498 - INFO - Setting up Chrome driver...
2025-10-26 20:40:54,499 - INFO - Using profile directory: C:\laragon\www\dapokalsel\chrome_profile
2025-10-26 20:40:54,500 - INFO - Initializing undetected Chrome driver...
2025-10-26 20:40:58,751 - INFO - patching driver executable C:\laragon\www\dapokalsel\sekolah\~\appdata\roaming\undetected_chromedriver\undetected_chromedriver.exe
2025-10-26 20:40:58,820 - ERROR - Failed to setup driver: Binary Location Must be a String
Traceback (most recent call last):
  File "C:\laragon\www\dapokalsel\sekolah\import_url_kabupaten.pyw", line 92, in setup_driver
    driver = uc.Chrome(
  File "C:\laragon\bin\python\python-3.10\lib\site-packages\undetected_chromedriver\__init__.py", line 372, in __init__
    options.binary_location = (
  File "C:\laragon\bin\python\python-3.10\lib\site-packages\selenium\webdriver\chromium\options.py", line 52, in binary_location
    raise TypeError(self.BINARY_LOCATION_ERROR)
TypeError: Binary Location Must be a String
2025-10-26 20:40:58,820 - ERROR - Error on attempt 51: Failed to setup driver
Traceback (most recent call last):
  File "C:\laragon\www\dapokalsel\sekolah\import_url_kabupaten.pyw", line 388, in process_url_induk
    raise Exception("Failed to setup driver")
Exception: Failed to setup driver
2025-10-26 20:40:58,820 - INFO - Retry attempt 52/300...
2025-10-26 20:41:13,821 - INFO - Setting up Chrome driver...
2025-10-26 20:41:13,822 - INFO - Using profile directory: C:\laragon\www\dapokalsel\chrome_profile
2025-10-26 20:41:13,822 - INFO - Initializing undetected Chrome driver...
2025-10-26 20:41:18,499 - INFO - patching driver executable C:\laragon\www\dapokalsel\sekolah\~\appdata\roaming\undetected_chromedriver\undetected_chromedriver.exe
2025-10-26 20:41:18,578 - ERROR - Failed to setup driver: Binary Location Must be a String
Traceback (most recent call last):
  File "C:\laragon\www\dapokalsel\sekolah\import_url_kabupaten.pyw", line 92, in setup_driver
    driver = uc.Chrome(
  File "C:\laragon\bin\python\python-3.10\lib\site-packages\undetected_chromedriver\__init__.py", line 372, in __init__
    options.binary_location = (
  File "C:\laragon\bin\python\python-3.10\lib\site-packages\selenium\webdriver\chromium\options.py", line 52, in binary_location
    raise TypeError(self.BINARY_LOCATION_ERROR)
TypeError: Binary Location Must be a String
2025-10-26 20:41:18,578 - ERROR - Error on attempt 52: Failed to setup driver
Traceback (most recent call last):
  File "C:\laragon\www\dapokalsel\sekolah\import_url_kabupaten.pyw", line 388, in process_url_induk
    raise Exception("Failed to setup driver")
Exception: Failed to setup driver
2025-10-26 20:41:18,578 - INFO - Retry attempt 53/300...
2025-10-26 20:41:33,578 - INFO - Setting up Chrome driver...
2025-10-26 20:41:33,578 - INFO - Using profile directory: C:\laragon\www\dapokalsel\chrome_profile
2025-10-26 20:41:33,578 - INFO - Initializing undetected Chrome driver...
2025-10-26 20:41:37,120 - INFO - patching driver executable C:\laragon\www\dapokalsel\sekolah\~\appdata\roaming\undetected_chromedriver\undetected_chromedriver.exe
2025-10-26 20:41:37,233 - ERROR - Failed to setup driver: Binary Location Must be a String
Traceback (most recent call last):
  File "C:\laragon\www\dapokalsel\sekolah\import_url_kabupaten.pyw", line 92, in setup_driver
    driver = uc.Chrome(
  File "C:\laragon\bin\python\python-3.10\lib\site-packages\undetected_chromedriver\__init__.py", line 372, in __init__
    options.binary_location = (
  File "C:\laragon\bin\python\python-3.10\lib\site-packages\selenium\webdriver\chromium\options.py", line 52, in binary_location
    raise TypeError(self.BINARY_LOCATION_ERROR)
TypeError: Binary Location Must be a String
2025-10-26 20:41:37,234 - ERROR - Error on attempt 53: Failed to setup driver
Traceback (most recent call last):
  File "C:\laragon\www\dapokalsel\sekolah\import_url_kabupaten.pyw", line 388, in process_url_induk
    raise Exception("Failed to setup driver")
Exception: Failed to setup driver
2025-10-26 20:41:37,234 - INFO - Retry attempt 54/300...
2025-10-26 20:41:52,234 - INFO - Setting up Chrome driver...
2025-10-26 20:41:52,234 - INFO - Using profile directory: C:\laragon\www\dapokalsel\chrome_profile
2025-10-26 20:41:52,234 - INFO - Initializing undetected Chrome driver...
2025-10-26 20:41:56,286 - INFO - patching driver executable C:\laragon\www\dapokalsel\sekolah\~\appdata\roaming\undetected_chromedriver\undetected_chromedriver.exe
2025-10-26 20:41:56,364 - ERROR - Failed to setup driver: Binary Location Must be a String
Traceback (most recent call last):
  File "C:\laragon\www\dapokalsel\sekolah\import_url_kabupaten.pyw", line 92, in setup_driver
    driver = uc.Chrome(
  File "C:\laragon\bin\python\python-3.10\lib\site-packages\undetected_chromedriver\__init__.py", line 372, in __init__
    options.binary_location = (
  File "C:\laragon\bin\python\python-3.10\lib\site-packages\selenium\webdriver\chromium\options.py", line 52, in binary_location
    raise TypeError(self.BINARY_LOCATION_ERROR)
TypeError: Binary Location Must be a String
2025-10-26 20:41:56,365 - ERROR - Error on attempt 54: Failed to setup driver
Traceback (most recent call last):
  File "C:\laragon\www\dapokalsel\sekolah\import_url_kabupaten.pyw", line 388, in process_url_induk
    raise Exception("Failed to setup driver")
Exception: Failed to setup driver
2025-10-26 20:41:56,365 - INFO - Retry attempt 55/300...
2025-10-26 20:42:11,378 - INFO - Setting up Chrome driver...
2025-10-26 20:42:11,378 - INFO - Using profile directory: C:\laragon\www\dapokalsel\chrome_profile
2025-10-26 20:42:11,378 - INFO - Initializing undetected Chrome driver...
2025-10-26 20:42:14,559 - INFO - patching driver executable C:\laragon\www\dapokalsel\sekolah\~\appdata\roaming\undetected_chromedriver\undetected_chromedriver.exe
2025-10-26 20:42:14,770 - ERROR - Failed to setup driver: Binary Location Must be a String
Traceback (most recent call last):
  File "C:\laragon\www\dapokalsel\sekolah\import_url_kabupaten.pyw", line 92, in setup_driver
    driver = uc.Chrome(
  File "C:\laragon\bin\python\python-3.10\lib\site-packages\undetected_chromedriver\__init__.py", line 372, in __init__
    options.binary_location = (
  File "C:\laragon\bin\python\python-3.10\lib\site-packages\selenium\webdriver\chromium\options.py", line 52, in binary_location
    raise TypeError(self.BINARY_LOCATION_ERROR)
TypeError: Binary Location Must be a String
2025-10-26 20:42:14,771 - ERROR - Error on attempt 55: Failed to setup driver
Traceback (most recent call last):
  File "C:\laragon\www\dapokalsel\sekolah\import_url_kabupaten.pyw", line 388, in process_url_induk
    raise Exception("Failed to setup driver")
Exception: Failed to setup driver
2025-10-26 20:42:14,771 - INFO - Retry attempt 56/300...
2025-10-26 20:42:29,771 - INFO - Setting up Chrome driver...
2025-10-26 20:42:29,771 - INFO - Using profile directory: C:\laragon\www\dapokalsel\chrome_profile
2025-10-26 20:42:29,771 - INFO - Initializing undetected Chrome driver...
2025-10-26 20:42:34,345 - INFO - patching driver executable C:\laragon\www\dapokalsel\sekolah\~\appdata\roaming\undetected_chromedriver\undetected_chromedriver.exe
2025-10-26 20:42:34,438 - ERROR - Failed to setup driver: Binary Location Must be a String
Traceback (most recent call last):
  File "C:\laragon\www\dapokalsel\sekolah\import_url_kabupaten.pyw", line 92, in setup_driver
    driver = uc.Chrome(
  File "C:\laragon\bin\python\python-3.10\lib\site-packages\undetected_chromedriver\__init__.py", line 372, in __init__
    options.binary_location = (
  File "C:\laragon\bin\python\python-3.10\lib\site-packages\selenium\webdriver\chromium\options.py", line 52, in binary_location
    raise TypeError(self.BINARY_LOCATION_ERROR)
TypeError: Binary Location Must be a String
2025-10-26 20:42:34,438 - ERROR - Error on attempt 56: Failed to setup driver
Traceback (most recent call last):
  File "C:\laragon\www\dapokalsel\sekolah\import_url_kabupaten.pyw", line 388, in process_url_induk
    raise Exception("Failed to setup driver")
Exception: Failed to setup driver
2025-10-26 20:42:34,438 - INFO - Retry attempt 57/300...
2025-10-26 20:42:49,448 - INFO - Setting up Chrome driver...
2025-10-26 20:42:49,448 - INFO - Using profile directory: C:\laragon\www\dapokalsel\chrome_profile
2025-10-26 20:42:49,448 - INFO - Initializing undetected Chrome driver...
2025-10-26 20:42:53,211 - INFO - patching driver executable C:\laragon\www\dapokalsel\sekolah\~\appdata\roaming\undetected_chromedriver\undetected_chromedriver.exe
2025-10-26 20:42:53,343 - ERROR - Failed to setup driver: Binary Location Must be a String
Traceback (most recent call last):
  File "C:\laragon\www\dapokalsel\sekolah\import_url_kabupaten.pyw", line 92, in setup_driver
    driver = uc.Chrome(
  File "C:\laragon\bin\python\python-3.10\lib\site-packages\undetected_chromedriver\__init__.py", line 372, in __init__
    options.binary_location = (
  File "C:\laragon\bin\python\python-3.10\lib\site-packages\selenium\webdriver\chromium\options.py", line 52, in binary_location
    raise TypeError(self.BINARY_LOCATION_ERROR)
TypeError: Binary Location Must be a String
2025-10-26 20:42:53,343 - ERROR - Error on attempt 57: Failed to setup driver
Traceback (most recent call last):
  File "C:\laragon\www\dapokalsel\sekolah\import_url_kabupaten.pyw", line 388, in process_url_induk
    raise Exception("Failed to setup driver")
Exception: Failed to setup driver
2025-10-26 20:42:53,343 - INFO - Retry attempt 58/300...
2025-10-26 20:43:08,348 - INFO - Setting up Chrome driver...
2025-10-26 20:43:08,350 - INFO - Using profile directory: C:\laragon\www\dapokalsel\chrome_profile
2025-10-26 20:43:08,350 - INFO - Initializing undetected Chrome driver...
2025-10-26 20:43:13,344 - INFO - patching driver executable C:\laragon\www\dapokalsel\sekolah\~\appdata\roaming\undetected_chromedriver\undetected_chromedriver.exe
2025-10-26 20:43:13,457 - ERROR - Failed to setup driver: Binary Location Must be a String
Traceback (most recent call last):
  File "C:\laragon\www\dapokalsel\sekolah\import_url_kabupaten.pyw", line 92, in setup_driver
    driver = uc.Chrome(
  File "C:\laragon\bin\python\python-3.10\lib\site-packages\undetected_chromedriver\__init__.py", line 372, in __init__
    options.binary_location = (
  File "C:\laragon\bin\python\python-3.10\lib\site-packages\selenium\webdriver\chromium\options.py", line 52, in binary_location
    raise TypeError(self.BINARY_LOCATION_ERROR)
TypeError: Binary Location Must be a String
2025-10-26 20:43:13,458 - ERROR - Error on attempt 58: Failed to setup driver
Traceback (most recent call last):
  File "C:\laragon\www\dapokalsel\sekolah\import_url_kabupaten.pyw", line 388, in process_url_induk
    raise Exception("Failed to setup driver")
Exception: Failed to setup driver
2025-10-26 20:43:13,458 - INFO - Retry attempt 59/300...
2025-10-26 20:43:28,464 - INFO - Setting up Chrome driver...
2025-10-26 20:43:28,464 - INFO - Using profile directory: C:\laragon\www\dapokalsel\chrome_profile
2025-10-26 20:43:28,464 - INFO - Initializing undetected Chrome driver...
2025-10-26 20:43:34,273 - INFO - patching driver executable C:\laragon\www\dapokalsel\sekolah\~\appdata\roaming\undetected_chromedriver\undetected_chromedriver.exe
2025-10-26 20:43:34,380 - ERROR - Failed to setup driver: Binary Location Must be a String
Traceback (most recent call last):
  File "C:\laragon\www\dapokalsel\sekolah\import_url_kabupaten.pyw", line 92, in setup_driver
    driver = uc.Chrome(
  File "C:\laragon\bin\python\python-3.10\lib\site-packages\undetected_chromedriver\__init__.py", line 372, in __init__
    options.binary_location = (
  File "C:\laragon\bin\python\python-3.10\lib\site-packages\selenium\webdriver\chromium\options.py", line 52, in binary_location
    raise TypeError(self.BINARY_LOCATION_ERROR)
TypeError: Binary Location Must be a String
2025-10-26 20:43:34,380 - ERROR - Error on attempt 59: Failed to setup driver
Traceback (most recent call last):
  File "C:\laragon\www\dapokalsel\sekolah\import_url_kabupaten.pyw", line 388, in process_url_induk
    raise Exception("Failed to setup driver")
Exception: Failed to setup driver
2025-10-26 20:43:34,381 - INFO - Retry attempt 60/300...
2025-10-26 20:43:49,382 - INFO - Setting up Chrome driver...
2025-10-26 20:43:49,382 - INFO - Using profile directory: C:\laragon\www\dapokalsel\chrome_profile
2025-10-26 20:43:49,382 - INFO - Initializing undetected Chrome driver...
2025-10-26 20:43:53,136 - INFO - patching driver executable C:\laragon\www\dapokalsel\sekolah\~\appdata\roaming\undetected_chromedriver\undetected_chromedriver.exe
2025-10-26 20:43:53,224 - ERROR - Failed to setup driver: Binary Location Must be a String
Traceback (most recent call last):
  File "C:\laragon\www\dapokalsel\sekolah\import_url_kabupaten.pyw", line 92, in setup_driver
    driver = uc.Chrome(
  File "C:\laragon\bin\python\python-3.10\lib\site-packages\undetected_chromedriver\__init__.py", line 372, in __init__
    options.binary_location = (
  File "C:\laragon\bin\python\python-3.10\lib\site-packages\selenium\webdriver\chromium\options.py", line 52, in binary_location
    raise TypeError(self.BINARY_LOCATION_ERROR)
TypeError: Binary Location Must be a String
2025-10-26 20:43:53,227 - ERROR - Error on attempt 60: Failed to setup driver
Traceback (most recent call last):
  File "C:\laragon\www\dapokalsel\sekolah\import_url_kabupaten.pyw", line 388, in process_url_induk
    raise Exception("Failed to setup driver")
Exception: Failed to setup driver
2025-10-26 20:43:53,227 - INFO - Retry attempt 61/300...
2025-10-26 20:44:08,228 - INFO - Setting up Chrome driver...
2025-10-26 20:44:08,228 - INFO - Using profile directory: C:\laragon\www\dapokalsel\chrome_profile
2025-10-26 20:44:08,229 - INFO - Initializing undetected Chrome driver...
2025-10-26 20:44:11,285 - INFO - patching driver executable C:\laragon\www\dapokalsel\sekolah\~\appdata\roaming\undetected_chromedriver\undetected_chromedriver.exe
2025-10-26 20:44:11,402 - ERROR - Failed to setup driver: Binary Location Must be a String
Traceback (most recent call last):
  File "C:\laragon\www\dapokalsel\sekolah\import_url_kabupaten.pyw", line 92, in setup_driver
    driver = uc.Chrome(
  File "C:\laragon\bin\python\python-3.10\lib\site-packages\undetected_chromedriver\__init__.py", line 372, in __init__
    options.binary_location = (
  File "C:\laragon\bin\python\python-3.10\lib\site-packages\selenium\webdriver\chromium\options.py", line 52, in binary_location
    raise TypeError(self.BINARY_LOCATION_ERROR)
TypeError: Binary Location Must be a String
2025-10-26 20:44:11,402 - ERROR - Error on attempt 61: Failed to setup driver
Traceback (most recent call last):
  File "C:\laragon\www\dapokalsel\sekolah\import_url_kabupaten.pyw", line 388, in process_url_induk
    raise Exception("Failed to setup driver")
Exception: Failed to setup driver
2025-10-26 20:44:11,403 - INFO - Retry attempt 62/300...
2025-10-26 20:44:26,403 - INFO - Setting up Chrome driver...
2025-10-26 20:44:26,403 - INFO - Using profile directory: C:\laragon\www\dapokalsel\chrome_profile
2025-10-26 20:44:26,403 - INFO - Initializing undetected Chrome driver...
2025-10-26 20:44:30,964 - INFO - patching driver executable C:\laragon\www\dapokalsel\sekolah\~\appdata\roaming\undetected_chromedriver\undetected_chromedriver.exe
2025-10-26 20:44:31,077 - ERROR - Failed to setup driver: Binary Location Must be a String
Traceback (most recent call last):
  File "C:\laragon\www\dapokalsel\sekolah\import_url_kabupaten.pyw", line 92, in setup_driver
    driver = uc.Chrome(
  File "C:\laragon\bin\python\python-3.10\lib\site-packages\undetected_chromedriver\__init__.py", line 372, in __init__
    options.binary_location = (
  File "C:\laragon\bin\python\python-3.10\lib\site-packages\selenium\webdriver\chromium\options.py", line 52, in binary_location
    raise TypeError(self.BINARY_LOCATION_ERROR)
TypeError: Binary Location Must be a String
2025-10-26 20:44:31,077 - ERROR - Error on attempt 62: Failed to setup driver
Traceback (most recent call last):
  File "C:\laragon\www\dapokalsel\sekolah\import_url_kabupaten.pyw", line 388, in process_url_induk
    raise Exception("Failed to setup driver")
Exception: Failed to setup driver
2025-10-26 20:44:31,078 - INFO - Retry attempt 63/300...
2025-10-26 20:44:46,113 - INFO - Setting up Chrome driver...
2025-10-26 20:44:46,115 - INFO - Using profile directory: C:\laragon\www\dapokalsel\chrome_profile
2025-10-26 20:44:46,115 - INFO - Initializing undetected Chrome driver...
2025-10-26 20:44:50,467 - INFO - patching driver executable C:\laragon\www\dapokalsel\sekolah\~\appdata\roaming\undetected_chromedriver\undetected_chromedriver.exe
2025-10-26 20:44:50,571 - ERROR - Failed to setup driver: Binary Location Must be a String
Traceback (most recent call last):
  File "C:\laragon\www\dapokalsel\sekolah\import_url_kabupaten.pyw", line 92, in setup_driver
    driver = uc.Chrome(
  File "C:\laragon\bin\python\python-3.10\lib\site-packages\undetected_chromedriver\__init__.py", line 372, in __init__
    options.binary_location = (
  File "C:\laragon\bin\python\python-3.10\lib\site-packages\selenium\webdriver\chromium\options.py", line 52, in binary_location
    raise TypeError(self.BINARY_LOCATION_ERROR)
TypeError: Binary Location Must be a String
2025-10-26 20:44:50,571 - ERROR - Error on attempt 63: Failed to setup driver
Traceback (most recent call last):
  File "C:\laragon\www\dapokalsel\sekolah\import_url_kabupaten.pyw", line 388, in process_url_induk
    raise Exception("Failed to setup driver")
Exception: Failed to setup driver
2025-10-26 20:44:50,571 - INFO - Retry attempt 64/300...
2025-10-26 20:45:05,571 - INFO - Setting up Chrome driver...
2025-10-26 20:45:05,573 - INFO - Using profile directory: C:\laragon\www\dapokalsel\chrome_profile
2025-10-26 20:45:05,574 - INFO - Initializing undetected Chrome driver...
2025-10-26 20:45:08,636 - INFO - patching driver executable C:\laragon\www\dapokalsel\sekolah\~\appdata\roaming\undetected_chromedriver\undetected_chromedriver.exe
2025-10-26 20:45:08,755 - ERROR - Failed to setup driver: Binary Location Must be a String
Traceback (most recent call last):
  File "C:\laragon\www\dapokalsel\sekolah\import_url_kabupaten.pyw", line 92, in setup_driver
    driver = uc.Chrome(
  File "C:\laragon\bin\python\python-3.10\lib\site-packages\undetected_chromedriver\__init__.py", line 372, in __init__
    options.binary_location = (
  File "C:\laragon\bin\python\python-3.10\lib\site-packages\selenium\webdriver\chromium\options.py", line 52, in binary_location
    raise TypeError(self.BINARY_LOCATION_ERROR)
TypeError: Binary Location Must be a String
2025-10-26 20:45:08,755 - ERROR - Error on attempt 64: Failed to setup driver
Traceback (most recent call last):
  File "C:\laragon\www\dapokalsel\sekolah\import_url_kabupaten.pyw", line 388, in process_url_induk
    raise Exception("Failed to setup driver")
Exception: Failed to setup driver
2025-10-26 20:45:08,755 - INFO - Retry attempt 65/300...
2025-10-26 20:45:23,769 - INFO - Setting up Chrome driver...
2025-10-26 20:45:23,769 - INFO - Using profile directory: C:\laragon\www\dapokalsel\chrome_profile
2025-10-26 20:45:23,769 - INFO - Initializing undetected Chrome driver...
2025-10-26 20:45:29,517 - INFO - patching driver executable C:\laragon\www\dapokalsel\sekolah\~\appdata\roaming\undetected_chromedriver\undetected_chromedriver.exe
2025-10-26 20:45:29,590 - ERROR - Failed to setup driver: Binary Location Must be a String
Traceback (most recent call last):
  File "C:\laragon\www\dapokalsel\sekolah\import_url_kabupaten.pyw", line 92, in setup_driver
    driver = uc.Chrome(
  File "C:\laragon\bin\python\python-3.10\lib\site-packages\undetected_chromedriver\__init__.py", line 372, in __init__
    options.binary_location = (
  File "C:\laragon\bin\python\python-3.10\lib\site-packages\selenium\webdriver\chromium\options.py", line 52, in binary_location
    raise TypeError(self.BINARY_LOCATION_ERROR)
TypeError: Binary Location Must be a String
2025-10-26 20:45:29,590 - ERROR - Error on attempt 65: Failed to setup driver
Traceback (most recent call last):
  File "C:\laragon\www\dapokalsel\sekolah\import_url_kabupaten.pyw", line 388, in process_url_induk
    raise Exception("Failed to setup driver")
Exception: Failed to setup driver
2025-10-26 20:45:29,591 - INFO - Retry attempt 66/300...
2025-10-26 20:45:44,592 - INFO - Setting up Chrome driver...
2025-10-26 20:45:44,593 - INFO - Using profile directory: C:\laragon\www\dapokalsel\chrome_profile
2025-10-26 20:45:44,594 - INFO - Initializing undetected Chrome driver...
2025-10-26 20:45:51,497 - INFO - patching driver executable C:\laragon\www\dapokalsel\sekolah\~\appdata\roaming\undetected_chromedriver\undetected_chromedriver.exe
2025-10-26 20:45:51,587 - ERROR - Failed to setup driver: Binary Location Must be a String
Traceback (most recent call last):
  File "C:\laragon\www\dapokalsel\sekolah\import_url_kabupaten.pyw", line 92, in setup_driver
    driver = uc.Chrome(
  File "C:\laragon\bin\python\python-3.10\lib\site-packages\undetected_chromedriver\__init__.py", line 372, in __init__
    options.binary_location = (
  File "C:\laragon\bin\python\python-3.10\lib\site-packages\selenium\webdriver\chromium\options.py", line 52, in binary_location
    raise TypeError(self.BINARY_LOCATION_ERROR)
TypeError: Binary Location Must be a String
2025-10-26 20:45:51,587 - ERROR - Error on attempt 66: Failed to setup driver
Traceback (most recent call last):
  File "C:\laragon\www\dapokalsel\sekolah\import_url_kabupaten.pyw", line 388, in process_url_induk
    raise Exception("Failed to setup driver")
Exception: Failed to setup driver
2025-10-26 20:45:51,587 - INFO - Retry attempt 67/300...
2025-10-26 20:46:06,588 - INFO - Setting up Chrome driver...
2025-10-26 20:46:06,588 - INFO - Using profile directory: C:\laragon\www\dapokalsel\chrome_profile
2025-10-26 20:46:06,589 - INFO - Initializing undetected Chrome driver...
2025-10-26 20:46:11,280 - ERROR - Failed to setup driver: [WinError 183] Cannot create a file when that file already exists: 'C:\\laragon\\www\\dapokalsel\\sekolah\\~\\appdata\\roaming\\undetected_chromedriver\\undetected\\chromedriver-win32\\chromedriver.exe' -> 'C:\\laragon\\www\\dapokalsel\\sekolah\\~\\appdata\\roaming\\undetected_chromedriver\\undetected_chromedriver.exe'
Traceback (most recent call last):
  File "C:\laragon\www\dapokalsel\sekolah\import_url_kabupaten.pyw", line 92, in setup_driver
    driver = uc.Chrome(
  File "C:\laragon\bin\python\python-3.10\lib\site-packages\undetected_chromedriver\__init__.py", line 258, in __init__
    self.patcher.auto()
  File "C:\laragon\bin\python\python-3.10\lib\site-packages\undetected_chromedriver\patcher.py", line 178, in auto
    self.unzip_package(self.fetch_package())
  File "C:\laragon\bin\python\python-3.10\lib\site-packages\undetected_chromedriver\patcher.py", line 310, in unzip_package
    os.rename(os.path.join(self.zip_path, exe_path), self.executable_path)
FileExistsError: [WinError 183] Cannot create a file when that file already exists: 'C:\\laragon\\www\\dapokalsel\\sekolah\\~\\appdata\\roaming\\undetected_chromedriver\\undetected\\chromedriver-win32\\chromedriver.exe' -> 'C:\\laragon\\www\\dapokalsel\\sekolah\\~\\appdata\\roaming\\undetected_chromedriver\\undetected_chromedriver.exe'
2025-10-26 20:46:11,284 - ERROR - Error on attempt 67: Failed to setup driver
Traceback (most recent call last):
  File "C:\laragon\www\dapokalsel\sekolah\import_url_kabupaten.pyw", line 388, in process_url_induk
    raise Exception("Failed to setup driver")
Exception: Failed to setup driver
2025-10-26 20:46:11,284 - INFO - Retry attempt 68/300...
2025-10-26 20:46:26,284 - INFO - Setting up Chrome driver...
2025-10-26 20:46:26,287 - INFO - Using profile directory: C:\laragon\www\dapokalsel\chrome_profile
2025-10-26 20:46:26,288 - INFO - Initializing undetected Chrome driver...
2025-10-26 20:46:32,520 - INFO - patching driver executable C:\laragon\www\dapokalsel\sekolah\~\appdata\roaming\undetected_chromedriver\undetected_chromedriver.exe
2025-10-26 20:46:32,653 - ERROR - Failed to setup driver: Binary Location Must be a String
Traceback (most recent call last):
  File "C:\laragon\www\dapokalsel\sekolah\import_url_kabupaten.pyw", line 92, in setup_driver
    driver = uc.Chrome(
  File "C:\laragon\bin\python\python-3.10\lib\site-packages\undetected_chromedriver\__init__.py", line 372, in __init__
    options.binary_location = (
  File "C:\laragon\bin\python\python-3.10\lib\site-packages\selenium\webdriver\chromium\options.py", line 52, in binary_location
    raise TypeError(self.BINARY_LOCATION_ERROR)
TypeError: Binary Location Must be a String
2025-10-26 20:46:32,667 - ERROR - Error on attempt 68: Failed to setup driver
Traceback (most recent call last):
  File "C:\laragon\www\dapokalsel\sekolah\import_url_kabupaten.pyw", line 388, in process_url_induk
    raise Exception("Failed to setup driver")
Exception: Failed to setup driver
2025-10-26 20:46:32,668 - INFO - Retry attempt 69/300...
2025-10-26 20:46:47,668 - INFO - Setting up Chrome driver...
2025-10-26 20:46:47,668 - INFO - Using profile directory: C:\laragon\www\dapokalsel\chrome_profile
2025-10-26 20:46:47,668 - INFO - Initializing undetected Chrome driver...
2025-10-26 20:46:56,200 - ERROR - Failed to setup driver: [WinError 183] Cannot create a file when that file already exists: 'C:\\laragon\\www\\dapokalsel\\sekolah\\~\\appdata\\roaming\\undetected_chromedriver\\undetected\\chromedriver-win32\\chromedriver.exe' -> 'C:\\laragon\\www\\dapokalsel\\sekolah\\~\\appdata\\roaming\\undetected_chromedriver\\undetected_chromedriver.exe'
Traceback (most recent call last):
  File "C:\laragon\www\dapokalsel\sekolah\import_url_kabupaten.pyw", line 92, in setup_driver
    driver = uc.Chrome(
  File "C:\laragon\bin\python\python-3.10\lib\site-packages\undetected_chromedriver\__init__.py", line 258, in __init__
    self.patcher.auto()
  File "C:\laragon\bin\python\python-3.10\lib\site-packages\undetected_chromedriver\patcher.py", line 178, in auto
    self.unzip_package(self.fetch_package())
  File "C:\laragon\bin\python\python-3.10\lib\site-packages\undetected_chromedriver\patcher.py", line 310, in unzip_package
    os.rename(os.path.join(self.zip_path, exe_path), self.executable_path)
FileExistsError: [WinError 183] Cannot create a file when that file already exists: 'C:\\laragon\\www\\dapokalsel\\sekolah\\~\\appdata\\roaming\\undetected_chromedriver\\undetected\\chromedriver-win32\\chromedriver.exe' -> 'C:\\laragon\\www\\dapokalsel\\sekolah\\~\\appdata\\roaming\\undetected_chromedriver\\undetected_chromedriver.exe'
2025-10-26 20:46:56,200 - ERROR - Error on attempt 69: Failed to setup driver
Traceback (most recent call last):
  File "C:\laragon\www\dapokalsel\sekolah\import_url_kabupaten.pyw", line 388, in process_url_induk
    raise Exception("Failed to setup driver")
Exception: Failed to setup driver
2025-10-26 20:46:56,200 - INFO - Retry attempt 70/300...
2025-10-26 20:47:11,216 - INFO - Setting up Chrome driver...
2025-10-26 20:47:11,219 - INFO - Using profile directory: C:\laragon\www\dapokalsel\chrome_profile
2025-10-26 20:47:11,219 - INFO - Initializing undetected Chrome driver...
2025-10-26 20:47:18,204 - INFO - patching driver executable C:\laragon\www\dapokalsel\sekolah\~\appdata\roaming\undetected_chromedriver\undetected_chromedriver.exe
2025-10-26 20:47:18,282 - ERROR - Failed to setup driver: Binary Location Must be a String
Traceback (most recent call last):
  File "C:\laragon\www\dapokalsel\sekolah\import_url_kabupaten.pyw", line 92, in setup_driver
    driver = uc.Chrome(
  File "C:\laragon\bin\python\python-3.10\lib\site-packages\undetected_chromedriver\__init__.py", line 372, in __init__
    options.binary_location = (
  File "C:\laragon\bin\python\python-3.10\lib\site-packages\selenium\webdriver\chromium\options.py", line 52, in binary_location
    raise TypeError(self.BINARY_LOCATION_ERROR)
TypeError: Binary Location Must be a String
2025-10-26 20:47:18,282 - ERROR - Error on attempt 70: Failed to setup driver
Traceback (most recent call last):
  File "C:\laragon\www\dapokalsel\sekolah\import_url_kabupaten.pyw", line 388, in process_url_induk
    raise Exception("Failed to setup driver")
Exception: Failed to setup driver
2025-10-26 20:47:18,282 - INFO - Retry attempt 71/300...
2025-10-26 20:47:33,297 - INFO - Setting up Chrome driver...
2025-10-26 20:47:33,298 - INFO - Using profile directory: C:\laragon\www\dapokalsel\chrome_profile
2025-10-26 20:47:33,298 - INFO - Initializing undetected Chrome driver...
2025-10-26 20:47:40,334 - INFO - patching driver executable C:\laragon\www\dapokalsel\sekolah\~\appdata\roaming\undetected_chromedriver\undetected_chromedriver.exe
2025-10-26 20:47:40,415 - ERROR - Failed to setup driver: Binary Location Must be a String
Traceback (most recent call last):
  File "C:\laragon\www\dapokalsel\sekolah\import_url_kabupaten.pyw", line 92, in setup_driver
    driver = uc.Chrome(
  File "C:\laragon\bin\python\python-3.10\lib\site-packages\undetected_chromedriver\__init__.py", line 372, in __init__
    options.binary_location = (
  File "C:\laragon\bin\python\python-3.10\lib\site-packages\selenium\webdriver\chromium\options.py", line 52, in binary_location
    raise TypeError(self.BINARY_LOCATION_ERROR)
TypeError: Binary Location Must be a String
2025-10-26 20:47:40,415 - ERROR - Error on attempt 71: Failed to setup driver
Traceback (most recent call last):
  File "C:\laragon\www\dapokalsel\sekolah\import_url_kabupaten.pyw", line 388, in process_url_induk
    raise Exception("Failed to setup driver")
Exception: Failed to setup driver
2025-10-26 20:47:40,415 - INFO - Retry attempt 72/300...
2025-10-26 20:47:55,415 - INFO - Setting up Chrome driver...
2025-10-26 20:47:55,416 - INFO - Using profile directory: C:\laragon\www\dapokalsel\chrome_profile
2025-10-26 20:47:55,416 - INFO - Initializing undetected Chrome driver...
2025-10-26 20:48:00,452 - INFO - patching driver executable C:\laragon\www\dapokalsel\sekolah\~\appdata\roaming\undetected_chromedriver\undetected_chromedriver.exe
2025-10-26 20:48:00,563 - ERROR - Failed to setup driver: Binary Location Must be a String
Traceback (most recent call last):
  File "C:\laragon\www\dapokalsel\sekolah\import_url_kabupaten.pyw", line 92, in setup_driver
    driver = uc.Chrome(
  File "C:\laragon\bin\python\python-3.10\lib\site-packages\undetected_chromedriver\__init__.py", line 372, in __init__
    options.binary_location = (
  File "C:\laragon\bin\python\python-3.10\lib\site-packages\selenium\webdriver\chromium\options.py", line 52, in binary_location
    raise TypeError(self.BINARY_LOCATION_ERROR)
TypeError: Binary Location Must be a String
2025-10-26 20:48:00,563 - ERROR - Error on attempt 72: Failed to setup driver
Traceback (most recent call last):
  File "C:\laragon\www\dapokalsel\sekolah\import_url_kabupaten.pyw", line 388, in process_url_induk
    raise Exception("Failed to setup driver")
Exception: Failed to setup driver
2025-10-26 20:48:00,564 - INFO - Retry attempt 73/300...
2025-10-26 20:48:15,564 - INFO - Setting up Chrome driver...
2025-10-26 20:48:15,565 - INFO - Using profile directory: C:\laragon\www\dapokalsel\chrome_profile
2025-10-26 20:48:15,566 - INFO - Initializing undetected Chrome driver...
2025-10-26 20:48:20,778 - INFO - patching driver executable C:\laragon\www\dapokalsel\sekolah\~\appdata\roaming\undetected_chromedriver\undetected_chromedriver.exe
2025-10-26 20:48:20,872 - ERROR - Failed to setup driver: Binary Location Must be a String
Traceback (most recent call last):
  File "C:\laragon\www\dapokalsel\sekolah\import_url_kabupaten.pyw", line 92, in setup_driver
    driver = uc.Chrome(
  File "C:\laragon\bin\python\python-3.10\lib\site-packages\undetected_chromedriver\__init__.py", line 372, in __init__
    options.binary_location = (
  File "C:\laragon\bin\python\python-3.10\lib\site-packages\selenium\webdriver\chromium\options.py", line 52, in binary_location
    raise TypeError(self.BINARY_LOCATION_ERROR)
TypeError: Binary Location Must be a String
2025-10-26 20:48:20,873 - ERROR - Error on attempt 73: Failed to setup driver
Traceback (most recent call last):
  File "C:\laragon\www\dapokalsel\sekolah\import_url_kabupaten.pyw", line 388, in process_url_induk
    raise Exception("Failed to setup driver")
Exception: Failed to setup driver
2025-10-26 20:48:20,873 - INFO - Retry attempt 74/300...
2025-10-26 20:48:35,874 - INFO - Setting up Chrome driver...
2025-10-26 20:48:35,874 - INFO - Using profile directory: C:\laragon\www\dapokalsel\chrome_profile
2025-10-26 20:48:35,874 - INFO - Initializing undetected Chrome driver...
2025-10-26 20:48:46,461 - INFO - patching driver executable C:\laragon\www\dapokalsel\sekolah\~\appdata\roaming\undetected_chromedriver\undetected_chromedriver.exe
2025-10-26 20:48:46,581 - ERROR - Failed to setup driver: Binary Location Must be a String
Traceback (most recent call last):
  File "C:\laragon\www\dapokalsel\sekolah\import_url_kabupaten.pyw", line 92, in setup_driver
    driver = uc.Chrome(
  File "C:\laragon\bin\python\python-3.10\lib\site-packages\undetected_chromedriver\__init__.py", line 372, in __init__
    options.binary_location = (
  File "C:\laragon\bin\python\python-3.10\lib\site-packages\selenium\webdriver\chromium\options.py", line 52, in binary_location
    raise TypeError(self.BINARY_LOCATION_ERROR)
TypeError: Binary Location Must be a String
2025-10-26 20:48:46,581 - ERROR - Error on attempt 74: Failed to setup driver
Traceback (most recent call last):
  File "C:\laragon\www\dapokalsel\sekolah\import_url_kabupaten.pyw", line 388, in process_url_induk
    raise Exception("Failed to setup driver")
Exception: Failed to setup driver
2025-10-26 20:48:46,581 - INFO - Retry attempt 75/300...
2025-10-26 20:49:01,593 - INFO - Setting up Chrome driver...
2025-10-26 20:49:01,594 - INFO - Using profile directory: C:\laragon\www\dapokalsel\chrome_profile
2025-10-26 20:49:01,595 - INFO - Initializing undetected Chrome driver...
2025-10-26 20:49:05,993 - INFO - patching driver executable C:\laragon\www\dapokalsel\sekolah\~\appdata\roaming\undetected_chromedriver\undetected_chromedriver.exe
2025-10-26 20:49:06,093 - ERROR - Failed to setup driver: Binary Location Must be a String
Traceback (most recent call last):
  File "C:\laragon\www\dapokalsel\sekolah\import_url_kabupaten.pyw", line 92, in setup_driver
    driver = uc.Chrome(
  File "C:\laragon\bin\python\python-3.10\lib\site-packages\undetected_chromedriver\__init__.py", line 372, in __init__
    options.binary_location = (
  File "C:\laragon\bin\python\python-3.10\lib\site-packages\selenium\webdriver\chromium\options.py", line 52, in binary_location
    raise TypeError(self.BINARY_LOCATION_ERROR)
TypeError: Binary Location Must be a String
2025-10-26 20:49:06,093 - ERROR - Error on attempt 75: Failed to setup driver
Traceback (most recent call last):
  File "C:\laragon\www\dapokalsel\sekolah\import_url_kabupaten.pyw", line 388, in process_url_induk
    raise Exception("Failed to setup driver")
Exception: Failed to setup driver
2025-10-26 20:49:06,093 - INFO - Retry attempt 76/300...
2025-10-26 20:49:21,093 - INFO - Setting up Chrome driver...
2025-10-26 20:49:21,096 - INFO - Using profile directory: C:\laragon\www\dapokalsel\chrome_profile
2025-10-26 20:49:21,097 - INFO - Initializing undetected Chrome driver...
2025-10-26 20:49:25,104 - INFO - patching driver executable C:\laragon\www\dapokalsel\sekolah\~\appdata\roaming\undetected_chromedriver\undetected_chromedriver.exe
2025-10-26 20:49:25,192 - ERROR - Failed to setup driver: Binary Location Must be a String
Traceback (most recent call last):
  File "C:\laragon\www\dapokalsel\sekolah\import_url_kabupaten.pyw", line 92, in setup_driver
    driver = uc.Chrome(
  File "C:\laragon\bin\python\python-3.10\lib\site-packages\undetected_chromedriver\__init__.py", line 372, in __init__
    options.binary_location = (
  File "C:\laragon\bin\python\python-3.10\lib\site-packages\selenium\webdriver\chromium\options.py", line 52, in binary_location
    raise TypeError(self.BINARY_LOCATION_ERROR)
TypeError: Binary Location Must be a String
2025-10-26 20:49:25,192 - ERROR - Error on attempt 76: Failed to setup driver
Traceback (most recent call last):
  File "C:\laragon\www\dapokalsel\sekolah\import_url_kabupaten.pyw", line 388, in process_url_induk
    raise Exception("Failed to setup driver")
Exception: Failed to setup driver
2025-10-26 20:49:25,192 - INFO - Retry attempt 77/300...
2025-10-26 20:49:40,192 - INFO - Setting up Chrome driver...
2025-10-26 20:49:40,192 - INFO - Using profile directory: C:\laragon\www\dapokalsel\chrome_profile
2025-10-26 20:49:40,192 - INFO - Initializing undetected Chrome driver...
2025-10-26 20:49:45,941 - INFO - patching driver executable C:\laragon\www\dapokalsel\sekolah\~\appdata\roaming\undetected_chromedriver\undetected_chromedriver.exe
2025-10-26 20:49:46,024 - ERROR - Failed to setup driver: Binary Location Must be a String
Traceback (most recent call last):
  File "C:\laragon\www\dapokalsel\sekolah\import_url_kabupaten.pyw", line 92, in setup_driver
    driver = uc.Chrome(
  File "C:\laragon\bin\python\python-3.10\lib\site-packages\undetected_chromedriver\__init__.py", line 372, in __init__
    options.binary_location = (
  File "C:\laragon\bin\python\python-3.10\lib\site-packages\selenium\webdriver\chromium\options.py", line 52, in binary_location
    raise TypeError(self.BINARY_LOCATION_ERROR)
TypeError: Binary Location Must be a String
2025-10-26 20:49:46,024 - ERROR - Error on attempt 77: Failed to setup driver
Traceback (most recent call last):
  File "C:\laragon\www\dapokalsel\sekolah\import_url_kabupaten.pyw", line 388, in process_url_induk
    raise Exception("Failed to setup driver")
Exception: Failed to setup driver
2025-10-26 20:49:46,024 - INFO - Retry attempt 78/300...
2025-10-26 20:50:01,025 - INFO - Setting up Chrome driver...
2025-10-26 20:50:01,025 - INFO - Using profile directory: C:\laragon\www\dapokalsel\chrome_profile
2025-10-26 20:50:01,025 - INFO - Initializing undetected Chrome driver...
2025-10-26 20:50:04,941 - INFO - patching driver executable C:\laragon\www\dapokalsel\sekolah\~\appdata\roaming\undetected_chromedriver\undetected_chromedriver.exe
2025-10-26 20:50:05,046 - ERROR - Failed to setup driver: Binary Location Must be a String
Traceback (most recent call last):
  File "C:\laragon\www\dapokalsel\sekolah\import_url_kabupaten.pyw", line 92, in setup_driver
    driver = uc.Chrome(
  File "C:\laragon\bin\python\python-3.10\lib\site-packages\undetected_chromedriver\__init__.py", line 372, in __init__
    options.binary_location = (
  File "C:\laragon\bin\python\python-3.10\lib\site-packages\selenium\webdriver\chromium\options.py", line 52, in binary_location
    raise TypeError(self.BINARY_LOCATION_ERROR)
TypeError: Binary Location Must be a String
2025-10-26 20:50:05,046 - ERROR - Error on attempt 78: Failed to setup driver
Traceback (most recent call last):
  File "C:\laragon\www\dapokalsel\sekolah\import_url_kabupaten.pyw", line 388, in process_url_induk
    raise Exception("Failed to setup driver")
Exception: Failed to setup driver
2025-10-26 20:50:05,047 - INFO - Retry attempt 79/300...
2025-10-26 20:50:20,056 - INFO - Setting up Chrome driver...
2025-10-26 20:50:20,058 - INFO - Using profile directory: C:\laragon\www\dapokalsel\chrome_profile
2025-10-26 20:50:20,059 - INFO - Initializing undetected Chrome driver...
2025-10-26 20:50:27,488 - INFO - patching driver executable C:\laragon\www\dapokalsel\sekolah\~\appdata\roaming\undetected_chromedriver\undetected_chromedriver.exe
2025-10-26 20:50:27,572 - ERROR - Failed to setup driver: Binary Location Must be a String
Traceback (most recent call last):
  File "C:\laragon\www\dapokalsel\sekolah\import_url_kabupaten.pyw", line 92, in setup_driver
    driver = uc.Chrome(
  File "C:\laragon\bin\python\python-3.10\lib\site-packages\undetected_chromedriver\__init__.py", line 372, in __init__
    options.binary_location = (
  File "C:\laragon\bin\python\python-3.10\lib\site-packages\selenium\webdriver\chromium\options.py", line 52, in binary_location
    raise TypeError(self.BINARY_LOCATION_ERROR)
TypeError: Binary Location Must be a String
2025-10-26 20:50:27,572 - ERROR - Error on attempt 79: Failed to setup driver
Traceback (most recent call last):
  File "C:\laragon\www\dapokalsel\sekolah\import_url_kabupaten.pyw", line 388, in process_url_induk
    raise Exception("Failed to setup driver")
Exception: Failed to setup driver
2025-10-26 20:50:27,572 - INFO - Retry attempt 80/300...
2025-10-26 20:50:42,573 - INFO - Setting up Chrome driver...
2025-10-26 20:50:42,573 - INFO - Using profile directory: C:\laragon\www\dapokalsel\chrome_profile
2025-10-26 20:50:42,573 - INFO - Initializing undetected Chrome driver...
2025-10-26 20:50:48,510 - INFO - patching driver executable C:\laragon\www\dapokalsel\sekolah\~\appdata\roaming\undetected_chromedriver\undetected_chromedriver.exe
2025-10-26 20:50:48,604 - ERROR - Failed to setup driver: Binary Location Must be a String
Traceback (most recent call last):
  File "C:\laragon\www\dapokalsel\sekolah\import_url_kabupaten.pyw", line 92, in setup_driver
    driver = uc.Chrome(
  File "C:\laragon\bin\python\python-3.10\lib\site-packages\undetected_chromedriver\__init__.py", line 372, in __init__
    options.binary_location = (
  File "C:\laragon\bin\python\python-3.10\lib\site-packages\selenium\webdriver\chromium\options.py", line 52, in binary_location
    raise TypeError(self.BINARY_LOCATION_ERROR)
TypeError: Binary Location Must be a String
2025-10-26 20:50:48,604 - ERROR - Error on attempt 80: Failed to setup driver
Traceback (most recent call last):
  File "C:\laragon\www\dapokalsel\sekolah\import_url_kabupaten.pyw", line 388, in process_url_induk
    raise Exception("Failed to setup driver")
Exception: Failed to setup driver
2025-10-26 20:50:48,604 - INFO - Retry attempt 81/300...
2025-10-26 20:51:03,606 - INFO - Setting up Chrome driver...
2025-10-26 20:51:03,608 - INFO - Using profile directory: C:\laragon\www\dapokalsel\chrome_profile
2025-10-26 20:51:03,608 - INFO - Initializing undetected Chrome driver...
2025-10-26 20:51:08,019 - ERROR - Failed to setup driver: [WinError 183] Cannot create a file when that file already exists: 'C:\\laragon\\www\\dapokalsel\\sekolah\\~\\appdata\\roaming\\undetected_chromedriver\\undetected\\chromedriver-win32\\chromedriver.exe' -> 'C:\\laragon\\www\\dapokalsel\\sekolah\\~\\appdata\\roaming\\undetected_chromedriver\\undetected_chromedriver.exe'
Traceback (most recent call last):
  File "C:\laragon\www\dapokalsel\sekolah\import_url_kabupaten.pyw", line 92, in setup_driver
    driver = uc.Chrome(
  File "C:\laragon\bin\python\python-3.10\lib\site-packages\undetected_chromedriver\__init__.py", line 258, in __init__
    self.patcher.auto()
  File "C:\laragon\bin\python\python-3.10\lib\site-packages\undetected_chromedriver\patcher.py", line 178, in auto
    self.unzip_package(self.fetch_package())
  File "C:\laragon\bin\python\python-3.10\lib\site-packages\undetected_chromedriver\patcher.py", line 310, in unzip_package
    os.rename(os.path.join(self.zip_path, exe_path), self.executable_path)
FileExistsError: [WinError 183] Cannot create a file when that file already exists: 'C:\\laragon\\www\\dapokalsel\\sekolah\\~\\appdata\\roaming\\undetected_chromedriver\\undetected\\chromedriver-win32\\chromedriver.exe' -> 'C:\\laragon\\www\\dapokalsel\\sekolah\\~\\appdata\\roaming\\undetected_chromedriver\\undetected_chromedriver.exe'
2025-10-26 20:51:08,019 - ERROR - Error on attempt 81: Failed to setup driver
Traceback (most recent call last):
  File "C:\laragon\www\dapokalsel\sekolah\import_url_kabupaten.pyw", line 388, in process_url_induk
    raise Exception("Failed to setup driver")
Exception: Failed to setup driver
2025-10-26 20:51:08,019 - INFO - Retry attempt 82/300...
2025-10-26 20:51:23,022 - INFO - Setting up Chrome driver...
2025-10-26 20:51:23,023 - INFO - Using profile directory: C:\laragon\www\dapokalsel\chrome_profile
2025-10-26 20:51:23,024 - INFO - Initializing undetected Chrome driver...
2025-10-26 20:51:31,096 - INFO - patching driver executable C:\laragon\www\dapokalsel\sekolah\~\appdata\roaming\undetected_chromedriver\undetected_chromedriver.exe
2025-10-26 20:51:31,169 - ERROR - Failed to setup driver: Binary Location Must be a String
Traceback (most recent call last):
  File "C:\laragon\www\dapokalsel\sekolah\import_url_kabupaten.pyw", line 92, in setup_driver
    driver = uc.Chrome(
  File "C:\laragon\bin\python\python-3.10\lib\site-packages\undetected_chromedriver\__init__.py", line 372, in __init__
    options.binary_location = (
  File "C:\laragon\bin\python\python-3.10\lib\site-packages\selenium\webdriver\chromium\options.py", line 52, in binary_location
    raise TypeError(self.BINARY_LOCATION_ERROR)
TypeError: Binary Location Must be a String
2025-10-26 20:51:31,169 - ERROR - Error on attempt 82: Failed to setup driver
Traceback (most recent call last):
  File "C:\laragon\www\dapokalsel\sekolah\import_url_kabupaten.pyw", line 388, in process_url_induk
    raise Exception("Failed to setup driver")
Exception: Failed to setup driver
2025-10-26 20:51:31,169 - INFO - Retry attempt 83/300...
2025-10-26 20:51:46,169 - INFO - Setting up Chrome driver...
2025-10-26 20:51:46,170 - INFO - Using profile directory: C:\laragon\www\dapokalsel\chrome_profile
2025-10-26 20:51:46,170 - INFO - Initializing undetected Chrome driver...
2025-10-26 20:51:50,905 - ERROR - Failed to setup driver: [WinError 183] Cannot create a file when that file already exists: 'C:\\laragon\\www\\dapokalsel\\sekolah\\~\\appdata\\roaming\\undetected_chromedriver\\undetected\\chromedriver-win32\\chromedriver.exe' -> 'C:\\laragon\\www\\dapokalsel\\sekolah\\~\\appdata\\roaming\\undetected_chromedriver\\undetected_chromedriver.exe'
Traceback (most recent call last):
  File "C:\laragon\www\dapokalsel\sekolah\import_url_kabupaten.pyw", line 92, in setup_driver
    driver = uc.Chrome(
  File "C:\laragon\bin\python\python-3.10\lib\site-packages\undetected_chromedriver\__init__.py", line 258, in __init__
    self.patcher.auto()
  File "C:\laragon\bin\python\python-3.10\lib\site-packages\undetected_chromedriver\patcher.py", line 178, in auto
    self.unzip_package(self.fetch_package())
  File "C:\laragon\bin\python\python-3.10\lib\site-packages\undetected_chromedriver\patcher.py", line 310, in unzip_package
    os.rename(os.path.join(self.zip_path, exe_path), self.executable_path)
FileExistsError: [WinError 183] Cannot create a file when that file already exists: 'C:\\laragon\\www\\dapokalsel\\sekolah\\~\\appdata\\roaming\\undetected_chromedriver\\undetected\\chromedriver-win32\\chromedriver.exe' -> 'C:\\laragon\\www\\dapokalsel\\sekolah\\~\\appdata\\roaming\\undetected_chromedriver\\undetected_chromedriver.exe'
2025-10-26 20:51:50,906 - ERROR - Error on attempt 83: Failed to setup driver
Traceback (most recent call last):
  File "C:\laragon\www\dapokalsel\sekolah\import_url_kabupaten.pyw", line 388, in process_url_induk
    raise Exception("Failed to setup driver")
Exception: Failed to setup driver
2025-10-26 20:51:50,906 - INFO - Retry attempt 84/300...
2025-10-26 20:52:05,914 - INFO - Setting up Chrome driver...
2025-10-26 20:52:05,914 - INFO - Using profile directory: C:\laragon\www\dapokalsel\chrome_profile
2025-10-26 20:52:05,915 - INFO - Initializing undetected Chrome driver...
2025-10-26 20:52:10,750 - ERROR - Failed to setup driver: [WinError 183] Cannot create a file when that file already exists: 'C:\\laragon\\www\\dapokalsel\\sekolah\\~\\appdata\\roaming\\undetected_chromedriver\\undetected\\chromedriver-win32\\chromedriver.exe' -> 'C:\\laragon\\www\\dapokalsel\\sekolah\\~\\appdata\\roaming\\undetected_chromedriver\\undetected_chromedriver.exe'
Traceback (most recent call last):
  File "C:\laragon\www\dapokalsel\sekolah\import_url_kabupaten.pyw", line 92, in setup_driver
    driver = uc.Chrome(
  File "C:\laragon\bin\python\python-3.10\lib\site-packages\undetected_chromedriver\__init__.py", line 258, in __init__
    self.patcher.auto()
  File "C:\laragon\bin\python\python-3.10\lib\site-packages\undetected_chromedriver\patcher.py", line 178, in auto
    self.unzip_package(self.fetch_package())
  File "C:\laragon\bin\python\python-3.10\lib\site-packages\undetected_chromedriver\patcher.py", line 310, in unzip_package
    os.rename(os.path.join(self.zip_path, exe_path), self.executable_path)
FileExistsError: [WinError 183] Cannot create a file when that file already exists: 'C:\\laragon\\www\\dapokalsel\\sekolah\\~\\appdata\\roaming\\undetected_chromedriver\\undetected\\chromedriver-win32\\chromedriver.exe' -> 'C:\\laragon\\www\\dapokalsel\\sekolah\\~\\appdata\\roaming\\undetected_chromedriver\\undetected_chromedriver.exe'
2025-10-26 20:52:10,750 - ERROR - Error on attempt 84: Failed to setup driver
Traceback (most recent call last):
  File "C:\laragon\www\dapokalsel\sekolah\import_url_kabupaten.pyw", line 388, in process_url_induk
    raise Exception("Failed to setup driver")
Exception: Failed to setup driver
2025-10-26 20:52:10,750 - INFO - Retry attempt 85/300...
2025-10-26 20:52:25,751 - INFO - Setting up Chrome driver...
2025-10-26 20:52:25,752 - INFO - Using profile directory: C:\laragon\www\dapokalsel\chrome_profile
2025-10-26 20:52:25,753 - INFO - Initializing undetected Chrome driver...
2025-10-26 20:52:38,852 - ERROR - Failed to setup driver: [WinError 183] Cannot create a file when that file already exists: 'C:\\laragon\\www\\dapokalsel\\sekolah\\~\\appdata\\roaming\\undetected_chromedriver\\undetected\\chromedriver-win32\\chromedriver.exe' -> 'C:\\laragon\\www\\dapokalsel\\sekolah\\~\\appdata\\roaming\\undetected_chromedriver\\undetected_chromedriver.exe'
Traceback (most recent call last):
  File "C:\laragon\www\dapokalsel\sekolah\import_url_kabupaten.pyw", line 92, in setup_driver
    driver = uc.Chrome(
  File "C:\laragon\bin\python\python-3.10\lib\site-packages\undetected_chromedriver\__init__.py", line 258, in __init__
    self.patcher.auto()
  File "C:\laragon\bin\python\python-3.10\lib\site-packages\undetected_chromedriver\patcher.py", line 178, in auto
    self.unzip_package(self.fetch_package())
  File "C:\laragon\bin\python\python-3.10\lib\site-packages\undetected_chromedriver\patcher.py", line 310, in unzip_package
    os.rename(os.path.join(self.zip_path, exe_path), self.executable_path)
FileExistsError: [WinError 183] Cannot create a file when that file already exists: 'C:\\laragon\\www\\dapokalsel\\sekolah\\~\\appdata\\roaming\\undetected_chromedriver\\undetected\\chromedriver-win32\\chromedriver.exe' -> 'C:\\laragon\\www\\dapokalsel\\sekolah\\~\\appdata\\roaming\\undetected_chromedriver\\undetected_chromedriver.exe'
2025-10-26 20:52:38,852 - ERROR - Error on attempt 85: Failed to setup driver
Traceback (most recent call last):
  File "C:\laragon\www\dapokalsel\sekolah\import_url_kabupaten.pyw", line 388, in process_url_induk
    raise Exception("Failed to setup driver")
Exception: Failed to setup driver
2025-10-26 20:52:38,852 - INFO - Retry attempt 86/300...
2025-10-26 20:52:53,852 - INFO - Setting up Chrome driver...
2025-10-26 20:52:53,853 - INFO - Using profile directory: C:\laragon\www\dapokalsel\chrome_profile
2025-10-26 20:52:53,853 - INFO - Initializing undetected Chrome driver...
2025-10-26 20:53:02,528 - INFO - patching driver executable C:\laragon\www\dapokalsel\sekolah\~\appdata\roaming\undetected_chromedriver\undetected_chromedriver.exe
2025-10-26 20:53:02,626 - ERROR - Failed to setup driver: Binary Location Must be a String
Traceback (most recent call last):
  File "C:\laragon\www\dapokalsel\sekolah\import_url_kabupaten.pyw", line 92, in setup_driver
    driver = uc.Chrome(
  File "C:\laragon\bin\python\python-3.10\lib\site-packages\undetected_chromedriver\__init__.py", line 372, in __init__
    options.binary_location = (
  File "C:\laragon\bin\python\python-3.10\lib\site-packages\selenium\webdriver\chromium\options.py", line 52, in binary_location
    raise TypeError(self.BINARY_LOCATION_ERROR)
TypeError: Binary Location Must be a String
2025-10-26 20:53:02,626 - ERROR - Error on attempt 86: Failed to setup driver
Traceback (most recent call last):
  File "C:\laragon\www\dapokalsel\sekolah\import_url_kabupaten.pyw", line 388, in process_url_induk
    raise Exception("Failed to setup driver")
Exception: Failed to setup driver
2025-10-26 20:53:02,626 - INFO - Retry attempt 87/300...
2025-10-26 20:53:17,628 - INFO - Setting up Chrome driver...
2025-10-26 20:53:17,630 - INFO - Using profile directory: C:\laragon\www\dapokalsel\chrome_profile
2025-10-26 20:53:17,630 - INFO - Initializing undetected Chrome driver...
2025-10-26 20:53:27,579 - ERROR - Failed to setup driver: [WinError 183] Cannot create a file when that file already exists: 'C:\\laragon\\www\\dapokalsel\\sekolah\\~\\appdata\\roaming\\undetected_chromedriver\\undetected\\chromedriver-win32\\chromedriver.exe' -> 'C:\\laragon\\www\\dapokalsel\\sekolah\\~\\appdata\\roaming\\undetected_chromedriver\\undetected_chromedriver.exe'
Traceback (most recent call last):
  File "C:\laragon\www\dapokalsel\sekolah\import_url_kabupaten.pyw", line 92, in setup_driver
    driver = uc.Chrome(
  File "C:\laragon\bin\python\python-3.10\lib\site-packages\undetected_chromedriver\__init__.py", line 258, in __init__
    self.patcher.auto()
  File "C:\laragon\bin\python\python-3.10\lib\site-packages\undetected_chromedriver\patcher.py", line 178, in auto
    self.unzip_package(self.fetch_package())
  File "C:\laragon\bin\python\python-3.10\lib\site-packages\undetected_chromedriver\patcher.py", line 310, in unzip_package
    os.rename(os.path.join(self.zip_path, exe_path), self.executable_path)
FileExistsError: [WinError 183] Cannot create a file when that file already exists: 'C:\\laragon\\www\\dapokalsel\\sekolah\\~\\appdata\\roaming\\undetected_chromedriver\\undetected\\chromedriver-win32\\chromedriver.exe' -> 'C:\\laragon\\www\\dapokalsel\\sekolah\\~\\appdata\\roaming\\undetected_chromedriver\\undetected_chromedriver.exe'
2025-10-26 20:53:27,579 - ERROR - Error on attempt 87: Failed to setup driver
Traceback (most recent call last):
  File "C:\laragon\www\dapokalsel\sekolah\import_url_kabupaten.pyw", line 388, in process_url_induk
    raise Exception("Failed to setup driver")
Exception: Failed to setup driver
2025-10-26 20:53:27,579 - INFO - Retry attempt 88/300...
2025-10-26 20:53:42,584 - INFO - Setting up Chrome driver...
2025-10-26 20:53:42,585 - INFO - Using profile directory: C:\laragon\www\dapokalsel\chrome_profile
2025-10-26 20:53:42,585 - INFO - Initializing undetected Chrome driver...
2025-10-26 20:53:54,872 - INFO - patching driver executable C:\laragon\www\dapokalsel\sekolah\~\appdata\roaming\undetected_chromedriver\undetected_chromedriver.exe
2025-10-26 20:53:54,944 - ERROR - Failed to setup driver: Binary Location Must be a String
Traceback (most recent call last):
  File "C:\laragon\www\dapokalsel\sekolah\import_url_kabupaten.pyw", line 92, in setup_driver
    driver = uc.Chrome(
  File "C:\laragon\bin\python\python-3.10\lib\site-packages\undetected_chromedriver\__init__.py", line 372, in __init__
    options.binary_location = (
  File "C:\laragon\bin\python\python-3.10\lib\site-packages\selenium\webdriver\chromium\options.py", line 52, in binary_location
    raise TypeError(self.BINARY_LOCATION_ERROR)
TypeError: Binary Location Must be a String
2025-10-26 20:53:54,944 - ERROR - Error on attempt 88: Failed to setup driver
Traceback (most recent call last):
  File "C:\laragon\www\dapokalsel\sekolah\import_url_kabupaten.pyw", line 388, in process_url_induk
    raise Exception("Failed to setup driver")
Exception: Failed to setup driver
2025-10-26 20:53:54,944 - INFO - Retry attempt 89/300...
2025-10-26 20:54:09,944 - INFO - Setting up Chrome driver...
2025-10-26 20:54:09,946 - INFO - Using profile directory: C:\laragon\www\dapokalsel\chrome_profile
2025-10-26 20:54:09,947 - INFO - Initializing undetected Chrome driver...
2025-10-26 20:54:28,242 - ERROR - Failed to setup driver: [WinError 183] Cannot create a file when that file already exists: 'C:\\laragon\\www\\dapokalsel\\sekolah\\~\\appdata\\roaming\\undetected_chromedriver\\undetected\\chromedriver-win32\\chromedriver.exe' -> 'C:\\laragon\\www\\dapokalsel\\sekolah\\~\\appdata\\roaming\\undetected_chromedriver\\undetected_chromedriver.exe'
Traceback (most recent call last):
  File "C:\laragon\www\dapokalsel\sekolah\import_url_kabupaten.pyw", line 92, in setup_driver
    driver = uc.Chrome(
  File "C:\laragon\bin\python\python-3.10\lib\site-packages\undetected_chromedriver\__init__.py", line 258, in __init__
    self.patcher.auto()
  File "C:\laragon\bin\python\python-3.10\lib\site-packages\undetected_chromedriver\patcher.py", line 178, in auto
    self.unzip_package(self.fetch_package())
  File "C:\laragon\bin\python\python-3.10\lib\site-packages\undetected_chromedriver\patcher.py", line 310, in unzip_package
    os.rename(os.path.join(self.zip_path, exe_path), self.executable_path)
FileExistsError: [WinError 183] Cannot create a file when that file already exists: 'C:\\laragon\\www\\dapokalsel\\sekolah\\~\\appdata\\roaming\\undetected_chromedriver\\undetected\\chromedriver-win32\\chromedriver.exe' -> 'C:\\laragon\\www\\dapokalsel\\sekolah\\~\\appdata\\roaming\\undetected_chromedriver\\undetected_chromedriver.exe'
2025-10-26 20:54:28,242 - ERROR - Error on attempt 89: Failed to setup driver
Traceback (most recent call last):
  File "C:\laragon\www\dapokalsel\sekolah\import_url_kabupaten.pyw", line 388, in process_url_induk
    raise Exception("Failed to setup driver")
Exception: Failed to setup driver
2025-10-26 20:54:28,242 - INFO - Retry attempt 90/300...
2025-10-26 20:54:43,242 - INFO - Setting up Chrome driver...
2025-10-26 20:54:43,244 - INFO - Using profile directory: C:\laragon\www\dapokalsel\chrome_profile
2025-10-26 20:54:43,245 - INFO - Initializing undetected Chrome driver...
2025-10-26 20:54:52,508 - INFO - patching driver executable C:\laragon\www\dapokalsel\sekolah\~\appdata\roaming\undetected_chromedriver\undetected_chromedriver.exe
2025-10-26 20:54:52,705 - ERROR - Failed to setup driver: Binary Location Must be a String
Traceback (most recent call last):
  File "C:\laragon\www\dapokalsel\sekolah\import_url_kabupaten.pyw", line 92, in setup_driver
    driver = uc.Chrome(
  File "C:\laragon\bin\python\python-3.10\lib\site-packages\undetected_chromedriver\__init__.py", line 372, in __init__
    options.binary_location = (
  File "C:\laragon\bin\python\python-3.10\lib\site-packages\selenium\webdriver\chromium\options.py", line 52, in binary_location
    raise TypeError(self.BINARY_LOCATION_ERROR)
TypeError: Binary Location Must be a String
2025-10-26 20:54:52,721 - ERROR - Error on attempt 90: Failed to setup driver
Traceback (most recent call last):
  File "C:\laragon\www\dapokalsel\sekolah\import_url_kabupaten.pyw", line 388, in process_url_induk
    raise Exception("Failed to setup driver")
Exception: Failed to setup driver
2025-10-26 20:54:52,721 - INFO - Retry attempt 91/300...
2025-10-26 20:55:07,722 - INFO - Setting up Chrome driver...
2025-10-26 20:55:07,723 - INFO - Using profile directory: C:\laragon\www\dapokalsel\chrome_profile
2025-10-26 20:55:07,723 - INFO - Initializing undetected Chrome driver...
2025-10-26 20:55:11,160 - INFO - patching driver executable C:\laragon\www\dapokalsel\sekolah\~\appdata\roaming\undetected_chromedriver\undetected_chromedriver.exe
2025-10-26 20:55:11,256 - ERROR - Failed to setup driver: Binary Location Must be a String
Traceback (most recent call last):
  File "C:\laragon\www\dapokalsel\sekolah\import_url_kabupaten.pyw", line 92, in setup_driver
    driver = uc.Chrome(
  File "C:\laragon\bin\python\python-3.10\lib\site-packages\undetected_chromedriver\__init__.py", line 372, in __init__
    options.binary_location = (
  File "C:\laragon\bin\python\python-3.10\lib\site-packages\selenium\webdriver\chromium\options.py", line 52, in binary_location
    raise TypeError(self.BINARY_LOCATION_ERROR)
TypeError: Binary Location Must be a String
2025-10-26 20:55:11,256 - ERROR - Error on attempt 91: Failed to setup driver
Traceback (most recent call last):
  File "C:\laragon\www\dapokalsel\sekolah\import_url_kabupaten.pyw", line 388, in process_url_induk
    raise Exception("Failed to setup driver")
Exception: Failed to setup driver
2025-10-26 20:55:11,256 - INFO - Retry attempt 92/300...
2025-10-26 20:55:26,273 - INFO - Setting up Chrome driver...
2025-10-26 20:55:26,274 - INFO - Using profile directory: C:\laragon\www\dapokalsel\chrome_profile
2025-10-26 20:55:26,274 - INFO - Initializing undetected Chrome driver...
2025-10-26 20:55:30,440 - INFO - patching driver executable C:\laragon\www\dapokalsel\sekolah\~\appdata\roaming\undetected_chromedriver\undetected_chromedriver.exe
2025-10-26 20:55:30,531 - ERROR - Failed to setup driver: Binary Location Must be a String
Traceback (most recent call last):
  File "C:\laragon\www\dapokalsel\sekolah\import_url_kabupaten.pyw", line 92, in setup_driver
    driver = uc.Chrome(
  File "C:\laragon\bin\python\python-3.10\lib\site-packages\undetected_chromedriver\__init__.py", line 372, in __init__
    options.binary_location = (
  File "C:\laragon\bin\python\python-3.10\lib\site-packages\selenium\webdriver\chromium\options.py", line 52, in binary_location
    raise TypeError(self.BINARY_LOCATION_ERROR)
TypeError: Binary Location Must be a String
2025-10-26 20:55:30,532 - ERROR - Error on attempt 92: Failed to setup driver
Traceback (most recent call last):
  File "C:\laragon\www\dapokalsel\sekolah\import_url_kabupaten.pyw", line 388, in process_url_induk
    raise Exception("Failed to setup driver")
Exception: Failed to setup driver
2025-10-26 20:55:30,533 - INFO - Retry attempt 93/300...
2025-10-26 20:55:45,536 - INFO - Setting up Chrome driver...
2025-10-26 20:55:45,541 - INFO - Using profile directory: C:\laragon\www\dapokalsel\chrome_profile
2025-10-26 20:55:45,542 - INFO - Initializing undetected Chrome driver...
2025-10-26 20:55:51,872 - ERROR - Failed to setup driver: [WinError 183] Cannot create a file when that file already exists: 'C:\\laragon\\www\\dapokalsel\\sekolah\\~\\appdata\\roaming\\undetected_chromedriver\\undetected\\chromedriver-win32\\chromedriver.exe' -> 'C:\\laragon\\www\\dapokalsel\\sekolah\\~\\appdata\\roaming\\undetected_chromedriver\\undetected_chromedriver.exe'
Traceback (most recent call last):
  File "C:\laragon\www\dapokalsel\sekolah\import_url_kabupaten.pyw", line 92, in setup_driver
    driver = uc.Chrome(
  File "C:\laragon\bin\python\python-3.10\lib\site-packages\undetected_chromedriver\__init__.py", line 258, in __init__
    self.patcher.auto()
  File "C:\laragon\bin\python\python-3.10\lib\site-packages\undetected_chromedriver\patcher.py", line 178, in auto
    self.unzip_package(self.fetch_package())
  File "C:\laragon\bin\python\python-3.10\lib\site-packages\undetected_chromedriver\patcher.py", line 310, in unzip_package
    os.rename(os.path.join(self.zip_path, exe_path), self.executable_path)
FileExistsError: [WinError 183] Cannot create a file when that file already exists: 'C:\\laragon\\www\\dapokalsel\\sekolah\\~\\appdata\\roaming\\undetected_chromedriver\\undetected\\chromedriver-win32\\chromedriver.exe' -> 'C:\\laragon\\www\\dapokalsel\\sekolah\\~\\appdata\\roaming\\undetected_chromedriver\\undetected_chromedriver.exe'
2025-10-26 20:55:51,886 - ERROR - Error on attempt 93: Failed to setup driver
Traceback (most recent call last):
  File "C:\laragon\www\dapokalsel\sekolah\import_url_kabupaten.pyw", line 388, in process_url_induk
    raise Exception("Failed to setup driver")
Exception: Failed to setup driver
2025-10-26 20:55:51,886 - INFO - Retry attempt 94/300...
2025-10-26 20:56:06,886 - INFO - Setting up Chrome driver...
2025-10-26 20:56:06,886 - INFO - Using profile directory: C:\laragon\www\dapokalsel\chrome_profile
2025-10-26 20:56:06,887 - INFO - Initializing undetected Chrome driver...
2025-10-26 20:56:13,286 - ERROR - Failed to setup driver: [WinError 183] Cannot create a file when that file already exists: 'C:\\laragon\\www\\dapokalsel\\sekolah\\~\\appdata\\roaming\\undetected_chromedriver\\undetected\\chromedriver-win32\\chromedriver.exe' -> 'C:\\laragon\\www\\dapokalsel\\sekolah\\~\\appdata\\roaming\\undetected_chromedriver\\undetected_chromedriver.exe'
Traceback (most recent call last):
  File "C:\laragon\www\dapokalsel\sekolah\import_url_kabupaten.pyw", line 92, in setup_driver
    driver = uc.Chrome(
  File "C:\laragon\bin\python\python-3.10\lib\site-packages\undetected_chromedriver\__init__.py", line 258, in __init__
    self.patcher.auto()
  File "C:\laragon\bin\python\python-3.10\lib\site-packages\undetected_chromedriver\patcher.py", line 178, in auto
    self.unzip_package(self.fetch_package())
  File "C:\laragon\bin\python\python-3.10\lib\site-packages\undetected_chromedriver\patcher.py", line 310, in unzip_package
    os.rename(os.path.join(self.zip_path, exe_path), self.executable_path)
FileExistsError: [WinError 183] Cannot create a file when that file already exists: 'C:\\laragon\\www\\dapokalsel\\sekolah\\~\\appdata\\roaming\\undetected_chromedriver\\undetected\\chromedriver-win32\\chromedriver.exe' -> 'C:\\laragon\\www\\dapokalsel\\sekolah\\~\\appdata\\roaming\\undetected_chromedriver\\undetected_chromedriver.exe'
2025-10-26 20:56:13,286 - ERROR - Error on attempt 94: Failed to setup driver
Traceback (most recent call last):
  File "C:\laragon\www\dapokalsel\sekolah\import_url_kabupaten.pyw", line 388, in process_url_induk
    raise Exception("Failed to setup driver")
Exception: Failed to setup driver
2025-10-26 20:56:13,286 - INFO - Retry attempt 95/300...
2025-10-26 20:56:28,287 - INFO - Setting up Chrome driver...
2025-10-26 20:56:28,288 - INFO - Using profile directory: C:\laragon\www\dapokalsel\chrome_profile
2025-10-26 20:56:28,289 - INFO - Initializing undetected Chrome driver...
2025-10-26 20:56:32,985 - INFO - patching driver executable C:\laragon\www\dapokalsel\sekolah\~\appdata\roaming\undetected_chromedriver\undetected_chromedriver.exe
2025-10-26 20:56:33,065 - ERROR - Failed to setup driver: Binary Location Must be a String
Traceback (most recent call last):
  File "C:\laragon\www\dapokalsel\sekolah\import_url_kabupaten.pyw", line 92, in setup_driver
    driver = uc.Chrome(
  File "C:\laragon\bin\python\python-3.10\lib\site-packages\undetected_chromedriver\__init__.py", line 372, in __init__
    options.binary_location = (
  File "C:\laragon\bin\python\python-3.10\lib\site-packages\selenium\webdriver\chromium\options.py", line 52, in binary_location
    raise TypeError(self.BINARY_LOCATION_ERROR)
TypeError: Binary Location Must be a String
2025-10-26 20:56:33,066 - ERROR - Error on attempt 95: Failed to setup driver
Traceback (most recent call last):
  File "C:\laragon\www\dapokalsel\sekolah\import_url_kabupaten.pyw", line 388, in process_url_induk
    raise Exception("Failed to setup driver")
Exception: Failed to setup driver
2025-10-26 20:56:33,067 - INFO - Retry attempt 96/300...
2025-10-26 20:56:48,069 - INFO - Setting up Chrome driver...
2025-10-26 20:56:48,071 - INFO - Using profile directory: C:\laragon\www\dapokalsel\chrome_profile
2025-10-26 20:56:48,072 - INFO - Initializing undetected Chrome driver...
2025-10-26 20:56:53,600 - INFO - patching driver executable C:\laragon\www\dapokalsel\sekolah\~\appdata\roaming\undetected_chromedriver\undetected_chromedriver.exe
2025-10-26 20:56:53,684 - ERROR - Failed to setup driver: Binary Location Must be a String
Traceback (most recent call last):
  File "C:\laragon\www\dapokalsel\sekolah\import_url_kabupaten.pyw", line 92, in setup_driver
    driver = uc.Chrome(
  File "C:\laragon\bin\python\python-3.10\lib\site-packages\undetected_chromedriver\__init__.py", line 372, in __init__
    options.binary_location = (
  File "C:\laragon\bin\python\python-3.10\lib\site-packages\selenium\webdriver\chromium\options.py", line 52, in binary_location
    raise TypeError(self.BINARY_LOCATION_ERROR)
TypeError: Binary Location Must be a String
2025-10-26 20:56:53,684 - ERROR - Error on attempt 96: Failed to setup driver
Traceback (most recent call last):
  File "C:\laragon\www\dapokalsel\sekolah\import_url_kabupaten.pyw", line 388, in process_url_induk
    raise Exception("Failed to setup driver")
Exception: Failed to setup driver
2025-10-26 20:56:53,684 - INFO - Retry attempt 97/300...
2025-10-26 20:57:08,697 - INFO - Setting up Chrome driver...
2025-10-26 20:57:08,698 - INFO - Using profile directory: C:\laragon\www\dapokalsel\chrome_profile
2025-10-26 20:57:08,698 - INFO - Initializing undetected Chrome driver...
2025-10-26 20:57:13,332 - INFO - patching driver executable C:\laragon\www\dapokalsel\sekolah\~\appdata\roaming\undetected_chromedriver\undetected_chromedriver.exe
2025-10-26 20:57:13,423 - ERROR - Failed to setup driver: Binary Location Must be a String
Traceback (most recent call last):
  File "C:\laragon\www\dapokalsel\sekolah\import_url_kabupaten.pyw", line 92, in setup_driver
    driver = uc.Chrome(
  File "C:\laragon\bin\python\python-3.10\lib\site-packages\undetected_chromedriver\__init__.py", line 372, in __init__
    options.binary_location = (
  File "C:\laragon\bin\python\python-3.10\lib\site-packages\selenium\webdriver\chromium\options.py", line 52, in binary_location
    raise TypeError(self.BINARY_LOCATION_ERROR)
TypeError: Binary Location Must be a String
2025-10-26 20:57:13,424 - ERROR - Error on attempt 97: Failed to setup driver
Traceback (most recent call last):
  File "C:\laragon\www\dapokalsel\sekolah\import_url_kabupaten.pyw", line 388, in process_url_induk
    raise Exception("Failed to setup driver")
Exception: Failed to setup driver
2025-10-26 20:57:13,424 - INFO - Retry attempt 98/300...
2025-10-26 20:57:28,430 - INFO - Setting up Chrome driver...
2025-10-26 20:57:28,432 - INFO - Using profile directory: C:\laragon\www\dapokalsel\chrome_profile
2025-10-26 20:57:28,432 - INFO - Initializing undetected Chrome driver...
2025-10-26 20:57:35,365 - ERROR - Failed to setup driver: [WinError 183] Cannot create a file when that file already exists: 'C:\\laragon\\www\\dapokalsel\\sekolah\\~\\appdata\\roaming\\undetected_chromedriver\\undetected\\chromedriver-win32\\chromedriver.exe' -> 'C:\\laragon\\www\\dapokalsel\\sekolah\\~\\appdata\\roaming\\undetected_chromedriver\\undetected_chromedriver.exe'
Traceback (most recent call last):
  File "C:\laragon\www\dapokalsel\sekolah\import_url_kabupaten.pyw", line 92, in setup_driver
    driver = uc.Chrome(
  File "C:\laragon\bin\python\python-3.10\lib\site-packages\undetected_chromedriver\__init__.py", line 258, in __init__
    self.patcher.auto()
  File "C:\laragon\bin\python\python-3.10\lib\site-packages\undetected_chromedriver\patcher.py", line 178, in auto
    self.unzip_package(self.fetch_package())
  File "C:\laragon\bin\python\python-3.10\lib\site-packages\undetected_chromedriver\patcher.py", line 310, in unzip_package
    os.rename(os.path.join(self.zip_path, exe_path), self.executable_path)
FileExistsError: [WinError 183] Cannot create a file when that file already exists: 'C:\\laragon\\www\\dapokalsel\\sekolah\\~\\appdata\\roaming\\undetected_chromedriver\\undetected\\chromedriver-win32\\chromedriver.exe' -> 'C:\\laragon\\www\\dapokalsel\\sekolah\\~\\appdata\\roaming\\undetected_chromedriver\\undetected_chromedriver.exe'
2025-10-26 20:57:35,365 - ERROR - Error on attempt 98: Failed to setup driver
Traceback (most recent call last):
  File "C:\laragon\www\dapokalsel\sekolah\import_url_kabupaten.pyw", line 388, in process_url_induk
    raise Exception("Failed to setup driver")
Exception: Failed to setup driver
2025-10-26 20:57:35,365 - INFO - Retry attempt 99/300...
2025-10-26 20:57:50,365 - INFO - Setting up Chrome driver...
2025-10-26 20:57:50,366 - INFO - Using profile directory: C:\laragon\www\dapokalsel\chrome_profile
2025-10-26 20:57:50,367 - INFO - Initializing undetected Chrome driver...
2025-10-26 20:57:54,611 - INFO - patching driver executable C:\laragon\www\dapokalsel\sekolah\~\appdata\roaming\undetected_chromedriver\undetected_chromedriver.exe
2025-10-26 20:57:54,718 - ERROR - Failed to setup driver: Binary Location Must be a String
Traceback (most recent call last):
  File "C:\laragon\www\dapokalsel\sekolah\import_url_kabupaten.pyw", line 92, in setup_driver
    driver = uc.Chrome(
  File "C:\laragon\bin\python\python-3.10\lib\site-packages\undetected_chromedriver\__init__.py", line 372, in __init__
    options.binary_location = (
  File "C:\laragon\bin\python\python-3.10\lib\site-packages\selenium\webdriver\chromium\options.py", line 52, in binary_location
    raise TypeError(self.BINARY_LOCATION_ERROR)
TypeError: Binary Location Must be a String
2025-10-26 20:57:54,719 - ERROR - Error on attempt 99: Failed to setup driver
Traceback (most recent call last):
  File "C:\laragon\www\dapokalsel\sekolah\import_url_kabupaten.pyw", line 388, in process_url_induk
    raise Exception("Failed to setup driver")
Exception: Failed to setup driver
2025-10-26 20:57:54,719 - INFO - Retry attempt 100/300...
2025-10-26 20:58:09,728 - INFO - Setting up Chrome driver...
2025-10-26 20:58:09,729 - INFO - Using profile directory: C:\laragon\www\dapokalsel\chrome_profile
2025-10-26 20:58:09,729 - INFO - Initializing undetected Chrome driver...
2025-10-26 20:58:15,996 - INFO - patching driver executable C:\laragon\www\dapokalsel\sekolah\~\appdata\roaming\undetected_chromedriver\undetected_chromedriver.exe
2025-10-26 20:58:16,129 - ERROR - Failed to setup driver: Binary Location Must be a String
Traceback (most recent call last):
  File "C:\laragon\www\dapokalsel\sekolah\import_url_kabupaten.pyw", line 92, in setup_driver
    driver = uc.Chrome(
  File "C:\laragon\bin\python\python-3.10\lib\site-packages\undetected_chromedriver\__init__.py", line 372, in __init__
    options.binary_location = (
  File "C:\laragon\bin\python\python-3.10\lib\site-packages\selenium\webdriver\chromium\options.py", line 52, in binary_location
    raise TypeError(self.BINARY_LOCATION_ERROR)
TypeError: Binary Location Must be a String
2025-10-26 20:58:16,129 - ERROR - Error on attempt 100: Failed to setup driver
Traceback (most recent call last):
  File "C:\laragon\www\dapokalsel\sekolah\import_url_kabupaten.pyw", line 388, in process_url_induk
    raise Exception("Failed to setup driver")
Exception: Failed to setup driver
2025-10-26 20:58:16,129 - INFO - Retry attempt 101/300...
2025-10-26 20:58:31,130 - INFO - Setting up Chrome driver...
2025-10-26 20:58:31,130 - INFO - Using profile directory: C:\laragon\www\dapokalsel\chrome_profile
2025-10-26 20:58:31,131 - INFO - Initializing undetected Chrome driver...
2025-10-26 20:58:36,045 - ERROR - Failed to setup driver: [WinError 183] Cannot create a file when that file already exists: 'C:\\laragon\\www\\dapokalsel\\sekolah\\~\\appdata\\roaming\\undetected_chromedriver\\undetected\\chromedriver-win32\\chromedriver.exe' -> 'C:\\laragon\\www\\dapokalsel\\sekolah\\~\\appdata\\roaming\\undetected_chromedriver\\undetected_chromedriver.exe'
Traceback (most recent call last):
  File "C:\laragon\www\dapokalsel\sekolah\import_url_kabupaten.pyw", line 92, in setup_driver
    driver = uc.Chrome(
  File "C:\laragon\bin\python\python-3.10\lib\site-packages\undetected_chromedriver\__init__.py", line 258, in __init__
    self.patcher.auto()
  File "C:\laragon\bin\python\python-3.10\lib\site-packages\undetected_chromedriver\patcher.py", line 178, in auto
    self.unzip_package(self.fetch_package())
  File "C:\laragon\bin\python\python-3.10\lib\site-packages\undetected_chromedriver\patcher.py", line 310, in unzip_package
    os.rename(os.path.join(self.zip_path, exe_path), self.executable_path)
FileExistsError: [WinError 183] Cannot create a file when that file already exists: 'C:\\laragon\\www\\dapokalsel\\sekolah\\~\\appdata\\roaming\\undetected_chromedriver\\undetected\\chromedriver-win32\\chromedriver.exe' -> 'C:\\laragon\\www\\dapokalsel\\sekolah\\~\\appdata\\roaming\\undetected_chromedriver\\undetected_chromedriver.exe'
2025-10-26 20:58:36,045 - ERROR - Error on attempt 101: Failed to setup driver
Traceback (most recent call last):
  File "C:\laragon\www\dapokalsel\sekolah\import_url_kabupaten.pyw", line 388, in process_url_induk
    raise Exception("Failed to setup driver")
Exception: Failed to setup driver
2025-10-26 20:58:36,045 - INFO - Retry attempt 102/300...
2025-10-26 20:58:51,045 - INFO - Setting up Chrome driver...
2025-10-26 20:58:51,046 - INFO - Using profile directory: C:\laragon\www\dapokalsel\chrome_profile
2025-10-26 20:58:51,047 - INFO - Initializing undetected Chrome driver...
2025-10-26 20:58:57,511 - INFO - patching driver executable C:\laragon\www\dapokalsel\sekolah\~\appdata\roaming\undetected_chromedriver\undetected_chromedriver.exe
2025-10-26 20:58:57,595 - ERROR - Failed to setup driver: Binary Location Must be a String
Traceback (most recent call last):
  File "C:\laragon\www\dapokalsel\sekolah\import_url_kabupaten.pyw", line 92, in setup_driver
    driver = uc.Chrome(
  File "C:\laragon\bin\python\python-3.10\lib\site-packages\undetected_chromedriver\__init__.py", line 372, in __init__
    options.binary_location = (
  File "C:\laragon\bin\python\python-3.10\lib\site-packages\selenium\webdriver\chromium\options.py", line 52, in binary_location
    raise TypeError(self.BINARY_LOCATION_ERROR)
TypeError: Binary Location Must be a String
2025-10-26 20:58:57,595 - ERROR - Error on attempt 102: Failed to setup driver
Traceback (most recent call last):
  File "C:\laragon\www\dapokalsel\sekolah\import_url_kabupaten.pyw", line 388, in process_url_induk
    raise Exception("Failed to setup driver")
Exception: Failed to setup driver
2025-10-26 20:58:57,595 - INFO - Retry attempt 103/300...
2025-10-26 20:59:12,595 - INFO - Setting up Chrome driver...
2025-10-26 20:59:12,596 - INFO - Using profile directory: C:\laragon\www\dapokalsel\chrome_profile
2025-10-26 20:59:12,596 - INFO - Initializing undetected Chrome driver...
2025-10-26 20:59:16,184 - INFO - patching driver executable C:\laragon\www\dapokalsel\sekolah\~\appdata\roaming\undetected_chromedriver\undetected_chromedriver.exe
2025-10-26 20:59:16,261 - ERROR - Failed to setup driver: Binary Location Must be a String
Traceback (most recent call last):
  File "C:\laragon\www\dapokalsel\sekolah\import_url_kabupaten.pyw", line 92, in setup_driver
    driver = uc.Chrome(
  File "C:\laragon\bin\python\python-3.10\lib\site-packages\undetected_chromedriver\__init__.py", line 372, in __init__
    options.binary_location = (
  File "C:\laragon\bin\python\python-3.10\lib\site-packages\selenium\webdriver\chromium\options.py", line 52, in binary_location
    raise TypeError(self.BINARY_LOCATION_ERROR)
TypeError: Binary Location Must be a String
2025-10-26 20:59:16,262 - ERROR - Error on attempt 103: Failed to setup driver
Traceback (most recent call last):
  File "C:\laragon\www\dapokalsel\sekolah\import_url_kabupaten.pyw", line 388, in process_url_induk
    raise Exception("Failed to setup driver")
Exception: Failed to setup driver
2025-10-26 20:59:16,262 - INFO - Retry attempt 104/300...
2025-10-26 20:59:31,265 - INFO - Setting up Chrome driver...
2025-10-26 20:59:31,276 - INFO - Using profile directory: C:\laragon\www\dapokalsel\chrome_profile
2025-10-26 20:59:31,276 - INFO - Initializing undetected Chrome driver...
2025-10-26 20:59:36,870 - INFO - patching driver executable C:\laragon\www\dapokalsel\sekolah\~\appdata\roaming\undetected_chromedriver\undetected_chromedriver.exe
2025-10-26 20:59:36,970 - ERROR - Failed to setup driver: Binary Location Must be a String
Traceback (most recent call last):
  File "C:\laragon\www\dapokalsel\sekolah\import_url_kabupaten.pyw", line 92, in setup_driver
    driver = uc.Chrome(
  File "C:\laragon\bin\python\python-3.10\lib\site-packages\undetected_chromedriver\__init__.py", line 372, in __init__
    options.binary_location = (
  File "C:\laragon\bin\python\python-3.10\lib\site-packages\selenium\webdriver\chromium\options.py", line 52, in binary_location
    raise TypeError(self.BINARY_LOCATION_ERROR)
TypeError: Binary Location Must be a String
2025-10-26 20:59:36,970 - ERROR - Error on attempt 104: Failed to setup driver
Traceback (most recent call last):
  File "C:\laragon\www\dapokalsel\sekolah\import_url_kabupaten.pyw", line 388, in process_url_induk
    raise Exception("Failed to setup driver")
Exception: Failed to setup driver
2025-10-26 20:59:36,970 - INFO - Retry attempt 105/300...
2025-10-26 20:59:51,971 - INFO - Setting up Chrome driver...
2025-10-26 20:59:51,971 - INFO - Using profile directory: C:\laragon\www\dapokalsel\chrome_profile
2025-10-26 20:59:51,972 - INFO - Initializing undetected Chrome driver...
2025-10-26 20:59:55,938 - INFO - patching driver executable C:\laragon\www\dapokalsel\sekolah\~\appdata\roaming\undetected_chromedriver\undetected_chromedriver.exe
2025-10-26 20:59:56,064 - ERROR - Failed to setup driver: Binary Location Must be a String
Traceback (most recent call last):
  File "C:\laragon\www\dapokalsel\sekolah\import_url_kabupaten.pyw", line 92, in setup_driver
    driver = uc.Chrome(
  File "C:\laragon\bin\python\python-3.10\lib\site-packages\undetected_chromedriver\__init__.py", line 372, in __init__
    options.binary_location = (
  File "C:\laragon\bin\python\python-3.10\lib\site-packages\selenium\webdriver\chromium\options.py", line 52, in binary_location
    raise TypeError(self.BINARY_LOCATION_ERROR)
TypeError: Binary Location Must be a String
2025-10-26 20:59:56,064 - ERROR - Error on attempt 105: Failed to setup driver
Traceback (most recent call last):
  File "C:\laragon\www\dapokalsel\sekolah\import_url_kabupaten.pyw", line 388, in process_url_induk
    raise Exception("Failed to setup driver")
Exception: Failed to setup driver
2025-10-26 20:59:56,064 - INFO - Retry attempt 106/300...
2025-10-26 21:00:11,071 - INFO - Setting up Chrome driver...
2025-10-26 21:00:11,071 - INFO - Using profile directory: C:\laragon\www\dapokalsel\chrome_profile
2025-10-26 21:00:11,071 - INFO - Initializing undetected Chrome driver...
2025-10-26 21:00:14,487 - INFO - patching driver executable C:\laragon\www\dapokalsel\sekolah\~\appdata\roaming\undetected_chromedriver\undetected_chromedriver.exe
2025-10-26 21:00:14,579 - ERROR - Failed to setup driver: Binary Location Must be a String
Traceback (most recent call last):
  File "C:\laragon\www\dapokalsel\sekolah\import_url_kabupaten.pyw", line 92, in setup_driver
    driver = uc.Chrome(
  File "C:\laragon\bin\python\python-3.10\lib\site-packages\undetected_chromedriver\__init__.py", line 372, in __init__
    options.binary_location = (
  File "C:\laragon\bin\python\python-3.10\lib\site-packages\selenium\webdriver\chromium\options.py", line 52, in binary_location
    raise TypeError(self.BINARY_LOCATION_ERROR)
TypeError: Binary Location Must be a String
2025-10-26 21:00:14,580 - ERROR - Error on attempt 106: Failed to setup driver
Traceback (most recent call last):
  File "C:\laragon\www\dapokalsel\sekolah\import_url_kabupaten.pyw", line 388, in process_url_induk
    raise Exception("Failed to setup driver")
Exception: Failed to setup driver
2025-10-26 21:00:14,580 - INFO - Retry attempt 107/300...
2025-10-26 21:00:29,580 - INFO - Setting up Chrome driver...
2025-10-26 21:00:29,580 - INFO - Using profile directory: C:\laragon\www\dapokalsel\chrome_profile
2025-10-26 21:00:29,580 - INFO - Initializing undetected Chrome driver...
2025-10-26 21:00:33,721 - INFO - patching driver executable C:\laragon\www\dapokalsel\sekolah\~\appdata\roaming\undetected_chromedriver\undetected_chromedriver.exe
2025-10-26 21:00:33,790 - ERROR - Failed to setup driver: Binary Location Must be a String
Traceback (most recent call last):
  File "C:\laragon\www\dapokalsel\sekolah\import_url_kabupaten.pyw", line 92, in setup_driver
    driver = uc.Chrome(
  File "C:\laragon\bin\python\python-3.10\lib\site-packages\undetected_chromedriver\__init__.py", line 372, in __init__
    options.binary_location = (
  File "C:\laragon\bin\python\python-3.10\lib\site-packages\selenium\webdriver\chromium\options.py", line 52, in binary_location
    raise TypeError(self.BINARY_LOCATION_ERROR)
TypeError: Binary Location Must be a String
2025-10-26 21:00:33,806 - ERROR - Error on attempt 107: Failed to setup driver
Traceback (most recent call last):
  File "C:\laragon\www\dapokalsel\sekolah\import_url_kabupaten.pyw", line 388, in process_url_induk
    raise Exception("Failed to setup driver")
Exception: Failed to setup driver
2025-10-26 21:00:33,807 - INFO - Retry attempt 108/300...
2025-10-26 21:00:48,819 - INFO - Setting up Chrome driver...
2025-10-26 21:00:48,820 - INFO - Using profile directory: C:\laragon\www\dapokalsel\chrome_profile
2025-10-26 21:00:48,820 - INFO - Initializing undetected Chrome driver...
2025-10-26 21:00:52,534 - INFO - patching driver executable C:\laragon\www\dapokalsel\sekolah\~\appdata\roaming\undetected_chromedriver\undetected_chromedriver.exe
2025-10-26 21:00:52,636 - ERROR - Failed to setup driver: Binary Location Must be a String
Traceback (most recent call last):
  File "C:\laragon\www\dapokalsel\sekolah\import_url_kabupaten.pyw", line 92, in setup_driver
    temp_dir = tempfile.gettempdir()
  File "C:\laragon\bin\python\python-3.10\lib\site-packages\undetected_chromedriver\__init__.py", line 372, in __init__
    options.binary_location = (
  File "C:\laragon\bin\python\python-3.10\lib\site-packages\selenium\webdriver\chromium\options.py", line 52, in binary_location
    raise TypeError(self.BINARY_LOCATION_ERROR)
TypeError: Binary Location Must be a String
2025-10-26 21:00:52,636 - ERROR - Error on attempt 108: Failed to setup driver
Traceback (most recent call last):
  File "C:\laragon\www\dapokalsel\sekolah\import_url_kabupaten.pyw", line 388, in process_url_induk
    logger.warning(f"Row {idx} missing data: kode={kode}, nama={nama}, url={full_url}")
Exception: Failed to setup driver
2025-10-26 21:00:52,636 - INFO - Retry attempt 109/300...
2025-10-26 21:01:07,636 - INFO - Setting up Chrome driver...
2025-10-26 21:01:07,638 - INFO - Using profile directory: C:\laragon\www\dapokalsel\chrome_profile
2025-10-26 21:01:07,639 - INFO - Initializing undetected Chrome driver...
2025-10-26 21:01:15,603 - ERROR - Failed to setup driver: [WinError 183] Cannot create a file when that file already exists: 'C:\\laragon\\www\\dapokalsel\\sekolah\\~\\appdata\\roaming\\undetected_chromedriver\\undetected\\chromedriver-win32\\chromedriver.exe' -> 'C:\\laragon\\www\\dapokalsel\\sekolah\\~\\appdata\\roaming\\undetected_chromedriver\\undetected_chromedriver.exe'
Traceback (most recent call last):
  File "C:\laragon\www\dapokalsel\sekolah\import_url_kabupaten.pyw", line 92, in setup_driver
    temp_dir = tempfile.gettempdir()
  File "C:\laragon\bin\python\python-3.10\lib\site-packages\undetected_chromedriver\__init__.py", line 258, in __init__
    self.patcher.auto()
  File "C:\laragon\bin\python\python-3.10\lib\site-packages\undetected_chromedriver\patcher.py", line 178, in auto
    self.unzip_package(self.fetch_package())
  File "C:\laragon\bin\python\python-3.10\lib\site-packages\undetected_chromedriver\patcher.py", line 310, in unzip_package
    os.rename(os.path.join(self.zip_path, exe_path), self.executable_path)
FileExistsError: [WinError 183] Cannot create a file when that file already exists: 'C:\\laragon\\www\\dapokalsel\\sekolah\\~\\appdata\\roaming\\undetected_chromedriver\\undetected\\chromedriver-win32\\chromedriver.exe' -> 'C:\\laragon\\www\\dapokalsel\\sekolah\\~\\appdata\\roaming\\undetected_chromedriver\\undetected_chromedriver.exe'
2025-10-26 21:01:15,603 - ERROR - Error on attempt 109: Failed to setup driver
Traceback (most recent call last):
  File "C:\laragon\www\dapokalsel\sekolah\import_url_kabupaten.pyw", line 388, in process_url_induk
    logger.warning(f"Row {idx} missing data: kode={kode}, nama={nama}, url={full_url}")
Exception: Failed to setup driver
2025-10-26 21:01:15,603 - INFO - Retry attempt 110/300...
2025-10-26 21:01:30,603 - INFO - Setting up Chrome driver...
2025-10-26 21:01:30,604 - INFO - Using profile directory: C:\laragon\www\dapokalsel\chrome_profile
2025-10-26 21:01:30,605 - INFO - Initializing undetected Chrome driver...
2025-10-26 21:01:34,793 - INFO - patching driver executable C:\laragon\www\dapokalsel\sekolah\~\appdata\roaming\undetected_chromedriver\undetected_chromedriver.exe
2025-10-26 21:01:34,912 - ERROR - Failed to setup driver: Binary Location Must be a String
Traceback (most recent call last):
  File "C:\laragon\www\dapokalsel\sekolah\import_url_kabupaten.pyw", line 92, in setup_driver
    temp_dir = tempfile.gettempdir()
  File "C:\laragon\bin\python\python-3.10\lib\site-packages\undetected_chromedriver\__init__.py", line 372, in __init__
    options.binary_location = (
  File "C:\laragon\bin\python\python-3.10\lib\site-packages\selenium\webdriver\chromium\options.py", line 52, in binary_location
    raise TypeError(self.BINARY_LOCATION_ERROR)
TypeError: Binary Location Must be a String
2025-10-26 21:01:34,912 - ERROR - Error on attempt 110: Failed to setup driver
Traceback (most recent call last):
  File "C:\laragon\www\dapokalsel\sekolah\import_url_kabupaten.pyw", line 388, in process_url_induk
    logger.warning(f"Row {idx} missing data: kode={kode}, nama={nama}, url={full_url}")
Exception: Failed to setup driver
2025-10-26 21:01:34,913 - INFO - Retry attempt 111/300...
2025-10-26 21:01:49,916 - INFO - Setting up Chrome driver...
2025-10-26 21:01:49,917 - INFO - Using profile directory: C:\laragon\www\dapokalsel\chrome_profile
2025-10-26 21:01:49,917 - INFO - Initializing undetected Chrome driver...
2025-10-26 21:01:57,334 - INFO - patching driver executable C:\laragon\www\dapokalsel\sekolah\~\appdata\roaming\undetected_chromedriver\undetected_chromedriver.exe
2025-10-26 21:01:57,436 - ERROR - Failed to setup driver: Binary Location Must be a String
Traceback (most recent call last):
  File "C:\laragon\www\dapokalsel\sekolah\import_url_kabupaten.pyw", line 92, in setup_driver
    temp_dir = tempfile.gettempdir()
  File "C:\laragon\bin\python\python-3.10\lib\site-packages\undetected_chromedriver\__init__.py", line 372, in __init__
    options.binary_location = (
  File "C:\laragon\bin\python\python-3.10\lib\site-packages\selenium\webdriver\chromium\options.py", line 52, in binary_location
    raise TypeError(self.BINARY_LOCATION_ERROR)
TypeError: Binary Location Must be a String
2025-10-26 21:01:57,436 - ERROR - Error on attempt 111: Failed to setup driver
Traceback (most recent call last):
  File "C:\laragon\www\dapokalsel\sekolah\import_url_kabupaten.pyw", line 388, in process_url_induk
    logger.warning(f"Row {idx} missing data: kode={kode}, nama={nama}, url={full_url}")
Exception: Failed to setup driver
2025-10-26 21:01:57,437 - INFO - Retry attempt 112/300...
2025-10-26 21:02:12,448 - INFO - Setting up Chrome driver...
2025-10-26 21:02:12,450 - INFO - Using profile directory: C:\laragon\www\dapokalsel\chrome_profile
2025-10-26 21:02:12,450 - INFO - Initializing undetected Chrome driver...
2025-10-26 21:03:57,443 - ERROR - Failed to setup driver: [WinError 183] Cannot create a file when that file already exists: 'C:\\laragon\\www\\dapokalsel\\sekolah\\~\\appdata\\roaming\\undetected_chromedriver\\undetected\\chromedriver-win32\\chromedriver.exe' -> 'C:\\laragon\\www\\dapokalsel\\sekolah\\~\\appdata\\roaming\\undetected_chromedriver\\undetected_chromedriver.exe'
Traceback (most recent call last):
  File "C:\laragon\www\dapokalsel\sekolah\import_url_kabupaten.pyw", line 92, in setup_driver
    temp_dir = tempfile.gettempdir()
  File "C:\laragon\bin\python\python-3.10\lib\site-packages\undetected_chromedriver\__init__.py", line 258, in __init__
    self.patcher.auto()
  File "C:\laragon\bin\python\python-3.10\lib\site-packages\undetected_chromedriver\patcher.py", line 178, in auto
    self.unzip_package(self.fetch_package())
  File "C:\laragon\bin\python\python-3.10\lib\site-packages\undetected_chromedriver\patcher.py", line 310, in unzip_package
    os.rename(os.path.join(self.zip_path, exe_path), self.executable_path)
FileExistsError: [WinError 183] Cannot create a file when that file already exists: 'C:\\laragon\\www\\dapokalsel\\sekolah\\~\\appdata\\roaming\\undetected_chromedriver\\undetected\\chromedriver-win32\\chromedriver.exe' -> 'C:\\laragon\\www\\dapokalsel\\sekolah\\~\\appdata\\roaming\\undetected_chromedriver\\undetected_chromedriver.exe'
2025-10-26 21:03:57,444 - ERROR - Error on attempt 112: Failed to setup driver
Traceback (most recent call last):
  File "C:\laragon\www\dapokalsel\sekolah\import_url_kabupaten.pyw", line 388, in process_url_induk
    logger.warning(f"Row {idx} missing data: kode={kode}, nama={nama}, url={full_url}")
Exception: Failed to setup driver
2025-10-26 21:03:57,444 - INFO - Retry attempt 113/300...
2025-10-26 21:04:12,445 - INFO - Setting up Chrome driver...
2025-10-26 21:04:12,445 - INFO - Using profile directory: C:\laragon\www\dapokalsel\chrome_profile
2025-10-26 21:04:12,445 - INFO - Initializing undetected Chrome driver...
2025-10-26 21:04:19,345 - ERROR - Failed to setup driver: [WinError 183] Cannot create a file when that file already exists: 'C:\\laragon\\www\\dapokalsel\\sekolah\\~\\appdata\\roaming\\undetected_chromedriver\\undetected\\chromedriver-win32\\chromedriver.exe' -> 'C:\\laragon\\www\\dapokalsel\\sekolah\\~\\appdata\\roaming\\undetected_chromedriver\\undetected_chromedriver.exe'
Traceback (most recent call last):
  File "C:\laragon\www\dapokalsel\sekolah\import_url_kabupaten.pyw", line 92, in setup_driver
    temp_dir = tempfile.gettempdir()
  File "C:\laragon\bin\python\python-3.10\lib\site-packages\undetected_chromedriver\__init__.py", line 258, in __init__
    self.patcher.auto()
  File "C:\laragon\bin\python\python-3.10\lib\site-packages\undetected_chromedriver\patcher.py", line 178, in auto
    self.unzip_package(self.fetch_package())
  File "C:\laragon\bin\python\python-3.10\lib\site-packages\undetected_chromedriver\patcher.py", line 310, in unzip_package
    os.rename(os.path.join(self.zip_path, exe_path), self.executable_path)
FileExistsError: [WinError 183] Cannot create a file when that file already exists: 'C:\\laragon\\www\\dapokalsel\\sekolah\\~\\appdata\\roaming\\undetected_chromedriver\\undetected\\chromedriver-win32\\chromedriver.exe' -> 'C:\\laragon\\www\\dapokalsel\\sekolah\\~\\appdata\\roaming\\undetected_chromedriver\\undetected_chromedriver.exe'
2025-10-26 21:04:19,346 - ERROR - Error on attempt 113: Failed to setup driver
Traceback (most recent call last):
  File "C:\laragon\www\dapokalsel\sekolah\import_url_kabupaten.pyw", line 388, in process_url_induk
    logger.warning(f"Row {idx} missing data: kode={kode}, nama={nama}, url={full_url}")
Exception: Failed to setup driver
2025-10-26 21:04:19,346 - INFO - Retry attempt 114/300...
2025-10-26 21:04:34,356 - INFO - Setting up Chrome driver...
2025-10-26 21:04:34,356 - INFO - Using profile directory: C:\laragon\www\dapokalsel\chrome_profile
2025-10-26 21:04:34,357 - INFO - Initializing undetected Chrome driver...
2025-10-26 21:04:41,905 - INFO - patching driver executable C:\laragon\www\dapokalsel\sekolah\~\appdata\roaming\undetected_chromedriver\undetected_chromedriver.exe
2025-10-26 21:04:41,986 - ERROR - Failed to setup driver: Binary Location Must be a String
Traceback (most recent call last):
  File "C:\laragon\www\dapokalsel\sekolah\import_url_kabupaten.pyw", line 92, in setup_driver
    temp_dir = tempfile.gettempdir()
  File "C:\laragon\bin\python\python-3.10\lib\site-packages\undetected_chromedriver\__init__.py", line 372, in __init__
    options.binary_location = (
  File "C:\laragon\bin\python\python-3.10\lib\site-packages\selenium\webdriver\chromium\options.py", line 52, in binary_location
    raise TypeError(self.BINARY_LOCATION_ERROR)
TypeError: Binary Location Must be a String
2025-10-26 21:04:41,986 - ERROR - Error on attempt 114: Failed to setup driver
Traceback (most recent call last):
  File "C:\laragon\www\dapokalsel\sekolah\import_url_kabupaten.pyw", line 388, in process_url_induk
    logger.warning(f"Row {idx} missing data: kode={kode}, nama={nama}, url={full_url}")
Exception: Failed to setup driver
2025-10-26 21:04:41,986 - INFO - Retry attempt 115/300...
2025-10-26 21:04:57,017 - INFO - Setting up Chrome driver...
2025-10-26 21:04:57,017 - INFO - Using profile directory: C:\laragon\www\dapokalsel\chrome_profile
2025-10-26 21:04:57,017 - INFO - Initializing undetected Chrome driver...
2025-10-26 21:05:00,009 - INFO - patching driver executable C:\laragon\www\dapokalsel\sekolah\~\appdata\roaming\undetected_chromedriver\undetected_chromedriver.exe
2025-10-26 21:05:00,112 - ERROR - Failed to setup driver: Binary Location Must be a String
Traceback (most recent call last):
  File "C:\laragon\www\dapokalsel\sekolah\import_url_kabupaten.pyw", line 92, in setup_driver
    temp_dir = tempfile.gettempdir()
  File "C:\laragon\bin\python\python-3.10\lib\site-packages\undetected_chromedriver\__init__.py", line 372, in __init__
    options.binary_location = (
  File "C:\laragon\bin\python\python-3.10\lib\site-packages\selenium\webdriver\chromium\options.py", line 52, in binary_location
    raise TypeError(self.BINARY_LOCATION_ERROR)
TypeError: Binary Location Must be a String
2025-10-26 21:05:00,113 - ERROR - Error on attempt 115: Failed to setup driver
Traceback (most recent call last):
  File "C:\laragon\www\dapokalsel\sekolah\import_url_kabupaten.pyw", line 388, in process_url_induk
    logger.warning(f"Row {idx} missing data: kode={kode}, nama={nama}, url={full_url}")
Exception: Failed to setup driver
2025-10-26 21:05:00,113 - INFO - Retry attempt 116/300...
2025-10-26 21:05:15,126 - INFO - Setting up Chrome driver...
2025-10-26 21:05:15,126 - INFO - Using profile directory: C:\laragon\www\dapokalsel\chrome_profile
2025-10-26 21:05:15,126 - INFO - Initializing undetected Chrome driver...
2025-10-26 21:05:19,015 - INFO - patching driver executable C:\laragon\www\dapokalsel\sekolah\~\appdata\roaming\undetected_chromedriver\undetected_chromedriver.exe
2025-10-26 21:05:19,454 - ERROR - Failed to setup driver: Binary Location Must be a String
Traceback (most recent call last):
  File "C:\laragon\www\dapokalsel\sekolah\import_url_kabupaten.pyw", line 92, in setup_driver
    temp_dir = tempfile.gettempdir()
  File "C:\laragon\bin\python\python-3.10\lib\site-packages\undetected_chromedriver\__init__.py", line 372, in __init__
    options.binary_location = (
  File "C:\laragon\bin\python\python-3.10\lib\site-packages\selenium\webdriver\chromium\options.py", line 52, in binary_location
    raise TypeError(self.BINARY_LOCATION_ERROR)
TypeError: Binary Location Must be a String
2025-10-26 21:05:19,454 - ERROR - Error on attempt 116: Failed to setup driver
Traceback (most recent call last):
  File "C:\laragon\www\dapokalsel\sekolah\import_url_kabupaten.pyw", line 388, in process_url_induk
    logger.warning(f"Row {idx} missing data: kode={kode}, nama={nama}, url={full_url}")
Exception: Failed to setup driver
2025-10-26 21:05:19,454 - INFO - Retry attempt 117/300...
2025-10-26 21:05:34,455 - INFO - Setting up Chrome driver...
2025-10-26 21:05:34,455 - INFO - Using profile directory: C:\laragon\www\dapokalsel\chrome_profile
2025-10-26 21:05:34,455 - INFO - Initializing undetected Chrome driver...
2025-10-26 21:05:46,119 - ERROR - Failed to setup driver: [WinError 32] The process cannot access the file because it is being used by another process: 'C:\\laragon\\www\\dapokalsel\\sekolah\\~\\appdata\\roaming\\undetected_chromedriver\\undetected\\chromedriver-win32\\chromedriver.exe' -> 'C:\\laragon\\www\\dapokalsel\\sekolah\\~\\appdata\\roaming\\undetected_chromedriver\\undetected_chromedriver.exe'
Traceback (most recent call last):
  File "C:\laragon\www\dapokalsel\sekolah\import_url_kabupaten.pyw", line 92, in setup_driver
    temp_dir = tempfile.gettempdir()
  File "C:\laragon\bin\python\python-3.10\lib\site-packages\undetected_chromedriver\__init__.py", line 258, in __init__
    self.patcher.auto()
  File "C:\laragon\bin\python\python-3.10\lib\site-packages\undetected_chromedriver\patcher.py", line 178, in auto
    self.unzip_package(self.fetch_package())
  File "C:\laragon\bin\python\python-3.10\lib\site-packages\undetected_chromedriver\patcher.py", line 310, in unzip_package
    os.rename(os.path.join(self.zip_path, exe_path), self.executable_path)
PermissionError: [WinError 32] The process cannot access the file because it is being used by another process: 'C:\\laragon\\www\\dapokalsel\\sekolah\\~\\appdata\\roaming\\undetected_chromedriver\\undetected\\chromedriver-win32\\chromedriver.exe' -> 'C:\\laragon\\www\\dapokalsel\\sekolah\\~\\appdata\\roaming\\undetected_chromedriver\\undetected_chromedriver.exe'
2025-10-26 21:05:46,164 - ERROR - Error on attempt 117: Failed to setup driver
Traceback (most recent call last):
  File "C:\laragon\www\dapokalsel\sekolah\import_url_kabupaten.pyw", line 388, in process_url_induk
    logger.warning(f"Row {idx} missing data: kode={kode}, nama={nama}, url={full_url}")
Exception: Failed to setup driver
2025-10-26 21:05:46,164 - INFO - Retry attempt 118/300...
2025-10-26 21:06:01,165 - INFO - Setting up Chrome driver...
2025-10-26 21:06:01,165 - INFO - Using profile directory: C:\laragon\www\dapokalsel\chrome_profile
2025-10-26 21:06:01,165 - INFO - Initializing undetected Chrome driver...
2025-10-26 21:06:05,193 - INFO - patching driver executable C:\laragon\www\dapokalsel\sekolah\~\appdata\roaming\undetected_chromedriver\undetected_chromedriver.exe
2025-10-26 21:06:05,312 - ERROR - Failed to setup driver: Binary Location Must be a String
Traceback (most recent call last):
  File "C:\laragon\www\dapokalsel\sekolah\import_url_kabupaten.pyw", line 92, in setup_driver
    temp_dir = tempfile.gettempdir()
  File "C:\laragon\bin\python\python-3.10\lib\site-packages\undetected_chromedriver\__init__.py", line 372, in __init__
    options.binary_location = (
  File "C:\laragon\bin\python\python-3.10\lib\site-packages\selenium\webdriver\chromium\options.py", line 52, in binary_location
    raise TypeError(self.BINARY_LOCATION_ERROR)
TypeError: Binary Location Must be a String
2025-10-26 21:06:05,313 - ERROR - Error on attempt 118: Failed to setup driver
Traceback (most recent call last):
  File "C:\laragon\www\dapokalsel\sekolah\import_url_kabupaten.pyw", line 388, in process_url_induk
    logger.warning(f"Row {idx} missing data: kode={kode}, nama={nama}, url={full_url}")
Exception: Failed to setup driver
2025-10-26 21:06:05,314 - INFO - Retry attempt 119/300...
2025-10-26 21:06:20,315 - INFO - Setting up Chrome driver...
2025-10-26 21:06:20,666 - INFO - Using profile directory: C:\laragon\www\dapokalsel\chrome_profile
2025-10-26 21:06:20,666 - INFO - Initializing undetected Chrome driver...
2025-10-26 21:08:42,293 - INFO - patching driver executable C:\laragon\www\dapokalsel\sekolah\~\appdata\roaming\undetected_chromedriver\undetected_chromedriver.exe
2025-10-26 21:08:45,516 - ERROR - Failed to setup driver: Binary Location Must be a String
Traceback (most recent call last):
  File "C:\laragon\www\dapokalsel\sekolah\import_url_kabupaten.pyw", line 92, in setup_driver
    temp_dir = tempfile.gettempdir()
  File "C:\laragon\bin\python\python-3.10\lib\site-packages\undetected_chromedriver\__init__.py", line 372, in __init__
    options.binary_location = (
  File "C:\laragon\bin\python\python-3.10\lib\site-packages\selenium\webdriver\chromium\options.py", line 52, in binary_location
    raise TypeError(self.BINARY_LOCATION_ERROR)
TypeError: Binary Location Must be a String
2025-10-26 21:08:48,361 - ERROR - Error on attempt 119: Failed to setup driver
Traceback (most recent call last):
  File "C:\laragon\www\dapokalsel\sekolah\import_url_kabupaten.pyw", line 388, in process_url_induk
    logger.warning(f"Row {idx} missing data: kode={kode}, nama={nama}, url={full_url}")
Exception: Failed to setup driver
2025-10-26 21:08:48,361 - INFO - Retry attempt 120/300...
2025-10-26 21:09:03,361 - INFO - Setting up Chrome driver...
2025-10-26 21:09:03,361 - INFO - Using profile directory: C:\laragon\www\dapokalsel\chrome_profile
2025-10-26 21:09:03,362 - INFO - Initializing undetected Chrome driver...
2025-10-26 21:09:25,059 - ERROR - Failed to setup driver: [WinError 183] Cannot create a file when that file already exists: 'C:\\laragon\\www\\dapokalsel\\sekolah\\~\\appdata\\roaming\\undetected_chromedriver\\undetected\\chromedriver-win32\\chromedriver.exe' -> 'C:\\laragon\\www\\dapokalsel\\sekolah\\~\\appdata\\roaming\\undetected_chromedriver\\undetected_chromedriver.exe'
Traceback (most recent call last):
  File "C:\laragon\www\dapokalsel\sekolah\import_url_kabupaten.pyw", line 92, in setup_driver
    temp_dir = tempfile.gettempdir()
  File "C:\laragon\bin\python\python-3.10\lib\site-packages\undetected_chromedriver\__init__.py", line 258, in __init__
    self.patcher.auto()
  File "C:\laragon\bin\python\python-3.10\lib\site-packages\undetected_chromedriver\patcher.py", line 178, in auto
    self.unzip_package(self.fetch_package())
  File "C:\laragon\bin\python\python-3.10\lib\site-packages\undetected_chromedriver\patcher.py", line 310, in unzip_package
    os.rename(os.path.join(self.zip_path, exe_path), self.executable_path)
FileExistsError: [WinError 183] Cannot create a file when that file already exists: 'C:\\laragon\\www\\dapokalsel\\sekolah\\~\\appdata\\roaming\\undetected_chromedriver\\undetected\\chromedriver-win32\\chromedriver.exe' -> 'C:\\laragon\\www\\dapokalsel\\sekolah\\~\\appdata\\roaming\\undetected_chromedriver\\undetected_chromedriver.exe'
2025-10-26 21:09:25,799 - ERROR - Error on attempt 120: Failed to setup driver
Traceback (most recent call last):
  File "C:\laragon\www\dapokalsel\sekolah\import_url_kabupaten.pyw", line 388, in process_url_induk
    logger.warning(f"Row {idx} missing data: kode={kode}, nama={nama}, url={full_url}")
Exception: Failed to setup driver
2025-10-26 21:09:25,799 - INFO - Retry attempt 121/300...
2025-10-26 21:09:40,800 - INFO - Setting up Chrome driver...
2025-10-26 21:09:41,418 - INFO - Using profile directory: C:\laragon\www\dapokalsel\chrome_profile
2025-10-26 21:09:41,418 - INFO - Initializing undetected Chrome driver...
2025-10-26 21:09:54,066 - INFO - patching driver executable C:\laragon\www\dapokalsel\sekolah\~\appdata\roaming\undetected_chromedriver\undetected_chromedriver.exe
2025-10-26 21:09:54,167 - ERROR - Failed to setup driver: Binary Location Must be a String
Traceback (most recent call last):
  File "C:\laragon\www\dapokalsel\sekolah\import_url_kabupaten.pyw", line 92, in setup_driver
    temp_dir = tempfile.gettempdir()
  File "C:\laragon\bin\python\python-3.10\lib\site-packages\undetected_chromedriver\__init__.py", line 372, in __init__
    options.binary_location = (
  File "C:\laragon\bin\python\python-3.10\lib\site-packages\selenium\webdriver\chromium\options.py", line 52, in binary_location
    raise TypeError(self.BINARY_LOCATION_ERROR)
TypeError: Binary Location Must be a String
2025-10-26 21:09:54,168 - ERROR - Error on attempt 121: Failed to setup driver
Traceback (most recent call last):
  File "C:\laragon\www\dapokalsel\sekolah\import_url_kabupaten.pyw", line 388, in process_url_induk
    logger.warning(f"Row {idx} missing data: kode={kode}, nama={nama}, url={full_url}")
Exception: Failed to setup driver
2025-10-26 21:09:54,169 - INFO - Retry attempt 122/300...
2025-10-26 21:10:09,169 - INFO - Setting up Chrome driver...
2025-10-26 21:10:09,170 - INFO - Using profile directory: C:\laragon\www\dapokalsel\chrome_profile
2025-10-26 21:10:09,170 - INFO - Initializing undetected Chrome driver...
2025-10-26 21:10:20,188 - ERROR - Failed to setup driver: [WinError 183] Cannot create a file when that file already exists: 'C:\\laragon\\www\\dapokalsel\\sekolah\\~\\appdata\\roaming\\undetected_chromedriver\\undetected\\chromedriver-win32\\chromedriver.exe' -> 'C:\\laragon\\www\\dapokalsel\\sekolah\\~\\appdata\\roaming\\undetected_chromedriver\\undetected_chromedriver.exe'
Traceback (most recent call last):
  File "C:\laragon\www\dapokalsel\sekolah\import_url_kabupaten.pyw", line 92, in setup_driver
    temp_dir = tempfile.gettempdir()
  File "C:\laragon\bin\python\python-3.10\lib\site-packages\undetected_chromedriver\__init__.py", line 258, in __init__
    self.patcher.auto()
  File "C:\laragon\bin\python\python-3.10\lib\site-packages\undetected_chromedriver\patcher.py", line 178, in auto
    self.unzip_package(self.fetch_package())
  File "C:\laragon\bin\python\python-3.10\lib\site-packages\undetected_chromedriver\patcher.py", line 310, in unzip_package
    os.rename(os.path.join(self.zip_path, exe_path), self.executable_path)
FileExistsError: [WinError 183] Cannot create a file when that file already exists: 'C:\\laragon\\www\\dapokalsel\\sekolah\\~\\appdata\\roaming\\undetected_chromedriver\\undetected\\chromedriver-win32\\chromedriver.exe' -> 'C:\\laragon\\www\\dapokalsel\\sekolah\\~\\appdata\\roaming\\undetected_chromedriver\\undetected_chromedriver.exe'
2025-10-26 21:10:20,190 - ERROR - Error on attempt 122: Failed to setup driver
Traceback (most recent call last):
  File "C:\laragon\www\dapokalsel\sekolah\import_url_kabupaten.pyw", line 388, in process_url_induk
    logger.warning(f"Row {idx} missing data: kode={kode}, nama={nama}, url={full_url}")
Exception: Failed to setup driver
2025-10-26 21:10:20,191 - INFO - Retry attempt 123/300...
2025-10-26 21:10:35,192 - INFO - Setting up Chrome driver...
2025-10-26 21:10:35,200 - INFO - Using profile directory: C:\laragon\www\dapokalsel\chrome_profile
2025-10-26 21:10:35,231 - INFO - Initializing undetected Chrome driver...
2025-10-26 21:10:54,882 - ERROR - Failed to setup driver: [WinError 183] Cannot create a file when that file already exists: 'C:\\laragon\\www\\dapokalsel\\sekolah\\~\\appdata\\roaming\\undetected_chromedriver\\undetected\\chromedriver-win32\\chromedriver.exe' -> 'C:\\laragon\\www\\dapokalsel\\sekolah\\~\\appdata\\roaming\\undetected_chromedriver\\undetected_chromedriver.exe'
Traceback (most recent call last):
  File "C:\laragon\www\dapokalsel\sekolah\import_url_kabupaten.pyw", line 92, in setup_driver
    temp_dir = tempfile.gettempdir()
  File "C:\laragon\bin\python\python-3.10\lib\site-packages\undetected_chromedriver\__init__.py", line 258, in __init__
    self.patcher.auto()
  File "C:\laragon\bin\python\python-3.10\lib\site-packages\undetected_chromedriver\patcher.py", line 178, in auto
    self.unzip_package(self.fetch_package())
  File "C:\laragon\bin\python\python-3.10\lib\site-packages\undetected_chromedriver\patcher.py", line 310, in unzip_package
    os.rename(os.path.join(self.zip_path, exe_path), self.executable_path)
FileExistsError: [WinError 183] Cannot create a file when that file already exists: 'C:\\laragon\\www\\dapokalsel\\sekolah\\~\\appdata\\roaming\\undetected_chromedriver\\undetected\\chromedriver-win32\\chromedriver.exe' -> 'C:\\laragon\\www\\dapokalsel\\sekolah\\~\\appdata\\roaming\\undetected_chromedriver\\undetected_chromedriver.exe'
2025-10-26 21:10:54,883 - ERROR - Error on attempt 123: Failed to setup driver
Traceback (most recent call last):
  File "C:\laragon\www\dapokalsel\sekolah\import_url_kabupaten.pyw", line 388, in process_url_induk
    logger.warning(f"Row {idx} missing data: kode={kode}, nama={nama}, url={full_url}")
Exception: Failed to setup driver
2025-10-26 21:10:54,884 - INFO - Retry attempt 124/300...
2025-10-26 21:11:09,884 - INFO - Setting up Chrome driver...
2025-10-26 21:11:09,884 - INFO - Using profile directory: C:\laragon\www\dapokalsel\chrome_profile
2025-10-26 21:11:09,884 - INFO - Initializing undetected Chrome driver...
2025-10-26 21:11:18,040 - INFO - patching driver executable C:\laragon\www\dapokalsel\sekolah\~\appdata\roaming\undetected_chromedriver\undetected_chromedriver.exe
2025-10-26 21:11:18,128 - ERROR - Failed to setup driver: Binary Location Must be a String
Traceback (most recent call last):
  File "C:\laragon\www\dapokalsel\sekolah\import_url_kabupaten.pyw", line 92, in setup_driver
    temp_dir = tempfile.gettempdir()
  File "C:\laragon\bin\python\python-3.10\lib\site-packages\undetected_chromedriver\__init__.py", line 372, in __init__
    options.binary_location = (
  File "C:\laragon\bin\python\python-3.10\lib\site-packages\selenium\webdriver\chromium\options.py", line 52, in binary_location
    raise TypeError(self.BINARY_LOCATION_ERROR)
TypeError: Binary Location Must be a String
2025-10-26 21:11:18,129 - ERROR - Error on attempt 124: Failed to setup driver
Traceback (most recent call last):
  File "C:\laragon\www\dapokalsel\sekolah\import_url_kabupaten.pyw", line 388, in process_url_induk
    logger.warning(f"Row {idx} missing data: kode={kode}, nama={nama}, url={full_url}")
Exception: Failed to setup driver
2025-10-26 21:11:18,129 - INFO - Retry attempt 125/300...
2025-10-26 21:11:33,130 - INFO - Setting up Chrome driver...
2025-10-26 21:11:33,130 - INFO - Using profile directory: C:\laragon\www\dapokalsel\chrome_profile
2025-10-26 21:11:33,131 - INFO - Initializing undetected Chrome driver...
2025-10-26 21:11:42,157 - ERROR - Failed to setup driver: [WinError 183] Cannot create a file when that file already exists: 'C:\\laragon\\www\\dapokalsel\\sekolah\\~\\appdata\\roaming\\undetected_chromedriver\\undetected\\chromedriver-win32\\chromedriver.exe' -> 'C:\\laragon\\www\\dapokalsel\\sekolah\\~\\appdata\\roaming\\undetected_chromedriver\\undetected_chromedriver.exe'
Traceback (most recent call last):
  File "C:\laragon\www\dapokalsel\sekolah\import_url_kabupaten.pyw", line 92, in setup_driver
    temp_dir = tempfile.gettempdir()
  File "C:\laragon\bin\python\python-3.10\lib\site-packages\undetected_chromedriver\__init__.py", line 258, in __init__
    self.patcher.auto()
  File "C:\laragon\bin\python\python-3.10\lib\site-packages\undetected_chromedriver\patcher.py", line 178, in auto
    self.unzip_package(self.fetch_package())
  File "C:\laragon\bin\python\python-3.10\lib\site-packages\undetected_chromedriver\patcher.py", line 310, in unzip_package
    os.rename(os.path.join(self.zip_path, exe_path), self.executable_path)
FileExistsError: [WinError 183] Cannot create a file when that file already exists: 'C:\\laragon\\www\\dapokalsel\\sekolah\\~\\appdata\\roaming\\undetected_chromedriver\\undetected\\chromedriver-win32\\chromedriver.exe' -> 'C:\\laragon\\www\\dapokalsel\\sekolah\\~\\appdata\\roaming\\undetected_chromedriver\\undetected_chromedriver.exe'
2025-10-26 21:11:42,721 - ERROR - Error on attempt 125: Failed to setup driver
Traceback (most recent call last):
  File "C:\laragon\www\dapokalsel\sekolah\import_url_kabupaten.pyw", line 388, in process_url_induk
    logger.warning(f"Row {idx} missing data: kode={kode}, nama={nama}, url={full_url}")
Exception: Failed to setup driver
2025-10-26 21:11:42,722 - INFO - Retry attempt 126/300...
2025-10-26 21:11:57,722 - INFO - Setting up Chrome driver...
2025-10-26 21:11:57,723 - INFO - Using profile directory: C:\laragon\www\dapokalsel\chrome_profile
2025-10-26 21:11:57,723 - INFO - Initializing undetected Chrome driver...
2025-10-26 21:12:02,940 - ERROR - Failed to setup driver: [WinError 183] Cannot create a file when that file already exists: 'C:\\laragon\\www\\dapokalsel\\sekolah\\~\\appdata\\roaming\\undetected_chromedriver\\undetected\\chromedriver-win32\\chromedriver.exe' -> 'C:\\laragon\\www\\dapokalsel\\sekolah\\~\\appdata\\roaming\\undetected_chromedriver\\undetected_chromedriver.exe'
Traceback (most recent call last):
  File "C:\laragon\www\dapokalsel\sekolah\import_url_kabupaten.pyw", line 92, in setup_driver
    temp_dir = tempfile.gettempdir()
  File "C:\laragon\bin\python\python-3.10\lib\site-packages\undetected_chromedriver\__init__.py", line 258, in __init__
    self.patcher.auto()
  File "C:\laragon\bin\python\python-3.10\lib\site-packages\undetected_chromedriver\patcher.py", line 178, in auto
    self.unzip_package(self.fetch_package())
  File "C:\laragon\bin\python\python-3.10\lib\site-packages\undetected_chromedriver\patcher.py", line 310, in unzip_package
    os.rename(os.path.join(self.zip_path, exe_path), self.executable_path)
FileExistsError: [WinError 183] Cannot create a file when that file already exists: 'C:\\laragon\\www\\dapokalsel\\sekolah\\~\\appdata\\roaming\\undetected_chromedriver\\undetected\\chromedriver-win32\\chromedriver.exe' -> 'C:\\laragon\\www\\dapokalsel\\sekolah\\~\\appdata\\roaming\\undetected_chromedriver\\undetected_chromedriver.exe'
2025-10-26 21:12:02,941 - ERROR - Error on attempt 126: Failed to setup driver
Traceback (most recent call last):
  File "C:\laragon\www\dapokalsel\sekolah\import_url_kabupaten.pyw", line 388, in process_url_induk
    logger.warning(f"Row {idx} missing data: kode={kode}, nama={nama}, url={full_url}")
Exception: Failed to setup driver
2025-10-26 21:12:02,941 - INFO - Retry attempt 127/300...
2025-10-26 21:12:17,941 - INFO - Setting up Chrome driver...
2025-10-26 21:12:17,942 - INFO - Using profile directory: C:\laragon\www\dapokalsel\chrome_profile
2025-10-26 21:12:17,942 - INFO - Initializing undetected Chrome driver...
2025-10-26 21:12:25,296 - INFO - patching driver executable C:\laragon\www\dapokalsel\sekolah\~\appdata\roaming\undetected_chromedriver\undetected_chromedriver.exe
2025-10-26 21:12:25,404 - ERROR - Failed to setup driver: Binary Location Must be a String
Traceback (most recent call last):
  File "C:\laragon\www\dapokalsel\sekolah\import_url_kabupaten.pyw", line 92, in setup_driver
    temp_dir = tempfile.gettempdir()
  File "C:\laragon\bin\python\python-3.10\lib\site-packages\undetected_chromedriver\__init__.py", line 372, in __init__
    options.binary_location = (
  File "C:\laragon\bin\python\python-3.10\lib\site-packages\selenium\webdriver\chromium\options.py", line 52, in binary_location
    raise TypeError(self.BINARY_LOCATION_ERROR)
TypeError: Binary Location Must be a String
2025-10-26 21:12:25,405 - ERROR - Error on attempt 127: Failed to setup driver
Traceback (most recent call last):
  File "C:\laragon\www\dapokalsel\sekolah\import_url_kabupaten.pyw", line 388, in process_url_induk
    logger.warning(f"Row {idx} missing data: kode={kode}, nama={nama}, url={full_url}")
Exception: Failed to setup driver
2025-10-26 21:12:25,406 - INFO - Retry attempt 128/300...
2025-10-26 21:12:40,407 - INFO - Setting up Chrome driver...
2025-10-26 21:12:40,407 - INFO - Using profile directory: C:\laragon\www\dapokalsel\chrome_profile
2025-10-26 21:12:40,408 - INFO - Initializing undetected Chrome driver...
2025-10-26 21:12:46,642 - INFO - patching driver executable C:\laragon\www\dapokalsel\sekolah\~\appdata\roaming\undetected_chromedriver\undetected_chromedriver.exe
2025-10-26 21:12:46,956 - ERROR - Failed to setup driver: Binary Location Must be a String
Traceback (most recent call last):
  File "C:\laragon\www\dapokalsel\sekolah\import_url_kabupaten.pyw", line 92, in setup_driver
    temp_dir = tempfile.gettempdir()
  File "C:\laragon\bin\python\python-3.10\lib\site-packages\undetected_chromedriver\__init__.py", line 372, in __init__
    options.binary_location = (
  File "C:\laragon\bin\python\python-3.10\lib\site-packages\selenium\webdriver\chromium\options.py", line 52, in binary_location
    raise TypeError(self.BINARY_LOCATION_ERROR)
TypeError: Binary Location Must be a String
2025-10-26 21:12:46,958 - ERROR - Error on attempt 128: Failed to setup driver
Traceback (most recent call last):
  File "C:\laragon\www\dapokalsel\sekolah\import_url_kabupaten.pyw", line 388, in process_url_induk
    logger.warning(f"Row {idx} missing data: kode={kode}, nama={nama}, url={full_url}")
Exception: Failed to setup driver
2025-10-26 21:12:46,958 - INFO - Retry attempt 129/300...
2025-10-26 21:13:01,958 - INFO - Setting up Chrome driver...
2025-10-26 21:13:01,959 - INFO - Using profile directory: C:\laragon\www\dapokalsel\chrome_profile
2025-10-26 21:13:01,959 - INFO - Initializing undetected Chrome driver...
2025-10-26 21:13:09,888 - ERROR - Failed to setup driver: [WinError 183] Cannot create a file when that file already exists: 'C:\\laragon\\www\\dapokalsel\\sekolah\\~\\appdata\\roaming\\undetected_chromedriver\\undetected\\chromedriver-win32\\chromedriver.exe' -> 'C:\\laragon\\www\\dapokalsel\\sekolah\\~\\appdata\\roaming\\undetected_chromedriver\\undetected_chromedriver.exe'
Traceback (most recent call last):
  File "C:\laragon\www\dapokalsel\sekolah\import_url_kabupaten.pyw", line 92, in setup_driver
    temp_dir = tempfile.gettempdir()
  File "C:\laragon\bin\python\python-3.10\lib\site-packages\undetected_chromedriver\__init__.py", line 258, in __init__
    self.patcher.auto()
  File "C:\laragon\bin\python\python-3.10\lib\site-packages\undetected_chromedriver\patcher.py", line 178, in auto
    self.unzip_package(self.fetch_package())
  File "C:\laragon\bin\python\python-3.10\lib\site-packages\undetected_chromedriver\patcher.py", line 310, in unzip_package
    os.rename(os.path.join(self.zip_path, exe_path), self.executable_path)
FileExistsError: [WinError 183] Cannot create a file when that file already exists: 'C:\\laragon\\www\\dapokalsel\\sekolah\\~\\appdata\\roaming\\undetected_chromedriver\\undetected\\chromedriver-win32\\chromedriver.exe' -> 'C:\\laragon\\www\\dapokalsel\\sekolah\\~\\appdata\\roaming\\undetected_chromedriver\\undetected_chromedriver.exe'
2025-10-26 21:13:09,889 - ERROR - Error on attempt 129: Failed to setup driver
Traceback (most recent call last):
  File "C:\laragon\www\dapokalsel\sekolah\import_url_kabupaten.pyw", line 388, in process_url_induk
    logger.warning(f"Row {idx} missing data: kode={kode}, nama={nama}, url={full_url}")
Exception: Failed to setup driver
2025-10-26 21:13:09,889 - INFO - Retry attempt 130/300...
2025-10-26 21:13:24,889 - INFO - Setting up Chrome driver...
2025-10-26 21:13:24,890 - INFO - Using profile directory: C:\laragon\www\dapokalsel\chrome_profile
2025-10-26 21:13:24,891 - INFO - Initializing undetected Chrome driver...
2025-10-26 21:13:30,490 - ERROR - Failed to setup driver: [WinError 183] Cannot create a file when that file already exists: 'C:\\laragon\\www\\dapokalsel\\sekolah\\~\\appdata\\roaming\\undetected_chromedriver\\undetected\\chromedriver-win32\\chromedriver.exe' -> 'C:\\laragon\\www\\dapokalsel\\sekolah\\~\\appdata\\roaming\\undetected_chromedriver\\undetected_chromedriver.exe'
Traceback (most recent call last):
  File "C:\laragon\www\dapokalsel\sekolah\import_url_kabupaten.pyw", line 92, in setup_driver
    temp_dir = tempfile.gettempdir()
  File "C:\laragon\bin\python\python-3.10\lib\site-packages\undetected_chromedriver\__init__.py", line 258, in __init__
    self.patcher.auto()
  File "C:\laragon\bin\python\python-3.10\lib\site-packages\undetected_chromedriver\patcher.py", line 178, in auto
    self.unzip_package(self.fetch_package())
  File "C:\laragon\bin\python\python-3.10\lib\site-packages\undetected_chromedriver\patcher.py", line 310, in unzip_package
    os.rename(os.path.join(self.zip_path, exe_path), self.executable_path)
FileExistsError: [WinError 183] Cannot create a file when that file already exists: 'C:\\laragon\\www\\dapokalsel\\sekolah\\~\\appdata\\roaming\\undetected_chromedriver\\undetected\\chromedriver-win32\\chromedriver.exe' -> 'C:\\laragon\\www\\dapokalsel\\sekolah\\~\\appdata\\roaming\\undetected_chromedriver\\undetected_chromedriver.exe'
2025-10-26 21:13:30,552 - ERROR - Error on attempt 130: Failed to setup driver
Traceback (most recent call last):
  File "C:\laragon\www\dapokalsel\sekolah\import_url_kabupaten.pyw", line 388, in process_url_induk
    logger.warning(f"Row {idx} missing data: kode={kode}, nama={nama}, url={full_url}")
Exception: Failed to setup driver
2025-10-26 21:13:30,553 - INFO - Retry attempt 131/300...
2025-10-26 21:13:45,554 - INFO - Setting up Chrome driver...
2025-10-26 21:13:45,554 - INFO - Using profile directory: C:\laragon\www\dapokalsel\chrome_profile
2025-10-26 21:13:45,554 - INFO - Initializing undetected Chrome driver...
2025-10-26 21:13:51,965 - ERROR - Failed to setup driver: [WinError 32] The process cannot access the file because it is being used by another process: 'C:\\laragon\\www\\dapokalsel\\sekolah\\~\\appdata\\roaming\\undetected_chromedriver\\undetected\\chromedriver-win32\\chromedriver.exe' -> 'C:\\laragon\\www\\dapokalsel\\sekolah\\~\\appdata\\roaming\\undetected_chromedriver\\undetected_chromedriver.exe'
Traceback (most recent call last):
  File "C:\laragon\www\dapokalsel\sekolah\import_url_kabupaten.pyw", line 92, in setup_driver
    temp_dir = tempfile.gettempdir()
  File "C:\laragon\bin\python\python-3.10\lib\site-packages\undetected_chromedriver\__init__.py", line 258, in __init__
    self.patcher.auto()
  File "C:\laragon\bin\python\python-3.10\lib\site-packages\undetected_chromedriver\patcher.py", line 178, in auto
    self.unzip_package(self.fetch_package())
  File "C:\laragon\bin\python\python-3.10\lib\site-packages\undetected_chromedriver\patcher.py", line 310, in unzip_package
    os.rename(os.path.join(self.zip_path, exe_path), self.executable_path)
PermissionError: [WinError 32] The process cannot access the file because it is being used by another process: 'C:\\laragon\\www\\dapokalsel\\sekolah\\~\\appdata\\roaming\\undetected_chromedriver\\undetected\\chromedriver-win32\\chromedriver.exe' -> 'C:\\laragon\\www\\dapokalsel\\sekolah\\~\\appdata\\roaming\\undetected_chromedriver\\undetected_chromedriver.exe'
2025-10-26 21:13:51,967 - ERROR - Error on attempt 131: Failed to setup driver
Traceback (most recent call last):
  File "C:\laragon\www\dapokalsel\sekolah\import_url_kabupaten.pyw", line 388, in process_url_induk
    logger.warning(f"Row {idx} missing data: kode={kode}, nama={nama}, url={full_url}")
Exception: Failed to setup driver
2025-10-26 21:13:51,967 - INFO - Retry attempt 132/300...
2025-10-26 21:14:06,967 - INFO - Setting up Chrome driver...
2025-10-26 21:14:06,967 - INFO - Using profile directory: C:\laragon\www\dapokalsel\chrome_profile
2025-10-26 21:14:06,967 - INFO - Initializing undetected Chrome driver...
2025-10-26 21:14:12,283 - ERROR - Failed to setup driver: [WinError 183] Cannot create a file when that file already exists: 'C:\\laragon\\www\\dapokalsel\\sekolah\\~\\appdata\\roaming\\undetected_chromedriver\\undetected\\chromedriver-win32\\chromedriver.exe' -> 'C:\\laragon\\www\\dapokalsel\\sekolah\\~\\appdata\\roaming\\undetected_chromedriver\\undetected_chromedriver.exe'
Traceback (most recent call last):
  File "C:\laragon\www\dapokalsel\sekolah\import_url_kabupaten.pyw", line 92, in setup_driver
    temp_dir = tempfile.gettempdir()
  File "C:\laragon\bin\python\python-3.10\lib\site-packages\undetected_chromedriver\__init__.py", line 258, in __init__
    self.patcher.auto()
  File "C:\laragon\bin\python\python-3.10\lib\site-packages\undetected_chromedriver\patcher.py", line 178, in auto
    self.unzip_package(self.fetch_package())
  File "C:\laragon\bin\python\python-3.10\lib\site-packages\undetected_chromedriver\patcher.py", line 310, in unzip_package
    os.rename(os.path.join(self.zip_path, exe_path), self.executable_path)
FileExistsError: [WinError 183] Cannot create a file when that file already exists: 'C:\\laragon\\www\\dapokalsel\\sekolah\\~\\appdata\\roaming\\undetected_chromedriver\\undetected\\chromedriver-win32\\chromedriver.exe' -> 'C:\\laragon\\www\\dapokalsel\\sekolah\\~\\appdata\\roaming\\undetected_chromedriver\\undetected_chromedriver.exe'
2025-10-26 21:14:12,284 - ERROR - Error on attempt 132: Failed to setup driver
Traceback (most recent call last):
  File "C:\laragon\www\dapokalsel\sekolah\import_url_kabupaten.pyw", line 388, in process_url_induk
    logger.warning(f"Row {idx} missing data: kode={kode}, nama={nama}, url={full_url}")
Exception: Failed to setup driver
2025-10-26 21:14:12,284 - INFO - Retry attempt 133/300...
2025-10-26 21:14:27,292 - INFO - Setting up Chrome driver...
2025-10-26 21:14:27,293 - INFO - Using profile directory: C:\laragon\www\dapokalsel\chrome_profile
2025-10-26 21:14:27,293 - INFO - Initializing undetected Chrome driver...
2025-10-26 21:14:32,400 - ERROR - Failed to setup driver: [WinError 183] Cannot create a file when that file already exists: 'C:\\laragon\\www\\dapokalsel\\sekolah\\~\\appdata\\roaming\\undetected_chromedriver\\undetected\\chromedriver-win32\\chromedriver.exe' -> 'C:\\laragon\\www\\dapokalsel\\sekolah\\~\\appdata\\roaming\\undetected_chromedriver\\undetected_chromedriver.exe'
Traceback (most recent call last):
  File "C:\laragon\www\dapokalsel\sekolah\import_url_kabupaten.pyw", line 92, in setup_driver
    temp_dir = tempfile.gettempdir()
  File "C:\laragon\bin\python\python-3.10\lib\site-packages\undetected_chromedriver\__init__.py", line 258, in __init__
    self.patcher.auto()
  File "C:\laragon\bin\python\python-3.10\lib\site-packages\undetected_chromedriver\patcher.py", line 178, in auto
    self.unzip_package(self.fetch_package())
  File "C:\laragon\bin\python\python-3.10\lib\site-packages\undetected_chromedriver\patcher.py", line 310, in unzip_package
    os.rename(os.path.join(self.zip_path, exe_path), self.executable_path)
FileExistsError: [WinError 183] Cannot create a file when that file already exists: 'C:\\laragon\\www\\dapokalsel\\sekolah\\~\\appdata\\roaming\\undetected_chromedriver\\undetected\\chromedriver-win32\\chromedriver.exe' -> 'C:\\laragon\\www\\dapokalsel\\sekolah\\~\\appdata\\roaming\\undetected_chromedriver\\undetected_chromedriver.exe'
2025-10-26 21:14:32,401 - ERROR - Error on attempt 133: Failed to setup driver
Traceback (most recent call last):
  File "C:\laragon\www\dapokalsel\sekolah\import_url_kabupaten.pyw", line 388, in process_url_induk
    logger.warning(f"Row {idx} missing data: kode={kode}, nama={nama}, url={full_url}")
Exception: Failed to setup driver
2025-10-26 21:14:32,401 - INFO - Retry attempt 134/300...
2025-10-26 21:14:47,402 - INFO - Setting up Chrome driver...
2025-10-26 21:14:47,403 - INFO - Using profile directory: C:\laragon\www\dapokalsel\chrome_profile
2025-10-26 21:14:47,403 - INFO - Initializing undetected Chrome driver...
2025-10-26 21:15:01,158 - INFO - patching driver executable C:\laragon\www\dapokalsel\sekolah\~\appdata\roaming\undetected_chromedriver\undetected_chromedriver.exe
2025-10-26 21:15:01,241 - ERROR - Failed to setup driver: Binary Location Must be a String
Traceback (most recent call last):
  File "C:\laragon\www\dapokalsel\sekolah\import_url_kabupaten.pyw", line 92, in setup_driver
    temp_dir = tempfile.gettempdir()
  File "C:\laragon\bin\python\python-3.10\lib\site-packages\undetected_chromedriver\__init__.py", line 372, in __init__
    options.binary_location = (
  File "C:\laragon\bin\python\python-3.10\lib\site-packages\selenium\webdriver\chromium\options.py", line 52, in binary_location
    raise TypeError(self.BINARY_LOCATION_ERROR)
TypeError: Binary Location Must be a String
2025-10-26 21:15:01,241 - ERROR - Error on attempt 134: Failed to setup driver
Traceback (most recent call last):
  File "C:\laragon\www\dapokalsel\sekolah\import_url_kabupaten.pyw", line 388, in process_url_induk
    logger.warning(f"Row {idx} missing data: kode={kode}, nama={nama}, url={full_url}")
Exception: Failed to setup driver
2025-10-26 21:15:01,241 - INFO - Retry attempt 135/300...
2025-10-26 21:15:16,242 - INFO - Setting up Chrome driver...
2025-10-26 21:15:16,242 - INFO - Using profile directory: C:\laragon\www\dapokalsel\chrome_profile
2025-10-26 21:15:16,243 - INFO - Initializing undetected Chrome driver...
2025-10-26 21:15:33,057 - ERROR - Failed to setup driver: [WinError 183] Cannot create a file when that file already exists: 'C:\\laragon\\www\\dapokalsel\\sekolah\\~\\appdata\\roaming\\undetected_chromedriver\\undetected\\chromedriver-win32\\chromedriver.exe' -> 'C:\\laragon\\www\\dapokalsel\\sekolah\\~\\appdata\\roaming\\undetected_chromedriver\\undetected_chromedriver.exe'
Traceback (most recent call last):
  File "C:\laragon\www\dapokalsel\sekolah\import_url_kabupaten.pyw", line 92, in setup_driver
    temp_dir = tempfile.gettempdir()
  File "C:\laragon\bin\python\python-3.10\lib\site-packages\undetected_chromedriver\__init__.py", line 258, in __init__
    self.patcher.auto()
  File "C:\laragon\bin\python\python-3.10\lib\site-packages\undetected_chromedriver\patcher.py", line 178, in auto
    self.unzip_package(self.fetch_package())
  File "C:\laragon\bin\python\python-3.10\lib\site-packages\undetected_chromedriver\patcher.py", line 310, in unzip_package
    os.rename(os.path.join(self.zip_path, exe_path), self.executable_path)
FileExistsError: [WinError 183] Cannot create a file when that file already exists: 'C:\\laragon\\www\\dapokalsel\\sekolah\\~\\appdata\\roaming\\undetected_chromedriver\\undetected\\chromedriver-win32\\chromedriver.exe' -> 'C:\\laragon\\www\\dapokalsel\\sekolah\\~\\appdata\\roaming\\undetected_chromedriver\\undetected_chromedriver.exe'
2025-10-26 21:15:33,057 - ERROR - Error on attempt 135: Failed to setup driver
Traceback (most recent call last):
  File "C:\laragon\www\dapokalsel\sekolah\import_url_kabupaten.pyw", line 388, in process_url_induk
    logger.warning(f"Row {idx} missing data: kode={kode}, nama={nama}, url={full_url}")
Exception: Failed to setup driver
2025-10-26 21:15:33,057 - INFO - Retry attempt 136/300...
2025-10-26 21:15:48,057 - INFO - Setting up Chrome driver...
2025-10-26 21:15:48,059 - INFO - Using profile directory: C:\laragon\www\dapokalsel\chrome_profile
2025-10-26 21:15:48,059 - INFO - Initializing undetected Chrome driver...
2025-10-26 21:15:59,187 - ERROR - Failed to setup driver: [WinError 183] Cannot create a file when that file already exists: 'C:\\laragon\\www\\dapokalsel\\sekolah\\~\\appdata\\roaming\\undetected_chromedriver\\undetected\\chromedriver-win32\\chromedriver.exe' -> 'C:\\laragon\\www\\dapokalsel\\sekolah\\~\\appdata\\roaming\\undetected_chromedriver\\undetected_chromedriver.exe'
Traceback (most recent call last):
  File "C:\laragon\www\dapokalsel\sekolah\import_url_kabupaten.pyw", line 92, in setup_driver
    temp_dir = tempfile.gettempdir()
  File "C:\laragon\bin\python\python-3.10\lib\site-packages\undetected_chromedriver\__init__.py", line 258, in __init__
    self.patcher.auto()
  File "C:\laragon\bin\python\python-3.10\lib\site-packages\undetected_chromedriver\patcher.py", line 178, in auto
    self.unzip_package(self.fetch_package())
  File "C:\laragon\bin\python\python-3.10\lib\site-packages\undetected_chromedriver\patcher.py", line 310, in unzip_package
    os.rename(os.path.join(self.zip_path, exe_path), self.executable_path)
FileExistsError: [WinError 183] Cannot create a file when that file already exists: 'C:\\laragon\\www\\dapokalsel\\sekolah\\~\\appdata\\roaming\\undetected_chromedriver\\undetected\\chromedriver-win32\\chromedriver.exe' -> 'C:\\laragon\\www\\dapokalsel\\sekolah\\~\\appdata\\roaming\\undetected_chromedriver\\undetected_chromedriver.exe'
2025-10-26 21:15:59,187 - ERROR - Error on attempt 136: Failed to setup driver
Traceback (most recent call last):
  File "C:\laragon\www\dapokalsel\sekolah\import_url_kabupaten.pyw", line 388, in process_url_induk
    logger.warning(f"Row {idx} missing data: kode={kode}, nama={nama}, url={full_url}")
Exception: Failed to setup driver
2025-10-26 21:15:59,187 - INFO - Retry attempt 137/300...
2025-10-26 21:16:14,203 - INFO - Setting up Chrome driver...
2025-10-26 21:16:14,204 - INFO - Using profile directory: C:\laragon\www\dapokalsel\chrome_profile
2025-10-26 21:16:14,204 - INFO - Initializing undetected Chrome driver...
2025-10-26 21:16:21,802 - ERROR - Failed to setup driver: [WinError 183] Cannot create a file when that file already exists: 'C:\\laragon\\www\\dapokalsel\\sekolah\\~\\appdata\\roaming\\undetected_chromedriver\\undetected\\chromedriver-win32\\chromedriver.exe' -> 'C:\\laragon\\www\\dapokalsel\\sekolah\\~\\appdata\\roaming\\undetected_chromedriver\\undetected_chromedriver.exe'
Traceback (most recent call last):
  File "C:\laragon\www\dapokalsel\sekolah\import_url_kabupaten.pyw", line 92, in setup_driver
    temp_dir = tempfile.gettempdir()
  File "C:\laragon\bin\python\python-3.10\lib\site-packages\undetected_chromedriver\__init__.py", line 258, in __init__
    self.patcher.auto()
  File "C:\laragon\bin\python\python-3.10\lib\site-packages\undetected_chromedriver\patcher.py", line 178, in auto
    self.unzip_package(self.fetch_package())
  File "C:\laragon\bin\python\python-3.10\lib\site-packages\undetected_chromedriver\patcher.py", line 310, in unzip_package
    os.rename(os.path.join(self.zip_path, exe_path), self.executable_path)
FileExistsError: [WinError 183] Cannot create a file when that file already exists: 'C:\\laragon\\www\\dapokalsel\\sekolah\\~\\appdata\\roaming\\undetected_chromedriver\\undetected\\chromedriver-win32\\chromedriver.exe' -> 'C:\\laragon\\www\\dapokalsel\\sekolah\\~\\appdata\\roaming\\undetected_chromedriver\\undetected_chromedriver.exe'
2025-10-26 21:16:21,803 - ERROR - Error on attempt 137: Failed to setup driver
Traceback (most recent call last):
  File "C:\laragon\www\dapokalsel\sekolah\import_url_kabupaten.pyw", line 388, in process_url_induk
    logger.warning(f"Row {idx} missing data: kode={kode}, nama={nama}, url={full_url}")
Exception: Failed to setup driver
2025-10-26 21:16:21,803 - INFO - Retry attempt 138/300...
2025-10-26 21:16:36,804 - INFO - Setting up Chrome driver...
2025-10-26 21:16:36,806 - INFO - Using profile directory: C:\laragon\www\dapokalsel\chrome_profile
2025-10-26 21:16:36,806 - INFO - Initializing undetected Chrome driver...
2025-10-26 21:16:44,652 - ERROR - Failed to setup driver: [WinError 183] Cannot create a file when that file already exists: 'C:\\laragon\\www\\dapokalsel\\sekolah\\~\\appdata\\roaming\\undetected_chromedriver\\undetected\\chromedriver-win32\\chromedriver.exe' -> 'C:\\laragon\\www\\dapokalsel\\sekolah\\~\\appdata\\roaming\\undetected_chromedriver\\undetected_chromedriver.exe'
Traceback (most recent call last):
  File "C:\laragon\www\dapokalsel\sekolah\import_url_kabupaten.pyw", line 92, in setup_driver
    temp_dir = tempfile.gettempdir()
  File "C:\laragon\bin\python\python-3.10\lib\site-packages\undetected_chromedriver\__init__.py", line 258, in __init__
    self.patcher.auto()
  File "C:\laragon\bin\python\python-3.10\lib\site-packages\undetected_chromedriver\patcher.py", line 178, in auto
    self.unzip_package(self.fetch_package())
  File "C:\laragon\bin\python\python-3.10\lib\site-packages\undetected_chromedriver\patcher.py", line 310, in unzip_package
    os.rename(os.path.join(self.zip_path, exe_path), self.executable_path)
FileExistsError: [WinError 183] Cannot create a file when that file already exists: 'C:\\laragon\\www\\dapokalsel\\sekolah\\~\\appdata\\roaming\\undetected_chromedriver\\undetected\\chromedriver-win32\\chromedriver.exe' -> 'C:\\laragon\\www\\dapokalsel\\sekolah\\~\\appdata\\roaming\\undetected_chromedriver\\undetected_chromedriver.exe'
2025-10-26 21:16:44,652 - ERROR - Error on attempt 138: Failed to setup driver
Traceback (most recent call last):
  File "C:\laragon\www\dapokalsel\sekolah\import_url_kabupaten.pyw", line 388, in process_url_induk
    logger.warning(f"Row {idx} missing data: kode={kode}, nama={nama}, url={full_url}")
Exception: Failed to setup driver
2025-10-26 21:16:44,652 - INFO - Retry attempt 139/300...
2025-10-26 21:16:59,652 - INFO - Setting up Chrome driver...
2025-10-26 21:16:59,652 - INFO - Using profile directory: C:\laragon\www\dapokalsel\chrome_profile
2025-10-26 21:16:59,652 - INFO - Initializing undetected Chrome driver...
2025-10-26 21:17:09,426 - INFO - patching driver executable C:\laragon\www\dapokalsel\sekolah\~\appdata\roaming\undetected_chromedriver\undetected_chromedriver.exe
2025-10-26 21:17:09,570 - ERROR - Failed to setup driver: Binary Location Must be a String
Traceback (most recent call last):
  File "C:\laragon\www\dapokalsel\sekolah\import_url_kabupaten.pyw", line 92, in setup_driver
    temp_dir = tempfile.gettempdir()
  File "C:\laragon\bin\python\python-3.10\lib\site-packages\undetected_chromedriver\__init__.py", line 372, in __init__
    options.binary_location = (
  File "C:\laragon\bin\python\python-3.10\lib\site-packages\selenium\webdriver\chromium\options.py", line 52, in binary_location
    raise TypeError(self.BINARY_LOCATION_ERROR)
TypeError: Binary Location Must be a String
2025-10-26 21:17:09,571 - ERROR - Error on attempt 139: Failed to setup driver
Traceback (most recent call last):
  File "C:\laragon\www\dapokalsel\sekolah\import_url_kabupaten.pyw", line 388, in process_url_induk
    logger.warning(f"Row {idx} missing data: kode={kode}, nama={nama}, url={full_url}")
Exception: Failed to setup driver
2025-10-26 21:17:09,571 - INFO - Retry attempt 140/300...
2025-10-26 21:17:24,586 - INFO - Setting up Chrome driver...
2025-10-26 21:17:24,588 - INFO - Using profile directory: C:\laragon\www\dapokalsel\chrome_profile
2025-10-26 21:17:24,588 - INFO - Initializing undetected Chrome driver...
2025-10-26 21:17:28,981 - INFO - patching driver executable C:\laragon\www\dapokalsel\sekolah\~\appdata\roaming\undetected_chromedriver\undetected_chromedriver.exe
2025-10-26 21:17:29,083 - ERROR - Failed to setup driver: Binary Location Must be a String
Traceback (most recent call last):
  File "C:\laragon\www\dapokalsel\sekolah\import_url_kabupaten.pyw", line 92, in setup_driver
    temp_dir = tempfile.gettempdir()
  File "C:\laragon\bin\python\python-3.10\lib\site-packages\undetected_chromedriver\__init__.py", line 372, in __init__
    options.binary_location = (
  File "C:\laragon\bin\python\python-3.10\lib\site-packages\selenium\webdriver\chromium\options.py", line 52, in binary_location
    raise TypeError(self.BINARY_LOCATION_ERROR)
TypeError: Binary Location Must be a String
2025-10-26 21:17:29,083 - ERROR - Error on attempt 140: Failed to setup driver
Traceback (most recent call last):
  File "C:\laragon\www\dapokalsel\sekolah\import_url_kabupaten.pyw", line 388, in process_url_induk
    logger.warning(f"Row {idx} missing data: kode={kode}, nama={nama}, url={full_url}")
Exception: Failed to setup driver
2025-10-26 21:17:29,083 - INFO - Retry attempt 141/300...
2025-10-26 21:17:44,098 - INFO - Setting up Chrome driver...
2025-10-26 21:17:44,100 - INFO - Using profile directory: C:\laragon\www\dapokalsel\chrome_profile
2025-10-26 21:17:44,100 - INFO - Initializing undetected Chrome driver...
2025-10-26 21:17:50,816 - INFO - patching driver executable C:\laragon\www\dapokalsel\sekolah\~\appdata\roaming\undetected_chromedriver\undetected_chromedriver.exe
2025-10-26 21:17:50,924 - ERROR - Failed to setup driver: Binary Location Must be a String
Traceback (most recent call last):
  File "C:\laragon\www\dapokalsel\sekolah\import_url_kabupaten.pyw", line 92, in setup_driver
    temp_dir = tempfile.gettempdir()
  File "C:\laragon\bin\python\python-3.10\lib\site-packages\undetected_chromedriver\__init__.py", line 372, in __init__
    options.binary_location = (
  File "C:\laragon\bin\python\python-3.10\lib\site-packages\selenium\webdriver\chromium\options.py", line 52, in binary_location
    raise TypeError(self.BINARY_LOCATION_ERROR)
TypeError: Binary Location Must be a String
2025-10-26 21:17:50,940 - ERROR - Error on attempt 141: Failed to setup driver
Traceback (most recent call last):
  File "C:\laragon\www\dapokalsel\sekolah\import_url_kabupaten.pyw", line 388, in process_url_induk
    logger.warning(f"Row {idx} missing data: kode={kode}, nama={nama}, url={full_url}")
Exception: Failed to setup driver
2025-10-26 21:17:50,940 - INFO - Retry attempt 142/300...
2025-10-26 21:18:05,946 - INFO - Setting up Chrome driver...
2025-10-26 21:18:05,948 - INFO - Using profile directory: C:\laragon\www\dapokalsel\chrome_profile
2025-10-26 21:18:05,948 - INFO - Initializing undetected Chrome driver...
2025-10-26 21:18:10,598 - ERROR - Failed to setup driver: [WinError 183] Cannot create a file when that file already exists: 'C:\\laragon\\www\\dapokalsel\\sekolah\\~\\appdata\\roaming\\undetected_chromedriver\\undetected\\chromedriver-win32\\chromedriver.exe' -> 'C:\\laragon\\www\\dapokalsel\\sekolah\\~\\appdata\\roaming\\undetected_chromedriver\\undetected_chromedriver.exe'
Traceback (most recent call last):
  File "C:\laragon\www\dapokalsel\sekolah\import_url_kabupaten.pyw", line 92, in setup_driver
    temp_dir = tempfile.gettempdir()
  File "C:\laragon\bin\python\python-3.10\lib\site-packages\undetected_chromedriver\__init__.py", line 258, in __init__
    self.patcher.auto()
  File "C:\laragon\bin\python\python-3.10\lib\site-packages\undetected_chromedriver\patcher.py", line 178, in auto
    self.unzip_package(self.fetch_package())
  File "C:\laragon\bin\python\python-3.10\lib\site-packages\undetected_chromedriver\patcher.py", line 310, in unzip_package
    os.rename(os.path.join(self.zip_path, exe_path), self.executable_path)
FileExistsError: [WinError 183] Cannot create a file when that file already exists: 'C:\\laragon\\www\\dapokalsel\\sekolah\\~\\appdata\\roaming\\undetected_chromedriver\\undetected\\chromedriver-win32\\chromedriver.exe' -> 'C:\\laragon\\www\\dapokalsel\\sekolah\\~\\appdata\\roaming\\undetected_chromedriver\\undetected_chromedriver.exe'
2025-10-26 21:18:10,598 - ERROR - Error on attempt 142: Failed to setup driver
Traceback (most recent call last):
  File "C:\laragon\www\dapokalsel\sekolah\import_url_kabupaten.pyw", line 388, in process_url_induk
    logger.warning(f"Row {idx} missing data: kode={kode}, nama={nama}, url={full_url}")
Exception: Failed to setup driver
2025-10-26 21:18:10,598 - INFO - Retry attempt 143/300...
2025-10-26 21:18:25,598 - INFO - Setting up Chrome driver...
2025-10-26 21:18:25,599 - INFO - Using profile directory: C:\laragon\www\dapokalsel\chrome_profile
2025-10-26 21:18:25,599 - INFO - Initializing undetected Chrome driver...
2025-10-26 21:18:32,013 - INFO - patching driver executable C:\laragon\www\dapokalsel\sekolah\~\appdata\roaming\undetected_chromedriver\undetected_chromedriver.exe
2025-10-26 21:18:32,129 - ERROR - Failed to setup driver: Binary Location Must be a String
Traceback (most recent call last):
  File "C:\laragon\www\dapokalsel\sekolah\import_url_kabupaten.pyw", line 92, in setup_driver
    temp_dir = tempfile.gettempdir()
  File "C:\laragon\bin\python\python-3.10\lib\site-packages\undetected_chromedriver\__init__.py", line 372, in __init__
    options.binary_location = (
  File "C:\laragon\bin\python\python-3.10\lib\site-packages\selenium\webdriver\chromium\options.py", line 52, in binary_location
    raise TypeError(self.BINARY_LOCATION_ERROR)
TypeError: Binary Location Must be a String
2025-10-26 21:18:32,129 - ERROR - Error on attempt 143: Failed to setup driver
Traceback (most recent call last):
  File "C:\laragon\www\dapokalsel\sekolah\import_url_kabupaten.pyw", line 388, in process_url_induk
    logger.warning(f"Row {idx} missing data: kode={kode}, nama={nama}, url={full_url}")
Exception: Failed to setup driver
2025-10-26 21:18:32,129 - INFO - Retry attempt 144/300...
2025-10-26 21:18:47,130 - INFO - Setting up Chrome driver...
2025-10-26 21:18:47,132 - INFO - Using profile directory: C:\laragon\www\dapokalsel\chrome_profile
2025-10-26 21:18:47,132 - INFO - Initializing undetected Chrome driver...
2025-10-26 21:18:51,579 - INFO - patching driver executable C:\laragon\www\dapokalsel\sekolah\~\appdata\roaming\undetected_chromedriver\undetected_chromedriver.exe
2025-10-26 21:18:51,695 - ERROR - Failed to setup driver: Binary Location Must be a String
Traceback (most recent call last):
  File "C:\laragon\www\dapokalsel\sekolah\import_url_kabupaten.pyw", line 92, in setup_driver
    temp_dir = tempfile.gettempdir()
  File "C:\laragon\bin\python\python-3.10\lib\site-packages\undetected_chromedriver\__init__.py", line 372, in __init__
    options.binary_location = (
  File "C:\laragon\bin\python\python-3.10\lib\site-packages\selenium\webdriver\chromium\options.py", line 52, in binary_location
    raise TypeError(self.BINARY_LOCATION_ERROR)
TypeError: Binary Location Must be a String
2025-10-26 21:18:51,695 - ERROR - Error on attempt 144: Failed to setup driver
Traceback (most recent call last):
  File "C:\laragon\www\dapokalsel\sekolah\import_url_kabupaten.pyw", line 388, in process_url_induk
    logger.warning(f"Row {idx} missing data: kode={kode}, nama={nama}, url={full_url}")
Exception: Failed to setup driver
2025-10-26 21:18:51,695 - INFO - Retry attempt 145/300...
2025-10-26 21:19:06,709 - INFO - Setting up Chrome driver...
2025-10-26 21:19:06,709 - INFO - Using profile directory: C:\laragon\www\dapokalsel\chrome_profile
2025-10-26 21:19:06,710 - INFO - Initializing undetected Chrome driver...
2025-10-26 21:19:16,293 - INFO - patching driver executable C:\laragon\www\dapokalsel\sekolah\~\appdata\roaming\undetected_chromedriver\undetected_chromedriver.exe
2025-10-26 21:19:16,394 - ERROR - Failed to setup driver: Binary Location Must be a String
Traceback (most recent call last):
  File "C:\laragon\www\dapokalsel\sekolah\import_url_kabupaten.pyw", line 92, in setup_driver
    temp_dir = tempfile.gettempdir()
  File "C:\laragon\bin\python\python-3.10\lib\site-packages\undetected_chromedriver\__init__.py", line 372, in __init__
    options.binary_location = (
  File "C:\laragon\bin\python\python-3.10\lib\site-packages\selenium\webdriver\chromium\options.py", line 52, in binary_location
    raise TypeError(self.BINARY_LOCATION_ERROR)
TypeError: Binary Location Must be a String
2025-10-26 21:19:16,394 - ERROR - Error on attempt 145: Failed to setup driver
Traceback (most recent call last):
  File "C:\laragon\www\dapokalsel\sekolah\import_url_kabupaten.pyw", line 388, in process_url_induk
    logger.warning(f"Row {idx} missing data: kode={kode}, nama={nama}, url={full_url}")
Exception: Failed to setup driver
2025-10-26 21:19:16,409 - INFO - Retry attempt 146/300...
2025-10-26 21:19:31,409 - INFO - Setting up Chrome driver...
2025-10-26 21:19:31,409 - INFO - Using profile directory: C:\laragon\www\dapokalsel\chrome_profile
2025-10-26 21:19:31,410 - INFO - Initializing undetected Chrome driver...
2025-10-26 21:19:36,954 - ERROR - Failed to setup driver: [WinError 183] Cannot create a file when that file already exists: 'C:\\laragon\\www\\dapokalsel\\sekolah\\~\\appdata\\roaming\\undetected_chromedriver\\undetected\\chromedriver-win32\\chromedriver.exe' -> 'C:\\laragon\\www\\dapokalsel\\sekolah\\~\\appdata\\roaming\\undetected_chromedriver\\undetected_chromedriver.exe'
Traceback (most recent call last):
  File "C:\laragon\www\dapokalsel\sekolah\import_url_kabupaten.pyw", line 92, in setup_driver
    temp_dir = tempfile.gettempdir()
  File "C:\laragon\bin\python\python-3.10\lib\site-packages\undetected_chromedriver\__init__.py", line 258, in __init__
    self.patcher.auto()
  File "C:\laragon\bin\python\python-3.10\lib\site-packages\undetected_chromedriver\patcher.py", line 178, in auto
    self.unzip_package(self.fetch_package())
  File "C:\laragon\bin\python\python-3.10\lib\site-packages\undetected_chromedriver\patcher.py", line 310, in unzip_package
    os.rename(os.path.join(self.zip_path, exe_path), self.executable_path)
FileExistsError: [WinError 183] Cannot create a file when that file already exists: 'C:\\laragon\\www\\dapokalsel\\sekolah\\~\\appdata\\roaming\\undetected_chromedriver\\undetected\\chromedriver-win32\\chromedriver.exe' -> 'C:\\laragon\\www\\dapokalsel\\sekolah\\~\\appdata\\roaming\\undetected_chromedriver\\undetected_chromedriver.exe'
2025-10-26 21:19:36,955 - ERROR - Error on attempt 146: Failed to setup driver
Traceback (most recent call last):
  File "C:\laragon\www\dapokalsel\sekolah\import_url_kabupaten.pyw", line 388, in process_url_induk
    logger.warning(f"Row {idx} missing data: kode={kode}, nama={nama}, url={full_url}")
Exception: Failed to setup driver
2025-10-26 21:19:36,956 - INFO - Retry attempt 147/300...
2025-10-26 21:19:51,962 - INFO - Setting up Chrome driver...
2025-10-26 21:19:51,964 - INFO - Using profile directory: C:\laragon\www\dapokalsel\chrome_profile
2025-10-26 21:19:51,964 - INFO - Initializing undetected Chrome driver...
2025-10-26 21:19:58,742 - INFO - patching driver executable C:\laragon\www\dapokalsel\sekolah\~\appdata\roaming\undetected_chromedriver\undetected_chromedriver.exe
2025-10-26 21:19:58,871 - ERROR - Failed to setup driver: Binary Location Must be a String
Traceback (most recent call last):
  File "C:\laragon\www\dapokalsel\sekolah\import_url_kabupaten.pyw", line 92, in setup_driver
    temp_dir = tempfile.gettempdir()
  File "C:\laragon\bin\python\python-3.10\lib\site-packages\undetected_chromedriver\__init__.py", line 372, in __init__
    options.binary_location = (
  File "C:\laragon\bin\python\python-3.10\lib\site-packages\selenium\webdriver\chromium\options.py", line 52, in binary_location
    raise TypeError(self.BINARY_LOCATION_ERROR)
TypeError: Binary Location Must be a String
2025-10-26 21:19:58,871 - ERROR - Error on attempt 147: Failed to setup driver
Traceback (most recent call last):
  File "C:\laragon\www\dapokalsel\sekolah\import_url_kabupaten.pyw", line 388, in process_url_induk
    logger.warning(f"Row {idx} missing data: kode={kode}, nama={nama}, url={full_url}")
Exception: Failed to setup driver
2025-10-26 21:19:58,871 - INFO - Retry attempt 148/300...
2025-10-26 21:20:13,874 - INFO - Setting up Chrome driver...
2025-10-26 21:20:13,877 - INFO - Using profile directory: C:\laragon\www\dapokalsel\chrome_profile
2025-10-26 21:20:13,879 - INFO - Initializing undetected Chrome driver...
2025-10-26 21:20:23,956 - ERROR - Failed to setup driver: [WinError 183] Cannot create a file when that file already exists: 'C:\\laragon\\www\\dapokalsel\\sekolah\\~\\appdata\\roaming\\undetected_chromedriver\\undetected\\chromedriver-win32\\chromedriver.exe' -> 'C:\\laragon\\www\\dapokalsel\\sekolah\\~\\appdata\\roaming\\undetected_chromedriver\\undetected_chromedriver.exe'
Traceback (most recent call last):
  File "C:\laragon\www\dapokalsel\sekolah\import_url_kabupaten.pyw", line 92, in setup_driver
    temp_dir = tempfile.gettempdir()
  File "C:\laragon\bin\python\python-3.10\lib\site-packages\undetected_chromedriver\__init__.py", line 258, in __init__
    self.patcher.auto()
  File "C:\laragon\bin\python\python-3.10\lib\site-packages\undetected_chromedriver\patcher.py", line 178, in auto
    self.unzip_package(self.fetch_package())
  File "C:\laragon\bin\python\python-3.10\lib\site-packages\undetected_chromedriver\patcher.py", line 310, in unzip_package
    os.rename(os.path.join(self.zip_path, exe_path), self.executable_path)
FileExistsError: [WinError 183] Cannot create a file when that file already exists: 'C:\\laragon\\www\\dapokalsel\\sekolah\\~\\appdata\\roaming\\undetected_chromedriver\\undetected\\chromedriver-win32\\chromedriver.exe' -> 'C:\\laragon\\www\\dapokalsel\\sekolah\\~\\appdata\\roaming\\undetected_chromedriver\\undetected_chromedriver.exe'
2025-10-26 21:20:23,956 - ERROR - Error on attempt 148: Failed to setup driver
Traceback (most recent call last):
  File "C:\laragon\www\dapokalsel\sekolah\import_url_kabupaten.pyw", line 388, in process_url_induk
    logger.warning(f"Row {idx} missing data: kode={kode}, nama={nama}, url={full_url}")
Exception: Failed to setup driver
2025-10-26 21:20:23,956 - INFO - Retry attempt 149/300...
2025-10-26 21:20:38,963 - INFO - Setting up Chrome driver...
2025-10-26 21:20:38,963 - INFO - Using profile directory: C:\laragon\www\dapokalsel\chrome_profile
2025-10-26 21:20:38,964 - INFO - Initializing undetected Chrome driver...
2025-10-26 21:20:45,156 - INFO - patching driver executable C:\laragon\www\dapokalsel\sekolah\~\appdata\roaming\undetected_chromedriver\undetected_chromedriver.exe
2025-10-26 21:20:45,239 - ERROR - Failed to setup driver: Binary Location Must be a String
Traceback (most recent call last):
  File "C:\laragon\www\dapokalsel\sekolah\import_url_kabupaten.pyw", line 92, in setup_driver
    temp_dir = tempfile.gettempdir()
  File "C:\laragon\bin\python\python-3.10\lib\site-packages\undetected_chromedriver\__init__.py", line 372, in __init__
    options.binary_location = (
  File "C:\laragon\bin\python\python-3.10\lib\site-packages\selenium\webdriver\chromium\options.py", line 52, in binary_location
    raise TypeError(self.BINARY_LOCATION_ERROR)
TypeError: Binary Location Must be a String
2025-10-26 21:20:45,239 - ERROR - Error on attempt 149: Failed to setup driver
Traceback (most recent call last):
  File "C:\laragon\www\dapokalsel\sekolah\import_url_kabupaten.pyw", line 388, in process_url_induk
    logger.warning(f"Row {idx} missing data: kode={kode}, nama={nama}, url={full_url}")
Exception: Failed to setup driver
2025-10-26 21:20:45,239 - INFO - Retry attempt 150/300...
2025-10-26 21:21:00,240 - INFO - Setting up Chrome driver...
2025-10-26 21:21:00,279 - INFO - Using profile directory: C:\laragon\www\dapokalsel\chrome_profile
2025-10-26 21:21:00,279 - INFO - Initializing undetected Chrome driver...
2025-10-26 21:21:12,513 - ERROR - Failed to setup driver: [WinError 183] Cannot create a file when that file already exists: 'C:\\laragon\\www\\dapokalsel\\sekolah\\~\\appdata\\roaming\\undetected_chromedriver\\undetected\\chromedriver-win32\\chromedriver.exe' -> 'C:\\laragon\\www\\dapokalsel\\sekolah\\~\\appdata\\roaming\\undetected_chromedriver\\undetected_chromedriver.exe'
Traceback (most recent call last):
  File "C:\laragon\www\dapokalsel\sekolah\import_url_kabupaten.pyw", line 92, in setup_driver
    temp_dir = tempfile.gettempdir()
  File "C:\laragon\bin\python\python-3.10\lib\site-packages\undetected_chromedriver\__init__.py", line 258, in __init__
    self.patcher.auto()
  File "C:\laragon\bin\python\python-3.10\lib\site-packages\undetected_chromedriver\patcher.py", line 178, in auto
    self.unzip_package(self.fetch_package())
  File "C:\laragon\bin\python\python-3.10\lib\site-packages\undetected_chromedriver\patcher.py", line 310, in unzip_package
    os.rename(os.path.join(self.zip_path, exe_path), self.executable_path)
FileExistsError: [WinError 183] Cannot create a file when that file already exists: 'C:\\laragon\\www\\dapokalsel\\sekolah\\~\\appdata\\roaming\\undetected_chromedriver\\undetected\\chromedriver-win32\\chromedriver.exe' -> 'C:\\laragon\\www\\dapokalsel\\sekolah\\~\\appdata\\roaming\\undetected_chromedriver\\undetected_chromedriver.exe'
2025-10-26 21:21:12,514 - ERROR - Error on attempt 150: Failed to setup driver
Traceback (most recent call last):
  File "C:\laragon\www\dapokalsel\sekolah\import_url_kabupaten.pyw", line 388, in process_url_induk
    logger.warning(f"Row {idx} missing data: kode={kode}, nama={nama}, url={full_url}")
Exception: Failed to setup driver
2025-10-26 21:21:12,514 - INFO - Retry attempt 151/300...
2025-10-26 21:21:27,520 - INFO - Setting up Chrome driver...
2025-10-26 21:21:27,523 - INFO - Using profile directory: C:\laragon\www\dapokalsel\chrome_profile
2025-10-26 21:21:27,524 - INFO - Initializing undetected Chrome driver...
2025-10-26 21:21:35,919 - INFO - patching driver executable C:\laragon\www\dapokalsel\sekolah\~\appdata\roaming\undetected_chromedriver\undetected_chromedriver.exe
2025-10-26 21:21:36,003 - ERROR - Failed to setup driver: Binary Location Must be a String
Traceback (most recent call last):
  File "C:\laragon\www\dapokalsel\sekolah\import_url_kabupaten.pyw", line 92, in setup_driver
    temp_dir = tempfile.gettempdir()
  File "C:\laragon\bin\python\python-3.10\lib\site-packages\undetected_chromedriver\__init__.py", line 372, in __init__
    options.binary_location = (
  File "C:\laragon\bin\python\python-3.10\lib\site-packages\selenium\webdriver\chromium\options.py", line 52, in binary_location
    raise TypeError(self.BINARY_LOCATION_ERROR)
TypeError: Binary Location Must be a String
2025-10-26 21:21:36,003 - ERROR - Error on attempt 151: Failed to setup driver
Traceback (most recent call last):
  File "C:\laragon\www\dapokalsel\sekolah\import_url_kabupaten.pyw", line 388, in process_url_induk
    logger.warning(f"Row {idx} missing data: kode={kode}, nama={nama}, url={full_url}")
Exception: Failed to setup driver
2025-10-26 21:21:36,003 - INFO - Retry attempt 152/300...
2025-10-26 21:21:51,004 - INFO - Setting up Chrome driver...
2025-10-26 21:21:51,004 - INFO - Using profile directory: C:\laragon\www\dapokalsel\chrome_profile
2025-10-26 21:21:51,004 - INFO - Initializing undetected Chrome driver...
2025-10-26 21:22:03,268 - ERROR - Failed to setup driver: [WinError 183] Cannot create a file when that file already exists: 'C:\\laragon\\www\\dapokalsel\\sekolah\\~\\appdata\\roaming\\undetected_chromedriver\\undetected\\chromedriver-win32\\chromedriver.exe' -> 'C:\\laragon\\www\\dapokalsel\\sekolah\\~\\appdata\\roaming\\undetected_chromedriver\\undetected_chromedriver.exe'
Traceback (most recent call last):
  File "C:\laragon\www\dapokalsel\sekolah\import_url_kabupaten.pyw", line 92, in setup_driver
    temp_dir = tempfile.gettempdir()
  File "C:\laragon\bin\python\python-3.10\lib\site-packages\undetected_chromedriver\__init__.py", line 258, in __init__
    self.patcher.auto()
  File "C:\laragon\bin\python\python-3.10\lib\site-packages\undetected_chromedriver\patcher.py", line 178, in auto
    self.unzip_package(self.fetch_package())
  File "C:\laragon\bin\python\python-3.10\lib\site-packages\undetected_chromedriver\patcher.py", line 310, in unzip_package
    os.rename(os.path.join(self.zip_path, exe_path), self.executable_path)
FileExistsError: [WinError 183] Cannot create a file when that file already exists: 'C:\\laragon\\www\\dapokalsel\\sekolah\\~\\appdata\\roaming\\undetected_chromedriver\\undetected\\chromedriver-win32\\chromedriver.exe' -> 'C:\\laragon\\www\\dapokalsel\\sekolah\\~\\appdata\\roaming\\undetected_chromedriver\\undetected_chromedriver.exe'
2025-10-26 21:22:03,268 - ERROR - Error on attempt 152: Failed to setup driver
Traceback (most recent call last):
  File "C:\laragon\www\dapokalsel\sekolah\import_url_kabupaten.pyw", line 388, in process_url_induk
    logger.warning(f"Row {idx} missing data: kode={kode}, nama={nama}, url={full_url}")
Exception: Failed to setup driver
2025-10-26 21:22:03,268 - INFO - Retry attempt 153/300...
2025-10-26 21:22:18,268 - INFO - Setting up Chrome driver...
2025-10-26 21:22:18,269 - INFO - Using profile directory: C:\laragon\www\dapokalsel\chrome_profile
2025-10-26 21:22:18,270 - INFO - Initializing undetected Chrome driver...
2025-10-26 21:22:26,534 - INFO - patching driver executable C:\laragon\www\dapokalsel\sekolah\~\appdata\roaming\undetected_chromedriver\undetected_chromedriver.exe
2025-10-26 21:22:26,641 - ERROR - Failed to setup driver: Binary Location Must be a String
Traceback (most recent call last):
  File "C:\laragon\www\dapokalsel\sekolah\import_url_kabupaten.pyw", line 92, in setup_driver
    temp_dir = tempfile.gettempdir()
  File "C:\laragon\bin\python\python-3.10\lib\site-packages\undetected_chromedriver\__init__.py", line 372, in __init__
    options.binary_location = (
  File "C:\laragon\bin\python\python-3.10\lib\site-packages\selenium\webdriver\chromium\options.py", line 52, in binary_location
    raise TypeError(self.BINARY_LOCATION_ERROR)
TypeError: Binary Location Must be a String
2025-10-26 21:22:26,670 - ERROR - Error on attempt 153: Failed to setup driver
Traceback (most recent call last):
  File "C:\laragon\www\dapokalsel\sekolah\import_url_kabupaten.pyw", line 388, in process_url_induk
    logger.warning(f"Row {idx} missing data: kode={kode}, nama={nama}, url={full_url}")
Exception: Failed to setup driver
2025-10-26 21:22:26,671 - INFO - Retry attempt 154/300...
2025-10-26 21:22:41,680 - INFO - Setting up Chrome driver...
2025-10-26 21:22:41,682 - INFO - Using profile directory: C:\laragon\www\dapokalsel\chrome_profile
2025-10-26 21:22:41,682 - INFO - Initializing undetected Chrome driver...
2025-10-26 21:22:53,199 - INFO - patching driver executable C:\laragon\www\dapokalsel\sekolah\~\appdata\roaming\undetected_chromedriver\undetected_chromedriver.exe
2025-10-26 21:22:53,316 - ERROR - Failed to setup driver: Binary Location Must be a String
Traceback (most recent call last):
  File "C:\laragon\www\dapokalsel\sekolah\import_url_kabupaten.pyw", line 92, in setup_driver
    temp_dir = tempfile.gettempdir()
  File "C:\laragon\bin\python\python-3.10\lib\site-packages\undetected_chromedriver\__init__.py", line 372, in __init__
    options.binary_location = (
  File "C:\laragon\bin\python\python-3.10\lib\site-packages\selenium\webdriver\chromium\options.py", line 52, in binary_location
    raise TypeError(self.BINARY_LOCATION_ERROR)
TypeError: Binary Location Must be a String
2025-10-26 21:22:53,316 - ERROR - Error on attempt 154: Failed to setup driver
Traceback (most recent call last):
  File "C:\laragon\www\dapokalsel\sekolah\import_url_kabupaten.pyw", line 388, in process_url_induk
    logger.warning(f"Row {idx} missing data: kode={kode}, nama={nama}, url={full_url}")
Exception: Failed to setup driver
2025-10-26 21:22:53,316 - INFO - Retry attempt 155/300...
2025-10-26 21:23:08,316 - INFO - Setting up Chrome driver...
2025-10-26 21:23:08,316 - INFO - Using profile directory: C:\laragon\www\dapokalsel\chrome_profile
2025-10-26 21:23:08,316 - INFO - Initializing undetected Chrome driver...
2025-10-26 21:23:16,298 - INFO - patching driver executable C:\laragon\www\dapokalsel\sekolah\~\appdata\roaming\undetected_chromedriver\undetected_chromedriver.exe
2025-10-26 21:23:16,414 - ERROR - Failed to setup driver: Binary Location Must be a String
Traceback (most recent call last):
  File "C:\laragon\www\dapokalsel\sekolah\import_url_kabupaten.pyw", line 92, in setup_driver
    temp_dir = tempfile.gettempdir()
  File "C:\laragon\bin\python\python-3.10\lib\site-packages\undetected_chromedriver\__init__.py", line 372, in __init__
    options.binary_location = (
  File "C:\laragon\bin\python\python-3.10\lib\site-packages\selenium\webdriver\chromium\options.py", line 52, in binary_location
    raise TypeError(self.BINARY_LOCATION_ERROR)
TypeError: Binary Location Must be a String
2025-10-26 21:23:16,414 - ERROR - Error on attempt 155: Failed to setup driver
Traceback (most recent call last):
  File "C:\laragon\www\dapokalsel\sekolah\import_url_kabupaten.pyw", line 388, in process_url_induk
    logger.warning(f"Row {idx} missing data: kode={kode}, nama={nama}, url={full_url}")
Exception: Failed to setup driver
2025-10-26 21:23:16,414 - INFO - Retry attempt 156/300...
2025-10-26 21:23:31,415 - INFO - Setting up Chrome driver...
2025-10-26 21:23:31,417 - INFO - Using profile directory: C:\laragon\www\dapokalsel\chrome_profile
2025-10-26 21:23:31,418 - INFO - Initializing undetected Chrome driver...
2025-10-26 21:23:38,113 - INFO - patching driver executable C:\laragon\www\dapokalsel\sekolah\~\appdata\roaming\undetected_chromedriver\undetected_chromedriver.exe
2025-10-26 21:23:38,196 - ERROR - Failed to setup driver: Binary Location Must be a String
Traceback (most recent call last):
  File "C:\laragon\www\dapokalsel\sekolah\import_url_kabupaten.pyw", line 92, in setup_driver
    temp_dir = tempfile.gettempdir()
  File "C:\laragon\bin\python\python-3.10\lib\site-packages\undetected_chromedriver\__init__.py", line 372, in __init__
    options.binary_location = (
  File "C:\laragon\bin\python\python-3.10\lib\site-packages\selenium\webdriver\chromium\options.py", line 52, in binary_location
    raise TypeError(self.BINARY_LOCATION_ERROR)
TypeError: Binary Location Must be a String
2025-10-26 21:23:38,196 - ERROR - Error on attempt 156: Failed to setup driver
Traceback (most recent call last):
  File "C:\laragon\www\dapokalsel\sekolah\import_url_kabupaten.pyw", line 388, in process_url_induk
    logger.warning(f"Row {idx} missing data: kode={kode}, nama={nama}, url={full_url}")
Exception: Failed to setup driver
2025-10-26 21:23:38,196 - INFO - Retry attempt 157/300...
2025-10-26 21:23:53,197 - INFO - Setting up Chrome driver...
2025-10-26 21:23:53,199 - INFO - Using profile directory: C:\laragon\www\dapokalsel\chrome_profile
2025-10-26 21:23:53,199 - INFO - Initializing undetected Chrome driver...
2025-10-26 21:23:59,761 - ERROR - Failed to setup driver: [WinError 183] Cannot create a file when that file already exists: 'C:\\laragon\\www\\dapokalsel\\sekolah\\~\\appdata\\roaming\\undetected_chromedriver\\undetected\\chromedriver-win32\\chromedriver.exe' -> 'C:\\laragon\\www\\dapokalsel\\sekolah\\~\\appdata\\roaming\\undetected_chromedriver\\undetected_chromedriver.exe'
Traceback (most recent call last):
  File "C:\laragon\www\dapokalsel\sekolah\import_url_kabupaten.pyw", line 92, in setup_driver
    temp_dir = tempfile.gettempdir()
  File "C:\laragon\bin\python\python-3.10\lib\site-packages\undetected_chromedriver\__init__.py", line 258, in __init__
    self.patcher.auto()
  File "C:\laragon\bin\python\python-3.10\lib\site-packages\undetected_chromedriver\patcher.py", line 178, in auto
    self.unzip_package(self.fetch_package())
  File "C:\laragon\bin\python\python-3.10\lib\site-packages\undetected_chromedriver\patcher.py", line 310, in unzip_package
    os.rename(os.path.join(self.zip_path, exe_path), self.executable_path)
FileExistsError: [WinError 183] Cannot create a file when that file already exists: 'C:\\laragon\\www\\dapokalsel\\sekolah\\~\\appdata\\roaming\\undetected_chromedriver\\undetected\\chromedriver-win32\\chromedriver.exe' -> 'C:\\laragon\\www\\dapokalsel\\sekolah\\~\\appdata\\roaming\\undetected_chromedriver\\undetected_chromedriver.exe'
2025-10-26 21:23:59,761 - ERROR - Error on attempt 157: Failed to setup driver
Traceback (most recent call last):
  File "C:\laragon\www\dapokalsel\sekolah\import_url_kabupaten.pyw", line 388, in process_url_induk
    logger.warning(f"Row {idx} missing data: kode={kode}, nama={nama}, url={full_url}")
Exception: Failed to setup driver
2025-10-26 21:23:59,761 - INFO - Retry attempt 158/300...
2025-10-26 21:24:14,775 - INFO - Setting up Chrome driver...
2025-10-26 21:24:14,776 - INFO - Using profile directory: C:\laragon\www\dapokalsel\chrome_profile
2025-10-26 21:24:14,776 - INFO - Initializing undetected Chrome driver...
2025-10-26 21:24:20,594 - ERROR - Failed to setup driver: [WinError 183] Cannot create a file when that file already exists: 'C:\\laragon\\www\\dapokalsel\\sekolah\\~\\appdata\\roaming\\undetected_chromedriver\\undetected\\chromedriver-win32\\chromedriver.exe' -> 'C:\\laragon\\www\\dapokalsel\\sekolah\\~\\appdata\\roaming\\undetected_chromedriver\\undetected_chromedriver.exe'
Traceback (most recent call last):
  File "C:\laragon\www\dapokalsel\sekolah\import_url_kabupaten.pyw", line 92, in setup_driver
    temp_dir = tempfile.gettempdir()
  File "C:\laragon\bin\python\python-3.10\lib\site-packages\undetected_chromedriver\__init__.py", line 258, in __init__
    self.patcher.auto()
  File "C:\laragon\bin\python\python-3.10\lib\site-packages\undetected_chromedriver\patcher.py", line 178, in auto
    self.unzip_package(self.fetch_package())
  File "C:\laragon\bin\python\python-3.10\lib\site-packages\undetected_chromedriver\patcher.py", line 310, in unzip_package
    os.rename(os.path.join(self.zip_path, exe_path), self.executable_path)
FileExistsError: [WinError 183] Cannot create a file when that file already exists: 'C:\\laragon\\www\\dapokalsel\\sekolah\\~\\appdata\\roaming\\undetected_chromedriver\\undetected\\chromedriver-win32\\chromedriver.exe' -> 'C:\\laragon\\www\\dapokalsel\\sekolah\\~\\appdata\\roaming\\undetected_chromedriver\\undetected_chromedriver.exe'
2025-10-26 21:24:20,594 - ERROR - Error on attempt 158: Failed to setup driver
Traceback (most recent call last):
  File "C:\laragon\www\dapokalsel\sekolah\import_url_kabupaten.pyw", line 388, in process_url_induk
    logger.warning(f"Row {idx} missing data: kode={kode}, nama={nama}, url={full_url}")
Exception: Failed to setup driver
2025-10-26 21:24:20,594 - INFO - Retry attempt 159/300...
2025-10-26 21:24:35,595 - INFO - Setting up Chrome driver...
2025-10-26 21:24:35,595 - INFO - Using profile directory: C:\laragon\www\dapokalsel\chrome_profile
2025-10-26 21:24:35,595 - INFO - Initializing undetected Chrome driver...
2025-10-26 21:24:47,626 - ERROR - Failed to setup driver: [WinError 183] Cannot create a file when that file already exists: 'C:\\laragon\\www\\dapokalsel\\sekolah\\~\\appdata\\roaming\\undetected_chromedriver\\undetected\\chromedriver-win32\\chromedriver.exe' -> 'C:\\laragon\\www\\dapokalsel\\sekolah\\~\\appdata\\roaming\\undetected_chromedriver\\undetected_chromedriver.exe'
Traceback (most recent call last):
  File "C:\laragon\www\dapokalsel\sekolah\import_url_kabupaten.pyw", line 92, in setup_driver
    temp_dir = tempfile.gettempdir()
  File "C:\laragon\bin\python\python-3.10\lib\site-packages\undetected_chromedriver\__init__.py", line 258, in __init__
    self.patcher.auto()
  File "C:\laragon\bin\python\python-3.10\lib\site-packages\undetected_chromedriver\patcher.py", line 178, in auto
    self.unzip_package(self.fetch_package())
  File "C:\laragon\bin\python\python-3.10\lib\site-packages\undetected_chromedriver\patcher.py", line 310, in unzip_package
    os.rename(os.path.join(self.zip_path, exe_path), self.executable_path)
FileExistsError: [WinError 183] Cannot create a file when that file already exists: 'C:\\laragon\\www\\dapokalsel\\sekolah\\~\\appdata\\roaming\\undetected_chromedriver\\undetected\\chromedriver-win32\\chromedriver.exe' -> 'C:\\laragon\\www\\dapokalsel\\sekolah\\~\\appdata\\roaming\\undetected_chromedriver\\undetected_chromedriver.exe'
2025-10-26 21:24:47,626 - ERROR - Error on attempt 159: Failed to setup driver
Traceback (most recent call last):
  File "C:\laragon\www\dapokalsel\sekolah\import_url_kabupaten.pyw", line 388, in process_url_induk
    logger.warning(f"Row {idx} missing data: kode={kode}, nama={nama}, url={full_url}")
Exception: Failed to setup driver
2025-10-26 21:24:47,626 - INFO - Retry attempt 160/300...
2025-10-26 21:25:02,632 - INFO - Setting up Chrome driver...
2025-10-26 21:25:02,634 - INFO - Using profile directory: C:\laragon\www\dapokalsel\chrome_profile
2025-10-26 21:25:02,635 - INFO - Initializing undetected Chrome driver...
2025-10-26 21:25:08,817 - ERROR - Failed to setup driver: [WinError 183] Cannot create a file when that file already exists: 'C:\\laragon\\www\\dapokalsel\\sekolah\\~\\appdata\\roaming\\undetected_chromedriver\\undetected\\chromedriver-win32\\chromedriver.exe' -> 'C:\\laragon\\www\\dapokalsel\\sekolah\\~\\appdata\\roaming\\undetected_chromedriver\\undetected_chromedriver.exe'
Traceback (most recent call last):
  File "C:\laragon\www\dapokalsel\sekolah\import_url_kabupaten.pyw", line 92, in setup_driver
    temp_dir = tempfile.gettempdir()
  File "C:\laragon\bin\python\python-3.10\lib\site-packages\undetected_chromedriver\__init__.py", line 258, in __init__
    self.patcher.auto()
  File "C:\laragon\bin\python\python-3.10\lib\site-packages\undetected_chromedriver\patcher.py", line 178, in auto
    self.unzip_package(self.fetch_package())
  File "C:\laragon\bin\python\python-3.10\lib\site-packages\undetected_chromedriver\patcher.py", line 310, in unzip_package
    os.rename(os.path.join(self.zip_path, exe_path), self.executable_path)
FileExistsError: [WinError 183] Cannot create a file when that file already exists: 'C:\\laragon\\www\\dapokalsel\\sekolah\\~\\appdata\\roaming\\undetected_chromedriver\\undetected\\chromedriver-win32\\chromedriver.exe' -> 'C:\\laragon\\www\\dapokalsel\\sekolah\\~\\appdata\\roaming\\undetected_chromedriver\\undetected_chromedriver.exe'
2025-10-26 21:25:08,817 - ERROR - Error on attempt 160: Failed to setup driver
Traceback (most recent call last):
  File "C:\laragon\www\dapokalsel\sekolah\import_url_kabupaten.pyw", line 388, in process_url_induk
    logger.warning(f"Row {idx} missing data: kode={kode}, nama={nama}, url={full_url}")
Exception: Failed to setup driver
2025-10-26 21:25:08,818 - INFO - Retry attempt 161/300...
2025-10-26 21:25:23,825 - INFO - Setting up Chrome driver...
2025-10-26 21:25:23,827 - INFO - Using profile directory: C:\laragon\www\dapokalsel\chrome_profile
2025-10-26 21:25:23,827 - INFO - Initializing undetected Chrome driver...
2025-10-26 21:25:34,261 - ERROR - Failed to setup driver: [WinError 183] Cannot create a file when that file already exists: 'C:\\laragon\\www\\dapokalsel\\sekolah\\~\\appdata\\roaming\\undetected_chromedriver\\undetected\\chromedriver-win32\\chromedriver.exe' -> 'C:\\laragon\\www\\dapokalsel\\sekolah\\~\\appdata\\roaming\\undetected_chromedriver\\undetected_chromedriver.exe'
Traceback (most recent call last):
  File "C:\laragon\www\dapokalsel\sekolah\import_url_kabupaten.pyw", line 92, in setup_driver
    temp_dir = tempfile.gettempdir()
  File "C:\laragon\bin\python\python-3.10\lib\site-packages\undetected_chromedriver\__init__.py", line 258, in __init__
    self.patcher.auto()
  File "C:\laragon\bin\python\python-3.10\lib\site-packages\undetected_chromedriver\patcher.py", line 178, in auto
    self.unzip_package(self.fetch_package())
  File "C:\laragon\bin\python\python-3.10\lib\site-packages\undetected_chromedriver\patcher.py", line 310, in unzip_package
    os.rename(os.path.join(self.zip_path, exe_path), self.executable_path)
FileExistsError: [WinError 183] Cannot create a file when that file already exists: 'C:\\laragon\\www\\dapokalsel\\sekolah\\~\\appdata\\roaming\\undetected_chromedriver\\undetected\\chromedriver-win32\\chromedriver.exe' -> 'C:\\laragon\\www\\dapokalsel\\sekolah\\~\\appdata\\roaming\\undetected_chromedriver\\undetected_chromedriver.exe'
2025-10-26 21:25:34,262 - ERROR - Error on attempt 161: Failed to setup driver
Traceback (most recent call last):
  File "C:\laragon\www\dapokalsel\sekolah\import_url_kabupaten.pyw", line 388, in process_url_induk
    logger.warning(f"Row {idx} missing data: kode={kode}, nama={nama}, url={full_url}")
Exception: Failed to setup driver
2025-10-26 21:25:34,263 - INFO - Retry attempt 162/300...
2025-10-26 21:25:49,270 - INFO - Setting up Chrome driver...
2025-10-26 21:25:49,271 - INFO - Using profile directory: C:\laragon\www\dapokalsel\chrome_profile
2025-10-26 21:25:49,271 - INFO - Initializing undetected Chrome driver...
2025-10-26 21:25:55,218 - ERROR - Failed to setup driver: [WinError 183] Cannot create a file when that file already exists: 'C:\\laragon\\www\\dapokalsel\\sekolah\\~\\appdata\\roaming\\undetected_chromedriver\\undetected\\chromedriver-win32\\chromedriver.exe' -> 'C:\\laragon\\www\\dapokalsel\\sekolah\\~\\appdata\\roaming\\undetected_chromedriver\\undetected_chromedriver.exe'
Traceback (most recent call last):
  File "C:\laragon\www\dapokalsel\sekolah\import_url_kabupaten.pyw", line 92, in setup_driver
    temp_dir = tempfile.gettempdir()
  File "C:\laragon\bin\python\python-3.10\lib\site-packages\undetected_chromedriver\__init__.py", line 258, in __init__
    self.patcher.auto()
  File "C:\laragon\bin\python\python-3.10\lib\site-packages\undetected_chromedriver\patcher.py", line 178, in auto
    self.unzip_package(self.fetch_package())
  File "C:\laragon\bin\python\python-3.10\lib\site-packages\undetected_chromedriver\patcher.py", line 310, in unzip_package
    os.rename(os.path.join(self.zip_path, exe_path), self.executable_path)
FileExistsError: [WinError 183] Cannot create a file when that file already exists: 'C:\\laragon\\www\\dapokalsel\\sekolah\\~\\appdata\\roaming\\undetected_chromedriver\\undetected\\chromedriver-win32\\chromedriver.exe' -> 'C:\\laragon\\www\\dapokalsel\\sekolah\\~\\appdata\\roaming\\undetected_chromedriver\\undetected_chromedriver.exe'
2025-10-26 21:25:55,219 - ERROR - Error on attempt 162: Failed to setup driver
Traceback (most recent call last):
  File "C:\laragon\www\dapokalsel\sekolah\import_url_kabupaten.pyw", line 388, in process_url_induk
    logger.warning(f"Row {idx} missing data: kode={kode}, nama={nama}, url={full_url}")
Exception: Failed to setup driver
2025-10-26 21:25:55,219 - INFO - Retry attempt 163/300...
2025-10-26 21:26:10,219 - INFO - Setting up Chrome driver...
2025-10-26 21:26:10,219 - INFO - Using profile directory: C:\laragon\www\dapokalsel\chrome_profile
2025-10-26 21:26:10,219 - INFO - Initializing undetected Chrome driver...
2025-10-26 21:26:15,799 - ERROR - Failed to setup driver: [WinError 183] Cannot create a file when that file already exists: 'C:\\laragon\\www\\dapokalsel\\sekolah\\~\\appdata\\roaming\\undetected_chromedriver\\undetected\\chromedriver-win32\\chromedriver.exe' -> 'C:\\laragon\\www\\dapokalsel\\sekolah\\~\\appdata\\roaming\\undetected_chromedriver\\undetected_chromedriver.exe'
Traceback (most recent call last):
  File "C:\laragon\www\dapokalsel\sekolah\import_url_kabupaten.pyw", line 92, in setup_driver
    temp_dir = tempfile.gettempdir()
  File "C:\laragon\bin\python\python-3.10\lib\site-packages\undetected_chromedriver\__init__.py", line 258, in __init__
    self.patcher.auto()
  File "C:\laragon\bin\python\python-3.10\lib\site-packages\undetected_chromedriver\patcher.py", line 178, in auto
    self.unzip_package(self.fetch_package())
  File "C:\laragon\bin\python\python-3.10\lib\site-packages\undetected_chromedriver\patcher.py", line 310, in unzip_package
    os.rename(os.path.join(self.zip_path, exe_path), self.executable_path)
FileExistsError: [WinError 183] Cannot create a file when that file already exists: 'C:\\laragon\\www\\dapokalsel\\sekolah\\~\\appdata\\roaming\\undetected_chromedriver\\undetected\\chromedriver-win32\\chromedriver.exe' -> 'C:\\laragon\\www\\dapokalsel\\sekolah\\~\\appdata\\roaming\\undetected_chromedriver\\undetected_chromedriver.exe'
2025-10-26 21:26:15,799 - ERROR - Error on attempt 163: Failed to setup driver
Traceback (most recent call last):
  File "C:\laragon\www\dapokalsel\sekolah\import_url_kabupaten.pyw", line 388, in process_url_induk
    logger.warning(f"Row {idx} missing data: kode={kode}, nama={nama}, url={full_url}")
Exception: Failed to setup driver
2025-10-26 21:26:15,800 - INFO - Retry attempt 164/300...
2025-10-26 21:26:30,801 - INFO - Setting up Chrome driver...
2025-10-26 21:26:30,802 - INFO - Using profile directory: C:\laragon\www\dapokalsel\chrome_profile
2025-10-26 21:26:30,803 - INFO - Initializing undetected Chrome driver...
2025-10-26 21:26:36,953 - ERROR - Failed to setup driver: [WinError 183] Cannot create a file when that file already exists: 'C:\\laragon\\www\\dapokalsel\\sekolah\\~\\appdata\\roaming\\undetected_chromedriver\\undetected\\chromedriver-win32\\chromedriver.exe' -> 'C:\\laragon\\www\\dapokalsel\\sekolah\\~\\appdata\\roaming\\undetected_chromedriver\\undetected_chromedriver.exe'
Traceback (most recent call last):
  File "C:\laragon\www\dapokalsel\sekolah\import_url_kabupaten.pyw", line 92, in setup_driver
    temp_dir = tempfile.gettempdir()
  File "C:\laragon\bin\python\python-3.10\lib\site-packages\undetected_chromedriver\__init__.py", line 258, in __init__
    self.patcher.auto()
  File "C:\laragon\bin\python\python-3.10\lib\site-packages\undetected_chromedriver\patcher.py", line 178, in auto
    self.unzip_package(self.fetch_package())
  File "C:\laragon\bin\python\python-3.10\lib\site-packages\undetected_chromedriver\patcher.py", line 310, in unzip_package
    os.rename(os.path.join(self.zip_path, exe_path), self.executable_path)
FileExistsError: [WinError 183] Cannot create a file when that file already exists: 'C:\\laragon\\www\\dapokalsel\\sekolah\\~\\appdata\\roaming\\undetected_chromedriver\\undetected\\chromedriver-win32\\chromedriver.exe' -> 'C:\\laragon\\www\\dapokalsel\\sekolah\\~\\appdata\\roaming\\undetected_chromedriver\\undetected_chromedriver.exe'
2025-10-26 21:26:36,953 - ERROR - Error on attempt 164: Failed to setup driver
Traceback (most recent call last):
  File "C:\laragon\www\dapokalsel\sekolah\import_url_kabupaten.pyw", line 388, in process_url_induk
    logger.warning(f"Row {idx} missing data: kode={kode}, nama={nama}, url={full_url}")
Exception: Failed to setup driver
2025-10-26 21:26:36,953 - INFO - Retry attempt 165/300...
2025-10-26 21:26:51,953 - INFO - Setting up Chrome driver...
2025-10-26 21:26:51,954 - INFO - Using profile directory: C:\laragon\www\dapokalsel\chrome_profile
2025-10-26 21:26:51,954 - INFO - Initializing undetected Chrome driver...
2025-10-26 21:27:11,469 - ERROR - Failed to setup driver: [WinError 183] Cannot create a file when that file already exists: 'C:\\laragon\\www\\dapokalsel\\sekolah\\~\\appdata\\roaming\\undetected_chromedriver\\undetected\\chromedriver-win32\\chromedriver.exe' -> 'C:\\laragon\\www\\dapokalsel\\sekolah\\~\\appdata\\roaming\\undetected_chromedriver\\undetected_chromedriver.exe'
Traceback (most recent call last):
  File "C:\laragon\www\dapokalsel\sekolah\import_url_kabupaten.pyw", line 92, in setup_driver
    temp_dir = tempfile.gettempdir()
  File "C:\laragon\bin\python\python-3.10\lib\site-packages\undetected_chromedriver\__init__.py", line 258, in __init__
    self.patcher.auto()
  File "C:\laragon\bin\python\python-3.10\lib\site-packages\undetected_chromedriver\patcher.py", line 178, in auto
    self.unzip_package(self.fetch_package())
  File "C:\laragon\bin\python\python-3.10\lib\site-packages\undetected_chromedriver\patcher.py", line 310, in unzip_package
    os.rename(os.path.join(self.zip_path, exe_path), self.executable_path)
FileExistsError: [WinError 183] Cannot create a file when that file already exists: 'C:\\laragon\\www\\dapokalsel\\sekolah\\~\\appdata\\roaming\\undetected_chromedriver\\undetected\\chromedriver-win32\\chromedriver.exe' -> 'C:\\laragon\\www\\dapokalsel\\sekolah\\~\\appdata\\roaming\\undetected_chromedriver\\undetected_chromedriver.exe'
2025-10-26 21:27:11,470 - ERROR - Error on attempt 165: Failed to setup driver
Traceback (most recent call last):
  File "C:\laragon\www\dapokalsel\sekolah\import_url_kabupaten.pyw", line 388, in process_url_induk
    logger.warning(f"Row {idx} missing data: kode={kode}, nama={nama}, url={full_url}")
Exception: Failed to setup driver
2025-10-26 21:27:11,470 - INFO - Retry attempt 166/300...
2025-10-26 21:27:26,471 - INFO - Setting up Chrome driver...
2025-10-26 21:27:26,472 - INFO - Using profile directory: C:\laragon\www\dapokalsel\chrome_profile
2025-10-26 21:27:26,473 - INFO - Initializing undetected Chrome driver...
2025-10-26 21:27:35,116 - ERROR - Failed to setup driver: [WinError 183] Cannot create a file when that file already exists: 'C:\\laragon\\www\\dapokalsel\\sekolah\\~\\appdata\\roaming\\undetected_chromedriver\\undetected\\chromedriver-win32\\chromedriver.exe' -> 'C:\\laragon\\www\\dapokalsel\\sekolah\\~\\appdata\\roaming\\undetected_chromedriver\\undetected_chromedriver.exe'
Traceback (most recent call last):
  File "C:\laragon\www\dapokalsel\sekolah\import_url_kabupaten.pyw", line 92, in setup_driver
    temp_dir = tempfile.gettempdir()
  File "C:\laragon\bin\python\python-3.10\lib\site-packages\undetected_chromedriver\__init__.py", line 258, in __init__
    self.patcher.auto()
  File "C:\laragon\bin\python\python-3.10\lib\site-packages\undetected_chromedriver\patcher.py", line 178, in auto
    self.unzip_package(self.fetch_package())
  File "C:\laragon\bin\python\python-3.10\lib\site-packages\undetected_chromedriver\patcher.py", line 310, in unzip_package
    os.rename(os.path.join(self.zip_path, exe_path), self.executable_path)
FileExistsError: [WinError 183] Cannot create a file when that file already exists: 'C:\\laragon\\www\\dapokalsel\\sekolah\\~\\appdata\\roaming\\undetected_chromedriver\\undetected\\chromedriver-win32\\chromedriver.exe' -> 'C:\\laragon\\www\\dapokalsel\\sekolah\\~\\appdata\\roaming\\undetected_chromedriver\\undetected_chromedriver.exe'
2025-10-26 21:27:35,133 - ERROR - Error on attempt 166: Failed to setup driver
Traceback (most recent call last):
  File "C:\laragon\www\dapokalsel\sekolah\import_url_kabupaten.pyw", line 388, in process_url_induk
    logger.warning(f"Row {idx} missing data: kode={kode}, nama={nama}, url={full_url}")
Exception: Failed to setup driver
2025-10-26 21:27:35,133 - INFO - Retry attempt 167/300...
2025-10-26 21:27:50,134 - INFO - Setting up Chrome driver...
2025-10-26 21:27:50,134 - INFO - Using profile directory: C:\laragon\www\dapokalsel\chrome_profile
2025-10-26 21:27:50,134 - INFO - Initializing undetected Chrome driver...
2025-10-26 21:28:03,404 - INFO - patching driver executable C:\laragon\www\dapokalsel\sekolah\~\appdata\roaming\undetected_chromedriver\undetected_chromedriver.exe
2025-10-26 21:28:03,482 - ERROR - Failed to setup driver: Binary Location Must be a String
Traceback (most recent call last):
  File "C:\laragon\www\dapokalsel\sekolah\import_url_kabupaten.pyw", line 92, in setup_driver
    temp_dir = tempfile.gettempdir()
  File "C:\laragon\bin\python\python-3.10\lib\site-packages\undetected_chromedriver\__init__.py", line 372, in __init__
    options.binary_location = (
  File "C:\laragon\bin\python\python-3.10\lib\site-packages\selenium\webdriver\chromium\options.py", line 52, in binary_location
    raise TypeError(self.BINARY_LOCATION_ERROR)
TypeError: Binary Location Must be a String
2025-10-26 21:28:03,482 - ERROR - Error on attempt 167: Failed to setup driver
Traceback (most recent call last):
  File "C:\laragon\www\dapokalsel\sekolah\import_url_kabupaten.pyw", line 388, in process_url_induk
    logger.warning(f"Row {idx} missing data: kode={kode}, nama={nama}, url={full_url}")
Exception: Failed to setup driver
2025-10-26 21:28:03,482 - INFO - Retry attempt 168/300...
2025-10-26 21:28:18,496 - INFO - Setting up Chrome driver...
2025-10-26 21:28:18,496 - INFO - Using profile directory: C:\laragon\www\dapokalsel\chrome_profile
2025-10-26 21:28:18,496 - INFO - Initializing undetected Chrome driver...
2025-10-26 21:28:36,169 - ERROR - Failed to setup driver: [WinError 183] Cannot create a file when that file already exists: 'C:\\laragon\\www\\dapokalsel\\sekolah\\~\\appdata\\roaming\\undetected_chromedriver\\undetected\\chromedriver-win32\\chromedriver.exe' -> 'C:\\laragon\\www\\dapokalsel\\sekolah\\~\\appdata\\roaming\\undetected_chromedriver\\undetected_chromedriver.exe'
Traceback (most recent call last):
  File "C:\laragon\www\dapokalsel\sekolah\import_url_kabupaten.pyw", line 92, in setup_driver
    temp_dir = tempfile.gettempdir()
  File "C:\laragon\bin\python\python-3.10\lib\site-packages\undetected_chromedriver\__init__.py", line 258, in __init__
    self.patcher.auto()
  File "C:\laragon\bin\python\python-3.10\lib\site-packages\undetected_chromedriver\patcher.py", line 178, in auto
    self.unzip_package(self.fetch_package())
  File "C:\laragon\bin\python\python-3.10\lib\site-packages\undetected_chromedriver\patcher.py", line 310, in unzip_package
    os.rename(os.path.join(self.zip_path, exe_path), self.executable_path)
FileExistsError: [WinError 183] Cannot create a file when that file already exists: 'C:\\laragon\\www\\dapokalsel\\sekolah\\~\\appdata\\roaming\\undetected_chromedriver\\undetected\\chromedriver-win32\\chromedriver.exe' -> 'C:\\laragon\\www\\dapokalsel\\sekolah\\~\\appdata\\roaming\\undetected_chromedriver\\undetected_chromedriver.exe'
2025-10-26 21:28:36,169 - ERROR - Error on attempt 168: Failed to setup driver
Traceback (most recent call last):
  File "C:\laragon\www\dapokalsel\sekolah\import_url_kabupaten.pyw", line 388, in process_url_induk
    logger.warning(f"Row {idx} missing data: kode={kode}, nama={nama}, url={full_url}")
Exception: Failed to setup driver
2025-10-26 21:28:36,169 - INFO - Retry attempt 169/300...
2025-10-26 21:28:51,170 - INFO - Setting up Chrome driver...
2025-10-26 21:28:51,170 - INFO - Using profile directory: C:\laragon\www\dapokalsel\chrome_profile
2025-10-26 21:28:51,170 - INFO - Initializing undetected Chrome driver...
2025-10-26 21:29:09,479 - ERROR - Failed to setup driver: [WinError 183] Cannot create a file when that file already exists: 'C:\\laragon\\www\\dapokalsel\\sekolah\\~\\appdata\\roaming\\undetected_chromedriver\\undetected\\chromedriver-win32\\chromedriver.exe' -> 'C:\\laragon\\www\\dapokalsel\\sekolah\\~\\appdata\\roaming\\undetected_chromedriver\\undetected_chromedriver.exe'
Traceback (most recent call last):
  File "C:\laragon\www\dapokalsel\sekolah\import_url_kabupaten.pyw", line 92, in setup_driver
    temp_dir = tempfile.gettempdir()
  File "C:\laragon\bin\python\python-3.10\lib\site-packages\undetected_chromedriver\__init__.py", line 258, in __init__
    self.patcher.auto()
  File "C:\laragon\bin\python\python-3.10\lib\site-packages\undetected_chromedriver\patcher.py", line 178, in auto
    self.unzip_package(self.fetch_package())
  File "C:\laragon\bin\python\python-3.10\lib\site-packages\undetected_chromedriver\patcher.py", line 310, in unzip_package
    os.rename(os.path.join(self.zip_path, exe_path), self.executable_path)
FileExistsError: [WinError 183] Cannot create a file when that file already exists: 'C:\\laragon\\www\\dapokalsel\\sekolah\\~\\appdata\\roaming\\undetected_chromedriver\\undetected\\chromedriver-win32\\chromedriver.exe' -> 'C:\\laragon\\www\\dapokalsel\\sekolah\\~\\appdata\\roaming\\undetected_chromedriver\\undetected_chromedriver.exe'
2025-10-26 21:29:09,479 - ERROR - Error on attempt 169: Failed to setup driver
Traceback (most recent call last):
  File "C:\laragon\www\dapokalsel\sekolah\import_url_kabupaten.pyw", line 388, in process_url_induk
    logger.warning(f"Row {idx} missing data: kode={kode}, nama={nama}, url={full_url}")
Exception: Failed to setup driver
2025-10-26 21:29:09,479 - INFO - Retry attempt 170/300...
2025-10-26 21:29:24,480 - INFO - Setting up Chrome driver...
2025-10-26 21:29:24,480 - INFO - Using profile directory: C:\laragon\www\dapokalsel\chrome_profile
2025-10-26 21:29:24,480 - INFO - Initializing undetected Chrome driver...
2025-10-26 21:29:37,909 - INFO - patching driver executable C:\laragon\www\dapokalsel\sekolah\~\appdata\roaming\undetected_chromedriver\undetected_chromedriver.exe
2025-10-26 21:29:38,027 - ERROR - Failed to setup driver: Binary Location Must be a String
Traceback (most recent call last):
  File "C:\laragon\www\dapokalsel\sekolah\import_url_kabupaten.pyw", line 92, in setup_driver
    temp_dir = tempfile.gettempdir()
  File "C:\laragon\bin\python\python-3.10\lib\site-packages\undetected_chromedriver\__init__.py", line 372, in __init__
    options.binary_location = (
  File "C:\laragon\bin\python\python-3.10\lib\site-packages\selenium\webdriver\chromium\options.py", line 52, in binary_location
    raise TypeError(self.BINARY_LOCATION_ERROR)
TypeError: Binary Location Must be a String
2025-10-26 21:29:38,027 - ERROR - Error on attempt 170: Failed to setup driver
Traceback (most recent call last):
  File "C:\laragon\www\dapokalsel\sekolah\import_url_kabupaten.pyw", line 388, in process_url_induk
    logger.warning(f"Row {idx} missing data: kode={kode}, nama={nama}, url={full_url}")
Exception: Failed to setup driver
2025-10-26 21:29:38,027 - INFO - Retry attempt 171/300...
2025-10-26 21:29:53,030 - INFO - Setting up Chrome driver...
2025-10-26 21:29:53,031 - INFO - Using profile directory: C:\laragon\www\dapokalsel\chrome_profile
2025-10-26 21:29:53,032 - INFO - Initializing undetected Chrome driver...
2025-10-26 21:30:13,974 - ERROR - Failed to setup driver: [WinError 183] Cannot create a file when that file already exists: 'C:\\laragon\\www\\dapokalsel\\sekolah\\~\\appdata\\roaming\\undetected_chromedriver\\undetected\\chromedriver-win32\\chromedriver.exe' -> 'C:\\laragon\\www\\dapokalsel\\sekolah\\~\\appdata\\roaming\\undetected_chromedriver\\undetected_chromedriver.exe'
Traceback (most recent call last):
  File "C:\laragon\www\dapokalsel\sekolah\import_url_kabupaten.pyw", line 92, in setup_driver
    temp_dir = tempfile.gettempdir()
  File "C:\laragon\bin\python\python-3.10\lib\site-packages\undetected_chromedriver\__init__.py", line 258, in __init__
    self.patcher.auto()
  File "C:\laragon\bin\python\python-3.10\lib\site-packages\undetected_chromedriver\patcher.py", line 178, in auto
    self.unzip_package(self.fetch_package())
  File "C:\laragon\bin\python\python-3.10\lib\site-packages\undetected_chromedriver\patcher.py", line 310, in unzip_package
    os.rename(os.path.join(self.zip_path, exe_path), self.executable_path)
FileExistsError: [WinError 183] Cannot create a file when that file already exists: 'C:\\laragon\\www\\dapokalsel\\sekolah\\~\\appdata\\roaming\\undetected_chromedriver\\undetected\\chromedriver-win32\\chromedriver.exe' -> 'C:\\laragon\\www\\dapokalsel\\sekolah\\~\\appdata\\roaming\\undetected_chromedriver\\undetected_chromedriver.exe'
2025-10-26 21:30:13,974 - ERROR - Error on attempt 171: Failed to setup driver
Traceback (most recent call last):
  File "C:\laragon\www\dapokalsel\sekolah\import_url_kabupaten.pyw", line 388, in process_url_induk
    logger.warning(f"Row {idx} missing data: kode={kode}, nama={nama}, url={full_url}")
Exception: Failed to setup driver
2025-10-26 21:30:13,974 - INFO - Retry attempt 172/300...
2025-10-26 21:30:28,990 - INFO - Setting up Chrome driver...
2025-10-26 21:30:28,992 - INFO - Using profile directory: C:\laragon\www\dapokalsel\chrome_profile
2025-10-26 21:30:28,992 - INFO - Initializing undetected Chrome driver...
2025-10-26 21:30:44,107 - ERROR - Failed to setup driver: [WinError 183] Cannot create a file when that file already exists: 'C:\\laragon\\www\\dapokalsel\\sekolah\\~\\appdata\\roaming\\undetected_chromedriver\\undetected\\chromedriver-win32\\chromedriver.exe' -> 'C:\\laragon\\www\\dapokalsel\\sekolah\\~\\appdata\\roaming\\undetected_chromedriver\\undetected_chromedriver.exe'
Traceback (most recent call last):
  File "C:\laragon\www\dapokalsel\sekolah\import_url_kabupaten.pyw", line 92, in setup_driver
    temp_dir = tempfile.gettempdir()
  File "C:\laragon\bin\python\python-3.10\lib\site-packages\undetected_chromedriver\__init__.py", line 258, in __init__
    self.patcher.auto()
  File "C:\laragon\bin\python\python-3.10\lib\site-packages\undetected_chromedriver\patcher.py", line 178, in auto
    self.unzip_package(self.fetch_package())
  File "C:\laragon\bin\python\python-3.10\lib\site-packages\undetected_chromedriver\patcher.py", line 310, in unzip_package
    os.rename(os.path.join(self.zip_path, exe_path), self.executable_path)
FileExistsError: [WinError 183] Cannot create a file when that file already exists: 'C:\\laragon\\www\\dapokalsel\\sekolah\\~\\appdata\\roaming\\undetected_chromedriver\\undetected\\chromedriver-win32\\chromedriver.exe' -> 'C:\\laragon\\www\\dapokalsel\\sekolah\\~\\appdata\\roaming\\undetected_chromedriver\\undetected_chromedriver.exe'
2025-10-26 21:30:44,107 - ERROR - Error on attempt 172: Failed to setup driver
Traceback (most recent call last):
  File "C:\laragon\www\dapokalsel\sekolah\import_url_kabupaten.pyw", line 388, in process_url_induk
    logger.warning(f"Row {idx} missing data: kode={kode}, nama={nama}, url={full_url}")
Exception: Failed to setup driver
2025-10-26 21:30:44,107 - INFO - Retry attempt 173/300...
2025-10-26 21:30:59,108 - INFO - Setting up Chrome driver...
2025-10-26 21:30:59,109 - INFO - Using profile directory: C:\laragon\www\dapokalsel\chrome_profile
2025-10-26 21:30:59,109 - INFO - Initializing undetected Chrome driver...
2025-10-26 21:31:23,907 - ERROR - Failed to setup driver: [WinError 183] Cannot create a file when that file already exists: 'C:\\laragon\\www\\dapokalsel\\sekolah\\~\\appdata\\roaming\\undetected_chromedriver\\undetected\\chromedriver-win32\\chromedriver.exe' -> 'C:\\laragon\\www\\dapokalsel\\sekolah\\~\\appdata\\roaming\\undetected_chromedriver\\undetected_chromedriver.exe'
Traceback (most recent call last):
  File "C:\laragon\www\dapokalsel\sekolah\import_url_kabupaten.pyw", line 92, in setup_driver
    temp_dir = tempfile.gettempdir()
  File "C:\laragon\bin\python\python-3.10\lib\site-packages\undetected_chromedriver\__init__.py", line 258, in __init__
    self.patcher.auto()
  File "C:\laragon\bin\python\python-3.10\lib\site-packages\undetected_chromedriver\patcher.py", line 178, in auto
    self.unzip_package(self.fetch_package())
  File "C:\laragon\bin\python\python-3.10\lib\site-packages\undetected_chromedriver\patcher.py", line 310, in unzip_package
    os.rename(os.path.join(self.zip_path, exe_path), self.executable_path)
FileExistsError: [WinError 183] Cannot create a file when that file already exists: 'C:\\laragon\\www\\dapokalsel\\sekolah\\~\\appdata\\roaming\\undetected_chromedriver\\undetected\\chromedriver-win32\\chromedriver.exe' -> 'C:\\laragon\\www\\dapokalsel\\sekolah\\~\\appdata\\roaming\\undetected_chromedriver\\undetected_chromedriver.exe'
2025-10-26 21:31:23,920 - ERROR - Error on attempt 173: Failed to setup driver
Traceback (most recent call last):
  File "C:\laragon\www\dapokalsel\sekolah\import_url_kabupaten.pyw", line 388, in process_url_induk
    logger.warning(f"Row {idx} missing data: kode={kode}, nama={nama}, url={full_url}")
Exception: Failed to setup driver
2025-10-26 21:31:23,920 - INFO - Retry attempt 174/300...
2025-10-26 21:31:38,935 - INFO - Setting up Chrome driver...
2025-10-26 21:31:38,937 - INFO - Using profile directory: C:\laragon\www\dapokalsel\chrome_profile
2025-10-26 21:31:38,938 - INFO - Initializing undetected Chrome driver...
2025-10-26 21:31:54,863 - ERROR - Failed to setup driver: [WinError 183] Cannot create a file when that file already exists: 'C:\\laragon\\www\\dapokalsel\\sekolah\\~\\appdata\\roaming\\undetected_chromedriver\\undetected\\chromedriver-win32\\chromedriver.exe' -> 'C:\\laragon\\www\\dapokalsel\\sekolah\\~\\appdata\\roaming\\undetected_chromedriver\\undetected_chromedriver.exe'
Traceback (most recent call last):
  File "C:\laragon\www\dapokalsel\sekolah\import_url_kabupaten.pyw", line 92, in setup_driver
    temp_dir = tempfile.gettempdir()
  File "C:\laragon\bin\python\python-3.10\lib\site-packages\undetected_chromedriver\__init__.py", line 258, in __init__
    self.patcher.auto()
  File "C:\laragon\bin\python\python-3.10\lib\site-packages\undetected_chromedriver\patcher.py", line 178, in auto
    self.unzip_package(self.fetch_package())
  File "C:\laragon\bin\python\python-3.10\lib\site-packages\undetected_chromedriver\patcher.py", line 310, in unzip_package
    os.rename(os.path.join(self.zip_path, exe_path), self.executable_path)
FileExistsError: [WinError 183] Cannot create a file when that file already exists: 'C:\\laragon\\www\\dapokalsel\\sekolah\\~\\appdata\\roaming\\undetected_chromedriver\\undetected\\chromedriver-win32\\chromedriver.exe' -> 'C:\\laragon\\www\\dapokalsel\\sekolah\\~\\appdata\\roaming\\undetected_chromedriver\\undetected_chromedriver.exe'
2025-10-26 21:31:54,864 - ERROR - Error on attempt 174: Failed to setup driver
Traceback (most recent call last):
  File "C:\laragon\www\dapokalsel\sekolah\import_url_kabupaten.pyw", line 388, in process_url_induk
    logger.warning(f"Row {idx} missing data: kode={kode}, nama={nama}, url={full_url}")
Exception: Failed to setup driver
2025-10-26 21:31:54,864 - INFO - Retry attempt 175/300...
2025-10-26 21:32:09,866 - INFO - Setting up Chrome driver...
2025-10-26 21:32:09,870 - INFO - Using profile directory: C:\laragon\www\dapokalsel\chrome_profile
2025-10-26 21:32:09,871 - INFO - Initializing undetected Chrome driver...
2025-10-26 21:32:21,884 - ERROR - Failed to setup driver: [WinError 183] Cannot create a file when that file already exists: 'C:\\laragon\\www\\dapokalsel\\sekolah\\~\\appdata\\roaming\\undetected_chromedriver\\undetected\\chromedriver-win32\\chromedriver.exe' -> 'C:\\laragon\\www\\dapokalsel\\sekolah\\~\\appdata\\roaming\\undetected_chromedriver\\undetected_chromedriver.exe'
Traceback (most recent call last):
  File "C:\laragon\www\dapokalsel\sekolah\import_url_kabupaten.pyw", line 92, in setup_driver
    temp_dir = tempfile.gettempdir()
  File "C:\laragon\bin\python\python-3.10\lib\site-packages\undetected_chromedriver\__init__.py", line 258, in __init__
    self.patcher.auto()
  File "C:\laragon\bin\python\python-3.10\lib\site-packages\undetected_chromedriver\patcher.py", line 178, in auto
    self.unzip_package(self.fetch_package())
  File "C:\laragon\bin\python\python-3.10\lib\site-packages\undetected_chromedriver\patcher.py", line 310, in unzip_package
    os.rename(os.path.join(self.zip_path, exe_path), self.executable_path)
FileExistsError: [WinError 183] Cannot create a file when that file already exists: 'C:\\laragon\\www\\dapokalsel\\sekolah\\~\\appdata\\roaming\\undetected_chromedriver\\undetected\\chromedriver-win32\\chromedriver.exe' -> 'C:\\laragon\\www\\dapokalsel\\sekolah\\~\\appdata\\roaming\\undetected_chromedriver\\undetected_chromedriver.exe'
2025-10-26 21:32:21,884 - ERROR - Error on attempt 175: Failed to setup driver
Traceback (most recent call last):
  File "C:\laragon\www\dapokalsel\sekolah\import_url_kabupaten.pyw", line 388, in process_url_induk
    logger.warning(f"Row {idx} missing data: kode={kode}, nama={nama}, url={full_url}")
Exception: Failed to setup driver
2025-10-26 21:32:21,884 - INFO - Retry attempt 176/300...
2025-10-26 21:32:36,885 - INFO - Setting up Chrome driver...
2025-10-26 21:32:36,887 - INFO - Using profile directory: C:\laragon\www\dapokalsel\chrome_profile
2025-10-26 21:32:36,887 - INFO - Initializing undetected Chrome driver...
2025-10-26 21:32:52,900 - ERROR - Failed to setup driver: [WinError 183] Cannot create a file when that file already exists: 'C:\\laragon\\www\\dapokalsel\\sekolah\\~\\appdata\\roaming\\undetected_chromedriver\\undetected\\chromedriver-win32\\chromedriver.exe' -> 'C:\\laragon\\www\\dapokalsel\\sekolah\\~\\appdata\\roaming\\undetected_chromedriver\\undetected_chromedriver.exe'
Traceback (most recent call last):
  File "C:\laragon\www\dapokalsel\sekolah\import_url_kabupaten.pyw", line 92, in setup_driver
    temp_dir = tempfile.gettempdir()
  File "C:\laragon\bin\python\python-3.10\lib\site-packages\undetected_chromedriver\__init__.py", line 258, in __init__
    self.patcher.auto()
  File "C:\laragon\bin\python\python-3.10\lib\site-packages\undetected_chromedriver\patcher.py", line 178, in auto
    self.unzip_package(self.fetch_package())
  File "C:\laragon\bin\python\python-3.10\lib\site-packages\undetected_chromedriver\patcher.py", line 310, in unzip_package
    os.rename(os.path.join(self.zip_path, exe_path), self.executable_path)
FileExistsError: [WinError 183] Cannot create a file when that file already exists: 'C:\\laragon\\www\\dapokalsel\\sekolah\\~\\appdata\\roaming\\undetected_chromedriver\\undetected\\chromedriver-win32\\chromedriver.exe' -> 'C:\\laragon\\www\\dapokalsel\\sekolah\\~\\appdata\\roaming\\undetected_chromedriver\\undetected_chromedriver.exe'
2025-10-26 21:32:52,900 - ERROR - Error on attempt 176: Failed to setup driver
Traceback (most recent call last):
  File "C:\laragon\www\dapokalsel\sekolah\import_url_kabupaten.pyw", line 388, in process_url_induk
    logger.warning(f"Row {idx} missing data: kode={kode}, nama={nama}, url={full_url}")
Exception: Failed to setup driver
2025-10-26 21:32:52,900 - INFO - Retry attempt 177/300...
2025-10-26 21:33:07,900 - INFO - Setting up Chrome driver...
2025-10-26 21:33:07,900 - INFO - Using profile directory: C:\laragon\www\dapokalsel\chrome_profile
2025-10-26 21:33:07,901 - INFO - Initializing undetected Chrome driver...
2025-10-26 21:33:17,814 - ERROR - Failed to setup driver: [WinError 183] Cannot create a file when that file already exists: 'C:\\laragon\\www\\dapokalsel\\sekolah\\~\\appdata\\roaming\\undetected_chromedriver\\undetected\\chromedriver-win32\\chromedriver.exe' -> 'C:\\laragon\\www\\dapokalsel\\sekolah\\~\\appdata\\roaming\\undetected_chromedriver\\undetected_chromedriver.exe'
Traceback (most recent call last):
  File "C:\laragon\www\dapokalsel\sekolah\import_url_kabupaten.pyw", line 92, in setup_driver
    temp_dir = tempfile.gettempdir()
  File "C:\laragon\bin\python\python-3.10\lib\site-packages\undetected_chromedriver\__init__.py", line 258, in __init__
    self.patcher.auto()
  File "C:\laragon\bin\python\python-3.10\lib\site-packages\undetected_chromedriver\patcher.py", line 178, in auto
    self.unzip_package(self.fetch_package())
  File "C:\laragon\bin\python\python-3.10\lib\site-packages\undetected_chromedriver\patcher.py", line 310, in unzip_package
    os.rename(os.path.join(self.zip_path, exe_path), self.executable_path)
FileExistsError: [WinError 183] Cannot create a file when that file already exists: 'C:\\laragon\\www\\dapokalsel\\sekolah\\~\\appdata\\roaming\\undetected_chromedriver\\undetected\\chromedriver-win32\\chromedriver.exe' -> 'C:\\laragon\\www\\dapokalsel\\sekolah\\~\\appdata\\roaming\\undetected_chromedriver\\undetected_chromedriver.exe'
2025-10-26 21:33:17,814 - ERROR - Error on attempt 177: Failed to setup driver
Traceback (most recent call last):
  File "C:\laragon\www\dapokalsel\sekolah\import_url_kabupaten.pyw", line 388, in process_url_induk
    logger.warning(f"Row {idx} missing data: kode={kode}, nama={nama}, url={full_url}")
Exception: Failed to setup driver
2025-10-26 21:33:17,814 - INFO - Retry attempt 178/300...
2025-10-26 21:33:32,821 - INFO - Setting up Chrome driver...
2025-10-26 21:33:32,821 - INFO - Using profile directory: C:\laragon\www\dapokalsel\chrome_profile
2025-10-26 21:33:32,821 - INFO - Initializing undetected Chrome driver...
2025-10-26 21:33:37,930 - INFO - patching driver executable C:\laragon\www\dapokalsel\sekolah\~\appdata\roaming\undetected_chromedriver\undetected_chromedriver.exe
2025-10-26 21:33:38,032 - ERROR - Failed to setup driver: Binary Location Must be a String
Traceback (most recent call last):
  File "C:\laragon\www\dapokalsel\sekolah\import_url_kabupaten.pyw", line 92, in setup_driver
    temp_dir = tempfile.gettempdir()
  File "C:\laragon\bin\python\python-3.10\lib\site-packages\undetected_chromedriver\__init__.py", line 372, in __init__
    options.binary_location = (
  File "C:\laragon\bin\python\python-3.10\lib\site-packages\selenium\webdriver\chromium\options.py", line 52, in binary_location
    raise TypeError(self.BINARY_LOCATION_ERROR)
TypeError: Binary Location Must be a String
2025-10-26 21:33:38,032 - ERROR - Error on attempt 178: Failed to setup driver
Traceback (most recent call last):
  File "C:\laragon\www\dapokalsel\sekolah\import_url_kabupaten.pyw", line 388, in process_url_induk
    logger.warning(f"Row {idx} missing data: kode={kode}, nama={nama}, url={full_url}")
Exception: Failed to setup driver
2025-10-26 21:33:38,032 - INFO - Retry attempt 179/300...
2025-10-26 21:33:53,032 - INFO - Setting up Chrome driver...
2025-10-26 21:33:53,033 - INFO - Using profile directory: C:\laragon\www\dapokalsel\chrome_profile
2025-10-26 21:33:53,035 - INFO - Initializing undetected Chrome driver...
2025-10-26 21:34:06,128 - ERROR - Failed to setup driver: [WinError 183] Cannot create a file when that file already exists: 'C:\\laragon\\www\\dapokalsel\\sekolah\\~\\appdata\\roaming\\undetected_chromedriver\\undetected\\chromedriver-win32\\chromedriver.exe' -> 'C:\\laragon\\www\\dapokalsel\\sekolah\\~\\appdata\\roaming\\undetected_chromedriver\\undetected_chromedriver.exe'
Traceback (most recent call last):
  File "C:\laragon\www\dapokalsel\sekolah\import_url_kabupaten.pyw", line 92, in setup_driver
    temp_dir = tempfile.gettempdir()
  File "C:\laragon\bin\python\python-3.10\lib\site-packages\undetected_chromedriver\__init__.py", line 258, in __init__
    self.patcher.auto()
  File "C:\laragon\bin\python\python-3.10\lib\site-packages\undetected_chromedriver\patcher.py", line 178, in auto
    self.unzip_package(self.fetch_package())
  File "C:\laragon\bin\python\python-3.10\lib\site-packages\undetected_chromedriver\patcher.py", line 310, in unzip_package
    os.rename(os.path.join(self.zip_path, exe_path), self.executable_path)
FileExistsError: [WinError 183] Cannot create a file when that file already exists: 'C:\\laragon\\www\\dapokalsel\\sekolah\\~\\appdata\\roaming\\undetected_chromedriver\\undetected\\chromedriver-win32\\chromedriver.exe' -> 'C:\\laragon\\www\\dapokalsel\\sekolah\\~\\appdata\\roaming\\undetected_chromedriver\\undetected_chromedriver.exe'
2025-10-26 21:34:06,128 - ERROR - Error on attempt 179: Failed to setup driver
Traceback (most recent call last):
  File "C:\laragon\www\dapokalsel\sekolah\import_url_kabupaten.pyw", line 388, in process_url_induk
    logger.warning(f"Row {idx} missing data: kode={kode}, nama={nama}, url={full_url}")
Exception: Failed to setup driver
2025-10-26 21:34:06,128 - INFO - Retry attempt 180/300...
2025-10-26 21:34:21,130 - INFO - Setting up Chrome driver...
2025-10-26 21:34:21,132 - INFO - Using profile directory: C:\laragon\www\dapokalsel\chrome_profile
2025-10-26 21:34:21,174 - INFO - Initializing undetected Chrome driver...
2025-10-26 21:34:26,594 - INFO - patching driver executable C:\laragon\www\dapokalsel\sekolah\~\appdata\roaming\undetected_chromedriver\undetected_chromedriver.exe
2025-10-26 21:34:26,697 - ERROR - Failed to setup driver: Binary Location Must be a String
Traceback (most recent call last):
  File "C:\laragon\www\dapokalsel\sekolah\import_url_kabupaten.pyw", line 92, in setup_driver
    temp_dir = tempfile.gettempdir()
  File "C:\laragon\bin\python\python-3.10\lib\site-packages\undetected_chromedriver\__init__.py", line 372, in __init__
    options.binary_location = (
  File "C:\laragon\bin\python\python-3.10\lib\site-packages\selenium\webdriver\chromium\options.py", line 52, in binary_location
    raise TypeError(self.BINARY_LOCATION_ERROR)
TypeError: Binary Location Must be a String
2025-10-26 21:34:26,697 - ERROR - Error on attempt 180: Failed to setup driver
Traceback (most recent call last):
  File "C:\laragon\www\dapokalsel\sekolah\import_url_kabupaten.pyw", line 388, in process_url_induk
    logger.warning(f"Row {idx} missing data: kode={kode}, nama={nama}, url={full_url}")
Exception: Failed to setup driver
2025-10-26 21:34:26,698 - INFO - Retry attempt 181/300...
2025-10-26 21:34:41,698 - INFO - Setting up Chrome driver...
2025-10-26 21:34:41,698 - INFO - Using profile directory: C:\laragon\www\dapokalsel\chrome_profile
2025-10-26 21:34:41,698 - INFO - Initializing undetected Chrome driver...
2025-10-26 21:34:45,861 - INFO - patching driver executable C:\laragon\www\dapokalsel\sekolah\~\appdata\roaming\undetected_chromedriver\undetected_chromedriver.exe
2025-10-26 21:34:45,993 - ERROR - Failed to setup driver: Binary Location Must be a String
Traceback (most recent call last):
  File "C:\laragon\www\dapokalsel\sekolah\import_url_kabupaten.pyw", line 92, in setup_driver
    temp_dir = tempfile.gettempdir()
  File "C:\laragon\bin\python\python-3.10\lib\site-packages\undetected_chromedriver\__init__.py", line 372, in __init__
    options.binary_location = (
  File "C:\laragon\bin\python\python-3.10\lib\site-packages\selenium\webdriver\chromium\options.py", line 52, in binary_location
    raise TypeError(self.BINARY_LOCATION_ERROR)
TypeError: Binary Location Must be a String
2025-10-26 21:34:45,993 - ERROR - Error on attempt 181: Failed to setup driver
Traceback (most recent call last):
  File "C:\laragon\www\dapokalsel\sekolah\import_url_kabupaten.pyw", line 388, in process_url_induk
    logger.warning(f"Row {idx} missing data: kode={kode}, nama={nama}, url={full_url}")
Exception: Failed to setup driver
2025-10-26 21:34:45,993 - INFO - Retry attempt 182/300...
2025-10-26 21:35:00,994 - INFO - Setting up Chrome driver...
2025-10-26 21:35:00,995 - INFO - Using profile directory: C:\laragon\www\dapokalsel\chrome_profile
2025-10-26 21:35:00,995 - INFO - Initializing undetected Chrome driver...
2025-10-26 21:35:07,412 - ERROR - Failed to setup driver: [WinError 183] Cannot create a file when that file already exists: 'C:\\laragon\\www\\dapokalsel\\sekolah\\~\\appdata\\roaming\\undetected_chromedriver\\undetected\\chromedriver-win32\\chromedriver.exe' -> 'C:\\laragon\\www\\dapokalsel\\sekolah\\~\\appdata\\roaming\\undetected_chromedriver\\undetected_chromedriver.exe'
Traceback (most recent call last):
  File "C:\laragon\www\dapokalsel\sekolah\import_url_kabupaten.pyw", line 92, in setup_driver
    temp_dir = tempfile.gettempdir()
  File "C:\laragon\bin\python\python-3.10\lib\site-packages\undetected_chromedriver\__init__.py", line 258, in __init__
    self.patcher.auto()
  File "C:\laragon\bin\python\python-3.10\lib\site-packages\undetected_chromedriver\patcher.py", line 178, in auto
    self.unzip_package(self.fetch_package())
  File "C:\laragon\bin\python\python-3.10\lib\site-packages\undetected_chromedriver\patcher.py", line 310, in unzip_package
    os.rename(os.path.join(self.zip_path, exe_path), self.executable_path)
FileExistsError: [WinError 183] Cannot create a file when that file already exists: 'C:\\laragon\\www\\dapokalsel\\sekolah\\~\\appdata\\roaming\\undetected_chromedriver\\undetected\\chromedriver-win32\\chromedriver.exe' -> 'C:\\laragon\\www\\dapokalsel\\sekolah\\~\\appdata\\roaming\\undetected_chromedriver\\undetected_chromedriver.exe'
2025-10-26 21:35:07,413 - ERROR - Error on attempt 182: Failed to setup driver
Traceback (most recent call last):
  File "C:\laragon\www\dapokalsel\sekolah\import_url_kabupaten.pyw", line 388, in process_url_induk
    logger.warning(f"Row {idx} missing data: kode={kode}, nama={nama}, url={full_url}")
Exception: Failed to setup driver
2025-10-26 21:35:07,413 - INFO - Retry attempt 183/300...
2025-10-26 21:35:22,413 - INFO - Setting up Chrome driver...
2025-10-26 21:35:22,415 - INFO - Using profile directory: C:\laragon\www\dapokalsel\chrome_profile
2025-10-26 21:35:22,441 - INFO - Initializing undetected Chrome driver...
2025-10-26 21:35:28,691 - INFO - patching driver executable C:\laragon\www\dapokalsel\sekolah\~\appdata\roaming\undetected_chromedriver\undetected_chromedriver.exe
2025-10-26 21:35:28,791 - ERROR - Failed to setup driver: Binary Location Must be a String
Traceback (most recent call last):
  File "C:\laragon\www\dapokalsel\sekolah\import_url_kabupaten.pyw", line 92, in setup_driver
    temp_dir = tempfile.gettempdir()
  File "C:\laragon\bin\python\python-3.10\lib\site-packages\undetected_chromedriver\__init__.py", line 372, in __init__
    options.binary_location = (
  File "C:\laragon\bin\python\python-3.10\lib\site-packages\selenium\webdriver\chromium\options.py", line 52, in binary_location
    raise TypeError(self.BINARY_LOCATION_ERROR)
TypeError: Binary Location Must be a String
2025-10-26 21:35:28,791 - ERROR - Error on attempt 183: Failed to setup driver
Traceback (most recent call last):
  File "C:\laragon\www\dapokalsel\sekolah\import_url_kabupaten.pyw", line 388, in process_url_induk
    logger.warning(f"Row {idx} missing data: kode={kode}, nama={nama}, url={full_url}")
Exception: Failed to setup driver
2025-10-26 21:35:28,791 - INFO - Retry attempt 184/300...
2025-10-26 21:35:43,791 - INFO - Setting up Chrome driver...
2025-10-26 21:35:43,792 - INFO - Using profile directory: C:\laragon\www\dapokalsel\chrome_profile
2025-10-26 21:35:43,792 - INFO - Initializing undetected Chrome driver...
2025-10-26 21:35:53,472 - ERROR - Failed to setup driver: [WinError 183] Cannot create a file when that file already exists: 'C:\\laragon\\www\\dapokalsel\\sekolah\\~\\appdata\\roaming\\undetected_chromedriver\\undetected\\chromedriver-win32\\chromedriver.exe' -> 'C:\\laragon\\www\\dapokalsel\\sekolah\\~\\appdata\\roaming\\undetected_chromedriver\\undetected_chromedriver.exe'
Traceback (most recent call last):
  File "C:\laragon\www\dapokalsel\sekolah\import_url_kabupaten.pyw", line 92, in setup_driver
    temp_dir = tempfile.gettempdir()
  File "C:\laragon\bin\python\python-3.10\lib\site-packages\undetected_chromedriver\__init__.py", line 258, in __init__
    self.patcher.auto()
  File "C:\laragon\bin\python\python-3.10\lib\site-packages\undetected_chromedriver\patcher.py", line 178, in auto
    self.unzip_package(self.fetch_package())
  File "C:\laragon\bin\python\python-3.10\lib\site-packages\undetected_chromedriver\patcher.py", line 310, in unzip_package
    os.rename(os.path.join(self.zip_path, exe_path), self.executable_path)
FileExistsError: [WinError 183] Cannot create a file when that file already exists: 'C:\\laragon\\www\\dapokalsel\\sekolah\\~\\appdata\\roaming\\undetected_chromedriver\\undetected\\chromedriver-win32\\chromedriver.exe' -> 'C:\\laragon\\www\\dapokalsel\\sekolah\\~\\appdata\\roaming\\undetected_chromedriver\\undetected_chromedriver.exe'
2025-10-26 21:35:53,472 - ERROR - Error on attempt 184: Failed to setup driver
Traceback (most recent call last):
  File "C:\laragon\www\dapokalsel\sekolah\import_url_kabupaten.pyw", line 388, in process_url_induk
    logger.warning(f"Row {idx} missing data: kode={kode}, nama={nama}, url={full_url}")
Exception: Failed to setup driver
2025-10-26 21:35:53,472 - INFO - Retry attempt 185/300...
2025-10-26 21:36:08,472 - INFO - Setting up Chrome driver...
2025-10-26 21:36:08,474 - INFO - Using profile directory: C:\laragon\www\dapokalsel\chrome_profile
2025-10-26 21:36:08,475 - INFO - Initializing undetected Chrome driver...
2025-10-26 21:36:17,335 - INFO - patching driver executable C:\laragon\www\dapokalsel\sekolah\~\appdata\roaming\undetected_chromedriver\undetected_chromedriver.exe
2025-10-26 21:36:17,439 - ERROR - Failed to setup driver: Binary Location Must be a String
Traceback (most recent call last):
  File "C:\laragon\www\dapokalsel\sekolah\import_url_kabupaten.pyw", line 92, in setup_driver
    temp_dir = tempfile.gettempdir()
  File "C:\laragon\bin\python\python-3.10\lib\site-packages\undetected_chromedriver\__init__.py", line 372, in __init__
    options.binary_location = (
  File "C:\laragon\bin\python\python-3.10\lib\site-packages\selenium\webdriver\chromium\options.py", line 52, in binary_location
    raise TypeError(self.BINARY_LOCATION_ERROR)
TypeError: Binary Location Must be a String
2025-10-26 21:36:17,439 - ERROR - Error on attempt 185: Failed to setup driver
Traceback (most recent call last):
  File "C:\laragon\www\dapokalsel\sekolah\import_url_kabupaten.pyw", line 388, in process_url_induk
    logger.warning(f"Row {idx} missing data: kode={kode}, nama={nama}, url={full_url}")
Exception: Failed to setup driver
2025-10-26 21:36:17,439 - INFO - Retry attempt 186/300...
2025-10-26 21:36:32,440 - INFO - Setting up Chrome driver...
2025-10-26 21:36:32,441 - INFO - Using profile directory: C:\laragon\www\dapokalsel\chrome_profile
2025-10-26 21:36:32,441 - INFO - Initializing undetected Chrome driver...
2025-10-26 21:36:38,270 - INFO - patching driver executable C:\laragon\www\dapokalsel\sekolah\~\appdata\roaming\undetected_chromedriver\undetected_chromedriver.exe
2025-10-26 21:36:38,388 - ERROR - Failed to setup driver: Binary Location Must be a String
Traceback (most recent call last):
  File "C:\laragon\www\dapokalsel\sekolah\import_url_kabupaten.pyw", line 92, in setup_driver
    temp_dir = tempfile.gettempdir()
  File "C:\laragon\bin\python\python-3.10\lib\site-packages\undetected_chromedriver\__init__.py", line 372, in __init__
    options.binary_location = (
  File "C:\laragon\bin\python\python-3.10\lib\site-packages\selenium\webdriver\chromium\options.py", line 52, in binary_location
    raise TypeError(self.BINARY_LOCATION_ERROR)
TypeError: Binary Location Must be a String
2025-10-26 21:36:38,389 - ERROR - Error on attempt 186: Failed to setup driver
Traceback (most recent call last):
  File "C:\laragon\www\dapokalsel\sekolah\import_url_kabupaten.pyw", line 388, in process_url_induk
    logger.warning(f"Row {idx} missing data: kode={kode}, nama={nama}, url={full_url}")
Exception: Failed to setup driver
2025-10-26 21:36:38,389 - INFO - Retry attempt 187/300...
2025-10-26 21:36:53,401 - INFO - Setting up Chrome driver...
2025-10-26 21:36:53,403 - INFO - Using profile directory: C:\laragon\www\dapokalsel\chrome_profile
2025-10-26 21:36:53,405 - INFO - Initializing undetected Chrome driver...
2025-10-26 21:37:00,453 - ERROR - Failed to setup driver: [WinError 183] Cannot create a file when that file already exists: 'C:\\laragon\\www\\dapokalsel\\sekolah\\~\\appdata\\roaming\\undetected_chromedriver\\undetected\\chromedriver-win32\\chromedriver.exe' -> 'C:\\laragon\\www\\dapokalsel\\sekolah\\~\\appdata\\roaming\\undetected_chromedriver\\undetected_chromedriver.exe'
Traceback (most recent call last):
  File "C:\laragon\www\dapokalsel\sekolah\import_url_kabupaten.pyw", line 92, in setup_driver
    temp_dir = tempfile.gettempdir()
  File "C:\laragon\bin\python\python-3.10\lib\site-packages\undetected_chromedriver\__init__.py", line 258, in __init__
    self.patcher.auto()
  File "C:\laragon\bin\python\python-3.10\lib\site-packages\undetected_chromedriver\patcher.py", line 178, in auto
    self.unzip_package(self.fetch_package())
  File "C:\laragon\bin\python\python-3.10\lib\site-packages\undetected_chromedriver\patcher.py", line 310, in unzip_package
    os.rename(os.path.join(self.zip_path, exe_path), self.executable_path)
FileExistsError: [WinError 183] Cannot create a file when that file already exists: 'C:\\laragon\\www\\dapokalsel\\sekolah\\~\\appdata\\roaming\\undetected_chromedriver\\undetected\\chromedriver-win32\\chromedriver.exe' -> 'C:\\laragon\\www\\dapokalsel\\sekolah\\~\\appdata\\roaming\\undetected_chromedriver\\undetected_chromedriver.exe'
2025-10-26 21:37:00,453 - ERROR - Error on attempt 187: Failed to setup driver
Traceback (most recent call last):
  File "C:\laragon\www\dapokalsel\sekolah\import_url_kabupaten.pyw", line 388, in process_url_induk
    logger.warning(f"Row {idx} missing data: kode={kode}, nama={nama}, url={full_url}")
Exception: Failed to setup driver
2025-10-26 21:37:00,453 - INFO - Retry attempt 188/300...
2025-10-26 21:37:15,467 - INFO - Setting up Chrome driver...
2025-10-26 21:37:15,469 - INFO - Using profile directory: C:\laragon\www\dapokalsel\chrome_profile
2025-10-26 21:37:15,469 - INFO - Initializing undetected Chrome driver...
2025-10-26 21:37:24,388 - ERROR - Failed to setup driver: [WinError 183] Cannot create a file when that file already exists: 'C:\\laragon\\www\\dapokalsel\\sekolah\\~\\appdata\\roaming\\undetected_chromedriver\\undetected\\chromedriver-win32\\chromedriver.exe' -> 'C:\\laragon\\www\\dapokalsel\\sekolah\\~\\appdata\\roaming\\undetected_chromedriver\\undetected_chromedriver.exe'
Traceback (most recent call last):
  File "C:\laragon\www\dapokalsel\sekolah\import_url_kabupaten.pyw", line 92, in setup_driver
    temp_dir = tempfile.gettempdir()
  File "C:\laragon\bin\python\python-3.10\lib\site-packages\undetected_chromedriver\__init__.py", line 258, in __init__
    self.patcher.auto()
  File "C:\laragon\bin\python\python-3.10\lib\site-packages\undetected_chromedriver\patcher.py", line 178, in auto
    self.unzip_package(self.fetch_package())
  File "C:\laragon\bin\python\python-3.10\lib\site-packages\undetected_chromedriver\patcher.py", line 310, in unzip_package
    os.rename(os.path.join(self.zip_path, exe_path), self.executable_path)
FileExistsError: [WinError 183] Cannot create a file when that file already exists: 'C:\\laragon\\www\\dapokalsel\\sekolah\\~\\appdata\\roaming\\undetected_chromedriver\\undetected\\chromedriver-win32\\chromedriver.exe' -> 'C:\\laragon\\www\\dapokalsel\\sekolah\\~\\appdata\\roaming\\undetected_chromedriver\\undetected_chromedriver.exe'
2025-10-26 21:37:24,388 - ERROR - Error on attempt 188: Failed to setup driver
Traceback (most recent call last):
  File "C:\laragon\www\dapokalsel\sekolah\import_url_kabupaten.pyw", line 388, in process_url_induk
    logger.warning(f"Row {idx} missing data: kode={kode}, nama={nama}, url={full_url}")
Exception: Failed to setup driver
2025-10-26 21:37:24,388 - INFO - Retry attempt 189/300...
2025-10-26 21:37:39,388 - INFO - Setting up Chrome driver...
2025-10-26 21:37:39,389 - INFO - Using profile directory: C:\laragon\www\dapokalsel\chrome_profile
2025-10-26 21:37:39,389 - INFO - Initializing undetected Chrome driver...
2025-10-26 21:37:54,871 - ERROR - Failed to setup driver: [WinError 32] The process cannot access the file because it is being used by another process: 'C:\\laragon\\www\\dapokalsel\\sekolah\\~\\appdata\\roaming\\undetected_chromedriver\\undetected\\chromedriver-win32\\chromedriver.exe' -> 'C:\\laragon\\www\\dapokalsel\\sekolah\\~\\appdata\\roaming\\undetected_chromedriver\\undetected_chromedriver.exe'
Traceback (most recent call last):
  File "C:\laragon\www\dapokalsel\sekolah\import_url_kabupaten.pyw", line 92, in setup_driver
    temp_dir = tempfile.gettempdir()
  File "C:\laragon\bin\python\python-3.10\lib\site-packages\undetected_chromedriver\__init__.py", line 258, in __init__
    self.patcher.auto()
  File "C:\laragon\bin\python\python-3.10\lib\site-packages\undetected_chromedriver\patcher.py", line 178, in auto
    self.unzip_package(self.fetch_package())
  File "C:\laragon\bin\python\python-3.10\lib\site-packages\undetected_chromedriver\patcher.py", line 310, in unzip_package
    os.rename(os.path.join(self.zip_path, exe_path), self.executable_path)
PermissionError: [WinError 32] The process cannot access the file because it is being used by another process: 'C:\\laragon\\www\\dapokalsel\\sekolah\\~\\appdata\\roaming\\undetected_chromedriver\\undetected\\chromedriver-win32\\chromedriver.exe' -> 'C:\\laragon\\www\\dapokalsel\\sekolah\\~\\appdata\\roaming\\undetected_chromedriver\\undetected_chromedriver.exe'
2025-10-26 21:37:54,872 - ERROR - Error on attempt 189: Failed to setup driver
Traceback (most recent call last):
  File "C:\laragon\www\dapokalsel\sekolah\import_url_kabupaten.pyw", line 388, in process_url_induk
    logger.warning(f"Row {idx} missing data: kode={kode}, nama={nama}, url={full_url}")
Exception: Failed to setup driver
2025-10-26 21:37:54,872 - INFO - Retry attempt 190/300...
2025-10-26 21:38:09,880 - INFO - Setting up Chrome driver...
2025-10-26 21:38:09,881 - INFO - Using profile directory: C:\laragon\www\dapokalsel\chrome_profile
2025-10-26 21:38:09,882 - INFO - Initializing undetected Chrome driver...
2025-10-26 21:38:14,168 - INFO - patching driver executable C:\laragon\www\dapokalsel\sekolah\~\appdata\roaming\undetected_chromedriver\undetected_chromedriver.exe
2025-10-26 21:38:14,265 - ERROR - Failed to setup driver: Binary Location Must be a String
Traceback (most recent call last):
  File "C:\laragon\www\dapokalsel\sekolah\import_url_kabupaten.pyw", line 92, in setup_driver
    temp_dir = tempfile.gettempdir()
  File "C:\laragon\bin\python\python-3.10\lib\site-packages\undetected_chromedriver\__init__.py", line 372, in __init__
    options.binary_location = (
  File "C:\laragon\bin\python\python-3.10\lib\site-packages\selenium\webdriver\chromium\options.py", line 52, in binary_location
    raise TypeError(self.BINARY_LOCATION_ERROR)
TypeError: Binary Location Must be a String
2025-10-26 21:38:14,265 - ERROR - Error on attempt 190: Failed to setup driver
Traceback (most recent call last):
  File "C:\laragon\www\dapokalsel\sekolah\import_url_kabupaten.pyw", line 388, in process_url_induk
    logger.warning(f"Row {idx} missing data: kode={kode}, nama={nama}, url={full_url}")
Exception: Failed to setup driver
2025-10-26 21:38:14,266 - INFO - Retry attempt 191/300...
2025-10-26 21:38:29,331 - INFO - Setting up Chrome driver...
2025-10-26 21:38:29,331 - INFO - Using profile directory: C:\laragon\www\dapokalsel\chrome_profile
2025-10-26 21:38:29,331 - INFO - Initializing undetected Chrome driver...
2025-10-26 21:38:39,156 - INFO - patching driver executable C:\laragon\www\dapokalsel\sekolah\~\appdata\roaming\undetected_chromedriver\undetected_chromedriver.exe
2025-10-26 21:38:39,251 - ERROR - Failed to setup driver: Binary Location Must be a String
Traceback (most recent call last):
  File "C:\laragon\www\dapokalsel\sekolah\import_url_kabupaten.pyw", line 92, in setup_driver
    temp_dir = tempfile.gettempdir()
  File "C:\laragon\bin\python\python-3.10\lib\site-packages\undetected_chromedriver\__init__.py", line 372, in __init__
    options.binary_location = (
  File "C:\laragon\bin\python\python-3.10\lib\site-packages\selenium\webdriver\chromium\options.py", line 52, in binary_location
    raise TypeError(self.BINARY_LOCATION_ERROR)
TypeError: Binary Location Must be a String
2025-10-26 21:38:39,251 - ERROR - Error on attempt 191: Failed to setup driver
Traceback (most recent call last):
  File "C:\laragon\www\dapokalsel\sekolah\import_url_kabupaten.pyw", line 388, in process_url_induk
    logger.warning(f"Row {idx} missing data: kode={kode}, nama={nama}, url={full_url}")
Exception: Failed to setup driver
2025-10-26 21:38:39,251 - INFO - Retry attempt 192/300...
2025-10-26 21:38:54,262 - INFO - Setting up Chrome driver...
2025-10-26 21:38:54,266 - INFO - Using profile directory: C:\laragon\www\dapokalsel\chrome_profile
2025-10-26 21:38:54,267 - INFO - Initializing undetected Chrome driver...
2025-10-26 21:39:01,417 - INFO - patching driver executable C:\laragon\www\dapokalsel\sekolah\~\appdata\roaming\undetected_chromedriver\undetected_chromedriver.exe
2025-10-26 21:39:01,512 - ERROR - Failed to setup driver: Binary Location Must be a String
Traceback (most recent call last):
  File "C:\laragon\www\dapokalsel\sekolah\import_url_kabupaten.pyw", line 92, in setup_driver
    temp_dir = tempfile.gettempdir()
  File "C:\laragon\bin\python\python-3.10\lib\site-packages\undetected_chromedriver\__init__.py", line 372, in __init__
    options.binary_location = (
  File "C:\laragon\bin\python\python-3.10\lib\site-packages\selenium\webdriver\chromium\options.py", line 52, in binary_location
    raise TypeError(self.BINARY_LOCATION_ERROR)
TypeError: Binary Location Must be a String
2025-10-26 21:39:01,512 - ERROR - Error on attempt 192: Failed to setup driver
Traceback (most recent call last):
  File "C:\laragon\www\dapokalsel\sekolah\import_url_kabupaten.pyw", line 388, in process_url_induk
    logger.warning(f"Row {idx} missing data: kode={kode}, nama={nama}, url={full_url}")
Exception: Failed to setup driver
2025-10-26 21:39:01,512 - INFO - Retry attempt 193/300...
2025-10-26 21:39:16,527 - INFO - Setting up Chrome driver...
2025-10-26 21:39:16,528 - INFO - Using profile directory: C:\laragon\www\dapokalsel\chrome_profile
2025-10-26 21:39:16,528 - INFO - Initializing undetected Chrome driver...
2025-10-26 21:39:25,286 - ERROR - Failed to setup driver: [WinError 183] Cannot create a file when that file already exists: 'C:\\laragon\\www\\dapokalsel\\sekolah\\~\\appdata\\roaming\\undetected_chromedriver\\undetected\\chromedriver-win32\\chromedriver.exe' -> 'C:\\laragon\\www\\dapokalsel\\sekolah\\~\\appdata\\roaming\\undetected_chromedriver\\undetected_chromedriver.exe'
Traceback (most recent call last):
  File "C:\laragon\www\dapokalsel\sekolah\import_url_kabupaten.pyw", line 92, in setup_driver
    temp_dir = tempfile.gettempdir()
  File "C:\laragon\bin\python\python-3.10\lib\site-packages\undetected_chromedriver\__init__.py", line 258, in __init__
    self.patcher.auto()
  File "C:\laragon\bin\python\python-3.10\lib\site-packages\undetected_chromedriver\patcher.py", line 178, in auto
    self.unzip_package(self.fetch_package())
  File "C:\laragon\bin\python\python-3.10\lib\site-packages\undetected_chromedriver\patcher.py", line 310, in unzip_package
    os.rename(os.path.join(self.zip_path, exe_path), self.executable_path)
FileExistsError: [WinError 183] Cannot create a file when that file already exists: 'C:\\laragon\\www\\dapokalsel\\sekolah\\~\\appdata\\roaming\\undetected_chromedriver\\undetected\\chromedriver-win32\\chromedriver.exe' -> 'C:\\laragon\\www\\dapokalsel\\sekolah\\~\\appdata\\roaming\\undetected_chromedriver\\undetected_chromedriver.exe'
2025-10-26 21:39:25,287 - ERROR - Error on attempt 193: Failed to setup driver
Traceback (most recent call last):
  File "C:\laragon\www\dapokalsel\sekolah\import_url_kabupaten.pyw", line 388, in process_url_induk
    logger.warning(f"Row {idx} missing data: kode={kode}, nama={nama}, url={full_url}")
Exception: Failed to setup driver
2025-10-26 21:39:25,288 - INFO - Retry attempt 194/300...
2025-10-26 21:39:40,289 - INFO - Setting up Chrome driver...
2025-10-26 21:39:40,290 - INFO - Using profile directory: C:\laragon\www\dapokalsel\chrome_profile
2025-10-26 21:39:40,290 - INFO - Initializing undetected Chrome driver...
2025-10-26 21:39:45,660 - INFO - patching driver executable C:\laragon\www\dapokalsel\sekolah\~\appdata\roaming\undetected_chromedriver\undetected_chromedriver.exe
2025-10-26 21:39:45,743 - ERROR - Failed to setup driver: Binary Location Must be a String
Traceback (most recent call last):
  File "C:\laragon\www\dapokalsel\sekolah\import_url_kabupaten.pyw", line 92, in setup_driver
    temp_dir = tempfile.gettempdir()
  File "C:\laragon\bin\python\python-3.10\lib\site-packages\undetected_chromedriver\__init__.py", line 372, in __init__
    options.binary_location = (
  File "C:\laragon\bin\python\python-3.10\lib\site-packages\selenium\webdriver\chromium\options.py", line 52, in binary_location
    raise TypeError(self.BINARY_LOCATION_ERROR)
TypeError: Binary Location Must be a String
2025-10-26 21:39:45,743 - ERROR - Error on attempt 194: Failed to setup driver
Traceback (most recent call last):
  File "C:\laragon\www\dapokalsel\sekolah\import_url_kabupaten.pyw", line 388, in process_url_induk
    logger.warning(f"Row {idx} missing data: kode={kode}, nama={nama}, url={full_url}")
Exception: Failed to setup driver
2025-10-26 21:39:45,743 - INFO - Retry attempt 195/300...
2025-10-26 21:40:00,744 - INFO - Setting up Chrome driver...
2025-10-26 21:40:00,746 - INFO - Using profile directory: C:\laragon\www\dapokalsel\chrome_profile
2025-10-26 21:40:00,747 - INFO - Initializing undetected Chrome driver...
2025-10-26 21:40:07,992 - ERROR - Failed to setup driver: [WinError 183] Cannot create a file when that file already exists: 'C:\\laragon\\www\\dapokalsel\\sekolah\\~\\appdata\\roaming\\undetected_chromedriver\\undetected\\chromedriver-win32\\chromedriver.exe' -> 'C:\\laragon\\www\\dapokalsel\\sekolah\\~\\appdata\\roaming\\undetected_chromedriver\\undetected_chromedriver.exe'
Traceback (most recent call last):
  File "C:\laragon\www\dapokalsel\sekolah\import_url_kabupaten.pyw", line 92, in setup_driver
    temp_dir = tempfile.gettempdir()
  File "C:\laragon\bin\python\python-3.10\lib\site-packages\undetected_chromedriver\__init__.py", line 258, in __init__
    self.patcher.auto()
  File "C:\laragon\bin\python\python-3.10\lib\site-packages\undetected_chromedriver\patcher.py", line 178, in auto
    self.unzip_package(self.fetch_package())
  File "C:\laragon\bin\python\python-3.10\lib\site-packages\undetected_chromedriver\patcher.py", line 310, in unzip_package
    os.rename(os.path.join(self.zip_path, exe_path), self.executable_path)
FileExistsError: [WinError 183] Cannot create a file when that file already exists: 'C:\\laragon\\www\\dapokalsel\\sekolah\\~\\appdata\\roaming\\undetected_chromedriver\\undetected\\chromedriver-win32\\chromedriver.exe' -> 'C:\\laragon\\www\\dapokalsel\\sekolah\\~\\appdata\\roaming\\undetected_chromedriver\\undetected_chromedriver.exe'
2025-10-26 21:40:07,992 - ERROR - Error on attempt 195: Failed to setup driver
Traceback (most recent call last):
  File "C:\laragon\www\dapokalsel\sekolah\import_url_kabupaten.pyw", line 388, in process_url_induk
    logger.warning(f"Row {idx} missing data: kode={kode}, nama={nama}, url={full_url}")
Exception: Failed to setup driver
2025-10-26 21:40:07,992 - INFO - Retry attempt 196/300...
2025-10-26 21:40:22,992 - INFO - Setting up Chrome driver...
2025-10-26 21:40:22,995 - INFO - Using profile directory: C:\laragon\www\dapokalsel\chrome_profile
2025-10-26 21:40:22,996 - INFO - Initializing undetected Chrome driver...
2025-10-26 21:40:28,461 - INFO - patching driver executable C:\laragon\www\dapokalsel\sekolah\~\appdata\roaming\undetected_chromedriver\undetected_chromedriver.exe
2025-10-26 21:40:28,542 - ERROR - Failed to setup driver: Binary Location Must be a String
Traceback (most recent call last):
  File "C:\laragon\www\dapokalsel\sekolah\import_url_kabupaten.pyw", line 92, in setup_driver
    temp_dir = tempfile.gettempdir()
  File "C:\laragon\bin\python\python-3.10\lib\site-packages\undetected_chromedriver\__init__.py", line 372, in __init__
    options.binary_location = (
  File "C:\laragon\bin\python\python-3.10\lib\site-packages\selenium\webdriver\chromium\options.py", line 52, in binary_location
    raise TypeError(self.BINARY_LOCATION_ERROR)
TypeError: Binary Location Must be a String
2025-10-26 21:40:28,542 - ERROR - Error on attempt 196: Failed to setup driver
Traceback (most recent call last):
  File "C:\laragon\www\dapokalsel\sekolah\import_url_kabupaten.pyw", line 388, in process_url_induk
    logger.warning(f"Row {idx} missing data: kode={kode}, nama={nama}, url={full_url}")
Exception: Failed to setup driver
2025-10-26 21:40:28,542 - INFO - Retry attempt 197/300...
2025-10-26 21:40:43,555 - INFO - Setting up Chrome driver...
2025-10-26 21:40:43,555 - INFO - Using profile directory: C:\laragon\www\dapokalsel\chrome_profile
2025-10-26 21:40:43,556 - INFO - Initializing undetected Chrome driver...
2025-10-26 21:40:47,772 - INFO - patching driver executable C:\laragon\www\dapokalsel\sekolah\~\appdata\roaming\undetected_chromedriver\undetected_chromedriver.exe
2025-10-26 21:40:47,875 - ERROR - Failed to setup driver: Binary Location Must be a String
Traceback (most recent call last):
  File "C:\laragon\www\dapokalsel\sekolah\import_url_kabupaten.pyw", line 92, in setup_driver
    temp_dir = tempfile.gettempdir()
  File "C:\laragon\bin\python\python-3.10\lib\site-packages\undetected_chromedriver\__init__.py", line 372, in __init__
    options.binary_location = (
  File "C:\laragon\bin\python\python-3.10\lib\site-packages\selenium\webdriver\chromium\options.py", line 52, in binary_location
    raise TypeError(self.BINARY_LOCATION_ERROR)
TypeError: Binary Location Must be a String
2025-10-26 21:40:47,875 - ERROR - Error on attempt 197: Failed to setup driver
Traceback (most recent call last):
  File "C:\laragon\www\dapokalsel\sekolah\import_url_kabupaten.pyw", line 388, in process_url_induk
    logger.warning(f"Row {idx} missing data: kode={kode}, nama={nama}, url={full_url}")
Exception: Failed to setup driver
2025-10-26 21:40:47,875 - INFO - Retry attempt 198/300...
2025-10-26 21:41:02,876 - INFO - Setting up Chrome driver...
2025-10-26 21:41:02,880 - INFO - Using profile directory: C:\laragon\www\dapokalsel\chrome_profile
2025-10-26 21:41:02,881 - INFO - Initializing undetected Chrome driver...
2025-10-26 21:41:08,889 - ERROR - Failed to setup driver: [WinError 183] Cannot create a file when that file already exists: 'C:\\laragon\\www\\dapokalsel\\sekolah\\~\\appdata\\roaming\\undetected_chromedriver\\undetected\\chromedriver-win32\\chromedriver.exe' -> 'C:\\laragon\\www\\dapokalsel\\sekolah\\~\\appdata\\roaming\\undetected_chromedriver\\undetected_chromedriver.exe'
Traceback (most recent call last):
  File "C:\laragon\www\dapokalsel\sekolah\import_url_kabupaten.pyw", line 92, in setup_driver
    temp_dir = tempfile.gettempdir()
  File "C:\laragon\bin\python\python-3.10\lib\site-packages\undetected_chromedriver\__init__.py", line 258, in __init__
    self.patcher.auto()
  File "C:\laragon\bin\python\python-3.10\lib\site-packages\undetected_chromedriver\patcher.py", line 178, in auto
    self.unzip_package(self.fetch_package())
  File "C:\laragon\bin\python\python-3.10\lib\site-packages\undetected_chromedriver\patcher.py", line 310, in unzip_package
    os.rename(os.path.join(self.zip_path, exe_path), self.executable_path)
FileExistsError: [WinError 183] Cannot create a file when that file already exists: 'C:\\laragon\\www\\dapokalsel\\sekolah\\~\\appdata\\roaming\\undetected_chromedriver\\undetected\\chromedriver-win32\\chromedriver.exe' -> 'C:\\laragon\\www\\dapokalsel\\sekolah\\~\\appdata\\roaming\\undetected_chromedriver\\undetected_chromedriver.exe'
2025-10-26 21:41:08,889 - ERROR - Error on attempt 198: Failed to setup driver
Traceback (most recent call last):
  File "C:\laragon\www\dapokalsel\sekolah\import_url_kabupaten.pyw", line 388, in process_url_induk
    logger.warning(f"Row {idx} missing data: kode={kode}, nama={nama}, url={full_url}")
Exception: Failed to setup driver
2025-10-26 21:41:08,889 - INFO - Retry attempt 199/300...
2025-10-26 21:41:23,890 - INFO - Setting up Chrome driver...
2025-10-26 21:41:23,891 - INFO - Using profile directory: C:\laragon\www\dapokalsel\chrome_profile
2025-10-26 21:41:23,892 - INFO - Initializing undetected Chrome driver...
2025-10-26 21:41:33,054 - INFO - patching driver executable C:\laragon\www\dapokalsel\sekolah\~\appdata\roaming\undetected_chromedriver\undetected_chromedriver.exe
2025-10-26 21:41:33,161 - ERROR - Failed to setup driver: Binary Location Must be a String
Traceback (most recent call last):
  File "C:\laragon\www\dapokalsel\sekolah\import_url_kabupaten.pyw", line 92, in setup_driver
    temp_dir = tempfile.gettempdir()
  File "C:\laragon\bin\python\python-3.10\lib\site-packages\undetected_chromedriver\__init__.py", line 372, in __init__
    options.binary_location = (
  File "C:\laragon\bin\python\python-3.10\lib\site-packages\selenium\webdriver\chromium\options.py", line 52, in binary_location
    raise TypeError(self.BINARY_LOCATION_ERROR)
TypeError: Binary Location Must be a String
2025-10-26 21:41:33,163 - ERROR - Error on attempt 199: Failed to setup driver
Traceback (most recent call last):
  File "C:\laragon\www\dapokalsel\sekolah\import_url_kabupaten.pyw", line 388, in process_url_induk
    logger.warning(f"Row {idx} missing data: kode={kode}, nama={nama}, url={full_url}")
Exception: Failed to setup driver
2025-10-26 21:41:33,164 - INFO - Retry attempt 200/300...
2025-10-26 21:41:48,168 - INFO - Setting up Chrome driver...
2025-10-26 21:41:48,170 - INFO - Using profile directory: C:\laragon\www\dapokalsel\chrome_profile
2025-10-26 21:41:48,170 - INFO - Initializing undetected Chrome driver...
2025-10-26 21:41:55,856 - INFO - patching driver executable C:\laragon\www\dapokalsel\sekolah\~\appdata\roaming\undetected_chromedriver\undetected_chromedriver.exe
2025-10-26 21:41:55,936 - ERROR - Failed to setup driver: Binary Location Must be a String
Traceback (most recent call last):
  File "C:\laragon\www\dapokalsel\sekolah\import_url_kabupaten.pyw", line 92, in setup_driver
    temp_dir = tempfile.gettempdir()
  File "C:\laragon\bin\python\python-3.10\lib\site-packages\undetected_chromedriver\__init__.py", line 372, in __init__
    options.binary_location = (
  File "C:\laragon\bin\python\python-3.10\lib\site-packages\selenium\webdriver\chromium\options.py", line 52, in binary_location
    raise TypeError(self.BINARY_LOCATION_ERROR)
TypeError: Binary Location Must be a String
2025-10-26 21:41:55,936 - ERROR - Error on attempt 200: Failed to setup driver
Traceback (most recent call last):
  File "C:\laragon\www\dapokalsel\sekolah\import_url_kabupaten.pyw", line 388, in process_url_induk
    logger.warning(f"Row {idx} missing data: kode={kode}, nama={nama}, url={full_url}")
Exception: Failed to setup driver
2025-10-26 21:41:55,936 - INFO - Retry attempt 201/300...
2025-10-26 21:42:10,951 - INFO - Setting up Chrome driver...
2025-10-26 21:42:10,952 - INFO - Using profile directory: C:\laragon\www\dapokalsel\chrome_profile
2025-10-26 21:42:10,952 - INFO - Initializing undetected Chrome driver...
2025-10-26 21:42:18,036 - ERROR - Failed to setup driver: [WinError 32] The process cannot access the file because it is being used by another process: 'C:\\laragon\\www\\dapokalsel\\sekolah\\~\\appdata\\roaming\\undetected_chromedriver\\undetected\\chromedriver-win32\\chromedriver.exe' -> 'C:\\laragon\\www\\dapokalsel\\sekolah\\~\\appdata\\roaming\\undetected_chromedriver\\undetected_chromedriver.exe'
Traceback (most recent call last):
  File "C:\laragon\www\dapokalsel\sekolah\import_url_kabupaten.pyw", line 92, in setup_driver
    temp_dir = tempfile.gettempdir()
  File "C:\laragon\bin\python\python-3.10\lib\site-packages\undetected_chromedriver\__init__.py", line 258, in __init__
    self.patcher.auto()
  File "C:\laragon\bin\python\python-3.10\lib\site-packages\undetected_chromedriver\patcher.py", line 178, in auto
    self.unzip_package(self.fetch_package())
  File "C:\laragon\bin\python\python-3.10\lib\site-packages\undetected_chromedriver\patcher.py", line 310, in unzip_package
    os.rename(os.path.join(self.zip_path, exe_path), self.executable_path)
PermissionError: [WinError 32] The process cannot access the file because it is being used by another process: 'C:\\laragon\\www\\dapokalsel\\sekolah\\~\\appdata\\roaming\\undetected_chromedriver\\undetected\\chromedriver-win32\\chromedriver.exe' -> 'C:\\laragon\\www\\dapokalsel\\sekolah\\~\\appdata\\roaming\\undetected_chromedriver\\undetected_chromedriver.exe'
2025-10-26 21:42:18,036 - ERROR - Error on attempt 201: Failed to setup driver
Traceback (most recent call last):
  File "C:\laragon\www\dapokalsel\sekolah\import_url_kabupaten.pyw", line 388, in process_url_induk
    logger.warning(f"Row {idx} missing data: kode={kode}, nama={nama}, url={full_url}")
Exception: Failed to setup driver
2025-10-26 21:42:18,036 - INFO - Retry attempt 202/300...
2025-10-26 21:42:33,036 - INFO - Setting up Chrome driver...
2025-10-26 21:42:33,038 - INFO - Using profile directory: C:\laragon\www\dapokalsel\chrome_profile
2025-10-26 21:42:33,039 - INFO - Initializing undetected Chrome driver...
2025-10-26 21:42:37,237 - INFO - patching driver executable C:\laragon\www\dapokalsel\sekolah\~\appdata\roaming\undetected_chromedriver\undetected_chromedriver.exe
2025-10-26 21:42:37,329 - ERROR - Failed to setup driver: Binary Location Must be a String
Traceback (most recent call last):
  File "C:\laragon\www\dapokalsel\sekolah\import_url_kabupaten.pyw", line 92, in setup_driver
    temp_dir = tempfile.gettempdir()
  File "C:\laragon\bin\python\python-3.10\lib\site-packages\undetected_chromedriver\__init__.py", line 372, in __init__
    options.binary_location = (
  File "C:\laragon\bin\python\python-3.10\lib\site-packages\selenium\webdriver\chromium\options.py", line 52, in binary_location
    raise TypeError(self.BINARY_LOCATION_ERROR)
TypeError: Binary Location Must be a String
2025-10-26 21:42:37,329 - ERROR - Error on attempt 202: Failed to setup driver
Traceback (most recent call last):
  File "C:\laragon\www\dapokalsel\sekolah\import_url_kabupaten.pyw", line 388, in process_url_induk
    logger.warning(f"Row {idx} missing data: kode={kode}, nama={nama}, url={full_url}")
Exception: Failed to setup driver
2025-10-26 21:42:37,329 - INFO - Retry attempt 203/300...
2025-10-26 21:42:52,333 - INFO - Setting up Chrome driver...
2025-10-26 21:42:52,336 - INFO - Using profile directory: C:\laragon\www\dapokalsel\chrome_profile
2025-10-26 21:42:52,337 - INFO - Initializing undetected Chrome driver...
2025-10-26 21:42:56,450 - INFO - patching driver executable C:\laragon\www\dapokalsel\sekolah\~\appdata\roaming\undetected_chromedriver\undetected_chromedriver.exe
2025-10-26 21:42:56,533 - ERROR - Failed to setup driver: Binary Location Must be a String
Traceback (most recent call last):
  File "C:\laragon\www\dapokalsel\sekolah\import_url_kabupaten.pyw", line 92, in setup_driver
    temp_dir = tempfile.gettempdir()
  File "C:\laragon\bin\python\python-3.10\lib\site-packages\undetected_chromedriver\__init__.py", line 372, in __init__
    options.binary_location = (
  File "C:\laragon\bin\python\python-3.10\lib\site-packages\selenium\webdriver\chromium\options.py", line 52, in binary_location
    raise TypeError(self.BINARY_LOCATION_ERROR)
TypeError: Binary Location Must be a String
2025-10-26 21:42:56,533 - ERROR - Error on attempt 203: Failed to setup driver
Traceback (most recent call last):
  File "C:\laragon\www\dapokalsel\sekolah\import_url_kabupaten.pyw", line 388, in process_url_induk
    logger.warning(f"Row {idx} missing data: kode={kode}, nama={nama}, url={full_url}")
Exception: Failed to setup driver
2025-10-26 21:42:56,533 - INFO - Retry attempt 204/300...
2025-10-26 21:43:11,534 - INFO - Setting up Chrome driver...
2025-10-26 21:43:11,535 - INFO - Using profile directory: C:\laragon\www\dapokalsel\chrome_profile
2025-10-26 21:43:11,535 - INFO - Initializing undetected Chrome driver...
2025-10-26 21:47:32,384 - ERROR - Failed to setup driver: [WinError 183] Cannot create a file when that file already exists: 'C:\\laragon\\www\\dapokalsel\\sekolah\\~\\appdata\\roaming\\undetected_chromedriver\\undetected\\chromedriver-win32\\chromedriver.exe' -> 'C:\\laragon\\www\\dapokalsel\\sekolah\\~\\appdata\\roaming\\undetected_chromedriver\\undetected_chromedriver.exe'
Traceback (most recent call last):
  File "C:\laragon\www\dapokalsel\sekolah\import_url_kabupaten.pyw", line 92, in setup_driver
    temp_dir = tempfile.gettempdir()
  File "C:\laragon\bin\python\python-3.10\lib\site-packages\undetected_chromedriver\__init__.py", line 258, in __init__
    self.patcher.auto()
  File "C:\laragon\bin\python\python-3.10\lib\site-packages\undetected_chromedriver\patcher.py", line 178, in auto
    self.unzip_package(self.fetch_package())
  File "C:\laragon\bin\python\python-3.10\lib\site-packages\undetected_chromedriver\patcher.py", line 310, in unzip_package
    os.rename(os.path.join(self.zip_path, exe_path), self.executable_path)
FileExistsError: [WinError 183] Cannot create a file when that file already exists: 'C:\\laragon\\www\\dapokalsel\\sekolah\\~\\appdata\\roaming\\undetected_chromedriver\\undetected\\chromedriver-win32\\chromedriver.exe' -> 'C:\\laragon\\www\\dapokalsel\\sekolah\\~\\appdata\\roaming\\undetected_chromedriver\\undetected_chromedriver.exe'
2025-10-26 21:47:32,384 - ERROR - Error on attempt 204: Failed to setup driver
Traceback (most recent call last):
  File "C:\laragon\www\dapokalsel\sekolah\import_url_kabupaten.pyw", line 388, in process_url_induk
    logger.warning(f"Row {idx} missing data: kode={kode}, nama={nama}, url={full_url}")
Exception: Failed to setup driver
2025-10-26 21:47:32,384 - INFO - Retry attempt 205/300...
2025-10-26 21:47:47,385 - INFO - Setting up Chrome driver...
2025-10-26 21:47:47,385 - INFO - Using profile directory: C:\laragon\www\dapokalsel\chrome_profile
2025-10-26 21:47:47,385 - INFO - Initializing undetected Chrome driver...
2025-10-26 21:47:55,422 - INFO - patching driver executable C:\laragon\www\dapokalsel\sekolah\~\appdata\roaming\undetected_chromedriver\undetected_chromedriver.exe
2025-10-26 21:47:55,518 - ERROR - Failed to setup driver: Binary Location Must be a String
Traceback (most recent call last):
  File "C:\laragon\www\dapokalsel\sekolah\import_url_kabupaten.pyw", line 92, in setup_driver
    temp_dir = tempfile.gettempdir()
  File "C:\laragon\bin\python\python-3.10\lib\site-packages\undetected_chromedriver\__init__.py", line 372, in __init__
    options.binary_location = (
  File "C:\laragon\bin\python\python-3.10\lib\site-packages\selenium\webdriver\chromium\options.py", line 52, in binary_location
    raise TypeError(self.BINARY_LOCATION_ERROR)
TypeError: Binary Location Must be a String
2025-10-26 21:47:55,519 - ERROR - Error on attempt 205: Failed to setup driver
Traceback (most recent call last):
  File "C:\laragon\www\dapokalsel\sekolah\import_url_kabupaten.pyw", line 388, in process_url_induk
    logger.warning(f"Row {idx} missing data: kode={kode}, nama={nama}, url={full_url}")
Exception: Failed to setup driver
2025-10-26 21:47:55,520 - INFO - Retry attempt 206/300...
2025-10-26 21:48:10,530 - INFO - Setting up Chrome driver...
2025-10-26 21:48:10,533 - INFO - Using profile directory: C:\laragon\www\dapokalsel\chrome_profile
2025-10-26 21:48:10,534 - INFO - Initializing undetected Chrome driver...
2025-10-26 21:48:27,101 - ERROR - Failed to setup driver: [WinError 183] Cannot create a file when that file already exists: 'C:\\laragon\\www\\dapokalsel\\sekolah\\~\\appdata\\roaming\\undetected_chromedriver\\undetected\\chromedriver-win32\\chromedriver.exe' -> 'C:\\laragon\\www\\dapokalsel\\sekolah\\~\\appdata\\roaming\\undetected_chromedriver\\undetected_chromedriver.exe'
Traceback (most recent call last):
  File "C:\laragon\www\dapokalsel\sekolah\import_url_kabupaten.pyw", line 92, in setup_driver
    temp_dir = tempfile.gettempdir()
  File "C:\laragon\bin\python\python-3.10\lib\site-packages\undetected_chromedriver\__init__.py", line 258, in __init__
    self.patcher.auto()
  File "C:\laragon\bin\python\python-3.10\lib\site-packages\undetected_chromedriver\patcher.py", line 178, in auto
    self.unzip_package(self.fetch_package())
  File "C:\laragon\bin\python\python-3.10\lib\site-packages\undetected_chromedriver\patcher.py", line 310, in unzip_package
    os.rename(os.path.join(self.zip_path, exe_path), self.executable_path)
FileExistsError: [WinError 183] Cannot create a file when that file already exists: 'C:\\laragon\\www\\dapokalsel\\sekolah\\~\\appdata\\roaming\\undetected_chromedriver\\undetected\\chromedriver-win32\\chromedriver.exe' -> 'C:\\laragon\\www\\dapokalsel\\sekolah\\~\\appdata\\roaming\\undetected_chromedriver\\undetected_chromedriver.exe'
2025-10-26 21:48:27,103 - ERROR - Error on attempt 206: Failed to setup driver
Traceback (most recent call last):
  File "C:\laragon\www\dapokalsel\sekolah\import_url_kabupaten.pyw", line 388, in process_url_induk
    logger.warning(f"Row {idx} missing data: kode={kode}, nama={nama}, url={full_url}")
Exception: Failed to setup driver
2025-10-26 21:48:27,103 - INFO - Retry attempt 207/300...
2025-10-26 21:48:42,111 - INFO - Setting up Chrome driver...
2025-10-26 21:48:42,112 - INFO - Using profile directory: C:\laragon\www\dapokalsel\chrome_profile
2025-10-26 21:48:42,112 - INFO - Initializing undetected Chrome driver...
2025-10-26 21:48:55,616 - INFO - patching driver executable C:\laragon\www\dapokalsel\sekolah\~\appdata\roaming\undetected_chromedriver\undetected_chromedriver.exe
2025-10-26 21:48:55,711 - ERROR - Failed to setup driver: Binary Location Must be a String
Traceback (most recent call last):
  File "C:\laragon\www\dapokalsel\sekolah\import_url_kabupaten.pyw", line 92, in setup_driver
    temp_dir = tempfile.gettempdir()
  File "C:\laragon\bin\python\python-3.10\lib\site-packages\undetected_chromedriver\__init__.py", line 372, in __init__
    options.binary_location = (
  File "C:\laragon\bin\python\python-3.10\lib\site-packages\selenium\webdriver\chromium\options.py", line 52, in binary_location
    raise TypeError(self.BINARY_LOCATION_ERROR)
TypeError: Binary Location Must be a String
2025-10-26 21:48:55,712 - ERROR - Error on attempt 207: Failed to setup driver
Traceback (most recent call last):
  File "C:\laragon\www\dapokalsel\sekolah\import_url_kabupaten.pyw", line 388, in process_url_induk
    logger.warning(f"Row {idx} missing data: kode={kode}, nama={nama}, url={full_url}")
Exception: Failed to setup driver
2025-10-26 21:48:55,713 - INFO - Retry attempt 208/300...
2025-10-26 21:49:10,713 - INFO - Setting up Chrome driver...
2025-10-26 21:49:10,716 - INFO - Using profile directory: C:\laragon\www\dapokalsel\chrome_profile
2025-10-26 21:49:10,717 - INFO - Initializing undetected Chrome driver...
2025-10-26 21:49:20,395 - INFO - patching driver executable C:\laragon\www\dapokalsel\sekolah\~\appdata\roaming\undetected_chromedriver\undetected_chromedriver.exe
2025-10-26 21:49:20,513 - ERROR - Failed to setup driver: Binary Location Must be a String
Traceback (most recent call last):
  File "C:\laragon\www\dapokalsel\sekolah\import_url_kabupaten.pyw", line 92, in setup_driver
    temp_dir = tempfile.gettempdir()
  File "C:\laragon\bin\python\python-3.10\lib\site-packages\undetected_chromedriver\__init__.py", line 372, in __init__
    options.binary_location = (
  File "C:\laragon\bin\python\python-3.10\lib\site-packages\selenium\webdriver\chromium\options.py", line 52, in binary_location
    raise TypeError(self.BINARY_LOCATION_ERROR)
TypeError: Binary Location Must be a String
2025-10-26 21:49:20,513 - ERROR - Error on attempt 208: Failed to setup driver
Traceback (most recent call last):
  File "C:\laragon\www\dapokalsel\sekolah\import_url_kabupaten.pyw", line 388, in process_url_induk
    logger.warning(f"Row {idx} missing data: kode={kode}, nama={nama}, url={full_url}")
Exception: Failed to setup driver
2025-10-26 21:49:20,513 - INFO - Retry attempt 209/300...
2025-10-26 21:49:35,513 - INFO - Setting up Chrome driver...
2025-10-26 21:49:35,513 - INFO - Using profile directory: C:\laragon\www\dapokalsel\chrome_profile
2025-10-26 21:49:35,513 - INFO - Initializing undetected Chrome driver...
2025-10-26 21:49:41,147 - ERROR - Failed to setup driver: [WinError 183] Cannot create a file when that file already exists: 'C:\\laragon\\www\\dapokalsel\\sekolah\\~\\appdata\\roaming\\undetected_chromedriver\\undetected\\chromedriver-win32\\chromedriver.exe' -> 'C:\\laragon\\www\\dapokalsel\\sekolah\\~\\appdata\\roaming\\undetected_chromedriver\\undetected_chromedriver.exe'
Traceback (most recent call last):
  File "C:\laragon\www\dapokalsel\sekolah\import_url_kabupaten.pyw", line 92, in setup_driver
    temp_dir = tempfile.gettempdir()
  File "C:\laragon\bin\python\python-3.10\lib\site-packages\undetected_chromedriver\__init__.py", line 258, in __init__
    self.patcher.auto()
  File "C:\laragon\bin\python\python-3.10\lib\site-packages\undetected_chromedriver\patcher.py", line 178, in auto
    self.unzip_package(self.fetch_package())
  File "C:\laragon\bin\python\python-3.10\lib\site-packages\undetected_chromedriver\patcher.py", line 310, in unzip_package
    os.rename(os.path.join(self.zip_path, exe_path), self.executable_path)
FileExistsError: [WinError 183] Cannot create a file when that file already exists: 'C:\\laragon\\www\\dapokalsel\\sekolah\\~\\appdata\\roaming\\undetected_chromedriver\\undetected\\chromedriver-win32\\chromedriver.exe' -> 'C:\\laragon\\www\\dapokalsel\\sekolah\\~\\appdata\\roaming\\undetected_chromedriver\\undetected_chromedriver.exe'
2025-10-26 21:49:41,148 - ERROR - Error on attempt 209: Failed to setup driver
Traceback (most recent call last):
  File "C:\laragon\www\dapokalsel\sekolah\import_url_kabupaten.pyw", line 388, in process_url_induk
    logger.warning(f"Row {idx} missing data: kode={kode}, nama={nama}, url={full_url}")
Exception: Failed to setup driver
2025-10-26 21:49:41,148 - INFO - Retry attempt 210/300...
2025-10-26 21:49:56,149 - INFO - Setting up Chrome driver...
2025-10-26 21:49:56,149 - INFO - Using profile directory: C:\laragon\www\dapokalsel\chrome_profile
2025-10-26 21:49:56,149 - INFO - Initializing undetected Chrome driver...
2025-10-26 21:50:11,391 - INFO - patching driver executable C:\laragon\www\dapokalsel\sekolah\~\appdata\roaming\undetected_chromedriver\undetected_chromedriver.exe
2025-10-26 21:50:11,501 - ERROR - Failed to setup driver: Binary Location Must be a String
Traceback (most recent call last):
  File "C:\laragon\www\dapokalsel\sekolah\import_url_kabupaten.pyw", line 92, in setup_driver
    temp_dir = tempfile.gettempdir()
  File "C:\laragon\bin\python\python-3.10\lib\site-packages\undetected_chromedriver\__init__.py", line 372, in __init__
    options.binary_location = (
  File "C:\laragon\bin\python\python-3.10\lib\site-packages\selenium\webdriver\chromium\options.py", line 52, in binary_location
    raise TypeError(self.BINARY_LOCATION_ERROR)
TypeError: Binary Location Must be a String
2025-10-26 21:50:11,501 - ERROR - Error on attempt 210: Failed to setup driver
Traceback (most recent call last):
  File "C:\laragon\www\dapokalsel\sekolah\import_url_kabupaten.pyw", line 388, in process_url_induk
    logger.warning(f"Row {idx} missing data: kode={kode}, nama={nama}, url={full_url}")
Exception: Failed to setup driver
2025-10-26 21:50:11,501 - INFO - Retry attempt 211/300...
2025-10-26 21:50:26,508 - INFO - Setting up Chrome driver...
2025-10-26 21:50:26,510 - INFO - Using profile directory: C:\laragon\www\dapokalsel\chrome_profile
2025-10-26 21:50:26,511 - INFO - Initializing undetected Chrome driver...
2025-10-26 21:50:31,209 - ERROR - Failed to setup driver: [WinError 183] Cannot create a file when that file already exists: 'C:\\laragon\\www\\dapokalsel\\sekolah\\~\\appdata\\roaming\\undetected_chromedriver\\undetected\\chromedriver-win32\\chromedriver.exe' -> 'C:\\laragon\\www\\dapokalsel\\sekolah\\~\\appdata\\roaming\\undetected_chromedriver\\undetected_chromedriver.exe'
Traceback (most recent call last):
  File "C:\laragon\www\dapokalsel\sekolah\import_url_kabupaten.pyw", line 92, in setup_driver
    temp_dir = tempfile.gettempdir()
  File "C:\laragon\bin\python\python-3.10\lib\site-packages\undetected_chromedriver\__init__.py", line 258, in __init__
    self.patcher.auto()
  File "C:\laragon\bin\python\python-3.10\lib\site-packages\undetected_chromedriver\patcher.py", line 178, in auto
    self.unzip_package(self.fetch_package())
  File "C:\laragon\bin\python\python-3.10\lib\site-packages\undetected_chromedriver\patcher.py", line 310, in unzip_package
    os.rename(os.path.join(self.zip_path, exe_path), self.executable_path)
FileExistsError: [WinError 183] Cannot create a file when that file already exists: 'C:\\laragon\\www\\dapokalsel\\sekolah\\~\\appdata\\roaming\\undetected_chromedriver\\undetected\\chromedriver-win32\\chromedriver.exe' -> 'C:\\laragon\\www\\dapokalsel\\sekolah\\~\\appdata\\roaming\\undetected_chromedriver\\undetected_chromedriver.exe'
2025-10-26 21:50:31,209 - ERROR - Error on attempt 211: Failed to setup driver
Traceback (most recent call last):
  File "C:\laragon\www\dapokalsel\sekolah\import_url_kabupaten.pyw", line 388, in process_url_induk
    logger.warning(f"Row {idx} missing data: kode={kode}, nama={nama}, url={full_url}")
Exception: Failed to setup driver
2025-10-26 21:50:31,210 - INFO - Retry attempt 212/300...
2025-10-26 21:50:46,222 - INFO - Setting up Chrome driver...
2025-10-26 21:50:46,223 - INFO - Using profile directory: C:\laragon\www\dapokalsel\chrome_profile
2025-10-26 21:50:46,223 - INFO - Initializing undetected Chrome driver...
2025-10-26 21:50:59,856 - ERROR - Failed to setup driver: [WinError 183] Cannot create a file when that file already exists: 'C:\\laragon\\www\\dapokalsel\\sekolah\\~\\appdata\\roaming\\undetected_chromedriver\\undetected\\chromedriver-win32\\chromedriver.exe' -> 'C:\\laragon\\www\\dapokalsel\\sekolah\\~\\appdata\\roaming\\undetected_chromedriver\\undetected_chromedriver.exe'
Traceback (most recent call last):
  File "C:\laragon\www\dapokalsel\sekolah\import_url_kabupaten.pyw", line 92, in setup_driver
    temp_dir = tempfile.gettempdir()
  File "C:\laragon\bin\python\python-3.10\lib\site-packages\undetected_chromedriver\__init__.py", line 258, in __init__
    self.patcher.auto()
  File "C:\laragon\bin\python\python-3.10\lib\site-packages\undetected_chromedriver\patcher.py", line 178, in auto
    self.unzip_package(self.fetch_package())
  File "C:\laragon\bin\python\python-3.10\lib\site-packages\undetected_chromedriver\patcher.py", line 310, in unzip_package
    os.rename(os.path.join(self.zip_path, exe_path), self.executable_path)
FileExistsError: [WinError 183] Cannot create a file when that file already exists: 'C:\\laragon\\www\\dapokalsel\\sekolah\\~\\appdata\\roaming\\undetected_chromedriver\\undetected\\chromedriver-win32\\chromedriver.exe' -> 'C:\\laragon\\www\\dapokalsel\\sekolah\\~\\appdata\\roaming\\undetected_chromedriver\\undetected_chromedriver.exe'
2025-10-26 21:50:59,856 - ERROR - Error on attempt 212: Failed to setup driver
Traceback (most recent call last):
  File "C:\laragon\www\dapokalsel\sekolah\import_url_kabupaten.pyw", line 388, in process_url_induk
    logger.warning(f"Row {idx} missing data: kode={kode}, nama={nama}, url={full_url}")
Exception: Failed to setup driver
2025-10-26 21:50:59,856 - INFO - Retry attempt 213/300...
2025-10-26 21:51:14,859 - INFO - Setting up Chrome driver...
2025-10-26 21:51:14,861 - INFO - Using profile directory: C:\laragon\www\dapokalsel\chrome_profile
2025-10-26 21:51:14,862 - INFO - Initializing undetected Chrome driver...
2025-10-26 21:51:31,055 - ERROR - Failed to setup driver: [WinError 183] Cannot create a file when that file already exists: 'C:\\laragon\\www\\dapokalsel\\sekolah\\~\\appdata\\roaming\\undetected_chromedriver\\undetected\\chromedriver-win32\\chromedriver.exe' -> 'C:\\laragon\\www\\dapokalsel\\sekolah\\~\\appdata\\roaming\\undetected_chromedriver\\undetected_chromedriver.exe'
Traceback (most recent call last):
  File "C:\laragon\www\dapokalsel\sekolah\import_url_kabupaten.pyw", line 92, in setup_driver
    temp_dir = tempfile.gettempdir()
  File "C:\laragon\bin\python\python-3.10\lib\site-packages\undetected_chromedriver\__init__.py", line 258, in __init__
    self.patcher.auto()
  File "C:\laragon\bin\python\python-3.10\lib\site-packages\undetected_chromedriver\patcher.py", line 178, in auto
    self.unzip_package(self.fetch_package())
  File "C:\laragon\bin\python\python-3.10\lib\site-packages\undetected_chromedriver\patcher.py", line 310, in unzip_package
    os.rename(os.path.join(self.zip_path, exe_path), self.executable_path)
FileExistsError: [WinError 183] Cannot create a file when that file already exists: 'C:\\laragon\\www\\dapokalsel\\sekolah\\~\\appdata\\roaming\\undetected_chromedriver\\undetected\\chromedriver-win32\\chromedriver.exe' -> 'C:\\laragon\\www\\dapokalsel\\sekolah\\~\\appdata\\roaming\\undetected_chromedriver\\undetected_chromedriver.exe'
2025-10-26 21:51:31,055 - ERROR - Error on attempt 213: Failed to setup driver
Traceback (most recent call last):
  File "C:\laragon\www\dapokalsel\sekolah\import_url_kabupaten.pyw", line 388, in process_url_induk
    logger.warning(f"Row {idx} missing data: kode={kode}, nama={nama}, url={full_url}")
Exception: Failed to setup driver
2025-10-26 21:51:31,055 - INFO - Retry attempt 214/300...
2025-10-26 21:51:46,056 - INFO - Setting up Chrome driver...
2025-10-26 21:51:46,057 - INFO - Using profile directory: C:\laragon\www\dapokalsel\chrome_profile
2025-10-26 21:51:46,059 - INFO - Initializing undetected Chrome driver...
2025-10-26 21:51:57,103 - ERROR - Failed to setup driver: [WinError 183] Cannot create a file when that file already exists: 'C:\\laragon\\www\\dapokalsel\\sekolah\\~\\appdata\\roaming\\undetected_chromedriver\\undetected\\chromedriver-win32\\chromedriver.exe' -> 'C:\\laragon\\www\\dapokalsel\\sekolah\\~\\appdata\\roaming\\undetected_chromedriver\\undetected_chromedriver.exe'
Traceback (most recent call last):
  File "C:\laragon\www\dapokalsel\sekolah\import_url_kabupaten.pyw", line 92, in setup_driver
    temp_dir = tempfile.gettempdir()
  File "C:\laragon\bin\python\python-3.10\lib\site-packages\undetected_chromedriver\__init__.py", line 258, in __init__
    self.patcher.auto()
  File "C:\laragon\bin\python\python-3.10\lib\site-packages\undetected_chromedriver\patcher.py", line 178, in auto
    self.unzip_package(self.fetch_package())
  File "C:\laragon\bin\python\python-3.10\lib\site-packages\undetected_chromedriver\patcher.py", line 310, in unzip_package
    os.rename(os.path.join(self.zip_path, exe_path), self.executable_path)
FileExistsError: [WinError 183] Cannot create a file when that file already exists: 'C:\\laragon\\www\\dapokalsel\\sekolah\\~\\appdata\\roaming\\undetected_chromedriver\\undetected\\chromedriver-win32\\chromedriver.exe' -> 'C:\\laragon\\www\\dapokalsel\\sekolah\\~\\appdata\\roaming\\undetected_chromedriver\\undetected_chromedriver.exe'
2025-10-26 21:51:57,103 - ERROR - Error on attempt 214: Failed to setup driver
Traceback (most recent call last):
  File "C:\laragon\www\dapokalsel\sekolah\import_url_kabupaten.pyw", line 388, in process_url_induk
    logger.warning(f"Row {idx} missing data: kode={kode}, nama={nama}, url={full_url}")
Exception: Failed to setup driver
2025-10-26 21:51:57,103 - INFO - Retry attempt 215/300...
2025-10-26 21:52:12,105 - INFO - Setting up Chrome driver...
2025-10-26 21:52:12,105 - INFO - Using profile directory: C:\laragon\www\dapokalsel\chrome_profile
2025-10-26 21:52:12,105 - INFO - Initializing undetected Chrome driver...
2025-10-26 21:52:33,153 - INFO - patching driver executable C:\laragon\www\dapokalsel\sekolah\~\appdata\roaming\undetected_chromedriver\undetected_chromedriver.exe
2025-10-26 21:52:33,244 - ERROR - Failed to setup driver: Binary Location Must be a String
Traceback (most recent call last):
  File "C:\laragon\www\dapokalsel\sekolah\import_url_kabupaten.pyw", line 92, in setup_driver
    temp_dir = tempfile.gettempdir()
  File "C:\laragon\bin\python\python-3.10\lib\site-packages\undetected_chromedriver\__init__.py", line 372, in __init__
    options.binary_location = (
  File "C:\laragon\bin\python\python-3.10\lib\site-packages\selenium\webdriver\chromium\options.py", line 52, in binary_location
    raise TypeError(self.BINARY_LOCATION_ERROR)
TypeError: Binary Location Must be a String
2025-10-26 21:52:33,244 - ERROR - Error on attempt 215: Failed to setup driver
Traceback (most recent call last):
  File "C:\laragon\www\dapokalsel\sekolah\import_url_kabupaten.pyw", line 388, in process_url_induk
    logger.warning(f"Row {idx} missing data: kode={kode}, nama={nama}, url={full_url}")
Exception: Failed to setup driver
2025-10-26 21:52:33,244 - INFO - Retry attempt 216/300...
2025-10-26 21:52:48,245 - INFO - Setting up Chrome driver...
2025-10-26 21:52:48,245 - INFO - Using profile directory: C:\laragon\www\dapokalsel\chrome_profile
2025-10-26 21:52:48,245 - INFO - Initializing undetected Chrome driver...
2025-10-26 21:53:02,351 - ERROR - Failed to setup driver: [WinError 183] Cannot create a file when that file already exists: 'C:\\laragon\\www\\dapokalsel\\sekolah\\~\\appdata\\roaming\\undetected_chromedriver\\undetected\\chromedriver-win32\\chromedriver.exe' -> 'C:\\laragon\\www\\dapokalsel\\sekolah\\~\\appdata\\roaming\\undetected_chromedriver\\undetected_chromedriver.exe'
Traceback (most recent call last):
  File "C:\laragon\www\dapokalsel\sekolah\import_url_kabupaten.pyw", line 92, in setup_driver
    temp_dir = tempfile.gettempdir()
  File "C:\laragon\bin\python\python-3.10\lib\site-packages\undetected_chromedriver\__init__.py", line 258, in __init__
    self.patcher.auto()
  File "C:\laragon\bin\python\python-3.10\lib\site-packages\undetected_chromedriver\patcher.py", line 178, in auto
    self.unzip_package(self.fetch_package())
  File "C:\laragon\bin\python\python-3.10\lib\site-packages\undetected_chromedriver\patcher.py", line 310, in unzip_package
    os.rename(os.path.join(self.zip_path, exe_path), self.executable_path)
FileExistsError: [WinError 183] Cannot create a file when that file already exists: 'C:\\laragon\\www\\dapokalsel\\sekolah\\~\\appdata\\roaming\\undetected_chromedriver\\undetected\\chromedriver-win32\\chromedriver.exe' -> 'C:\\laragon\\www\\dapokalsel\\sekolah\\~\\appdata\\roaming\\undetected_chromedriver\\undetected_chromedriver.exe'
2025-10-26 21:53:02,351 - ERROR - Error on attempt 216: Failed to setup driver
Traceback (most recent call last):
  File "C:\laragon\www\dapokalsel\sekolah\import_url_kabupaten.pyw", line 388, in process_url_induk
    logger.warning(f"Row {idx} missing data: kode={kode}, nama={nama}, url={full_url}")
Exception: Failed to setup driver
2025-10-26 21:53:02,351 - INFO - Retry attempt 217/300...
2025-10-26 21:53:17,361 - INFO - Setting up Chrome driver...
2025-10-26 21:53:17,361 - INFO - Using profile directory: C:\laragon\www\dapokalsel\chrome_profile
2025-10-26 21:53:17,361 - INFO - Initializing undetected Chrome driver...
2025-10-26 21:53:22,431 - INFO - patching driver executable C:\laragon\www\dapokalsel\sekolah\~\appdata\roaming\undetected_chromedriver\undetected_chromedriver.exe
2025-10-26 21:53:22,515 - ERROR - Failed to setup driver: Binary Location Must be a String
Traceback (most recent call last):
  File "C:\laragon\www\dapokalsel\sekolah\import_url_kabupaten.pyw", line 92, in setup_driver
    temp_dir = tempfile.gettempdir()
  File "C:\laragon\bin\python\python-3.10\lib\site-packages\undetected_chromedriver\__init__.py", line 372, in __init__
    options.binary_location = (
  File "C:\laragon\bin\python\python-3.10\lib\site-packages\selenium\webdriver\chromium\options.py", line 52, in binary_location
    raise TypeError(self.BINARY_LOCATION_ERROR)
TypeError: Binary Location Must be a String
2025-10-26 21:53:22,515 - ERROR - Error on attempt 217: Failed to setup driver
Traceback (most recent call last):
  File "C:\laragon\www\dapokalsel\sekolah\import_url_kabupaten.pyw", line 388, in process_url_induk
    logger.warning(f"Row {idx} missing data: kode={kode}, nama={nama}, url={full_url}")
Exception: Failed to setup driver
2025-10-26 21:53:22,515 - INFO - Retry attempt 218/300...
2025-10-26 21:53:37,516 - INFO - Setting up Chrome driver...
2025-10-26 21:53:37,516 - INFO - Using profile directory: C:\laragon\www\dapokalsel\chrome_profile
2025-10-26 21:53:37,516 - INFO - Initializing undetected Chrome driver...
2025-10-26 21:53:45,849 - INFO - patching driver executable C:\laragon\www\dapokalsel\sekolah\~\appdata\roaming\undetected_chromedriver\undetected_chromedriver.exe
2025-10-26 21:53:45,965 - ERROR - Failed to setup driver: Binary Location Must be a String
Traceback (most recent call last):
  File "C:\laragon\www\dapokalsel\sekolah\import_url_kabupaten.pyw", line 92, in setup_driver
    temp_dir = tempfile.gettempdir()
  File "C:\laragon\bin\python\python-3.10\lib\site-packages\undetected_chromedriver\__init__.py", line 372, in __init__
    options.binary_location = (
  File "C:\laragon\bin\python\python-3.10\lib\site-packages\selenium\webdriver\chromium\options.py", line 52, in binary_location
    raise TypeError(self.BINARY_LOCATION_ERROR)
TypeError: Binary Location Must be a String
2025-10-26 21:53:45,965 - ERROR - Error on attempt 218: Failed to setup driver
Traceback (most recent call last):
  File "C:\laragon\www\dapokalsel\sekolah\import_url_kabupaten.pyw", line 388, in process_url_induk
    logger.warning(f"Row {idx} missing data: kode={kode}, nama={nama}, url={full_url}")
Exception: Failed to setup driver
2025-10-26 21:53:45,965 - INFO - Retry attempt 219/300...
2025-10-26 21:54:00,966 - INFO - Setting up Chrome driver...
2025-10-26 21:54:00,966 - INFO - Using profile directory: C:\laragon\www\dapokalsel\chrome_profile
2025-10-26 21:54:00,966 - INFO - Initializing undetected Chrome driver...
2025-10-26 21:54:09,048 - INFO - patching driver executable C:\laragon\www\dapokalsel\sekolah\~\appdata\roaming\undetected_chromedriver\undetected_chromedriver.exe
2025-10-26 21:54:09,129 - ERROR - Failed to setup driver: Binary Location Must be a String
Traceback (most recent call last):
  File "C:\laragon\www\dapokalsel\sekolah\import_url_kabupaten.pyw", line 92, in setup_driver
    temp_dir = tempfile.gettempdir()
  File "C:\laragon\bin\python\python-3.10\lib\site-packages\undetected_chromedriver\__init__.py", line 372, in __init__
    options.binary_location = (
  File "C:\laragon\bin\python\python-3.10\lib\site-packages\selenium\webdriver\chromium\options.py", line 52, in binary_location
    raise TypeError(self.BINARY_LOCATION_ERROR)
TypeError: Binary Location Must be a String
2025-10-26 21:54:09,131 - ERROR - Error on attempt 219: Failed to setup driver
Traceback (most recent call last):
  File "C:\laragon\www\dapokalsel\sekolah\import_url_kabupaten.pyw", line 388, in process_url_induk
    logger.warning(f"Row {idx} missing data: kode={kode}, nama={nama}, url={full_url}")
Exception: Failed to setup driver
2025-10-26 21:54:09,131 - INFO - Retry attempt 220/300...
2025-10-26 21:54:24,131 - INFO - Setting up Chrome driver...
2025-10-26 21:54:24,131 - INFO - Using profile directory: C:\laragon\www\dapokalsel\chrome_profile
2025-10-26 21:54:24,132 - INFO - Initializing undetected Chrome driver...
2025-10-26 21:54:30,578 - INFO - patching driver executable C:\laragon\www\dapokalsel\sekolah\~\appdata\roaming\undetected_chromedriver\undetected_chromedriver.exe
2025-10-26 21:54:30,667 - ERROR - Failed to setup driver: Binary Location Must be a String
Traceback (most recent call last):
  File "C:\laragon\www\dapokalsel\sekolah\import_url_kabupaten.pyw", line 92, in setup_driver
    temp_dir = tempfile.gettempdir()
  File "C:\laragon\bin\python\python-3.10\lib\site-packages\undetected_chromedriver\__init__.py", line 372, in __init__
    options.binary_location = (
  File "C:\laragon\bin\python\python-3.10\lib\site-packages\selenium\webdriver\chromium\options.py", line 52, in binary_location
    raise TypeError(self.BINARY_LOCATION_ERROR)
TypeError: Binary Location Must be a String
2025-10-26 21:54:30,667 - ERROR - Error on attempt 220: Failed to setup driver
Traceback (most recent call last):
  File "C:\laragon\www\dapokalsel\sekolah\import_url_kabupaten.pyw", line 388, in process_url_induk
    logger.warning(f"Row {idx} missing data: kode={kode}, nama={nama}, url={full_url}")
Exception: Failed to setup driver
2025-10-26 21:54:30,667 - INFO - Retry attempt 221/300...
2025-10-26 21:54:45,680 - INFO - Setting up Chrome driver...
2025-10-26 21:54:45,681 - INFO - Using profile directory: C:\laragon\www\dapokalsel\chrome_profile
2025-10-26 21:54:45,682 - INFO - Initializing undetected Chrome driver...
2025-10-26 21:54:53,486 - INFO - patching driver executable C:\laragon\www\dapokalsel\sekolah\~\appdata\roaming\undetected_chromedriver\undetected_chromedriver.exe
2025-10-26 21:54:53,592 - ERROR - Failed to setup driver: Binary Location Must be a String
Traceback (most recent call last):
  File "C:\laragon\www\dapokalsel\sekolah\import_url_kabupaten.pyw", line 92, in setup_driver
    temp_dir = tempfile.gettempdir()
  File "C:\laragon\bin\python\python-3.10\lib\site-packages\undetected_chromedriver\__init__.py", line 372, in __init__
    options.binary_location = (
  File "C:\laragon\bin\python\python-3.10\lib\site-packages\selenium\webdriver\chromium\options.py", line 52, in binary_location
    raise TypeError(self.BINARY_LOCATION_ERROR)
TypeError: Binary Location Must be a String
2025-10-26 21:54:53,592 - ERROR - Error on attempt 221: Failed to setup driver
Traceback (most recent call last):
  File "C:\laragon\www\dapokalsel\sekolah\import_url_kabupaten.pyw", line 388, in process_url_induk
    logger.warning(f"Row {idx} missing data: kode={kode}, nama={nama}, url={full_url}")
Exception: Failed to setup driver
2025-10-26 21:54:53,592 - INFO - Retry attempt 222/300...
2025-10-26 21:55:08,592 - INFO - Setting up Chrome driver...
2025-10-26 21:55:08,594 - INFO - Using profile directory: C:\laragon\www\dapokalsel\chrome_profile
2025-10-26 21:55:08,596 - INFO - Initializing undetected Chrome driver...
2025-10-26 21:55:22,125 - ERROR - Failed to setup driver: [WinError 183] Cannot create a file when that file already exists: 'C:\\laragon\\www\\dapokalsel\\sekolah\\~\\appdata\\roaming\\undetected_chromedriver\\undetected\\chromedriver-win32\\chromedriver.exe' -> 'C:\\laragon\\www\\dapokalsel\\sekolah\\~\\appdata\\roaming\\undetected_chromedriver\\undetected_chromedriver.exe'
Traceback (most recent call last):
  File "C:\laragon\www\dapokalsel\sekolah\import_url_kabupaten.pyw", line 92, in setup_driver
    temp_dir = tempfile.gettempdir()
  File "C:\laragon\bin\python\python-3.10\lib\site-packages\undetected_chromedriver\__init__.py", line 258, in __init__
    self.patcher.auto()
  File "C:\laragon\bin\python\python-3.10\lib\site-packages\undetected_chromedriver\patcher.py", line 178, in auto
    self.unzip_package(self.fetch_package())
  File "C:\laragon\bin\python\python-3.10\lib\site-packages\undetected_chromedriver\patcher.py", line 310, in unzip_package
    os.rename(os.path.join(self.zip_path, exe_path), self.executable_path)
FileExistsError: [WinError 183] Cannot create a file when that file already exists: 'C:\\laragon\\www\\dapokalsel\\sekolah\\~\\appdata\\roaming\\undetected_chromedriver\\undetected\\chromedriver-win32\\chromedriver.exe' -> 'C:\\laragon\\www\\dapokalsel\\sekolah\\~\\appdata\\roaming\\undetected_chromedriver\\undetected_chromedriver.exe'
2025-10-26 21:55:22,141 - ERROR - Error on attempt 222: Failed to setup driver
Traceback (most recent call last):
  File "C:\laragon\www\dapokalsel\sekolah\import_url_kabupaten.pyw", line 388, in process_url_induk
    logger.warning(f"Row {idx} missing data: kode={kode}, nama={nama}, url={full_url}")
Exception: Failed to setup driver
2025-10-26 21:55:22,141 - INFO - Retry attempt 223/300...
2025-10-26 21:55:37,142 - INFO - Setting up Chrome driver...
2025-10-26 21:55:37,144 - INFO - Using profile directory: C:\laragon\www\dapokalsel\chrome_profile
2025-10-26 21:55:37,145 - INFO - Initializing undetected Chrome driver...
2025-10-26 21:55:43,466 - INFO - patching driver executable C:\laragon\www\dapokalsel\sekolah\~\appdata\roaming\undetected_chromedriver\undetected_chromedriver.exe
2025-10-26 21:55:43,563 - ERROR - Failed to setup driver: Binary Location Must be a String
Traceback (most recent call last):
  File "C:\laragon\www\dapokalsel\sekolah\import_url_kabupaten.pyw", line 92, in setup_driver
    temp_dir = tempfile.gettempdir()
  File "C:\laragon\bin\python\python-3.10\lib\site-packages\undetected_chromedriver\__init__.py", line 372, in __init__
    options.binary_location = (
  File "C:\laragon\bin\python\python-3.10\lib\site-packages\selenium\webdriver\chromium\options.py", line 52, in binary_location
    raise TypeError(self.BINARY_LOCATION_ERROR)
TypeError: Binary Location Must be a String
2025-10-26 21:55:43,563 - ERROR - Error on attempt 223: Failed to setup driver
Traceback (most recent call last):
  File "C:\laragon\www\dapokalsel\sekolah\import_url_kabupaten.pyw", line 388, in process_url_induk
    logger.warning(f"Row {idx} missing data: kode={kode}, nama={nama}, url={full_url}")
Exception: Failed to setup driver
2025-10-26 21:55:43,563 - INFO - Retry attempt 224/300...
2025-10-26 21:55:58,571 - INFO - Setting up Chrome driver...
2025-10-26 21:55:58,572 - INFO - Using profile directory: C:\laragon\www\dapokalsel\chrome_profile
2025-10-26 21:55:58,572 - INFO - Initializing undetected Chrome driver...
2025-10-26 21:56:05,716 - INFO - patching driver executable C:\laragon\www\dapokalsel\sekolah\~\appdata\roaming\undetected_chromedriver\undetected_chromedriver.exe
2025-10-26 21:56:05,873 - ERROR - Failed to setup driver: Binary Location Must be a String
Traceback (most recent call last):
  File "C:\laragon\www\dapokalsel\sekolah\import_url_kabupaten.pyw", line 92, in setup_driver
    temp_dir = tempfile.gettempdir()
  File "C:\laragon\bin\python\python-3.10\lib\site-packages\undetected_chromedriver\__init__.py", line 372, in __init__
    options.binary_location = (
  File "C:\laragon\bin\python\python-3.10\lib\site-packages\selenium\webdriver\chromium\options.py", line 52, in binary_location
    raise TypeError(self.BINARY_LOCATION_ERROR)
TypeError: Binary Location Must be a String
2025-10-26 21:56:05,873 - ERROR - Error on attempt 224: Failed to setup driver
Traceback (most recent call last):
  File "C:\laragon\www\dapokalsel\sekolah\import_url_kabupaten.pyw", line 388, in process_url_induk
    logger.warning(f"Row {idx} missing data: kode={kode}, nama={nama}, url={full_url}")
Exception: Failed to setup driver
2025-10-26 21:56:05,873 - INFO - Retry attempt 225/300...
2025-10-26 21:56:20,888 - INFO - Setting up Chrome driver...
2025-10-26 21:56:20,889 - INFO - Using profile directory: C:\laragon\www\dapokalsel\chrome_profile
2025-10-26 21:56:20,890 - INFO - Initializing undetected Chrome driver...
2025-10-26 21:56:33,088 - ERROR - Failed to setup driver: [WinError 183] Cannot create a file when that file already exists: 'C:\\laragon\\www\\dapokalsel\\sekolah\\~\\appdata\\roaming\\undetected_chromedriver\\undetected\\chromedriver-win32\\chromedriver.exe' -> 'C:\\laragon\\www\\dapokalsel\\sekolah\\~\\appdata\\roaming\\undetected_chromedriver\\undetected_chromedriver.exe'
Traceback (most recent call last):
  File "C:\laragon\www\dapokalsel\sekolah\import_url_kabupaten.pyw", line 92, in setup_driver
    temp_dir = tempfile.gettempdir()
  File "C:\laragon\bin\python\python-3.10\lib\site-packages\undetected_chromedriver\__init__.py", line 258, in __init__
    self.patcher.auto()
  File "C:\laragon\bin\python\python-3.10\lib\site-packages\undetected_chromedriver\patcher.py", line 178, in auto
    self.unzip_package(self.fetch_package())
  File "C:\laragon\bin\python\python-3.10\lib\site-packages\undetected_chromedriver\patcher.py", line 310, in unzip_package
    os.rename(os.path.join(self.zip_path, exe_path), self.executable_path)
FileExistsError: [WinError 183] Cannot create a file when that file already exists: 'C:\\laragon\\www\\dapokalsel\\sekolah\\~\\appdata\\roaming\\undetected_chromedriver\\undetected\\chromedriver-win32\\chromedriver.exe' -> 'C:\\laragon\\www\\dapokalsel\\sekolah\\~\\appdata\\roaming\\undetected_chromedriver\\undetected_chromedriver.exe'
2025-10-26 21:56:33,088 - ERROR - Error on attempt 225: Failed to setup driver
Traceback (most recent call last):
  File "C:\laragon\www\dapokalsel\sekolah\import_url_kabupaten.pyw", line 388, in process_url_induk
    logger.warning(f"Row {idx} missing data: kode={kode}, nama={nama}, url={full_url}")
Exception: Failed to setup driver
2025-10-26 21:56:33,088 - INFO - Retry attempt 226/300...
2025-10-26 21:56:48,092 - INFO - Setting up Chrome driver...
2025-10-26 21:56:48,092 - INFO - Using profile directory: C:\laragon\www\dapokalsel\chrome_profile
2025-10-26 21:56:48,092 - INFO - Initializing undetected Chrome driver...
2025-10-26 21:56:56,290 - ERROR - Failed to setup driver: [WinError 183] Cannot create a file when that file already exists: 'C:\\laragon\\www\\dapokalsel\\sekolah\\~\\appdata\\roaming\\undetected_chromedriver\\undetected\\chromedriver-win32\\chromedriver.exe' -> 'C:\\laragon\\www\\dapokalsel\\sekolah\\~\\appdata\\roaming\\undetected_chromedriver\\undetected_chromedriver.exe'
Traceback (most recent call last):
  File "C:\laragon\www\dapokalsel\sekolah\import_url_kabupaten.pyw", line 92, in setup_driver
    temp_dir = tempfile.gettempdir()
  File "C:\laragon\bin\python\python-3.10\lib\site-packages\undetected_chromedriver\__init__.py", line 258, in __init__
    self.patcher.auto()
  File "C:\laragon\bin\python\python-3.10\lib\site-packages\undetected_chromedriver\patcher.py", line 178, in auto
    self.unzip_package(self.fetch_package())
  File "C:\laragon\bin\python\python-3.10\lib\site-packages\undetected_chromedriver\patcher.py", line 310, in unzip_package
    os.rename(os.path.join(self.zip_path, exe_path), self.executable_path)
FileExistsError: [WinError 183] Cannot create a file when that file already exists: 'C:\\laragon\\www\\dapokalsel\\sekolah\\~\\appdata\\roaming\\undetected_chromedriver\\undetected\\chromedriver-win32\\chromedriver.exe' -> 'C:\\laragon\\www\\dapokalsel\\sekolah\\~\\appdata\\roaming\\undetected_chromedriver\\undetected_chromedriver.exe'
2025-10-26 21:56:56,290 - ERROR - Error on attempt 226: Failed to setup driver
Traceback (most recent call last):
  File "C:\laragon\www\dapokalsel\sekolah\import_url_kabupaten.pyw", line 388, in process_url_induk
    logger.warning(f"Row {idx} missing data: kode={kode}, nama={nama}, url={full_url}")
Exception: Failed to setup driver
2025-10-26 21:56:56,290 - INFO - Retry attempt 227/300...
2025-10-26 21:57:11,299 - INFO - Setting up Chrome driver...
2025-10-26 21:57:11,299 - INFO - Using profile directory: C:\laragon\www\dapokalsel\chrome_profile
2025-10-26 21:57:11,299 - INFO - Initializing undetected Chrome driver...
2025-10-26 21:57:16,153 - INFO - patching driver executable C:\laragon\www\dapokalsel\sekolah\~\appdata\roaming\undetected_chromedriver\undetected_chromedriver.exe
2025-10-26 21:57:16,236 - ERROR - Failed to setup driver: Binary Location Must be a String
Traceback (most recent call last):
  File "C:\laragon\www\dapokalsel\sekolah\import_url_kabupaten.pyw", line 92, in setup_driver
    temp_dir = tempfile.gettempdir()
  File "C:\laragon\bin\python\python-3.10\lib\site-packages\undetected_chromedriver\__init__.py", line 372, in __init__
    options.binary_location = (
  File "C:\laragon\bin\python\python-3.10\lib\site-packages\selenium\webdriver\chromium\options.py", line 52, in binary_location
    raise TypeError(self.BINARY_LOCATION_ERROR)
TypeError: Binary Location Must be a String
2025-10-26 21:57:16,236 - ERROR - Error on attempt 227: Failed to setup driver
Traceback (most recent call last):
  File "C:\laragon\www\dapokalsel\sekolah\import_url_kabupaten.pyw", line 388, in process_url_induk
    logger.warning(f"Row {idx} missing data: kode={kode}, nama={nama}, url={full_url}")
Exception: Failed to setup driver
2025-10-26 21:57:16,236 - INFO - Retry attempt 228/300...
2025-10-26 21:57:31,246 - INFO - Setting up Chrome driver...
2025-10-26 21:57:31,246 - INFO - Using profile directory: C:\laragon\www\dapokalsel\chrome_profile
2025-10-26 21:57:31,246 - INFO - Initializing undetected Chrome driver...
2025-10-26 21:57:45,454 - ERROR - Failed to setup driver: [WinError 183] Cannot create a file when that file already exists: 'C:\\laragon\\www\\dapokalsel\\sekolah\\~\\appdata\\roaming\\undetected_chromedriver\\undetected\\chromedriver-win32\\chromedriver.exe' -> 'C:\\laragon\\www\\dapokalsel\\sekolah\\~\\appdata\\roaming\\undetected_chromedriver\\undetected_chromedriver.exe'
Traceback (most recent call last):
  File "C:\laragon\www\dapokalsel\sekolah\import_url_kabupaten.pyw", line 92, in setup_driver
    temp_dir = tempfile.gettempdir()
  File "C:\laragon\bin\python\python-3.10\lib\site-packages\undetected_chromedriver\__init__.py", line 258, in __init__
    self.patcher.auto()
  File "C:\laragon\bin\python\python-3.10\lib\site-packages\undetected_chromedriver\patcher.py", line 178, in auto
    self.unzip_package(self.fetch_package())
  File "C:\laragon\bin\python\python-3.10\lib\site-packages\undetected_chromedriver\patcher.py", line 310, in unzip_package
    os.rename(os.path.join(self.zip_path, exe_path), self.executable_path)
FileExistsError: [WinError 183] Cannot create a file when that file already exists: 'C:\\laragon\\www\\dapokalsel\\sekolah\\~\\appdata\\roaming\\undetected_chromedriver\\undetected\\chromedriver-win32\\chromedriver.exe' -> 'C:\\laragon\\www\\dapokalsel\\sekolah\\~\\appdata\\roaming\\undetected_chromedriver\\undetected_chromedriver.exe'
2025-10-26 21:57:45,454 - ERROR - Error on attempt 228: Failed to setup driver
Traceback (most recent call last):
  File "C:\laragon\www\dapokalsel\sekolah\import_url_kabupaten.pyw", line 388, in process_url_induk
    logger.warning(f"Row {idx} missing data: kode={kode}, nama={nama}, url={full_url}")
Exception: Failed to setup driver
2025-10-26 21:57:45,454 - INFO - Retry attempt 229/300...
2025-10-26 21:58:00,464 - INFO - Setting up Chrome driver...
2025-10-26 21:58:00,466 - INFO - Using profile directory: C:\laragon\www\dapokalsel\chrome_profile
2025-10-26 21:58:00,467 - INFO - Initializing undetected Chrome driver...
2025-10-26 21:58:07,547 - ERROR - Failed to setup driver: [WinError 183] Cannot create a file when that file already exists: 'C:\\laragon\\www\\dapokalsel\\sekolah\\~\\appdata\\roaming\\undetected_chromedriver\\undetected\\chromedriver-win32\\chromedriver.exe' -> 'C:\\laragon\\www\\dapokalsel\\sekolah\\~\\appdata\\roaming\\undetected_chromedriver\\undetected_chromedriver.exe'
Traceback (most recent call last):
  File "C:\laragon\www\dapokalsel\sekolah\import_url_kabupaten.pyw", line 92, in setup_driver
    temp_dir = tempfile.gettempdir()
  File "C:\laragon\bin\python\python-3.10\lib\site-packages\undetected_chromedriver\__init__.py", line 258, in __init__
    self.patcher.auto()
  File "C:\laragon\bin\python\python-3.10\lib\site-packages\undetected_chromedriver\patcher.py", line 178, in auto
    self.unzip_package(self.fetch_package())
  File "C:\laragon\bin\python\python-3.10\lib\site-packages\undetected_chromedriver\patcher.py", line 310, in unzip_package
    os.rename(os.path.join(self.zip_path, exe_path), self.executable_path)
FileExistsError: [WinError 183] Cannot create a file when that file already exists: 'C:\\laragon\\www\\dapokalsel\\sekolah\\~\\appdata\\roaming\\undetected_chromedriver\\undetected\\chromedriver-win32\\chromedriver.exe' -> 'C:\\laragon\\www\\dapokalsel\\sekolah\\~\\appdata\\roaming\\undetected_chromedriver\\undetected_chromedriver.exe'
2025-10-26 21:58:07,547 - ERROR - Error on attempt 229: Failed to setup driver
Traceback (most recent call last):
  File "C:\laragon\www\dapokalsel\sekolah\import_url_kabupaten.pyw", line 388, in process_url_induk
    logger.warning(f"Row {idx} missing data: kode={kode}, nama={nama}, url={full_url}")
Exception: Failed to setup driver
2025-10-26 21:58:07,547 - INFO - Retry attempt 230/300...
2025-10-26 21:58:22,549 - INFO - Setting up Chrome driver...
2025-10-26 21:58:22,549 - INFO - Using profile directory: C:\laragon\www\dapokalsel\chrome_profile
2025-10-26 21:58:22,549 - INFO - Initializing undetected Chrome driver...
2025-10-26 21:58:34,149 - INFO - patching driver executable C:\laragon\www\dapokalsel\sekolah\~\appdata\roaming\undetected_chromedriver\undetected_chromedriver.exe
2025-10-26 21:58:34,247 - ERROR - Failed to setup driver: Binary Location Must be a String
Traceback (most recent call last):
  File "C:\laragon\www\dapokalsel\sekolah\import_url_kabupaten.pyw", line 92, in setup_driver
    temp_dir = tempfile.gettempdir()
  File "C:\laragon\bin\python\python-3.10\lib\site-packages\undetected_chromedriver\__init__.py", line 372, in __init__
    options.binary_location = (
  File "C:\laragon\bin\python\python-3.10\lib\site-packages\selenium\webdriver\chromium\options.py", line 52, in binary_location
    raise TypeError(self.BINARY_LOCATION_ERROR)
TypeError: Binary Location Must be a String
2025-10-26 21:58:34,248 - ERROR - Error on attempt 230: Failed to setup driver
Traceback (most recent call last):
  File "C:\laragon\www\dapokalsel\sekolah\import_url_kabupaten.pyw", line 388, in process_url_induk
    logger.warning(f"Row {idx} missing data: kode={kode}, nama={nama}, url={full_url}")
Exception: Failed to setup driver
2025-10-26 21:58:34,248 - INFO - Retry attempt 231/300...
2025-10-26 21:58:49,259 - INFO - Setting up Chrome driver...
2025-10-26 21:58:49,259 - INFO - Using profile directory: C:\laragon\www\dapokalsel\chrome_profile
2025-10-26 21:58:49,259 - INFO - Initializing undetected Chrome driver...
2025-10-26 21:58:55,212 - INFO - patching driver executable C:\laragon\www\dapokalsel\sekolah\~\appdata\roaming\undetected_chromedriver\undetected_chromedriver.exe
2025-10-26 21:58:55,354 - ERROR - Failed to setup driver: Binary Location Must be a String
Traceback (most recent call last):
  File "C:\laragon\www\dapokalsel\sekolah\import_url_kabupaten.pyw", line 92, in setup_driver
    temp_dir = tempfile.gettempdir()
  File "C:\laragon\bin\python\python-3.10\lib\site-packages\undetected_chromedriver\__init__.py", line 372, in __init__
    options.binary_location = (
  File "C:\laragon\bin\python\python-3.10\lib\site-packages\selenium\webdriver\chromium\options.py", line 52, in binary_location
    raise TypeError(self.BINARY_LOCATION_ERROR)
TypeError: Binary Location Must be a String
2025-10-26 21:58:55,354 - ERROR - Error on attempt 231: Failed to setup driver
Traceback (most recent call last):
  File "C:\laragon\www\dapokalsel\sekolah\import_url_kabupaten.pyw", line 388, in process_url_induk
    logger.warning(f"Row {idx} missing data: kode={kode}, nama={nama}, url={full_url}")
Exception: Failed to setup driver
2025-10-26 21:58:55,355 - INFO - Retry attempt 232/300...
2025-10-26 21:59:10,355 - INFO - Setting up Chrome driver...
2025-10-26 21:59:10,355 - INFO - Using profile directory: C:\laragon\www\dapokalsel\chrome_profile
2025-10-26 21:59:10,355 - INFO - Initializing undetected Chrome driver...
2025-10-26 21:59:29,096 - ERROR - Failed to setup driver: [WinError 183] Cannot create a file when that file already exists: 'C:\\laragon\\www\\dapokalsel\\sekolah\\~\\appdata\\roaming\\undetected_chromedriver\\undetected\\chromedriver-win32\\chromedriver.exe' -> 'C:\\laragon\\www\\dapokalsel\\sekolah\\~\\appdata\\roaming\\undetected_chromedriver\\undetected_chromedriver.exe'
Traceback (most recent call last):
  File "C:\laragon\www\dapokalsel\sekolah\import_url_kabupaten.pyw", line 92, in setup_driver
    temp_dir = tempfile.gettempdir()
  File "C:\laragon\bin\python\python-3.10\lib\site-packages\undetected_chromedriver\__init__.py", line 258, in __init__
    self.patcher.auto()
  File "C:\laragon\bin\python\python-3.10\lib\site-packages\undetected_chromedriver\patcher.py", line 178, in auto
    self.unzip_package(self.fetch_package())
  File "C:\laragon\bin\python\python-3.10\lib\site-packages\undetected_chromedriver\patcher.py", line 310, in unzip_package
    os.rename(os.path.join(self.zip_path, exe_path), self.executable_path)
FileExistsError: [WinError 183] Cannot create a file when that file already exists: 'C:\\laragon\\www\\dapokalsel\\sekolah\\~\\appdata\\roaming\\undetected_chromedriver\\undetected\\chromedriver-win32\\chromedriver.exe' -> 'C:\\laragon\\www\\dapokalsel\\sekolah\\~\\appdata\\roaming\\undetected_chromedriver\\undetected_chromedriver.exe'
2025-10-26 21:59:29,096 - ERROR - Error on attempt 232: Failed to setup driver
Traceback (most recent call last):
  File "C:\laragon\www\dapokalsel\sekolah\import_url_kabupaten.pyw", line 388, in process_url_induk
    logger.warning(f"Row {idx} missing data: kode={kode}, nama={nama}, url={full_url}")
Exception: Failed to setup driver
2025-10-26 21:59:29,096 - INFO - Retry attempt 233/300...
2025-10-26 21:59:44,097 - INFO - Setting up Chrome driver...
2025-10-26 21:59:44,097 - INFO - Using profile directory: C:\laragon\www\dapokalsel\chrome_profile
2025-10-26 21:59:44,098 - INFO - Initializing undetected Chrome driver...
2025-10-26 21:59:49,375 - INFO - patching driver executable C:\laragon\www\dapokalsel\sekolah\~\appdata\roaming\undetected_chromedriver\undetected_chromedriver.exe
2025-10-26 21:59:49,469 - ERROR - Failed to setup driver: Binary Location Must be a String
Traceback (most recent call last):
  File "C:\laragon\www\dapokalsel\sekolah\import_url_kabupaten.pyw", line 92, in setup_driver
    temp_dir = tempfile.gettempdir()
  File "C:\laragon\bin\python\python-3.10\lib\site-packages\undetected_chromedriver\__init__.py", line 372, in __init__
    options.binary_location = (
  File "C:\laragon\bin\python\python-3.10\lib\site-packages\selenium\webdriver\chromium\options.py", line 52, in binary_location
    raise TypeError(self.BINARY_LOCATION_ERROR)
TypeError: Binary Location Must be a String
2025-10-26 21:59:49,469 - ERROR - Error on attempt 233: Failed to setup driver
Traceback (most recent call last):
  File "C:\laragon\www\dapokalsel\sekolah\import_url_kabupaten.pyw", line 388, in process_url_induk
    logger.warning(f"Row {idx} missing data: kode={kode}, nama={nama}, url={full_url}")
Exception: Failed to setup driver
2025-10-26 21:59:49,469 - INFO - Retry attempt 234/300...
2025-10-26 22:00:04,479 - INFO - Setting up Chrome driver...
2025-10-26 22:00:04,480 - INFO - Using profile directory: C:\laragon\www\dapokalsel\chrome_profile
2025-10-26 22:00:04,481 - INFO - Initializing undetected Chrome driver...
2025-10-26 22:00:10,160 - INFO - patching driver executable C:\laragon\www\dapokalsel\sekolah\~\appdata\roaming\undetected_chromedriver\undetected_chromedriver.exe
2025-10-26 22:00:10,293 - ERROR - Failed to setup driver: Binary Location Must be a String
Traceback (most recent call last):
  File "C:\laragon\www\dapokalsel\sekolah\import_url_kabupaten.pyw", line 92, in setup_driver
    temp_dir = tempfile.gettempdir()
  File "C:\laragon\bin\python\python-3.10\lib\site-packages\undetected_chromedriver\__init__.py", line 372, in __init__
    options.binary_location = (
  File "C:\laragon\bin\python\python-3.10\lib\site-packages\selenium\webdriver\chromium\options.py", line 52, in binary_location
    raise TypeError(self.BINARY_LOCATION_ERROR)
TypeError: Binary Location Must be a String
2025-10-26 22:00:10,293 - ERROR - Error on attempt 234: Failed to setup driver
Traceback (most recent call last):
  File "C:\laragon\www\dapokalsel\sekolah\import_url_kabupaten.pyw", line 388, in process_url_induk
    logger.warning(f"Row {idx} missing data: kode={kode}, nama={nama}, url={full_url}")
Exception: Failed to setup driver
2025-10-26 22:00:10,293 - INFO - Retry attempt 235/300...
2025-10-26 22:00:25,298 - INFO - Setting up Chrome driver...
2025-10-26 22:00:25,298 - INFO - Using profile directory: C:\laragon\www\dapokalsel\chrome_profile
2025-10-26 22:00:25,298 - INFO - Initializing undetected Chrome driver...
2025-10-26 22:00:38,359 - ERROR - Failed to setup driver: [WinError 183] Cannot create a file when that file already exists: 'C:\\laragon\\www\\dapokalsel\\sekolah\\~\\appdata\\roaming\\undetected_chromedriver\\undetected\\chromedriver-win32\\chromedriver.exe' -> 'C:\\laragon\\www\\dapokalsel\\sekolah\\~\\appdata\\roaming\\undetected_chromedriver\\undetected_chromedriver.exe'
Traceback (most recent call last):
  File "C:\laragon\www\dapokalsel\sekolah\import_url_kabupaten.pyw", line 92, in setup_driver
    temp_dir = tempfile.gettempdir()
  File "C:\laragon\bin\python\python-3.10\lib\site-packages\undetected_chromedriver\__init__.py", line 258, in __init__
    self.patcher.auto()
  File "C:\laragon\bin\python\python-3.10\lib\site-packages\undetected_chromedriver\patcher.py", line 178, in auto
    self.unzip_package(self.fetch_package())
  File "C:\laragon\bin\python\python-3.10\lib\site-packages\undetected_chromedriver\patcher.py", line 310, in unzip_package
    os.rename(os.path.join(self.zip_path, exe_path), self.executable_path)
FileExistsError: [WinError 183] Cannot create a file when that file already exists: 'C:\\laragon\\www\\dapokalsel\\sekolah\\~\\appdata\\roaming\\undetected_chromedriver\\undetected\\chromedriver-win32\\chromedriver.exe' -> 'C:\\laragon\\www\\dapokalsel\\sekolah\\~\\appdata\\roaming\\undetected_chromedriver\\undetected_chromedriver.exe'
2025-10-26 22:00:38,359 - ERROR - Error on attempt 235: Failed to setup driver
Traceback (most recent call last):
  File "C:\laragon\www\dapokalsel\sekolah\import_url_kabupaten.pyw", line 388, in process_url_induk
    logger.warning(f"Row {idx} missing data: kode={kode}, nama={nama}, url={full_url}")
Exception: Failed to setup driver
2025-10-26 22:00:38,359 - INFO - Retry attempt 236/300...
2025-10-26 22:00:53,370 - INFO - Setting up Chrome driver...
2025-10-26 22:00:53,370 - INFO - Using profile directory: C:\laragon\www\dapokalsel\chrome_profile
2025-10-26 22:00:53,370 - INFO - Initializing undetected Chrome driver...
2025-10-26 22:01:10,940 - INFO - patching driver executable C:\laragon\www\dapokalsel\sekolah\~\appdata\roaming\undetected_chromedriver\undetected_chromedriver.exe
2025-10-26 22:01:11,063 - ERROR - Failed to setup driver: Binary Location Must be a String
Traceback (most recent call last):
  File "C:\laragon\www\dapokalsel\sekolah\import_url_kabupaten.pyw", line 92, in setup_driver
    temp_dir = tempfile.gettempdir()
  File "C:\laragon\bin\python\python-3.10\lib\site-packages\undetected_chromedriver\__init__.py", line 372, in __init__
    options.binary_location = (
  File "C:\laragon\bin\python\python-3.10\lib\site-packages\selenium\webdriver\chromium\options.py", line 52, in binary_location
    raise TypeError(self.BINARY_LOCATION_ERROR)
TypeError: Binary Location Must be a String
2025-10-26 22:01:11,063 - ERROR - Error on attempt 236: Failed to setup driver
Traceback (most recent call last):
  File "C:\laragon\www\dapokalsel\sekolah\import_url_kabupaten.pyw", line 388, in process_url_induk
    logger.warning(f"Row {idx} missing data: kode={kode}, nama={nama}, url={full_url}")
Exception: Failed to setup driver
2025-10-26 22:01:11,063 - INFO - Retry attempt 237/300...
2025-10-26 22:01:26,072 - INFO - Setting up Chrome driver...
2025-10-26 22:01:26,075 - INFO - Using profile directory: C:\laragon\www\dapokalsel\chrome_profile
2025-10-26 22:01:26,076 - INFO - Initializing undetected Chrome driver...
2025-10-26 22:01:40,872 - ERROR - Failed to setup driver: [WinError 183] Cannot create a file when that file already exists: 'C:\\laragon\\www\\dapokalsel\\sekolah\\~\\appdata\\roaming\\undetected_chromedriver\\undetected\\chromedriver-win32\\chromedriver.exe' -> 'C:\\laragon\\www\\dapokalsel\\sekolah\\~\\appdata\\roaming\\undetected_chromedriver\\undetected_chromedriver.exe'
Traceback (most recent call last):
  File "C:\laragon\www\dapokalsel\sekolah\import_url_kabupaten.pyw", line 92, in setup_driver
    temp_dir = tempfile.gettempdir()
  File "C:\laragon\bin\python\python-3.10\lib\site-packages\undetected_chromedriver\__init__.py", line 258, in __init__
    self.patcher.auto()
  File "C:\laragon\bin\python\python-3.10\lib\site-packages\undetected_chromedriver\patcher.py", line 178, in auto
    self.unzip_package(self.fetch_package())
  File "C:\laragon\bin\python\python-3.10\lib\site-packages\undetected_chromedriver\patcher.py", line 310, in unzip_package
    os.rename(os.path.join(self.zip_path, exe_path), self.executable_path)
FileExistsError: [WinError 183] Cannot create a file when that file already exists: 'C:\\laragon\\www\\dapokalsel\\sekolah\\~\\appdata\\roaming\\undetected_chromedriver\\undetected\\chromedriver-win32\\chromedriver.exe' -> 'C:\\laragon\\www\\dapokalsel\\sekolah\\~\\appdata\\roaming\\undetected_chromedriver\\undetected_chromedriver.exe'
2025-10-26 22:01:40,872 - ERROR - Error on attempt 237: Failed to setup driver
Traceback (most recent call last):
  File "C:\laragon\www\dapokalsel\sekolah\import_url_kabupaten.pyw", line 388, in process_url_induk
    logger.warning(f"Row {idx} missing data: kode={kode}, nama={nama}, url={full_url}")
Exception: Failed to setup driver
2025-10-26 22:01:40,885 - INFO - Retry attempt 238/300...
2025-10-26 22:01:55,886 - INFO - Setting up Chrome driver...
2025-10-26 22:01:55,889 - INFO - Using profile directory: C:\laragon\www\dapokalsel\chrome_profile
2025-10-26 22:01:55,891 - INFO - Initializing undetected Chrome driver...
2025-10-26 22:02:03,854 - ERROR - Failed to setup driver: [WinError 183] Cannot create a file when that file already exists: 'C:\\laragon\\www\\dapokalsel\\sekolah\\~\\appdata\\roaming\\undetected_chromedriver\\undetected\\chromedriver-win32\\chromedriver.exe' -> 'C:\\laragon\\www\\dapokalsel\\sekolah\\~\\appdata\\roaming\\undetected_chromedriver\\undetected_chromedriver.exe'
Traceback (most recent call last):
  File "C:\laragon\www\dapokalsel\sekolah\import_url_kabupaten.pyw", line 92, in setup_driver
    temp_dir = tempfile.gettempdir()
  File "C:\laragon\bin\python\python-3.10\lib\site-packages\undetected_chromedriver\__init__.py", line 258, in __init__
    self.patcher.auto()
  File "C:\laragon\bin\python\python-3.10\lib\site-packages\undetected_chromedriver\patcher.py", line 178, in auto
    self.unzip_package(self.fetch_package())
  File "C:\laragon\bin\python\python-3.10\lib\site-packages\undetected_chromedriver\patcher.py", line 310, in unzip_package
    os.rename(os.path.join(self.zip_path, exe_path), self.executable_path)
FileExistsError: [WinError 183] Cannot create a file when that file already exists: 'C:\\laragon\\www\\dapokalsel\\sekolah\\~\\appdata\\roaming\\undetected_chromedriver\\undetected\\chromedriver-win32\\chromedriver.exe' -> 'C:\\laragon\\www\\dapokalsel\\sekolah\\~\\appdata\\roaming\\undetected_chromedriver\\undetected_chromedriver.exe'
2025-10-26 22:02:03,854 - ERROR - Error on attempt 238: Failed to setup driver
Traceback (most recent call last):
  File "C:\laragon\www\dapokalsel\sekolah\import_url_kabupaten.pyw", line 388, in process_url_induk
    logger.warning(f"Row {idx} missing data: kode={kode}, nama={nama}, url={full_url}")
Exception: Failed to setup driver
2025-10-26 22:02:03,854 - INFO - Retry attempt 239/300...
2025-10-26 22:02:18,854 - INFO - Setting up Chrome driver...
2025-10-26 22:02:18,854 - INFO - Using profile directory: C:\laragon\www\dapokalsel\chrome_profile
2025-10-26 22:02:18,855 - INFO - Initializing undetected Chrome driver...
2025-10-26 22:02:25,936 - INFO - patching driver executable C:\laragon\www\dapokalsel\sekolah\~\appdata\roaming\undetected_chromedriver\undetected_chromedriver.exe
2025-10-26 22:02:26,019 - ERROR - Failed to setup driver: Binary Location Must be a String
Traceback (most recent call last):
  File "C:\laragon\www\dapokalsel\sekolah\import_url_kabupaten.pyw", line 92, in setup_driver
    temp_dir = tempfile.gettempdir()
  File "C:\laragon\bin\python\python-3.10\lib\site-packages\undetected_chromedriver\__init__.py", line 372, in __init__
    options.binary_location = (
  File "C:\laragon\bin\python\python-3.10\lib\site-packages\selenium\webdriver\chromium\options.py", line 52, in binary_location
    raise TypeError(self.BINARY_LOCATION_ERROR)
TypeError: Binary Location Must be a String
2025-10-26 22:02:26,019 - ERROR - Error on attempt 239: Failed to setup driver
Traceback (most recent call last):
  File "C:\laragon\www\dapokalsel\sekolah\import_url_kabupaten.pyw", line 388, in process_url_induk
    logger.warning(f"Row {idx} missing data: kode={kode}, nama={nama}, url={full_url}")
Exception: Failed to setup driver
2025-10-26 22:02:26,019 - INFO - Retry attempt 240/300...
2025-10-26 22:02:41,032 - INFO - Setting up Chrome driver...
2025-10-26 22:02:41,034 - INFO - Using profile directory: C:\laragon\www\dapokalsel\chrome_profile
2025-10-26 22:02:41,034 - INFO - Initializing undetected Chrome driver...
2025-10-26 22:02:47,469 - ERROR - Failed to setup driver: [WinError 183] Cannot create a file when that file already exists: 'C:\\laragon\\www\\dapokalsel\\sekolah\\~\\appdata\\roaming\\undetected_chromedriver\\undetected\\chromedriver-win32\\chromedriver.exe' -> 'C:\\laragon\\www\\dapokalsel\\sekolah\\~\\appdata\\roaming\\undetected_chromedriver\\undetected_chromedriver.exe'
Traceback (most recent call last):
  File "C:\laragon\www\dapokalsel\sekolah\import_url_kabupaten.pyw", line 92, in setup_driver
    temp_dir = tempfile.gettempdir()
  File "C:\laragon\bin\python\python-3.10\lib\site-packages\undetected_chromedriver\__init__.py", line 258, in __init__
    self.patcher.auto()
  File "C:\laragon\bin\python\python-3.10\lib\site-packages\undetected_chromedriver\patcher.py", line 178, in auto
    self.unzip_package(self.fetch_package())
  File "C:\laragon\bin\python\python-3.10\lib\site-packages\undetected_chromedriver\patcher.py", line 310, in unzip_package
    os.rename(os.path.join(self.zip_path, exe_path), self.executable_path)
FileExistsError: [WinError 183] Cannot create a file when that file already exists: 'C:\\laragon\\www\\dapokalsel\\sekolah\\~\\appdata\\roaming\\undetected_chromedriver\\undetected\\chromedriver-win32\\chromedriver.exe' -> 'C:\\laragon\\www\\dapokalsel\\sekolah\\~\\appdata\\roaming\\undetected_chromedriver\\undetected_chromedriver.exe'
2025-10-26 22:02:47,469 - ERROR - Error on attempt 240: Failed to setup driver
Traceback (most recent call last):
  File "C:\laragon\www\dapokalsel\sekolah\import_url_kabupaten.pyw", line 388, in process_url_induk
    logger.warning(f"Row {idx} missing data: kode={kode}, nama={nama}, url={full_url}")
Exception: Failed to setup driver
2025-10-26 22:02:47,469 - INFO - Retry attempt 241/300...
2025-10-26 22:03:02,481 - INFO - Setting up Chrome driver...
2025-10-26 22:03:02,482 - INFO - Using profile directory: C:\laragon\www\dapokalsel\chrome_profile
2025-10-26 22:03:02,483 - INFO - Initializing undetected Chrome driver...
2025-10-26 22:03:12,687 - ERROR - Failed to setup driver: [WinError 183] Cannot create a file when that file already exists: 'C:\\laragon\\www\\dapokalsel\\sekolah\\~\\appdata\\roaming\\undetected_chromedriver\\undetected\\chromedriver-win32\\chromedriver.exe' -> 'C:\\laragon\\www\\dapokalsel\\sekolah\\~\\appdata\\roaming\\undetected_chromedriver\\undetected_chromedriver.exe'
Traceback (most recent call last):
  File "C:\laragon\www\dapokalsel\sekolah\import_url_kabupaten.pyw", line 92, in setup_driver
    temp_dir = tempfile.gettempdir()
  File "C:\laragon\bin\python\python-3.10\lib\site-packages\undetected_chromedriver\__init__.py", line 258, in __init__
    self.patcher.auto()
  File "C:\laragon\bin\python\python-3.10\lib\site-packages\undetected_chromedriver\patcher.py", line 178, in auto
    self.unzip_package(self.fetch_package())
  File "C:\laragon\bin\python\python-3.10\lib\site-packages\undetected_chromedriver\patcher.py", line 310, in unzip_package
    os.rename(os.path.join(self.zip_path, exe_path), self.executable_path)
FileExistsError: [WinError 183] Cannot create a file when that file already exists: 'C:\\laragon\\www\\dapokalsel\\sekolah\\~\\appdata\\roaming\\undetected_chromedriver\\undetected\\chromedriver-win32\\chromedriver.exe' -> 'C:\\laragon\\www\\dapokalsel\\sekolah\\~\\appdata\\roaming\\undetected_chromedriver\\undetected_chromedriver.exe'
2025-10-26 22:03:12,688 - ERROR - Error on attempt 241: Failed to setup driver
Traceback (most recent call last):
  File "C:\laragon\www\dapokalsel\sekolah\import_url_kabupaten.pyw", line 388, in process_url_induk
    logger.warning(f"Row {idx} missing data: kode={kode}, nama={nama}, url={full_url}")
Exception: Failed to setup driver
2025-10-26 22:03:12,689 - INFO - Retry attempt 242/300...
2025-10-26 22:03:27,697 - INFO - Setting up Chrome driver...
2025-10-26 22:03:27,701 - INFO - Using profile directory: C:\laragon\www\dapokalsel\chrome_profile
2025-10-26 22:03:27,701 - INFO - Initializing undetected Chrome driver...
2025-10-26 22:03:34,882 - INFO - patching driver executable C:\laragon\www\dapokalsel\sekolah\~\appdata\roaming\undetected_chromedriver\undetected_chromedriver.exe
2025-10-26 22:03:34,981 - ERROR - Failed to setup driver: Binary Location Must be a String
Traceback (most recent call last):
  File "C:\laragon\www\dapokalsel\sekolah\import_url_kabupaten.pyw", line 92, in setup_driver
    temp_dir = tempfile.gettempdir()
  File "C:\laragon\bin\python\python-3.10\lib\site-packages\undetected_chromedriver\__init__.py", line 372, in __init__
    options.binary_location = (
  File "C:\laragon\bin\python\python-3.10\lib\site-packages\selenium\webdriver\chromium\options.py", line 52, in binary_location
    raise TypeError(self.BINARY_LOCATION_ERROR)
TypeError: Binary Location Must be a String
2025-10-26 22:03:34,981 - ERROR - Error on attempt 242: Failed to setup driver
Traceback (most recent call last):
  File "C:\laragon\www\dapokalsel\sekolah\import_url_kabupaten.pyw", line 388, in process_url_induk
    logger.warning(f"Row {idx} missing data: kode={kode}, nama={nama}, url={full_url}")
Exception: Failed to setup driver
2025-10-26 22:03:34,982 - INFO - Retry attempt 243/300...
2025-10-26 22:03:49,983 - INFO - Setting up Chrome driver...
2025-10-26 22:03:49,984 - INFO - Using profile directory: C:\laragon\www\dapokalsel\chrome_profile
2025-10-26 22:03:49,984 - INFO - Initializing undetected Chrome driver...
2025-10-26 22:03:55,579 - INFO - patching driver executable C:\laragon\www\dapokalsel\sekolah\~\appdata\roaming\undetected_chromedriver\undetected_chromedriver.exe
2025-10-26 22:03:55,690 - ERROR - Failed to setup driver: Binary Location Must be a String
Traceback (most recent call last):
  File "C:\laragon\www\dapokalsel\sekolah\import_url_kabupaten.pyw", line 92, in setup_driver
    temp_dir = tempfile.gettempdir()
  File "C:\laragon\bin\python\python-3.10\lib\site-packages\undetected_chromedriver\__init__.py", line 372, in __init__
    options.binary_location = (
  File "C:\laragon\bin\python\python-3.10\lib\site-packages\selenium\webdriver\chromium\options.py", line 52, in binary_location
    raise TypeError(self.BINARY_LOCATION_ERROR)
TypeError: Binary Location Must be a String
2025-10-26 22:03:55,690 - ERROR - Error on attempt 243: Failed to setup driver
Traceback (most recent call last):
  File "C:\laragon\www\dapokalsel\sekolah\import_url_kabupaten.pyw", line 388, in process_url_induk
    logger.warning(f"Row {idx} missing data: kode={kode}, nama={nama}, url={full_url}")
Exception: Failed to setup driver
2025-10-26 22:03:55,690 - INFO - Retry attempt 244/300...
2025-10-26 22:04:10,694 - INFO - Setting up Chrome driver...
2025-10-26 22:04:10,695 - INFO - Using profile directory: C:\laragon\www\dapokalsel\chrome_profile
2025-10-26 22:04:10,696 - INFO - Initializing undetected Chrome driver...
2025-10-26 22:04:26,479 - INFO - patching driver executable C:\laragon\www\dapokalsel\sekolah\~\appdata\roaming\undetected_chromedriver\undetected_chromedriver.exe
2025-10-26 22:04:26,578 - ERROR - Failed to setup driver: Binary Location Must be a String
Traceback (most recent call last):
  File "C:\laragon\www\dapokalsel\sekolah\import_url_kabupaten.pyw", line 92, in setup_driver
    temp_dir = tempfile.gettempdir()
  File "C:\laragon\bin\python\python-3.10\lib\site-packages\undetected_chromedriver\__init__.py", line 372, in __init__
    options.binary_location = (
  File "C:\laragon\bin\python\python-3.10\lib\site-packages\selenium\webdriver\chromium\options.py", line 52, in binary_location
    raise TypeError(self.BINARY_LOCATION_ERROR)
TypeError: Binary Location Must be a String
2025-10-26 22:04:26,578 - ERROR - Error on attempt 244: Failed to setup driver
Traceback (most recent call last):
  File "C:\laragon\www\dapokalsel\sekolah\import_url_kabupaten.pyw", line 388, in process_url_induk
    logger.warning(f"Row {idx} missing data: kode={kode}, nama={nama}, url={full_url}")
Exception: Failed to setup driver
2025-10-26 22:04:26,579 - INFO - Retry attempt 245/300...
2025-10-26 22:04:41,580 - INFO - Setting up Chrome driver...
2025-10-26 22:04:41,581 - INFO - Using profile directory: C:\laragon\www\dapokalsel\chrome_profile
2025-10-26 22:04:41,581 - INFO - Initializing undetected Chrome driver...
2025-10-26 22:04:54,378 - INFO - patching driver executable C:\laragon\www\dapokalsel\sekolah\~\appdata\roaming\undetected_chromedriver\undetected_chromedriver.exe
2025-10-26 22:04:54,478 - ERROR - Failed to setup driver: Binary Location Must be a String
Traceback (most recent call last):
  File "C:\laragon\www\dapokalsel\sekolah\import_url_kabupaten.pyw", line 92, in setup_driver
    temp_dir = tempfile.gettempdir()
  File "C:\laragon\bin\python\python-3.10\lib\site-packages\undetected_chromedriver\__init__.py", line 372, in __init__
    options.binary_location = (
  File "C:\laragon\bin\python\python-3.10\lib\site-packages\selenium\webdriver\chromium\options.py", line 52, in binary_location
    raise TypeError(self.BINARY_LOCATION_ERROR)
TypeError: Binary Location Must be a String
2025-10-26 22:04:54,478 - ERROR - Error on attempt 245: Failed to setup driver
Traceback (most recent call last):
  File "C:\laragon\www\dapokalsel\sekolah\import_url_kabupaten.pyw", line 388, in process_url_induk
    logger.warning(f"Row {idx} missing data: kode={kode}, nama={nama}, url={full_url}")
Exception: Failed to setup driver
2025-10-26 22:04:54,478 - INFO - Retry attempt 246/300...
2025-10-26 22:05:09,486 - INFO - Setting up Chrome driver...
2025-10-26 22:05:09,486 - INFO - Using profile directory: C:\laragon\www\dapokalsel\chrome_profile
2025-10-26 22:05:09,486 - INFO - Initializing undetected Chrome driver...
2025-10-26 22:05:21,094 - INFO - patching driver executable C:\laragon\www\dapokalsel\sekolah\~\appdata\roaming\undetected_chromedriver\undetected_chromedriver.exe
2025-10-26 22:05:21,197 - ERROR - Failed to setup driver: Binary Location Must be a String
Traceback (most recent call last):
  File "C:\laragon\www\dapokalsel\sekolah\import_url_kabupaten.pyw", line 92, in setup_driver
    temp_dir = tempfile.gettempdir()
  File "C:\laragon\bin\python\python-3.10\lib\site-packages\undetected_chromedriver\__init__.py", line 372, in __init__
    options.binary_location = (
  File "C:\laragon\bin\python\python-3.10\lib\site-packages\selenium\webdriver\chromium\options.py", line 52, in binary_location
    raise TypeError(self.BINARY_LOCATION_ERROR)
TypeError: Binary Location Must be a String
2025-10-26 22:05:21,199 - ERROR - Error on attempt 246: Failed to setup driver
Traceback (most recent call last):
  File "C:\laragon\www\dapokalsel\sekolah\import_url_kabupaten.pyw", line 388, in process_url_induk
    logger.warning(f"Row {idx} missing data: kode={kode}, nama={nama}, url={full_url}")
Exception: Failed to setup driver
2025-10-26 22:05:21,199 - INFO - Retry attempt 247/300...
2025-10-26 22:05:36,207 - INFO - Setting up Chrome driver...
2025-10-26 22:05:36,211 - INFO - Using profile directory: C:\laragon\www\dapokalsel\chrome_profile
2025-10-26 22:05:36,212 - INFO - Initializing undetected Chrome driver...
2025-10-26 22:05:44,808 - INFO - patching driver executable C:\laragon\www\dapokalsel\sekolah\~\appdata\roaming\undetected_chromedriver\undetected_chromedriver.exe
2025-10-26 22:05:44,892 - ERROR - Failed to setup driver: Binary Location Must be a String
Traceback (most recent call last):
  File "C:\laragon\www\dapokalsel\sekolah\import_url_kabupaten.pyw", line 92, in setup_driver
    temp_dir = tempfile.gettempdir()
  File "C:\laragon\bin\python\python-3.10\lib\site-packages\undetected_chromedriver\__init__.py", line 372, in __init__
    options.binary_location = (
  File "C:\laragon\bin\python\python-3.10\lib\site-packages\selenium\webdriver\chromium\options.py", line 52, in binary_location
    raise TypeError(self.BINARY_LOCATION_ERROR)
TypeError: Binary Location Must be a String
2025-10-26 22:05:44,892 - ERROR - Error on attempt 247: Failed to setup driver
Traceback (most recent call last):
  File "C:\laragon\www\dapokalsel\sekolah\import_url_kabupaten.pyw", line 388, in process_url_induk
    logger.warning(f"Row {idx} missing data: kode={kode}, nama={nama}, url={full_url}")
Exception: Failed to setup driver
2025-10-26 22:05:44,892 - INFO - Retry attempt 248/300...
2025-10-26 22:05:59,892 - INFO - Setting up Chrome driver...
2025-10-26 22:05:59,892 - INFO - Using profile directory: C:\laragon\www\dapokalsel\chrome_profile
2025-10-26 22:05:59,893 - INFO - Initializing undetected Chrome driver...
2025-10-26 22:06:13,736 - ERROR - Failed to setup driver: [WinError 183] Cannot create a file when that file already exists: 'C:\\laragon\\www\\dapokalsel\\sekolah\\~\\appdata\\roaming\\undetected_chromedriver\\undetected\\chromedriver-win32\\chromedriver.exe' -> 'C:\\laragon\\www\\dapokalsel\\sekolah\\~\\appdata\\roaming\\undetected_chromedriver\\undetected_chromedriver.exe'
Traceback (most recent call last):
  File "C:\laragon\www\dapokalsel\sekolah\import_url_kabupaten.pyw", line 92, in setup_driver
    temp_dir = tempfile.gettempdir()
  File "C:\laragon\bin\python\python-3.10\lib\site-packages\undetected_chromedriver\__init__.py", line 258, in __init__
    self.patcher.auto()
  File "C:\laragon\bin\python\python-3.10\lib\site-packages\undetected_chromedriver\patcher.py", line 178, in auto
    self.unzip_package(self.fetch_package())
  File "C:\laragon\bin\python\python-3.10\lib\site-packages\undetected_chromedriver\patcher.py", line 310, in unzip_package
    os.rename(os.path.join(self.zip_path, exe_path), self.executable_path)
FileExistsError: [WinError 183] Cannot create a file when that file already exists: 'C:\\laragon\\www\\dapokalsel\\sekolah\\~\\appdata\\roaming\\undetected_chromedriver\\undetected\\chromedriver-win32\\chromedriver.exe' -> 'C:\\laragon\\www\\dapokalsel\\sekolah\\~\\appdata\\roaming\\undetected_chromedriver\\undetected_chromedriver.exe'
2025-10-26 22:06:13,736 - ERROR - Error on attempt 248: Failed to setup driver
Traceback (most recent call last):
  File "C:\laragon\www\dapokalsel\sekolah\import_url_kabupaten.pyw", line 388, in process_url_induk
    logger.warning(f"Row {idx} missing data: kode={kode}, nama={nama}, url={full_url}")
Exception: Failed to setup driver
2025-10-26 22:06:13,736 - INFO - Retry attempt 249/300...
2025-10-26 22:06:28,736 - INFO - Setting up Chrome driver...
2025-10-26 22:06:28,738 - INFO - Using profile directory: C:\laragon\www\dapokalsel\chrome_profile
2025-10-26 22:06:28,738 - INFO - Initializing undetected Chrome driver...
2025-10-26 22:06:38,172 - INFO - patching driver executable C:\laragon\www\dapokalsel\sekolah\~\appdata\roaming\undetected_chromedriver\undetected_chromedriver.exe
2025-10-26 22:06:38,267 - ERROR - Failed to setup driver: Binary Location Must be a String
Traceback (most recent call last):
  File "C:\laragon\www\dapokalsel\sekolah\import_url_kabupaten.pyw", line 92, in setup_driver
    temp_dir = tempfile.gettempdir()
  File "C:\laragon\bin\python\python-3.10\lib\site-packages\undetected_chromedriver\__init__.py", line 372, in __init__
    options.binary_location = (
  File "C:\laragon\bin\python\python-3.10\lib\site-packages\selenium\webdriver\chromium\options.py", line 52, in binary_location
    raise TypeError(self.BINARY_LOCATION_ERROR)
TypeError: Binary Location Must be a String
2025-10-26 22:06:38,270 - ERROR - Error on attempt 249: Failed to setup driver
Traceback (most recent call last):
  File "C:\laragon\www\dapokalsel\sekolah\import_url_kabupaten.pyw", line 388, in process_url_induk
    logger.warning(f"Row {idx} missing data: kode={kode}, nama={nama}, url={full_url}")
Exception: Failed to setup driver
2025-10-26 22:06:38,271 - INFO - Retry attempt 250/300...
2025-10-26 22:06:53,282 - INFO - Setting up Chrome driver...
2025-10-26 22:06:53,282 - INFO - Using profile directory: C:\laragon\www\dapokalsel\chrome_profile
2025-10-26 22:06:53,282 - INFO - Initializing undetected Chrome driver...
2025-10-26 22:07:00,887 - ERROR - Failed to setup driver: [WinError 183] Cannot create a file when that file already exists: 'C:\\laragon\\www\\dapokalsel\\sekolah\\~\\appdata\\roaming\\undetected_chromedriver\\undetected\\chromedriver-win32\\chromedriver.exe' -> 'C:\\laragon\\www\\dapokalsel\\sekolah\\~\\appdata\\roaming\\undetected_chromedriver\\undetected_chromedriver.exe'
Traceback (most recent call last):
  File "C:\laragon\www\dapokalsel\sekolah\import_url_kabupaten.pyw", line 92, in setup_driver
    temp_dir = tempfile.gettempdir()
  File "C:\laragon\bin\python\python-3.10\lib\site-packages\undetected_chromedriver\__init__.py", line 258, in __init__
    self.patcher.auto()
  File "C:\laragon\bin\python\python-3.10\lib\site-packages\undetected_chromedriver\patcher.py", line 178, in auto
    self.unzip_package(self.fetch_package())
  File "C:\laragon\bin\python\python-3.10\lib\site-packages\undetected_chromedriver\patcher.py", line 310, in unzip_package
    os.rename(os.path.join(self.zip_path, exe_path), self.executable_path)
FileExistsError: [WinError 183] Cannot create a file when that file already exists: 'C:\\laragon\\www\\dapokalsel\\sekolah\\~\\appdata\\roaming\\undetected_chromedriver\\undetected\\chromedriver-win32\\chromedriver.exe' -> 'C:\\laragon\\www\\dapokalsel\\sekolah\\~\\appdata\\roaming\\undetected_chromedriver\\undetected_chromedriver.exe'
2025-10-26 22:07:00,887 - ERROR - Error on attempt 250: Failed to setup driver
Traceback (most recent call last):
  File "C:\laragon\www\dapokalsel\sekolah\import_url_kabupaten.pyw", line 388, in process_url_induk
    logger.warning(f"Row {idx} missing data: kode={kode}, nama={nama}, url={full_url}")
Exception: Failed to setup driver
2025-10-26 22:07:00,887 - INFO - Retry attempt 251/300...
2025-10-26 22:07:15,901 - INFO - Setting up Chrome driver...
2025-10-26 22:07:15,903 - INFO - Using profile directory: C:\laragon\www\dapokalsel\chrome_profile
2025-10-26 22:07:15,903 - INFO - Initializing undetected Chrome driver...
2025-10-26 22:07:23,298 - ERROR - Failed to setup driver: [WinError 183] Cannot create a file when that file already exists: 'C:\\laragon\\www\\dapokalsel\\sekolah\\~\\appdata\\roaming\\undetected_chromedriver\\undetected\\chromedriver-win32\\chromedriver.exe' -> 'C:\\laragon\\www\\dapokalsel\\sekolah\\~\\appdata\\roaming\\undetected_chromedriver\\undetected_chromedriver.exe'
Traceback (most recent call last):
  File "C:\laragon\www\dapokalsel\sekolah\import_url_kabupaten.pyw", line 92, in setup_driver
    temp_dir = tempfile.gettempdir()
  File "C:\laragon\bin\python\python-3.10\lib\site-packages\undetected_chromedriver\__init__.py", line 258, in __init__
    self.patcher.auto()
  File "C:\laragon\bin\python\python-3.10\lib\site-packages\undetected_chromedriver\patcher.py", line 178, in auto
    self.unzip_package(self.fetch_package())
  File "C:\laragon\bin\python\python-3.10\lib\site-packages\undetected_chromedriver\patcher.py", line 310, in unzip_package
    os.rename(os.path.join(self.zip_path, exe_path), self.executable_path)
FileExistsError: [WinError 183] Cannot create a file when that file already exists: 'C:\\laragon\\www\\dapokalsel\\sekolah\\~\\appdata\\roaming\\undetected_chromedriver\\undetected\\chromedriver-win32\\chromedriver.exe' -> 'C:\\laragon\\www\\dapokalsel\\sekolah\\~\\appdata\\roaming\\undetected_chromedriver\\undetected_chromedriver.exe'
2025-10-26 22:07:23,298 - ERROR - Error on attempt 251: Failed to setup driver
Traceback (most recent call last):
  File "C:\laragon\www\dapokalsel\sekolah\import_url_kabupaten.pyw", line 388, in process_url_induk
    logger.warning(f"Row {idx} missing data: kode={kode}, nama={nama}, url={full_url}")
Exception: Failed to setup driver
2025-10-26 22:07:23,298 - INFO - Retry attempt 252/300...
2025-10-26 22:07:38,299 - INFO - Setting up Chrome driver...
2025-10-26 22:07:38,300 - INFO - Using profile directory: C:\laragon\www\dapokalsel\chrome_profile
2025-10-26 22:07:38,301 - INFO - Initializing undetected Chrome driver...
2025-10-26 22:07:50,135 - INFO - patching driver executable C:\laragon\www\dapokalsel\sekolah\~\appdata\roaming\undetected_chromedriver\undetected_chromedriver.exe
2025-10-26 22:07:50,235 - ERROR - Failed to setup driver: Binary Location Must be a String
Traceback (most recent call last):
  File "C:\laragon\www\dapokalsel\sekolah\import_url_kabupaten.pyw", line 92, in setup_driver
    temp_dir = tempfile.gettempdir()
  File "C:\laragon\bin\python\python-3.10\lib\site-packages\undetected_chromedriver\__init__.py", line 372, in __init__
    options.binary_location = (
  File "C:\laragon\bin\python\python-3.10\lib\site-packages\selenium\webdriver\chromium\options.py", line 52, in binary_location
    raise TypeError(self.BINARY_LOCATION_ERROR)
TypeError: Binary Location Must be a String
2025-10-26 22:07:50,235 - ERROR - Error on attempt 252: Failed to setup driver
Traceback (most recent call last):
  File "C:\laragon\www\dapokalsel\sekolah\import_url_kabupaten.pyw", line 388, in process_url_induk
    logger.warning(f"Row {idx} missing data: kode={kode}, nama={nama}, url={full_url}")
Exception: Failed to setup driver
2025-10-26 22:07:50,235 - INFO - Retry attempt 253/300...
2025-10-26 22:08:05,251 - INFO - Setting up Chrome driver...
2025-10-26 22:08:05,251 - INFO - Using profile directory: C:\laragon\www\dapokalsel\chrome_profile
2025-10-26 22:08:05,251 - INFO - Initializing undetected Chrome driver...
2025-10-26 22:08:10,800 - INFO - patching driver executable C:\laragon\www\dapokalsel\sekolah\~\appdata\roaming\undetected_chromedriver\undetected_chromedriver.exe
2025-10-26 22:08:10,900 - ERROR - Failed to setup driver: Binary Location Must be a String
Traceback (most recent call last):
  File "C:\laragon\www\dapokalsel\sekolah\import_url_kabupaten.pyw", line 92, in setup_driver
    temp_dir = tempfile.gettempdir()
  File "C:\laragon\bin\python\python-3.10\lib\site-packages\undetected_chromedriver\__init__.py", line 372, in __init__
    options.binary_location = (
  File "C:\laragon\bin\python\python-3.10\lib\site-packages\selenium\webdriver\chromium\options.py", line 52, in binary_location
    raise TypeError(self.BINARY_LOCATION_ERROR)
TypeError: Binary Location Must be a String
2025-10-26 22:08:10,900 - ERROR - Error on attempt 253: Failed to setup driver
Traceback (most recent call last):
  File "C:\laragon\www\dapokalsel\sekolah\import_url_kabupaten.pyw", line 388, in process_url_induk
    logger.warning(f"Row {idx} missing data: kode={kode}, nama={nama}, url={full_url}")
Exception: Failed to setup driver
2025-10-26 22:08:10,900 - INFO - Retry attempt 254/300...
2025-10-26 22:08:25,901 - INFO - Setting up Chrome driver...
2025-10-26 22:08:25,903 - INFO - Using profile directory: C:\laragon\www\dapokalsel\chrome_profile
2025-10-26 22:08:25,903 - INFO - Initializing undetected Chrome driver...
2025-10-26 22:08:37,184 - INFO - patching driver executable C:\laragon\www\dapokalsel\sekolah\~\appdata\roaming\undetected_chromedriver\undetected_chromedriver.exe
2025-10-26 22:08:37,282 - ERROR - Failed to setup driver: Binary Location Must be a String
Traceback (most recent call last):
  File "C:\laragon\www\dapokalsel\sekolah\import_url_kabupaten.pyw", line 92, in setup_driver
    temp_dir = tempfile.gettempdir()
  File "C:\laragon\bin\python\python-3.10\lib\site-packages\undetected_chromedriver\__init__.py", line 372, in __init__
    options.binary_location = (
  File "C:\laragon\bin\python\python-3.10\lib\site-packages\selenium\webdriver\chromium\options.py", line 52, in binary_location
    raise TypeError(self.BINARY_LOCATION_ERROR)
TypeError: Binary Location Must be a String
2025-10-26 22:08:37,298 - ERROR - Error on attempt 254: Failed to setup driver
Traceback (most recent call last):
  File "C:\laragon\www\dapokalsel\sekolah\import_url_kabupaten.pyw", line 388, in process_url_induk
    logger.warning(f"Row {idx} missing data: kode={kode}, nama={nama}, url={full_url}")
Exception: Failed to setup driver
2025-10-26 22:08:37,298 - INFO - Retry attempt 255/300...
2025-10-26 22:08:52,299 - INFO - Setting up Chrome driver...
2025-10-26 22:08:52,300 - INFO - Using profile directory: C:\laragon\www\dapokalsel\chrome_profile
2025-10-26 22:08:52,301 - INFO - Initializing undetected Chrome driver...
2025-10-26 22:09:08,906 - ERROR - Failed to setup driver: [WinError 183] Cannot create a file when that file already exists: 'C:\\laragon\\www\\dapokalsel\\sekolah\\~\\appdata\\roaming\\undetected_chromedriver\\undetected\\chromedriver-win32\\chromedriver.exe' -> 'C:\\laragon\\www\\dapokalsel\\sekolah\\~\\appdata\\roaming\\undetected_chromedriver\\undetected_chromedriver.exe'
Traceback (most recent call last):
  File "C:\laragon\www\dapokalsel\sekolah\import_url_kabupaten.pyw", line 92, in setup_driver
    temp_dir = tempfile.gettempdir()
  File "C:\laragon\bin\python\python-3.10\lib\site-packages\undetected_chromedriver\__init__.py", line 258, in __init__
    self.patcher.auto()
  File "C:\laragon\bin\python\python-3.10\lib\site-packages\undetected_chromedriver\patcher.py", line 178, in auto
    self.unzip_package(self.fetch_package())
  File "C:\laragon\bin\python\python-3.10\lib\site-packages\undetected_chromedriver\patcher.py", line 310, in unzip_package
    os.rename(os.path.join(self.zip_path, exe_path), self.executable_path)
FileExistsError: [WinError 183] Cannot create a file when that file already exists: 'C:\\laragon\\www\\dapokalsel\\sekolah\\~\\appdata\\roaming\\undetected_chromedriver\\undetected\\chromedriver-win32\\chromedriver.exe' -> 'C:\\laragon\\www\\dapokalsel\\sekolah\\~\\appdata\\roaming\\undetected_chromedriver\\undetected_chromedriver.exe'
2025-10-26 22:09:08,907 - ERROR - Error on attempt 255: Failed to setup driver
Traceback (most recent call last):
  File "C:\laragon\www\dapokalsel\sekolah\import_url_kabupaten.pyw", line 388, in process_url_induk
    logger.warning(f"Row {idx} missing data: kode={kode}, nama={nama}, url={full_url}")
Exception: Failed to setup driver
2025-10-26 22:09:08,907 - INFO - Retry attempt 256/300...
2025-10-26 22:09:23,907 - INFO - Setting up Chrome driver...
2025-10-26 22:09:23,907 - INFO - Using profile directory: C:\laragon\www\dapokalsel\chrome_profile
2025-10-26 22:09:23,907 - INFO - Initializing undetected Chrome driver...
2025-10-26 22:09:36,012 - INFO - patching driver executable C:\laragon\www\dapokalsel\sekolah\~\appdata\roaming\undetected_chromedriver\undetected_chromedriver.exe
2025-10-26 22:09:36,095 - ERROR - Failed to setup driver: Binary Location Must be a String
Traceback (most recent call last):
  File "C:\laragon\www\dapokalsel\sekolah\import_url_kabupaten.pyw", line 92, in setup_driver
    temp_dir = tempfile.gettempdir()
  File "C:\laragon\bin\python\python-3.10\lib\site-packages\undetected_chromedriver\__init__.py", line 372, in __init__
    options.binary_location = (
  File "C:\laragon\bin\python\python-3.10\lib\site-packages\selenium\webdriver\chromium\options.py", line 52, in binary_location
    raise TypeError(self.BINARY_LOCATION_ERROR)
TypeError: Binary Location Must be a String
2025-10-26 22:09:36,095 - ERROR - Error on attempt 256: Failed to setup driver
Traceback (most recent call last):
  File "C:\laragon\www\dapokalsel\sekolah\import_url_kabupaten.pyw", line 388, in process_url_induk
    logger.warning(f"Row {idx} missing data: kode={kode}, nama={nama}, url={full_url}")
Exception: Failed to setup driver
2025-10-26 22:09:36,095 - INFO - Retry attempt 257/300...
2025-10-26 22:09:51,109 - INFO - Setting up Chrome driver...
2025-10-26 22:09:51,110 - INFO - Using profile directory: C:\laragon\www\dapokalsel\chrome_profile
2025-10-26 22:09:51,110 - INFO - Initializing undetected Chrome driver...
2025-10-26 22:10:01,927 - ERROR - Failed to setup driver: [WinError 183] Cannot create a file when that file already exists: 'C:\\laragon\\www\\dapokalsel\\sekolah\\~\\appdata\\roaming\\undetected_chromedriver\\undetected\\chromedriver-win32\\chromedriver.exe' -> 'C:\\laragon\\www\\dapokalsel\\sekolah\\~\\appdata\\roaming\\undetected_chromedriver\\undetected_chromedriver.exe'
Traceback (most recent call last):
  File "C:\laragon\www\dapokalsel\sekolah\import_url_kabupaten.pyw", line 92, in setup_driver
    temp_dir = tempfile.gettempdir()
  File "C:\laragon\bin\python\python-3.10\lib\site-packages\undetected_chromedriver\__init__.py", line 258, in __init__
    self.patcher.auto()
  File "C:\laragon\bin\python\python-3.10\lib\site-packages\undetected_chromedriver\patcher.py", line 178, in auto
    self.unzip_package(self.fetch_package())
  File "C:\laragon\bin\python\python-3.10\lib\site-packages\undetected_chromedriver\patcher.py", line 310, in unzip_package
    os.rename(os.path.join(self.zip_path, exe_path), self.executable_path)
FileExistsError: [WinError 183] Cannot create a file when that file already exists: 'C:\\laragon\\www\\dapokalsel\\sekolah\\~\\appdata\\roaming\\undetected_chromedriver\\undetected\\chromedriver-win32\\chromedriver.exe' -> 'C:\\laragon\\www\\dapokalsel\\sekolah\\~\\appdata\\roaming\\undetected_chromedriver\\undetected_chromedriver.exe'
2025-10-26 22:10:01,927 - ERROR - Error on attempt 257: Failed to setup driver
Traceback (most recent call last):
  File "C:\laragon\www\dapokalsel\sekolah\import_url_kabupaten.pyw", line 388, in process_url_induk
    logger.warning(f"Row {idx} missing data: kode={kode}, nama={nama}, url={full_url}")
Exception: Failed to setup driver
2025-10-26 22:10:01,927 - INFO - Retry attempt 258/300...
2025-10-26 22:10:16,928 - INFO - Setting up Chrome driver...
2025-10-26 22:10:16,929 - INFO - Using profile directory: C:\laragon\www\dapokalsel\chrome_profile
2025-10-26 22:10:16,929 - INFO - Initializing undetected Chrome driver...
2025-10-26 22:10:26,792 - ERROR - Failed to setup driver: [WinError 183] Cannot create a file when that file already exists: 'C:\\laragon\\www\\dapokalsel\\sekolah\\~\\appdata\\roaming\\undetected_chromedriver\\undetected\\chromedriver-win32\\chromedriver.exe' -> 'C:\\laragon\\www\\dapokalsel\\sekolah\\~\\appdata\\roaming\\undetected_chromedriver\\undetected_chromedriver.exe'
Traceback (most recent call last):
  File "C:\laragon\www\dapokalsel\sekolah\import_url_kabupaten.pyw", line 92, in setup_driver
    temp_dir = tempfile.gettempdir()
  File "C:\laragon\bin\python\python-3.10\lib\site-packages\undetected_chromedriver\__init__.py", line 258, in __init__
    self.patcher.auto()
  File "C:\laragon\bin\python\python-3.10\lib\site-packages\undetected_chromedriver\patcher.py", line 178, in auto
    self.unzip_package(self.fetch_package())
  File "C:\laragon\bin\python\python-3.10\lib\site-packages\undetected_chromedriver\patcher.py", line 310, in unzip_package
    os.rename(os.path.join(self.zip_path, exe_path), self.executable_path)
FileExistsError: [WinError 183] Cannot create a file when that file already exists: 'C:\\laragon\\www\\dapokalsel\\sekolah\\~\\appdata\\roaming\\undetected_chromedriver\\undetected\\chromedriver-win32\\chromedriver.exe' -> 'C:\\laragon\\www\\dapokalsel\\sekolah\\~\\appdata\\roaming\\undetected_chromedriver\\undetected_chromedriver.exe'
2025-10-26 22:10:26,792 - ERROR - Error on attempt 258: Failed to setup driver
Traceback (most recent call last):
  File "C:\laragon\www\dapokalsel\sekolah\import_url_kabupaten.pyw", line 388, in process_url_induk
    logger.warning(f"Row {idx} missing data: kode={kode}, nama={nama}, url={full_url}")
Exception: Failed to setup driver
2025-10-26 22:10:26,792 - INFO - Retry attempt 259/300...
2025-10-26 22:10:41,793 - INFO - Setting up Chrome driver...
2025-10-26 22:10:41,793 - INFO - Using profile directory: C:\laragon\www\dapokalsel\chrome_profile
2025-10-26 22:10:41,794 - INFO - Initializing undetected Chrome driver...
2025-10-26 22:10:52,664 - ERROR - Failed to setup driver: [WinError 183] Cannot create a file when that file already exists: 'C:\\laragon\\www\\dapokalsel\\sekolah\\~\\appdata\\roaming\\undetected_chromedriver\\undetected\\chromedriver-win32\\chromedriver.exe' -> 'C:\\laragon\\www\\dapokalsel\\sekolah\\~\\appdata\\roaming\\undetected_chromedriver\\undetected_chromedriver.exe'
Traceback (most recent call last):
  File "C:\laragon\www\dapokalsel\sekolah\import_url_kabupaten.pyw", line 92, in setup_driver
    temp_dir = tempfile.gettempdir()
  File "C:\laragon\bin\python\python-3.10\lib\site-packages\undetected_chromedriver\__init__.py", line 258, in __init__
    self.patcher.auto()
  File "C:\laragon\bin\python\python-3.10\lib\site-packages\undetected_chromedriver\patcher.py", line 178, in auto
    self.unzip_package(self.fetch_package())
  File "C:\laragon\bin\python\python-3.10\lib\site-packages\undetected_chromedriver\patcher.py", line 310, in unzip_package
    os.rename(os.path.join(self.zip_path, exe_path), self.executable_path)
FileExistsError: [WinError 183] Cannot create a file when that file already exists: 'C:\\laragon\\www\\dapokalsel\\sekolah\\~\\appdata\\roaming\\undetected_chromedriver\\undetected\\chromedriver-win32\\chromedriver.exe' -> 'C:\\laragon\\www\\dapokalsel\\sekolah\\~\\appdata\\roaming\\undetected_chromedriver\\undetected_chromedriver.exe'
2025-10-26 22:10:52,664 - ERROR - Error on attempt 259: Failed to setup driver
Traceback (most recent call last):
  File "C:\laragon\www\dapokalsel\sekolah\import_url_kabupaten.pyw", line 388, in process_url_induk
    logger.warning(f"Row {idx} missing data: kode={kode}, nama={nama}, url={full_url}")
Exception: Failed to setup driver
2025-10-26 22:10:52,677 - INFO - Retry attempt 260/300...
2025-10-26 22:11:07,685 - INFO - Setting up Chrome driver...
2025-10-26 22:11:07,685 - INFO - Using profile directory: C:\laragon\www\dapokalsel\chrome_profile
2025-10-26 22:11:07,685 - INFO - Initializing undetected Chrome driver...
2025-10-26 22:11:14,073 - INFO - patching driver executable C:\laragon\www\dapokalsel\sekolah\~\appdata\roaming\undetected_chromedriver\undetected_chromedriver.exe
2025-10-26 22:11:14,169 - ERROR - Failed to setup driver: Binary Location Must be a String
Traceback (most recent call last):
  File "C:\laragon\www\dapokalsel\sekolah\import_url_kabupaten.pyw", line 92, in setup_driver
    temp_dir = tempfile.gettempdir()
  File "C:\laragon\bin\python\python-3.10\lib\site-packages\undetected_chromedriver\__init__.py", line 372, in __init__
    options.binary_location = (
  File "C:\laragon\bin\python\python-3.10\lib\site-packages\selenium\webdriver\chromium\options.py", line 52, in binary_location
    raise TypeError(self.BINARY_LOCATION_ERROR)
TypeError: Binary Location Must be a String
2025-10-26 22:11:14,169 - ERROR - Error on attempt 260: Failed to setup driver
Traceback (most recent call last):
  File "C:\laragon\www\dapokalsel\sekolah\import_url_kabupaten.pyw", line 388, in process_url_induk
    logger.warning(f"Row {idx} missing data: kode={kode}, nama={nama}, url={full_url}")
Exception: Failed to setup driver
2025-10-26 22:11:14,170 - INFO - Retry attempt 261/300...
2025-10-26 22:11:29,174 - INFO - Setting up Chrome driver...
2025-10-26 22:11:29,191 - INFO - Using profile directory: C:\laragon\www\dapokalsel\chrome_profile
2025-10-26 22:11:29,191 - INFO - Initializing undetected Chrome driver...
2025-10-26 22:11:39,040 - ERROR - Failed to setup driver: [WinError 32] The process cannot access the file because it is being used by another process: 'C:\\laragon\\www\\dapokalsel\\sekolah\\~\\appdata\\roaming\\undetected_chromedriver\\undetected\\chromedriver-win32\\chromedriver.exe' -> 'C:\\laragon\\www\\dapokalsel\\sekolah\\~\\appdata\\roaming\\undetected_chromedriver\\undetected_chromedriver.exe'
Traceback (most recent call last):
  File "C:\laragon\www\dapokalsel\sekolah\import_url_kabupaten.pyw", line 92, in setup_driver
    temp_dir = tempfile.gettempdir()
  File "C:\laragon\bin\python\python-3.10\lib\site-packages\undetected_chromedriver\__init__.py", line 258, in __init__
    self.patcher.auto()
  File "C:\laragon\bin\python\python-3.10\lib\site-packages\undetected_chromedriver\patcher.py", line 178, in auto
    self.unzip_package(self.fetch_package())
  File "C:\laragon\bin\python\python-3.10\lib\site-packages\undetected_chromedriver\patcher.py", line 310, in unzip_package
    os.rename(os.path.join(self.zip_path, exe_path), self.executable_path)
PermissionError: [WinError 32] The process cannot access the file because it is being used by another process: 'C:\\laragon\\www\\dapokalsel\\sekolah\\~\\appdata\\roaming\\undetected_chromedriver\\undetected\\chromedriver-win32\\chromedriver.exe' -> 'C:\\laragon\\www\\dapokalsel\\sekolah\\~\\appdata\\roaming\\undetected_chromedriver\\undetected_chromedriver.exe'
2025-10-26 22:11:39,040 - ERROR - Error on attempt 261: Failed to setup driver
Traceback (most recent call last):
  File "C:\laragon\www\dapokalsel\sekolah\import_url_kabupaten.pyw", line 388, in process_url_induk
    logger.warning(f"Row {idx} missing data: kode={kode}, nama={nama}, url={full_url}")
Exception: Failed to setup driver
2025-10-26 22:11:39,040 - INFO - Retry attempt 262/300...
2025-10-26 22:11:54,041 - INFO - Setting up Chrome driver...
2025-10-26 22:11:54,041 - INFO - Using profile directory: C:\laragon\www\dapokalsel\chrome_profile
2025-10-26 22:11:54,041 - INFO - Initializing undetected Chrome driver...
2025-10-26 22:12:02,503 - INFO - patching driver executable C:\laragon\www\dapokalsel\sekolah\~\appdata\roaming\undetected_chromedriver\undetected_chromedriver.exe
2025-10-26 22:12:02,587 - ERROR - Failed to setup driver: Binary Location Must be a String
Traceback (most recent call last):
  File "C:\laragon\www\dapokalsel\sekolah\import_url_kabupaten.pyw", line 92, in setup_driver
    temp_dir = tempfile.gettempdir()
  File "C:\laragon\bin\python\python-3.10\lib\site-packages\undetected_chromedriver\__init__.py", line 372, in __init__
    options.binary_location = (
  File "C:\laragon\bin\python\python-3.10\lib\site-packages\selenium\webdriver\chromium\options.py", line 52, in binary_location
    raise TypeError(self.BINARY_LOCATION_ERROR)
TypeError: Binary Location Must be a String
2025-10-26 22:12:02,588 - ERROR - Error on attempt 262: Failed to setup driver
Traceback (most recent call last):
  File "C:\laragon\www\dapokalsel\sekolah\import_url_kabupaten.pyw", line 388, in process_url_induk
    logger.warning(f"Row {idx} missing data: kode={kode}, nama={nama}, url={full_url}")
Exception: Failed to setup driver
2025-10-26 22:12:02,588 - INFO - Retry attempt 263/300...
2025-10-26 22:12:17,595 - INFO - Setting up Chrome driver...
2025-10-26 22:12:17,595 - INFO - Using profile directory: C:\laragon\www\dapokalsel\chrome_profile
2025-10-26 22:12:17,595 - INFO - Initializing undetected Chrome driver...
2025-10-26 22:12:22,889 - INFO - patching driver executable C:\laragon\www\dapokalsel\sekolah\~\appdata\roaming\undetected_chromedriver\undetected_chromedriver.exe
2025-10-26 22:12:22,970 - ERROR - Failed to setup driver: Binary Location Must be a String
Traceback (most recent call last):
  File "C:\laragon\www\dapokalsel\sekolah\import_url_kabupaten.pyw", line 92, in setup_driver
    temp_dir = tempfile.gettempdir()
  File "C:\laragon\bin\python\python-3.10\lib\site-packages\undetected_chromedriver\__init__.py", line 372, in __init__
    options.binary_location = (
  File "C:\laragon\bin\python\python-3.10\lib\site-packages\selenium\webdriver\chromium\options.py", line 52, in binary_location
    raise TypeError(self.BINARY_LOCATION_ERROR)
TypeError: Binary Location Must be a String
2025-10-26 22:12:22,970 - ERROR - Error on attempt 263: Failed to setup driver
Traceback (most recent call last):
  File "C:\laragon\www\dapokalsel\sekolah\import_url_kabupaten.pyw", line 388, in process_url_induk
    logger.warning(f"Row {idx} missing data: kode={kode}, nama={nama}, url={full_url}")
Exception: Failed to setup driver
2025-10-26 22:12:22,970 - INFO - Retry attempt 264/300...
2025-10-26 22:12:37,971 - INFO - Setting up Chrome driver...
2025-10-26 22:12:37,971 - INFO - Using profile directory: C:\laragon\www\dapokalsel\chrome_profile
2025-10-26 22:12:37,971 - INFO - Initializing undetected Chrome driver...
2025-10-26 22:12:42,298 - INFO - patching driver executable C:\laragon\www\dapokalsel\sekolah\~\appdata\roaming\undetected_chromedriver\undetected_chromedriver.exe
2025-10-26 22:12:42,385 - ERROR - Failed to setup driver: Binary Location Must be a String
Traceback (most recent call last):
  File "C:\laragon\www\dapokalsel\sekolah\import_url_kabupaten.pyw", line 92, in setup_driver
    temp_dir = tempfile.gettempdir()
  File "C:\laragon\bin\python\python-3.10\lib\site-packages\undetected_chromedriver\__init__.py", line 372, in __init__
    options.binary_location = (
  File "C:\laragon\bin\python\python-3.10\lib\site-packages\selenium\webdriver\chromium\options.py", line 52, in binary_location
    raise TypeError(self.BINARY_LOCATION_ERROR)
TypeError: Binary Location Must be a String
2025-10-26 22:12:42,385 - ERROR - Error on attempt 264: Failed to setup driver
Traceback (most recent call last):
  File "C:\laragon\www\dapokalsel\sekolah\import_url_kabupaten.pyw", line 388, in process_url_induk
    logger.warning(f"Row {idx} missing data: kode={kode}, nama={nama}, url={full_url}")
Exception: Failed to setup driver
2025-10-26 22:12:42,385 - INFO - Retry attempt 265/300...
2025-10-26 22:12:57,386 - INFO - Setting up Chrome driver...
2025-10-26 22:12:57,386 - INFO - Using profile directory: C:\laragon\www\dapokalsel\chrome_profile
2025-10-26 22:12:57,386 - INFO - Initializing undetected Chrome driver...
2025-10-26 22:13:12,717 - INFO - patching driver executable C:\laragon\www\dapokalsel\sekolah\~\appdata\roaming\undetected_chromedriver\undetected_chromedriver.exe
2025-10-26 22:13:12,845 - ERROR - Failed to setup driver: Binary Location Must be a String
Traceback (most recent call last):
  File "C:\laragon\www\dapokalsel\sekolah\import_url_kabupaten.pyw", line 92, in setup_driver
    temp_dir = tempfile.gettempdir()
  File "C:\laragon\bin\python\python-3.10\lib\site-packages\undetected_chromedriver\__init__.py", line 372, in __init__
    options.binary_location = (
  File "C:\laragon\bin\python\python-3.10\lib\site-packages\selenium\webdriver\chromium\options.py", line 52, in binary_location
    raise TypeError(self.BINARY_LOCATION_ERROR)
TypeError: Binary Location Must be a String
2025-10-26 22:13:12,847 - ERROR - Error on attempt 265: Failed to setup driver
Traceback (most recent call last):
  File "C:\laragon\www\dapokalsel\sekolah\import_url_kabupaten.pyw", line 388, in process_url_induk
    logger.warning(f"Row {idx} missing data: kode={kode}, nama={nama}, url={full_url}")
Exception: Failed to setup driver
2025-10-26 22:13:12,848 - INFO - Retry attempt 266/300...
2025-10-26 22:13:27,859 - INFO - Setting up Chrome driver...
2025-10-26 22:13:27,859 - INFO - Using profile directory: C:\laragon\www\dapokalsel\chrome_profile
2025-10-26 22:13:27,859 - INFO - Initializing undetected Chrome driver...
2025-10-26 22:13:35,528 - INFO - patching driver executable C:\laragon\www\dapokalsel\sekolah\~\appdata\roaming\undetected_chromedriver\undetected_chromedriver.exe
2025-10-26 22:13:35,653 - ERROR - Failed to setup driver: Binary Location Must be a String
Traceback (most recent call last):
  File "C:\laragon\www\dapokalsel\sekolah\import_url_kabupaten.pyw", line 92, in setup_driver
    temp_dir = tempfile.gettempdir()
  File "C:\laragon\bin\python\python-3.10\lib\site-packages\undetected_chromedriver\__init__.py", line 372, in __init__
    options.binary_location = (
  File "C:\laragon\bin\python\python-3.10\lib\site-packages\selenium\webdriver\chromium\options.py", line 52, in binary_location
    raise TypeError(self.BINARY_LOCATION_ERROR)
TypeError: Binary Location Must be a String
2025-10-26 22:13:35,653 - ERROR - Error on attempt 266: Failed to setup driver
Traceback (most recent call last):
  File "C:\laragon\www\dapokalsel\sekolah\import_url_kabupaten.pyw", line 388, in process_url_induk
    logger.warning(f"Row {idx} missing data: kode={kode}, nama={nama}, url={full_url}")
Exception: Failed to setup driver
2025-10-26 22:13:35,653 - INFO - Retry attempt 267/300...
2025-10-26 22:13:50,669 - INFO - Setting up Chrome driver...
2025-10-26 22:13:50,669 - INFO - Using profile directory: C:\laragon\www\dapokalsel\chrome_profile
2025-10-26 22:13:50,669 - INFO - Initializing undetected Chrome driver...
2025-10-26 22:14:03,305 - ERROR - Failed to setup driver: [WinError 32] The process cannot access the file because it is being used by another process: 'C:\\laragon\\www\\dapokalsel\\sekolah\\~\\appdata\\roaming\\undetected_chromedriver\\undetected\\chromedriver-win32\\chromedriver.exe' -> 'C:\\laragon\\www\\dapokalsel\\sekolah\\~\\appdata\\roaming\\undetected_chromedriver\\undetected_chromedriver.exe'
Traceback (most recent call last):
  File "C:\laragon\www\dapokalsel\sekolah\import_url_kabupaten.pyw", line 92, in setup_driver
    temp_dir = tempfile.gettempdir()
  File "C:\laragon\bin\python\python-3.10\lib\site-packages\undetected_chromedriver\__init__.py", line 258, in __init__
    self.patcher.auto()
  File "C:\laragon\bin\python\python-3.10\lib\site-packages\undetected_chromedriver\patcher.py", line 178, in auto
    self.unzip_package(self.fetch_package())
  File "C:\laragon\bin\python\python-3.10\lib\site-packages\undetected_chromedriver\patcher.py", line 310, in unzip_package
    os.rename(os.path.join(self.zip_path, exe_path), self.executable_path)
PermissionError: [WinError 32] The process cannot access the file because it is being used by another process: 'C:\\laragon\\www\\dapokalsel\\sekolah\\~\\appdata\\roaming\\undetected_chromedriver\\undetected\\chromedriver-win32\\chromedriver.exe' -> 'C:\\laragon\\www\\dapokalsel\\sekolah\\~\\appdata\\roaming\\undetected_chromedriver\\undetected_chromedriver.exe'
2025-10-26 22:14:03,305 - ERROR - Error on attempt 267: Failed to setup driver
Traceback (most recent call last):
  File "C:\laragon\www\dapokalsel\sekolah\import_url_kabupaten.pyw", line 388, in process_url_induk
    logger.warning(f"Row {idx} missing data: kode={kode}, nama={nama}, url={full_url}")
Exception: Failed to setup driver
2025-10-26 22:14:03,305 - INFO - Retry attempt 268/300...
2025-10-26 22:14:18,313 - INFO - Setting up Chrome driver...
2025-10-26 22:14:18,315 - INFO - Using profile directory: C:\laragon\www\dapokalsel\chrome_profile
2025-10-26 22:14:18,315 - INFO - Initializing undetected Chrome driver...
2025-10-26 22:14:24,063 - INFO - patching driver executable C:\laragon\www\dapokalsel\sekolah\~\appdata\roaming\undetected_chromedriver\undetected_chromedriver.exe
2025-10-26 22:14:24,146 - ERROR - Failed to setup driver: Binary Location Must be a String
Traceback (most recent call last):
  File "C:\laragon\www\dapokalsel\sekolah\import_url_kabupaten.pyw", line 92, in setup_driver
    temp_dir = tempfile.gettempdir()
  File "C:\laragon\bin\python\python-3.10\lib\site-packages\undetected_chromedriver\__init__.py", line 372, in __init__
    options.binary_location = (
  File "C:\laragon\bin\python\python-3.10\lib\site-packages\selenium\webdriver\chromium\options.py", line 52, in binary_location
    raise TypeError(self.BINARY_LOCATION_ERROR)
TypeError: Binary Location Must be a String
2025-10-26 22:14:24,146 - ERROR - Error on attempt 268: Failed to setup driver
Traceback (most recent call last):
  File "C:\laragon\www\dapokalsel\sekolah\import_url_kabupaten.pyw", line 388, in process_url_induk
    logger.warning(f"Row {idx} missing data: kode={kode}, nama={nama}, url={full_url}")
Exception: Failed to setup driver
2025-10-26 22:14:24,146 - INFO - Retry attempt 269/300...
2025-10-26 22:14:39,147 - INFO - Setting up Chrome driver...
2025-10-26 22:14:39,149 - INFO - Using profile directory: C:\laragon\www\dapokalsel\chrome_profile
2025-10-26 22:14:39,149 - INFO - Initializing undetected Chrome driver...
2025-10-26 22:14:45,579 - INFO - patching driver executable C:\laragon\www\dapokalsel\sekolah\~\appdata\roaming\undetected_chromedriver\undetected_chromedriver.exe
2025-10-26 22:14:45,674 - ERROR - Failed to setup driver: Binary Location Must be a String
Traceback (most recent call last):
  File "C:\laragon\www\dapokalsel\sekolah\import_url_kabupaten.pyw", line 92, in setup_driver
    temp_dir = tempfile.gettempdir()
  File "C:\laragon\bin\python\python-3.10\lib\site-packages\undetected_chromedriver\__init__.py", line 372, in __init__
    options.binary_location = (
  File "C:\laragon\bin\python\python-3.10\lib\site-packages\selenium\webdriver\chromium\options.py", line 52, in binary_location
    raise TypeError(self.BINARY_LOCATION_ERROR)
TypeError: Binary Location Must be a String
2025-10-26 22:14:45,674 - ERROR - Error on attempt 269: Failed to setup driver
Traceback (most recent call last):
  File "C:\laragon\www\dapokalsel\sekolah\import_url_kabupaten.pyw", line 388, in process_url_induk
    logger.warning(f"Row {idx} missing data: kode={kode}, nama={nama}, url={full_url}")
Exception: Failed to setup driver
2025-10-26 22:14:45,674 - INFO - Retry attempt 270/300...
2025-10-26 22:15:00,676 - INFO - Setting up Chrome driver...
2025-10-26 22:15:00,682 - INFO - Using profile directory: C:\laragon\www\dapokalsel\chrome_profile
2025-10-26 22:15:00,683 - INFO - Initializing undetected Chrome driver...
2025-10-26 22:15:11,020 - INFO - patching driver executable C:\laragon\www\dapokalsel\sekolah\~\appdata\roaming\undetected_chromedriver\undetected_chromedriver.exe
2025-10-26 22:15:11,094 - ERROR - Failed to setup driver: Binary Location Must be a String
Traceback (most recent call last):
  File "C:\laragon\www\dapokalsel\sekolah\import_url_kabupaten.pyw", line 92, in setup_driver
    temp_dir = tempfile.gettempdir()
  File "C:\laragon\bin\python\python-3.10\lib\site-packages\undetected_chromedriver\__init__.py", line 372, in __init__
    options.binary_location = (
  File "C:\laragon\bin\python\python-3.10\lib\site-packages\selenium\webdriver\chromium\options.py", line 52, in binary_location
    raise TypeError(self.BINARY_LOCATION_ERROR)
TypeError: Binary Location Must be a String
2025-10-26 22:15:11,094 - ERROR - Error on attempt 270: Failed to setup driver
Traceback (most recent call last):
  File "C:\laragon\www\dapokalsel\sekolah\import_url_kabupaten.pyw", line 388, in process_url_induk
    logger.warning(f"Row {idx} missing data: kode={kode}, nama={nama}, url={full_url}")
Exception: Failed to setup driver
2025-10-26 22:15:11,094 - INFO - Retry attempt 271/300...
2025-10-26 22:15:26,095 - INFO - Setting up Chrome driver...
2025-10-26 22:15:26,096 - INFO - Using profile directory: C:\laragon\www\dapokalsel\chrome_profile
2025-10-26 22:15:26,096 - INFO - Initializing undetected Chrome driver...
2025-10-26 22:15:41,673 - ERROR - Failed to setup driver: [WinError 183] Cannot create a file when that file already exists: 'C:\\laragon\\www\\dapokalsel\\sekolah\\~\\appdata\\roaming\\undetected_chromedriver\\undetected\\chromedriver-win32\\chromedriver.exe' -> 'C:\\laragon\\www\\dapokalsel\\sekolah\\~\\appdata\\roaming\\undetected_chromedriver\\undetected_chromedriver.exe'
Traceback (most recent call last):
  File "C:\laragon\www\dapokalsel\sekolah\import_url_kabupaten.pyw", line 92, in setup_driver
    temp_dir = tempfile.gettempdir()
  File "C:\laragon\bin\python\python-3.10\lib\site-packages\undetected_chromedriver\__init__.py", line 258, in __init__
    self.patcher.auto()
  File "C:\laragon\bin\python\python-3.10\lib\site-packages\undetected_chromedriver\patcher.py", line 178, in auto
    self.unzip_package(self.fetch_package())
  File "C:\laragon\bin\python\python-3.10\lib\site-packages\undetected_chromedriver\patcher.py", line 310, in unzip_package
    os.rename(os.path.join(self.zip_path, exe_path), self.executable_path)
FileExistsError: [WinError 183] Cannot create a file when that file already exists: 'C:\\laragon\\www\\dapokalsel\\sekolah\\~\\appdata\\roaming\\undetected_chromedriver\\undetected\\chromedriver-win32\\chromedriver.exe' -> 'C:\\laragon\\www\\dapokalsel\\sekolah\\~\\appdata\\roaming\\undetected_chromedriver\\undetected_chromedriver.exe'
2025-10-26 22:15:41,689 - ERROR - Error on attempt 271: Failed to setup driver
Traceback (most recent call last):
  File "C:\laragon\www\dapokalsel\sekolah\import_url_kabupaten.pyw", line 388, in process_url_induk
    logger.warning(f"Row {idx} missing data: kode={kode}, nama={nama}, url={full_url}")
Exception: Failed to setup driver
2025-10-26 22:15:41,689 - INFO - Retry attempt 272/300...
2025-10-26 22:15:56,690 - INFO - Setting up Chrome driver...
2025-10-26 22:15:56,690 - INFO - Using profile directory: C:\laragon\www\dapokalsel\chrome_profile
2025-10-26 22:15:56,690 - INFO - Initializing undetected Chrome driver...
2025-10-26 22:16:05,488 - INFO - patching driver executable C:\laragon\www\dapokalsel\sekolah\~\appdata\roaming\undetected_chromedriver\undetected_chromedriver.exe
2025-10-26 22:16:05,610 - ERROR - Failed to setup driver: Binary Location Must be a String
Traceback (most recent call last):
  File "C:\laragon\www\dapokalsel\sekolah\import_url_kabupaten.pyw", line 92, in setup_driver
    temp_dir = tempfile.gettempdir()
  File "C:\laragon\bin\python\python-3.10\lib\site-packages\undetected_chromedriver\__init__.py", line 372, in __init__
    options.binary_location = (
  File "C:\laragon\bin\python\python-3.10\lib\site-packages\selenium\webdriver\chromium\options.py", line 52, in binary_location
    raise TypeError(self.BINARY_LOCATION_ERROR)
TypeError: Binary Location Must be a String
2025-10-26 22:16:05,610 - ERROR - Error on attempt 272: Failed to setup driver
Traceback (most recent call last):
  File "C:\laragon\www\dapokalsel\sekolah\import_url_kabupaten.pyw", line 388, in process_url_induk
    logger.warning(f"Row {idx} missing data: kode={kode}, nama={nama}, url={full_url}")
Exception: Failed to setup driver
2025-10-26 22:16:05,610 - INFO - Retry attempt 273/300...
2025-10-26 22:16:20,611 - INFO - Setting up Chrome driver...
2025-10-26 22:16:20,612 - INFO - Using profile directory: C:\laragon\www\dapokalsel\chrome_profile
2025-10-26 22:16:20,617 - INFO - Initializing undetected Chrome driver...
2025-10-26 22:16:32,712 - ERROR - Failed to setup driver: [WinError 183] Cannot create a file when that file already exists: 'C:\\laragon\\www\\dapokalsel\\sekolah\\~\\appdata\\roaming\\undetected_chromedriver\\undetected\\chromedriver-win32\\chromedriver.exe' -> 'C:\\laragon\\www\\dapokalsel\\sekolah\\~\\appdata\\roaming\\undetected_chromedriver\\undetected_chromedriver.exe'
Traceback (most recent call last):
  File "C:\laragon\www\dapokalsel\sekolah\import_url_kabupaten.pyw", line 92, in setup_driver
    temp_dir = tempfile.gettempdir()
  File "C:\laragon\bin\python\python-3.10\lib\site-packages\undetected_chromedriver\__init__.py", line 258, in __init__
    self.patcher.auto()
  File "C:\laragon\bin\python\python-3.10\lib\site-packages\undetected_chromedriver\patcher.py", line 178, in auto
    self.unzip_package(self.fetch_package())
  File "C:\laragon\bin\python\python-3.10\lib\site-packages\undetected_chromedriver\patcher.py", line 310, in unzip_package
    os.rename(os.path.join(self.zip_path, exe_path), self.executable_path)
FileExistsError: [WinError 183] Cannot create a file when that file already exists: 'C:\\laragon\\www\\dapokalsel\\sekolah\\~\\appdata\\roaming\\undetected_chromedriver\\undetected\\chromedriver-win32\\chromedriver.exe' -> 'C:\\laragon\\www\\dapokalsel\\sekolah\\~\\appdata\\roaming\\undetected_chromedriver\\undetected_chromedriver.exe'
2025-10-26 22:16:32,712 - ERROR - Error on attempt 273: Failed to setup driver
Traceback (most recent call last):
  File "C:\laragon\www\dapokalsel\sekolah\import_url_kabupaten.pyw", line 388, in process_url_induk
    logger.warning(f"Row {idx} missing data: kode={kode}, nama={nama}, url={full_url}")
Exception: Failed to setup driver
2025-10-26 22:16:32,713 - INFO - Retry attempt 274/300...
2025-10-26 22:16:47,714 - INFO - Setting up Chrome driver...
2025-10-26 22:16:47,714 - INFO - Using profile directory: C:\laragon\www\dapokalsel\chrome_profile
2025-10-26 22:16:47,714 - INFO - Initializing undetected Chrome driver...
2025-10-26 22:16:53,054 - INFO - patching driver executable C:\laragon\www\dapokalsel\sekolah\~\appdata\roaming\undetected_chromedriver\undetected_chromedriver.exe
2025-10-26 22:16:53,204 - ERROR - Failed to setup driver: Binary Location Must be a String
Traceback (most recent call last):
  File "C:\laragon\www\dapokalsel\sekolah\import_url_kabupaten.pyw", line 92, in setup_driver
    temp_dir = tempfile.gettempdir()
  File "C:\laragon\bin\python\python-3.10\lib\site-packages\undetected_chromedriver\__init__.py", line 372, in __init__
    options.binary_location = (
  File "C:\laragon\bin\python\python-3.10\lib\site-packages\selenium\webdriver\chromium\options.py", line 52, in binary_location
    raise TypeError(self.BINARY_LOCATION_ERROR)
TypeError: Binary Location Must be a String
2025-10-26 22:16:53,205 - ERROR - Error on attempt 274: Failed to setup driver
Traceback (most recent call last):
  File "C:\laragon\www\dapokalsel\sekolah\import_url_kabupaten.pyw", line 388, in process_url_induk
    logger.warning(f"Row {idx} missing data: kode={kode}, nama={nama}, url={full_url}")
Exception: Failed to setup driver
2025-10-26 22:16:53,205 - INFO - Retry attempt 275/300...
2025-10-26 22:17:08,206 - INFO - Setting up Chrome driver...
2025-10-26 22:17:08,206 - INFO - Using profile directory: C:\laragon\www\dapokalsel\chrome_profile
2025-10-26 22:17:08,206 - INFO - Initializing undetected Chrome driver...
2025-10-26 22:17:18,582 - INFO - patching driver executable C:\laragon\www\dapokalsel\sekolah\~\appdata\roaming\undetected_chromedriver\undetected_chromedriver.exe
2025-10-26 22:17:18,671 - ERROR - Failed to setup driver: Binary Location Must be a String
Traceback (most recent call last):
  File "C:\laragon\www\dapokalsel\sekolah\import_url_kabupaten.pyw", line 92, in setup_driver
    temp_dir = tempfile.gettempdir()
  File "C:\laragon\bin\python\python-3.10\lib\site-packages\undetected_chromedriver\__init__.py", line 372, in __init__
    options.binary_location = (
  File "C:\laragon\bin\python\python-3.10\lib\site-packages\selenium\webdriver\chromium\options.py", line 52, in binary_location
    raise TypeError(self.BINARY_LOCATION_ERROR)
TypeError: Binary Location Must be a String
2025-10-26 22:17:18,671 - ERROR - Error on attempt 275: Failed to setup driver
Traceback (most recent call last):
  File "C:\laragon\www\dapokalsel\sekolah\import_url_kabupaten.pyw", line 388, in process_url_induk
    logger.warning(f"Row {idx} missing data: kode={kode}, nama={nama}, url={full_url}")
Exception: Failed to setup driver
2025-10-26 22:17:18,671 - INFO - Retry attempt 276/300...
2025-10-26 22:17:33,675 - INFO - Setting up Chrome driver...
2025-10-26 22:17:33,677 - INFO - Using profile directory: C:\laragon\www\dapokalsel\chrome_profile
2025-10-26 22:17:33,677 - INFO - Initializing undetected Chrome driver...
2025-10-26 22:17:45,862 - ERROR - Failed to setup driver: [WinError 183] Cannot create a file when that file already exists: 'C:\\laragon\\www\\dapokalsel\\sekolah\\~\\appdata\\roaming\\undetected_chromedriver\\undetected\\chromedriver-win32\\chromedriver.exe' -> 'C:\\laragon\\www\\dapokalsel\\sekolah\\~\\appdata\\roaming\\undetected_chromedriver\\undetected_chromedriver.exe'
Traceback (most recent call last):
  File "C:\laragon\www\dapokalsel\sekolah\import_url_kabupaten.pyw", line 92, in setup_driver
    temp_dir = tempfile.gettempdir()
  File "C:\laragon\bin\python\python-3.10\lib\site-packages\undetected_chromedriver\__init__.py", line 258, in __init__
    self.patcher.auto()
  File "C:\laragon\bin\python\python-3.10\lib\site-packages\undetected_chromedriver\patcher.py", line 178, in auto
    self.unzip_package(self.fetch_package())
  File "C:\laragon\bin\python\python-3.10\lib\site-packages\undetected_chromedriver\patcher.py", line 310, in unzip_package
    os.rename(os.path.join(self.zip_path, exe_path), self.executable_path)
FileExistsError: [WinError 183] Cannot create a file when that file already exists: 'C:\\laragon\\www\\dapokalsel\\sekolah\\~\\appdata\\roaming\\undetected_chromedriver\\undetected\\chromedriver-win32\\chromedriver.exe' -> 'C:\\laragon\\www\\dapokalsel\\sekolah\\~\\appdata\\roaming\\undetected_chromedriver\\undetected_chromedriver.exe'
2025-10-26 22:17:45,862 - ERROR - Error on attempt 276: Failed to setup driver
Traceback (most recent call last):
  File "C:\laragon\www\dapokalsel\sekolah\import_url_kabupaten.pyw", line 388, in process_url_induk
    logger.warning(f"Row {idx} missing data: kode={kode}, nama={nama}, url={full_url}")
Exception: Failed to setup driver
2025-10-26 22:17:45,862 - INFO - Retry attempt 277/300...
2025-10-26 22:18:00,863 - INFO - Setting up Chrome driver...
2025-10-26 22:18:00,863 - INFO - Using profile directory: C:\laragon\www\dapokalsel\chrome_profile
2025-10-26 22:18:00,863 - INFO - Initializing undetected Chrome driver...
2025-10-26 22:18:14,350 - INFO - patching driver executable C:\laragon\www\dapokalsel\sekolah\~\appdata\roaming\undetected_chromedriver\undetected_chromedriver.exe
2025-10-26 22:18:14,433 - ERROR - Failed to setup driver: Binary Location Must be a String
Traceback (most recent call last):
  File "C:\laragon\www\dapokalsel\sekolah\import_url_kabupaten.pyw", line 92, in setup_driver
    temp_dir = tempfile.gettempdir()
  File "C:\laragon\bin\python\python-3.10\lib\site-packages\undetected_chromedriver\__init__.py", line 372, in __init__
    options.binary_location = (
  File "C:\laragon\bin\python\python-3.10\lib\site-packages\selenium\webdriver\chromium\options.py", line 52, in binary_location
    raise TypeError(self.BINARY_LOCATION_ERROR)
TypeError: Binary Location Must be a String
2025-10-26 22:18:14,433 - ERROR - Error on attempt 277: Failed to setup driver
Traceback (most recent call last):
  File "C:\laragon\www\dapokalsel\sekolah\import_url_kabupaten.pyw", line 388, in process_url_induk
    logger.warning(f"Row {idx} missing data: kode={kode}, nama={nama}, url={full_url}")
Exception: Failed to setup driver
2025-10-26 22:18:14,433 - INFO - Retry attempt 278/300...
2025-10-26 22:18:29,434 - INFO - Setting up Chrome driver...
2025-10-26 22:18:29,434 - INFO - Using profile directory: C:\laragon\www\dapokalsel\chrome_profile
2025-10-26 22:18:29,434 - INFO - Initializing undetected Chrome driver...
2025-10-26 22:18:39,195 - INFO - patching driver executable C:\laragon\www\dapokalsel\sekolah\~\appdata\roaming\undetected_chromedriver\undetected_chromedriver.exe
2025-10-26 22:18:39,306 - ERROR - Failed to setup driver: Binary Location Must be a String
Traceback (most recent call last):
  File "C:\laragon\www\dapokalsel\sekolah\import_url_kabupaten.pyw", line 92, in setup_driver
    temp_dir = tempfile.gettempdir()
  File "C:\laragon\bin\python\python-3.10\lib\site-packages\undetected_chromedriver\__init__.py", line 372, in __init__
    options.binary_location = (
  File "C:\laragon\bin\python\python-3.10\lib\site-packages\selenium\webdriver\chromium\options.py", line 52, in binary_location
    raise TypeError(self.BINARY_LOCATION_ERROR)
TypeError: Binary Location Must be a String
2025-10-26 22:18:39,306 - ERROR - Error on attempt 278: Failed to setup driver
Traceback (most recent call last):
  File "C:\laragon\www\dapokalsel\sekolah\import_url_kabupaten.pyw", line 388, in process_url_induk
    logger.warning(f"Row {idx} missing data: kode={kode}, nama={nama}, url={full_url}")
Exception: Failed to setup driver
2025-10-26 22:18:39,306 - INFO - Retry attempt 279/300...
2025-10-26 22:18:54,312 - INFO - Setting up Chrome driver...
2025-10-26 22:18:54,316 - INFO - Using profile directory: C:\laragon\www\dapokalsel\chrome_profile
2025-10-26 22:18:54,316 - INFO - Initializing undetected Chrome driver...
2025-10-26 22:18:59,160 - INFO - patching driver executable C:\laragon\www\dapokalsel\sekolah\~\appdata\roaming\undetected_chromedriver\undetected_chromedriver.exe
2025-10-26 22:18:59,251 - ERROR - Failed to setup driver: Binary Location Must be a String
Traceback (most recent call last):
  File "C:\laragon\www\dapokalsel\sekolah\import_url_kabupaten.pyw", line 92, in setup_driver
    temp_dir = tempfile.gettempdir()
  File "C:\laragon\bin\python\python-3.10\lib\site-packages\undetected_chromedriver\__init__.py", line 372, in __init__
    options.binary_location = (
  File "C:\laragon\bin\python\python-3.10\lib\site-packages\selenium\webdriver\chromium\options.py", line 52, in binary_location
    raise TypeError(self.BINARY_LOCATION_ERROR)
TypeError: Binary Location Must be a String
2025-10-26 22:18:59,251 - ERROR - Error on attempt 279: Failed to setup driver
Traceback (most recent call last):
  File "C:\laragon\www\dapokalsel\sekolah\import_url_kabupaten.pyw", line 388, in process_url_induk
    logger.warning(f"Row {idx} missing data: kode={kode}, nama={nama}, url={full_url}")
Exception: Failed to setup driver
2025-10-26 22:18:59,251 - INFO - Retry attempt 280/300...
2025-10-26 22:19:14,261 - INFO - Setting up Chrome driver...
2025-10-26 22:19:14,265 - INFO - Using profile directory: C:\laragon\www\dapokalsel\chrome_profile
2025-10-26 22:19:14,265 - INFO - Initializing undetected Chrome driver...
2025-10-26 22:19:21,049 - INFO - patching driver executable C:\laragon\www\dapokalsel\sekolah\~\appdata\roaming\undetected_chromedriver\undetected_chromedriver.exe
2025-10-26 22:19:21,130 - ERROR - Failed to setup driver: Binary Location Must be a String
Traceback (most recent call last):
  File "C:\laragon\www\dapokalsel\sekolah\import_url_kabupaten.pyw", line 92, in setup_driver
    temp_dir = tempfile.gettempdir()
  File "C:\laragon\bin\python\python-3.10\lib\site-packages\undetected_chromedriver\__init__.py", line 372, in __init__
    options.binary_location = (
  File "C:\laragon\bin\python\python-3.10\lib\site-packages\selenium\webdriver\chromium\options.py", line 52, in binary_location
    raise TypeError(self.BINARY_LOCATION_ERROR)
TypeError: Binary Location Must be a String
2025-10-26 22:19:21,130 - ERROR - Error on attempt 280: Failed to setup driver
Traceback (most recent call last):
  File "C:\laragon\www\dapokalsel\sekolah\import_url_kabupaten.pyw", line 388, in process_url_induk
    logger.warning(f"Row {idx} missing data: kode={kode}, nama={nama}, url={full_url}")
Exception: Failed to setup driver
2025-10-26 22:19:21,130 - INFO - Retry attempt 281/300...
2025-10-26 22:19:36,134 - INFO - Setting up Chrome driver...
2025-10-26 22:19:36,134 - INFO - Using profile directory: C:\laragon\www\dapokalsel\chrome_profile
2025-10-26 22:19:36,134 - INFO - Initializing undetected Chrome driver...
2025-10-26 22:19:42,166 - INFO - patching driver executable C:\laragon\www\dapokalsel\sekolah\~\appdata\roaming\undetected_chromedriver\undetected_chromedriver.exe
2025-10-26 22:19:42,246 - ERROR - Failed to setup driver: Binary Location Must be a String
Traceback (most recent call last):
  File "C:\laragon\www\dapokalsel\sekolah\import_url_kabupaten.pyw", line 92, in setup_driver
    temp_dir = tempfile.gettempdir()
  File "C:\laragon\bin\python\python-3.10\lib\site-packages\undetected_chromedriver\__init__.py", line 372, in __init__
    options.binary_location = (
  File "C:\laragon\bin\python\python-3.10\lib\site-packages\selenium\webdriver\chromium\options.py", line 52, in binary_location
    raise TypeError(self.BINARY_LOCATION_ERROR)
TypeError: Binary Location Must be a String
2025-10-26 22:19:42,246 - ERROR - Error on attempt 281: Failed to setup driver
Traceback (most recent call last):
  File "C:\laragon\www\dapokalsel\sekolah\import_url_kabupaten.pyw", line 388, in process_url_induk
    logger.warning(f"Row {idx} missing data: kode={kode}, nama={nama}, url={full_url}")
Exception: Failed to setup driver
2025-10-26 22:19:42,246 - INFO - Retry attempt 282/300...
2025-10-26 22:19:57,251 - INFO - Setting up Chrome driver...
2025-10-26 22:19:57,251 - INFO - Using profile directory: C:\laragon\www\dapokalsel\chrome_profile
2025-10-26 22:19:57,251 - INFO - Initializing undetected Chrome driver...
2025-10-26 22:20:01,407 - INFO - patching driver executable C:\laragon\www\dapokalsel\sekolah\~\appdata\roaming\undetected_chromedriver\undetected_chromedriver.exe
2025-10-26 22:20:01,510 - ERROR - Failed to setup driver: Binary Location Must be a String
Traceback (most recent call last):
  File "C:\laragon\www\dapokalsel\sekolah\import_url_kabupaten.pyw", line 92, in setup_driver
    temp_dir = tempfile.gettempdir()
  File "C:\laragon\bin\python\python-3.10\lib\site-packages\undetected_chromedriver\__init__.py", line 372, in __init__
    options.binary_location = (
  File "C:\laragon\bin\python\python-3.10\lib\site-packages\selenium\webdriver\chromium\options.py", line 52, in binary_location
    raise TypeError(self.BINARY_LOCATION_ERROR)
TypeError: Binary Location Must be a String
2025-10-26 22:20:01,511 - ERROR - Error on attempt 282: Failed to setup driver
Traceback (most recent call last):
  File "C:\laragon\www\dapokalsel\sekolah\import_url_kabupaten.pyw", line 388, in process_url_induk
    logger.warning(f"Row {idx} missing data: kode={kode}, nama={nama}, url={full_url}")
Exception: Failed to setup driver
2025-10-26 22:20:01,512 - INFO - Retry attempt 283/300...
2025-10-26 22:20:16,512 - INFO - Setting up Chrome driver...
2025-10-26 22:20:16,512 - INFO - Using profile directory: C:\laragon\www\dapokalsel\chrome_profile
2025-10-26 22:20:16,513 - INFO - Initializing undetected Chrome driver...
2025-10-26 22:20:30,476 - ERROR - Failed to setup driver: [WinError 183] Cannot create a file when that file already exists: 'C:\\laragon\\www\\dapokalsel\\sekolah\\~\\appdata\\roaming\\undetected_chromedriver\\undetected\\chromedriver-win32\\chromedriver.exe' -> 'C:\\laragon\\www\\dapokalsel\\sekolah\\~\\appdata\\roaming\\undetected_chromedriver\\undetected_chromedriver.exe'
Traceback (most recent call last):
  File "C:\laragon\www\dapokalsel\sekolah\import_url_kabupaten.pyw", line 92, in setup_driver
    temp_dir = tempfile.gettempdir()
  File "C:\laragon\bin\python\python-3.10\lib\site-packages\undetected_chromedriver\__init__.py", line 258, in __init__
    self.patcher.auto()
  File "C:\laragon\bin\python\python-3.10\lib\site-packages\undetected_chromedriver\patcher.py", line 178, in auto
    self.unzip_package(self.fetch_package())
  File "C:\laragon\bin\python\python-3.10\lib\site-packages\undetected_chromedriver\patcher.py", line 310, in unzip_package
    os.rename(os.path.join(self.zip_path, exe_path), self.executable_path)
FileExistsError: [WinError 183] Cannot create a file when that file already exists: 'C:\\laragon\\www\\dapokalsel\\sekolah\\~\\appdata\\roaming\\undetected_chromedriver\\undetected\\chromedriver-win32\\chromedriver.exe' -> 'C:\\laragon\\www\\dapokalsel\\sekolah\\~\\appdata\\roaming\\undetected_chromedriver\\undetected_chromedriver.exe'
2025-10-26 22:20:30,476 - ERROR - Error on attempt 283: Failed to setup driver
Traceback (most recent call last):
  File "C:\laragon\www\dapokalsel\sekolah\import_url_kabupaten.pyw", line 388, in process_url_induk
    logger.warning(f"Row {idx} missing data: kode={kode}, nama={nama}, url={full_url}")
Exception: Failed to setup driver
2025-10-26 22:20:30,476 - INFO - Retry attempt 284/300...
2025-10-26 22:20:45,488 - INFO - Setting up Chrome driver...
2025-10-26 22:20:45,488 - INFO - Using profile directory: C:\laragon\www\dapokalsel\chrome_profile
2025-10-26 22:20:45,488 - INFO - Initializing undetected Chrome driver...
2025-10-26 22:20:51,058 - INFO - patching driver executable C:\laragon\www\dapokalsel\sekolah\~\appdata\roaming\undetected_chromedriver\undetected_chromedriver.exe
2025-10-26 22:20:51,156 - ERROR - Failed to setup driver: Binary Location Must be a String
Traceback (most recent call last):
  File "C:\laragon\www\dapokalsel\sekolah\import_url_kabupaten.pyw", line 92, in setup_driver
    temp_dir = tempfile.gettempdir()
  File "C:\laragon\bin\python\python-3.10\lib\site-packages\undetected_chromedriver\__init__.py", line 372, in __init__
    options.binary_location = (
  File "C:\laragon\bin\python\python-3.10\lib\site-packages\selenium\webdriver\chromium\options.py", line 52, in binary_location
    raise TypeError(self.BINARY_LOCATION_ERROR)
TypeError: Binary Location Must be a String
2025-10-26 22:20:51,157 - ERROR - Error on attempt 284: Failed to setup driver
Traceback (most recent call last):
  File "C:\laragon\www\dapokalsel\sekolah\import_url_kabupaten.pyw", line 388, in process_url_induk
    logger.warning(f"Row {idx} missing data: kode={kode}, nama={nama}, url={full_url}")
Exception: Failed to setup driver
2025-10-26 22:20:51,157 - INFO - Retry attempt 285/300...
2025-10-26 22:21:06,159 - INFO - Setting up Chrome driver...
2025-10-26 22:21:06,160 - INFO - Using profile directory: C:\laragon\www\dapokalsel\chrome_profile
2025-10-26 22:21:06,161 - INFO - Initializing undetected Chrome driver...
2025-10-26 22:21:20,119 - INFO - patching driver executable C:\laragon\www\dapokalsel\sekolah\~\appdata\roaming\undetected_chromedriver\undetected_chromedriver.exe
2025-10-26 22:21:20,191 - ERROR - Failed to setup driver: Binary Location Must be a String
Traceback (most recent call last):
  File "C:\laragon\www\dapokalsel\sekolah\import_url_kabupaten.pyw", line 92, in setup_driver
    temp_dir = tempfile.gettempdir()
  File "C:\laragon\bin\python\python-3.10\lib\site-packages\undetected_chromedriver\__init__.py", line 372, in __init__
    options.binary_location = (
  File "C:\laragon\bin\python\python-3.10\lib\site-packages\selenium\webdriver\chromium\options.py", line 52, in binary_location
    raise TypeError(self.BINARY_LOCATION_ERROR)
TypeError: Binary Location Must be a String
2025-10-26 22:21:20,206 - ERROR - Error on attempt 285: Failed to setup driver
Traceback (most recent call last):
  File "C:\laragon\www\dapokalsel\sekolah\import_url_kabupaten.pyw", line 388, in process_url_induk
    logger.warning(f"Row {idx} missing data: kode={kode}, nama={nama}, url={full_url}")
Exception: Failed to setup driver
2025-10-26 22:21:20,206 - INFO - Retry attempt 286/300...
2025-10-26 22:21:35,219 - INFO - Setting up Chrome driver...
2025-10-26 22:21:35,219 - INFO - Using profile directory: C:\laragon\www\dapokalsel\chrome_profile
2025-10-26 22:21:35,219 - INFO - Initializing undetected Chrome driver...
2025-10-26 22:21:41,345 - INFO - patching driver executable C:\laragon\www\dapokalsel\sekolah\~\appdata\roaming\undetected_chromedriver\undetected_chromedriver.exe
2025-10-26 22:21:41,439 - ERROR - Failed to setup driver: Binary Location Must be a String
Traceback (most recent call last):
  File "C:\laragon\www\dapokalsel\sekolah\import_url_kabupaten.pyw", line 92, in setup_driver
    temp_dir = tempfile.gettempdir()
  File "C:\laragon\bin\python\python-3.10\lib\site-packages\undetected_chromedriver\__init__.py", line 372, in __init__
    options.binary_location = (
  File "C:\laragon\bin\python\python-3.10\lib\site-packages\selenium\webdriver\chromium\options.py", line 52, in binary_location
    raise TypeError(self.BINARY_LOCATION_ERROR)
TypeError: Binary Location Must be a String
2025-10-26 22:21:41,454 - ERROR - Error on attempt 286: Failed to setup driver
Traceback (most recent call last):
  File "C:\laragon\www\dapokalsel\sekolah\import_url_kabupaten.pyw", line 388, in process_url_induk
    logger.warning(f"Row {idx} missing data: kode={kode}, nama={nama}, url={full_url}")
Exception: Failed to setup driver
2025-10-26 22:21:41,454 - INFO - Retry attempt 287/300...
2025-10-26 22:21:56,455 - INFO - Setting up Chrome driver...
2025-10-26 22:21:56,457 - INFO - Using profile directory: C:\laragon\www\dapokalsel\chrome_profile
2025-10-26 22:21:56,457 - INFO - Initializing undetected Chrome driver...
2025-10-26 22:22:13,879 - INFO - patching driver executable C:\laragon\www\dapokalsel\sekolah\~\appdata\roaming\undetected_chromedriver\undetected_chromedriver.exe
2025-10-26 22:22:13,984 - ERROR - Failed to setup driver: Binary Location Must be a String
Traceback (most recent call last):
  File "C:\laragon\www\dapokalsel\sekolah\import_url_kabupaten.pyw", line 92, in setup_driver
    temp_dir = tempfile.gettempdir()
  File "C:\laragon\bin\python\python-3.10\lib\site-packages\undetected_chromedriver\__init__.py", line 372, in __init__
    options.binary_location = (
  File "C:\laragon\bin\python\python-3.10\lib\site-packages\selenium\webdriver\chromium\options.py", line 52, in binary_location
    raise TypeError(self.BINARY_LOCATION_ERROR)
TypeError: Binary Location Must be a String
2025-10-26 22:22:13,984 - ERROR - Error on attempt 287: Failed to setup driver
Traceback (most recent call last):
  File "C:\laragon\www\dapokalsel\sekolah\import_url_kabupaten.pyw", line 388, in process_url_induk
    logger.warning(f"Row {idx} missing data: kode={kode}, nama={nama}, url={full_url}")
Exception: Failed to setup driver
2025-10-26 22:22:13,984 - INFO - Retry attempt 288/300...
2025-10-26 22:22:28,984 - INFO - Setting up Chrome driver...
2025-10-26 22:22:28,987 - INFO - Using profile directory: C:\laragon\www\dapokalsel\chrome_profile
2025-10-26 22:22:28,989 - INFO - Initializing undetected Chrome driver...
2025-10-26 22:22:34,001 - INFO - patching driver executable C:\laragon\www\dapokalsel\sekolah\~\appdata\roaming\undetected_chromedriver\undetected_chromedriver.exe
2025-10-26 22:22:34,110 - ERROR - Failed to setup driver: Binary Location Must be a String
Traceback (most recent call last):
  File "C:\laragon\www\dapokalsel\sekolah\import_url_kabupaten.pyw", line 92, in setup_driver
    temp_dir = tempfile.gettempdir()
  File "C:\laragon\bin\python\python-3.10\lib\site-packages\undetected_chromedriver\__init__.py", line 372, in __init__
    options.binary_location = (
  File "C:\laragon\bin\python\python-3.10\lib\site-packages\selenium\webdriver\chromium\options.py", line 52, in binary_location
    raise TypeError(self.BINARY_LOCATION_ERROR)
TypeError: Binary Location Must be a String
2025-10-26 22:22:34,110 - ERROR - Error on attempt 288: Failed to setup driver
Traceback (most recent call last):
  File "C:\laragon\www\dapokalsel\sekolah\import_url_kabupaten.pyw", line 388, in process_url_induk
    logger.warning(f"Row {idx} missing data: kode={kode}, nama={nama}, url={full_url}")
Exception: Failed to setup driver
2025-10-26 22:22:34,110 - INFO - Retry attempt 289/300...
2025-10-26 22:22:49,116 - INFO - Setting up Chrome driver...
2025-10-26 22:22:49,118 - INFO - Using profile directory: C:\laragon\www\dapokalsel\chrome_profile
2025-10-26 22:22:49,119 - INFO - Initializing undetected Chrome driver...
2025-10-26 22:22:53,882 - INFO - patching driver executable C:\laragon\www\dapokalsel\sekolah\~\appdata\roaming\undetected_chromedriver\undetected_chromedriver.exe
2025-10-26 22:22:53,976 - ERROR - Failed to setup driver: Binary Location Must be a String
Traceback (most recent call last):
  File "C:\laragon\www\dapokalsel\sekolah\import_url_kabupaten.pyw", line 92, in setup_driver
    temp_dir = tempfile.gettempdir()
  File "C:\laragon\bin\python\python-3.10\lib\site-packages\undetected_chromedriver\__init__.py", line 372, in __init__
    options.binary_location = (
  File "C:\laragon\bin\python\python-3.10\lib\site-packages\selenium\webdriver\chromium\options.py", line 52, in binary_location
    raise TypeError(self.BINARY_LOCATION_ERROR)
TypeError: Binary Location Must be a String
2025-10-26 22:22:53,976 - ERROR - Error on attempt 289: Failed to setup driver
Traceback (most recent call last):
  File "C:\laragon\www\dapokalsel\sekolah\import_url_kabupaten.pyw", line 388, in process_url_induk
    logger.warning(f"Row {idx} missing data: kode={kode}, nama={nama}, url={full_url}")
Exception: Failed to setup driver
2025-10-26 22:22:53,976 - INFO - Retry attempt 290/300...
2025-10-26 22:23:08,982 - INFO - Setting up Chrome driver...
2025-10-26 22:23:08,983 - INFO - Using profile directory: C:\laragon\www\dapokalsel\chrome_profile
2025-10-26 22:23:08,983 - INFO - Initializing undetected Chrome driver...
2025-10-26 22:23:20,850 - ERROR - Failed to setup driver: [WinError 32] The process cannot access the file because it is being used by another process: 'C:\\laragon\\www\\dapokalsel\\sekolah\\~\\appdata\\roaming\\undetected_chromedriver\\undetected\\chromedriver-win32\\chromedriver.exe' -> 'C:\\laragon\\www\\dapokalsel\\sekolah\\~\\appdata\\roaming\\undetected_chromedriver\\undetected_chromedriver.exe'
Traceback (most recent call last):
  File "C:\laragon\www\dapokalsel\sekolah\import_url_kabupaten.pyw", line 92, in setup_driver
    temp_dir = tempfile.gettempdir()
  File "C:\laragon\bin\python\python-3.10\lib\site-packages\undetected_chromedriver\__init__.py", line 258, in __init__
    self.patcher.auto()
  File "C:\laragon\bin\python\python-3.10\lib\site-packages\undetected_chromedriver\patcher.py", line 178, in auto
    self.unzip_package(self.fetch_package())
  File "C:\laragon\bin\python\python-3.10\lib\site-packages\undetected_chromedriver\patcher.py", line 310, in unzip_package
    os.rename(os.path.join(self.zip_path, exe_path), self.executable_path)
PermissionError: [WinError 32] The process cannot access the file because it is being used by another process: 'C:\\laragon\\www\\dapokalsel\\sekolah\\~\\appdata\\roaming\\undetected_chromedriver\\undetected\\chromedriver-win32\\chromedriver.exe' -> 'C:\\laragon\\www\\dapokalsel\\sekolah\\~\\appdata\\roaming\\undetected_chromedriver\\undetected_chromedriver.exe'
2025-10-26 22:23:20,850 - ERROR - Error on attempt 290: Failed to setup driver
Traceback (most recent call last):
  File "C:\laragon\www\dapokalsel\sekolah\import_url_kabupaten.pyw", line 388, in process_url_induk
    logger.warning(f"Row {idx} missing data: kode={kode}, nama={nama}, url={full_url}")
Exception: Failed to setup driver
2025-10-26 22:23:20,850 - INFO - Retry attempt 291/300...
2025-10-26 22:23:35,851 - INFO - Setting up Chrome driver...
2025-10-26 22:23:35,851 - INFO - Using profile directory: C:\laragon\www\dapokalsel\chrome_profile
2025-10-26 22:23:35,851 - INFO - Initializing undetected Chrome driver...
2025-10-26 22:23:44,484 - INFO - patching driver executable C:\laragon\www\dapokalsel\sekolah\~\appdata\roaming\undetected_chromedriver\undetected_chromedriver.exe
2025-10-26 22:23:44,565 - ERROR - Failed to setup driver: Binary Location Must be a String
Traceback (most recent call last):
  File "C:\laragon\www\dapokalsel\sekolah\import_url_kabupaten.pyw", line 92, in setup_driver
    temp_dir = tempfile.gettempdir()
  File "C:\laragon\bin\python\python-3.10\lib\site-packages\undetected_chromedriver\__init__.py", line 372, in __init__
    options.binary_location = (
  File "C:\laragon\bin\python\python-3.10\lib\site-packages\selenium\webdriver\chromium\options.py", line 52, in binary_location
    raise TypeError(self.BINARY_LOCATION_ERROR)
TypeError: Binary Location Must be a String
2025-10-26 22:23:44,565 - ERROR - Error on attempt 291: Failed to setup driver
Traceback (most recent call last):
  File "C:\laragon\www\dapokalsel\sekolah\import_url_kabupaten.pyw", line 388, in process_url_induk
    logger.warning(f"Row {idx} missing data: kode={kode}, nama={nama}, url={full_url}")
Exception: Failed to setup driver
2025-10-26 22:23:44,565 - INFO - Retry attempt 292/300...
2025-10-26 22:23:59,579 - INFO - Setting up Chrome driver...
2025-10-26 22:23:59,579 - INFO - Using profile directory: C:\laragon\www\dapokalsel\chrome_profile
2025-10-26 22:23:59,579 - INFO - Initializing undetected Chrome driver...
2025-10-26 22:24:14,095 - INFO - patching driver executable C:\laragon\www\dapokalsel\sekolah\~\appdata\roaming\undetected_chromedriver\undetected_chromedriver.exe
2025-10-26 22:24:14,212 - ERROR - Failed to setup driver: Binary Location Must be a String
Traceback (most recent call last):
  File "C:\laragon\www\dapokalsel\sekolah\import_url_kabupaten.pyw", line 92, in setup_driver
    temp_dir = tempfile.gettempdir()
  File "C:\laragon\bin\python\python-3.10\lib\site-packages\undetected_chromedriver\__init__.py", line 372, in __init__
    options.binary_location = (
  File "C:\laragon\bin\python\python-3.10\lib\site-packages\selenium\webdriver\chromium\options.py", line 52, in binary_location
    raise TypeError(self.BINARY_LOCATION_ERROR)
TypeError: Binary Location Must be a String
2025-10-26 22:24:14,213 - ERROR - Error on attempt 292: Failed to setup driver
Traceback (most recent call last):
  File "C:\laragon\www\dapokalsel\sekolah\import_url_kabupaten.pyw", line 388, in process_url_induk
    logger.warning(f"Row {idx} missing data: kode={kode}, nama={nama}, url={full_url}")
Exception: Failed to setup driver
2025-10-26 22:24:14,213 - INFO - Retry attempt 293/300...
2025-10-26 22:24:29,215 - INFO - Setting up Chrome driver...
2025-10-26 22:24:29,215 - INFO - Using profile directory: C:\laragon\www\dapokalsel\chrome_profile
2025-10-26 22:24:29,215 - INFO - Initializing undetected Chrome driver...
2025-10-26 22:24:34,662 - INFO - patching driver executable C:\laragon\www\dapokalsel\sekolah\~\appdata\roaming\undetected_chromedriver\undetected_chromedriver.exe
2025-10-26 22:24:34,763 - ERROR - Failed to setup driver: Binary Location Must be a String
Traceback (most recent call last):
  File "C:\laragon\www\dapokalsel\sekolah\import_url_kabupaten.pyw", line 92, in setup_driver
    temp_dir = tempfile.gettempdir()
  File "C:\laragon\bin\python\python-3.10\lib\site-packages\undetected_chromedriver\__init__.py", line 372, in __init__
    options.binary_location = (
  File "C:\laragon\bin\python\python-3.10\lib\site-packages\selenium\webdriver\chromium\options.py", line 52, in binary_location
    raise TypeError(self.BINARY_LOCATION_ERROR)
TypeError: Binary Location Must be a String
2025-10-26 22:24:34,763 - ERROR - Error on attempt 293: Failed to setup driver
Traceback (most recent call last):
  File "C:\laragon\www\dapokalsel\sekolah\import_url_kabupaten.pyw", line 388, in process_url_induk
    logger.warning(f"Row {idx} missing data: kode={kode}, nama={nama}, url={full_url}")
Exception: Failed to setup driver
2025-10-26 22:24:34,763 - INFO - Retry attempt 294/300...
2025-10-26 22:24:49,766 - INFO - Setting up Chrome driver...
2025-10-26 22:24:49,766 - INFO - Using profile directory: C:\laragon\www\dapokalsel\chrome_profile
2025-10-26 22:24:49,766 - INFO - Initializing undetected Chrome driver...
2025-10-26 22:24:57,278 - INFO - patching driver executable C:\laragon\www\dapokalsel\sekolah\~\appdata\roaming\undetected_chromedriver\undetected_chromedriver.exe
2025-10-26 22:24:57,376 - ERROR - Failed to setup driver: Binary Location Must be a String
Traceback (most recent call last):
  File "C:\laragon\www\dapokalsel\sekolah\import_url_kabupaten.pyw", line 92, in setup_driver
    temp_dir = tempfile.gettempdir()
  File "C:\laragon\bin\python\python-3.10\lib\site-packages\undetected_chromedriver\__init__.py", line 372, in __init__
    options.binary_location = (
  File "C:\laragon\bin\python\python-3.10\lib\site-packages\selenium\webdriver\chromium\options.py", line 52, in binary_location
    raise TypeError(self.BINARY_LOCATION_ERROR)
TypeError: Binary Location Must be a String
2025-10-26 22:24:57,376 - ERROR - Error on attempt 294: Failed to setup driver
Traceback (most recent call last):
  File "C:\laragon\www\dapokalsel\sekolah\import_url_kabupaten.pyw", line 388, in process_url_induk
    logger.warning(f"Row {idx} missing data: kode={kode}, nama={nama}, url={full_url}")
Exception: Failed to setup driver
2025-10-26 22:24:57,376 - INFO - Retry attempt 295/300...
2025-10-26 22:25:12,376 - INFO - Setting up Chrome driver...
2025-10-26 22:25:12,378 - INFO - Using profile directory: C:\laragon\www\dapokalsel\chrome_profile
2025-10-26 22:25:12,379 - INFO - Initializing undetected Chrome driver...
2025-10-26 22:25:20,976 - ERROR - Failed to setup driver: [WinError 183] Cannot create a file when that file already exists: 'C:\\laragon\\www\\dapokalsel\\sekolah\\~\\appdata\\roaming\\undetected_chromedriver\\undetected\\chromedriver-win32\\chromedriver.exe' -> 'C:\\laragon\\www\\dapokalsel\\sekolah\\~\\appdata\\roaming\\undetected_chromedriver\\undetected_chromedriver.exe'
Traceback (most recent call last):
  File "C:\laragon\www\dapokalsel\sekolah\import_url_kabupaten.pyw", line 92, in setup_driver
    temp_dir = tempfile.gettempdir()
  File "C:\laragon\bin\python\python-3.10\lib\site-packages\undetected_chromedriver\__init__.py", line 258, in __init__
    self.patcher.auto()
  File "C:\laragon\bin\python\python-3.10\lib\site-packages\undetected_chromedriver\patcher.py", line 178, in auto
    self.unzip_package(self.fetch_package())
  File "C:\laragon\bin\python\python-3.10\lib\site-packages\undetected_chromedriver\patcher.py", line 310, in unzip_package
    os.rename(os.path.join(self.zip_path, exe_path), self.executable_path)
FileExistsError: [WinError 183] Cannot create a file when that file already exists: 'C:\\laragon\\www\\dapokalsel\\sekolah\\~\\appdata\\roaming\\undetected_chromedriver\\undetected\\chromedriver-win32\\chromedriver.exe' -> 'C:\\laragon\\www\\dapokalsel\\sekolah\\~\\appdata\\roaming\\undetected_chromedriver\\undetected_chromedriver.exe'
2025-10-26 22:25:20,977 - ERROR - Error on attempt 295: Failed to setup driver
Traceback (most recent call last):
  File "C:\laragon\www\dapokalsel\sekolah\import_url_kabupaten.pyw", line 388, in process_url_induk
    logger.warning(f"Row {idx} missing data: kode={kode}, nama={nama}, url={full_url}")
Exception: Failed to setup driver
2025-10-26 22:25:20,977 - INFO - Retry attempt 296/300...
2025-10-26 22:25:35,977 - INFO - Setting up Chrome driver...
2025-10-26 22:25:35,977 - INFO - Using profile directory: C:\laragon\www\dapokalsel\chrome_profile
2025-10-26 22:25:35,978 - INFO - Initializing undetected Chrome driver...
2025-10-26 22:25:47,903 - INFO - patching driver executable C:\laragon\www\dapokalsel\sekolah\~\appdata\roaming\undetected_chromedriver\undetected_chromedriver.exe
2025-10-26 22:25:47,986 - ERROR - Failed to setup driver: Binary Location Must be a String
Traceback (most recent call last):
  File "C:\laragon\www\dapokalsel\sekolah\import_url_kabupaten.pyw", line 92, in setup_driver
    temp_dir = tempfile.gettempdir()
  File "C:\laragon\bin\python\python-3.10\lib\site-packages\undetected_chromedriver\__init__.py", line 372, in __init__
    options.binary_location = (
  File "C:\laragon\bin\python\python-3.10\lib\site-packages\selenium\webdriver\chromium\options.py", line 52, in binary_location
    raise TypeError(self.BINARY_LOCATION_ERROR)
TypeError: Binary Location Must be a String
2025-10-26 22:25:47,986 - ERROR - Error on attempt 296: Failed to setup driver
Traceback (most recent call last):
  File "C:\laragon\www\dapokalsel\sekolah\import_url_kabupaten.pyw", line 388, in process_url_induk
    logger.warning(f"Row {idx} missing data: kode={kode}, nama={nama}, url={full_url}")
Exception: Failed to setup driver
2025-10-26 22:25:47,986 - INFO - Retry attempt 297/300...
2025-10-26 22:26:02,990 - INFO - Setting up Chrome driver...
2025-10-26 22:26:02,993 - INFO - Using profile directory: C:\laragon\www\dapokalsel\chrome_profile
2025-10-26 22:26:02,994 - INFO - Initializing undetected Chrome driver...
2025-10-26 22:26:12,609 - INFO - patching driver executable C:\laragon\www\dapokalsel\sekolah\~\appdata\roaming\undetected_chromedriver\undetected_chromedriver.exe
2025-10-26 22:26:12,707 - ERROR - Failed to setup driver: Binary Location Must be a String
Traceback (most recent call last):
  File "C:\laragon\www\dapokalsel\sekolah\import_url_kabupaten.pyw", line 92, in setup_driver
    temp_dir = tempfile.gettempdir()
  File "C:\laragon\bin\python\python-3.10\lib\site-packages\undetected_chromedriver\__init__.py", line 372, in __init__
    options.binary_location = (
  File "C:\laragon\bin\python\python-3.10\lib\site-packages\selenium\webdriver\chromium\options.py", line 52, in binary_location
    raise TypeError(self.BINARY_LOCATION_ERROR)
TypeError: Binary Location Must be a String
2025-10-26 22:26:12,707 - ERROR - Error on attempt 297: Failed to setup driver
Traceback (most recent call last):
  File "C:\laragon\www\dapokalsel\sekolah\import_url_kabupaten.pyw", line 388, in process_url_induk
    logger.warning(f"Row {idx} missing data: kode={kode}, nama={nama}, url={full_url}")
Exception: Failed to setup driver
2025-10-26 22:26:12,707 - INFO - Retry attempt 298/300...
2025-10-26 22:26:27,720 - INFO - Setting up Chrome driver...
2025-10-26 22:26:27,720 - INFO - Using profile directory: C:\laragon\www\dapokalsel\chrome_profile
2025-10-26 22:26:27,720 - INFO - Initializing undetected Chrome driver...
2025-10-26 22:26:33,814 - INFO - patching driver executable C:\laragon\www\dapokalsel\sekolah\~\appdata\roaming\undetected_chromedriver\undetected_chromedriver.exe
2025-10-26 22:26:33,903 - ERROR - Failed to setup driver: Binary Location Must be a String
Traceback (most recent call last):
  File "C:\laragon\www\dapokalsel\sekolah\import_url_kabupaten.pyw", line 92, in setup_driver
    temp_dir = tempfile.gettempdir()
  File "C:\laragon\bin\python\python-3.10\lib\site-packages\undetected_chromedriver\__init__.py", line 372, in __init__
    options.binary_location = (
  File "C:\laragon\bin\python\python-3.10\lib\site-packages\selenium\webdriver\chromium\options.py", line 52, in binary_location
    raise TypeError(self.BINARY_LOCATION_ERROR)
TypeError: Binary Location Must be a String
2025-10-26 22:26:33,903 - ERROR - Error on attempt 298: Failed to setup driver
Traceback (most recent call last):
  File "C:\laragon\www\dapokalsel\sekolah\import_url_kabupaten.pyw", line 388, in process_url_induk
    logger.warning(f"Row {idx} missing data: kode={kode}, nama={nama}, url={full_url}")
Exception: Failed to setup driver
2025-10-26 22:26:33,903 - INFO - Retry attempt 299/300...
2025-10-26 22:26:48,920 - INFO - Setting up Chrome driver...
2025-10-26 22:26:48,921 - INFO - Using profile directory: C:\laragon\www\dapokalsel\chrome_profile
2025-10-26 22:26:48,922 - INFO - Initializing undetected Chrome driver...
2025-10-26 22:26:58,972 - ERROR - Failed to setup driver: [WinError 183] Cannot create a file when that file already exists: 'C:\\laragon\\www\\dapokalsel\\sekolah\\~\\appdata\\roaming\\undetected_chromedriver\\undetected\\chromedriver-win32\\chromedriver.exe' -> 'C:\\laragon\\www\\dapokalsel\\sekolah\\~\\appdata\\roaming\\undetected_chromedriver\\undetected_chromedriver.exe'
Traceback (most recent call last):
  File "C:\laragon\www\dapokalsel\sekolah\import_url_kabupaten.pyw", line 92, in setup_driver
    temp_dir = tempfile.gettempdir()
  File "C:\laragon\bin\python\python-3.10\lib\site-packages\undetected_chromedriver\__init__.py", line 258, in __init__
    self.patcher.auto()
  File "C:\laragon\bin\python\python-3.10\lib\site-packages\undetected_chromedriver\patcher.py", line 178, in auto
    self.unzip_package(self.fetch_package())
  File "C:\laragon\bin\python\python-3.10\lib\site-packages\undetected_chromedriver\patcher.py", line 310, in unzip_package
    os.rename(os.path.join(self.zip_path, exe_path), self.executable_path)
FileExistsError: [WinError 183] Cannot create a file when that file already exists: 'C:\\laragon\\www\\dapokalsel\\sekolah\\~\\appdata\\roaming\\undetected_chromedriver\\undetected\\chromedriver-win32\\chromedriver.exe' -> 'C:\\laragon\\www\\dapokalsel\\sekolah\\~\\appdata\\roaming\\undetected_chromedriver\\undetected_chromedriver.exe'
2025-10-26 22:26:58,972 - ERROR - Error on attempt 299: Failed to setup driver
Traceback (most recent call last):
  File "C:\laragon\www\dapokalsel\sekolah\import_url_kabupaten.pyw", line 388, in process_url_induk
    logger.warning(f"Row {idx} missing data: kode={kode}, nama={nama}, url={full_url}")
Exception: Failed to setup driver
2025-10-26 22:26:58,972 - INFO - Retry attempt 300/300...
2025-10-26 22:27:13,985 - INFO - Setting up Chrome driver...
2025-10-26 22:27:13,985 - INFO - Using profile directory: C:\laragon\www\dapokalsel\chrome_profile
2025-10-26 22:27:13,985 - INFO - Initializing undetected Chrome driver...
2025-10-26 22:27:23,404 - ERROR - Failed to setup driver: [WinError 183] Cannot create a file when that file already exists: 'C:\\laragon\\www\\dapokalsel\\sekolah\\~\\appdata\\roaming\\undetected_chromedriver\\undetected\\chromedriver-win32\\chromedriver.exe' -> 'C:\\laragon\\www\\dapokalsel\\sekolah\\~\\appdata\\roaming\\undetected_chromedriver\\undetected_chromedriver.exe'
Traceback (most recent call last):
  File "C:\laragon\www\dapokalsel\sekolah\import_url_kabupaten.pyw", line 92, in setup_driver
    temp_dir = tempfile.gettempdir()
  File "C:\laragon\bin\python\python-3.10\lib\site-packages\undetected_chromedriver\__init__.py", line 258, in __init__
    self.patcher.auto()
  File "C:\laragon\bin\python\python-3.10\lib\site-packages\undetected_chromedriver\patcher.py", line 178, in auto
    self.unzip_package(self.fetch_package())
  File "C:\laragon\bin\python\python-3.10\lib\site-packages\undetected_chromedriver\patcher.py", line 310, in unzip_package
    os.rename(os.path.join(self.zip_path, exe_path), self.executable_path)
FileExistsError: [WinError 183] Cannot create a file when that file already exists: 'C:\\laragon\\www\\dapokalsel\\sekolah\\~\\appdata\\roaming\\undetected_chromedriver\\undetected\\chromedriver-win32\\chromedriver.exe' -> 'C:\\laragon\\www\\dapokalsel\\sekolah\\~\\appdata\\roaming\\undetected_chromedriver\\undetected_chromedriver.exe'
2025-10-26 22:27:23,404 - ERROR - Error on attempt 300: Failed to setup driver
Traceback (most recent call last):
  File "C:\laragon\www\dapokalsel\sekolah\import_url_kabupaten.pyw", line 388, in process_url_induk
    logger.warning(f"Row {idx} missing data: kode={kode}, nama={nama}, url={full_url}")
Exception: Failed to setup driver
2025-10-26 22:27:24,421 - INFO - Updated log entry, affected rows: 1
--- Logging error ---
Traceback (most recent call last):
  File "C:\laragon\bin\python\python-3.10\lib\logging\__init__.py", line 1103, in emit
    stream.write(msg + self.terminator)
  File "C:\laragon\bin\python\python-3.10\lib\encodings\cp1252.py", line 19, in encode
    return codecs.charmap_encode(input,self.errors,encoding_table)[0]
UnicodeEncodeError: 'charmap' codec can't encode character '\u274c' in position 34: character maps to <undefined>
Call stack:
  File "C:\laragon\www\dapokalsel\sekolah\import_url_kabupaten.pyw", line 491, in <module>
    parser.add_argument('--max_retries', type=int, default=5, help='Maximum retry attempts')
  File "C:\laragon\www\dapokalsel\sekolah\import_url_kabupaten.pyw", line 465, in main
    # Log final result
  File "C:\laragon\www\dapokalsel\sekolah\import_url_kabupaten.pyw", line 429, in process_url_induk
    logger.info(f"Retry attempt {retry_count + 1}/{max_retries}...")
Message: '\u274c FAILED: Kabupaten processing for URL Induk ID 5 after 300 attempts'
Arguments: ()
2025-10-26 22:27:24,625 - INFO - 
================================================================================
2025-10-26 22:27:24,625 - INFO - KABUPATEN IMPORT SUMMARY
2025-10-26 22:27:24,625 - INFO - ================================================================================
2025-10-26 22:27:24,625 - INFO - Total URL Induk Processed: 1
2025-10-26 22:27:24,625 - INFO - Successful: 0
2025-10-26 22:27:24,625 - INFO - Failed: 1
2025-10-26 22:27:24,625 - INFO - ================================================================================
--- Logging error ---
Traceback (most recent call last):
  File "C:\laragon\bin\python\python-3.10\lib\logging\__init__.py", line 1103, in emit
    stream.write(msg + self.terminator)
  File "C:\laragon\bin\python\python-3.10\lib\encodings\cp1252.py", line 19, in encode
    return codecs.charmap_encode(input,self.errors,encoding_table)[0]
UnicodeEncodeError: 'charmap' codec can't encode character '\u274c' in position 34: character maps to <undefined>
Call stack:
  File "C:\laragon\www\dapokalsel\sekolah\import_url_kabupaten.pyw", line 491, in <module>
    parser.add_argument('--max_retries', type=int, default=5, help='Maximum retry attempts')
  File "C:\laragon\www\dapokalsel\sekolah\import_url_kabupaten.pyw", line 480, in main
    # MAIN FUNCTION
Message: '\u274c Kabupaten import completed with failures'
Arguments: ()
