2025-10-26 21:00:53,052 - INFO - Logging initialized: C:\laragon\www\dapokalsel\logs\kabupaten_import.log
2025-10-26 21:00:53,052 - INFO - Project root: C:\laragon\www\dapokalsel
2025-10-26 21:00:53,052 - INFO - ================================================================================
2025-10-26 21:00:53,052 - INFO - STARTING KABUPATEN IMPORT
2025-10-26 21:00:53,052 - INFO - ================================================================================
2025-10-26 21:00:53,052 - INFO - Arguments: Namespace(url_induk_id=5, max_retries=300, user_id=1)
2025-10-26 21:00:53,085 - INFO - Found 1 active URL induk
2025-10-26 21:00:53,085 - INFO - 
============================================================
2025-10-26 21:00:53,085 - INFO - Processing URL Induk ID: 5
2025-10-26 21:00:53,085 - INFO - URL: https://dapo.kemendikdasmen.go.id/sp/1/150000
2025-10-26 21:00:53,085 - INFO - Description: URL Induk Dapodik - 2025-10-25 18:54:25
2025-10-26 21:00:53,085 - INFO - ============================================================
2025-10-26 21:00:53,186 - INFO - Created log entry with ID: 177
2025-10-26 21:00:53,186 - INFO - Setting up Chrome driver...
2025-10-26 21:00:53,220 - INFO - Created profile directory: C:\Windows\Temp\chrome_scraper_profile
2025-10-26 21:00:53,220 - INFO - Using profile directory: C:\Windows\Temp\chrome_scraper_profile
2025-10-26 21:00:53,222 - INFO - Initializing Chrome driver (attempt 1/3)...
2025-10-26 21:00:58,993 - INFO - patching driver executable C:\laragon\www\dapokalsel\sekolah\~\appdata\roaming\undetected_chromedriver\undetected_chromedriver.exe
2025-10-26 21:01:00,258 - ERROR - Attempt 1 failed: Binary Location Must be a String
2025-10-26 21:01:00,258 - INFO - Retrying in 5 seconds...
2025-10-26 21:01:05,268 - INFO - Initializing Chrome driver (attempt 2/3)...
2025-10-26 21:01:14,937 - ERROR - Attempt 2 failed: [WinError 183] Cannot create a file when that file already exists: 'C:\\laragon\\www\\dapokalsel\\sekolah\\~\\appdata\\roaming\\undetected_chromedriver\\undetected\\chromedriver-win32\\chromedriver.exe' -> 'C:\\laragon\\www\\dapokalsel\\sekolah\\~\\appdata\\roaming\\undetected_chromedriver\\undetected_chromedriver.exe'
2025-10-26 21:01:14,937 - INFO - Retrying in 5 seconds...
2025-10-26 21:01:19,951 - INFO - Initializing Chrome driver (attempt 3/3)...
2025-10-26 21:01:25,471 - INFO - patching driver executable C:\laragon\www\dapokalsel\sekolah\~\appdata\roaming\undetected_chromedriver\undetected_chromedriver.exe
2025-10-26 21:01:25,553 - ERROR - Attempt 3 failed: you cannot reuse the ChromeOptions object
2025-10-26 21:01:25,553 - ERROR - All attempts failed to setup driver
Traceback (most recent call last):
  File "C:\laragon\www\dapokalsel\sekolah\import_url_kabupaten.pyw", line 115, in setup_driver
    driver = uc.Chrome(
  File "C:\laragon\bin\python\python-3.10\lib\site-packages\undetected_chromedriver\__init__.py", line 269, in __init__
    raise RuntimeError("you cannot reuse the ChromeOptions object")
RuntimeError: you cannot reuse the ChromeOptions object
2025-10-26 21:01:25,569 - ERROR - Error on attempt 1: Failed to setup driver
Traceback (most recent call last):
  File "C:\laragon\www\dapokalsel\sekolah\import_url_kabupaten.pyw", line 435, in process_url_induk
    raise Exception("Failed to setup driver")
Exception: Failed to setup driver
2025-10-26 21:01:25,569 - INFO - Retry attempt 2/300...
2025-10-26 21:01:40,584 - INFO - Setting up Chrome driver...
2025-10-26 21:01:40,585 - INFO - Using profile directory: C:\Windows\Temp\chrome_scraper_profile
2025-10-26 21:01:40,585 - INFO - Initializing Chrome driver (attempt 1/3)...
2025-10-26 21:01:44,419 - INFO - patching driver executable C:\laragon\www\dapokalsel\sekolah\~\appdata\roaming\undetected_chromedriver\undetected_chromedriver.exe
2025-10-26 21:01:44,518 - ERROR - Attempt 1 failed: Binary Location Must be a String
2025-10-26 21:01:44,518 - INFO - Retrying in 5 seconds...
2025-10-26 21:01:49,519 - INFO - Initializing Chrome driver (attempt 2/3)...
2025-10-26 21:01:53,856 - ERROR - Attempt 2 failed: [WinError 183] Cannot create a file when that file already exists: 'C:\\laragon\\www\\dapokalsel\\sekolah\\~\\appdata\\roaming\\undetected_chromedriver\\undetected\\chromedriver-win32\\chromedriver.exe' -> 'C:\\laragon\\www\\dapokalsel\\sekolah\\~\\appdata\\roaming\\undetected_chromedriver\\undetected_chromedriver.exe'
2025-10-26 21:01:53,856 - INFO - Retrying in 5 seconds...
2025-10-26 21:01:58,856 - INFO - Initializing Chrome driver (attempt 3/3)...
2025-10-26 21:03:56,128 - INFO - patching driver executable C:\laragon\www\dapokalsel\sekolah\~\appdata\roaming\undetected_chromedriver\undetected_chromedriver.exe
2025-10-26 21:03:56,218 - ERROR - Attempt 3 failed: you cannot reuse the ChromeOptions object
2025-10-26 21:03:56,218 - ERROR - All attempts failed to setup driver
Traceback (most recent call last):
  File "C:\laragon\www\dapokalsel\sekolah\import_url_kabupaten.pyw", line 115, in setup_driver
    driver = uc.Chrome(
  File "C:\laragon\bin\python\python-3.10\lib\site-packages\undetected_chromedriver\__init__.py", line 269, in __init__
    raise RuntimeError("you cannot reuse the ChromeOptions object")
RuntimeError: you cannot reuse the ChromeOptions object
2025-10-26 21:03:56,219 - ERROR - Error on attempt 2: Failed to setup driver
Traceback (most recent call last):
  File "C:\laragon\www\dapokalsel\sekolah\import_url_kabupaten.pyw", line 435, in process_url_induk
    raise Exception("Failed to setup driver")
Exception: Failed to setup driver
2025-10-26 21:03:56,219 - INFO - Retry attempt 3/300...
2025-10-26 21:04:11,219 - INFO - Setting up Chrome driver...
2025-10-26 21:04:11,221 - INFO - Using profile directory: C:\Windows\Temp\chrome_scraper_profile
2025-10-26 21:04:11,221 - INFO - Initializing Chrome driver (attempt 1/3)...
2025-10-26 21:04:17,815 - INFO - patching driver executable C:\laragon\www\dapokalsel\sekolah\~\appdata\roaming\undetected_chromedriver\undetected_chromedriver.exe
2025-10-26 21:04:17,936 - ERROR - Attempt 1 failed: Binary Location Must be a String
2025-10-26 21:04:17,936 - INFO - Retrying in 5 seconds...
2025-10-26 21:04:22,936 - INFO - Initializing Chrome driver (attempt 2/3)...
2025-10-26 21:04:30,192 - ERROR - Attempt 2 failed: [WinError 183] Cannot create a file when that file already exists: 'C:\\laragon\\www\\dapokalsel\\sekolah\\~\\appdata\\roaming\\undetected_chromedriver\\undetected\\chromedriver-win32\\chromedriver.exe' -> 'C:\\laragon\\www\\dapokalsel\\sekolah\\~\\appdata\\roaming\\undetected_chromedriver\\undetected_chromedriver.exe'
2025-10-26 21:04:30,192 - INFO - Retrying in 5 seconds...
2025-10-26 21:04:35,194 - INFO - Initializing Chrome driver (attempt 3/3)...
2025-10-26 21:04:50,111 - ERROR - Attempt 3 failed: [WinError 183] Cannot create a file when that file already exists: 'C:\\laragon\\www\\dapokalsel\\sekolah\\~\\appdata\\roaming\\undetected_chromedriver\\undetected\\chromedriver-win32\\chromedriver.exe' -> 'C:\\laragon\\www\\dapokalsel\\sekolah\\~\\appdata\\roaming\\undetected_chromedriver\\undetected_chromedriver.exe'
2025-10-26 21:04:50,111 - ERROR - All attempts failed to setup driver
Traceback (most recent call last):
  File "C:\laragon\www\dapokalsel\sekolah\import_url_kabupaten.pyw", line 115, in setup_driver
    driver = uc.Chrome(
  File "C:\laragon\bin\python\python-3.10\lib\site-packages\undetected_chromedriver\__init__.py", line 258, in __init__
    self.patcher.auto()
  File "C:\laragon\bin\python\python-3.10\lib\site-packages\undetected_chromedriver\patcher.py", line 178, in auto
    self.unzip_package(self.fetch_package())
  File "C:\laragon\bin\python\python-3.10\lib\site-packages\undetected_chromedriver\patcher.py", line 310, in unzip_package
    os.rename(os.path.join(self.zip_path, exe_path), self.executable_path)
FileExistsError: [WinError 183] Cannot create a file when that file already exists: 'C:\\laragon\\www\\dapokalsel\\sekolah\\~\\appdata\\roaming\\undetected_chromedriver\\undetected\\chromedriver-win32\\chromedriver.exe' -> 'C:\\laragon\\www\\dapokalsel\\sekolah\\~\\appdata\\roaming\\undetected_chromedriver\\undetected_chromedriver.exe'
2025-10-26 21:04:50,267 - ERROR - Error on attempt 3: Failed to setup driver
Traceback (most recent call last):
  File "C:\laragon\www\dapokalsel\sekolah\import_url_kabupaten.pyw", line 435, in process_url_induk
    raise Exception("Failed to setup driver")
Exception: Failed to setup driver
2025-10-26 21:04:50,267 - INFO - Retry attempt 4/300...
2025-10-26 21:05:05,268 - INFO - Setting up Chrome driver...
2025-10-26 21:05:05,268 - INFO - Using profile directory: C:\Windows\Temp\chrome_scraper_profile
2025-10-26 21:05:05,268 - INFO - Initializing Chrome driver (attempt 1/3)...
2025-10-26 21:05:14,516 - ERROR - Attempt 1 failed: [WinError 183] Cannot create a file when that file already exists: 'C:\\laragon\\www\\dapokalsel\\sekolah\\~\\appdata\\roaming\\undetected_chromedriver\\undetected\\chromedriver-win32\\chromedriver.exe' -> 'C:\\laragon\\www\\dapokalsel\\sekolah\\~\\appdata\\roaming\\undetected_chromedriver\\undetected_chromedriver.exe'
2025-10-26 21:05:14,516 - INFO - Retrying in 5 seconds...
2025-10-26 21:05:19,517 - INFO - Initializing Chrome driver (attempt 2/3)...
2025-10-26 21:05:23,815 - INFO - patching driver executable C:\laragon\www\dapokalsel\sekolah\~\appdata\roaming\undetected_chromedriver\undetected_chromedriver.exe
2025-10-26 21:05:23,893 - ERROR - Attempt 2 failed: Binary Location Must be a String
2025-10-26 21:05:23,893 - INFO - Retrying in 5 seconds...
2025-10-26 21:05:28,902 - INFO - Initializing Chrome driver (attempt 3/3)...
2025-10-26 21:05:46,280 - INFO - patching driver executable C:\laragon\www\dapokalsel\sekolah\~\appdata\roaming\undetected_chromedriver\undetected_chromedriver.exe
2025-10-26 21:05:46,386 - ERROR - Attempt 3 failed: you cannot reuse the ChromeOptions object
2025-10-26 21:05:46,386 - ERROR - All attempts failed to setup driver
Traceback (most recent call last):
  File "C:\laragon\www\dapokalsel\sekolah\import_url_kabupaten.pyw", line 115, in setup_driver
    driver = uc.Chrome(
  File "C:\laragon\bin\python\python-3.10\lib\site-packages\undetected_chromedriver\__init__.py", line 269, in __init__
    raise RuntimeError("you cannot reuse the ChromeOptions object")
RuntimeError: you cannot reuse the ChromeOptions object
2025-10-26 21:05:46,387 - ERROR - Error on attempt 4: Failed to setup driver
Traceback (most recent call last):
  File "C:\laragon\www\dapokalsel\sekolah\import_url_kabupaten.pyw", line 435, in process_url_induk
    raise Exception("Failed to setup driver")
Exception: Failed to setup driver
2025-10-26 21:05:46,388 - INFO - Retry attempt 5/300...
2025-10-26 21:06:01,389 - INFO - Setting up Chrome driver...
2025-10-26 21:06:01,390 - INFO - Using profile directory: C:\Windows\Temp\chrome_scraper_profile
2025-10-26 21:06:01,390 - INFO - Initializing Chrome driver (attempt 1/3)...
2025-10-26 21:06:13,357 - INFO - patching driver executable C:\laragon\www\dapokalsel\sekolah\~\appdata\roaming\undetected_chromedriver\undetected_chromedriver.exe
2025-10-26 21:06:13,492 - ERROR - Attempt 1 failed: Binary Location Must be a String
2025-10-26 21:06:13,493 - INFO - Retrying in 5 seconds...
2025-10-26 21:06:18,494 - INFO - Initializing Chrome driver (attempt 2/3)...
2025-10-26 21:08:20,941 - ERROR - Attempt 2 failed: [WinError 183] Cannot create a file when that file already exists: 'C:\\laragon\\www\\dapokalsel\\sekolah\\~\\appdata\\roaming\\undetected_chromedriver\\undetected\\chromedriver-win32\\chromedriver.exe' -> 'C:\\laragon\\www\\dapokalsel\\sekolah\\~\\appdata\\roaming\\undetected_chromedriver\\undetected_chromedriver.exe'
2025-10-26 21:08:25,410 - INFO - Retrying in 5 seconds...
2025-10-26 21:08:30,411 - INFO - Initializing Chrome driver (attempt 3/3)...
2025-10-26 21:09:16,944 - INFO - patching driver executable C:\laragon\www\dapokalsel\sekolah\~\appdata\roaming\undetected_chromedriver\undetected_chromedriver.exe
2025-10-26 21:09:17,511 - ERROR - Attempt 3 failed: you cannot reuse the ChromeOptions object
2025-10-26 21:09:17,512 - ERROR - All attempts failed to setup driver
Traceback (most recent call last):
  File "C:\laragon\www\dapokalsel\sekolah\import_url_kabupaten.pyw", line 115, in setup_driver
    driver = uc.Chrome(
  File "C:\laragon\bin\python\python-3.10\lib\site-packages\undetected_chromedriver\__init__.py", line 269, in __init__
    raise RuntimeError("you cannot reuse the ChromeOptions object")
RuntimeError: you cannot reuse the ChromeOptions object
2025-10-26 21:09:17,513 - ERROR - Error on attempt 5: Failed to setup driver
Traceback (most recent call last):
  File "C:\laragon\www\dapokalsel\sekolah\import_url_kabupaten.pyw", line 435, in process_url_induk
    raise Exception("Failed to setup driver")
Exception: Failed to setup driver
2025-10-26 21:09:17,513 - INFO - Retry attempt 6/300...
2025-10-26 21:09:32,514 - INFO - Setting up Chrome driver...
2025-10-26 21:09:33,234 - INFO - Using profile directory: C:\Windows\Temp\chrome_scraper_profile
2025-10-26 21:09:33,235 - INFO - Initializing Chrome driver (attempt 1/3)...
2025-10-26 21:09:41,894 - ERROR - Attempt 1 failed: [WinError 2] The system cannot find the file specified: 'C:\\laragon\\www\\dapokalsel\\sekolah\\~\\appdata\\roaming\\undetected_chromedriver\\undetected_chromedriver.exe'
2025-10-26 21:09:41,894 - INFO - Retrying in 5 seconds...
2025-10-26 21:09:46,894 - INFO - Initializing Chrome driver (attempt 2/3)...
2025-10-26 21:09:57,608 - ERROR - Attempt 2 failed: [WinError 183] Cannot create a file when that file already exists: 'C:\\laragon\\www\\dapokalsel\\sekolah\\~\\appdata\\roaming\\undetected_chromedriver\\undetected\\chromedriver-win32\\chromedriver.exe' -> 'C:\\laragon\\www\\dapokalsel\\sekolah\\~\\appdata\\roaming\\undetected_chromedriver\\undetected_chromedriver.exe'
2025-10-26 21:09:57,608 - INFO - Retrying in 5 seconds...
2025-10-26 21:10:02,608 - INFO - Initializing Chrome driver (attempt 3/3)...
2025-10-26 21:10:13,617 - INFO - patching driver executable C:\laragon\www\dapokalsel\sekolah\~\appdata\roaming\undetected_chromedriver\undetected_chromedriver.exe
2025-10-26 21:10:13,701 - ERROR - Attempt 3 failed: Binary Location Must be a String
2025-10-26 21:10:13,701 - ERROR - All attempts failed to setup driver
Traceback (most recent call last):
  File "C:\laragon\www\dapokalsel\sekolah\import_url_kabupaten.pyw", line 115, in setup_driver
    driver = uc.Chrome(
  File "C:\laragon\bin\python\python-3.10\lib\site-packages\undetected_chromedriver\__init__.py", line 372, in __init__
    options.binary_location = (
  File "C:\laragon\bin\python\python-3.10\lib\site-packages\selenium\webdriver\chromium\options.py", line 52, in binary_location
    raise TypeError(self.BINARY_LOCATION_ERROR)
TypeError: Binary Location Must be a String
2025-10-26 21:10:13,809 - ERROR - Error on attempt 6: Failed to setup driver
Traceback (most recent call last):
  File "C:\laragon\www\dapokalsel\sekolah\import_url_kabupaten.pyw", line 435, in process_url_induk
    raise Exception("Failed to setup driver")
Exception: Failed to setup driver
2025-10-26 21:10:13,810 - INFO - Retry attempt 7/300...
2025-10-26 21:10:28,810 - INFO - Setting up Chrome driver...
2025-10-26 21:10:28,810 - INFO - Using profile directory: C:\Windows\Temp\chrome_scraper_profile
2025-10-26 21:10:28,810 - INFO - Initializing Chrome driver (attempt 1/3)...
2025-10-26 21:10:36,848 - INFO - patching driver executable C:\laragon\www\dapokalsel\sekolah\~\appdata\roaming\undetected_chromedriver\undetected_chromedriver.exe
2025-10-26 21:10:36,976 - ERROR - Attempt 1 failed: Binary Location Must be a String
2025-10-26 21:10:36,976 - INFO - Retrying in 5 seconds...
2025-10-26 21:10:41,977 - INFO - Initializing Chrome driver (attempt 2/3)...
2025-10-26 21:10:51,915 - ERROR - Attempt 2 failed: [WinError 183] Cannot create a file when that file already exists: 'C:\\laragon\\www\\dapokalsel\\sekolah\\~\\appdata\\roaming\\undetected_chromedriver\\undetected\\chromedriver-win32\\chromedriver.exe' -> 'C:\\laragon\\www\\dapokalsel\\sekolah\\~\\appdata\\roaming\\undetected_chromedriver\\undetected_chromedriver.exe'
2025-10-26 21:10:51,915 - INFO - Retrying in 5 seconds...
2025-10-26 21:10:56,916 - INFO - Initializing Chrome driver (attempt 3/3)...
2025-10-26 21:11:02,272 - INFO - patching driver executable C:\laragon\www\dapokalsel\sekolah\~\appdata\roaming\undetected_chromedriver\undetected_chromedriver.exe
2025-10-26 21:11:02,447 - ERROR - Attempt 3 failed: you cannot reuse the ChromeOptions object
2025-10-26 21:11:02,447 - ERROR - All attempts failed to setup driver
Traceback (most recent call last):
  File "C:\laragon\www\dapokalsel\sekolah\import_url_kabupaten.pyw", line 115, in setup_driver
    driver = uc.Chrome(
  File "C:\laragon\bin\python\python-3.10\lib\site-packages\undetected_chromedriver\__init__.py", line 269, in __init__
    raise RuntimeError("you cannot reuse the ChromeOptions object")
RuntimeError: you cannot reuse the ChromeOptions object
2025-10-26 21:11:02,448 - ERROR - Error on attempt 7: Failed to setup driver
Traceback (most recent call last):
  File "C:\laragon\www\dapokalsel\sekolah\import_url_kabupaten.pyw", line 435, in process_url_induk
    raise Exception("Failed to setup driver")
Exception: Failed to setup driver
2025-10-26 21:11:02,449 - INFO - Retry attempt 8/300...
2025-10-26 21:11:17,450 - INFO - Setting up Chrome driver...
2025-10-26 21:11:17,452 - INFO - Using profile directory: C:\Windows\Temp\chrome_scraper_profile
2025-10-26 21:11:17,452 - INFO - Initializing Chrome driver (attempt 1/3)...
2025-10-26 21:11:21,807 - INFO - patching driver executable C:\laragon\www\dapokalsel\sekolah\~\appdata\roaming\undetected_chromedriver\undetected_chromedriver.exe
2025-10-26 21:11:21,898 - ERROR - Attempt 1 failed: Binary Location Must be a String
2025-10-26 21:11:21,898 - INFO - Retrying in 5 seconds...
2025-10-26 21:11:26,898 - INFO - Initializing Chrome driver (attempt 2/3)...
2025-10-26 21:11:38,735 - ERROR - Attempt 2 failed: [WinError 183] Cannot create a file when that file already exists: 'C:\\laragon\\www\\dapokalsel\\sekolah\\~\\appdata\\roaming\\undetected_chromedriver\\undetected\\chromedriver-win32\\chromedriver.exe' -> 'C:\\laragon\\www\\dapokalsel\\sekolah\\~\\appdata\\roaming\\undetected_chromedriver\\undetected_chromedriver.exe'
2025-10-26 21:11:38,736 - INFO - Retrying in 5 seconds...
2025-10-26 21:11:43,736 - INFO - Initializing Chrome driver (attempt 3/3)...
2025-10-26 21:11:48,680 - INFO - patching driver executable C:\laragon\www\dapokalsel\sekolah\~\appdata\roaming\undetected_chromedriver\undetected_chromedriver.exe
2025-10-26 21:11:48,910 - ERROR - Attempt 3 failed: you cannot reuse the ChromeOptions object
2025-10-26 21:11:48,910 - ERROR - All attempts failed to setup driver
Traceback (most recent call last):
  File "C:\laragon\www\dapokalsel\sekolah\import_url_kabupaten.pyw", line 115, in setup_driver
    driver = uc.Chrome(
  File "C:\laragon\bin\python\python-3.10\lib\site-packages\undetected_chromedriver\__init__.py", line 269, in __init__
    raise RuntimeError("you cannot reuse the ChromeOptions object")
RuntimeError: you cannot reuse the ChromeOptions object
2025-10-26 21:11:48,912 - ERROR - Error on attempt 8: Failed to setup driver
Traceback (most recent call last):
  File "C:\laragon\www\dapokalsel\sekolah\import_url_kabupaten.pyw", line 435, in process_url_induk
    raise Exception("Failed to setup driver")
Exception: Failed to setup driver
2025-10-26 21:11:48,913 - INFO - Retry attempt 9/300...
2025-10-26 21:12:03,914 - INFO - Setting up Chrome driver...
2025-10-26 21:12:03,915 - INFO - Using profile directory: C:\Windows\Temp\chrome_scraper_profile
2025-10-26 21:12:03,915 - INFO - Initializing Chrome driver (attempt 1/3)...
2025-10-26 21:12:08,710 - INFO - patching driver executable C:\laragon\www\dapokalsel\sekolah\~\appdata\roaming\undetected_chromedriver\undetected_chromedriver.exe
2025-10-26 21:12:08,807 - ERROR - Attempt 1 failed: Binary Location Must be a String
2025-10-26 21:12:08,808 - INFO - Retrying in 5 seconds...
2025-10-26 21:12:13,809 - INFO - Initializing Chrome driver (attempt 2/3)...
2025-10-26 21:12:18,908 - INFO - patching driver executable C:\laragon\www\dapokalsel\sekolah\~\appdata\roaming\undetected_chromedriver\undetected_chromedriver.exe
2025-10-26 21:12:19,081 - ERROR - Attempt 2 failed: you cannot reuse the ChromeOptions object
2025-10-26 21:12:19,083 - INFO - Retrying in 5 seconds...
2025-10-26 21:12:24,084 - INFO - Initializing Chrome driver (attempt 3/3)...
2025-10-26 21:12:29,605 - INFO - patching driver executable C:\laragon\www\dapokalsel\sekolah\~\appdata\roaming\undetected_chromedriver\undetected_chromedriver.exe
2025-10-26 21:12:29,735 - ERROR - Attempt 3 failed: you cannot reuse the ChromeOptions object
2025-10-26 21:12:29,735 - ERROR - All attempts failed to setup driver
Traceback (most recent call last):
  File "C:\laragon\www\dapokalsel\sekolah\import_url_kabupaten.pyw", line 115, in setup_driver
    driver = uc.Chrome(
  File "C:\laragon\bin\python\python-3.10\lib\site-packages\undetected_chromedriver\__init__.py", line 269, in __init__
    raise RuntimeError("you cannot reuse the ChromeOptions object")
RuntimeError: you cannot reuse the ChromeOptions object
2025-10-26 21:12:29,736 - ERROR - Error on attempt 9: Failed to setup driver
Traceback (most recent call last):
  File "C:\laragon\www\dapokalsel\sekolah\import_url_kabupaten.pyw", line 435, in process_url_induk
    raise Exception("Failed to setup driver")
Exception: Failed to setup driver
2025-10-26 21:12:29,737 - INFO - Retry attempt 10/300...
2025-10-26 21:12:44,737 - INFO - Setting up Chrome driver...
2025-10-26 21:12:44,738 - INFO - Using profile directory: C:\Windows\Temp\chrome_scraper_profile
2025-10-26 21:12:44,738 - INFO - Initializing Chrome driver (attempt 1/3)...
2025-10-26 21:12:51,389 - INFO - patching driver executable C:\laragon\www\dapokalsel\sekolah\~\appdata\roaming\undetected_chromedriver\undetected_chromedriver.exe
2025-10-26 21:12:51,475 - ERROR - Attempt 1 failed: Binary Location Must be a String
2025-10-26 21:12:51,475 - INFO - Retrying in 5 seconds...
2025-10-26 21:12:56,475 - INFO - Initializing Chrome driver (attempt 2/3)...
2025-10-26 21:13:00,803 - INFO - patching driver executable C:\laragon\www\dapokalsel\sekolah\~\appdata\roaming\undetected_chromedriver\undetected_chromedriver.exe
2025-10-26 21:13:00,962 - ERROR - Attempt 2 failed: you cannot reuse the ChromeOptions object
2025-10-26 21:13:00,962 - INFO - Retrying in 5 seconds...
2025-10-26 21:13:05,963 - INFO - Initializing Chrome driver (attempt 3/3)...
2025-10-26 21:13:16,358 - INFO - patching driver executable C:\laragon\www\dapokalsel\sekolah\~\appdata\roaming\undetected_chromedriver\undetected_chromedriver.exe
2025-10-26 21:13:16,455 - ERROR - Attempt 3 failed: you cannot reuse the ChromeOptions object
2025-10-26 21:13:16,455 - ERROR - All attempts failed to setup driver
Traceback (most recent call last):
  File "C:\laragon\www\dapokalsel\sekolah\import_url_kabupaten.pyw", line 115, in setup_driver
    driver = uc.Chrome(
  File "C:\laragon\bin\python\python-3.10\lib\site-packages\undetected_chromedriver\__init__.py", line 269, in __init__
    raise RuntimeError("you cannot reuse the ChromeOptions object")
RuntimeError: you cannot reuse the ChromeOptions object
2025-10-26 21:13:16,456 - ERROR - Error on attempt 10: Failed to setup driver
Traceback (most recent call last):
  File "C:\laragon\www\dapokalsel\sekolah\import_url_kabupaten.pyw", line 435, in process_url_induk
    raise Exception("Failed to setup driver")
Exception: Failed to setup driver
2025-10-26 21:13:16,456 - INFO - Retry attempt 11/300...
2025-10-26 21:13:31,457 - INFO - Setting up Chrome driver...
2025-10-26 21:13:31,458 - INFO - Using profile directory: C:\Windows\Temp\chrome_scraper_profile
2025-10-26 21:13:31,458 - INFO - Initializing Chrome driver (attempt 1/3)...
2025-10-26 21:13:36,417 - INFO - patching driver executable C:\laragon\www\dapokalsel\sekolah\~\appdata\roaming\undetected_chromedriver\undetected_chromedriver.exe
2025-10-26 21:13:36,507 - ERROR - Attempt 1 failed: Binary Location Must be a String
2025-10-26 21:13:36,507 - INFO - Retrying in 5 seconds...
2025-10-26 21:13:41,508 - INFO - Initializing Chrome driver (attempt 2/3)...
2025-10-26 21:13:51,971 - ERROR - Attempt 2 failed: [WinError 183] Cannot create a file when that file already exists: 'C:\\laragon\\www\\dapokalsel\\sekolah\\~\\appdata\\roaming\\undetected_chromedriver\\undetected\\chromedriver-win32\\chromedriver.exe' -> 'C:\\laragon\\www\\dapokalsel\\sekolah\\~\\appdata\\roaming\\undetected_chromedriver\\undetected_chromedriver.exe'
2025-10-26 21:13:51,971 - INFO - Retrying in 5 seconds...
2025-10-26 21:13:56,972 - INFO - Initializing Chrome driver (attempt 3/3)...
2025-10-26 21:14:08,427 - INFO - patching driver executable C:\laragon\www\dapokalsel\sekolah\~\appdata\roaming\undetected_chromedriver\undetected_chromedriver.exe
2025-10-26 21:14:08,529 - ERROR - Attempt 3 failed: you cannot reuse the ChromeOptions object
2025-10-26 21:14:08,529 - ERROR - All attempts failed to setup driver
Traceback (most recent call last):
  File "C:\laragon\www\dapokalsel\sekolah\import_url_kabupaten.pyw", line 115, in setup_driver
    driver = uc.Chrome(
  File "C:\laragon\bin\python\python-3.10\lib\site-packages\undetected_chromedriver\__init__.py", line 269, in __init__
    raise RuntimeError("you cannot reuse the ChromeOptions object")
RuntimeError: you cannot reuse the ChromeOptions object
2025-10-26 21:14:08,529 - ERROR - Error on attempt 11: Failed to setup driver
Traceback (most recent call last):
  File "C:\laragon\www\dapokalsel\sekolah\import_url_kabupaten.pyw", line 435, in process_url_induk
    raise Exception("Failed to setup driver")
Exception: Failed to setup driver
2025-10-26 21:14:08,529 - INFO - Retry attempt 12/300...
2025-10-26 21:14:23,542 - INFO - Setting up Chrome driver...
2025-10-26 21:14:23,544 - INFO - Using profile directory: C:\Windows\Temp\chrome_scraper_profile
2025-10-26 21:14:23,545 - INFO - Initializing Chrome driver (attempt 1/3)...
2025-10-26 21:14:28,026 - INFO - patching driver executable C:\laragon\www\dapokalsel\sekolah\~\appdata\roaming\undetected_chromedriver\undetected_chromedriver.exe
2025-10-26 21:14:28,126 - ERROR - Attempt 1 failed: Binary Location Must be a String
2025-10-26 21:14:28,126 - INFO - Retrying in 5 seconds...
2025-10-26 21:14:33,127 - INFO - Initializing Chrome driver (attempt 2/3)...
2025-10-26 21:14:39,355 - INFO - patching driver executable C:\laragon\www\dapokalsel\sekolah\~\appdata\roaming\undetected_chromedriver\undetected_chromedriver.exe
2025-10-26 21:14:39,442 - ERROR - Attempt 2 failed: you cannot reuse the ChromeOptions object
2025-10-26 21:14:39,442 - INFO - Retrying in 5 seconds...
2025-10-26 21:14:44,443 - INFO - Initializing Chrome driver (attempt 3/3)...
2025-10-26 21:14:49,042 - INFO - patching driver executable C:\laragon\www\dapokalsel\sekolah\~\appdata\roaming\undetected_chromedriver\undetected_chromedriver.exe
2025-10-26 21:14:49,142 - ERROR - Attempt 3 failed: you cannot reuse the ChromeOptions object
2025-10-26 21:14:49,142 - ERROR - All attempts failed to setup driver
Traceback (most recent call last):
  File "C:\laragon\www\dapokalsel\sekolah\import_url_kabupaten.pyw", line 115, in setup_driver
    driver = uc.Chrome(
  File "C:\laragon\bin\python\python-3.10\lib\site-packages\undetected_chromedriver\__init__.py", line 269, in __init__
    raise RuntimeError("you cannot reuse the ChromeOptions object")
RuntimeError: you cannot reuse the ChromeOptions object
2025-10-26 21:14:49,142 - ERROR - Error on attempt 12: Failed to setup driver
Traceback (most recent call last):
  File "C:\laragon\www\dapokalsel\sekolah\import_url_kabupaten.pyw", line 435, in process_url_induk
    raise Exception("Failed to setup driver")
Exception: Failed to setup driver
2025-10-26 21:14:49,142 - INFO - Retry attempt 13/300...
2025-10-26 21:15:04,142 - INFO - Setting up Chrome driver...
2025-10-26 21:15:04,143 - INFO - Using profile directory: C:\Windows\Temp\chrome_scraper_profile
2025-10-26 21:15:04,143 - INFO - Initializing Chrome driver (attempt 1/3)...
2025-10-26 21:15:09,425 - ERROR - Attempt 1 failed: [WinError 183] Cannot create a file when that file already exists: 'C:\\laragon\\www\\dapokalsel\\sekolah\\~\\appdata\\roaming\\undetected_chromedriver\\undetected\\chromedriver-win32\\chromedriver.exe' -> 'C:\\laragon\\www\\dapokalsel\\sekolah\\~\\appdata\\roaming\\undetected_chromedriver\\undetected_chromedriver.exe'
2025-10-26 21:15:09,425 - INFO - Retrying in 5 seconds...
2025-10-26 21:15:14,438 - INFO - Initializing Chrome driver (attempt 2/3)...
2025-10-26 21:15:20,140 - INFO - patching driver executable C:\laragon\www\dapokalsel\sekolah\~\appdata\roaming\undetected_chromedriver\undetected_chromedriver.exe
2025-10-26 21:15:20,224 - ERROR - Attempt 2 failed: Binary Location Must be a String
2025-10-26 21:15:20,224 - INFO - Retrying in 5 seconds...
2025-10-26 21:15:25,224 - INFO - Initializing Chrome driver (attempt 3/3)...
2025-10-26 21:15:35,637 - ERROR - Attempt 3 failed: [WinError 183] Cannot create a file when that file already exists: 'C:\\laragon\\www\\dapokalsel\\sekolah\\~\\appdata\\roaming\\undetected_chromedriver\\undetected\\chromedriver-win32\\chromedriver.exe' -> 'C:\\laragon\\www\\dapokalsel\\sekolah\\~\\appdata\\roaming\\undetected_chromedriver\\undetected_chromedriver.exe'
2025-10-26 21:15:35,637 - ERROR - All attempts failed to setup driver
Traceback (most recent call last):
  File "C:\laragon\www\dapokalsel\sekolah\import_url_kabupaten.pyw", line 115, in setup_driver
    driver = uc.Chrome(
  File "C:\laragon\bin\python\python-3.10\lib\site-packages\undetected_chromedriver\__init__.py", line 258, in __init__
    self.patcher.auto()
  File "C:\laragon\bin\python\python-3.10\lib\site-packages\undetected_chromedriver\patcher.py", line 178, in auto
    self.unzip_package(self.fetch_package())
  File "C:\laragon\bin\python\python-3.10\lib\site-packages\undetected_chromedriver\patcher.py", line 310, in unzip_package
    os.rename(os.path.join(self.zip_path, exe_path), self.executable_path)
FileExistsError: [WinError 183] Cannot create a file when that file already exists: 'C:\\laragon\\www\\dapokalsel\\sekolah\\~\\appdata\\roaming\\undetected_chromedriver\\undetected\\chromedriver-win32\\chromedriver.exe' -> 'C:\\laragon\\www\\dapokalsel\\sekolah\\~\\appdata\\roaming\\undetected_chromedriver\\undetected_chromedriver.exe'
2025-10-26 21:15:35,638 - ERROR - Error on attempt 13: Failed to setup driver
Traceback (most recent call last):
  File "C:\laragon\www\dapokalsel\sekolah\import_url_kabupaten.pyw", line 435, in process_url_induk
    raise Exception("Failed to setup driver")
Exception: Failed to setup driver
2025-10-26 21:15:35,639 - INFO - Retry attempt 14/300...
2025-10-26 21:15:50,640 - INFO - Setting up Chrome driver...
2025-10-26 21:15:50,642 - INFO - Using profile directory: C:\Windows\Temp\chrome_scraper_profile
2025-10-26 21:15:50,643 - INFO - Initializing Chrome driver (attempt 1/3)...
2025-10-26 21:15:56,940 - ERROR - Attempt 1 failed: [WinError 183] Cannot create a file when that file already exists: 'C:\\laragon\\www\\dapokalsel\\sekolah\\~\\appdata\\roaming\\undetected_chromedriver\\undetected\\chromedriver-win32\\chromedriver.exe' -> 'C:\\laragon\\www\\dapokalsel\\sekolah\\~\\appdata\\roaming\\undetected_chromedriver\\undetected_chromedriver.exe'
2025-10-26 21:15:56,940 - INFO - Retrying in 5 seconds...
2025-10-26 21:16:01,940 - INFO - Initializing Chrome driver (attempt 2/3)...
2025-10-26 21:16:07,192 - INFO - patching driver executable C:\laragon\www\dapokalsel\sekolah\~\appdata\roaming\undetected_chromedriver\undetected_chromedriver.exe
2025-10-26 21:16:07,271 - ERROR - Attempt 2 failed: Binary Location Must be a String
2025-10-26 21:16:07,271 - INFO - Retrying in 5 seconds...
2025-10-26 21:16:12,272 - INFO - Initializing Chrome driver (attempt 3/3)...
2025-10-26 21:16:17,653 - INFO - patching driver executable C:\laragon\www\dapokalsel\sekolah\~\appdata\roaming\undetected_chromedriver\undetected_chromedriver.exe
2025-10-26 21:16:17,764 - ERROR - Attempt 3 failed: you cannot reuse the ChromeOptions object
2025-10-26 21:16:17,764 - ERROR - All attempts failed to setup driver
Traceback (most recent call last):
  File "C:\laragon\www\dapokalsel\sekolah\import_url_kabupaten.pyw", line 115, in setup_driver
    driver = uc.Chrome(
  File "C:\laragon\bin\python\python-3.10\lib\site-packages\undetected_chromedriver\__init__.py", line 269, in __init__
    raise RuntimeError("you cannot reuse the ChromeOptions object")
RuntimeError: you cannot reuse the ChromeOptions object
2025-10-26 21:16:17,765 - ERROR - Error on attempt 14: Failed to setup driver
Traceback (most recent call last):
  File "C:\laragon\www\dapokalsel\sekolah\import_url_kabupaten.pyw", line 435, in process_url_induk
    raise Exception("Failed to setup driver")
Exception: Failed to setup driver
2025-10-26 21:16:17,765 - INFO - Retry attempt 15/300...
2025-10-26 21:16:32,767 - INFO - Setting up Chrome driver...
2025-10-26 21:16:32,768 - INFO - Using profile directory: C:\Windows\Temp\chrome_scraper_profile
2025-10-26 21:16:32,768 - INFO - Initializing Chrome driver (attempt 1/3)...
2025-10-26 21:16:42,252 - ERROR - Attempt 1 failed: [WinError 183] Cannot create a file when that file already exists: 'C:\\laragon\\www\\dapokalsel\\sekolah\\~\\appdata\\roaming\\undetected_chromedriver\\undetected\\chromedriver-win32\\chromedriver.exe' -> 'C:\\laragon\\www\\dapokalsel\\sekolah\\~\\appdata\\roaming\\undetected_chromedriver\\undetected_chromedriver.exe'
2025-10-26 21:16:42,252 - INFO - Retrying in 5 seconds...
2025-10-26 21:16:47,252 - INFO - Initializing Chrome driver (attempt 2/3)...
2025-10-26 21:16:53,251 - ERROR - Attempt 2 failed: [WinError 183] Cannot create a file when that file already exists: 'C:\\laragon\\www\\dapokalsel\\sekolah\\~\\appdata\\roaming\\undetected_chromedriver\\undetected\\chromedriver-win32\\chromedriver.exe' -> 'C:\\laragon\\www\\dapokalsel\\sekolah\\~\\appdata\\roaming\\undetected_chromedriver\\undetected_chromedriver.exe'
2025-10-26 21:16:53,251 - INFO - Retrying in 5 seconds...
2025-10-26 21:16:58,254 - INFO - Initializing Chrome driver (attempt 3/3)...
2025-10-26 21:17:16,622 - ERROR - Attempt 3 failed: [WinError 183] Cannot create a file when that file already exists: 'C:\\laragon\\www\\dapokalsel\\sekolah\\~\\appdata\\roaming\\undetected_chromedriver\\undetected\\chromedriver-win32\\chromedriver.exe' -> 'C:\\laragon\\www\\dapokalsel\\sekolah\\~\\appdata\\roaming\\undetected_chromedriver\\undetected_chromedriver.exe'
2025-10-26 21:17:16,623 - ERROR - All attempts failed to setup driver
Traceback (most recent call last):
  File "C:\laragon\www\dapokalsel\sekolah\import_url_kabupaten.pyw", line 115, in setup_driver
    driver = uc.Chrome(
  File "C:\laragon\bin\python\python-3.10\lib\site-packages\undetected_chromedriver\__init__.py", line 258, in __init__
    self.patcher.auto()
  File "C:\laragon\bin\python\python-3.10\lib\site-packages\undetected_chromedriver\patcher.py", line 178, in auto
    self.unzip_package(self.fetch_package())
  File "C:\laragon\bin\python\python-3.10\lib\site-packages\undetected_chromedriver\patcher.py", line 310, in unzip_package
    os.rename(os.path.join(self.zip_path, exe_path), self.executable_path)
FileExistsError: [WinError 183] Cannot create a file when that file already exists: 'C:\\laragon\\www\\dapokalsel\\sekolah\\~\\appdata\\roaming\\undetected_chromedriver\\undetected\\chromedriver-win32\\chromedriver.exe' -> 'C:\\laragon\\www\\dapokalsel\\sekolah\\~\\appdata\\roaming\\undetected_chromedriver\\undetected_chromedriver.exe'
2025-10-26 21:17:16,623 - ERROR - Error on attempt 15: Failed to setup driver
Traceback (most recent call last):
  File "C:\laragon\www\dapokalsel\sekolah\import_url_kabupaten.pyw", line 435, in process_url_induk
    raise Exception("Failed to setup driver")
Exception: Failed to setup driver
2025-10-26 21:17:16,624 - INFO - Retry attempt 16/300...
2025-10-26 21:17:31,624 - INFO - Setting up Chrome driver...
2025-10-26 21:17:31,625 - INFO - Using profile directory: C:\Windows\Temp\chrome_scraper_profile
2025-10-26 21:17:31,626 - INFO - Initializing Chrome driver (attempt 1/3)...
2025-10-26 21:17:39,449 - INFO - patching driver executable C:\laragon\www\dapokalsel\sekolah\~\appdata\roaming\undetected_chromedriver\undetected_chromedriver.exe
2025-10-26 21:17:39,549 - ERROR - Attempt 1 failed: Binary Location Must be a String
2025-10-26 21:17:39,549 - INFO - Retrying in 5 seconds...
2025-10-26 21:17:44,550 - INFO - Initializing Chrome driver (attempt 2/3)...
2025-10-26 21:17:52,549 - ERROR - Attempt 2 failed: [WinError 183] Cannot create a file when that file already exists: 'C:\\laragon\\www\\dapokalsel\\sekolah\\~\\appdata\\roaming\\undetected_chromedriver\\undetected\\chromedriver-win32\\chromedriver.exe' -> 'C:\\laragon\\www\\dapokalsel\\sekolah\\~\\appdata\\roaming\\undetected_chromedriver\\undetected_chromedriver.exe'
2025-10-26 21:17:52,549 - INFO - Retrying in 5 seconds...
2025-10-26 21:17:57,550 - INFO - Initializing Chrome driver (attempt 3/3)...
2025-10-26 21:18:02,774 - INFO - patching driver executable C:\laragon\www\dapokalsel\sekolah\~\appdata\roaming\undetected_chromedriver\undetected_chromedriver.exe
2025-10-26 21:18:02,878 - ERROR - Attempt 3 failed: you cannot reuse the ChromeOptions object
2025-10-26 21:18:02,878 - ERROR - All attempts failed to setup driver
Traceback (most recent call last):
  File "C:\laragon\www\dapokalsel\sekolah\import_url_kabupaten.pyw", line 115, in setup_driver
    driver = uc.Chrome(
  File "C:\laragon\bin\python\python-3.10\lib\site-packages\undetected_chromedriver\__init__.py", line 269, in __init__
    raise RuntimeError("you cannot reuse the ChromeOptions object")
RuntimeError: you cannot reuse the ChromeOptions object
2025-10-26 21:18:02,878 - ERROR - Error on attempt 16: Failed to setup driver
Traceback (most recent call last):
  File "C:\laragon\www\dapokalsel\sekolah\import_url_kabupaten.pyw", line 435, in process_url_induk
    raise Exception("Failed to setup driver")
Exception: Failed to setup driver
2025-10-26 21:18:02,878 - INFO - Retry attempt 17/300...
2025-10-26 21:18:17,878 - INFO - Setting up Chrome driver...
2025-10-26 21:18:17,879 - INFO - Using profile directory: C:\Windows\Temp\chrome_scraper_profile
2025-10-26 21:18:17,880 - INFO - Initializing Chrome driver (attempt 1/3)...
2025-10-26 21:18:22,580 - INFO - patching driver executable C:\laragon\www\dapokalsel\sekolah\~\appdata\roaming\undetected_chromedriver\undetected_chromedriver.exe
2025-10-26 21:18:22,680 - ERROR - Attempt 1 failed: Binary Location Must be a String
2025-10-26 21:18:22,680 - INFO - Retrying in 5 seconds...
2025-10-26 21:18:27,682 - INFO - Initializing Chrome driver (attempt 2/3)...
2025-10-26 21:18:36,745 - ERROR - Attempt 2 failed: [WinError 183] Cannot create a file when that file already exists: 'C:\\laragon\\www\\dapokalsel\\sekolah\\~\\appdata\\roaming\\undetected_chromedriver\\undetected\\chromedriver-win32\\chromedriver.exe' -> 'C:\\laragon\\www\\dapokalsel\\sekolah\\~\\appdata\\roaming\\undetected_chromedriver\\undetected_chromedriver.exe'
2025-10-26 21:18:36,745 - INFO - Retrying in 5 seconds...
2025-10-26 21:18:41,746 - INFO - Initializing Chrome driver (attempt 3/3)...
2025-10-26 21:18:45,461 - INFO - patching driver executable C:\laragon\www\dapokalsel\sekolah\~\appdata\roaming\undetected_chromedriver\undetected_chromedriver.exe
2025-10-26 21:18:45,629 - ERROR - Attempt 3 failed: you cannot reuse the ChromeOptions object
2025-10-26 21:18:45,629 - ERROR - All attempts failed to setup driver
Traceback (most recent call last):
  File "C:\laragon\www\dapokalsel\sekolah\import_url_kabupaten.pyw", line 115, in setup_driver
    driver = uc.Chrome(
  File "C:\laragon\bin\python\python-3.10\lib\site-packages\undetected_chromedriver\__init__.py", line 269, in __init__
    raise RuntimeError("you cannot reuse the ChromeOptions object")
RuntimeError: you cannot reuse the ChromeOptions object
2025-10-26 21:18:45,629 - ERROR - Error on attempt 17: Failed to setup driver
Traceback (most recent call last):
  File "C:\laragon\www\dapokalsel\sekolah\import_url_kabupaten.pyw", line 435, in process_url_induk
    raise Exception("Failed to setup driver")
Exception: Failed to setup driver
2025-10-26 21:18:45,662 - INFO - Retry attempt 18/300...
2025-10-26 21:19:00,676 - INFO - Setting up Chrome driver...
2025-10-26 21:19:00,677 - INFO - Using profile directory: C:\Windows\Temp\chrome_scraper_profile
2025-10-26 21:19:00,677 - INFO - Initializing Chrome driver (attempt 1/3)...
2025-10-26 21:19:07,180 - INFO - patching driver executable C:\laragon\www\dapokalsel\sekolah\~\appdata\roaming\undetected_chromedriver\undetected_chromedriver.exe
2025-10-26 21:19:07,261 - ERROR - Attempt 1 failed: Binary Location Must be a String
2025-10-26 21:19:07,261 - INFO - Retrying in 5 seconds...
2025-10-26 21:19:12,276 - INFO - Initializing Chrome driver (attempt 2/3)...
2025-10-26 21:19:19,104 - ERROR - Attempt 2 failed: [WinError 183] Cannot create a file when that file already exists: 'C:\\laragon\\www\\dapokalsel\\sekolah\\~\\appdata\\roaming\\undetected_chromedriver\\undetected\\chromedriver-win32\\chromedriver.exe' -> 'C:\\laragon\\www\\dapokalsel\\sekolah\\~\\appdata\\roaming\\undetected_chromedriver\\undetected_chromedriver.exe'
2025-10-26 21:19:19,104 - INFO - Retrying in 5 seconds...
2025-10-26 21:19:24,112 - INFO - Initializing Chrome driver (attempt 3/3)...
2025-10-26 21:19:34,126 - INFO - patching driver executable C:\laragon\www\dapokalsel\sekolah\~\appdata\roaming\undetected_chromedriver\undetected_chromedriver.exe
2025-10-26 21:19:34,210 - ERROR - Attempt 3 failed: you cannot reuse the ChromeOptions object
2025-10-26 21:19:34,210 - ERROR - All attempts failed to setup driver
Traceback (most recent call last):
  File "C:\laragon\www\dapokalsel\sekolah\import_url_kabupaten.pyw", line 115, in setup_driver
    driver = uc.Chrome(
  File "C:\laragon\bin\python\python-3.10\lib\site-packages\undetected_chromedriver\__init__.py", line 269, in __init__
    raise RuntimeError("you cannot reuse the ChromeOptions object")
RuntimeError: you cannot reuse the ChromeOptions object
2025-10-26 21:19:34,210 - ERROR - Error on attempt 18: Failed to setup driver
Traceback (most recent call last):
  File "C:\laragon\www\dapokalsel\sekolah\import_url_kabupaten.pyw", line 435, in process_url_induk
    raise Exception("Failed to setup driver")
Exception: Failed to setup driver
2025-10-26 21:19:34,210 - INFO - Retry attempt 19/300...
2025-10-26 21:19:49,223 - INFO - Setting up Chrome driver...
2025-10-26 21:19:49,224 - INFO - Using profile directory: C:\Windows\Temp\chrome_scraper_profile
2025-10-26 21:19:49,224 - INFO - Initializing Chrome driver (attempt 1/3)...
2025-10-26 21:19:54,625 - INFO - patching driver executable C:\laragon\www\dapokalsel\sekolah\~\appdata\roaming\undetected_chromedriver\undetected_chromedriver.exe
2025-10-26 21:19:54,708 - ERROR - Attempt 1 failed: Binary Location Must be a String
2025-10-26 21:19:54,708 - INFO - Retrying in 5 seconds...
2025-10-26 21:19:59,708 - INFO - Initializing Chrome driver (attempt 2/3)...
2025-10-26 21:20:19,324 - INFO - patching driver executable C:\laragon\www\dapokalsel\sekolah\~\appdata\roaming\undetected_chromedriver\undetected_chromedriver.exe
2025-10-26 21:20:19,407 - ERROR - Attempt 2 failed: you cannot reuse the ChromeOptions object
2025-10-26 21:20:19,407 - INFO - Retrying in 5 seconds...
2025-10-26 21:20:24,408 - INFO - Initializing Chrome driver (attempt 3/3)...
2025-10-26 21:20:31,589 - ERROR - Attempt 3 failed: [WinError 183] Cannot create a file when that file already exists: 'C:\\laragon\\www\\dapokalsel\\sekolah\\~\\appdata\\roaming\\undetected_chromedriver\\undetected\\chromedriver-win32\\chromedriver.exe' -> 'C:\\laragon\\www\\dapokalsel\\sekolah\\~\\appdata\\roaming\\undetected_chromedriver\\undetected_chromedriver.exe'
2025-10-26 21:20:31,589 - ERROR - All attempts failed to setup driver
Traceback (most recent call last):
  File "C:\laragon\www\dapokalsel\sekolah\import_url_kabupaten.pyw", line 115, in setup_driver
    driver = uc.Chrome(
  File "C:\laragon\bin\python\python-3.10\lib\site-packages\undetected_chromedriver\__init__.py", line 258, in __init__
    self.patcher.auto()
  File "C:\laragon\bin\python\python-3.10\lib\site-packages\undetected_chromedriver\patcher.py", line 178, in auto
    self.unzip_package(self.fetch_package())
  File "C:\laragon\bin\python\python-3.10\lib\site-packages\undetected_chromedriver\patcher.py", line 310, in unzip_package
    os.rename(os.path.join(self.zip_path, exe_path), self.executable_path)
FileExistsError: [WinError 183] Cannot create a file when that file already exists: 'C:\\laragon\\www\\dapokalsel\\sekolah\\~\\appdata\\roaming\\undetected_chromedriver\\undetected\\chromedriver-win32\\chromedriver.exe' -> 'C:\\laragon\\www\\dapokalsel\\sekolah\\~\\appdata\\roaming\\undetected_chromedriver\\undetected_chromedriver.exe'
2025-10-26 21:20:31,589 - ERROR - Error on attempt 19: Failed to setup driver
Traceback (most recent call last):
  File "C:\laragon\www\dapokalsel\sekolah\import_url_kabupaten.pyw", line 435, in process_url_induk
    raise Exception("Failed to setup driver")
Exception: Failed to setup driver
2025-10-26 21:20:31,589 - INFO - Retry attempt 20/300...
2025-10-26 21:20:46,604 - INFO - Setting up Chrome driver...
2025-10-26 21:20:46,605 - INFO - Using profile directory: C:\Windows\Temp\chrome_scraper_profile
2025-10-26 21:20:46,606 - INFO - Initializing Chrome driver (attempt 1/3)...
2025-10-26 21:20:53,238 - INFO - patching driver executable C:\laragon\www\dapokalsel\sekolah\~\appdata\roaming\undetected_chromedriver\undetected_chromedriver.exe
2025-10-26 21:20:53,325 - ERROR - Attempt 1 failed: Binary Location Must be a String
2025-10-26 21:20:53,325 - INFO - Retrying in 5 seconds...
2025-10-26 21:20:58,325 - INFO - Initializing Chrome driver (attempt 2/3)...
2025-10-26 21:21:03,905 - INFO - patching driver executable C:\laragon\www\dapokalsel\sekolah\~\appdata\roaming\undetected_chromedriver\undetected_chromedriver.exe
2025-10-26 21:21:03,988 - ERROR - Attempt 2 failed: you cannot reuse the ChromeOptions object
2025-10-26 21:21:03,988 - INFO - Retrying in 5 seconds...
2025-10-26 21:21:09,012 - INFO - Initializing Chrome driver (attempt 3/3)...
2025-10-26 21:21:17,704 - INFO - patching driver executable C:\laragon\www\dapokalsel\sekolah\~\appdata\roaming\undetected_chromedriver\undetected_chromedriver.exe
2025-10-26 21:21:17,787 - ERROR - Attempt 3 failed: you cannot reuse the ChromeOptions object
2025-10-26 21:21:17,787 - ERROR - All attempts failed to setup driver
Traceback (most recent call last):
  File "C:\laragon\www\dapokalsel\sekolah\import_url_kabupaten.pyw", line 115, in setup_driver
    driver = uc.Chrome(
  File "C:\laragon\bin\python\python-3.10\lib\site-packages\undetected_chromedriver\__init__.py", line 269, in __init__
    raise RuntimeError("you cannot reuse the ChromeOptions object")
RuntimeError: you cannot reuse the ChromeOptions object
2025-10-26 21:21:17,787 - ERROR - Error on attempt 20: Failed to setup driver
Traceback (most recent call last):
  File "C:\laragon\www\dapokalsel\sekolah\import_url_kabupaten.pyw", line 435, in process_url_induk
    raise Exception("Failed to setup driver")
Exception: Failed to setup driver
2025-10-26 21:21:17,787 - INFO - Retry attempt 21/300...
2025-10-26 21:21:32,788 - INFO - Setting up Chrome driver...
2025-10-26 21:21:32,790 - INFO - Using profile directory: C:\Windows\Temp\chrome_scraper_profile
2025-10-26 21:21:32,792 - INFO - Initializing Chrome driver (attempt 1/3)...
2025-10-26 21:21:38,069 - INFO - patching driver executable C:\laragon\www\dapokalsel\sekolah\~\appdata\roaming\undetected_chromedriver\undetected_chromedriver.exe
2025-10-26 21:21:38,185 - ERROR - Attempt 1 failed: Binary Location Must be a String
2025-10-26 21:21:38,186 - INFO - Retrying in 5 seconds...
2025-10-26 21:21:43,200 - INFO - Initializing Chrome driver (attempt 2/3)...
2025-10-26 21:21:46,983 - INFO - patching driver executable C:\laragon\www\dapokalsel\sekolah\~\appdata\roaming\undetected_chromedriver\undetected_chromedriver.exe
2025-10-26 21:21:47,061 - ERROR - Attempt 2 failed: you cannot reuse the ChromeOptions object
2025-10-26 21:21:47,061 - INFO - Retrying in 5 seconds...
2025-10-26 21:21:52,067 - INFO - Initializing Chrome driver (attempt 3/3)...
2025-10-26 21:21:57,269 - INFO - patching driver executable C:\laragon\www\dapokalsel\sekolah\~\appdata\roaming\undetected_chromedriver\undetected_chromedriver.exe
2025-10-26 21:21:57,385 - ERROR - Attempt 3 failed: you cannot reuse the ChromeOptions object
2025-10-26 21:21:57,385 - ERROR - All attempts failed to setup driver
Traceback (most recent call last):
  File "C:\laragon\www\dapokalsel\sekolah\import_url_kabupaten.pyw", line 115, in setup_driver
    driver = uc.Chrome(
  File "C:\laragon\bin\python\python-3.10\lib\site-packages\undetected_chromedriver\__init__.py", line 269, in __init__
    raise RuntimeError("you cannot reuse the ChromeOptions object")
RuntimeError: you cannot reuse the ChromeOptions object
2025-10-26 21:21:57,385 - ERROR - Error on attempt 21: Failed to setup driver
Traceback (most recent call last):
  File "C:\laragon\www\dapokalsel\sekolah\import_url_kabupaten.pyw", line 435, in process_url_induk
    raise Exception("Failed to setup driver")
Exception: Failed to setup driver
2025-10-26 21:21:57,385 - INFO - Retry attempt 22/300...
2025-10-26 21:22:12,386 - INFO - Setting up Chrome driver...
2025-10-26 21:22:12,388 - INFO - Using profile directory: C:\Windows\Temp\chrome_scraper_profile
2025-10-26 21:22:12,388 - INFO - Initializing Chrome driver (attempt 1/3)...
2025-10-26 21:22:16,898 - INFO - patching driver executable C:\laragon\www\dapokalsel\sekolah\~\appdata\roaming\undetected_chromedriver\undetected_chromedriver.exe
2025-10-26 21:22:16,986 - ERROR - Attempt 1 failed: Binary Location Must be a String
2025-10-26 21:22:16,986 - INFO - Retrying in 5 seconds...
2025-10-26 21:22:21,987 - INFO - Initializing Chrome driver (attempt 2/3)...
2025-10-26 21:22:29,288 - ERROR - Attempt 2 failed: [WinError 183] Cannot create a file when that file already exists: 'C:\\laragon\\www\\dapokalsel\\sekolah\\~\\appdata\\roaming\\undetected_chromedriver\\undetected\\chromedriver-win32\\chromedriver.exe' -> 'C:\\laragon\\www\\dapokalsel\\sekolah\\~\\appdata\\roaming\\undetected_chromedriver\\undetected_chromedriver.exe'
2025-10-26 21:22:29,289 - INFO - Retrying in 5 seconds...
2025-10-26 21:22:34,297 - INFO - Initializing Chrome driver (attempt 3/3)...
2025-10-26 21:22:39,381 - INFO - patching driver executable C:\laragon\www\dapokalsel\sekolah\~\appdata\roaming\undetected_chromedriver\undetected_chromedriver.exe
2025-10-26 21:22:39,482 - ERROR - Attempt 3 failed: you cannot reuse the ChromeOptions object
2025-10-26 21:22:39,482 - ERROR - All attempts failed to setup driver
Traceback (most recent call last):
  File "C:\laragon\www\dapokalsel\sekolah\import_url_kabupaten.pyw", line 115, in setup_driver
    driver = uc.Chrome(
  File "C:\laragon\bin\python\python-3.10\lib\site-packages\undetected_chromedriver\__init__.py", line 269, in __init__
    raise RuntimeError("you cannot reuse the ChromeOptions object")
RuntimeError: you cannot reuse the ChromeOptions object
2025-10-26 21:22:39,482 - ERROR - Error on attempt 22: Failed to setup driver
Traceback (most recent call last):
  File "C:\laragon\www\dapokalsel\sekolah\import_url_kabupaten.pyw", line 435, in process_url_induk
    raise Exception("Failed to setup driver")
Exception: Failed to setup driver
2025-10-26 21:22:39,482 - INFO - Retry attempt 23/300...
2025-10-26 21:22:54,483 - INFO - Setting up Chrome driver...
2025-10-26 21:22:54,485 - INFO - Using profile directory: C:\Windows\Temp\chrome_scraper_profile
2025-10-26 21:22:54,485 - INFO - Initializing Chrome driver (attempt 1/3)...
2025-10-26 21:23:00,567 - INFO - patching driver executable C:\laragon\www\dapokalsel\sekolah\~\appdata\roaming\undetected_chromedriver\undetected_chromedriver.exe
2025-10-26 21:23:00,665 - ERROR - Attempt 1 failed: Binary Location Must be a String
2025-10-26 21:23:00,665 - INFO - Retrying in 5 seconds...
2025-10-26 21:23:05,680 - INFO - Initializing Chrome driver (attempt 2/3)...
2025-10-26 21:23:10,064 - INFO - patching driver executable C:\laragon\www\dapokalsel\sekolah\~\appdata\roaming\undetected_chromedriver\undetected_chromedriver.exe
2025-10-26 21:23:10,165 - ERROR - Attempt 2 failed: you cannot reuse the ChromeOptions object
2025-10-26 21:23:10,165 - INFO - Retrying in 5 seconds...
2025-10-26 21:23:15,200 - INFO - Initializing Chrome driver (attempt 3/3)...
2025-10-26 21:23:22,985 - INFO - patching driver executable C:\laragon\www\dapokalsel\sekolah\~\appdata\roaming\undetected_chromedriver\undetected_chromedriver.exe
2025-10-26 21:23:23,077 - ERROR - Attempt 3 failed: you cannot reuse the ChromeOptions object
2025-10-26 21:23:23,077 - ERROR - All attempts failed to setup driver
Traceback (most recent call last):
  File "C:\laragon\www\dapokalsel\sekolah\import_url_kabupaten.pyw", line 115, in setup_driver
    driver = uc.Chrome(
  File "C:\laragon\bin\python\python-3.10\lib\site-packages\undetected_chromedriver\__init__.py", line 269, in __init__
    raise RuntimeError("you cannot reuse the ChromeOptions object")
RuntimeError: you cannot reuse the ChromeOptions object
2025-10-26 21:23:23,077 - ERROR - Error on attempt 23: Failed to setup driver
Traceback (most recent call last):
  File "C:\laragon\www\dapokalsel\sekolah\import_url_kabupaten.pyw", line 435, in process_url_induk
    raise Exception("Failed to setup driver")
Exception: Failed to setup driver
2025-10-26 21:23:23,077 - INFO - Retry attempt 24/300...
2025-10-26 21:23:38,078 - INFO - Setting up Chrome driver...
2025-10-26 21:23:38,079 - INFO - Using profile directory: C:\Windows\Temp\chrome_scraper_profile
2025-10-26 21:23:38,079 - INFO - Initializing Chrome driver (attempt 1/3)...
2025-10-26 21:23:42,313 - INFO - patching driver executable C:\laragon\www\dapokalsel\sekolah\~\appdata\roaming\undetected_chromedriver\undetected_chromedriver.exe
2025-10-26 21:23:42,397 - ERROR - Attempt 1 failed: Binary Location Must be a String
2025-10-26 21:23:42,397 - INFO - Retrying in 5 seconds...
2025-10-26 21:23:47,397 - INFO - Initializing Chrome driver (attempt 2/3)...
2025-10-26 21:23:57,695 - INFO - patching driver executable C:\laragon\www\dapokalsel\sekolah\~\appdata\roaming\undetected_chromedriver\undetected_chromedriver.exe
2025-10-26 21:23:57,795 - ERROR - Attempt 2 failed: you cannot reuse the ChromeOptions object
2025-10-26 21:23:57,795 - INFO - Retrying in 5 seconds...
2025-10-26 21:24:02,796 - INFO - Initializing Chrome driver (attempt 3/3)...
2025-10-26 21:24:07,225 - INFO - patching driver executable C:\laragon\www\dapokalsel\sekolah\~\appdata\roaming\undetected_chromedriver\undetected_chromedriver.exe
2025-10-26 21:24:07,311 - ERROR - Attempt 3 failed: you cannot reuse the ChromeOptions object
2025-10-26 21:24:07,311 - ERROR - All attempts failed to setup driver
Traceback (most recent call last):
  File "C:\laragon\www\dapokalsel\sekolah\import_url_kabupaten.pyw", line 115, in setup_driver
    driver = uc.Chrome(
  File "C:\laragon\bin\python\python-3.10\lib\site-packages\undetected_chromedriver\__init__.py", line 269, in __init__
    raise RuntimeError("you cannot reuse the ChromeOptions object")
RuntimeError: you cannot reuse the ChromeOptions object
2025-10-26 21:24:07,311 - ERROR - Error on attempt 24: Failed to setup driver
Traceback (most recent call last):
  File "C:\laragon\www\dapokalsel\sekolah\import_url_kabupaten.pyw", line 435, in process_url_induk
    raise Exception("Failed to setup driver")
Exception: Failed to setup driver
2025-10-26 21:24:07,311 - INFO - Retry attempt 25/300...
2025-10-26 21:24:22,312 - INFO - Setting up Chrome driver...
2025-10-26 21:24:22,312 - INFO - Using profile directory: C:\Windows\Temp\chrome_scraper_profile
2025-10-26 21:24:22,312 - INFO - Initializing Chrome driver (attempt 1/3)...
2025-10-26 21:24:29,171 - INFO - patching driver executable C:\laragon\www\dapokalsel\sekolah\~\appdata\roaming\undetected_chromedriver\undetected_chromedriver.exe
2025-10-26 21:24:29,261 - ERROR - Attempt 1 failed: Binary Location Must be a String
2025-10-26 21:24:29,261 - INFO - Retrying in 5 seconds...
2025-10-26 21:24:34,262 - INFO - Initializing Chrome driver (attempt 2/3)...
2025-10-26 21:24:44,126 - ERROR - Attempt 2 failed: [WinError 183] Cannot create a file when that file already exists: 'C:\\laragon\\www\\dapokalsel\\sekolah\\~\\appdata\\roaming\\undetected_chromedriver\\undetected\\chromedriver-win32\\chromedriver.exe' -> 'C:\\laragon\\www\\dapokalsel\\sekolah\\~\\appdata\\roaming\\undetected_chromedriver\\undetected_chromedriver.exe'
2025-10-26 21:24:44,126 - INFO - Retrying in 5 seconds...
2025-10-26 21:24:49,126 - INFO - Initializing Chrome driver (attempt 3/3)...
2025-10-26 21:24:54,688 - INFO - patching driver executable C:\laragon\www\dapokalsel\sekolah\~\appdata\roaming\undetected_chromedriver\undetected_chromedriver.exe
2025-10-26 21:24:54,798 - ERROR - Attempt 3 failed: you cannot reuse the ChromeOptions object
2025-10-26 21:24:54,798 - ERROR - All attempts failed to setup driver
Traceback (most recent call last):
  File "C:\laragon\www\dapokalsel\sekolah\import_url_kabupaten.pyw", line 115, in setup_driver
    driver = uc.Chrome(
  File "C:\laragon\bin\python\python-3.10\lib\site-packages\undetected_chromedriver\__init__.py", line 269, in __init__
    raise RuntimeError("you cannot reuse the ChromeOptions object")
RuntimeError: you cannot reuse the ChromeOptions object
2025-10-26 21:24:54,798 - ERROR - Error on attempt 25: Failed to setup driver
Traceback (most recent call last):
  File "C:\laragon\www\dapokalsel\sekolah\import_url_kabupaten.pyw", line 435, in process_url_induk
    raise Exception("Failed to setup driver")
Exception: Failed to setup driver
2025-10-26 21:24:54,798 - INFO - Retry attempt 26/300...
2025-10-26 21:25:09,809 - INFO - Setting up Chrome driver...
2025-10-26 21:25:09,812 - INFO - Using profile directory: C:\Windows\Temp\chrome_scraper_profile
2025-10-26 21:25:09,812 - INFO - Initializing Chrome driver (attempt 1/3)...
2025-10-26 21:25:13,740 - INFO - patching driver executable C:\laragon\www\dapokalsel\sekolah\~\appdata\roaming\undetected_chromedriver\undetected_chromedriver.exe
2025-10-26 21:25:13,824 - ERROR - Attempt 1 failed: Binary Location Must be a String
2025-10-26 21:25:13,824 - INFO - Retrying in 5 seconds...
2025-10-26 21:25:18,825 - INFO - Initializing Chrome driver (attempt 2/3)...
2025-10-26 21:25:31,240 - ERROR - Attempt 2 failed: [WinError 183] Cannot create a file when that file already exists: 'C:\\laragon\\www\\dapokalsel\\sekolah\\~\\appdata\\roaming\\undetected_chromedriver\\undetected\\chromedriver-win32\\chromedriver.exe' -> 'C:\\laragon\\www\\dapokalsel\\sekolah\\~\\appdata\\roaming\\undetected_chromedriver\\undetected_chromedriver.exe'
2025-10-26 21:25:31,240 - INFO - Retrying in 5 seconds...
2025-10-26 21:25:36,241 - INFO - Initializing Chrome driver (attempt 3/3)...
2025-10-26 21:25:44,876 - INFO - patching driver executable C:\laragon\www\dapokalsel\sekolah\~\appdata\roaming\undetected_chromedriver\undetected_chromedriver.exe
2025-10-26 21:25:45,001 - ERROR - Attempt 3 failed: you cannot reuse the ChromeOptions object
2025-10-26 21:25:45,001 - ERROR - All attempts failed to setup driver
Traceback (most recent call last):
  File "C:\laragon\www\dapokalsel\sekolah\import_url_kabupaten.pyw", line 115, in setup_driver
    driver = uc.Chrome(
  File "C:\laragon\bin\python\python-3.10\lib\site-packages\undetected_chromedriver\__init__.py", line 269, in __init__
    raise RuntimeError("you cannot reuse the ChromeOptions object")
RuntimeError: you cannot reuse the ChromeOptions object
2025-10-26 21:25:45,001 - ERROR - Error on attempt 26: Failed to setup driver
Traceback (most recent call last):
  File "C:\laragon\www\dapokalsel\sekolah\import_url_kabupaten.pyw", line 435, in process_url_induk
    raise Exception("Failed to setup driver")
Exception: Failed to setup driver
2025-10-26 21:25:45,001 - INFO - Retry attempt 27/300...
2025-10-26 21:26:00,001 - INFO - Setting up Chrome driver...
2025-10-26 21:26:00,002 - INFO - Using profile directory: C:\Windows\Temp\chrome_scraper_profile
2025-10-26 21:26:00,003 - INFO - Initializing Chrome driver (attempt 1/3)...
2025-10-26 21:26:12,235 - ERROR - Attempt 1 failed: [WinError 183] Cannot create a file when that file already exists: 'C:\\laragon\\www\\dapokalsel\\sekolah\\~\\appdata\\roaming\\undetected_chromedriver\\undetected\\chromedriver-win32\\chromedriver.exe' -> 'C:\\laragon\\www\\dapokalsel\\sekolah\\~\\appdata\\roaming\\undetected_chromedriver\\undetected_chromedriver.exe'
2025-10-26 21:26:12,235 - INFO - Retrying in 5 seconds...
2025-10-26 21:26:17,247 - INFO - Initializing Chrome driver (attempt 2/3)...
2025-10-26 21:26:22,124 - INFO - patching driver executable C:\laragon\www\dapokalsel\sekolah\~\appdata\roaming\undetected_chromedriver\undetected_chromedriver.exe
2025-10-26 21:26:22,204 - ERROR - Attempt 2 failed: Binary Location Must be a String
2025-10-26 21:26:22,204 - INFO - Retrying in 5 seconds...
2025-10-26 21:26:27,218 - INFO - Initializing Chrome driver (attempt 3/3)...
2025-10-26 21:26:42,953 - INFO - patching driver executable C:\laragon\www\dapokalsel\sekolah\~\appdata\roaming\undetected_chromedriver\undetected_chromedriver.exe
2025-10-26 21:26:43,053 - ERROR - Attempt 3 failed: you cannot reuse the ChromeOptions object
2025-10-26 21:26:43,053 - ERROR - All attempts failed to setup driver
Traceback (most recent call last):
  File "C:\laragon\www\dapokalsel\sekolah\import_url_kabupaten.pyw", line 115, in setup_driver
    driver = uc.Chrome(
  File "C:\laragon\bin\python\python-3.10\lib\site-packages\undetected_chromedriver\__init__.py", line 269, in __init__
    raise RuntimeError("you cannot reuse the ChromeOptions object")
RuntimeError: you cannot reuse the ChromeOptions object
2025-10-26 21:26:43,053 - ERROR - Error on attempt 27: Failed to setup driver
Traceback (most recent call last):
  File "C:\laragon\www\dapokalsel\sekolah\import_url_kabupaten.pyw", line 435, in process_url_induk
    raise Exception("Failed to setup driver")
Exception: Failed to setup driver
2025-10-26 21:26:43,053 - INFO - Retry attempt 28/300...
2025-10-26 21:26:58,066 - INFO - Setting up Chrome driver...
2025-10-26 21:26:58,067 - INFO - Using profile directory: C:\Windows\Temp\chrome_scraper_profile
2025-10-26 21:26:58,068 - INFO - Initializing Chrome driver (attempt 1/3)...
2025-10-26 21:27:06,935 - INFO - patching driver executable C:\laragon\www\dapokalsel\sekolah\~\appdata\roaming\undetected_chromedriver\undetected_chromedriver.exe
2025-10-26 21:27:07,037 - ERROR - Attempt 1 failed: Binary Location Must be a String
2025-10-26 21:27:07,037 - INFO - Retrying in 5 seconds...
2025-10-26 21:27:12,037 - INFO - Initializing Chrome driver (attempt 2/3)...
2025-10-26 21:27:20,801 - INFO - patching driver executable C:\laragon\www\dapokalsel\sekolah\~\appdata\roaming\undetected_chromedriver\undetected_chromedriver.exe
2025-10-26 21:27:20,901 - ERROR - Attempt 2 failed: you cannot reuse the ChromeOptions object
2025-10-26 21:27:20,901 - INFO - Retrying in 5 seconds...
2025-10-26 21:27:25,916 - INFO - Initializing Chrome driver (attempt 3/3)...
2025-10-26 21:27:31,334 - INFO - patching driver executable C:\laragon\www\dapokalsel\sekolah\~\appdata\roaming\undetected_chromedriver\undetected_chromedriver.exe
2025-10-26 21:27:31,423 - ERROR - Attempt 3 failed: you cannot reuse the ChromeOptions object
2025-10-26 21:27:31,423 - ERROR - All attempts failed to setup driver
Traceback (most recent call last):
  File "C:\laragon\www\dapokalsel\sekolah\import_url_kabupaten.pyw", line 115, in setup_driver
    driver = uc.Chrome(
  File "C:\laragon\bin\python\python-3.10\lib\site-packages\undetected_chromedriver\__init__.py", line 269, in __init__
    raise RuntimeError("you cannot reuse the ChromeOptions object")
RuntimeError: you cannot reuse the ChromeOptions object
2025-10-26 21:27:31,432 - ERROR - Error on attempt 28: Failed to setup driver
Traceback (most recent call last):
  File "C:\laragon\www\dapokalsel\sekolah\import_url_kabupaten.pyw", line 435, in process_url_induk
    raise Exception("Failed to setup driver")
Exception: Failed to setup driver
2025-10-26 21:27:31,434 - INFO - Retry attempt 29/300...
2025-10-26 21:27:46,447 - INFO - Setting up Chrome driver...
2025-10-26 21:27:46,448 - INFO - Using profile directory: C:\Windows\Temp\chrome_scraper_profile
2025-10-26 21:27:46,448 - INFO - Initializing Chrome driver (attempt 1/3)...
2025-10-26 21:27:57,466 - INFO - patching driver executable C:\laragon\www\dapokalsel\sekolah\~\appdata\roaming\undetected_chromedriver\undetected_chromedriver.exe
2025-10-26 21:27:57,565 - ERROR - Attempt 1 failed: Binary Location Must be a String
2025-10-26 21:27:57,565 - INFO - Retrying in 5 seconds...
2025-10-26 21:28:02,566 - INFO - Initializing Chrome driver (attempt 2/3)...
2025-10-26 21:28:12,414 - ERROR - Attempt 2 failed: [WinError 183] Cannot create a file when that file already exists: 'C:\\laragon\\www\\dapokalsel\\sekolah\\~\\appdata\\roaming\\undetected_chromedriver\\undetected\\chromedriver-win32\\chromedriver.exe' -> 'C:\\laragon\\www\\dapokalsel\\sekolah\\~\\appdata\\roaming\\undetected_chromedriver\\undetected_chromedriver.exe'
2025-10-26 21:28:12,414 - INFO - Retrying in 5 seconds...
2025-10-26 21:28:17,415 - INFO - Initializing Chrome driver (attempt 3/3)...
2025-10-26 21:28:26,414 - ERROR - Attempt 3 failed: [WinError 183] Cannot create a file when that file already exists: 'C:\\laragon\\www\\dapokalsel\\sekolah\\~\\appdata\\roaming\\undetected_chromedriver\\undetected\\chromedriver-win32\\chromedriver.exe' -> 'C:\\laragon\\www\\dapokalsel\\sekolah\\~\\appdata\\roaming\\undetected_chromedriver\\undetected_chromedriver.exe'
2025-10-26 21:28:26,414 - ERROR - All attempts failed to setup driver
Traceback (most recent call last):
  File "C:\laragon\www\dapokalsel\sekolah\import_url_kabupaten.pyw", line 115, in setup_driver
    driver = uc.Chrome(
  File "C:\laragon\bin\python\python-3.10\lib\site-packages\undetected_chromedriver\__init__.py", line 258, in __init__
    self.patcher.auto()
  File "C:\laragon\bin\python\python-3.10\lib\site-packages\undetected_chromedriver\patcher.py", line 178, in auto
    self.unzip_package(self.fetch_package())
  File "C:\laragon\bin\python\python-3.10\lib\site-packages\undetected_chromedriver\patcher.py", line 310, in unzip_package
    os.rename(os.path.join(self.zip_path, exe_path), self.executable_path)
FileExistsError: [WinError 183] Cannot create a file when that file already exists: 'C:\\laragon\\www\\dapokalsel\\sekolah\\~\\appdata\\roaming\\undetected_chromedriver\\undetected\\chromedriver-win32\\chromedriver.exe' -> 'C:\\laragon\\www\\dapokalsel\\sekolah\\~\\appdata\\roaming\\undetected_chromedriver\\undetected_chromedriver.exe'
2025-10-26 21:28:26,415 - ERROR - Error on attempt 29: Failed to setup driver
Traceback (most recent call last):
  File "C:\laragon\www\dapokalsel\sekolah\import_url_kabupaten.pyw", line 435, in process_url_induk
    raise Exception("Failed to setup driver")
Exception: Failed to setup driver
2025-10-26 21:28:26,415 - INFO - Retry attempt 30/300...
2025-10-26 21:28:41,416 - INFO - Setting up Chrome driver...
2025-10-26 21:28:41,417 - INFO - Using profile directory: C:\Windows\Temp\chrome_scraper_profile
2025-10-26 21:28:41,418 - INFO - Initializing Chrome driver (attempt 1/3)...
2025-10-26 21:28:50,112 - INFO - patching driver executable C:\laragon\www\dapokalsel\sekolah\~\appdata\roaming\undetected_chromedriver\undetected_chromedriver.exe
2025-10-26 21:28:50,193 - ERROR - Attempt 1 failed: Binary Location Must be a String
2025-10-26 21:28:50,194 - INFO - Retrying in 5 seconds...
2025-10-26 21:28:55,195 - INFO - Initializing Chrome driver (attempt 2/3)...
2025-10-26 21:29:06,528 - ERROR - Attempt 2 failed: [WinError 183] Cannot create a file when that file already exists: 'C:\\laragon\\www\\dapokalsel\\sekolah\\~\\appdata\\roaming\\undetected_chromedriver\\undetected\\chromedriver-win32\\chromedriver.exe' -> 'C:\\laragon\\www\\dapokalsel\\sekolah\\~\\appdata\\roaming\\undetected_chromedriver\\undetected_chromedriver.exe'
2025-10-26 21:29:06,528 - INFO - Retrying in 5 seconds...
2025-10-26 21:29:11,528 - INFO - Initializing Chrome driver (attempt 3/3)...
2025-10-26 21:29:21,895 - INFO - patching driver executable C:\laragon\www\dapokalsel\sekolah\~\appdata\roaming\undetected_chromedriver\undetected_chromedriver.exe
2025-10-26 21:29:21,993 - ERROR - Attempt 3 failed: you cannot reuse the ChromeOptions object
2025-10-26 21:29:21,994 - ERROR - All attempts failed to setup driver
Traceback (most recent call last):
  File "C:\laragon\www\dapokalsel\sekolah\import_url_kabupaten.pyw", line 115, in setup_driver
    driver = uc.Chrome(
  File "C:\laragon\bin\python\python-3.10\lib\site-packages\undetected_chromedriver\__init__.py", line 269, in __init__
    raise RuntimeError("you cannot reuse the ChromeOptions object")
RuntimeError: you cannot reuse the ChromeOptions object
2025-10-26 21:29:21,994 - ERROR - Error on attempt 30: Failed to setup driver
Traceback (most recent call last):
  File "C:\laragon\www\dapokalsel\sekolah\import_url_kabupaten.pyw", line 435, in process_url_induk
    raise Exception("Failed to setup driver")
Exception: Failed to setup driver
2025-10-26 21:29:21,995 - INFO - Retry attempt 31/300...
2025-10-26 21:29:36,995 - INFO - Setting up Chrome driver...
2025-10-26 21:29:36,996 - INFO - Using profile directory: C:\Windows\Temp\chrome_scraper_profile
2025-10-26 21:29:36,996 - INFO - Initializing Chrome driver (attempt 1/3)...
2025-10-26 21:29:41,926 - ERROR - Attempt 1 failed: [WinError 183] Cannot create a file when that file already exists: 'C:\\laragon\\www\\dapokalsel\\sekolah\\~\\appdata\\roaming\\undetected_chromedriver\\undetected\\chromedriver-win32\\chromedriver.exe' -> 'C:\\laragon\\www\\dapokalsel\\sekolah\\~\\appdata\\roaming\\undetected_chromedriver\\undetected_chromedriver.exe'
2025-10-26 21:29:41,926 - INFO - Retrying in 5 seconds...
2025-10-26 21:29:46,927 - INFO - Initializing Chrome driver (attempt 2/3)...
2025-10-26 21:29:54,966 - ERROR - Attempt 2 failed: [WinError 183] Cannot create a file when that file already exists: 'C:\\laragon\\www\\dapokalsel\\sekolah\\~\\appdata\\roaming\\undetected_chromedriver\\undetected\\chromedriver-win32\\chromedriver.exe' -> 'C:\\laragon\\www\\dapokalsel\\sekolah\\~\\appdata\\roaming\\undetected_chromedriver\\undetected_chromedriver.exe'
2025-10-26 21:29:54,967 - INFO - Retrying in 5 seconds...
2025-10-26 21:29:59,976 - INFO - Initializing Chrome driver (attempt 3/3)...
2025-10-26 21:30:13,839 - ERROR - Attempt 3 failed: [WinError 32] The process cannot access the file because it is being used by another process: 'C:\\laragon\\www\\dapokalsel\\sekolah\\~\\appdata\\roaming\\undetected_chromedriver\\undetected\\chromedriver-win32\\chromedriver.exe' -> 'C:\\laragon\\www\\dapokalsel\\sekolah\\~\\appdata\\roaming\\undetected_chromedriver\\undetected_chromedriver.exe'
2025-10-26 21:30:13,840 - ERROR - All attempts failed to setup driver
Traceback (most recent call last):
  File "C:\laragon\www\dapokalsel\sekolah\import_url_kabupaten.pyw", line 115, in setup_driver
    driver = uc.Chrome(
  File "C:\laragon\bin\python\python-3.10\lib\site-packages\undetected_chromedriver\__init__.py", line 258, in __init__
    self.patcher.auto()
  File "C:\laragon\bin\python\python-3.10\lib\site-packages\undetected_chromedriver\patcher.py", line 178, in auto
    self.unzip_package(self.fetch_package())
  File "C:\laragon\bin\python\python-3.10\lib\site-packages\undetected_chromedriver\patcher.py", line 310, in unzip_package
    os.rename(os.path.join(self.zip_path, exe_path), self.executable_path)
PermissionError: [WinError 32] The process cannot access the file because it is being used by another process: 'C:\\laragon\\www\\dapokalsel\\sekolah\\~\\appdata\\roaming\\undetected_chromedriver\\undetected\\chromedriver-win32\\chromedriver.exe' -> 'C:\\laragon\\www\\dapokalsel\\sekolah\\~\\appdata\\roaming\\undetected_chromedriver\\undetected_chromedriver.exe'
2025-10-26 21:30:13,841 - ERROR - Error on attempt 31: Failed to setup driver
Traceback (most recent call last):
  File "C:\laragon\www\dapokalsel\sekolah\import_url_kabupaten.pyw", line 435, in process_url_induk
    raise Exception("Failed to setup driver")
Exception: Failed to setup driver
2025-10-26 21:30:13,841 - INFO - Retry attempt 32/300...
2025-10-26 21:30:28,842 - INFO - Setting up Chrome driver...
2025-10-26 21:30:28,844 - INFO - Using profile directory: C:\Windows\Temp\chrome_scraper_profile
2025-10-26 21:30:28,845 - INFO - Initializing Chrome driver (attempt 1/3)...
2025-10-26 21:30:44,773 - ERROR - Attempt 1 failed: [WinError 183] Cannot create a file when that file already exists: 'C:\\laragon\\www\\dapokalsel\\sekolah\\~\\appdata\\roaming\\undetected_chromedriver\\undetected\\chromedriver-win32\\chromedriver.exe' -> 'C:\\laragon\\www\\dapokalsel\\sekolah\\~\\appdata\\roaming\\undetected_chromedriver\\undetected_chromedriver.exe'
2025-10-26 21:30:44,773 - INFO - Retrying in 5 seconds...
2025-10-26 21:30:49,773 - INFO - Initializing Chrome driver (attempt 2/3)...
2025-10-26 21:30:56,057 - INFO - patching driver executable C:\laragon\www\dapokalsel\sekolah\~\appdata\roaming\undetected_chromedriver\undetected_chromedriver.exe
2025-10-26 21:30:56,154 - ERROR - Attempt 2 failed: Binary Location Must be a String
2025-10-26 21:30:56,154 - INFO - Retrying in 5 seconds...
2025-10-26 21:31:01,155 - INFO - Initializing Chrome driver (attempt 3/3)...
2025-10-26 21:31:21,309 - ERROR - Attempt 3 failed: [WinError 183] Cannot create a file when that file already exists: 'C:\\laragon\\www\\dapokalsel\\sekolah\\~\\appdata\\roaming\\undetected_chromedriver\\undetected\\chromedriver-win32\\chromedriver.exe' -> 'C:\\laragon\\www\\dapokalsel\\sekolah\\~\\appdata\\roaming\\undetected_chromedriver\\undetected_chromedriver.exe'
2025-10-26 21:31:21,309 - ERROR - All attempts failed to setup driver
Traceback (most recent call last):
  File "C:\laragon\www\dapokalsel\sekolah\import_url_kabupaten.pyw", line 115, in setup_driver
    driver = uc.Chrome(
  File "C:\laragon\bin\python\python-3.10\lib\site-packages\undetected_chromedriver\__init__.py", line 258, in __init__
    self.patcher.auto()
  File "C:\laragon\bin\python\python-3.10\lib\site-packages\undetected_chromedriver\patcher.py", line 178, in auto
    self.unzip_package(self.fetch_package())
  File "C:\laragon\bin\python\python-3.10\lib\site-packages\undetected_chromedriver\patcher.py", line 310, in unzip_package
    os.rename(os.path.join(self.zip_path, exe_path), self.executable_path)
FileExistsError: [WinError 183] Cannot create a file when that file already exists: 'C:\\laragon\\www\\dapokalsel\\sekolah\\~\\appdata\\roaming\\undetected_chromedriver\\undetected\\chromedriver-win32\\chromedriver.exe' -> 'C:\\laragon\\www\\dapokalsel\\sekolah\\~\\appdata\\roaming\\undetected_chromedriver\\undetected_chromedriver.exe'
2025-10-26 21:31:21,310 - ERROR - Error on attempt 32: Failed to setup driver
Traceback (most recent call last):
  File "C:\laragon\www\dapokalsel\sekolah\import_url_kabupaten.pyw", line 435, in process_url_induk
    raise Exception("Failed to setup driver")
Exception: Failed to setup driver
2025-10-26 21:31:21,310 - INFO - Retry attempt 33/300...
2025-10-26 21:31:36,321 - INFO - Setting up Chrome driver...
2025-10-26 21:31:36,323 - INFO - Using profile directory: C:\Windows\Temp\chrome_scraper_profile
2025-10-26 21:31:36,325 - INFO - Initializing Chrome driver (attempt 1/3)...
2025-10-26 21:31:40,403 - INFO - patching driver executable C:\laragon\www\dapokalsel\sekolah\~\appdata\roaming\undetected_chromedriver\undetected_chromedriver.exe
2025-10-26 21:31:40,504 - ERROR - Attempt 1 failed: Binary Location Must be a String
2025-10-26 21:31:40,504 - INFO - Retrying in 5 seconds...
2025-10-26 21:31:45,504 - INFO - Initializing Chrome driver (attempt 2/3)...
2025-10-26 21:32:03,681 - ERROR - Attempt 2 failed: [WinError 183] Cannot create a file when that file already exists: 'C:\\laragon\\www\\dapokalsel\\sekolah\\~\\appdata\\roaming\\undetected_chromedriver\\undetected\\chromedriver-win32\\chromedriver.exe' -> 'C:\\laragon\\www\\dapokalsel\\sekolah\\~\\appdata\\roaming\\undetected_chromedriver\\undetected_chromedriver.exe'
2025-10-26 21:32:03,681 - INFO - Retrying in 5 seconds...
2025-10-26 21:32:08,683 - INFO - Initializing Chrome driver (attempt 3/3)...
2025-10-26 21:32:21,352 - INFO - patching driver executable C:\laragon\www\dapokalsel\sekolah\~\appdata\roaming\undetected_chromedriver\undetected_chromedriver.exe
2025-10-26 21:32:21,467 - ERROR - Attempt 3 failed: you cannot reuse the ChromeOptions object
2025-10-26 21:32:21,467 - ERROR - All attempts failed to setup driver
Traceback (most recent call last):
  File "C:\laragon\www\dapokalsel\sekolah\import_url_kabupaten.pyw", line 115, in setup_driver
    driver = uc.Chrome(
  File "C:\laragon\bin\python\python-3.10\lib\site-packages\undetected_chromedriver\__init__.py", line 269, in __init__
    raise RuntimeError("you cannot reuse the ChromeOptions object")
RuntimeError: you cannot reuse the ChromeOptions object
2025-10-26 21:32:21,467 - ERROR - Error on attempt 33: Failed to setup driver
Traceback (most recent call last):
  File "C:\laragon\www\dapokalsel\sekolah\import_url_kabupaten.pyw", line 435, in process_url_induk
    raise Exception("Failed to setup driver")
Exception: Failed to setup driver
2025-10-26 21:32:21,467 - INFO - Retry attempt 34/300...
2025-10-26 21:32:36,467 - INFO - Setting up Chrome driver...
2025-10-26 21:32:36,469 - INFO - Using profile directory: C:\Windows\Temp\chrome_scraper_profile
2025-10-26 21:32:36,470 - INFO - Initializing Chrome driver (attempt 1/3)...
2025-10-26 21:32:41,182 - INFO - patching driver executable C:\laragon\www\dapokalsel\sekolah\~\appdata\roaming\undetected_chromedriver\undetected_chromedriver.exe
2025-10-26 21:32:41,301 - ERROR - Attempt 1 failed: Binary Location Must be a String
2025-10-26 21:32:41,301 - INFO - Retrying in 5 seconds...
2025-10-26 21:32:46,303 - INFO - Initializing Chrome driver (attempt 2/3)...
2025-10-26 21:32:54,899 - ERROR - Attempt 2 failed: [WinError 183] Cannot create a file when that file already exists: 'C:\\laragon\\www\\dapokalsel\\sekolah\\~\\appdata\\roaming\\undetected_chromedriver\\undetected\\chromedriver-win32\\chromedriver.exe' -> 'C:\\laragon\\www\\dapokalsel\\sekolah\\~\\appdata\\roaming\\undetected_chromedriver\\undetected_chromedriver.exe'
2025-10-26 21:32:54,899 - INFO - Retrying in 5 seconds...
2025-10-26 21:32:59,899 - INFO - Initializing Chrome driver (attempt 3/3)...
2025-10-26 21:33:05,751 - INFO - patching driver executable C:\laragon\www\dapokalsel\sekolah\~\appdata\roaming\undetected_chromedriver\undetected_chromedriver.exe
2025-10-26 21:33:05,831 - ERROR - Attempt 3 failed: you cannot reuse the ChromeOptions object
2025-10-26 21:33:05,831 - ERROR - All attempts failed to setup driver
Traceback (most recent call last):
  File "C:\laragon\www\dapokalsel\sekolah\import_url_kabupaten.pyw", line 115, in setup_driver
    driver = uc.Chrome(
  File "C:\laragon\bin\python\python-3.10\lib\site-packages\undetected_chromedriver\__init__.py", line 269, in __init__
    raise RuntimeError("you cannot reuse the ChromeOptions object")
RuntimeError: you cannot reuse the ChromeOptions object
2025-10-26 21:33:05,832 - ERROR - Error on attempt 34: Failed to setup driver
Traceback (most recent call last):
  File "C:\laragon\www\dapokalsel\sekolah\import_url_kabupaten.pyw", line 435, in process_url_induk
    raise Exception("Failed to setup driver")
Exception: Failed to setup driver
2025-10-26 21:33:05,832 - INFO - Retry attempt 35/300...
2025-10-26 21:33:20,833 - INFO - Setting up Chrome driver...
2025-10-26 21:33:20,836 - INFO - Using profile directory: C:\Windows\Temp\chrome_scraper_profile
2025-10-26 21:33:20,838 - INFO - Initializing Chrome driver (attempt 1/3)...
2025-10-26 21:33:33,169 - INFO - patching driver executable C:\laragon\www\dapokalsel\sekolah\~\appdata\roaming\undetected_chromedriver\undetected_chromedriver.exe
2025-10-26 21:33:33,331 - ERROR - Attempt 1 failed: Binary Location Must be a String
2025-10-26 21:33:33,331 - INFO - Retrying in 5 seconds...
2025-10-26 21:33:38,332 - INFO - Initializing Chrome driver (attempt 2/3)...
2025-10-26 21:33:47,980 - INFO - patching driver executable C:\laragon\www\dapokalsel\sekolah\~\appdata\roaming\undetected_chromedriver\undetected_chromedriver.exe
2025-10-26 21:33:48,079 - ERROR - Attempt 2 failed: you cannot reuse the ChromeOptions object
2025-10-26 21:33:48,079 - INFO - Retrying in 5 seconds...
2025-10-26 21:33:53,094 - INFO - Initializing Chrome driver (attempt 3/3)...
2025-10-26 21:33:59,979 - INFO - patching driver executable C:\laragon\www\dapokalsel\sekolah\~\appdata\roaming\undetected_chromedriver\undetected_chromedriver.exe
2025-10-26 21:34:00,079 - ERROR - Attempt 3 failed: you cannot reuse the ChromeOptions object
2025-10-26 21:34:00,079 - ERROR - All attempts failed to setup driver
Traceback (most recent call last):
  File "C:\laragon\www\dapokalsel\sekolah\import_url_kabupaten.pyw", line 115, in setup_driver
    driver = uc.Chrome(
  File "C:\laragon\bin\python\python-3.10\lib\site-packages\undetected_chromedriver\__init__.py", line 269, in __init__
    raise RuntimeError("you cannot reuse the ChromeOptions object")
RuntimeError: you cannot reuse the ChromeOptions object
2025-10-26 21:34:00,079 - ERROR - Error on attempt 35: Failed to setup driver
Traceback (most recent call last):
  File "C:\laragon\www\dapokalsel\sekolah\import_url_kabupaten.pyw", line 435, in process_url_induk
    raise Exception("Failed to setup driver")
Exception: Failed to setup driver
2025-10-26 21:34:00,079 - INFO - Retry attempt 36/300...
2025-10-26 21:34:15,080 - INFO - Setting up Chrome driver...
2025-10-26 21:34:15,082 - INFO - Using profile directory: C:\Windows\Temp\chrome_scraper_profile
2025-10-26 21:34:15,082 - INFO - Initializing Chrome driver (attempt 1/3)...
2025-10-26 21:34:21,466 - INFO - patching driver executable C:\laragon\www\dapokalsel\sekolah\~\appdata\roaming\undetected_chromedriver\undetected_chromedriver.exe
2025-10-26 21:34:21,545 - ERROR - Attempt 1 failed: Binary Location Must be a String
2025-10-26 21:34:21,545 - INFO - Retrying in 5 seconds...
2025-10-26 21:34:26,545 - INFO - Initializing Chrome driver (attempt 2/3)...
2025-10-26 21:34:40,894 - ERROR - Attempt 2 failed: [WinError 183] Cannot create a file when that file already exists: 'C:\\laragon\\www\\dapokalsel\\sekolah\\~\\appdata\\roaming\\undetected_chromedriver\\undetected\\chromedriver-win32\\chromedriver.exe' -> 'C:\\laragon\\www\\dapokalsel\\sekolah\\~\\appdata\\roaming\\undetected_chromedriver\\undetected_chromedriver.exe'
2025-10-26 21:34:40,894 - INFO - Retrying in 5 seconds...
2025-10-26 21:34:45,894 - INFO - Initializing Chrome driver (attempt 3/3)...
2025-10-26 21:34:57,493 - ERROR - Attempt 3 failed: [WinError 183] Cannot create a file when that file already exists: 'C:\\laragon\\www\\dapokalsel\\sekolah\\~\\appdata\\roaming\\undetected_chromedriver\\undetected\\chromedriver-win32\\chromedriver.exe' -> 'C:\\laragon\\www\\dapokalsel\\sekolah\\~\\appdata\\roaming\\undetected_chromedriver\\undetected_chromedriver.exe'
2025-10-26 21:34:57,493 - ERROR - All attempts failed to setup driver
Traceback (most recent call last):
  File "C:\laragon\www\dapokalsel\sekolah\import_url_kabupaten.pyw", line 115, in setup_driver
    driver = uc.Chrome(
  File "C:\laragon\bin\python\python-3.10\lib\site-packages\undetected_chromedriver\__init__.py", line 258, in __init__
    self.patcher.auto()
  File "C:\laragon\bin\python\python-3.10\lib\site-packages\undetected_chromedriver\patcher.py", line 178, in auto
    self.unzip_package(self.fetch_package())
  File "C:\laragon\bin\python\python-3.10\lib\site-packages\undetected_chromedriver\patcher.py", line 310, in unzip_package
    os.rename(os.path.join(self.zip_path, exe_path), self.executable_path)
FileExistsError: [WinError 183] Cannot create a file when that file already exists: 'C:\\laragon\\www\\dapokalsel\\sekolah\\~\\appdata\\roaming\\undetected_chromedriver\\undetected\\chromedriver-win32\\chromedriver.exe' -> 'C:\\laragon\\www\\dapokalsel\\sekolah\\~\\appdata\\roaming\\undetected_chromedriver\\undetected_chromedriver.exe'
2025-10-26 21:34:57,493 - ERROR - Error on attempt 36: Failed to setup driver
Traceback (most recent call last):
  File "C:\laragon\www\dapokalsel\sekolah\import_url_kabupaten.pyw", line 435, in process_url_induk
    raise Exception("Failed to setup driver")
Exception: Failed to setup driver
2025-10-26 21:34:57,493 - INFO - Retry attempt 37/300...
2025-10-26 21:35:12,493 - INFO - Setting up Chrome driver...
2025-10-26 21:35:12,495 - INFO - Using profile directory: C:\Windows\Temp\chrome_scraper_profile
2025-10-26 21:35:12,497 - INFO - Initializing Chrome driver (attempt 1/3)...
2025-10-26 21:35:20,326 - INFO - patching driver executable C:\laragon\www\dapokalsel\sekolah\~\appdata\roaming\undetected_chromedriver\undetected_chromedriver.exe
2025-10-26 21:35:20,447 - ERROR - Attempt 1 failed: Binary Location Must be a String
2025-10-26 21:35:20,447 - INFO - Retrying in 5 seconds...
2025-10-26 21:35:25,448 - INFO - Initializing Chrome driver (attempt 2/3)...
2025-10-26 21:35:33,564 - INFO - patching driver executable C:\laragon\www\dapokalsel\sekolah\~\appdata\roaming\undetected_chromedriver\undetected_chromedriver.exe
2025-10-26 21:35:33,670 - ERROR - Attempt 2 failed: you cannot reuse the ChromeOptions object
2025-10-26 21:35:33,670 - INFO - Retrying in 5 seconds...
2025-10-26 21:35:38,671 - INFO - Initializing Chrome driver (attempt 3/3)...
2025-10-26 21:35:44,858 - INFO - patching driver executable C:\laragon\www\dapokalsel\sekolah\~\appdata\roaming\undetected_chromedriver\undetected_chromedriver.exe
2025-10-26 21:35:44,940 - ERROR - Attempt 3 failed: you cannot reuse the ChromeOptions object
2025-10-26 21:35:44,940 - ERROR - All attempts failed to setup driver
Traceback (most recent call last):
  File "C:\laragon\www\dapokalsel\sekolah\import_url_kabupaten.pyw", line 115, in setup_driver
    driver = uc.Chrome(
  File "C:\laragon\bin\python\python-3.10\lib\site-packages\undetected_chromedriver\__init__.py", line 269, in __init__
    raise RuntimeError("you cannot reuse the ChromeOptions object")
RuntimeError: you cannot reuse the ChromeOptions object
2025-10-26 21:35:44,940 - ERROR - Error on attempt 37: Failed to setup driver
Traceback (most recent call last):
  File "C:\laragon\www\dapokalsel\sekolah\import_url_kabupaten.pyw", line 435, in process_url_induk
    raise Exception("Failed to setup driver")
Exception: Failed to setup driver
2025-10-26 21:35:44,940 - INFO - Retry attempt 38/300...
2025-10-26 21:35:59,940 - INFO - Setting up Chrome driver...
2025-10-26 21:35:59,940 - INFO - Using profile directory: C:\Windows\Temp\chrome_scraper_profile
2025-10-26 21:35:59,940 - INFO - Initializing Chrome driver (attempt 1/3)...
2025-10-26 21:35:59,973 - ERROR - Attempt 1 failed: Binary Location Must be a String
2025-10-26 21:35:59,973 - INFO - Retrying in 5 seconds...
2025-10-26 21:36:04,973 - INFO - Initializing Chrome driver (attempt 2/3)...
2025-10-26 21:36:11,472 - INFO - patching driver executable C:\laragon\www\dapokalsel\sekolah\~\appdata\roaming\undetected_chromedriver\undetected_chromedriver.exe
2025-10-26 21:36:11,573 - ERROR - Attempt 2 failed: you cannot reuse the ChromeOptions object
2025-10-26 21:36:11,573 - INFO - Retrying in 5 seconds...
2025-10-26 21:36:16,574 - INFO - Initializing Chrome driver (attempt 3/3)...
2025-10-26 21:36:26,272 - ERROR - Attempt 3 failed: [WinError 183] Cannot create a file when that file already exists: 'C:\\laragon\\www\\dapokalsel\\sekolah\\~\\appdata\\roaming\\undetected_chromedriver\\undetected\\chromedriver-win32\\chromedriver.exe' -> 'C:\\laragon\\www\\dapokalsel\\sekolah\\~\\appdata\\roaming\\undetected_chromedriver\\undetected_chromedriver.exe'
2025-10-26 21:36:26,272 - ERROR - All attempts failed to setup driver
Traceback (most recent call last):
  File "C:\laragon\www\dapokalsel\sekolah\import_url_kabupaten.pyw", line 115, in setup_driver
    driver = uc.Chrome(
  File "C:\laragon\bin\python\python-3.10\lib\site-packages\undetected_chromedriver\__init__.py", line 258, in __init__
    self.patcher.auto()
  File "C:\laragon\bin\python\python-3.10\lib\site-packages\undetected_chromedriver\patcher.py", line 178, in auto
    self.unzip_package(self.fetch_package())
  File "C:\laragon\bin\python\python-3.10\lib\site-packages\undetected_chromedriver\patcher.py", line 310, in unzip_package
    os.rename(os.path.join(self.zip_path, exe_path), self.executable_path)
FileExistsError: [WinError 183] Cannot create a file when that file already exists: 'C:\\laragon\\www\\dapokalsel\\sekolah\\~\\appdata\\roaming\\undetected_chromedriver\\undetected\\chromedriver-win32\\chromedriver.exe' -> 'C:\\laragon\\www\\dapokalsel\\sekolah\\~\\appdata\\roaming\\undetected_chromedriver\\undetected_chromedriver.exe'
2025-10-26 21:36:26,272 - ERROR - Error on attempt 38: Failed to setup driver
Traceback (most recent call last):
  File "C:\laragon\www\dapokalsel\sekolah\import_url_kabupaten.pyw", line 435, in process_url_induk
    raise Exception("Failed to setup driver")
Exception: Failed to setup driver
2025-10-26 21:36:26,272 - INFO - Retry attempt 39/300...
2025-10-26 21:36:41,275 - INFO - Setting up Chrome driver...
2025-10-26 21:36:41,275 - INFO - Using profile directory: C:\Windows\Temp\chrome_scraper_profile
2025-10-26 21:36:41,276 - INFO - Initializing Chrome driver (attempt 1/3)...
2025-10-26 21:36:49,586 - INFO - patching driver executable C:\laragon\www\dapokalsel\sekolah\~\appdata\roaming\undetected_chromedriver\undetected_chromedriver.exe
2025-10-26 21:36:49,725 - ERROR - Attempt 1 failed: Binary Location Must be a String
2025-10-26 21:36:49,725 - INFO - Retrying in 5 seconds...
2025-10-26 21:36:54,726 - INFO - Initializing Chrome driver (attempt 2/3)...
2025-10-26 21:37:03,102 - ERROR - Attempt 2 failed: [WinError 183] Cannot create a file when that file already exists: 'C:\\laragon\\www\\dapokalsel\\sekolah\\~\\appdata\\roaming\\undetected_chromedriver\\undetected\\chromedriver-win32\\chromedriver.exe' -> 'C:\\laragon\\www\\dapokalsel\\sekolah\\~\\appdata\\roaming\\undetected_chromedriver\\undetected_chromedriver.exe'
2025-10-26 21:37:03,102 - INFO - Retrying in 5 seconds...
2025-10-26 21:37:08,103 - INFO - Initializing Chrome driver (attempt 3/3)...
2025-10-26 21:37:15,485 - INFO - patching driver executable C:\laragon\www\dapokalsel\sekolah\~\appdata\roaming\undetected_chromedriver\undetected_chromedriver.exe
2025-10-26 21:37:15,585 - ERROR - Attempt 3 failed: you cannot reuse the ChromeOptions object
2025-10-26 21:37:15,585 - ERROR - All attempts failed to setup driver
Traceback (most recent call last):
  File "C:\laragon\www\dapokalsel\sekolah\import_url_kabupaten.pyw", line 115, in setup_driver
    driver = uc.Chrome(
  File "C:\laragon\bin\python\python-3.10\lib\site-packages\undetected_chromedriver\__init__.py", line 269, in __init__
    raise RuntimeError("you cannot reuse the ChromeOptions object")
RuntimeError: you cannot reuse the ChromeOptions object
2025-10-26 21:37:15,585 - ERROR - Error on attempt 39: Failed to setup driver
Traceback (most recent call last):
  File "C:\laragon\www\dapokalsel\sekolah\import_url_kabupaten.pyw", line 435, in process_url_induk
    raise Exception("Failed to setup driver")
Exception: Failed to setup driver
2025-10-26 21:37:15,585 - INFO - Retry attempt 40/300...
2025-10-26 21:37:30,586 - INFO - Setting up Chrome driver...
2025-10-26 21:37:30,587 - INFO - Using profile directory: C:\Windows\Temp\chrome_scraper_profile
2025-10-26 21:37:30,588 - INFO - Initializing Chrome driver (attempt 1/3)...
2025-10-26 21:37:41,057 - ERROR - Attempt 1 failed: [WinError 183] Cannot create a file when that file already exists: 'C:\\laragon\\www\\dapokalsel\\sekolah\\~\\appdata\\roaming\\undetected_chromedriver\\undetected\\chromedriver-win32\\chromedriver.exe' -> 'C:\\laragon\\www\\dapokalsel\\sekolah\\~\\appdata\\roaming\\undetected_chromedriver\\undetected_chromedriver.exe'
2025-10-26 21:37:41,057 - INFO - Retrying in 5 seconds...
2025-10-26 21:37:46,065 - INFO - Initializing Chrome driver (attempt 2/3)...
2025-10-26 21:37:54,967 - ERROR - Attempt 2 failed: [WinError 183] Cannot create a file when that file already exists: 'C:\\laragon\\www\\dapokalsel\\sekolah\\~\\appdata\\roaming\\undetected_chromedriver\\undetected\\chromedriver-win32\\chromedriver.exe' -> 'C:\\laragon\\www\\dapokalsel\\sekolah\\~\\appdata\\roaming\\undetected_chromedriver\\undetected_chromedriver.exe'
2025-10-26 21:37:54,967 - INFO - Retrying in 5 seconds...
2025-10-26 21:37:59,968 - INFO - Initializing Chrome driver (attempt 3/3)...
2025-10-26 21:38:06,899 - INFO - patching driver executable C:\laragon\www\dapokalsel\sekolah\~\appdata\roaming\undetected_chromedriver\undetected_chromedriver.exe
2025-10-26 21:38:06,982 - ERROR - Attempt 3 failed: Binary Location Must be a String
2025-10-26 21:38:06,982 - ERROR - All attempts failed to setup driver
Traceback (most recent call last):
  File "C:\laragon\www\dapokalsel\sekolah\import_url_kabupaten.pyw", line 115, in setup_driver
    driver = uc.Chrome(
  File "C:\laragon\bin\python\python-3.10\lib\site-packages\undetected_chromedriver\__init__.py", line 372, in __init__
    options.binary_location = (
  File "C:\laragon\bin\python\python-3.10\lib\site-packages\selenium\webdriver\chromium\options.py", line 52, in binary_location
    raise TypeError(self.BINARY_LOCATION_ERROR)
TypeError: Binary Location Must be a String
2025-10-26 21:38:06,982 - ERROR - Error on attempt 40: Failed to setup driver
Traceback (most recent call last):
  File "C:\laragon\www\dapokalsel\sekolah\import_url_kabupaten.pyw", line 435, in process_url_induk
    raise Exception("Failed to setup driver")
Exception: Failed to setup driver
2025-10-26 21:38:06,982 - INFO - Retry attempt 41/300...
2025-10-26 21:38:21,996 - INFO - Setting up Chrome driver...
2025-10-26 21:38:21,997 - INFO - Using profile directory: C:\Windows\Temp\chrome_scraper_profile
2025-10-26 21:38:21,997 - INFO - Initializing Chrome driver (attempt 1/3)...
2025-10-26 21:38:27,782 - INFO - patching driver executable C:\laragon\www\dapokalsel\sekolah\~\appdata\roaming\undetected_chromedriver\undetected_chromedriver.exe
2025-10-26 21:38:27,914 - ERROR - Attempt 1 failed: Binary Location Must be a String
2025-10-26 21:38:27,914 - INFO - Retrying in 5 seconds...
2025-10-26 21:38:32,915 - INFO - Initializing Chrome driver (attempt 2/3)...
2025-10-26 21:38:40,396 - ERROR - Attempt 2 failed: [WinError 183] Cannot create a file when that file already exists: 'C:\\laragon\\www\\dapokalsel\\sekolah\\~\\appdata\\roaming\\undetected_chromedriver\\undetected\\chromedriver-win32\\chromedriver.exe' -> 'C:\\laragon\\www\\dapokalsel\\sekolah\\~\\appdata\\roaming\\undetected_chromedriver\\undetected_chromedriver.exe'
2025-10-26 21:38:40,396 - INFO - Retrying in 5 seconds...
2025-10-26 21:38:45,398 - INFO - Initializing Chrome driver (attempt 3/3)...
2025-10-26 21:38:49,682 - INFO - patching driver executable C:\laragon\www\dapokalsel\sekolah\~\appdata\roaming\undetected_chromedriver\undetected_chromedriver.exe
2025-10-26 21:38:49,763 - ERROR - Attempt 3 failed: you cannot reuse the ChromeOptions object
2025-10-26 21:38:49,763 - ERROR - All attempts failed to setup driver
Traceback (most recent call last):
  File "C:\laragon\www\dapokalsel\sekolah\import_url_kabupaten.pyw", line 115, in setup_driver
    driver = uc.Chrome(
  File "C:\laragon\bin\python\python-3.10\lib\site-packages\undetected_chromedriver\__init__.py", line 269, in __init__
    raise RuntimeError("you cannot reuse the ChromeOptions object")
RuntimeError: you cannot reuse the ChromeOptions object
2025-10-26 21:38:49,763 - ERROR - Error on attempt 41: Failed to setup driver
Traceback (most recent call last):
  File "C:\laragon\www\dapokalsel\sekolah\import_url_kabupaten.pyw", line 435, in process_url_induk
    raise Exception("Failed to setup driver")
Exception: Failed to setup driver
2025-10-26 21:38:49,763 - INFO - Retry attempt 42/300...
2025-10-26 21:39:04,763 - INFO - Setting up Chrome driver...
2025-10-26 21:39:04,763 - INFO - Using profile directory: C:\Windows\Temp\chrome_scraper_profile
2025-10-26 21:39:04,763 - INFO - Initializing Chrome driver (attempt 1/3)...
2025-10-26 21:39:11,496 - ERROR - Attempt 1 failed: [WinError 183] Cannot create a file when that file already exists: 'C:\\laragon\\www\\dapokalsel\\sekolah\\~\\appdata\\roaming\\undetected_chromedriver\\undetected\\chromedriver-win32\\chromedriver.exe' -> 'C:\\laragon\\www\\dapokalsel\\sekolah\\~\\appdata\\roaming\\undetected_chromedriver\\undetected_chromedriver.exe'
2025-10-26 21:39:11,496 - INFO - Retrying in 5 seconds...
2025-10-26 21:39:16,497 - INFO - Initializing Chrome driver (attempt 2/3)...
2025-10-26 21:39:20,995 - INFO - patching driver executable C:\laragon\www\dapokalsel\sekolah\~\appdata\roaming\undetected_chromedriver\undetected_chromedriver.exe
2025-10-26 21:39:21,095 - ERROR - Attempt 2 failed: Binary Location Must be a String
2025-10-26 21:39:21,095 - INFO - Retrying in 5 seconds...
2025-10-26 21:39:26,109 - INFO - Initializing Chrome driver (attempt 3/3)...
2025-10-26 21:39:39,220 - ERROR - Attempt 3 failed: [WinError 183] Cannot create a file when that file already exists: 'C:\\laragon\\www\\dapokalsel\\sekolah\\~\\appdata\\roaming\\undetected_chromedriver\\undetected\\chromedriver-win32\\chromedriver.exe' -> 'C:\\laragon\\www\\dapokalsel\\sekolah\\~\\appdata\\roaming\\undetected_chromedriver\\undetected_chromedriver.exe'
2025-10-26 21:39:39,220 - ERROR - All attempts failed to setup driver
Traceback (most recent call last):
  File "C:\laragon\www\dapokalsel\sekolah\import_url_kabupaten.pyw", line 115, in setup_driver
    driver = uc.Chrome(
  File "C:\laragon\bin\python\python-3.10\lib\site-packages\undetected_chromedriver\__init__.py", line 258, in __init__
    self.patcher.auto()
  File "C:\laragon\bin\python\python-3.10\lib\site-packages\undetected_chromedriver\patcher.py", line 178, in auto
    self.unzip_package(self.fetch_package())
  File "C:\laragon\bin\python\python-3.10\lib\site-packages\undetected_chromedriver\patcher.py", line 310, in unzip_package
    os.rename(os.path.join(self.zip_path, exe_path), self.executable_path)
FileExistsError: [WinError 183] Cannot create a file when that file already exists: 'C:\\laragon\\www\\dapokalsel\\sekolah\\~\\appdata\\roaming\\undetected_chromedriver\\undetected\\chromedriver-win32\\chromedriver.exe' -> 'C:\\laragon\\www\\dapokalsel\\sekolah\\~\\appdata\\roaming\\undetected_chromedriver\\undetected_chromedriver.exe'
2025-10-26 21:39:39,220 - ERROR - Error on attempt 42: Failed to setup driver
Traceback (most recent call last):
  File "C:\laragon\www\dapokalsel\sekolah\import_url_kabupaten.pyw", line 435, in process_url_induk
    raise Exception("Failed to setup driver")
Exception: Failed to setup driver
2025-10-26 21:39:39,220 - INFO - Retry attempt 43/300...
2025-10-26 21:39:54,227 - INFO - Setting up Chrome driver...
2025-10-26 21:39:54,230 - INFO - Using profile directory: C:\Windows\Temp\chrome_scraper_profile
2025-10-26 21:39:54,230 - INFO - Initializing Chrome driver (attempt 1/3)...
2025-10-26 21:40:07,529 - ERROR - Attempt 1 failed: [WinError 183] Cannot create a file when that file already exists: 'C:\\laragon\\www\\dapokalsel\\sekolah\\~\\appdata\\roaming\\undetected_chromedriver\\undetected\\chromedriver-win32\\chromedriver.exe' -> 'C:\\laragon\\www\\dapokalsel\\sekolah\\~\\appdata\\roaming\\undetected_chromedriver\\undetected_chromedriver.exe'
2025-10-26 21:40:07,529 - INFO - Retrying in 5 seconds...
2025-10-26 21:40:12,541 - INFO - Initializing Chrome driver (attempt 2/3)...
2025-10-26 21:40:17,454 - INFO - patching driver executable C:\laragon\www\dapokalsel\sekolah\~\appdata\roaming\undetected_chromedriver\undetected_chromedriver.exe
2025-10-26 21:40:17,561 - ERROR - Attempt 2 failed: Binary Location Must be a String
2025-10-26 21:40:17,561 - INFO - Retrying in 5 seconds...
2025-10-26 21:40:22,573 - INFO - Initializing Chrome driver (attempt 3/3)...
2025-10-26 21:40:40,374 - INFO - patching driver executable C:\laragon\www\dapokalsel\sekolah\~\appdata\roaming\undetected_chromedriver\undetected_chromedriver.exe
2025-10-26 21:40:40,558 - ERROR - Attempt 3 failed: you cannot reuse the ChromeOptions object
2025-10-26 21:40:40,558 - ERROR - All attempts failed to setup driver
Traceback (most recent call last):
  File "C:\laragon\www\dapokalsel\sekolah\import_url_kabupaten.pyw", line 115, in setup_driver
    driver = uc.Chrome(
  File "C:\laragon\bin\python\python-3.10\lib\site-packages\undetected_chromedriver\__init__.py", line 269, in __init__
    raise RuntimeError("you cannot reuse the ChromeOptions object")
RuntimeError: you cannot reuse the ChromeOptions object
2025-10-26 21:40:40,558 - ERROR - Error on attempt 43: Failed to setup driver
Traceback (most recent call last):
  File "C:\laragon\www\dapokalsel\sekolah\import_url_kabupaten.pyw", line 435, in process_url_induk
    raise Exception("Failed to setup driver")
Exception: Failed to setup driver
2025-10-26 21:40:40,558 - INFO - Retry attempt 44/300...
2025-10-26 21:40:55,558 - INFO - Setting up Chrome driver...
2025-10-26 21:40:55,558 - INFO - Using profile directory: C:\Windows\Temp\chrome_scraper_profile
2025-10-26 21:40:55,558 - INFO - Initializing Chrome driver (attempt 1/3)...
2025-10-26 21:41:00,193 - INFO - patching driver executable C:\laragon\www\dapokalsel\sekolah\~\appdata\roaming\undetected_chromedriver\undetected_chromedriver.exe
2025-10-26 21:41:00,291 - ERROR - Attempt 1 failed: Binary Location Must be a String
2025-10-26 21:41:00,291 - INFO - Retrying in 5 seconds...
2025-10-26 21:41:05,298 - INFO - Initializing Chrome driver (attempt 2/3)...
2025-10-26 21:41:13,672 - INFO - patching driver executable C:\laragon\www\dapokalsel\sekolah\~\appdata\roaming\undetected_chromedriver\undetected_chromedriver.exe
2025-10-26 21:41:13,772 - ERROR - Attempt 2 failed: you cannot reuse the ChromeOptions object
2025-10-26 21:41:13,772 - INFO - Retrying in 5 seconds...
2025-10-26 21:41:18,774 - INFO - Initializing Chrome driver (attempt 3/3)...
2025-10-26 21:41:24,372 - INFO - patching driver executable C:\laragon\www\dapokalsel\sekolah\~\appdata\roaming\undetected_chromedriver\undetected_chromedriver.exe
2025-10-26 21:41:24,470 - ERROR - Attempt 3 failed: you cannot reuse the ChromeOptions object
2025-10-26 21:41:24,471 - ERROR - All attempts failed to setup driver
Traceback (most recent call last):
  File "C:\laragon\www\dapokalsel\sekolah\import_url_kabupaten.pyw", line 115, in setup_driver
    driver = uc.Chrome(
  File "C:\laragon\bin\python\python-3.10\lib\site-packages\undetected_chromedriver\__init__.py", line 269, in __init__
    raise RuntimeError("you cannot reuse the ChromeOptions object")
RuntimeError: you cannot reuse the ChromeOptions object
2025-10-26 21:41:24,471 - ERROR - Error on attempt 44: Failed to setup driver
Traceback (most recent call last):
  File "C:\laragon\www\dapokalsel\sekolah\import_url_kabupaten.pyw", line 435, in process_url_induk
    raise Exception("Failed to setup driver")
Exception: Failed to setup driver
2025-10-26 21:41:24,472 - INFO - Retry attempt 45/300...
2025-10-26 21:41:39,472 - INFO - Setting up Chrome driver...
2025-10-26 21:41:39,475 - INFO - Using profile directory: C:\Windows\Temp\chrome_scraper_profile
2025-10-26 21:41:39,476 - INFO - Initializing Chrome driver (attempt 1/3)...
2025-10-26 21:41:45,820 - INFO - patching driver executable C:\laragon\www\dapokalsel\sekolah\~\appdata\roaming\undetected_chromedriver\undetected_chromedriver.exe
2025-10-26 21:41:45,937 - ERROR - Attempt 1 failed: Binary Location Must be a String
2025-10-26 21:41:45,937 - INFO - Retrying in 5 seconds...
2025-10-26 21:41:50,951 - INFO - Initializing Chrome driver (attempt 2/3)...
2025-10-26 21:41:58,769 - ERROR - Attempt 2 failed: [WinError 183] Cannot create a file when that file already exists: 'C:\\laragon\\www\\dapokalsel\\sekolah\\~\\appdata\\roaming\\undetected_chromedriver\\undetected\\chromedriver-win32\\chromedriver.exe' -> 'C:\\laragon\\www\\dapokalsel\\sekolah\\~\\appdata\\roaming\\undetected_chromedriver\\undetected_chromedriver.exe'
2025-10-26 21:41:58,769 - INFO - Retrying in 5 seconds...
2025-10-26 21:42:03,769 - INFO - Initializing Chrome driver (attempt 3/3)...
2025-10-26 21:42:07,602 - INFO - patching driver executable C:\laragon\www\dapokalsel\sekolah\~\appdata\roaming\undetected_chromedriver\undetected_chromedriver.exe
2025-10-26 21:42:07,726 - ERROR - Attempt 3 failed: you cannot reuse the ChromeOptions object
2025-10-26 21:42:07,726 - ERROR - All attempts failed to setup driver
Traceback (most recent call last):
  File "C:\laragon\www\dapokalsel\sekolah\import_url_kabupaten.pyw", line 115, in setup_driver
    driver = uc.Chrome(
  File "C:\laragon\bin\python\python-3.10\lib\site-packages\undetected_chromedriver\__init__.py", line 269, in __init__
    raise RuntimeError("you cannot reuse the ChromeOptions object")
RuntimeError: you cannot reuse the ChromeOptions object
2025-10-26 21:42:07,726 - ERROR - Error on attempt 45: Failed to setup driver
Traceback (most recent call last):
  File "C:\laragon\www\dapokalsel\sekolah\import_url_kabupaten.pyw", line 435, in process_url_induk
    raise Exception("Failed to setup driver")
Exception: Failed to setup driver
2025-10-26 21:42:07,726 - INFO - Retry attempt 46/300...
2025-10-26 21:42:22,733 - INFO - Setting up Chrome driver...
2025-10-26 21:42:22,734 - INFO - Using profile directory: C:\Windows\Temp\chrome_scraper_profile
2025-10-26 21:42:22,735 - INFO - Initializing Chrome driver (attempt 1/3)...
2025-10-26 21:42:33,010 - ERROR - Attempt 1 failed: [WinError 183] Cannot create a file when that file already exists: 'C:\\laragon\\www\\dapokalsel\\sekolah\\~\\appdata\\roaming\\undetected_chromedriver\\undetected\\chromedriver-win32\\chromedriver.exe' -> 'C:\\laragon\\www\\dapokalsel\\sekolah\\~\\appdata\\roaming\\undetected_chromedriver\\undetected_chromedriver.exe'
2025-10-26 21:42:33,010 - INFO - Retrying in 5 seconds...
2025-10-26 21:42:38,010 - INFO - Initializing Chrome driver (attempt 2/3)...
2025-10-26 21:42:49,884 - INFO - patching driver executable C:\laragon\www\dapokalsel\sekolah\~\appdata\roaming\undetected_chromedriver\undetected_chromedriver.exe
2025-10-26 21:42:49,983 - ERROR - Attempt 2 failed: Binary Location Must be a String
2025-10-26 21:42:49,983 - INFO - Retrying in 5 seconds...
2025-10-26 21:42:54,984 - INFO - Initializing Chrome driver (attempt 3/3)...
2025-10-26 21:43:03,683 - ERROR - Attempt 3 failed: [WinError 32] The process cannot access the file because it is being used by another process: 'C:\\laragon\\www\\dapokalsel\\sekolah\\~\\appdata\\roaming\\undetected_chromedriver\\undetected\\chromedriver-win32\\chromedriver.exe' -> 'C:\\laragon\\www\\dapokalsel\\sekolah\\~\\appdata\\roaming\\undetected_chromedriver\\undetected_chromedriver.exe'
2025-10-26 21:43:03,683 - ERROR - All attempts failed to setup driver
Traceback (most recent call last):
  File "C:\laragon\www\dapokalsel\sekolah\import_url_kabupaten.pyw", line 115, in setup_driver
    driver = uc.Chrome(
  File "C:\laragon\bin\python\python-3.10\lib\site-packages\undetected_chromedriver\__init__.py", line 258, in __init__
    self.patcher.auto()
  File "C:\laragon\bin\python\python-3.10\lib\site-packages\undetected_chromedriver\patcher.py", line 178, in auto
    self.unzip_package(self.fetch_package())
  File "C:\laragon\bin\python\python-3.10\lib\site-packages\undetected_chromedriver\patcher.py", line 310, in unzip_package
    os.rename(os.path.join(self.zip_path, exe_path), self.executable_path)
PermissionError: [WinError 32] The process cannot access the file because it is being used by another process: 'C:\\laragon\\www\\dapokalsel\\sekolah\\~\\appdata\\roaming\\undetected_chromedriver\\undetected\\chromedriver-win32\\chromedriver.exe' -> 'C:\\laragon\\www\\dapokalsel\\sekolah\\~\\appdata\\roaming\\undetected_chromedriver\\undetected_chromedriver.exe'
2025-10-26 21:43:03,683 - ERROR - Error on attempt 46: Failed to setup driver
Traceback (most recent call last):
  File "C:\laragon\www\dapokalsel\sekolah\import_url_kabupaten.pyw", line 435, in process_url_induk
    raise Exception("Failed to setup driver")
Exception: Failed to setup driver
2025-10-26 21:43:03,683 - INFO - Retry attempt 47/300...
2025-10-26 21:43:18,696 - INFO - Setting up Chrome driver...
2025-10-26 21:43:18,697 - INFO - Using profile directory: C:\Windows\Temp\chrome_scraper_profile
2025-10-26 21:43:18,698 - INFO - Initializing Chrome driver (attempt 1/3)...
2025-10-26 21:43:45,030 - INFO - patching driver executable C:\laragon\www\dapokalsel\sekolah\~\appdata\roaming\undetected_chromedriver\undetected_chromedriver.exe
2025-10-26 21:43:45,115 - ERROR - Attempt 1 failed: Binary Location Must be a String
2025-10-26 21:43:45,115 - INFO - Retrying in 5 seconds...
2025-10-26 21:43:50,116 - INFO - Initializing Chrome driver (attempt 2/3)...
2025-10-26 21:44:26,719 - ERROR - Attempt 2 failed: <urlopen error [WinError 10054] An existing connection was forcibly closed by the remote host>
2025-10-26 21:44:26,721 - INFO - Retrying in 5 seconds...
2025-10-26 21:44:31,723 - INFO - Initializing Chrome driver (attempt 3/3)...
2025-10-26 21:45:04,926 - INFO - patching driver executable C:\laragon\www\dapokalsel\sekolah\~\appdata\roaming\undetected_chromedriver\undetected_chromedriver.exe
2025-10-26 21:45:05,016 - ERROR - Attempt 3 failed: you cannot reuse the ChromeOptions object
2025-10-26 21:45:05,017 - ERROR - All attempts failed to setup driver
Traceback (most recent call last):
  File "C:\laragon\www\dapokalsel\sekolah\import_url_kabupaten.pyw", line 115, in setup_driver
    driver = uc.Chrome(
  File "C:\laragon\bin\python\python-3.10\lib\site-packages\undetected_chromedriver\__init__.py", line 269, in __init__
    raise RuntimeError("you cannot reuse the ChromeOptions object")
RuntimeError: you cannot reuse the ChromeOptions object
2025-10-26 21:45:05,017 - ERROR - Error on attempt 47: Failed to setup driver
Traceback (most recent call last):
  File "C:\laragon\www\dapokalsel\sekolah\import_url_kabupaten.pyw", line 435, in process_url_induk
    raise Exception("Failed to setup driver")
Exception: Failed to setup driver
2025-10-26 21:45:05,017 - INFO - Retry attempt 48/300...
2025-10-26 21:45:20,027 - INFO - Setting up Chrome driver...
2025-10-26 21:45:20,029 - INFO - Using profile directory: C:\Windows\Temp\chrome_scraper_profile
2025-10-26 21:45:20,030 - INFO - Initializing Chrome driver (attempt 1/3)...
2025-10-26 21:45:48,195 - ERROR - Attempt 1 failed: <urlopen error [WinError 10054] An existing connection was forcibly closed by the remote host>
2025-10-26 21:45:48,195 - INFO - Retrying in 5 seconds...
2025-10-26 21:45:53,203 - INFO - Initializing Chrome driver (attempt 2/3)...
2025-10-26 21:46:22,238 - INFO - patching driver executable C:\laragon\www\dapokalsel\sekolah\~\appdata\roaming\undetected_chromedriver\undetected_chromedriver.exe
2025-10-26 21:46:22,355 - ERROR - Attempt 2 failed: Binary Location Must be a String
2025-10-26 21:46:22,355 - INFO - Retrying in 5 seconds...
2025-10-26 21:46:27,356 - INFO - Initializing Chrome driver (attempt 3/3)...
2025-10-26 21:47:24,992 - ERROR - Attempt 3 failed: <urlopen error [WinError 10054] An existing connection was forcibly closed by the remote host>
2025-10-26 21:47:24,993 - ERROR - All attempts failed to setup driver
Traceback (most recent call last):
  File "C:\laragon\bin\python\python-3.10\lib\urllib\request.py", line 1348, in do_open
    h.request(req.get_method(), req.selector, req.data, headers,
  File "C:\laragon\bin\python\python-3.10\lib\http\client.py", line 1282, in request
    self._send_request(method, url, body, headers, encode_chunked)
  File "C:\laragon\bin\python\python-3.10\lib\http\client.py", line 1328, in _send_request
    self.endheaders(body, encode_chunked=encode_chunked)
  File "C:\laragon\bin\python\python-3.10\lib\http\client.py", line 1277, in endheaders
    self._send_output(message_body, encode_chunked=encode_chunked)
  File "C:\laragon\bin\python\python-3.10\lib\http\client.py", line 1037, in _send_output
    self.send(msg)
  File "C:\laragon\bin\python\python-3.10\lib\http\client.py", line 975, in send
    self.connect()
  File "C:\laragon\bin\python\python-3.10\lib\http\client.py", line 1454, in connect
    self.sock = self._context.wrap_socket(self.sock,
  File "C:\laragon\bin\python\python-3.10\lib\ssl.py", line 513, in wrap_socket
    return self.sslsocket_class._create(
  File "C:\laragon\bin\python\python-3.10\lib\ssl.py", line 1071, in _create
    self.do_handshake()
  File "C:\laragon\bin\python\python-3.10\lib\ssl.py", line 1342, in do_handshake
    self._sslobj.do_handshake()
ConnectionResetError: [WinError 10054] An existing connection was forcibly closed by the remote host

During handling of the above exception, another exception occurred:

Traceback (most recent call last):
  File "C:\laragon\www\dapokalsel\sekolah\import_url_kabupaten.pyw", line 115, in setup_driver
    driver = uc.Chrome(
  File "C:\laragon\bin\python\python-3.10\lib\site-packages\undetected_chromedriver\__init__.py", line 258, in __init__
    self.patcher.auto()
  File "C:\laragon\bin\python\python-3.10\lib\site-packages\undetected_chromedriver\patcher.py", line 175, in auto
    release = self.fetch_release_number()
  File "C:\laragon\bin\python\python-3.10\lib\site-packages\undetected_chromedriver\patcher.py", line 250, in fetch_release_number
    with urlopen(self.url_repo + path) as conn:
  File "C:\laragon\bin\python\python-3.10\lib\urllib\request.py", line 216, in urlopen
    return opener.open(url, data, timeout)
  File "C:\laragon\bin\python\python-3.10\lib\urllib\request.py", line 519, in open
    response = self._open(req, data)
  File "C:\laragon\bin\python\python-3.10\lib\urllib\request.py", line 536, in _open
    result = self._call_chain(self.handle_open, protocol, protocol +
  File "C:\laragon\bin\python\python-3.10\lib\urllib\request.py", line 496, in _call_chain
    result = func(*args)
  File "C:\laragon\bin\python\python-3.10\lib\urllib\request.py", line 1391, in https_open
    return self.do_open(http.client.HTTPSConnection, req,
  File "C:\laragon\bin\python\python-3.10\lib\urllib\request.py", line 1351, in do_open
    raise URLError(err)
urllib.error.URLError: <urlopen error [WinError 10054] An existing connection was forcibly closed by the remote host>
2025-10-26 21:47:25,199 - ERROR - Error on attempt 48: Failed to setup driver
Traceback (most recent call last):
  File "C:\laragon\www\dapokalsel\sekolah\import_url_kabupaten.pyw", line 435, in process_url_induk
    raise Exception("Failed to setup driver")
Exception: Failed to setup driver
2025-10-26 21:47:25,199 - INFO - Retry attempt 49/300...
2025-10-26 21:47:40,200 - INFO - Setting up Chrome driver...
2025-10-26 21:47:40,200 - INFO - Using profile directory: C:\Windows\Temp\chrome_scraper_profile
2025-10-26 21:47:40,201 - INFO - Initializing Chrome driver (attempt 1/3)...
2025-10-26 21:47:43,600 - ERROR - Attempt 1 failed: [WinError 183] Cannot create a file when that file already exists: 'C:\\laragon\\www\\dapokalsel\\sekolah\\~\\appdata\\roaming\\undetected_chromedriver\\undetected\\chromedriver-win32\\chromedriver.exe' -> 'C:\\laragon\\www\\dapokalsel\\sekolah\\~\\appdata\\roaming\\undetected_chromedriver\\undetected_chromedriver.exe'
2025-10-26 21:47:43,600 - INFO - Retrying in 5 seconds...
2025-10-26 21:47:48,603 - INFO - Initializing Chrome driver (attempt 2/3)...
2025-10-26 21:47:57,017 - ERROR - Attempt 2 failed: [WinError 183] Cannot create a file when that file already exists: 'C:\\laragon\\www\\dapokalsel\\sekolah\\~\\appdata\\roaming\\undetected_chromedriver\\undetected\\chromedriver-win32\\chromedriver.exe' -> 'C:\\laragon\\www\\dapokalsel\\sekolah\\~\\appdata\\roaming\\undetected_chromedriver\\undetected_chromedriver.exe'
2025-10-26 21:47:57,017 - INFO - Retrying in 5 seconds...
2025-10-26 21:48:02,017 - INFO - Initializing Chrome driver (attempt 3/3)...
2025-10-26 21:48:11,050 - INFO - patching driver executable C:\laragon\www\dapokalsel\sekolah\~\appdata\roaming\undetected_chromedriver\undetected_chromedriver.exe
2025-10-26 21:48:11,131 - ERROR - Attempt 3 failed: Binary Location Must be a String
2025-10-26 21:48:11,132 - ERROR - All attempts failed to setup driver
Traceback (most recent call last):
  File "C:\laragon\www\dapokalsel\sekolah\import_url_kabupaten.pyw", line 115, in setup_driver
    driver = uc.Chrome(
  File "C:\laragon\bin\python\python-3.10\lib\site-packages\undetected_chromedriver\__init__.py", line 372, in __init__
    options.binary_location = (
  File "C:\laragon\bin\python\python-3.10\lib\site-packages\selenium\webdriver\chromium\options.py", line 52, in binary_location
    raise TypeError(self.BINARY_LOCATION_ERROR)
TypeError: Binary Location Must be a String
2025-10-26 21:48:11,132 - ERROR - Error on attempt 49: Failed to setup driver
Traceback (most recent call last):
  File "C:\laragon\www\dapokalsel\sekolah\import_url_kabupaten.pyw", line 435, in process_url_induk
    raise Exception("Failed to setup driver")
Exception: Failed to setup driver
2025-10-26 21:48:11,133 - INFO - Retry attempt 50/300...
2025-10-26 21:48:26,133 - INFO - Setting up Chrome driver...
2025-10-26 21:48:26,133 - INFO - Using profile directory: C:\Windows\Temp\chrome_scraper_profile
2025-10-26 21:48:26,133 - INFO - Initializing Chrome driver (attempt 1/3)...
2025-10-26 21:48:32,920 - ERROR - Attempt 1 failed: [WinError 183] Cannot create a file when that file already exists: 'C:\\laragon\\www\\dapokalsel\\sekolah\\~\\appdata\\roaming\\undetected_chromedriver\\undetected\\chromedriver-win32\\chromedriver.exe' -> 'C:\\laragon\\www\\dapokalsel\\sekolah\\~\\appdata\\roaming\\undetected_chromedriver\\undetected_chromedriver.exe'
2025-10-26 21:48:32,920 - INFO - Retrying in 5 seconds...
2025-10-26 21:48:37,920 - INFO - Initializing Chrome driver (attempt 2/3)...
2025-10-26 21:48:58,930 - ERROR - Attempt 2 failed: [WinError 183] Cannot create a file when that file already exists: 'C:\\laragon\\www\\dapokalsel\\sekolah\\~\\appdata\\roaming\\undetected_chromedriver\\undetected\\chromedriver-win32\\chromedriver.exe' -> 'C:\\laragon\\www\\dapokalsel\\sekolah\\~\\appdata\\roaming\\undetected_chromedriver\\undetected_chromedriver.exe'
2025-10-26 21:48:58,930 - INFO - Retrying in 5 seconds...
2025-10-26 21:49:03,930 - INFO - Initializing Chrome driver (attempt 3/3)...
2025-10-26 21:49:10,546 - ERROR - Attempt 3 failed: [WinError 183] Cannot create a file when that file already exists: 'C:\\laragon\\www\\dapokalsel\\sekolah\\~\\appdata\\roaming\\undetected_chromedriver\\undetected\\chromedriver-win32\\chromedriver.exe' -> 'C:\\laragon\\www\\dapokalsel\\sekolah\\~\\appdata\\roaming\\undetected_chromedriver\\undetected_chromedriver.exe'
2025-10-26 21:49:10,546 - ERROR - All attempts failed to setup driver
Traceback (most recent call last):
  File "C:\laragon\www\dapokalsel\sekolah\import_url_kabupaten.pyw", line 115, in setup_driver
    driver = uc.Chrome(
  File "C:\laragon\bin\python\python-3.10\lib\site-packages\undetected_chromedriver\__init__.py", line 258, in __init__
    self.patcher.auto()
  File "C:\laragon\bin\python\python-3.10\lib\site-packages\undetected_chromedriver\patcher.py", line 178, in auto
    self.unzip_package(self.fetch_package())
  File "C:\laragon\bin\python\python-3.10\lib\site-packages\undetected_chromedriver\patcher.py", line 310, in unzip_package
    os.rename(os.path.join(self.zip_path, exe_path), self.executable_path)
FileExistsError: [WinError 183] Cannot create a file when that file already exists: 'C:\\laragon\\www\\dapokalsel\\sekolah\\~\\appdata\\roaming\\undetected_chromedriver\\undetected\\chromedriver-win32\\chromedriver.exe' -> 'C:\\laragon\\www\\dapokalsel\\sekolah\\~\\appdata\\roaming\\undetected_chromedriver\\undetected_chromedriver.exe'
2025-10-26 21:49:10,546 - ERROR - Error on attempt 50: Failed to setup driver
Traceback (most recent call last):
  File "C:\laragon\www\dapokalsel\sekolah\import_url_kabupaten.pyw", line 435, in process_url_induk
    raise Exception("Failed to setup driver")
Exception: Failed to setup driver
2025-10-26 21:49:10,546 - INFO - Retry attempt 51/300...
2025-10-26 21:49:25,546 - INFO - Setting up Chrome driver...
2025-10-26 21:49:25,546 - INFO - Using profile directory: C:\Windows\Temp\chrome_scraper_profile
2025-10-26 21:49:25,547 - INFO - Initializing Chrome driver (attempt 1/3)...
2025-10-26 21:49:37,314 - ERROR - Attempt 1 failed: [WinError 183] Cannot create a file when that file already exists: 'C:\\laragon\\www\\dapokalsel\\sekolah\\~\\appdata\\roaming\\undetected_chromedriver\\undetected\\chromedriver-win32\\chromedriver.exe' -> 'C:\\laragon\\www\\dapokalsel\\sekolah\\~\\appdata\\roaming\\undetected_chromedriver\\undetected_chromedriver.exe'
2025-10-26 21:49:37,314 - INFO - Retrying in 5 seconds...
2025-10-26 21:49:42,329 - INFO - Initializing Chrome driver (attempt 2/3)...
2025-10-26 21:50:00,545 - ERROR - Attempt 2 failed: [WinError 183] Cannot create a file when that file already exists: 'C:\\laragon\\www\\dapokalsel\\sekolah\\~\\appdata\\roaming\\undetected_chromedriver\\undetected\\chromedriver-win32\\chromedriver.exe' -> 'C:\\laragon\\www\\dapokalsel\\sekolah\\~\\appdata\\roaming\\undetected_chromedriver\\undetected_chromedriver.exe'
2025-10-26 21:50:00,546 - INFO - Retrying in 5 seconds...
2025-10-26 21:50:05,547 - INFO - Initializing Chrome driver (attempt 3/3)...
2025-10-26 21:50:27,522 - INFO - patching driver executable C:\laragon\www\dapokalsel\sekolah\~\appdata\roaming\undetected_chromedriver\undetected_chromedriver.exe
2025-10-26 21:50:27,626 - ERROR - Attempt 3 failed: Binary Location Must be a String
2025-10-26 21:50:27,626 - ERROR - All attempts failed to setup driver
Traceback (most recent call last):
  File "C:\laragon\www\dapokalsel\sekolah\import_url_kabupaten.pyw", line 115, in setup_driver
    driver = uc.Chrome(
  File "C:\laragon\bin\python\python-3.10\lib\site-packages\undetected_chromedriver\__init__.py", line 372, in __init__
    options.binary_location = (
  File "C:\laragon\bin\python\python-3.10\lib\site-packages\selenium\webdriver\chromium\options.py", line 52, in binary_location
    raise TypeError(self.BINARY_LOCATION_ERROR)
TypeError: Binary Location Must be a String
2025-10-26 21:50:27,627 - ERROR - Error on attempt 51: Failed to setup driver
Traceback (most recent call last):
  File "C:\laragon\www\dapokalsel\sekolah\import_url_kabupaten.pyw", line 435, in process_url_induk
    raise Exception("Failed to setup driver")
Exception: Failed to setup driver
2025-10-26 21:50:27,627 - INFO - Retry attempt 52/300...
2025-10-26 21:50:42,639 - INFO - Setting up Chrome driver...
2025-10-26 21:50:42,640 - INFO - Using profile directory: C:\Windows\Temp\chrome_scraper_profile
2025-10-26 21:50:42,640 - INFO - Initializing Chrome driver (attempt 1/3)...
2025-10-26 21:50:56,423 - INFO - patching driver executable C:\laragon\www\dapokalsel\sekolah\~\appdata\roaming\undetected_chromedriver\undetected_chromedriver.exe
2025-10-26 21:50:56,521 - ERROR - Attempt 1 failed: Binary Location Must be a String
2025-10-26 21:50:56,521 - INFO - Retrying in 5 seconds...
2025-10-26 21:51:01,522 - INFO - Initializing Chrome driver (attempt 2/3)...
2025-10-26 21:51:10,873 - ERROR - Attempt 2 failed: [WinError 183] Cannot create a file when that file already exists: 'C:\\laragon\\www\\dapokalsel\\sekolah\\~\\appdata\\roaming\\undetected_chromedriver\\undetected\\chromedriver-win32\\chromedriver.exe' -> 'C:\\laragon\\www\\dapokalsel\\sekolah\\~\\appdata\\roaming\\undetected_chromedriver\\undetected_chromedriver.exe'
2025-10-26 21:51:10,873 - INFO - Retrying in 5 seconds...
2025-10-26 21:51:15,873 - INFO - Initializing Chrome driver (attempt 3/3)...
2025-10-26 21:51:22,472 - ERROR - Attempt 3 failed: [WinError 183] Cannot create a file when that file already exists: 'C:\\laragon\\www\\dapokalsel\\sekolah\\~\\appdata\\roaming\\undetected_chromedriver\\undetected\\chromedriver-win32\\chromedriver.exe' -> 'C:\\laragon\\www\\dapokalsel\\sekolah\\~\\appdata\\roaming\\undetected_chromedriver\\undetected_chromedriver.exe'
2025-10-26 21:51:22,472 - ERROR - All attempts failed to setup driver
Traceback (most recent call last):
  File "C:\laragon\www\dapokalsel\sekolah\import_url_kabupaten.pyw", line 115, in setup_driver
    driver = uc.Chrome(
  File "C:\laragon\bin\python\python-3.10\lib\site-packages\undetected_chromedriver\__init__.py", line 258, in __init__
    self.patcher.auto()
  File "C:\laragon\bin\python\python-3.10\lib\site-packages\undetected_chromedriver\patcher.py", line 178, in auto
    self.unzip_package(self.fetch_package())
  File "C:\laragon\bin\python\python-3.10\lib\site-packages\undetected_chromedriver\patcher.py", line 310, in unzip_package
    os.rename(os.path.join(self.zip_path, exe_path), self.executable_path)
FileExistsError: [WinError 183] Cannot create a file when that file already exists: 'C:\\laragon\\www\\dapokalsel\\sekolah\\~\\appdata\\roaming\\undetected_chromedriver\\undetected\\chromedriver-win32\\chromedriver.exe' -> 'C:\\laragon\\www\\dapokalsel\\sekolah\\~\\appdata\\roaming\\undetected_chromedriver\\undetected_chromedriver.exe'
2025-10-26 21:51:22,472 - ERROR - Error on attempt 52: Failed to setup driver
Traceback (most recent call last):
  File "C:\laragon\www\dapokalsel\sekolah\import_url_kabupaten.pyw", line 435, in process_url_induk
    raise Exception("Failed to setup driver")
Exception: Failed to setup driver
2025-10-26 21:51:22,472 - INFO - Retry attempt 53/300...
2025-10-26 21:51:37,472 - INFO - Setting up Chrome driver...
2025-10-26 21:51:37,472 - INFO - Using profile directory: C:\Windows\Temp\chrome_scraper_profile
2025-10-26 21:51:37,472 - INFO - Initializing Chrome driver (attempt 1/3)...
2025-10-26 21:51:48,054 - INFO - patching driver executable C:\laragon\www\dapokalsel\sekolah\~\appdata\roaming\undetected_chromedriver\undetected_chromedriver.exe
2025-10-26 21:51:48,171 - ERROR - Attempt 1 failed: Binary Location Must be a String
2025-10-26 21:51:48,171 - INFO - Retrying in 5 seconds...
2025-10-26 21:51:53,172 - INFO - Initializing Chrome driver (attempt 2/3)...
2025-10-26 21:52:05,363 - INFO - patching driver executable C:\laragon\www\dapokalsel\sekolah\~\appdata\roaming\undetected_chromedriver\undetected_chromedriver.exe
2025-10-26 21:52:05,456 - ERROR - Attempt 2 failed: you cannot reuse the ChromeOptions object
2025-10-26 21:52:05,457 - INFO - Retrying in 5 seconds...
2025-10-26 21:52:10,457 - INFO - Initializing Chrome driver (attempt 3/3)...
2025-10-26 21:52:17,002 - ERROR - Attempt 3 failed: [WinError 183] Cannot create a file when that file already exists: 'C:\\laragon\\www\\dapokalsel\\sekolah\\~\\appdata\\roaming\\undetected_chromedriver\\undetected\\chromedriver-win32\\chromedriver.exe' -> 'C:\\laragon\\www\\dapokalsel\\sekolah\\~\\appdata\\roaming\\undetected_chromedriver\\undetected_chromedriver.exe'
2025-10-26 21:52:17,002 - ERROR - All attempts failed to setup driver
Traceback (most recent call last):
  File "C:\laragon\www\dapokalsel\sekolah\import_url_kabupaten.pyw", line 115, in setup_driver
    driver = uc.Chrome(
  File "C:\laragon\bin\python\python-3.10\lib\site-packages\undetected_chromedriver\__init__.py", line 258, in __init__
    self.patcher.auto()
  File "C:\laragon\bin\python\python-3.10\lib\site-packages\undetected_chromedriver\patcher.py", line 178, in auto
    self.unzip_package(self.fetch_package())
  File "C:\laragon\bin\python\python-3.10\lib\site-packages\undetected_chromedriver\patcher.py", line 310, in unzip_package
    os.rename(os.path.join(self.zip_path, exe_path), self.executable_path)
FileExistsError: [WinError 183] Cannot create a file when that file already exists: 'C:\\laragon\\www\\dapokalsel\\sekolah\\~\\appdata\\roaming\\undetected_chromedriver\\undetected\\chromedriver-win32\\chromedriver.exe' -> 'C:\\laragon\\www\\dapokalsel\\sekolah\\~\\appdata\\roaming\\undetected_chromedriver\\undetected_chromedriver.exe'
2025-10-26 21:52:17,002 - ERROR - Error on attempt 53: Failed to setup driver
Traceback (most recent call last):
  File "C:\laragon\www\dapokalsel\sekolah\import_url_kabupaten.pyw", line 435, in process_url_induk
    raise Exception("Failed to setup driver")
Exception: Failed to setup driver
2025-10-26 21:52:17,002 - INFO - Retry attempt 54/300...
2025-10-26 21:52:32,003 - INFO - Setting up Chrome driver...
2025-10-26 21:52:32,005 - INFO - Using profile directory: C:\Windows\Temp\chrome_scraper_profile
2025-10-26 21:52:32,005 - INFO - Initializing Chrome driver (attempt 1/3)...
2025-10-26 21:52:37,684 - ERROR - Attempt 1 failed: [WinError 183] Cannot create a file when that file already exists: 'C:\\laragon\\www\\dapokalsel\\sekolah\\~\\appdata\\roaming\\undetected_chromedriver\\undetected\\chromedriver-win32\\chromedriver.exe' -> 'C:\\laragon\\www\\dapokalsel\\sekolah\\~\\appdata\\roaming\\undetected_chromedriver\\undetected_chromedriver.exe'
2025-10-26 21:52:37,684 - INFO - Retrying in 5 seconds...
2025-10-26 21:52:42,685 - INFO - Initializing Chrome driver (attempt 2/3)...
2025-10-26 21:52:48,751 - INFO - patching driver executable C:\laragon\www\dapokalsel\sekolah\~\appdata\roaming\undetected_chromedriver\undetected_chromedriver.exe
2025-10-26 21:52:48,834 - ERROR - Attempt 2 failed: Binary Location Must be a String
2025-10-26 21:52:48,834 - INFO - Retrying in 5 seconds...
2025-10-26 21:52:53,848 - INFO - Initializing Chrome driver (attempt 3/3)...
2025-10-26 21:53:05,017 - INFO - patching driver executable C:\laragon\www\dapokalsel\sekolah\~\appdata\roaming\undetected_chromedriver\undetected_chromedriver.exe
2025-10-26 21:53:05,099 - ERROR - Attempt 3 failed: you cannot reuse the ChromeOptions object
2025-10-26 21:53:05,099 - ERROR - All attempts failed to setup driver
Traceback (most recent call last):
  File "C:\laragon\www\dapokalsel\sekolah\import_url_kabupaten.pyw", line 115, in setup_driver
    driver = uc.Chrome(
  File "C:\laragon\bin\python\python-3.10\lib\site-packages\undetected_chromedriver\__init__.py", line 269, in __init__
    raise RuntimeError("you cannot reuse the ChromeOptions object")
RuntimeError: you cannot reuse the ChromeOptions object
2025-10-26 21:53:05,099 - ERROR - Error on attempt 54: Failed to setup driver
Traceback (most recent call last):
  File "C:\laragon\www\dapokalsel\sekolah\import_url_kabupaten.pyw", line 435, in process_url_induk
    raise Exception("Failed to setup driver")
Exception: Failed to setup driver
2025-10-26 21:53:05,099 - INFO - Retry attempt 55/300...
2025-10-26 21:53:20,100 - INFO - Setting up Chrome driver...
2025-10-26 21:53:20,100 - INFO - Using profile directory: C:\Windows\Temp\chrome_scraper_profile
2025-10-26 21:53:20,100 - INFO - Initializing Chrome driver (attempt 1/3)...
2025-10-26 21:53:26,016 - INFO - patching driver executable C:\laragon\www\dapokalsel\sekolah\~\appdata\roaming\undetected_chromedriver\undetected_chromedriver.exe
2025-10-26 21:53:26,098 - ERROR - Attempt 1 failed: Binary Location Must be a String
2025-10-26 21:53:26,099 - INFO - Retrying in 5 seconds...
2025-10-26 21:53:31,116 - INFO - Initializing Chrome driver (attempt 2/3)...
2025-10-26 21:53:42,282 - ERROR - Attempt 2 failed: [WinError 183] Cannot create a file when that file already exists: 'C:\\laragon\\www\\dapokalsel\\sekolah\\~\\appdata\\roaming\\undetected_chromedriver\\undetected\\chromedriver-win32\\chromedriver.exe' -> 'C:\\laragon\\www\\dapokalsel\\sekolah\\~\\appdata\\roaming\\undetected_chromedriver\\undetected_chromedriver.exe'
2025-10-26 21:53:42,282 - INFO - Retrying in 5 seconds...
2025-10-26 21:53:47,298 - INFO - Initializing Chrome driver (attempt 3/3)...
2025-10-26 21:54:02,131 - ERROR - Attempt 3 failed: [WinError 183] Cannot create a file when that file already exists: 'C:\\laragon\\www\\dapokalsel\\sekolah\\~\\appdata\\roaming\\undetected_chromedriver\\undetected\\chromedriver-win32\\chromedriver.exe' -> 'C:\\laragon\\www\\dapokalsel\\sekolah\\~\\appdata\\roaming\\undetected_chromedriver\\undetected_chromedriver.exe'
2025-10-26 21:54:02,131 - ERROR - All attempts failed to setup driver
Traceback (most recent call last):
  File "C:\laragon\www\dapokalsel\sekolah\import_url_kabupaten.pyw", line 115, in setup_driver
    driver = uc.Chrome(
  File "C:\laragon\bin\python\python-3.10\lib\site-packages\undetected_chromedriver\__init__.py", line 258, in __init__
    self.patcher.auto()
  File "C:\laragon\bin\python\python-3.10\lib\site-packages\undetected_chromedriver\patcher.py", line 178, in auto
    self.unzip_package(self.fetch_package())
  File "C:\laragon\bin\python\python-3.10\lib\site-packages\undetected_chromedriver\patcher.py", line 310, in unzip_package
    os.rename(os.path.join(self.zip_path, exe_path), self.executable_path)
FileExistsError: [WinError 183] Cannot create a file when that file already exists: 'C:\\laragon\\www\\dapokalsel\\sekolah\\~\\appdata\\roaming\\undetected_chromedriver\\undetected\\chromedriver-win32\\chromedriver.exe' -> 'C:\\laragon\\www\\dapokalsel\\sekolah\\~\\appdata\\roaming\\undetected_chromedriver\\undetected_chromedriver.exe'
2025-10-26 21:54:02,131 - ERROR - Error on attempt 55: Failed to setup driver
Traceback (most recent call last):
  File "C:\laragon\www\dapokalsel\sekolah\import_url_kabupaten.pyw", line 435, in process_url_induk
    raise Exception("Failed to setup driver")
Exception: Failed to setup driver
2025-10-26 21:54:02,131 - INFO - Retry attempt 56/300...
2025-10-26 21:54:17,131 - INFO - Setting up Chrome driver...
2025-10-26 21:54:17,133 - INFO - Using profile directory: C:\Windows\Temp\chrome_scraper_profile
2025-10-26 21:54:17,133 - INFO - Initializing Chrome driver (attempt 1/3)...
2025-10-26 21:54:25,128 - INFO - patching driver executable C:\laragon\www\dapokalsel\sekolah\~\appdata\roaming\undetected_chromedriver\undetected_chromedriver.exe
2025-10-26 21:54:25,224 - ERROR - Attempt 1 failed: Binary Location Must be a String
2025-10-26 21:54:25,224 - INFO - Retrying in 5 seconds...
2025-10-26 21:54:30,227 - INFO - Initializing Chrome driver (attempt 2/3)...
2025-10-26 21:54:42,694 - ERROR - Attempt 2 failed: [WinError 183] Cannot create a file when that file already exists: 'C:\\laragon\\www\\dapokalsel\\sekolah\\~\\appdata\\roaming\\undetected_chromedriver\\undetected\\chromedriver-win32\\chromedriver.exe' -> 'C:\\laragon\\www\\dapokalsel\\sekolah\\~\\appdata\\roaming\\undetected_chromedriver\\undetected_chromedriver.exe'
2025-10-26 21:54:42,694 - INFO - Retrying in 5 seconds...
2025-10-26 21:54:47,694 - INFO - Initializing Chrome driver (attempt 3/3)...
2025-10-26 21:54:55,627 - ERROR - Attempt 3 failed: [WinError 183] Cannot create a file when that file already exists: 'C:\\laragon\\www\\dapokalsel\\sekolah\\~\\appdata\\roaming\\undetected_chromedriver\\undetected\\chromedriver-win32\\chromedriver.exe' -> 'C:\\laragon\\www\\dapokalsel\\sekolah\\~\\appdata\\roaming\\undetected_chromedriver\\undetected_chromedriver.exe'
2025-10-26 21:54:55,627 - ERROR - All attempts failed to setup driver
Traceback (most recent call last):
  File "C:\laragon\www\dapokalsel\sekolah\import_url_kabupaten.pyw", line 115, in setup_driver
    driver = uc.Chrome(
  File "C:\laragon\bin\python\python-3.10\lib\site-packages\undetected_chromedriver\__init__.py", line 258, in __init__
    self.patcher.auto()
  File "C:\laragon\bin\python\python-3.10\lib\site-packages\undetected_chromedriver\patcher.py", line 178, in auto
    self.unzip_package(self.fetch_package())
  File "C:\laragon\bin\python\python-3.10\lib\site-packages\undetected_chromedriver\patcher.py", line 310, in unzip_package
    os.rename(os.path.join(self.zip_path, exe_path), self.executable_path)
FileExistsError: [WinError 183] Cannot create a file when that file already exists: 'C:\\laragon\\www\\dapokalsel\\sekolah\\~\\appdata\\roaming\\undetected_chromedriver\\undetected\\chromedriver-win32\\chromedriver.exe' -> 'C:\\laragon\\www\\dapokalsel\\sekolah\\~\\appdata\\roaming\\undetected_chromedriver\\undetected_chromedriver.exe'
2025-10-26 21:54:55,628 - ERROR - Error on attempt 56: Failed to setup driver
Traceback (most recent call last):
  File "C:\laragon\www\dapokalsel\sekolah\import_url_kabupaten.pyw", line 435, in process_url_induk
    raise Exception("Failed to setup driver")
Exception: Failed to setup driver
2025-10-26 21:54:55,628 - INFO - Retry attempt 57/300...
2025-10-26 21:55:10,629 - INFO - Setting up Chrome driver...
2025-10-26 21:55:10,630 - INFO - Using profile directory: C:\Windows\Temp\chrome_scraper_profile
2025-10-26 21:55:10,630 - INFO - Initializing Chrome driver (attempt 1/3)...
2025-10-26 21:55:19,647 - INFO - patching driver executable C:\laragon\www\dapokalsel\sekolah\~\appdata\roaming\undetected_chromedriver\undetected_chromedriver.exe
2025-10-26 21:55:19,736 - ERROR - Attempt 1 failed: Binary Location Must be a String
2025-10-26 21:55:19,736 - INFO - Retrying in 5 seconds...
2025-10-26 21:55:24,741 - INFO - Initializing Chrome driver (attempt 2/3)...
2025-10-26 21:55:37,641 - INFO - patching driver executable C:\laragon\www\dapokalsel\sekolah\~\appdata\roaming\undetected_chromedriver\undetected_chromedriver.exe
2025-10-26 21:55:37,753 - ERROR - Attempt 2 failed: you cannot reuse the ChromeOptions object
2025-10-26 21:55:37,753 - INFO - Retrying in 5 seconds...
2025-10-26 21:55:42,753 - INFO - Initializing Chrome driver (attempt 3/3)...
2025-10-26 21:55:51,610 - INFO - patching driver executable C:\laragon\www\dapokalsel\sekolah\~\appdata\roaming\undetected_chromedriver\undetected_chromedriver.exe
2025-10-26 21:55:51,713 - ERROR - Attempt 3 failed: you cannot reuse the ChromeOptions object
2025-10-26 21:55:51,713 - ERROR - All attempts failed to setup driver
Traceback (most recent call last):
  File "C:\laragon\www\dapokalsel\sekolah\import_url_kabupaten.pyw", line 115, in setup_driver
    driver = uc.Chrome(
  File "C:\laragon\bin\python\python-3.10\lib\site-packages\undetected_chromedriver\__init__.py", line 269, in __init__
    raise RuntimeError("you cannot reuse the ChromeOptions object")
RuntimeError: you cannot reuse the ChromeOptions object
2025-10-26 21:55:51,713 - ERROR - Error on attempt 57: Failed to setup driver
Traceback (most recent call last):
  File "C:\laragon\www\dapokalsel\sekolah\import_url_kabupaten.pyw", line 435, in process_url_induk
    raise Exception("Failed to setup driver")
Exception: Failed to setup driver
2025-10-26 21:55:51,714 - INFO - Retry attempt 58/300...
2025-10-26 21:56:06,724 - INFO - Setting up Chrome driver...
2025-10-26 21:56:06,726 - INFO - Using profile directory: C:\Windows\Temp\chrome_scraper_profile
2025-10-26 21:56:06,727 - INFO - Initializing Chrome driver (attempt 1/3)...
2025-10-26 21:56:13,517 - INFO - patching driver executable C:\laragon\www\dapokalsel\sekolah\~\appdata\roaming\undetected_chromedriver\undetected_chromedriver.exe
2025-10-26 21:56:13,610 - ERROR - Attempt 1 failed: Binary Location Must be a String
2025-10-26 21:56:13,610 - INFO - Retrying in 5 seconds...
2025-10-26 21:56:18,610 - INFO - Initializing Chrome driver (attempt 2/3)...
2025-10-26 21:56:34,221 - ERROR - Attempt 2 failed: [WinError 183] Cannot create a file when that file already exists: 'C:\\laragon\\www\\dapokalsel\\sekolah\\~\\appdata\\roaming\\undetected_chromedriver\\undetected\\chromedriver-win32\\chromedriver.exe' -> 'C:\\laragon\\www\\dapokalsel\\sekolah\\~\\appdata\\roaming\\undetected_chromedriver\\undetected_chromedriver.exe'
2025-10-26 21:56:34,221 - INFO - Retrying in 5 seconds...
2025-10-26 21:56:39,234 - INFO - Initializing Chrome driver (attempt 3/3)...
2025-10-26 21:56:46,577 - INFO - patching driver executable C:\laragon\www\dapokalsel\sekolah\~\appdata\roaming\undetected_chromedriver\undetected_chromedriver.exe
2025-10-26 21:56:46,671 - ERROR - Attempt 3 failed: you cannot reuse the ChromeOptions object
2025-10-26 21:56:46,671 - ERROR - All attempts failed to setup driver
Traceback (most recent call last):
  File "C:\laragon\www\dapokalsel\sekolah\import_url_kabupaten.pyw", line 115, in setup_driver
    driver = uc.Chrome(
  File "C:\laragon\bin\python\python-3.10\lib\site-packages\undetected_chromedriver\__init__.py", line 269, in __init__
    raise RuntimeError("you cannot reuse the ChromeOptions object")
RuntimeError: you cannot reuse the ChromeOptions object
2025-10-26 21:56:46,671 - ERROR - Error on attempt 58: Failed to setup driver
Traceback (most recent call last):
  File "C:\laragon\www\dapokalsel\sekolah\import_url_kabupaten.pyw", line 435, in process_url_induk
    raise Exception("Failed to setup driver")
Exception: Failed to setup driver
2025-10-26 21:56:46,671 - INFO - Retry attempt 59/300...
2025-10-26 21:57:01,672 - INFO - Setting up Chrome driver...
2025-10-26 21:57:01,672 - INFO - Using profile directory: C:\Windows\Temp\chrome_scraper_profile
2025-10-26 21:57:01,672 - INFO - Initializing Chrome driver (attempt 1/3)...
2025-10-26 21:57:08,454 - ERROR - Attempt 1 failed: [WinError 183] Cannot create a file when that file already exists: 'C:\\laragon\\www\\dapokalsel\\sekolah\\~\\appdata\\roaming\\undetected_chromedriver\\undetected\\chromedriver-win32\\chromedriver.exe' -> 'C:\\laragon\\www\\dapokalsel\\sekolah\\~\\appdata\\roaming\\undetected_chromedriver\\undetected_chromedriver.exe'
2025-10-26 21:57:08,454 - INFO - Retrying in 5 seconds...
2025-10-26 21:57:13,454 - INFO - Initializing Chrome driver (attempt 2/3)...
2025-10-26 21:57:25,675 - INFO - patching driver executable C:\laragon\www\dapokalsel\sekolah\~\appdata\roaming\undetected_chromedriver\undetected_chromedriver.exe
2025-10-26 21:57:25,752 - ERROR - Attempt 2 failed: Binary Location Must be a String
2025-10-26 21:57:25,767 - INFO - Retrying in 5 seconds...
2025-10-26 21:57:30,769 - INFO - Initializing Chrome driver (attempt 3/3)...
2025-10-26 21:57:41,549 - INFO - patching driver executable C:\laragon\www\dapokalsel\sekolah\~\appdata\roaming\undetected_chromedriver\undetected_chromedriver.exe
2025-10-26 21:57:41,648 - ERROR - Attempt 3 failed: you cannot reuse the ChromeOptions object
2025-10-26 21:57:41,648 - ERROR - All attempts failed to setup driver
Traceback (most recent call last):
  File "C:\laragon\www\dapokalsel\sekolah\import_url_kabupaten.pyw", line 115, in setup_driver
    driver = uc.Chrome(
  File "C:\laragon\bin\python\python-3.10\lib\site-packages\undetected_chromedriver\__init__.py", line 269, in __init__
    raise RuntimeError("you cannot reuse the ChromeOptions object")
RuntimeError: you cannot reuse the ChromeOptions object
2025-10-26 21:57:41,648 - ERROR - Error on attempt 59: Failed to setup driver
Traceback (most recent call last):
  File "C:\laragon\www\dapokalsel\sekolah\import_url_kabupaten.pyw", line 435, in process_url_induk
    raise Exception("Failed to setup driver")
Exception: Failed to setup driver
2025-10-26 21:57:41,648 - INFO - Retry attempt 60/300...
2025-10-26 21:57:56,649 - INFO - Setting up Chrome driver...
2025-10-26 21:57:56,651 - INFO - Using profile directory: C:\Windows\Temp\chrome_scraper_profile
2025-10-26 21:57:56,651 - INFO - Initializing Chrome driver (attempt 1/3)...
2025-10-26 21:58:09,137 - INFO - patching driver executable C:\laragon\www\dapokalsel\sekolah\~\appdata\roaming\undetected_chromedriver\undetected_chromedriver.exe
2025-10-26 21:58:09,274 - ERROR - Attempt 1 failed: Binary Location Must be a String
2025-10-26 21:58:09,274 - INFO - Retrying in 5 seconds...
2025-10-26 21:58:14,274 - INFO - Initializing Chrome driver (attempt 2/3)...
2025-10-26 21:58:20,949 - INFO - patching driver executable C:\laragon\www\dapokalsel\sekolah\~\appdata\roaming\undetected_chromedriver\undetected_chromedriver.exe
2025-10-26 21:58:21,032 - ERROR - Attempt 2 failed: you cannot reuse the ChromeOptions object
2025-10-26 21:58:21,032 - INFO - Retrying in 5 seconds...
2025-10-26 21:58:26,033 - INFO - Initializing Chrome driver (attempt 3/3)...
2025-10-26 21:58:35,963 - ERROR - Attempt 3 failed: [WinError 183] Cannot create a file when that file already exists: 'C:\\laragon\\www\\dapokalsel\\sekolah\\~\\appdata\\roaming\\undetected_chromedriver\\undetected\\chromedriver-win32\\chromedriver.exe' -> 'C:\\laragon\\www\\dapokalsel\\sekolah\\~\\appdata\\roaming\\undetected_chromedriver\\undetected_chromedriver.exe'
2025-10-26 21:58:35,964 - ERROR - All attempts failed to setup driver
Traceback (most recent call last):
  File "C:\laragon\www\dapokalsel\sekolah\import_url_kabupaten.pyw", line 115, in setup_driver
    driver = uc.Chrome(
  File "C:\laragon\bin\python\python-3.10\lib\site-packages\undetected_chromedriver\__init__.py", line 258, in __init__
    self.patcher.auto()
  File "C:\laragon\bin\python\python-3.10\lib\site-packages\undetected_chromedriver\patcher.py", line 178, in auto
    self.unzip_package(self.fetch_package())
  File "C:\laragon\bin\python\python-3.10\lib\site-packages\undetected_chromedriver\patcher.py", line 310, in unzip_package
    os.rename(os.path.join(self.zip_path, exe_path), self.executable_path)
FileExistsError: [WinError 183] Cannot create a file when that file already exists: 'C:\\laragon\\www\\dapokalsel\\sekolah\\~\\appdata\\roaming\\undetected_chromedriver\\undetected\\chromedriver-win32\\chromedriver.exe' -> 'C:\\laragon\\www\\dapokalsel\\sekolah\\~\\appdata\\roaming\\undetected_chromedriver\\undetected_chromedriver.exe'
2025-10-26 21:58:35,965 - ERROR - Error on attempt 60: Failed to setup driver
Traceback (most recent call last):
  File "C:\laragon\www\dapokalsel\sekolah\import_url_kabupaten.pyw", line 435, in process_url_induk
    raise Exception("Failed to setup driver")
Exception: Failed to setup driver
2025-10-26 21:58:35,965 - INFO - Retry attempt 61/300...
2025-10-26 21:58:50,978 - INFO - Setting up Chrome driver...
2025-10-26 21:58:50,979 - INFO - Using profile directory: C:\Windows\Temp\chrome_scraper_profile
2025-10-26 21:58:50,980 - INFO - Initializing Chrome driver (attempt 1/3)...
2025-10-26 21:59:04,330 - INFO - patching driver executable C:\laragon\www\dapokalsel\sekolah\~\appdata\roaming\undetected_chromedriver\undetected_chromedriver.exe
2025-10-26 21:59:04,430 - ERROR - Attempt 1 failed: Binary Location Must be a String
2025-10-26 21:59:04,430 - INFO - Retrying in 5 seconds...
2025-10-26 21:59:09,431 - INFO - Initializing Chrome driver (attempt 2/3)...
2025-10-26 21:59:18,811 - INFO - patching driver executable C:\laragon\www\dapokalsel\sekolah\~\appdata\roaming\undetected_chromedriver\undetected_chromedriver.exe
2025-10-26 21:59:18,929 - ERROR - Attempt 2 failed: you cannot reuse the ChromeOptions object
2025-10-26 21:59:18,929 - INFO - Retrying in 5 seconds...
2025-10-26 21:59:23,930 - INFO - Initializing Chrome driver (attempt 3/3)...
2025-10-26 21:59:36,111 - ERROR - Attempt 3 failed: [WinError 183] Cannot create a file when that file already exists: 'C:\\laragon\\www\\dapokalsel\\sekolah\\~\\appdata\\roaming\\undetected_chromedriver\\undetected\\chromedriver-win32\\chromedriver.exe' -> 'C:\\laragon\\www\\dapokalsel\\sekolah\\~\\appdata\\roaming\\undetected_chromedriver\\undetected_chromedriver.exe'
2025-10-26 21:59:36,111 - ERROR - All attempts failed to setup driver
Traceback (most recent call last):
  File "C:\laragon\www\dapokalsel\sekolah\import_url_kabupaten.pyw", line 115, in setup_driver
    driver = uc.Chrome(
  File "C:\laragon\bin\python\python-3.10\lib\site-packages\undetected_chromedriver\__init__.py", line 258, in __init__
    self.patcher.auto()
  File "C:\laragon\bin\python\python-3.10\lib\site-packages\undetected_chromedriver\patcher.py", line 178, in auto
    self.unzip_package(self.fetch_package())
  File "C:\laragon\bin\python\python-3.10\lib\site-packages\undetected_chromedriver\patcher.py", line 310, in unzip_package
    os.rename(os.path.join(self.zip_path, exe_path), self.executable_path)
FileExistsError: [WinError 183] Cannot create a file when that file already exists: 'C:\\laragon\\www\\dapokalsel\\sekolah\\~\\appdata\\roaming\\undetected_chromedriver\\undetected\\chromedriver-win32\\chromedriver.exe' -> 'C:\\laragon\\www\\dapokalsel\\sekolah\\~\\appdata\\roaming\\undetected_chromedriver\\undetected_chromedriver.exe'
2025-10-26 21:59:36,111 - ERROR - Error on attempt 61: Failed to setup driver
Traceback (most recent call last):
  File "C:\laragon\www\dapokalsel\sekolah\import_url_kabupaten.pyw", line 435, in process_url_induk
    raise Exception("Failed to setup driver")
Exception: Failed to setup driver
2025-10-26 21:59:36,111 - INFO - Retry attempt 62/300...
2025-10-26 21:59:51,112 - INFO - Setting up Chrome driver...
2025-10-26 21:59:51,112 - INFO - Using profile directory: C:\Windows\Temp\chrome_scraper_profile
2025-10-26 21:59:51,112 - INFO - Initializing Chrome driver (attempt 1/3)...
2025-10-26 22:00:12,010 - ERROR - Attempt 1 failed: [WinError 183] Cannot create a file when that file already exists: 'C:\\laragon\\www\\dapokalsel\\sekolah\\~\\appdata\\roaming\\undetected_chromedriver\\undetected\\chromedriver-win32\\chromedriver.exe' -> 'C:\\laragon\\www\\dapokalsel\\sekolah\\~\\appdata\\roaming\\undetected_chromedriver\\undetected_chromedriver.exe'
2025-10-26 22:00:12,010 - INFO - Retrying in 5 seconds...
2025-10-26 22:00:17,024 - INFO - Initializing Chrome driver (attempt 2/3)...
2025-10-26 22:00:37,975 - ERROR - Attempt 2 failed: [WinError 183] Cannot create a file when that file already exists: 'C:\\laragon\\www\\dapokalsel\\sekolah\\~\\appdata\\roaming\\undetected_chromedriver\\undetected\\chromedriver-win32\\chromedriver.exe' -> 'C:\\laragon\\www\\dapokalsel\\sekolah\\~\\appdata\\roaming\\undetected_chromedriver\\undetected_chromedriver.exe'
2025-10-26 22:00:37,975 - INFO - Retrying in 5 seconds...
2025-10-26 22:00:42,976 - INFO - Initializing Chrome driver (attempt 3/3)...
2025-10-26 22:00:49,185 - ERROR - Attempt 3 failed: [WinError 183] Cannot create a file when that file already exists: 'C:\\laragon\\www\\dapokalsel\\sekolah\\~\\appdata\\roaming\\undetected_chromedriver\\undetected\\chromedriver-win32\\chromedriver.exe' -> 'C:\\laragon\\www\\dapokalsel\\sekolah\\~\\appdata\\roaming\\undetected_chromedriver\\undetected_chromedriver.exe'
2025-10-26 22:00:49,185 - ERROR - All attempts failed to setup driver
Traceback (most recent call last):
  File "C:\laragon\www\dapokalsel\sekolah\import_url_kabupaten.pyw", line 115, in setup_driver
    driver = uc.Chrome(
  File "C:\laragon\bin\python\python-3.10\lib\site-packages\undetected_chromedriver\__init__.py", line 258, in __init__
    self.patcher.auto()
  File "C:\laragon\bin\python\python-3.10\lib\site-packages\undetected_chromedriver\patcher.py", line 178, in auto
    self.unzip_package(self.fetch_package())
  File "C:\laragon\bin\python\python-3.10\lib\site-packages\undetected_chromedriver\patcher.py", line 310, in unzip_package
    os.rename(os.path.join(self.zip_path, exe_path), self.executable_path)
FileExistsError: [WinError 183] Cannot create a file when that file already exists: 'C:\\laragon\\www\\dapokalsel\\sekolah\\~\\appdata\\roaming\\undetected_chromedriver\\undetected\\chromedriver-win32\\chromedriver.exe' -> 'C:\\laragon\\www\\dapokalsel\\sekolah\\~\\appdata\\roaming\\undetected_chromedriver\\undetected_chromedriver.exe'
2025-10-26 22:00:49,186 - ERROR - Error on attempt 62: Failed to setup driver
Traceback (most recent call last):
  File "C:\laragon\www\dapokalsel\sekolah\import_url_kabupaten.pyw", line 435, in process_url_induk
    raise Exception("Failed to setup driver")
Exception: Failed to setup driver
2025-10-26 22:00:49,187 - INFO - Retry attempt 63/300...
2025-10-26 22:01:04,188 - INFO - Setting up Chrome driver...
2025-10-26 22:01:04,191 - INFO - Using profile directory: C:\Windows\Temp\chrome_scraper_profile
2025-10-26 22:01:04,192 - INFO - Initializing Chrome driver (attempt 1/3)...
2025-10-26 22:01:12,423 - ERROR - Attempt 1 failed: [WinError 183] Cannot create a file when that file already exists: 'C:\\laragon\\www\\dapokalsel\\sekolah\\~\\appdata\\roaming\\undetected_chromedriver\\undetected\\chromedriver-win32\\chromedriver.exe' -> 'C:\\laragon\\www\\dapokalsel\\sekolah\\~\\appdata\\roaming\\undetected_chromedriver\\undetected_chromedriver.exe'
2025-10-26 22:01:12,437 - INFO - Retrying in 5 seconds...
2025-10-26 22:01:17,448 - INFO - Initializing Chrome driver (attempt 2/3)...
2025-10-26 22:01:23,203 - INFO - patching driver executable C:\laragon\www\dapokalsel\sekolah\~\appdata\roaming\undetected_chromedriver\undetected_chromedriver.exe
2025-10-26 22:01:23,357 - ERROR - Attempt 2 failed: Binary Location Must be a String
2025-10-26 22:01:23,357 - INFO - Retrying in 5 seconds...
2025-10-26 22:01:28,373 - INFO - Initializing Chrome driver (attempt 3/3)...
2025-10-26 22:01:39,596 - ERROR - Attempt 3 failed: [WinError 32] The process cannot access the file because it is being used by another process: 'C:\\laragon\\www\\dapokalsel\\sekolah\\~\\appdata\\roaming\\undetected_chromedriver\\undetected\\chromedriver-win32\\chromedriver.exe' -> 'C:\\laragon\\www\\dapokalsel\\sekolah\\~\\appdata\\roaming\\undetected_chromedriver\\undetected_chromedriver.exe'
2025-10-26 22:01:39,596 - ERROR - All attempts failed to setup driver
Traceback (most recent call last):
  File "C:\laragon\www\dapokalsel\sekolah\import_url_kabupaten.pyw", line 115, in setup_driver
    driver = uc.Chrome(
  File "C:\laragon\bin\python\python-3.10\lib\site-packages\undetected_chromedriver\__init__.py", line 258, in __init__
    self.patcher.auto()
  File "C:\laragon\bin\python\python-3.10\lib\site-packages\undetected_chromedriver\patcher.py", line 178, in auto
    self.unzip_package(self.fetch_package())
  File "C:\laragon\bin\python\python-3.10\lib\site-packages\undetected_chromedriver\patcher.py", line 310, in unzip_package
    os.rename(os.path.join(self.zip_path, exe_path), self.executable_path)
PermissionError: [WinError 32] The process cannot access the file because it is being used by another process: 'C:\\laragon\\www\\dapokalsel\\sekolah\\~\\appdata\\roaming\\undetected_chromedriver\\undetected\\chromedriver-win32\\chromedriver.exe' -> 'C:\\laragon\\www\\dapokalsel\\sekolah\\~\\appdata\\roaming\\undetected_chromedriver\\undetected_chromedriver.exe'
2025-10-26 22:01:39,596 - ERROR - Error on attempt 63: Failed to setup driver
Traceback (most recent call last):
  File "C:\laragon\www\dapokalsel\sekolah\import_url_kabupaten.pyw", line 435, in process_url_induk
    raise Exception("Failed to setup driver")
Exception: Failed to setup driver
2025-10-26 22:01:39,596 - INFO - Retry attempt 64/300...
2025-10-26 22:01:54,605 - INFO - Setting up Chrome driver...
2025-10-26 22:01:54,607 - INFO - Using profile directory: C:\Windows\Temp\chrome_scraper_profile
2025-10-26 22:01:54,609 - INFO - Initializing Chrome driver (attempt 1/3)...
2025-10-26 22:01:59,920 - INFO - patching driver executable C:\laragon\www\dapokalsel\sekolah\~\appdata\roaming\undetected_chromedriver\undetected_chromedriver.exe
2025-10-26 22:02:00,004 - ERROR - Attempt 1 failed: Binary Location Must be a String
2025-10-26 22:02:00,004 - INFO - Retrying in 5 seconds...
2025-10-26 22:02:05,005 - INFO - Initializing Chrome driver (attempt 2/3)...
2025-10-26 22:02:18,578 - ERROR - Attempt 2 failed: [WinError 183] Cannot create a file when that file already exists: 'C:\\laragon\\www\\dapokalsel\\sekolah\\~\\appdata\\roaming\\undetected_chromedriver\\undetected\\chromedriver-win32\\chromedriver.exe' -> 'C:\\laragon\\www\\dapokalsel\\sekolah\\~\\appdata\\roaming\\undetected_chromedriver\\undetected_chromedriver.exe'
2025-10-26 22:02:18,578 - INFO - Retrying in 5 seconds...
2025-10-26 22:02:23,580 - INFO - Initializing Chrome driver (attempt 3/3)...
2025-10-26 22:02:36,252 - ERROR - Attempt 3 failed: [WinError 183] Cannot create a file when that file already exists: 'C:\\laragon\\www\\dapokalsel\\sekolah\\~\\appdata\\roaming\\undetected_chromedriver\\undetected\\chromedriver-win32\\chromedriver.exe' -> 'C:\\laragon\\www\\dapokalsel\\sekolah\\~\\appdata\\roaming\\undetected_chromedriver\\undetected_chromedriver.exe'
2025-10-26 22:02:36,252 - ERROR - All attempts failed to setup driver
Traceback (most recent call last):
  File "C:\laragon\www\dapokalsel\sekolah\import_url_kabupaten.pyw", line 115, in setup_driver
    driver = uc.Chrome(
  File "C:\laragon\bin\python\python-3.10\lib\site-packages\undetected_chromedriver\__init__.py", line 258, in __init__
    self.patcher.auto()
  File "C:\laragon\bin\python\python-3.10\lib\site-packages\undetected_chromedriver\patcher.py", line 178, in auto
    self.unzip_package(self.fetch_package())
  File "C:\laragon\bin\python\python-3.10\lib\site-packages\undetected_chromedriver\patcher.py", line 310, in unzip_package
    os.rename(os.path.join(self.zip_path, exe_path), self.executable_path)
FileExistsError: [WinError 183] Cannot create a file when that file already exists: 'C:\\laragon\\www\\dapokalsel\\sekolah\\~\\appdata\\roaming\\undetected_chromedriver\\undetected\\chromedriver-win32\\chromedriver.exe' -> 'C:\\laragon\\www\\dapokalsel\\sekolah\\~\\appdata\\roaming\\undetected_chromedriver\\undetected_chromedriver.exe'
2025-10-26 22:02:36,252 - ERROR - Error on attempt 64: Failed to setup driver
Traceback (most recent call last):
  File "C:\laragon\www\dapokalsel\sekolah\import_url_kabupaten.pyw", line 435, in process_url_induk
    raise Exception("Failed to setup driver")
Exception: Failed to setup driver
2025-10-26 22:02:36,252 - INFO - Retry attempt 65/300...
2025-10-26 22:02:51,266 - INFO - Setting up Chrome driver...
2025-10-26 22:02:51,266 - INFO - Using profile directory: C:\Windows\Temp\chrome_scraper_profile
2025-10-26 22:02:51,266 - INFO - Initializing Chrome driver (attempt 1/3)...
2025-10-26 22:02:55,974 - INFO - patching driver executable C:\laragon\www\dapokalsel\sekolah\~\appdata\roaming\undetected_chromedriver\undetected_chromedriver.exe
2025-10-26 22:02:56,072 - ERROR - Attempt 1 failed: Binary Location Must be a String
2025-10-26 22:02:56,072 - INFO - Retrying in 5 seconds...
2025-10-26 22:03:01,081 - INFO - Initializing Chrome driver (attempt 2/3)...
2025-10-26 22:03:17,966 - INFO - patching driver executable C:\laragon\www\dapokalsel\sekolah\~\appdata\roaming\undetected_chromedriver\undetected_chromedriver.exe
2025-10-26 22:03:18,066 - ERROR - Attempt 2 failed: you cannot reuse the ChromeOptions object
2025-10-26 22:03:18,066 - INFO - Retrying in 5 seconds...
2025-10-26 22:03:23,067 - INFO - Initializing Chrome driver (attempt 3/3)...
2025-10-26 22:03:29,372 - INFO - patching driver executable C:\laragon\www\dapokalsel\sekolah\~\appdata\roaming\undetected_chromedriver\undetected_chromedriver.exe
2025-10-26 22:03:29,459 - ERROR - Attempt 3 failed: you cannot reuse the ChromeOptions object
2025-10-26 22:03:29,459 - ERROR - All attempts failed to setup driver
Traceback (most recent call last):
  File "C:\laragon\www\dapokalsel\sekolah\import_url_kabupaten.pyw", line 115, in setup_driver
    driver = uc.Chrome(
  File "C:\laragon\bin\python\python-3.10\lib\site-packages\undetected_chromedriver\__init__.py", line 269, in __init__
    raise RuntimeError("you cannot reuse the ChromeOptions object")
RuntimeError: you cannot reuse the ChromeOptions object
2025-10-26 22:03:29,459 - ERROR - Error on attempt 65: Failed to setup driver
Traceback (most recent call last):
  File "C:\laragon\www\dapokalsel\sekolah\import_url_kabupaten.pyw", line 435, in process_url_induk
    raise Exception("Failed to setup driver")
Exception: Failed to setup driver
2025-10-26 22:03:29,459 - INFO - Retry attempt 66/300...
2025-10-26 22:03:44,460 - INFO - Setting up Chrome driver...
2025-10-26 22:03:44,460 - INFO - Using profile directory: C:\Windows\Temp\chrome_scraper_profile
2025-10-26 22:03:44,460 - INFO - Initializing Chrome driver (attempt 1/3)...
2025-10-26 22:03:51,679 - INFO - patching driver executable C:\laragon\www\dapokalsel\sekolah\~\appdata\roaming\undetected_chromedriver\undetected_chromedriver.exe
2025-10-26 22:03:51,758 - ERROR - Attempt 1 failed: Binary Location Must be a String
2025-10-26 22:03:51,758 - INFO - Retrying in 5 seconds...
2025-10-26 22:03:56,763 - INFO - Initializing Chrome driver (attempt 2/3)...
2025-10-26 22:04:13,980 - INFO - patching driver executable C:\laragon\www\dapokalsel\sekolah\~\appdata\roaming\undetected_chromedriver\undetected_chromedriver.exe
2025-10-26 22:04:14,080 - ERROR - Attempt 2 failed: you cannot reuse the ChromeOptions object
2025-10-26 22:04:14,080 - INFO - Retrying in 5 seconds...
2025-10-26 22:04:19,080 - INFO - Initializing Chrome driver (attempt 3/3)...
2025-10-26 22:04:31,579 - ERROR - Attempt 3 failed: [WinError 183] Cannot create a file when that file already exists: 'C:\\laragon\\www\\dapokalsel\\sekolah\\~\\appdata\\roaming\\undetected_chromedriver\\undetected\\chromedriver-win32\\chromedriver.exe' -> 'C:\\laragon\\www\\dapokalsel\\sekolah\\~\\appdata\\roaming\\undetected_chromedriver\\undetected_chromedriver.exe'
2025-10-26 22:04:31,579 - ERROR - All attempts failed to setup driver
Traceback (most recent call last):
  File "C:\laragon\www\dapokalsel\sekolah\import_url_kabupaten.pyw", line 115, in setup_driver
    driver = uc.Chrome(
  File "C:\laragon\bin\python\python-3.10\lib\site-packages\undetected_chromedriver\__init__.py", line 258, in __init__
    self.patcher.auto()
  File "C:\laragon\bin\python\python-3.10\lib\site-packages\undetected_chromedriver\patcher.py", line 178, in auto
    self.unzip_package(self.fetch_package())
  File "C:\laragon\bin\python\python-3.10\lib\site-packages\undetected_chromedriver\patcher.py", line 310, in unzip_package
    os.rename(os.path.join(self.zip_path, exe_path), self.executable_path)
FileExistsError: [WinError 183] Cannot create a file when that file already exists: 'C:\\laragon\\www\\dapokalsel\\sekolah\\~\\appdata\\roaming\\undetected_chromedriver\\undetected\\chromedriver-win32\\chromedriver.exe' -> 'C:\\laragon\\www\\dapokalsel\\sekolah\\~\\appdata\\roaming\\undetected_chromedriver\\undetected_chromedriver.exe'
2025-10-26 22:04:31,579 - ERROR - Error on attempt 66: Failed to setup driver
Traceback (most recent call last):
  File "C:\laragon\www\dapokalsel\sekolah\import_url_kabupaten.pyw", line 435, in process_url_induk
    raise Exception("Failed to setup driver")
Exception: Failed to setup driver
2025-10-26 22:04:31,579 - INFO - Retry attempt 67/300...
2025-10-26 22:04:46,594 - INFO - Setting up Chrome driver...
2025-10-26 22:04:46,594 - INFO - Using profile directory: C:\Windows\Temp\chrome_scraper_profile
2025-10-26 22:04:46,594 - INFO - Initializing Chrome driver (attempt 1/3)...
2025-10-26 22:04:51,511 - INFO - patching driver executable C:\laragon\www\dapokalsel\sekolah\~\appdata\roaming\undetected_chromedriver\undetected_chromedriver.exe
2025-10-26 22:04:51,595 - ERROR - Attempt 1 failed: Binary Location Must be a String
2025-10-26 22:04:51,595 - INFO - Retrying in 5 seconds...
2025-10-26 22:04:56,608 - INFO - Initializing Chrome driver (attempt 2/3)...
2025-10-26 22:05:04,217 - INFO - patching driver executable C:\laragon\www\dapokalsel\sekolah\~\appdata\roaming\undetected_chromedriver\undetected_chromedriver.exe
2025-10-26 22:05:04,343 - ERROR - Attempt 2 failed: you cannot reuse the ChromeOptions object
2025-10-26 22:05:04,343 - INFO - Retrying in 5 seconds...
2025-10-26 22:05:09,344 - INFO - Initializing Chrome driver (attempt 3/3)...
2025-10-26 22:05:19,669 - INFO - patching driver executable C:\laragon\www\dapokalsel\sekolah\~\appdata\roaming\undetected_chromedriver\undetected_chromedriver.exe
2025-10-26 22:05:19,763 - ERROR - Attempt 3 failed: you cannot reuse the ChromeOptions object
2025-10-26 22:05:19,763 - ERROR - All attempts failed to setup driver
Traceback (most recent call last):
  File "C:\laragon\www\dapokalsel\sekolah\import_url_kabupaten.pyw", line 115, in setup_driver
    driver = uc.Chrome(
  File "C:\laragon\bin\python\python-3.10\lib\site-packages\undetected_chromedriver\__init__.py", line 269, in __init__
    raise RuntimeError("you cannot reuse the ChromeOptions object")
RuntimeError: you cannot reuse the ChromeOptions object
2025-10-26 22:05:19,763 - ERROR - Error on attempt 67: Failed to setup driver
Traceback (most recent call last):
  File "C:\laragon\www\dapokalsel\sekolah\import_url_kabupaten.pyw", line 435, in process_url_induk
    raise Exception("Failed to setup driver")
Exception: Failed to setup driver
2025-10-26 22:05:19,764 - INFO - Retry attempt 68/300...
2025-10-26 22:05:34,777 - INFO - Setting up Chrome driver...
2025-10-26 22:05:34,779 - INFO - Using profile directory: C:\Windows\Temp\chrome_scraper_profile
2025-10-26 22:05:34,779 - INFO - Initializing Chrome driver (attempt 1/3)...
2025-10-26 22:05:41,345 - INFO - patching driver executable C:\laragon\www\dapokalsel\sekolah\~\appdata\roaming\undetected_chromedriver\undetected_chromedriver.exe
2025-10-26 22:05:41,456 - ERROR - Attempt 1 failed: Binary Location Must be a String
2025-10-26 22:05:41,456 - INFO - Retrying in 5 seconds...
2025-10-26 22:05:46,459 - INFO - Initializing Chrome driver (attempt 2/3)...
2025-10-26 22:05:59,470 - INFO - patching driver executable C:\laragon\www\dapokalsel\sekolah\~\appdata\roaming\undetected_chromedriver\undetected_chromedriver.exe
2025-10-26 22:05:59,579 - ERROR - Attempt 2 failed: you cannot reuse the ChromeOptions object
2025-10-26 22:05:59,579 - INFO - Retrying in 5 seconds...
2025-10-26 22:06:04,588 - INFO - Initializing Chrome driver (attempt 3/3)...
2025-10-26 22:06:17,006 - INFO - patching driver executable C:\laragon\www\dapokalsel\sekolah\~\appdata\roaming\undetected_chromedriver\undetected_chromedriver.exe
2025-10-26 22:06:17,106 - ERROR - Attempt 3 failed: you cannot reuse the ChromeOptions object
2025-10-26 22:06:17,106 - ERROR - All attempts failed to setup driver
Traceback (most recent call last):
  File "C:\laragon\www\dapokalsel\sekolah\import_url_kabupaten.pyw", line 115, in setup_driver
    driver = uc.Chrome(
  File "C:\laragon\bin\python\python-3.10\lib\site-packages\undetected_chromedriver\__init__.py", line 269, in __init__
    raise RuntimeError("you cannot reuse the ChromeOptions object")
RuntimeError: you cannot reuse the ChromeOptions object
2025-10-26 22:06:17,106 - ERROR - Error on attempt 68: Failed to setup driver
Traceback (most recent call last):
  File "C:\laragon\www\dapokalsel\sekolah\import_url_kabupaten.pyw", line 435, in process_url_induk
    raise Exception("Failed to setup driver")
Exception: Failed to setup driver
2025-10-26 22:06:17,106 - INFO - Retry attempt 69/300...
2025-10-26 22:06:32,107 - INFO - Setting up Chrome driver...
2025-10-26 22:06:32,108 - INFO - Using profile directory: C:\Windows\Temp\chrome_scraper_profile
2025-10-26 22:06:32,109 - INFO - Initializing Chrome driver (attempt 1/3)...
2025-10-26 22:06:42,907 - INFO - patching driver executable C:\laragon\www\dapokalsel\sekolah\~\appdata\roaming\undetected_chromedriver\undetected_chromedriver.exe
2025-10-26 22:06:42,988 - ERROR - Attempt 1 failed: Binary Location Must be a String
2025-10-26 22:06:42,988 - INFO - Retrying in 5 seconds...
2025-10-26 22:06:47,989 - INFO - Initializing Chrome driver (attempt 2/3)...
2025-10-26 22:06:58,054 - ERROR - Attempt 2 failed: [WinError 183] Cannot create a file when that file already exists: 'C:\\laragon\\www\\dapokalsel\\sekolah\\~\\appdata\\roaming\\undetected_chromedriver\\undetected\\chromedriver-win32\\chromedriver.exe' -> 'C:\\laragon\\www\\dapokalsel\\sekolah\\~\\appdata\\roaming\\undetected_chromedriver\\undetected_chromedriver.exe'
2025-10-26 22:06:58,054 - INFO - Retrying in 5 seconds...
2025-10-26 22:07:03,054 - INFO - Initializing Chrome driver (attempt 3/3)...
2025-10-26 22:07:08,608 - ERROR - Attempt 3 failed: [WinError 183] Cannot create a file when that file already exists: 'C:\\laragon\\www\\dapokalsel\\sekolah\\~\\appdata\\roaming\\undetected_chromedriver\\undetected\\chromedriver-win32\\chromedriver.exe' -> 'C:\\laragon\\www\\dapokalsel\\sekolah\\~\\appdata\\roaming\\undetected_chromedriver\\undetected_chromedriver.exe'
2025-10-26 22:07:08,608 - ERROR - All attempts failed to setup driver
Traceback (most recent call last):
  File "C:\laragon\www\dapokalsel\sekolah\import_url_kabupaten.pyw", line 115, in setup_driver
    driver = uc.Chrome(
  File "C:\laragon\bin\python\python-3.10\lib\site-packages\undetected_chromedriver\__init__.py", line 258, in __init__
    self.patcher.auto()
  File "C:\laragon\bin\python\python-3.10\lib\site-packages\undetected_chromedriver\patcher.py", line 178, in auto
    self.unzip_package(self.fetch_package())
  File "C:\laragon\bin\python\python-3.10\lib\site-packages\undetected_chromedriver\patcher.py", line 310, in unzip_package
    os.rename(os.path.join(self.zip_path, exe_path), self.executable_path)
FileExistsError: [WinError 183] Cannot create a file when that file already exists: 'C:\\laragon\\www\\dapokalsel\\sekolah\\~\\appdata\\roaming\\undetected_chromedriver\\undetected\\chromedriver-win32\\chromedriver.exe' -> 'C:\\laragon\\www\\dapokalsel\\sekolah\\~\\appdata\\roaming\\undetected_chromedriver\\undetected_chromedriver.exe'
2025-10-26 22:07:08,609 - ERROR - Error on attempt 69: Failed to setup driver
Traceback (most recent call last):
  File "C:\laragon\www\dapokalsel\sekolah\import_url_kabupaten.pyw", line 435, in process_url_induk
    raise Exception("Failed to setup driver")
Exception: Failed to setup driver
2025-10-26 22:07:08,612 - INFO - Retry attempt 70/300...
2025-10-26 22:07:23,620 - INFO - Setting up Chrome driver...
2025-10-26 22:07:23,620 - INFO - Using profile directory: C:\Windows\Temp\chrome_scraper_profile
2025-10-26 22:07:23,620 - INFO - Initializing Chrome driver (attempt 1/3)...
2025-10-26 22:07:29,102 - ERROR - Attempt 1 failed: [WinError 183] Cannot create a file when that file already exists: 'C:\\laragon\\www\\dapokalsel\\sekolah\\~\\appdata\\roaming\\undetected_chromedriver\\undetected\\chromedriver-win32\\chromedriver.exe' -> 'C:\\laragon\\www\\dapokalsel\\sekolah\\~\\appdata\\roaming\\undetected_chromedriver\\undetected_chromedriver.exe'
2025-10-26 22:07:29,102 - INFO - Retrying in 5 seconds...
2025-10-26 22:07:34,102 - INFO - Initializing Chrome driver (attempt 2/3)...
2025-10-26 22:07:39,809 - INFO - patching driver executable C:\laragon\www\dapokalsel\sekolah\~\appdata\roaming\undetected_chromedriver\undetected_chromedriver.exe
2025-10-26 22:07:39,912 - ERROR - Attempt 2 failed: Binary Location Must be a String
2025-10-26 22:07:39,912 - INFO - Retrying in 5 seconds...
2025-10-26 22:07:44,917 - INFO - Initializing Chrome driver (attempt 3/3)...
2025-10-26 22:07:54,668 - ERROR - Attempt 3 failed: [WinError 183] Cannot create a file when that file already exists: 'C:\\laragon\\www\\dapokalsel\\sekolah\\~\\appdata\\roaming\\undetected_chromedriver\\undetected\\chromedriver-win32\\chromedriver.exe' -> 'C:\\laragon\\www\\dapokalsel\\sekolah\\~\\appdata\\roaming\\undetected_chromedriver\\undetected_chromedriver.exe'
2025-10-26 22:07:54,668 - ERROR - All attempts failed to setup driver
Traceback (most recent call last):
  File "C:\laragon\www\dapokalsel\sekolah\import_url_kabupaten.pyw", line 115, in setup_driver
    driver = uc.Chrome(
  File "C:\laragon\bin\python\python-3.10\lib\site-packages\undetected_chromedriver\__init__.py", line 258, in __init__
    self.patcher.auto()
  File "C:\laragon\bin\python\python-3.10\lib\site-packages\undetected_chromedriver\patcher.py", line 178, in auto
    self.unzip_package(self.fetch_package())
  File "C:\laragon\bin\python\python-3.10\lib\site-packages\undetected_chromedriver\patcher.py", line 310, in unzip_package
    os.rename(os.path.join(self.zip_path, exe_path), self.executable_path)
FileExistsError: [WinError 183] Cannot create a file when that file already exists: 'C:\\laragon\\www\\dapokalsel\\sekolah\\~\\appdata\\roaming\\undetected_chromedriver\\undetected\\chromedriver-win32\\chromedriver.exe' -> 'C:\\laragon\\www\\dapokalsel\\sekolah\\~\\appdata\\roaming\\undetected_chromedriver\\undetected_chromedriver.exe'
2025-10-26 22:07:54,668 - ERROR - Error on attempt 70: Failed to setup driver
Traceback (most recent call last):
  File "C:\laragon\www\dapokalsel\sekolah\import_url_kabupaten.pyw", line 435, in process_url_induk
    raise Exception("Failed to setup driver")
Exception: Failed to setup driver
2025-10-26 22:07:54,668 - INFO - Retry attempt 71/300...
2025-10-26 22:08:09,680 - INFO - Setting up Chrome driver...
2025-10-26 22:08:09,680 - INFO - Using profile directory: C:\Windows\Temp\chrome_scraper_profile
2025-10-26 22:08:09,680 - INFO - Initializing Chrome driver (attempt 1/3)...
2025-10-26 22:08:16,900 - INFO - patching driver executable C:\laragon\www\dapokalsel\sekolah\~\appdata\roaming\undetected_chromedriver\undetected_chromedriver.exe
2025-10-26 22:08:16,985 - ERROR - Attempt 1 failed: Binary Location Must be a String
2025-10-26 22:08:16,985 - INFO - Retrying in 5 seconds...
2025-10-26 22:08:21,985 - INFO - Initializing Chrome driver (attempt 2/3)...
2025-10-26 22:08:58,247 - INFO - patching driver executable C:\laragon\www\dapokalsel\sekolah\~\appdata\roaming\undetected_chromedriver\undetected_chromedriver.exe
2025-10-26 22:08:58,347 - ERROR - Attempt 2 failed: you cannot reuse the ChromeOptions object
2025-10-26 22:08:58,347 - INFO - Retrying in 5 seconds...
2025-10-26 22:09:03,348 - INFO - Initializing Chrome driver (attempt 3/3)...
2025-10-26 22:09:11,096 - ERROR - Attempt 3 failed: [WinError 183] Cannot create a file when that file already exists: 'C:\\laragon\\www\\dapokalsel\\sekolah\\~\\appdata\\roaming\\undetected_chromedriver\\undetected\\chromedriver-win32\\chromedriver.exe' -> 'C:\\laragon\\www\\dapokalsel\\sekolah\\~\\appdata\\roaming\\undetected_chromedriver\\undetected_chromedriver.exe'
2025-10-26 22:09:11,096 - ERROR - All attempts failed to setup driver
Traceback (most recent call last):
  File "C:\laragon\www\dapokalsel\sekolah\import_url_kabupaten.pyw", line 115, in setup_driver
    driver = uc.Chrome(
  File "C:\laragon\bin\python\python-3.10\lib\site-packages\undetected_chromedriver\__init__.py", line 258, in __init__
    self.patcher.auto()
  File "C:\laragon\bin\python\python-3.10\lib\site-packages\undetected_chromedriver\patcher.py", line 178, in auto
    self.unzip_package(self.fetch_package())
  File "C:\laragon\bin\python\python-3.10\lib\site-packages\undetected_chromedriver\patcher.py", line 310, in unzip_package
    os.rename(os.path.join(self.zip_path, exe_path), self.executable_path)
FileExistsError: [WinError 183] Cannot create a file when that file already exists: 'C:\\laragon\\www\\dapokalsel\\sekolah\\~\\appdata\\roaming\\undetected_chromedriver\\undetected\\chromedriver-win32\\chromedriver.exe' -> 'C:\\laragon\\www\\dapokalsel\\sekolah\\~\\appdata\\roaming\\undetected_chromedriver\\undetected_chromedriver.exe'
2025-10-26 22:09:11,096 - ERROR - Error on attempt 71: Failed to setup driver
Traceback (most recent call last):
  File "C:\laragon\www\dapokalsel\sekolah\import_url_kabupaten.pyw", line 435, in process_url_induk
    raise Exception("Failed to setup driver")
Exception: Failed to setup driver
2025-10-26 22:09:11,096 - INFO - Retry attempt 72/300...
2025-10-26 22:09:26,098 - INFO - Setting up Chrome driver...
2025-10-26 22:09:26,101 - INFO - Using profile directory: C:\Windows\Temp\chrome_scraper_profile
2025-10-26 22:09:26,101 - INFO - Initializing Chrome driver (attempt 1/3)...
2025-10-26 22:09:35,869 - ERROR - Attempt 1 failed: [WinError 32] The process cannot access the file because it is being used by another process: 'C:\\laragon\\www\\dapokalsel\\sekolah\\~\\appdata\\roaming\\undetected_chromedriver\\undetected\\chromedriver-win32\\chromedriver.exe' -> 'C:\\laragon\\www\\dapokalsel\\sekolah\\~\\appdata\\roaming\\undetected_chromedriver\\undetected_chromedriver.exe'
2025-10-26 22:09:35,885 - INFO - Retrying in 5 seconds...
2025-10-26 22:09:40,892 - INFO - Initializing Chrome driver (attempt 2/3)...
2025-10-26 22:09:46,915 - INFO - patching driver executable C:\laragon\www\dapokalsel\sekolah\~\appdata\roaming\undetected_chromedriver\undetected_chromedriver.exe
2025-10-26 22:09:47,005 - ERROR - Attempt 2 failed: Binary Location Must be a String
2025-10-26 22:09:47,005 - INFO - Retrying in 5 seconds...
2025-10-26 22:09:52,009 - INFO - Initializing Chrome driver (attempt 3/3)...
2025-10-26 22:09:59,540 - ERROR - Attempt 3 failed: [WinError 183] Cannot create a file when that file already exists: 'C:\\laragon\\www\\dapokalsel\\sekolah\\~\\appdata\\roaming\\undetected_chromedriver\\undetected\\chromedriver-win32\\chromedriver.exe' -> 'C:\\laragon\\www\\dapokalsel\\sekolah\\~\\appdata\\roaming\\undetected_chromedriver\\undetected_chromedriver.exe'
2025-10-26 22:09:59,540 - ERROR - All attempts failed to setup driver
Traceback (most recent call last):
  File "C:\laragon\www\dapokalsel\sekolah\import_url_kabupaten.pyw", line 115, in setup_driver
    driver = uc.Chrome(
  File "C:\laragon\bin\python\python-3.10\lib\site-packages\undetected_chromedriver\__init__.py", line 258, in __init__
    self.patcher.auto()
  File "C:\laragon\bin\python\python-3.10\lib\site-packages\undetected_chromedriver\patcher.py", line 178, in auto
    self.unzip_package(self.fetch_package())
  File "C:\laragon\bin\python\python-3.10\lib\site-packages\undetected_chromedriver\patcher.py", line 310, in unzip_package
    os.rename(os.path.join(self.zip_path, exe_path), self.executable_path)
FileExistsError: [WinError 183] Cannot create a file when that file already exists: 'C:\\laragon\\www\\dapokalsel\\sekolah\\~\\appdata\\roaming\\undetected_chromedriver\\undetected\\chromedriver-win32\\chromedriver.exe' -> 'C:\\laragon\\www\\dapokalsel\\sekolah\\~\\appdata\\roaming\\undetected_chromedriver\\undetected_chromedriver.exe'
2025-10-26 22:09:59,540 - ERROR - Error on attempt 72: Failed to setup driver
Traceback (most recent call last):
  File "C:\laragon\www\dapokalsel\sekolah\import_url_kabupaten.pyw", line 435, in process_url_induk
    raise Exception("Failed to setup driver")
Exception: Failed to setup driver
2025-10-26 22:09:59,540 - INFO - Retry attempt 73/300...
2025-10-26 22:10:14,540 - INFO - Setting up Chrome driver...
2025-10-26 22:10:14,541 - INFO - Using profile directory: C:\Windows\Temp\chrome_scraper_profile
2025-10-26 22:10:14,542 - INFO - Initializing Chrome driver (attempt 1/3)...
2025-10-26 22:10:23,394 - INFO - patching driver executable C:\laragon\www\dapokalsel\sekolah\~\appdata\roaming\undetected_chromedriver\undetected_chromedriver.exe
2025-10-26 22:10:23,487 - ERROR - Attempt 1 failed: Binary Location Must be a String
2025-10-26 22:10:23,487 - INFO - Retrying in 5 seconds...
2025-10-26 22:10:28,490 - INFO - Initializing Chrome driver (attempt 2/3)...
2025-10-26 22:10:35,235 - INFO - patching driver executable C:\laragon\www\dapokalsel\sekolah\~\appdata\roaming\undetected_chromedriver\undetected_chromedriver.exe
2025-10-26 22:10:35,329 - ERROR - Attempt 2 failed: you cannot reuse the ChromeOptions object
2025-10-26 22:10:35,329 - INFO - Retrying in 5 seconds...
2025-10-26 22:10:40,340 - INFO - Initializing Chrome driver (attempt 3/3)...
2025-10-26 22:10:47,752 - INFO - patching driver executable C:\laragon\www\dapokalsel\sekolah\~\appdata\roaming\undetected_chromedriver\undetected_chromedriver.exe
2025-10-26 22:10:47,852 - ERROR - Attempt 3 failed: you cannot reuse the ChromeOptions object
2025-10-26 22:10:47,852 - ERROR - All attempts failed to setup driver
Traceback (most recent call last):
  File "C:\laragon\www\dapokalsel\sekolah\import_url_kabupaten.pyw", line 115, in setup_driver
    driver = uc.Chrome(
  File "C:\laragon\bin\python\python-3.10\lib\site-packages\undetected_chromedriver\__init__.py", line 269, in __init__
    raise RuntimeError("you cannot reuse the ChromeOptions object")
RuntimeError: you cannot reuse the ChromeOptions object
2025-10-26 22:10:47,852 - ERROR - Error on attempt 73: Failed to setup driver
Traceback (most recent call last):
  File "C:\laragon\www\dapokalsel\sekolah\import_url_kabupaten.pyw", line 435, in process_url_induk
    raise Exception("Failed to setup driver")
Exception: Failed to setup driver
2025-10-26 22:10:47,852 - INFO - Retry attempt 74/300...
2025-10-26 22:11:02,853 - INFO - Setting up Chrome driver...
2025-10-26 22:11:02,853 - INFO - Using profile directory: C:\Windows\Temp\chrome_scraper_profile
2025-10-26 22:11:02,854 - INFO - Initializing Chrome driver (attempt 1/3)...
2025-10-26 22:11:09,251 - INFO - patching driver executable C:\laragon\www\dapokalsel\sekolah\~\appdata\roaming\undetected_chromedriver\undetected_chromedriver.exe
2025-10-26 22:11:09,376 - ERROR - Attempt 1 failed: Binary Location Must be a String
2025-10-26 22:11:09,376 - INFO - Retrying in 5 seconds...
2025-10-26 22:11:14,376 - INFO - Initializing Chrome driver (attempt 2/3)...
2025-10-26 22:11:23,948 - ERROR - Attempt 2 failed: [WinError 183] Cannot create a file when that file already exists: 'C:\\laragon\\www\\dapokalsel\\sekolah\\~\\appdata\\roaming\\undetected_chromedriver\\undetected\\chromedriver-win32\\chromedriver.exe' -> 'C:\\laragon\\www\\dapokalsel\\sekolah\\~\\appdata\\roaming\\undetected_chromedriver\\undetected_chromedriver.exe'
2025-10-26 22:11:23,949 - INFO - Retrying in 5 seconds...
2025-10-26 22:11:28,954 - INFO - Initializing Chrome driver (attempt 3/3)...
2025-10-26 22:11:39,054 - ERROR - Attempt 3 failed: [WinError 183] Cannot create a file when that file already exists: 'C:\\laragon\\www\\dapokalsel\\sekolah\\~\\appdata\\roaming\\undetected_chromedriver\\undetected\\chromedriver-win32\\chromedriver.exe' -> 'C:\\laragon\\www\\dapokalsel\\sekolah\\~\\appdata\\roaming\\undetected_chromedriver\\undetected_chromedriver.exe'
2025-10-26 22:11:39,054 - ERROR - All attempts failed to setup driver
Traceback (most recent call last):
  File "C:\laragon\www\dapokalsel\sekolah\import_url_kabupaten.pyw", line 115, in setup_driver
    driver = uc.Chrome(
  File "C:\laragon\bin\python\python-3.10\lib\site-packages\undetected_chromedriver\__init__.py", line 258, in __init__
    self.patcher.auto()
  File "C:\laragon\bin\python\python-3.10\lib\site-packages\undetected_chromedriver\patcher.py", line 178, in auto
    self.unzip_package(self.fetch_package())
  File "C:\laragon\bin\python\python-3.10\lib\site-packages\undetected_chromedriver\patcher.py", line 310, in unzip_package
    os.rename(os.path.join(self.zip_path, exe_path), self.executable_path)
FileExistsError: [WinError 183] Cannot create a file when that file already exists: 'C:\\laragon\\www\\dapokalsel\\sekolah\\~\\appdata\\roaming\\undetected_chromedriver\\undetected\\chromedriver-win32\\chromedriver.exe' -> 'C:\\laragon\\www\\dapokalsel\\sekolah\\~\\appdata\\roaming\\undetected_chromedriver\\undetected_chromedriver.exe'
2025-10-26 22:11:39,055 - ERROR - Error on attempt 74: Failed to setup driver
Traceback (most recent call last):
  File "C:\laragon\www\dapokalsel\sekolah\import_url_kabupaten.pyw", line 435, in process_url_induk
    raise Exception("Failed to setup driver")
Exception: Failed to setup driver
2025-10-26 22:11:39,055 - INFO - Retry attempt 75/300...
2025-10-26 22:11:54,056 - INFO - Setting up Chrome driver...
2025-10-26 22:11:54,058 - INFO - Using profile directory: C:\Windows\Temp\chrome_scraper_profile
2025-10-26 22:11:54,058 - INFO - Initializing Chrome driver (attempt 1/3)...
2025-10-26 22:12:04,320 - ERROR - Attempt 1 failed: [WinError 183] Cannot create a file when that file already exists: 'C:\\laragon\\www\\dapokalsel\\sekolah\\~\\appdata\\roaming\\undetected_chromedriver\\undetected\\chromedriver-win32\\chromedriver.exe' -> 'C:\\laragon\\www\\dapokalsel\\sekolah\\~\\appdata\\roaming\\undetected_chromedriver\\undetected_chromedriver.exe'
2025-10-26 22:12:04,320 - INFO - Retrying in 5 seconds...
2025-10-26 22:12:09,330 - INFO - Initializing Chrome driver (attempt 2/3)...
2025-10-26 22:12:14,840 - ERROR - Attempt 2 failed: [WinError 183] Cannot create a file when that file already exists: 'C:\\laragon\\www\\dapokalsel\\sekolah\\~\\appdata\\roaming\\undetected_chromedriver\\undetected\\chromedriver-win32\\chromedriver.exe' -> 'C:\\laragon\\www\\dapokalsel\\sekolah\\~\\appdata\\roaming\\undetected_chromedriver\\undetected_chromedriver.exe'
2025-10-26 22:12:14,840 - INFO - Retrying in 5 seconds...
2025-10-26 22:12:19,841 - INFO - Initializing Chrome driver (attempt 3/3)...
2025-10-26 22:12:26,086 - INFO - patching driver executable C:\laragon\www\dapokalsel\sekolah\~\appdata\roaming\undetected_chromedriver\undetected_chromedriver.exe
2025-10-26 22:12:26,186 - ERROR - Attempt 3 failed: Binary Location Must be a String
2025-10-26 22:12:26,186 - ERROR - All attempts failed to setup driver
Traceback (most recent call last):
  File "C:\laragon\www\dapokalsel\sekolah\import_url_kabupaten.pyw", line 115, in setup_driver
    driver = uc.Chrome(
  File "C:\laragon\bin\python\python-3.10\lib\site-packages\undetected_chromedriver\__init__.py", line 372, in __init__
    options.binary_location = (
  File "C:\laragon\bin\python\python-3.10\lib\site-packages\selenium\webdriver\chromium\options.py", line 52, in binary_location
    raise TypeError(self.BINARY_LOCATION_ERROR)
TypeError: Binary Location Must be a String
2025-10-26 22:12:26,186 - ERROR - Error on attempt 75: Failed to setup driver
Traceback (most recent call last):
  File "C:\laragon\www\dapokalsel\sekolah\import_url_kabupaten.pyw", line 435, in process_url_induk
    raise Exception("Failed to setup driver")
Exception: Failed to setup driver
2025-10-26 22:12:26,186 - INFO - Retry attempt 76/300...
2025-10-26 22:12:41,187 - INFO - Setting up Chrome driver...
2025-10-26 22:12:41,187 - INFO - Using profile directory: C:\Windows\Temp\chrome_scraper_profile
2025-10-26 22:12:41,187 - INFO - Initializing Chrome driver (attempt 1/3)...
2025-10-26 22:12:49,951 - INFO - patching driver executable C:\laragon\www\dapokalsel\sekolah\~\appdata\roaming\undetected_chromedriver\undetected_chromedriver.exe
2025-10-26 22:12:50,035 - ERROR - Attempt 1 failed: Binary Location Must be a String
2025-10-26 22:12:50,035 - INFO - Retrying in 5 seconds...
2025-10-26 22:12:55,036 - INFO - Initializing Chrome driver (attempt 2/3)...
2025-10-26 22:13:04,984 - ERROR - Attempt 2 failed: [WinError 183] Cannot create a file when that file already exists: 'C:\\laragon\\www\\dapokalsel\\sekolah\\~\\appdata\\roaming\\undetected_chromedriver\\undetected\\chromedriver-win32\\chromedriver.exe' -> 'C:\\laragon\\www\\dapokalsel\\sekolah\\~\\appdata\\roaming\\undetected_chromedriver\\undetected_chromedriver.exe'
2025-10-26 22:13:04,984 - INFO - Retrying in 5 seconds...
2025-10-26 22:13:09,985 - INFO - Initializing Chrome driver (attempt 3/3)...
2025-10-26 22:13:18,609 - INFO - patching driver executable C:\laragon\www\dapokalsel\sekolah\~\appdata\roaming\undetected_chromedriver\undetected_chromedriver.exe
2025-10-26 22:13:18,701 - ERROR - Attempt 3 failed: you cannot reuse the ChromeOptions object
2025-10-26 22:13:18,701 - ERROR - All attempts failed to setup driver
Traceback (most recent call last):
  File "C:\laragon\www\dapokalsel\sekolah\import_url_kabupaten.pyw", line 115, in setup_driver
    driver = uc.Chrome(
  File "C:\laragon\bin\python\python-3.10\lib\site-packages\undetected_chromedriver\__init__.py", line 269, in __init__
    raise RuntimeError("you cannot reuse the ChromeOptions object")
RuntimeError: you cannot reuse the ChromeOptions object
2025-10-26 22:13:18,701 - ERROR - Error on attempt 76: Failed to setup driver
Traceback (most recent call last):
  File "C:\laragon\www\dapokalsel\sekolah\import_url_kabupaten.pyw", line 435, in process_url_induk
    raise Exception("Failed to setup driver")
Exception: Failed to setup driver
2025-10-26 22:13:18,701 - INFO - Retry attempt 77/300...
2025-10-26 22:13:33,702 - INFO - Setting up Chrome driver...
2025-10-26 22:13:33,702 - INFO - Using profile directory: C:\Windows\Temp\chrome_scraper_profile
2025-10-26 22:13:33,702 - INFO - Initializing Chrome driver (attempt 1/3)...
2025-10-26 22:13:44,957 - INFO - patching driver executable C:\laragon\www\dapokalsel\sekolah\~\appdata\roaming\undetected_chromedriver\undetected_chromedriver.exe
2025-10-26 22:13:45,048 - ERROR - Attempt 1 failed: Binary Location Must be a String
2025-10-26 22:13:45,048 - INFO - Retrying in 5 seconds...
2025-10-26 22:13:50,049 - INFO - Initializing Chrome driver (attempt 2/3)...
2025-10-26 22:13:54,355 - INFO - patching driver executable C:\laragon\www\dapokalsel\sekolah\~\appdata\roaming\undetected_chromedriver\undetected_chromedriver.exe
2025-10-26 22:13:54,431 - ERROR - Attempt 2 failed: you cannot reuse the ChromeOptions object
2025-10-26 22:13:54,431 - INFO - Retrying in 5 seconds...
2025-10-26 22:13:59,440 - INFO - Initializing Chrome driver (attempt 3/3)...
2025-10-26 22:14:14,546 - ERROR - Attempt 3 failed: [WinError 183] Cannot create a file when that file already exists: 'C:\\laragon\\www\\dapokalsel\\sekolah\\~\\appdata\\roaming\\undetected_chromedriver\\undetected\\chromedriver-win32\\chromedriver.exe' -> 'C:\\laragon\\www\\dapokalsel\\sekolah\\~\\appdata\\roaming\\undetected_chromedriver\\undetected_chromedriver.exe'
2025-10-26 22:14:14,546 - ERROR - All attempts failed to setup driver
Traceback (most recent call last):
  File "C:\laragon\www\dapokalsel\sekolah\import_url_kabupaten.pyw", line 115, in setup_driver
    driver = uc.Chrome(
  File "C:\laragon\bin\python\python-3.10\lib\site-packages\undetected_chromedriver\__init__.py", line 258, in __init__
    self.patcher.auto()
  File "C:\laragon\bin\python\python-3.10\lib\site-packages\undetected_chromedriver\patcher.py", line 178, in auto
    self.unzip_package(self.fetch_package())
  File "C:\laragon\bin\python\python-3.10\lib\site-packages\undetected_chromedriver\patcher.py", line 310, in unzip_package
    os.rename(os.path.join(self.zip_path, exe_path), self.executable_path)
FileExistsError: [WinError 183] Cannot create a file when that file already exists: 'C:\\laragon\\www\\dapokalsel\\sekolah\\~\\appdata\\roaming\\undetected_chromedriver\\undetected\\chromedriver-win32\\chromedriver.exe' -> 'C:\\laragon\\www\\dapokalsel\\sekolah\\~\\appdata\\roaming\\undetected_chromedriver\\undetected_chromedriver.exe'
2025-10-26 22:14:14,546 - ERROR - Error on attempt 77: Failed to setup driver
Traceback (most recent call last):
  File "C:\laragon\www\dapokalsel\sekolah\import_url_kabupaten.pyw", line 435, in process_url_induk
    raise Exception("Failed to setup driver")
Exception: Failed to setup driver
2025-10-26 22:14:14,546 - INFO - Retry attempt 78/300...
2025-10-26 22:14:29,547 - INFO - Setting up Chrome driver...
2025-10-26 22:14:29,547 - INFO - Using profile directory: C:\Windows\Temp\chrome_scraper_profile
2025-10-26 22:14:29,547 - INFO - Initializing Chrome driver (attempt 1/3)...
2025-10-26 22:14:42,227 - INFO - patching driver executable C:\laragon\www\dapokalsel\sekolah\~\appdata\roaming\undetected_chromedriver\undetected_chromedriver.exe
2025-10-26 22:14:42,312 - ERROR - Attempt 1 failed: Binary Location Must be a String
2025-10-26 22:14:42,312 - INFO - Retrying in 5 seconds...
2025-10-26 22:14:47,312 - INFO - Initializing Chrome driver (attempt 2/3)...
2025-10-26 22:14:58,128 - ERROR - Attempt 2 failed: [WinError 183] Cannot create a file when that file already exists: 'C:\\laragon\\www\\dapokalsel\\sekolah\\~\\appdata\\roaming\\undetected_chromedriver\\undetected\\chromedriver-win32\\chromedriver.exe' -> 'C:\\laragon\\www\\dapokalsel\\sekolah\\~\\appdata\\roaming\\undetected_chromedriver\\undetected_chromedriver.exe'
2025-10-26 22:14:58,128 - INFO - Retrying in 5 seconds...
2025-10-26 22:15:03,141 - INFO - Initializing Chrome driver (attempt 3/3)...
2025-10-26 22:15:17,751 - ERROR - Attempt 3 failed: [WinError 183] Cannot create a file when that file already exists: 'C:\\laragon\\www\\dapokalsel\\sekolah\\~\\appdata\\roaming\\undetected_chromedriver\\undetected\\chromedriver-win32\\chromedriver.exe' -> 'C:\\laragon\\www\\dapokalsel\\sekolah\\~\\appdata\\roaming\\undetected_chromedriver\\undetected_chromedriver.exe'
2025-10-26 22:15:17,751 - ERROR - All attempts failed to setup driver
Traceback (most recent call last):
  File "C:\laragon\www\dapokalsel\sekolah\import_url_kabupaten.pyw", line 115, in setup_driver
    driver = uc.Chrome(
  File "C:\laragon\bin\python\python-3.10\lib\site-packages\undetected_chromedriver\__init__.py", line 258, in __init__
    self.patcher.auto()
  File "C:\laragon\bin\python\python-3.10\lib\site-packages\undetected_chromedriver\patcher.py", line 178, in auto
    self.unzip_package(self.fetch_package())
  File "C:\laragon\bin\python\python-3.10\lib\site-packages\undetected_chromedriver\patcher.py", line 310, in unzip_package
    os.rename(os.path.join(self.zip_path, exe_path), self.executable_path)
FileExistsError: [WinError 183] Cannot create a file when that file already exists: 'C:\\laragon\\www\\dapokalsel\\sekolah\\~\\appdata\\roaming\\undetected_chromedriver\\undetected\\chromedriver-win32\\chromedriver.exe' -> 'C:\\laragon\\www\\dapokalsel\\sekolah\\~\\appdata\\roaming\\undetected_chromedriver\\undetected_chromedriver.exe'
2025-10-26 22:15:17,751 - ERROR - Error on attempt 78: Failed to setup driver
Traceback (most recent call last):
  File "C:\laragon\www\dapokalsel\sekolah\import_url_kabupaten.pyw", line 435, in process_url_induk
    raise Exception("Failed to setup driver")
Exception: Failed to setup driver
2025-10-26 22:15:17,751 - INFO - Retry attempt 79/300...
2025-10-26 22:15:32,758 - INFO - Setting up Chrome driver...
2025-10-26 22:15:32,759 - INFO - Using profile directory: C:\Windows\Temp\chrome_scraper_profile
2025-10-26 22:15:32,759 - INFO - Initializing Chrome driver (attempt 1/3)...
2025-10-26 22:15:42,909 - ERROR - Attempt 1 failed: [WinError 183] Cannot create a file when that file already exists: 'C:\\laragon\\www\\dapokalsel\\sekolah\\~\\appdata\\roaming\\undetected_chromedriver\\undetected\\chromedriver-win32\\chromedriver.exe' -> 'C:\\laragon\\www\\dapokalsel\\sekolah\\~\\appdata\\roaming\\undetected_chromedriver\\undetected_chromedriver.exe'
2025-10-26 22:15:42,909 - INFO - Retrying in 5 seconds...
2025-10-26 22:15:47,909 - INFO - Initializing Chrome driver (attempt 2/3)...
2025-10-26 22:15:54,658 - ERROR - Attempt 2 failed: [WinError 183] Cannot create a file when that file already exists: 'C:\\laragon\\www\\dapokalsel\\sekolah\\~\\appdata\\roaming\\undetected_chromedriver\\undetected\\chromedriver-win32\\chromedriver.exe' -> 'C:\\laragon\\www\\dapokalsel\\sekolah\\~\\appdata\\roaming\\undetected_chromedriver\\undetected_chromedriver.exe'
2025-10-26 22:15:54,658 - INFO - Retrying in 5 seconds...
2025-10-26 22:15:59,665 - INFO - Initializing Chrome driver (attempt 3/3)...
2025-10-26 22:16:08,007 - ERROR - Attempt 3 failed: [WinError 183] Cannot create a file when that file already exists: 'C:\\laragon\\www\\dapokalsel\\sekolah\\~\\appdata\\roaming\\undetected_chromedriver\\undetected\\chromedriver-win32\\chromedriver.exe' -> 'C:\\laragon\\www\\dapokalsel\\sekolah\\~\\appdata\\roaming\\undetected_chromedriver\\undetected_chromedriver.exe'
2025-10-26 22:16:08,007 - ERROR - All attempts failed to setup driver
Traceback (most recent call last):
  File "C:\laragon\www\dapokalsel\sekolah\import_url_kabupaten.pyw", line 115, in setup_driver
    driver = uc.Chrome(
  File "C:\laragon\bin\python\python-3.10\lib\site-packages\undetected_chromedriver\__init__.py", line 258, in __init__
    self.patcher.auto()
  File "C:\laragon\bin\python\python-3.10\lib\site-packages\undetected_chromedriver\patcher.py", line 178, in auto
    self.unzip_package(self.fetch_package())
  File "C:\laragon\bin\python\python-3.10\lib\site-packages\undetected_chromedriver\patcher.py", line 310, in unzip_package
    os.rename(os.path.join(self.zip_path, exe_path), self.executable_path)
FileExistsError: [WinError 183] Cannot create a file when that file already exists: 'C:\\laragon\\www\\dapokalsel\\sekolah\\~\\appdata\\roaming\\undetected_chromedriver\\undetected\\chromedriver-win32\\chromedriver.exe' -> 'C:\\laragon\\www\\dapokalsel\\sekolah\\~\\appdata\\roaming\\undetected_chromedriver\\undetected_chromedriver.exe'
2025-10-26 22:16:08,008 - ERROR - Error on attempt 79: Failed to setup driver
Traceback (most recent call last):
  File "C:\laragon\www\dapokalsel\sekolah\import_url_kabupaten.pyw", line 435, in process_url_induk
    raise Exception("Failed to setup driver")
Exception: Failed to setup driver
2025-10-26 22:16:08,008 - INFO - Retry attempt 80/300...
2025-10-26 22:16:23,009 - INFO - Setting up Chrome driver...
2025-10-26 22:16:23,011 - INFO - Using profile directory: C:\Windows\Temp\chrome_scraper_profile
2025-10-26 22:16:23,012 - INFO - Initializing Chrome driver (attempt 1/3)...
2025-10-26 22:16:30,723 - INFO - patching driver executable C:\laragon\www\dapokalsel\sekolah\~\appdata\roaming\undetected_chromedriver\undetected_chromedriver.exe
2025-10-26 22:16:30,807 - ERROR - Attempt 1 failed: Binary Location Must be a String
2025-10-26 22:16:30,807 - INFO - Retrying in 5 seconds...
2025-10-26 22:16:35,834 - INFO - Initializing Chrome driver (attempt 2/3)...
2025-10-26 22:16:42,702 - ERROR - Attempt 2 failed: [WinError 183] Cannot create a file when that file already exists: 'C:\\laragon\\www\\dapokalsel\\sekolah\\~\\appdata\\roaming\\undetected_chromedriver\\undetected\\chromedriver-win32\\chromedriver.exe' -> 'C:\\laragon\\www\\dapokalsel\\sekolah\\~\\appdata\\roaming\\undetected_chromedriver\\undetected_chromedriver.exe'
2025-10-26 22:16:42,703 - INFO - Retrying in 5 seconds...
2025-10-26 22:16:47,704 - INFO - Initializing Chrome driver (attempt 3/3)...
2025-10-26 22:16:58,022 - INFO - patching driver executable C:\laragon\www\dapokalsel\sekolah\~\appdata\roaming\undetected_chromedriver\undetected_chromedriver.exe
2025-10-26 22:16:58,104 - ERROR - Attempt 3 failed: you cannot reuse the ChromeOptions object
2025-10-26 22:16:58,104 - ERROR - All attempts failed to setup driver
Traceback (most recent call last):
  File "C:\laragon\www\dapokalsel\sekolah\import_url_kabupaten.pyw", line 115, in setup_driver
    driver = uc.Chrome(
  File "C:\laragon\bin\python\python-3.10\lib\site-packages\undetected_chromedriver\__init__.py", line 269, in __init__
    raise RuntimeError("you cannot reuse the ChromeOptions object")
RuntimeError: you cannot reuse the ChromeOptions object
2025-10-26 22:16:58,119 - ERROR - Error on attempt 80: Failed to setup driver
Traceback (most recent call last):
  File "C:\laragon\www\dapokalsel\sekolah\import_url_kabupaten.pyw", line 435, in process_url_induk
    raise Exception("Failed to setup driver")
Exception: Failed to setup driver
2025-10-26 22:16:58,120 - INFO - Retry attempt 81/300...
2025-10-26 22:17:13,121 - INFO - Setting up Chrome driver...
2025-10-26 22:17:13,124 - INFO - Using profile directory: C:\Windows\Temp\chrome_scraper_profile
2025-10-26 22:17:13,124 - INFO - Initializing Chrome driver (attempt 1/3)...
2025-10-26 22:17:22,519 - ERROR - Attempt 1 failed: [WinError 183] Cannot create a file when that file already exists: 'C:\\laragon\\www\\dapokalsel\\sekolah\\~\\appdata\\roaming\\undetected_chromedriver\\undetected\\chromedriver-win32\\chromedriver.exe' -> 'C:\\laragon\\www\\dapokalsel\\sekolah\\~\\appdata\\roaming\\undetected_chromedriver\\undetected_chromedriver.exe'
2025-10-26 22:17:22,519 - INFO - Retrying in 5 seconds...
2025-10-26 22:17:27,533 - INFO - Initializing Chrome driver (attempt 2/3)...
2025-10-26 22:17:37,266 - INFO - patching driver executable C:\laragon\www\dapokalsel\sekolah\~\appdata\roaming\undetected_chromedriver\undetected_chromedriver.exe
2025-10-26 22:17:37,345 - ERROR - Attempt 2 failed: Binary Location Must be a String
2025-10-26 22:17:37,345 - INFO - Retrying in 5 seconds...
2025-10-26 22:17:42,349 - INFO - Initializing Chrome driver (attempt 3/3)...
2025-10-26 22:17:52,235 - ERROR - Attempt 3 failed: [WinError 183] Cannot create a file when that file already exists: 'C:\\laragon\\www\\dapokalsel\\sekolah\\~\\appdata\\roaming\\undetected_chromedriver\\undetected\\chromedriver-win32\\chromedriver.exe' -> 'C:\\laragon\\www\\dapokalsel\\sekolah\\~\\appdata\\roaming\\undetected_chromedriver\\undetected_chromedriver.exe'
2025-10-26 22:17:52,235 - ERROR - All attempts failed to setup driver
Traceback (most recent call last):
  File "C:\laragon\www\dapokalsel\sekolah\import_url_kabupaten.pyw", line 115, in setup_driver
    driver = uc.Chrome(
  File "C:\laragon\bin\python\python-3.10\lib\site-packages\undetected_chromedriver\__init__.py", line 258, in __init__
    self.patcher.auto()
  File "C:\laragon\bin\python\python-3.10\lib\site-packages\undetected_chromedriver\patcher.py", line 178, in auto
    self.unzip_package(self.fetch_package())
  File "C:\laragon\bin\python\python-3.10\lib\site-packages\undetected_chromedriver\patcher.py", line 310, in unzip_package
    os.rename(os.path.join(self.zip_path, exe_path), self.executable_path)
FileExistsError: [WinError 183] Cannot create a file when that file already exists: 'C:\\laragon\\www\\dapokalsel\\sekolah\\~\\appdata\\roaming\\undetected_chromedriver\\undetected\\chromedriver-win32\\chromedriver.exe' -> 'C:\\laragon\\www\\dapokalsel\\sekolah\\~\\appdata\\roaming\\undetected_chromedriver\\undetected_chromedriver.exe'
2025-10-26 22:17:52,235 - ERROR - Error on attempt 81: Failed to setup driver
Traceback (most recent call last):
  File "C:\laragon\www\dapokalsel\sekolah\import_url_kabupaten.pyw", line 435, in process_url_induk
    raise Exception("Failed to setup driver")
Exception: Failed to setup driver
2025-10-26 22:17:52,235 - INFO - Retry attempt 82/300...
2025-10-26 22:18:07,244 - INFO - Setting up Chrome driver...
2025-10-26 22:18:07,244 - INFO - Using profile directory: C:\Windows\Temp\chrome_scraper_profile
2025-10-26 22:18:07,244 - INFO - Initializing Chrome driver (attempt 1/3)...
2025-10-26 22:18:16,934 - ERROR - Attempt 1 failed: [WinError 32] The process cannot access the file because it is being used by another process: 'C:\\laragon\\www\\dapokalsel\\sekolah\\~\\appdata\\roaming\\undetected_chromedriver\\undetected\\chromedriver-win32\\chromedriver.exe' -> 'C:\\laragon\\www\\dapokalsel\\sekolah\\~\\appdata\\roaming\\undetected_chromedriver\\undetected_chromedriver.exe'
2025-10-26 22:18:16,934 - INFO - Retrying in 5 seconds...
2025-10-26 22:18:21,999 - INFO - Initializing Chrome driver (attempt 2/3)...
2025-10-26 22:18:28,250 - INFO - patching driver executable C:\laragon\www\dapokalsel\sekolah\~\appdata\roaming\undetected_chromedriver\undetected_chromedriver.exe
2025-10-26 22:18:28,345 - ERROR - Attempt 2 failed: Binary Location Must be a String
2025-10-26 22:18:28,345 - INFO - Retrying in 5 seconds...
2025-10-26 22:18:33,346 - INFO - Initializing Chrome driver (attempt 3/3)...
2025-10-26 22:18:47,693 - ERROR - Attempt 3 failed: [WinError 183] Cannot create a file when that file already exists: 'C:\\laragon\\www\\dapokalsel\\sekolah\\~\\appdata\\roaming\\undetected_chromedriver\\undetected\\chromedriver-win32\\chromedriver.exe' -> 'C:\\laragon\\www\\dapokalsel\\sekolah\\~\\appdata\\roaming\\undetected_chromedriver\\undetected_chromedriver.exe'
2025-10-26 22:18:47,693 - ERROR - All attempts failed to setup driver
Traceback (most recent call last):
  File "C:\laragon\www\dapokalsel\sekolah\import_url_kabupaten.pyw", line 115, in setup_driver
    driver = uc.Chrome(
  File "C:\laragon\bin\python\python-3.10\lib\site-packages\undetected_chromedriver\__init__.py", line 258, in __init__
    self.patcher.auto()
  File "C:\laragon\bin\python\python-3.10\lib\site-packages\undetected_chromedriver\patcher.py", line 178, in auto
    self.unzip_package(self.fetch_package())
  File "C:\laragon\bin\python\python-3.10\lib\site-packages\undetected_chromedriver\patcher.py", line 310, in unzip_package
    os.rename(os.path.join(self.zip_path, exe_path), self.executable_path)
FileExistsError: [WinError 183] Cannot create a file when that file already exists: 'C:\\laragon\\www\\dapokalsel\\sekolah\\~\\appdata\\roaming\\undetected_chromedriver\\undetected\\chromedriver-win32\\chromedriver.exe' -> 'C:\\laragon\\www\\dapokalsel\\sekolah\\~\\appdata\\roaming\\undetected_chromedriver\\undetected_chromedriver.exe'
2025-10-26 22:18:47,693 - ERROR - Error on attempt 82: Failed to setup driver
Traceback (most recent call last):
  File "C:\laragon\www\dapokalsel\sekolah\import_url_kabupaten.pyw", line 435, in process_url_induk
    raise Exception("Failed to setup driver")
Exception: Failed to setup driver
2025-10-26 22:18:47,693 - INFO - Retry attempt 83/300...
2025-10-26 22:19:02,695 - INFO - Setting up Chrome driver...
2025-10-26 22:19:02,696 - INFO - Using profile directory: C:\Windows\Temp\chrome_scraper_profile
2025-10-26 22:19:02,696 - INFO - Initializing Chrome driver (attempt 1/3)...
2025-10-26 22:19:12,498 - ERROR - Attempt 1 failed: [WinError 183] Cannot create a file when that file already exists: 'C:\\laragon\\www\\dapokalsel\\sekolah\\~\\appdata\\roaming\\undetected_chromedriver\\undetected\\chromedriver-win32\\chromedriver.exe' -> 'C:\\laragon\\www\\dapokalsel\\sekolah\\~\\appdata\\roaming\\undetected_chromedriver\\undetected_chromedriver.exe'
2025-10-26 22:19:12,498 - INFO - Retrying in 5 seconds...
2025-10-26 22:19:17,498 - INFO - Initializing Chrome driver (attempt 2/3)...
2025-10-26 22:19:36,763 - INFO - patching driver executable C:\laragon\www\dapokalsel\sekolah\~\appdata\roaming\undetected_chromedriver\undetected_chromedriver.exe
2025-10-26 22:19:36,897 - ERROR - Attempt 2 failed: Binary Location Must be a String
2025-10-26 22:19:36,897 - INFO - Retrying in 5 seconds...
2025-10-26 22:19:41,898 - INFO - Initializing Chrome driver (attempt 3/3)...
2025-10-26 22:19:49,544 - ERROR - Attempt 3 failed: [WinError 183] Cannot create a file when that file already exists: 'C:\\laragon\\www\\dapokalsel\\sekolah\\~\\appdata\\roaming\\undetected_chromedriver\\undetected\\chromedriver-win32\\chromedriver.exe' -> 'C:\\laragon\\www\\dapokalsel\\sekolah\\~\\appdata\\roaming\\undetected_chromedriver\\undetected_chromedriver.exe'
2025-10-26 22:19:49,544 - ERROR - All attempts failed to setup driver
Traceback (most recent call last):
  File "C:\laragon\www\dapokalsel\sekolah\import_url_kabupaten.pyw", line 115, in setup_driver
    driver = uc.Chrome(
  File "C:\laragon\bin\python\python-3.10\lib\site-packages\undetected_chromedriver\__init__.py", line 258, in __init__
    self.patcher.auto()
  File "C:\laragon\bin\python\python-3.10\lib\site-packages\undetected_chromedriver\patcher.py", line 178, in auto
    self.unzip_package(self.fetch_package())
  File "C:\laragon\bin\python\python-3.10\lib\site-packages\undetected_chromedriver\patcher.py", line 310, in unzip_package
    os.rename(os.path.join(self.zip_path, exe_path), self.executable_path)
FileExistsError: [WinError 183] Cannot create a file when that file already exists: 'C:\\laragon\\www\\dapokalsel\\sekolah\\~\\appdata\\roaming\\undetected_chromedriver\\undetected\\chromedriver-win32\\chromedriver.exe' -> 'C:\\laragon\\www\\dapokalsel\\sekolah\\~\\appdata\\roaming\\undetected_chromedriver\\undetected_chromedriver.exe'
2025-10-26 22:19:49,545 - ERROR - Error on attempt 83: Failed to setup driver
Traceback (most recent call last):
  File "C:\laragon\www\dapokalsel\sekolah\import_url_kabupaten.pyw", line 435, in process_url_induk
    raise Exception("Failed to setup driver")
Exception: Failed to setup driver
2025-10-26 22:19:49,545 - INFO - Retry attempt 84/300...
2025-10-26 22:20:04,545 - INFO - Setting up Chrome driver...
2025-10-26 22:20:04,547 - INFO - Using profile directory: C:\Windows\Temp\chrome_scraper_profile
2025-10-26 22:20:04,548 - INFO - Initializing Chrome driver (attempt 1/3)...
2025-10-26 22:20:10,810 - INFO - patching driver executable C:\laragon\www\dapokalsel\sekolah\~\appdata\roaming\undetected_chromedriver\undetected_chromedriver.exe
2025-10-26 22:20:10,916 - ERROR - Attempt 1 failed: Binary Location Must be a String
2025-10-26 22:20:10,917 - INFO - Retrying in 5 seconds...
2025-10-26 22:20:15,923 - INFO - Initializing Chrome driver (attempt 2/3)...
2025-10-26 22:20:29,091 - INFO - patching driver executable C:\laragon\www\dapokalsel\sekolah\~\appdata\roaming\undetected_chromedriver\undetected_chromedriver.exe
2025-10-26 22:20:29,179 - ERROR - Attempt 2 failed: you cannot reuse the ChromeOptions object
2025-10-26 22:20:29,179 - INFO - Retrying in 5 seconds...
2025-10-26 22:20:34,180 - INFO - Initializing Chrome driver (attempt 3/3)...
2025-10-26 22:20:39,059 - INFO - patching driver executable C:\laragon\www\dapokalsel\sekolah\~\appdata\roaming\undetected_chromedriver\undetected_chromedriver.exe
2025-10-26 22:20:39,184 - ERROR - Attempt 3 failed: you cannot reuse the ChromeOptions object
2025-10-26 22:20:39,184 - ERROR - All attempts failed to setup driver
Traceback (most recent call last):
  File "C:\laragon\www\dapokalsel\sekolah\import_url_kabupaten.pyw", line 115, in setup_driver
    driver = uc.Chrome(
  File "C:\laragon\bin\python\python-3.10\lib\site-packages\undetected_chromedriver\__init__.py", line 269, in __init__
    raise RuntimeError("you cannot reuse the ChromeOptions object")
RuntimeError: you cannot reuse the ChromeOptions object
2025-10-26 22:20:39,185 - ERROR - Error on attempt 84: Failed to setup driver
Traceback (most recent call last):
  File "C:\laragon\www\dapokalsel\sekolah\import_url_kabupaten.pyw", line 435, in process_url_induk
    raise Exception("Failed to setup driver")
Exception: Failed to setup driver
2025-10-26 22:20:39,185 - INFO - Retry attempt 85/300...
2025-10-26 22:20:54,190 - INFO - Setting up Chrome driver...
2025-10-26 22:20:54,191 - INFO - Using profile directory: C:\Windows\Temp\chrome_scraper_profile
2025-10-26 22:20:54,191 - INFO - Initializing Chrome driver (attempt 1/3)...
2025-10-26 22:20:59,177 - INFO - patching driver executable C:\laragon\www\dapokalsel\sekolah\~\appdata\roaming\undetected_chromedriver\undetected_chromedriver.exe
2025-10-26 22:20:59,266 - ERROR - Attempt 1 failed: Binary Location Must be a String
2025-10-26 22:20:59,266 - INFO - Retrying in 5 seconds...
2025-10-26 22:21:04,272 - INFO - Initializing Chrome driver (attempt 2/3)...
2025-10-26 22:21:16,506 - INFO - patching driver executable C:\laragon\www\dapokalsel\sekolah\~\appdata\roaming\undetected_chromedriver\undetected_chromedriver.exe
2025-10-26 22:21:16,594 - ERROR - Attempt 2 failed: you cannot reuse the ChromeOptions object
2025-10-26 22:21:16,594 - INFO - Retrying in 5 seconds...
2025-10-26 22:21:21,595 - INFO - Initializing Chrome driver (attempt 3/3)...
2025-10-26 22:21:27,888 - ERROR - Attempt 3 failed: [WinError 183] Cannot create a file when that file already exists: 'C:\\laragon\\www\\dapokalsel\\sekolah\\~\\appdata\\roaming\\undetected_chromedriver\\undetected\\chromedriver-win32\\chromedriver.exe' -> 'C:\\laragon\\www\\dapokalsel\\sekolah\\~\\appdata\\roaming\\undetected_chromedriver\\undetected_chromedriver.exe'
2025-10-26 22:21:27,888 - ERROR - All attempts failed to setup driver
Traceback (most recent call last):
  File "C:\laragon\www\dapokalsel\sekolah\import_url_kabupaten.pyw", line 115, in setup_driver
    driver = uc.Chrome(
  File "C:\laragon\bin\python\python-3.10\lib\site-packages\undetected_chromedriver\__init__.py", line 258, in __init__
    self.patcher.auto()
  File "C:\laragon\bin\python\python-3.10\lib\site-packages\undetected_chromedriver\patcher.py", line 178, in auto
    self.unzip_package(self.fetch_package())
  File "C:\laragon\bin\python\python-3.10\lib\site-packages\undetected_chromedriver\patcher.py", line 310, in unzip_package
    os.rename(os.path.join(self.zip_path, exe_path), self.executable_path)
FileExistsError: [WinError 183] Cannot create a file when that file already exists: 'C:\\laragon\\www\\dapokalsel\\sekolah\\~\\appdata\\roaming\\undetected_chromedriver\\undetected\\chromedriver-win32\\chromedriver.exe' -> 'C:\\laragon\\www\\dapokalsel\\sekolah\\~\\appdata\\roaming\\undetected_chromedriver\\undetected_chromedriver.exe'
2025-10-26 22:21:27,888 - ERROR - Error on attempt 85: Failed to setup driver
Traceback (most recent call last):
  File "C:\laragon\www\dapokalsel\sekolah\import_url_kabupaten.pyw", line 435, in process_url_induk
    raise Exception("Failed to setup driver")
Exception: Failed to setup driver
2025-10-26 22:21:27,888 - INFO - Retry attempt 86/300...
2025-10-26 22:21:42,888 - INFO - Setting up Chrome driver...
2025-10-26 22:21:42,889 - INFO - Using profile directory: C:\Windows\Temp\chrome_scraper_profile
2025-10-26 22:21:42,889 - INFO - Initializing Chrome driver (attempt 1/3)...
2025-10-26 22:21:54,373 - INFO - patching driver executable C:\laragon\www\dapokalsel\sekolah\~\appdata\roaming\undetected_chromedriver\undetected_chromedriver.exe
2025-10-26 22:21:54,455 - ERROR - Attempt 1 failed: Binary Location Must be a String
2025-10-26 22:21:54,455 - INFO - Retrying in 5 seconds...
2025-10-26 22:21:59,455 - INFO - Initializing Chrome driver (attempt 2/3)...
2025-10-26 22:22:05,736 - INFO - patching driver executable C:\laragon\www\dapokalsel\sekolah\~\appdata\roaming\undetected_chromedriver\undetected_chromedriver.exe
2025-10-26 22:22:05,846 - ERROR - Attempt 2 failed: you cannot reuse the ChromeOptions object
2025-10-26 22:22:05,846 - INFO - Retrying in 5 seconds...
2025-10-26 22:22:10,856 - INFO - Initializing Chrome driver (attempt 3/3)...
2025-10-26 22:22:22,620 - ERROR - Attempt 3 failed: [WinError 183] Cannot create a file when that file already exists: 'C:\\laragon\\www\\dapokalsel\\sekolah\\~\\appdata\\roaming\\undetected_chromedriver\\undetected\\chromedriver-win32\\chromedriver.exe' -> 'C:\\laragon\\www\\dapokalsel\\sekolah\\~\\appdata\\roaming\\undetected_chromedriver\\undetected_chromedriver.exe'
2025-10-26 22:22:22,620 - ERROR - All attempts failed to setup driver
Traceback (most recent call last):
  File "C:\laragon\www\dapokalsel\sekolah\import_url_kabupaten.pyw", line 115, in setup_driver
    driver = uc.Chrome(
  File "C:\laragon\bin\python\python-3.10\lib\site-packages\undetected_chromedriver\__init__.py", line 258, in __init__
    self.patcher.auto()
  File "C:\laragon\bin\python\python-3.10\lib\site-packages\undetected_chromedriver\patcher.py", line 178, in auto
    self.unzip_package(self.fetch_package())
  File "C:\laragon\bin\python\python-3.10\lib\site-packages\undetected_chromedriver\patcher.py", line 310, in unzip_package
    os.rename(os.path.join(self.zip_path, exe_path), self.executable_path)
FileExistsError: [WinError 183] Cannot create a file when that file already exists: 'C:\\laragon\\www\\dapokalsel\\sekolah\\~\\appdata\\roaming\\undetected_chromedriver\\undetected\\chromedriver-win32\\chromedriver.exe' -> 'C:\\laragon\\www\\dapokalsel\\sekolah\\~\\appdata\\roaming\\undetected_chromedriver\\undetected_chromedriver.exe'
2025-10-26 22:22:22,620 - ERROR - Error on attempt 86: Failed to setup driver
Traceback (most recent call last):
  File "C:\laragon\www\dapokalsel\sekolah\import_url_kabupaten.pyw", line 435, in process_url_induk
    raise Exception("Failed to setup driver")
Exception: Failed to setup driver
2025-10-26 22:22:22,620 - INFO - Retry attempt 87/300...
2025-10-26 22:22:37,626 - INFO - Setting up Chrome driver...
2025-10-26 22:22:37,626 - INFO - Using profile directory: C:\Windows\Temp\chrome_scraper_profile
2025-10-26 22:22:37,626 - INFO - Initializing Chrome driver (attempt 1/3)...
2025-10-26 22:22:49,699 - INFO - patching driver executable C:\laragon\www\dapokalsel\sekolah\~\appdata\roaming\undetected_chromedriver\undetected_chromedriver.exe
2025-10-26 22:22:49,792 - ERROR - Attempt 1 failed: Binary Location Must be a String
2025-10-26 22:22:49,792 - INFO - Retrying in 5 seconds...
2025-10-26 22:22:54,800 - INFO - Initializing Chrome driver (attempt 2/3)...
2025-10-26 22:23:04,501 - INFO - patching driver executable C:\laragon\www\dapokalsel\sekolah\~\appdata\roaming\undetected_chromedriver\undetected_chromedriver.exe
2025-10-26 22:23:04,599 - ERROR - Attempt 2 failed: you cannot reuse the ChromeOptions object
2025-10-26 22:23:04,600 - INFO - Retrying in 5 seconds...
2025-10-26 22:23:09,610 - INFO - Initializing Chrome driver (attempt 3/3)...
2025-10-26 22:23:22,733 - INFO - patching driver executable C:\laragon\www\dapokalsel\sekolah\~\appdata\roaming\undetected_chromedriver\undetected_chromedriver.exe
2025-10-26 22:23:22,833 - ERROR - Attempt 3 failed: you cannot reuse the ChromeOptions object
2025-10-26 22:23:22,833 - ERROR - All attempts failed to setup driver
Traceback (most recent call last):
  File "C:\laragon\www\dapokalsel\sekolah\import_url_kabupaten.pyw", line 115, in setup_driver
    driver = uc.Chrome(
  File "C:\laragon\bin\python\python-3.10\lib\site-packages\undetected_chromedriver\__init__.py", line 269, in __init__
    raise RuntimeError("you cannot reuse the ChromeOptions object")
RuntimeError: you cannot reuse the ChromeOptions object
2025-10-26 22:23:22,833 - ERROR - Error on attempt 87: Failed to setup driver
Traceback (most recent call last):
  File "C:\laragon\www\dapokalsel\sekolah\import_url_kabupaten.pyw", line 435, in process_url_induk
    raise Exception("Failed to setup driver")
Exception: Failed to setup driver
2025-10-26 22:23:22,833 - INFO - Retry attempt 88/300...
2025-10-26 22:23:37,844 - INFO - Setting up Chrome driver...
2025-10-26 22:23:37,844 - INFO - Using profile directory: C:\Windows\Temp\chrome_scraper_profile
2025-10-26 22:23:37,844 - INFO - Initializing Chrome driver (attempt 1/3)...
2025-10-26 22:23:50,999 - ERROR - Attempt 1 failed: [WinError 183] Cannot create a file when that file already exists: 'C:\\laragon\\www\\dapokalsel\\sekolah\\~\\appdata\\roaming\\undetected_chromedriver\\undetected\\chromedriver-win32\\chromedriver.exe' -> 'C:\\laragon\\www\\dapokalsel\\sekolah\\~\\appdata\\roaming\\undetected_chromedriver\\undetected_chromedriver.exe'
2025-10-26 22:23:50,999 - INFO - Retrying in 5 seconds...
2025-10-26 22:23:55,999 - INFO - Initializing Chrome driver (attempt 2/3)...
2025-10-26 22:24:01,282 - INFO - patching driver executable C:\laragon\www\dapokalsel\sekolah\~\appdata\roaming\undetected_chromedriver\undetected_chromedriver.exe
2025-10-26 22:24:01,390 - ERROR - Attempt 2 failed: Binary Location Must be a String
2025-10-26 22:24:01,391 - INFO - Retrying in 5 seconds...
2025-10-26 22:24:06,396 - INFO - Initializing Chrome driver (attempt 3/3)...
2025-10-26 22:24:20,363 - ERROR - Attempt 3 failed: [WinError 183] Cannot create a file when that file already exists: 'C:\\laragon\\www\\dapokalsel\\sekolah\\~\\appdata\\roaming\\undetected_chromedriver\\undetected\\chromedriver-win32\\chromedriver.exe' -> 'C:\\laragon\\www\\dapokalsel\\sekolah\\~\\appdata\\roaming\\undetected_chromedriver\\undetected_chromedriver.exe'
2025-10-26 22:24:20,363 - ERROR - All attempts failed to setup driver
Traceback (most recent call last):
  File "C:\laragon\www\dapokalsel\sekolah\import_url_kabupaten.pyw", line 115, in setup_driver
    driver = uc.Chrome(
  File "C:\laragon\bin\python\python-3.10\lib\site-packages\undetected_chromedriver\__init__.py", line 258, in __init__
    self.patcher.auto()
  File "C:\laragon\bin\python\python-3.10\lib\site-packages\undetected_chromedriver\patcher.py", line 178, in auto
    self.unzip_package(self.fetch_package())
  File "C:\laragon\bin\python\python-3.10\lib\site-packages\undetected_chromedriver\patcher.py", line 310, in unzip_package
    os.rename(os.path.join(self.zip_path, exe_path), self.executable_path)
FileExistsError: [WinError 183] Cannot create a file when that file already exists: 'C:\\laragon\\www\\dapokalsel\\sekolah\\~\\appdata\\roaming\\undetected_chromedriver\\undetected\\chromedriver-win32\\chromedriver.exe' -> 'C:\\laragon\\www\\dapokalsel\\sekolah\\~\\appdata\\roaming\\undetected_chromedriver\\undetected_chromedriver.exe'
2025-10-26 22:24:20,363 - ERROR - Error on attempt 88: Failed to setup driver
Traceback (most recent call last):
  File "C:\laragon\www\dapokalsel\sekolah\import_url_kabupaten.pyw", line 435, in process_url_induk
    raise Exception("Failed to setup driver")
Exception: Failed to setup driver
2025-10-26 22:24:20,363 - INFO - Retry attempt 89/300...
2025-10-26 22:24:35,376 - INFO - Setting up Chrome driver...
2025-10-26 22:24:35,376 - INFO - Using profile directory: C:\Windows\Temp\chrome_scraper_profile
2025-10-26 22:24:35,376 - INFO - Initializing Chrome driver (attempt 1/3)...
2025-10-26 22:24:48,295 - ERROR - Attempt 1 failed: [WinError 183] Cannot create a file when that file already exists: 'C:\\laragon\\www\\dapokalsel\\sekolah\\~\\appdata\\roaming\\undetected_chromedriver\\undetected\\chromedriver-win32\\chromedriver.exe' -> 'C:\\laragon\\www\\dapokalsel\\sekolah\\~\\appdata\\roaming\\undetected_chromedriver\\undetected_chromedriver.exe'
2025-10-26 22:24:48,295 - INFO - Retrying in 5 seconds...
2025-10-26 22:24:53,303 - INFO - Initializing Chrome driver (attempt 2/3)...
2025-10-26 22:25:07,391 - ERROR - Attempt 2 failed: [WinError 183] Cannot create a file when that file already exists: 'C:\\laragon\\www\\dapokalsel\\sekolah\\~\\appdata\\roaming\\undetected_chromedriver\\undetected\\chromedriver-win32\\chromedriver.exe' -> 'C:\\laragon\\www\\dapokalsel\\sekolah\\~\\appdata\\roaming\\undetected_chromedriver\\undetected_chromedriver.exe'
2025-10-26 22:25:07,391 - INFO - Retrying in 5 seconds...
2025-10-26 22:25:12,394 - INFO - Initializing Chrome driver (attempt 3/3)...
2025-10-26 22:25:20,554 - INFO - patching driver executable C:\laragon\www\dapokalsel\sekolah\~\appdata\roaming\undetected_chromedriver\undetected_chromedriver.exe
2025-10-26 22:25:20,644 - ERROR - Attempt 3 failed: Binary Location Must be a String
2025-10-26 22:25:20,644 - ERROR - All attempts failed to setup driver
Traceback (most recent call last):
  File "C:\laragon\www\dapokalsel\sekolah\import_url_kabupaten.pyw", line 115, in setup_driver
    driver = uc.Chrome(
  File "C:\laragon\bin\python\python-3.10\lib\site-packages\undetected_chromedriver\__init__.py", line 372, in __init__
    options.binary_location = (
  File "C:\laragon\bin\python\python-3.10\lib\site-packages\selenium\webdriver\chromium\options.py", line 52, in binary_location
    raise TypeError(self.BINARY_LOCATION_ERROR)
TypeError: Binary Location Must be a String
2025-10-26 22:25:20,644 - ERROR - Error on attempt 89: Failed to setup driver
Traceback (most recent call last):
  File "C:\laragon\www\dapokalsel\sekolah\import_url_kabupaten.pyw", line 435, in process_url_induk
    raise Exception("Failed to setup driver")
Exception: Failed to setup driver
2025-10-26 22:25:20,644 - INFO - Retry attempt 90/300...
2025-10-26 22:25:35,645 - INFO - Setting up Chrome driver...
2025-10-26 22:25:35,645 - INFO - Using profile directory: C:\Windows\Temp\chrome_scraper_profile
2025-10-26 22:25:35,645 - INFO - Initializing Chrome driver (attempt 1/3)...
2025-10-26 22:25:47,672 - ERROR - Attempt 1 failed: [WinError 32] The process cannot access the file because it is being used by another process: 'C:\\laragon\\www\\dapokalsel\\sekolah\\~\\appdata\\roaming\\undetected_chromedriver\\undetected\\chromedriver-win32\\chromedriver.exe' -> 'C:\\laragon\\www\\dapokalsel\\sekolah\\~\\appdata\\roaming\\undetected_chromedriver\\undetected_chromedriver.exe'
2025-10-26 22:25:47,672 - INFO - Retrying in 5 seconds...
2025-10-26 22:25:52,690 - INFO - Initializing Chrome driver (attempt 2/3)...
2025-10-26 22:26:03,955 - INFO - patching driver executable C:\laragon\www\dapokalsel\sekolah\~\appdata\roaming\undetected_chromedriver\undetected_chromedriver.exe
2025-10-26 22:26:04,033 - ERROR - Attempt 2 failed: Binary Location Must be a String
2025-10-26 22:26:04,033 - INFO - Retrying in 5 seconds...
2025-10-26 22:26:09,043 - INFO - Initializing Chrome driver (attempt 3/3)...
2025-10-26 22:26:24,032 - INFO - patching driver executable C:\laragon\www\dapokalsel\sekolah\~\appdata\roaming\undetected_chromedriver\undetected_chromedriver.exe
2025-10-26 22:26:24,144 - ERROR - Attempt 3 failed: you cannot reuse the ChromeOptions object
2025-10-26 22:26:24,144 - ERROR - All attempts failed to setup driver
Traceback (most recent call last):
  File "C:\laragon\www\dapokalsel\sekolah\import_url_kabupaten.pyw", line 115, in setup_driver
    driver = uc.Chrome(
  File "C:\laragon\bin\python\python-3.10\lib\site-packages\undetected_chromedriver\__init__.py", line 269, in __init__
    raise RuntimeError("you cannot reuse the ChromeOptions object")
RuntimeError: you cannot reuse the ChromeOptions object
2025-10-26 22:26:24,144 - ERROR - Error on attempt 90: Failed to setup driver
Traceback (most recent call last):
  File "C:\laragon\www\dapokalsel\sekolah\import_url_kabupaten.pyw", line 435, in process_url_induk
    raise Exception("Failed to setup driver")
Exception: Failed to setup driver
2025-10-26 22:26:24,144 - INFO - Retry attempt 91/300...
2025-10-26 22:26:39,149 - INFO - Setting up Chrome driver...
2025-10-26 22:26:39,150 - INFO - Using profile directory: C:\Windows\Temp\chrome_scraper_profile
2025-10-26 22:26:39,152 - INFO - Initializing Chrome driver (attempt 1/3)...
2025-10-26 22:26:46,355 - ERROR - Attempt 1 failed: [WinError 183] Cannot create a file when that file already exists: 'C:\\laragon\\www\\dapokalsel\\sekolah\\~\\appdata\\roaming\\undetected_chromedriver\\undetected\\chromedriver-win32\\chromedriver.exe' -> 'C:\\laragon\\www\\dapokalsel\\sekolah\\~\\appdata\\roaming\\undetected_chromedriver\\undetected_chromedriver.exe'
2025-10-26 22:26:46,355 - INFO - Retrying in 5 seconds...
2025-10-26 22:26:51,356 - INFO - Initializing Chrome driver (attempt 2/3)...
2025-10-26 22:27:03,071 - ERROR - Attempt 2 failed: [WinError 183] Cannot create a file when that file already exists: 'C:\\laragon\\www\\dapokalsel\\sekolah\\~\\appdata\\roaming\\undetected_chromedriver\\undetected\\chromedriver-win32\\chromedriver.exe' -> 'C:\\laragon\\www\\dapokalsel\\sekolah\\~\\appdata\\roaming\\undetected_chromedriver\\undetected_chromedriver.exe'
2025-10-26 22:27:03,071 - INFO - Retrying in 5 seconds...
2025-10-26 22:27:08,072 - INFO - Initializing Chrome driver (attempt 3/3)...
2025-10-26 22:27:16,212 - INFO - patching driver executable C:\laragon\www\dapokalsel\sekolah\~\appdata\roaming\undetected_chromedriver\undetected_chromedriver.exe
2025-10-26 22:27:16,287 - ERROR - Attempt 3 failed: Binary Location Must be a String
2025-10-26 22:27:16,287 - ERROR - All attempts failed to setup driver
Traceback (most recent call last):
  File "C:\laragon\www\dapokalsel\sekolah\import_url_kabupaten.pyw", line 115, in setup_driver
    driver = uc.Chrome(
  File "C:\laragon\bin\python\python-3.10\lib\site-packages\undetected_chromedriver\__init__.py", line 372, in __init__
    options.binary_location = (
  File "C:\laragon\bin\python\python-3.10\lib\site-packages\selenium\webdriver\chromium\options.py", line 52, in binary_location
    raise TypeError(self.BINARY_LOCATION_ERROR)
TypeError: Binary Location Must be a String
2025-10-26 22:27:16,287 - ERROR - Error on attempt 91: Failed to setup driver
Traceback (most recent call last):
  File "C:\laragon\www\dapokalsel\sekolah\import_url_kabupaten.pyw", line 435, in process_url_induk
    raise Exception("Failed to setup driver")
Exception: Failed to setup driver
2025-10-26 22:27:16,287 - INFO - Retry attempt 92/300...
2025-10-26 22:27:31,287 - INFO - Setting up Chrome driver...
2025-10-26 22:27:31,289 - INFO - Using profile directory: C:\Windows\Temp\chrome_scraper_profile
2025-10-26 22:27:31,290 - INFO - Initializing Chrome driver (attempt 1/3)...
2025-10-26 22:27:39,168 - INFO - patching driver executable C:\laragon\www\dapokalsel\sekolah\~\appdata\roaming\undetected_chromedriver\undetected_chromedriver.exe
2025-10-26 22:27:39,264 - ERROR - Attempt 1 failed: Binary Location Must be a String
2025-10-26 22:27:39,264 - INFO - Retrying in 5 seconds...
2025-10-26 22:27:44,265 - INFO - Initializing Chrome driver (attempt 2/3)...
2025-10-26 22:27:54,444 - ERROR - Attempt 2 failed: [WinError 183] Cannot create a file when that file already exists: 'C:\\laragon\\www\\dapokalsel\\sekolah\\~\\appdata\\roaming\\undetected_chromedriver\\undetected\\chromedriver-win32\\chromedriver.exe' -> 'C:\\laragon\\www\\dapokalsel\\sekolah\\~\\appdata\\roaming\\undetected_chromedriver\\undetected_chromedriver.exe'
2025-10-26 22:27:54,444 - INFO - Retrying in 5 seconds...
2025-10-26 22:27:59,445 - INFO - Initializing Chrome driver (attempt 3/3)...
2025-10-26 22:28:04,804 - INFO - patching driver executable C:\laragon\www\dapokalsel\sekolah\~\appdata\roaming\undetected_chromedriver\undetected_chromedriver.exe
2025-10-26 22:28:04,882 - ERROR - Attempt 3 failed: you cannot reuse the ChromeOptions object
2025-10-26 22:28:04,882 - ERROR - All attempts failed to setup driver
Traceback (most recent call last):
  File "C:\laragon\www\dapokalsel\sekolah\import_url_kabupaten.pyw", line 115, in setup_driver
    driver = uc.Chrome(
  File "C:\laragon\bin\python\python-3.10\lib\site-packages\undetected_chromedriver\__init__.py", line 269, in __init__
    raise RuntimeError("you cannot reuse the ChromeOptions object")
RuntimeError: you cannot reuse the ChromeOptions object
2025-10-26 22:28:04,883 - ERROR - Error on attempt 92: Failed to setup driver
Traceback (most recent call last):
  File "C:\laragon\www\dapokalsel\sekolah\import_url_kabupaten.pyw", line 435, in process_url_induk
    raise Exception("Failed to setup driver")
Exception: Failed to setup driver
2025-10-26 22:28:04,883 - INFO - Retry attempt 93/300...
2025-10-26 22:28:19,884 - INFO - Setting up Chrome driver...
2025-10-26 22:28:19,884 - INFO - Using profile directory: C:\Windows\Temp\chrome_scraper_profile
2025-10-26 22:28:19,884 - INFO - Initializing Chrome driver (attempt 1/3)...
2025-10-26 22:28:27,462 - ERROR - Attempt 1 failed: [WinError 183] Cannot create a file when that file already exists: 'C:\\laragon\\www\\dapokalsel\\sekolah\\~\\appdata\\roaming\\undetected_chromedriver\\undetected\\chromedriver-win32\\chromedriver.exe' -> 'C:\\laragon\\www\\dapokalsel\\sekolah\\~\\appdata\\roaming\\undetected_chromedriver\\undetected_chromedriver.exe'
2025-10-26 22:28:27,463 - INFO - Retrying in 5 seconds...
2025-10-26 22:28:32,465 - INFO - Initializing Chrome driver (attempt 2/3)...
2025-10-26 22:28:43,243 - ERROR - Attempt 2 failed: [WinError 183] Cannot create a file when that file already exists: 'C:\\laragon\\www\\dapokalsel\\sekolah\\~\\appdata\\roaming\\undetected_chromedriver\\undetected\\chromedriver-win32\\chromedriver.exe' -> 'C:\\laragon\\www\\dapokalsel\\sekolah\\~\\appdata\\roaming\\undetected_chromedriver\\undetected_chromedriver.exe'
2025-10-26 22:28:43,243 - INFO - Retrying in 5 seconds...
2025-10-26 22:28:48,243 - INFO - Initializing Chrome driver (attempt 3/3)...
2025-10-26 22:28:55,373 - INFO - patching driver executable C:\laragon\www\dapokalsel\sekolah\~\appdata\roaming\undetected_chromedriver\undetected_chromedriver.exe
2025-10-26 22:28:55,451 - ERROR - Attempt 3 failed: Binary Location Must be a String
2025-10-26 22:28:55,451 - ERROR - All attempts failed to setup driver
Traceback (most recent call last):
  File "C:\laragon\www\dapokalsel\sekolah\import_url_kabupaten.pyw", line 115, in setup_driver
    driver = uc.Chrome(
  File "C:\laragon\bin\python\python-3.10\lib\site-packages\undetected_chromedriver\__init__.py", line 372, in __init__
    options.binary_location = (
  File "C:\laragon\bin\python\python-3.10\lib\site-packages\selenium\webdriver\chromium\options.py", line 52, in binary_location
    raise TypeError(self.BINARY_LOCATION_ERROR)
TypeError: Binary Location Must be a String
2025-10-26 22:28:55,452 - ERROR - Error on attempt 93: Failed to setup driver
Traceback (most recent call last):
  File "C:\laragon\www\dapokalsel\sekolah\import_url_kabupaten.pyw", line 435, in process_url_induk
    raise Exception("Failed to setup driver")
Exception: Failed to setup driver
2025-10-26 22:28:55,452 - INFO - Retry attempt 94/300...
2025-10-26 22:29:10,453 - INFO - Setting up Chrome driver...
2025-10-26 22:29:10,453 - INFO - Using profile directory: C:\Windows\Temp\chrome_scraper_profile
2025-10-26 22:29:10,453 - INFO - Initializing Chrome driver (attempt 1/3)...
2025-10-26 22:29:15,861 - INFO - patching driver executable C:\laragon\www\dapokalsel\sekolah\~\appdata\roaming\undetected_chromedriver\undetected_chromedriver.exe
2025-10-26 22:29:15,946 - ERROR - Attempt 1 failed: Binary Location Must be a String
2025-10-26 22:29:15,946 - INFO - Retrying in 5 seconds...
2025-10-26 22:29:20,947 - INFO - Initializing Chrome driver (attempt 2/3)...
2025-10-26 22:29:29,156 - INFO - patching driver executable C:\laragon\www\dapokalsel\sekolah\~\appdata\roaming\undetected_chromedriver\undetected_chromedriver.exe
2025-10-26 22:29:29,235 - ERROR - Attempt 2 failed: you cannot reuse the ChromeOptions object
2025-10-26 22:29:29,235 - INFO - Retrying in 5 seconds...
2025-10-26 22:29:34,235 - INFO - Initializing Chrome driver (attempt 3/3)...
2025-10-26 22:29:39,967 - INFO - patching driver executable C:\laragon\www\dapokalsel\sekolah\~\appdata\roaming\undetected_chromedriver\undetected_chromedriver.exe
2025-10-26 22:29:40,085 - ERROR - Attempt 3 failed: you cannot reuse the ChromeOptions object
2025-10-26 22:29:40,085 - ERROR - All attempts failed to setup driver
Traceback (most recent call last):
  File "C:\laragon\www\dapokalsel\sekolah\import_url_kabupaten.pyw", line 115, in setup_driver
    driver = uc.Chrome(
  File "C:\laragon\bin\python\python-3.10\lib\site-packages\undetected_chromedriver\__init__.py", line 269, in __init__
    raise RuntimeError("you cannot reuse the ChromeOptions object")
RuntimeError: you cannot reuse the ChromeOptions object
2025-10-26 22:29:40,086 - ERROR - Error on attempt 94: Failed to setup driver
Traceback (most recent call last):
  File "C:\laragon\www\dapokalsel\sekolah\import_url_kabupaten.pyw", line 435, in process_url_induk
    raise Exception("Failed to setup driver")
Exception: Failed to setup driver
2025-10-26 22:29:40,086 - INFO - Retry attempt 95/300...
2025-10-26 22:29:55,087 - INFO - Setting up Chrome driver...
2025-10-26 22:29:55,087 - INFO - Using profile directory: C:\Windows\Temp\chrome_scraper_profile
2025-10-26 22:29:55,087 - INFO - Initializing Chrome driver (attempt 1/3)...
2025-10-26 22:30:00,354 - ERROR - Attempt 1 failed: [WinError 183] Cannot create a file when that file already exists: 'C:\\laragon\\www\\dapokalsel\\sekolah\\~\\appdata\\roaming\\undetected_chromedriver\\undetected\\chromedriver-win32\\chromedriver.exe' -> 'C:\\laragon\\www\\dapokalsel\\sekolah\\~\\appdata\\roaming\\undetected_chromedriver\\undetected_chromedriver.exe'
2025-10-26 22:30:00,354 - INFO - Retrying in 5 seconds...
2025-10-26 22:30:05,355 - INFO - Initializing Chrome driver (attempt 2/3)...
2025-10-26 22:30:09,896 - ERROR - Attempt 2 failed: [WinError 183] Cannot create a file when that file already exists: 'C:\\laragon\\www\\dapokalsel\\sekolah\\~\\appdata\\roaming\\undetected_chromedriver\\undetected\\chromedriver-win32\\chromedriver.exe' -> 'C:\\laragon\\www\\dapokalsel\\sekolah\\~\\appdata\\roaming\\undetected_chromedriver\\undetected_chromedriver.exe'
2025-10-26 22:30:09,896 - INFO - Retrying in 5 seconds...
2025-10-26 22:30:14,897 - INFO - Initializing Chrome driver (attempt 3/3)...
2025-10-26 22:30:23,285 - ERROR - Attempt 3 failed: [WinError 183] Cannot create a file when that file already exists: 'C:\\laragon\\www\\dapokalsel\\sekolah\\~\\appdata\\roaming\\undetected_chromedriver\\undetected\\chromedriver-win32\\chromedriver.exe' -> 'C:\\laragon\\www\\dapokalsel\\sekolah\\~\\appdata\\roaming\\undetected_chromedriver\\undetected_chromedriver.exe'
2025-10-26 22:30:23,285 - ERROR - All attempts failed to setup driver
Traceback (most recent call last):
  File "C:\laragon\www\dapokalsel\sekolah\import_url_kabupaten.pyw", line 115, in setup_driver
    driver = uc.Chrome(
  File "C:\laragon\bin\python\python-3.10\lib\site-packages\undetected_chromedriver\__init__.py", line 258, in __init__
    self.patcher.auto()
  File "C:\laragon\bin\python\python-3.10\lib\site-packages\undetected_chromedriver\patcher.py", line 178, in auto
    self.unzip_package(self.fetch_package())
  File "C:\laragon\bin\python\python-3.10\lib\site-packages\undetected_chromedriver\patcher.py", line 310, in unzip_package
    os.rename(os.path.join(self.zip_path, exe_path), self.executable_path)
FileExistsError: [WinError 183] Cannot create a file when that file already exists: 'C:\\laragon\\www\\dapokalsel\\sekolah\\~\\appdata\\roaming\\undetected_chromedriver\\undetected\\chromedriver-win32\\chromedriver.exe' -> 'C:\\laragon\\www\\dapokalsel\\sekolah\\~\\appdata\\roaming\\undetected_chromedriver\\undetected_chromedriver.exe'
2025-10-26 22:30:23,286 - ERROR - Error on attempt 95: Failed to setup driver
Traceback (most recent call last):
  File "C:\laragon\www\dapokalsel\sekolah\import_url_kabupaten.pyw", line 435, in process_url_induk
    raise Exception("Failed to setup driver")
Exception: Failed to setup driver
2025-10-26 22:30:23,286 - INFO - Retry attempt 96/300...
2025-10-26 22:30:38,287 - INFO - Setting up Chrome driver...
2025-10-26 22:30:38,287 - INFO - Using profile directory: C:\Windows\Temp\chrome_scraper_profile
2025-10-26 22:30:38,287 - INFO - Initializing Chrome driver (attempt 1/3)...
2025-10-26 22:30:43,251 - INFO - patching driver executable C:\laragon\www\dapokalsel\sekolah\~\appdata\roaming\undetected_chromedriver\undetected_chromedriver.exe
2025-10-26 22:30:43,341 - ERROR - Attempt 1 failed: Binary Location Must be a String
2025-10-26 22:30:43,341 - INFO - Retrying in 5 seconds...
2025-10-26 22:30:48,341 - INFO - Initializing Chrome driver (attempt 2/3)...
2025-10-26 22:30:57,399 - ERROR - Attempt 2 failed: [WinError 183] Cannot create a file when that file already exists: 'C:\\laragon\\www\\dapokalsel\\sekolah\\~\\appdata\\roaming\\undetected_chromedriver\\undetected\\chromedriver-win32\\chromedriver.exe' -> 'C:\\laragon\\www\\dapokalsel\\sekolah\\~\\appdata\\roaming\\undetected_chromedriver\\undetected_chromedriver.exe'
2025-10-26 22:30:57,399 - INFO - Retrying in 5 seconds...
2025-10-26 22:31:02,400 - INFO - Initializing Chrome driver (attempt 3/3)...
2025-10-26 22:31:09,989 - ERROR - Attempt 3 failed: [WinError 183] Cannot create a file when that file already exists: 'C:\\laragon\\www\\dapokalsel\\sekolah\\~\\appdata\\roaming\\undetected_chromedriver\\undetected\\chromedriver-win32\\chromedriver.exe' -> 'C:\\laragon\\www\\dapokalsel\\sekolah\\~\\appdata\\roaming\\undetected_chromedriver\\undetected_chromedriver.exe'
2025-10-26 22:31:09,990 - ERROR - All attempts failed to setup driver
Traceback (most recent call last):
  File "C:\laragon\www\dapokalsel\sekolah\import_url_kabupaten.pyw", line 115, in setup_driver
    driver = uc.Chrome(
  File "C:\laragon\bin\python\python-3.10\lib\site-packages\undetected_chromedriver\__init__.py", line 258, in __init__
    self.patcher.auto()
  File "C:\laragon\bin\python\python-3.10\lib\site-packages\undetected_chromedriver\patcher.py", line 178, in auto
    self.unzip_package(self.fetch_package())
  File "C:\laragon\bin\python\python-3.10\lib\site-packages\undetected_chromedriver\patcher.py", line 310, in unzip_package
    os.rename(os.path.join(self.zip_path, exe_path), self.executable_path)
FileExistsError: [WinError 183] Cannot create a file when that file already exists: 'C:\\laragon\\www\\dapokalsel\\sekolah\\~\\appdata\\roaming\\undetected_chromedriver\\undetected\\chromedriver-win32\\chromedriver.exe' -> 'C:\\laragon\\www\\dapokalsel\\sekolah\\~\\appdata\\roaming\\undetected_chromedriver\\undetected_chromedriver.exe'
2025-10-26 22:31:09,991 - ERROR - Error on attempt 96: Failed to setup driver
Traceback (most recent call last):
  File "C:\laragon\www\dapokalsel\sekolah\import_url_kabupaten.pyw", line 435, in process_url_induk
    raise Exception("Failed to setup driver")
Exception: Failed to setup driver
2025-10-26 22:31:09,991 - INFO - Retry attempt 97/300...
2025-10-26 22:31:24,991 - INFO - Setting up Chrome driver...
2025-10-26 22:31:24,991 - INFO - Using profile directory: C:\Windows\Temp\chrome_scraper_profile
2025-10-26 22:31:24,991 - INFO - Initializing Chrome driver (attempt 1/3)...
2025-10-26 22:31:40,114 - INFO - patching driver executable C:\laragon\www\dapokalsel\sekolah\~\appdata\roaming\undetected_chromedriver\undetected_chromedriver.exe
2025-10-26 22:31:40,732 - ERROR - Attempt 1 failed: Binary Location Must be a String
2025-10-26 22:31:40,732 - INFO - Retrying in 5 seconds...
2025-10-26 22:31:45,733 - INFO - Initializing Chrome driver (attempt 2/3)...
2025-10-26 22:31:55,758 - INFO - patching driver executable C:\laragon\www\dapokalsel\sekolah\~\appdata\roaming\undetected_chromedriver\undetected_chromedriver.exe
2025-10-26 22:31:56,637 - ERROR - Attempt 2 failed: you cannot reuse the ChromeOptions object
2025-10-26 22:31:56,637 - INFO - Retrying in 5 seconds...
2025-10-26 22:32:01,637 - INFO - Initializing Chrome driver (attempt 3/3)...
2025-10-26 22:32:11,520 - INFO - patching driver executable C:\laragon\www\dapokalsel\sekolah\~\appdata\roaming\undetected_chromedriver\undetected_chromedriver.exe
2025-10-26 22:32:12,299 - ERROR - Attempt 3 failed: you cannot reuse the ChromeOptions object
2025-10-26 22:32:12,299 - ERROR - All attempts failed to setup driver
Traceback (most recent call last):
  File "C:\laragon\www\dapokalsel\sekolah\import_url_kabupaten.pyw", line 115, in setup_driver
    driver = uc.Chrome(
  File "C:\laragon\bin\python\python-3.10\lib\site-packages\undetected_chromedriver\__init__.py", line 269, in __init__
    raise RuntimeError("you cannot reuse the ChromeOptions object")
RuntimeError: you cannot reuse the ChromeOptions object
2025-10-26 22:32:12,518 - ERROR - Error on attempt 97: Failed to setup driver
Traceback (most recent call last):
  File "C:\laragon\www\dapokalsel\sekolah\import_url_kabupaten.pyw", line 435, in process_url_induk
    raise Exception("Failed to setup driver")
Exception: Failed to setup driver
2025-10-26 22:32:12,621 - INFO - Retry attempt 98/300...
2025-10-26 22:32:27,621 - INFO - Setting up Chrome driver...
2025-10-26 22:32:27,709 - INFO - Using profile directory: C:\Windows\Temp\chrome_scraper_profile
2025-10-26 22:32:27,709 - INFO - Initializing Chrome driver (attempt 1/3)...
2025-10-26 22:32:37,404 - ERROR - Attempt 1 failed: [WinError 2] The system cannot find the file specified: 'C:\\laragon\\www\\dapokalsel\\sekolah\\~\\appdata\\roaming\\undetected_chromedriver\\undetected_chromedriver.exe'
2025-10-26 22:32:37,405 - INFO - Retrying in 5 seconds...
2025-10-26 22:32:42,405 - INFO - Initializing Chrome driver (attempt 2/3)...
2025-10-26 22:32:56,464 - ERROR - Attempt 2 failed: [WinError 183] Cannot create a file when that file already exists: 'C:\\laragon\\www\\dapokalsel\\sekolah\\~\\appdata\\roaming\\undetected_chromedriver\\undetected\\chromedriver-win32\\chromedriver.exe' -> 'C:\\laragon\\www\\dapokalsel\\sekolah\\~\\appdata\\roaming\\undetected_chromedriver\\undetected_chromedriver.exe'
2025-10-26 22:32:56,465 - INFO - Retrying in 5 seconds...
2025-10-26 22:33:01,465 - INFO - Initializing Chrome driver (attempt 3/3)...
2025-10-26 22:33:11,185 - INFO - patching driver executable C:\laragon\www\dapokalsel\sekolah\~\appdata\roaming\undetected_chromedriver\undetected_chromedriver.exe
2025-10-26 22:33:11,927 - ERROR - Attempt 3 failed: Binary Location Must be a String
2025-10-26 22:33:11,927 - ERROR - All attempts failed to setup driver
Traceback (most recent call last):
  File "C:\laragon\www\dapokalsel\sekolah\import_url_kabupaten.pyw", line 115, in setup_driver
    driver = uc.Chrome(
  File "C:\laragon\bin\python\python-3.10\lib\site-packages\undetected_chromedriver\__init__.py", line 372, in __init__
    options.binary_location = (
  File "C:\laragon\bin\python\python-3.10\lib\site-packages\selenium\webdriver\chromium\options.py", line 52, in binary_location
    raise TypeError(self.BINARY_LOCATION_ERROR)
TypeError: Binary Location Must be a String
2025-10-26 22:33:12,230 - ERROR - Error on attempt 98: Failed to setup driver
Traceback (most recent call last):
  File "C:\laragon\www\dapokalsel\sekolah\import_url_kabupaten.pyw", line 435, in process_url_induk
    raise Exception("Failed to setup driver")
Exception: Failed to setup driver
2025-10-26 22:33:12,344 - INFO - Retry attempt 99/300...
2025-10-26 22:33:27,345 - INFO - Setting up Chrome driver...
2025-10-26 22:33:27,363 - INFO - Using profile directory: C:\Windows\Temp\chrome_scraper_profile
2025-10-26 22:33:27,365 - INFO - Initializing Chrome driver (attempt 1/3)...
2025-10-26 22:33:38,716 - INFO - patching driver executable C:\laragon\www\dapokalsel\sekolah\~\appdata\roaming\undetected_chromedriver\undetected_chromedriver.exe
2025-10-26 22:33:39,541 - ERROR - Attempt 1 failed: Binary Location Must be a String
2025-10-26 22:33:39,541 - INFO - Retrying in 5 seconds...
2025-10-26 22:33:44,542 - INFO - Initializing Chrome driver (attempt 2/3)...
2025-10-26 22:33:57,088 - ERROR - Attempt 2 failed: [WinError 183] Cannot create a file when that file already exists: 'C:\\laragon\\www\\dapokalsel\\sekolah\\~\\appdata\\roaming\\undetected_chromedriver\\undetected\\chromedriver-win32\\chromedriver.exe' -> 'C:\\laragon\\www\\dapokalsel\\sekolah\\~\\appdata\\roaming\\undetected_chromedriver\\undetected_chromedriver.exe'
2025-10-26 22:33:57,089 - INFO - Retrying in 5 seconds...
2025-10-26 22:34:02,089 - INFO - Initializing Chrome driver (attempt 3/3)...
2025-10-26 22:34:14,965 - ERROR - Attempt 3 failed: [WinError 183] Cannot create a file when that file already exists: 'C:\\laragon\\www\\dapokalsel\\sekolah\\~\\appdata\\roaming\\undetected_chromedriver\\undetected\\chromedriver-win32\\chromedriver.exe' -> 'C:\\laragon\\www\\dapokalsel\\sekolah\\~\\appdata\\roaming\\undetected_chromedriver\\undetected_chromedriver.exe'
2025-10-26 22:34:14,965 - ERROR - All attempts failed to setup driver
Traceback (most recent call last):
  File "C:\laragon\www\dapokalsel\sekolah\import_url_kabupaten.pyw", line 115, in setup_driver
    driver = uc.Chrome(
  File "C:\laragon\bin\python\python-3.10\lib\site-packages\undetected_chromedriver\__init__.py", line 258, in __init__
    self.patcher.auto()
  File "C:\laragon\bin\python\python-3.10\lib\site-packages\undetected_chromedriver\patcher.py", line 178, in auto
    self.unzip_package(self.fetch_package())
  File "C:\laragon\bin\python\python-3.10\lib\site-packages\undetected_chromedriver\patcher.py", line 310, in unzip_package
    os.rename(os.path.join(self.zip_path, exe_path), self.executable_path)
FileExistsError: [WinError 183] Cannot create a file when that file already exists: 'C:\\laragon\\www\\dapokalsel\\sekolah\\~\\appdata\\roaming\\undetected_chromedriver\\undetected\\chromedriver-win32\\chromedriver.exe' -> 'C:\\laragon\\www\\dapokalsel\\sekolah\\~\\appdata\\roaming\\undetected_chromedriver\\undetected_chromedriver.exe'
2025-10-26 22:34:14,966 - ERROR - Error on attempt 99: Failed to setup driver
Traceback (most recent call last):
  File "C:\laragon\www\dapokalsel\sekolah\import_url_kabupaten.pyw", line 435, in process_url_induk
    raise Exception("Failed to setup driver")
Exception: Failed to setup driver
2025-10-26 22:34:14,966 - INFO - Retry attempt 100/300...
2025-10-26 22:34:29,968 - INFO - Setting up Chrome driver...
2025-10-26 22:34:29,968 - INFO - Using profile directory: C:\Windows\Temp\chrome_scraper_profile
2025-10-26 22:34:29,968 - INFO - Initializing Chrome driver (attempt 1/3)...
2025-10-26 22:34:34,651 - INFO - patching driver executable C:\laragon\www\dapokalsel\sekolah\~\appdata\roaming\undetected_chromedriver\undetected_chromedriver.exe
2025-10-26 22:34:34,828 - ERROR - Attempt 1 failed: Binary Location Must be a String
2025-10-26 22:34:34,830 - INFO - Retrying in 5 seconds...
2025-10-26 22:34:39,830 - INFO - Initializing Chrome driver (attempt 2/3)...
2025-10-26 22:34:51,601 - ERROR - Attempt 2 failed: [WinError 32] The process cannot access the file because it is being used by another process: 'C:\\laragon\\www\\dapokalsel\\sekolah\\~\\appdata\\roaming\\undetected_chromedriver\\undetected\\chromedriver-win32\\chromedriver.exe' -> 'C:\\laragon\\www\\dapokalsel\\sekolah\\~\\appdata\\roaming\\undetected_chromedriver\\undetected_chromedriver.exe'
2025-10-26 22:34:51,602 - INFO - Retrying in 5 seconds...
2025-10-26 22:34:56,602 - INFO - Initializing Chrome driver (attempt 3/3)...
2025-10-26 22:35:04,664 - ERROR - Attempt 3 failed: [WinError 183] Cannot create a file when that file already exists: 'C:\\laragon\\www\\dapokalsel\\sekolah\\~\\appdata\\roaming\\undetected_chromedriver\\undetected\\chromedriver-win32\\chromedriver.exe' -> 'C:\\laragon\\www\\dapokalsel\\sekolah\\~\\appdata\\roaming\\undetected_chromedriver\\undetected_chromedriver.exe'
2025-10-26 22:35:04,664 - ERROR - All attempts failed to setup driver
Traceback (most recent call last):
  File "C:\laragon\www\dapokalsel\sekolah\import_url_kabupaten.pyw", line 115, in setup_driver
    driver = uc.Chrome(
  File "C:\laragon\bin\python\python-3.10\lib\site-packages\undetected_chromedriver\__init__.py", line 258, in __init__
    self.patcher.auto()
  File "C:\laragon\bin\python\python-3.10\lib\site-packages\undetected_chromedriver\patcher.py", line 178, in auto
    self.unzip_package(self.fetch_package())
  File "C:\laragon\bin\python\python-3.10\lib\site-packages\undetected_chromedriver\patcher.py", line 310, in unzip_package
    os.rename(os.path.join(self.zip_path, exe_path), self.executable_path)
FileExistsError: [WinError 183] Cannot create a file when that file already exists: 'C:\\laragon\\www\\dapokalsel\\sekolah\\~\\appdata\\roaming\\undetected_chromedriver\\undetected\\chromedriver-win32\\chromedriver.exe' -> 'C:\\laragon\\www\\dapokalsel\\sekolah\\~\\appdata\\roaming\\undetected_chromedriver\\undetected_chromedriver.exe'
2025-10-26 22:35:04,665 - ERROR - Error on attempt 100: Failed to setup driver
Traceback (most recent call last):
  File "C:\laragon\www\dapokalsel\sekolah\import_url_kabupaten.pyw", line 435, in process_url_induk
    raise Exception("Failed to setup driver")
Exception: Failed to setup driver
2025-10-26 22:35:04,665 - INFO - Retry attempt 101/300...
2025-10-26 22:35:19,666 - INFO - Setting up Chrome driver...
2025-10-26 22:35:19,666 - INFO - Using profile directory: C:\Windows\Temp\chrome_scraper_profile
2025-10-26 22:35:19,666 - INFO - Initializing Chrome driver (attempt 1/3)...
2025-10-26 22:35:24,219 - INFO - patching driver executable C:\laragon\www\dapokalsel\sekolah\~\appdata\roaming\undetected_chromedriver\undetected_chromedriver.exe
2025-10-26 22:35:24,295 - ERROR - Attempt 1 failed: Binary Location Must be a String
2025-10-26 22:35:24,295 - INFO - Retrying in 5 seconds...
2025-10-26 22:35:29,295 - INFO - Initializing Chrome driver (attempt 2/3)...
2025-10-26 22:35:40,004 - ERROR - Attempt 2 failed: [WinError 183] Cannot create a file when that file already exists: 'C:\\laragon\\www\\dapokalsel\\sekolah\\~\\appdata\\roaming\\undetected_chromedriver\\undetected\\chromedriver-win32\\chromedriver.exe' -> 'C:\\laragon\\www\\dapokalsel\\sekolah\\~\\appdata\\roaming\\undetected_chromedriver\\undetected_chromedriver.exe'
2025-10-26 22:35:40,004 - INFO - Retrying in 5 seconds...
2025-10-26 22:35:45,005 - INFO - Initializing Chrome driver (attempt 3/3)...
2025-10-26 22:35:51,387 - INFO - patching driver executable C:\laragon\www\dapokalsel\sekolah\~\appdata\roaming\undetected_chromedriver\undetected_chromedriver.exe
2025-10-26 22:35:51,571 - ERROR - Attempt 3 failed: you cannot reuse the ChromeOptions object
2025-10-26 22:35:51,571 - ERROR - All attempts failed to setup driver
Traceback (most recent call last):
  File "C:\laragon\www\dapokalsel\sekolah\import_url_kabupaten.pyw", line 115, in setup_driver
    driver = uc.Chrome(
  File "C:\laragon\bin\python\python-3.10\lib\site-packages\undetected_chromedriver\__init__.py", line 269, in __init__
    raise RuntimeError("you cannot reuse the ChromeOptions object")
RuntimeError: you cannot reuse the ChromeOptions object
2025-10-26 22:35:51,572 - ERROR - Error on attempt 101: Failed to setup driver
Traceback (most recent call last):
  File "C:\laragon\www\dapokalsel\sekolah\import_url_kabupaten.pyw", line 435, in process_url_induk
    raise Exception("Failed to setup driver")
Exception: Failed to setup driver
2025-10-26 22:35:51,572 - INFO - Retry attempt 102/300...
2025-10-26 22:36:06,572 - INFO - Setting up Chrome driver...
2025-10-26 22:36:06,573 - INFO - Using profile directory: C:\Windows\Temp\chrome_scraper_profile
2025-10-26 22:36:06,574 - INFO - Initializing Chrome driver (attempt 1/3)...
2025-10-26 22:36:12,113 - INFO - patching driver executable C:\laragon\www\dapokalsel\sekolah\~\appdata\roaming\undetected_chromedriver\undetected_chromedriver.exe
2025-10-26 22:36:12,353 - ERROR - Attempt 1 failed: Binary Location Must be a String
2025-10-26 22:36:12,353 - INFO - Retrying in 5 seconds...
2025-10-26 22:36:17,354 - INFO - Initializing Chrome driver (attempt 2/3)...
2025-10-26 22:36:32,346 - ERROR - Attempt 2 failed: [WinError 183] Cannot create a file when that file already exists: 'C:\\laragon\\www\\dapokalsel\\sekolah\\~\\appdata\\roaming\\undetected_chromedriver\\undetected\\chromedriver-win32\\chromedriver.exe' -> 'C:\\laragon\\www\\dapokalsel\\sekolah\\~\\appdata\\roaming\\undetected_chromedriver\\undetected_chromedriver.exe'
2025-10-26 22:36:32,346 - INFO - Retrying in 5 seconds...
2025-10-26 22:36:37,347 - INFO - Initializing Chrome driver (attempt 3/3)...
2025-10-26 22:36:48,756 - INFO - patching driver executable C:\laragon\www\dapokalsel\sekolah\~\appdata\roaming\undetected_chromedriver\undetected_chromedriver.exe
2025-10-26 22:36:48,833 - ERROR - Attempt 3 failed: you cannot reuse the ChromeOptions object
2025-10-26 22:36:48,833 - ERROR - All attempts failed to setup driver
Traceback (most recent call last):
  File "C:\laragon\www\dapokalsel\sekolah\import_url_kabupaten.pyw", line 115, in setup_driver
    driver = uc.Chrome(
  File "C:\laragon\bin\python\python-3.10\lib\site-packages\undetected_chromedriver\__init__.py", line 269, in __init__
    raise RuntimeError("you cannot reuse the ChromeOptions object")
RuntimeError: you cannot reuse the ChromeOptions object
2025-10-26 22:36:48,834 - ERROR - Error on attempt 102: Failed to setup driver
Traceback (most recent call last):
  File "C:\laragon\www\dapokalsel\sekolah\import_url_kabupaten.pyw", line 435, in process_url_induk
    raise Exception("Failed to setup driver")
Exception: Failed to setup driver
2025-10-26 22:36:48,834 - INFO - Retry attempt 103/300...
2025-10-26 22:37:03,835 - INFO - Setting up Chrome driver...
2025-10-26 22:37:03,835 - INFO - Using profile directory: C:\Windows\Temp\chrome_scraper_profile
2025-10-26 22:37:03,836 - INFO - Initializing Chrome driver (attempt 1/3)...
2025-10-26 22:37:10,898 - ERROR - Attempt 1 failed: [WinError 183] Cannot create a file when that file already exists: 'C:\\laragon\\www\\dapokalsel\\sekolah\\~\\appdata\\roaming\\undetected_chromedriver\\undetected\\chromedriver-win32\\chromedriver.exe' -> 'C:\\laragon\\www\\dapokalsel\\sekolah\\~\\appdata\\roaming\\undetected_chromedriver\\undetected_chromedriver.exe'
2025-10-26 22:37:10,898 - INFO - Retrying in 5 seconds...
2025-10-26 22:37:15,900 - INFO - Initializing Chrome driver (attempt 2/3)...
2025-10-26 22:37:32,270 - INFO - patching driver executable C:\laragon\www\dapokalsel\sekolah\~\appdata\roaming\undetected_chromedriver\undetected_chromedriver.exe
2025-10-26 22:37:32,574 - ERROR - Attempt 2 failed: Binary Location Must be a String
2025-10-26 22:37:32,575 - INFO - Retrying in 5 seconds...
2025-10-26 22:37:37,576 - INFO - Initializing Chrome driver (attempt 3/3)...
2025-10-26 22:37:49,298 - ERROR - Attempt 3 failed: [WinError 183] Cannot create a file when that file already exists: 'C:\\laragon\\www\\dapokalsel\\sekolah\\~\\appdata\\roaming\\undetected_chromedriver\\undetected\\chromedriver-win32\\chromedriver.exe' -> 'C:\\laragon\\www\\dapokalsel\\sekolah\\~\\appdata\\roaming\\undetected_chromedriver\\undetected_chromedriver.exe'
2025-10-26 22:37:49,299 - ERROR - All attempts failed to setup driver
Traceback (most recent call last):
  File "C:\laragon\www\dapokalsel\sekolah\import_url_kabupaten.pyw", line 115, in setup_driver
    driver = uc.Chrome(
  File "C:\laragon\bin\python\python-3.10\lib\site-packages\undetected_chromedriver\__init__.py", line 258, in __init__
    self.patcher.auto()
  File "C:\laragon\bin\python\python-3.10\lib\site-packages\undetected_chromedriver\patcher.py", line 178, in auto
    self.unzip_package(self.fetch_package())
  File "C:\laragon\bin\python\python-3.10\lib\site-packages\undetected_chromedriver\patcher.py", line 310, in unzip_package
    os.rename(os.path.join(self.zip_path, exe_path), self.executable_path)
FileExistsError: [WinError 183] Cannot create a file when that file already exists: 'C:\\laragon\\www\\dapokalsel\\sekolah\\~\\appdata\\roaming\\undetected_chromedriver\\undetected\\chromedriver-win32\\chromedriver.exe' -> 'C:\\laragon\\www\\dapokalsel\\sekolah\\~\\appdata\\roaming\\undetected_chromedriver\\undetected_chromedriver.exe'
2025-10-26 22:37:49,299 - ERROR - Error on attempt 103: Failed to setup driver
Traceback (most recent call last):
  File "C:\laragon\www\dapokalsel\sekolah\import_url_kabupaten.pyw", line 435, in process_url_induk
    raise Exception("Failed to setup driver")
Exception: Failed to setup driver
2025-10-26 22:37:49,300 - INFO - Retry attempt 104/300...
2025-10-26 22:38:04,301 - INFO - Setting up Chrome driver...
2025-10-26 22:38:04,302 - INFO - Using profile directory: C:\Windows\Temp\chrome_scraper_profile
2025-10-26 22:38:04,303 - INFO - Initializing Chrome driver (attempt 1/3)...
2025-10-26 22:38:09,413 - INFO - patching driver executable C:\laragon\www\dapokalsel\sekolah\~\appdata\roaming\undetected_chromedriver\undetected_chromedriver.exe
2025-10-26 22:38:09,576 - ERROR - Attempt 1 failed: Binary Location Must be a String
2025-10-26 22:38:09,577 - INFO - Retrying in 5 seconds...
2025-10-26 22:38:14,578 - INFO - Initializing Chrome driver (attempt 2/3)...
2025-10-26 22:38:19,800 - INFO - patching driver executable C:\laragon\www\dapokalsel\sekolah\~\appdata\roaming\undetected_chromedriver\undetected_chromedriver.exe
2025-10-26 22:38:19,937 - ERROR - Attempt 2 failed: you cannot reuse the ChromeOptions object
2025-10-26 22:38:19,937 - INFO - Retrying in 5 seconds...
2025-10-26 22:38:24,937 - INFO - Initializing Chrome driver (attempt 3/3)...
2025-10-26 22:38:31,737 - ERROR - Attempt 3 failed: [WinError 183] Cannot create a file when that file already exists: 'C:\\laragon\\www\\dapokalsel\\sekolah\\~\\appdata\\roaming\\undetected_chromedriver\\undetected\\chromedriver-win32\\chromedriver.exe' -> 'C:\\laragon\\www\\dapokalsel\\sekolah\\~\\appdata\\roaming\\undetected_chromedriver\\undetected_chromedriver.exe'
2025-10-26 22:38:31,737 - ERROR - All attempts failed to setup driver
Traceback (most recent call last):
  File "C:\laragon\www\dapokalsel\sekolah\import_url_kabupaten.pyw", line 115, in setup_driver
    driver = uc.Chrome(
  File "C:\laragon\bin\python\python-3.10\lib\site-packages\undetected_chromedriver\__init__.py", line 258, in __init__
    self.patcher.auto()
  File "C:\laragon\bin\python\python-3.10\lib\site-packages\undetected_chromedriver\patcher.py", line 178, in auto
    self.unzip_package(self.fetch_package())
  File "C:\laragon\bin\python\python-3.10\lib\site-packages\undetected_chromedriver\patcher.py", line 310, in unzip_package
    os.rename(os.path.join(self.zip_path, exe_path), self.executable_path)
FileExistsError: [WinError 183] Cannot create a file when that file already exists: 'C:\\laragon\\www\\dapokalsel\\sekolah\\~\\appdata\\roaming\\undetected_chromedriver\\undetected\\chromedriver-win32\\chromedriver.exe' -> 'C:\\laragon\\www\\dapokalsel\\sekolah\\~\\appdata\\roaming\\undetected_chromedriver\\undetected_chromedriver.exe'
2025-10-26 22:38:31,738 - ERROR - Error on attempt 104: Failed to setup driver
Traceback (most recent call last):
  File "C:\laragon\www\dapokalsel\sekolah\import_url_kabupaten.pyw", line 435, in process_url_induk
    raise Exception("Failed to setup driver")
Exception: Failed to setup driver
2025-10-26 22:38:31,739 - INFO - Retry attempt 105/300...
2025-10-26 22:38:46,740 - INFO - Setting up Chrome driver...
2025-10-26 22:38:46,740 - INFO - Using profile directory: C:\Windows\Temp\chrome_scraper_profile
2025-10-26 22:38:46,740 - INFO - Initializing Chrome driver (attempt 1/3)...
2025-10-26 22:38:56,336 - ERROR - Attempt 1 failed: [WinError 183] Cannot create a file when that file already exists: 'C:\\laragon\\www\\dapokalsel\\sekolah\\~\\appdata\\roaming\\undetected_chromedriver\\undetected\\chromedriver-win32\\chromedriver.exe' -> 'C:\\laragon\\www\\dapokalsel\\sekolah\\~\\appdata\\roaming\\undetected_chromedriver\\undetected_chromedriver.exe'
2025-10-26 22:38:56,336 - INFO - Retrying in 5 seconds...
2025-10-26 22:39:01,336 - INFO - Initializing Chrome driver (attempt 2/3)...
2025-10-26 22:39:06,241 - INFO - patching driver executable C:\laragon\www\dapokalsel\sekolah\~\appdata\roaming\undetected_chromedriver\undetected_chromedriver.exe
2025-10-26 22:39:06,322 - ERROR - Attempt 2 failed: Binary Location Must be a String
2025-10-26 22:39:06,322 - INFO - Retrying in 5 seconds...
2025-10-26 22:39:11,323 - INFO - Initializing Chrome driver (attempt 3/3)...
2025-10-26 22:39:20,626 - ERROR - Attempt 3 failed: [WinError 183] Cannot create a file when that file already exists: 'C:\\laragon\\www\\dapokalsel\\sekolah\\~\\appdata\\roaming\\undetected_chromedriver\\undetected\\chromedriver-win32\\chromedriver.exe' -> 'C:\\laragon\\www\\dapokalsel\\sekolah\\~\\appdata\\roaming\\undetected_chromedriver\\undetected_chromedriver.exe'
2025-10-26 22:39:20,627 - ERROR - All attempts failed to setup driver
Traceback (most recent call last):
  File "C:\laragon\www\dapokalsel\sekolah\import_url_kabupaten.pyw", line 115, in setup_driver
    driver = uc.Chrome(
  File "C:\laragon\bin\python\python-3.10\lib\site-packages\undetected_chromedriver\__init__.py", line 258, in __init__
    self.patcher.auto()
  File "C:\laragon\bin\python\python-3.10\lib\site-packages\undetected_chromedriver\patcher.py", line 178, in auto
    self.unzip_package(self.fetch_package())
  File "C:\laragon\bin\python\python-3.10\lib\site-packages\undetected_chromedriver\patcher.py", line 310, in unzip_package
    os.rename(os.path.join(self.zip_path, exe_path), self.executable_path)
FileExistsError: [WinError 183] Cannot create a file when that file already exists: 'C:\\laragon\\www\\dapokalsel\\sekolah\\~\\appdata\\roaming\\undetected_chromedriver\\undetected\\chromedriver-win32\\chromedriver.exe' -> 'C:\\laragon\\www\\dapokalsel\\sekolah\\~\\appdata\\roaming\\undetected_chromedriver\\undetected_chromedriver.exe'
2025-10-26 22:39:20,628 - ERROR - Error on attempt 105: Failed to setup driver
Traceback (most recent call last):
  File "C:\laragon\www\dapokalsel\sekolah\import_url_kabupaten.pyw", line 435, in process_url_induk
    raise Exception("Failed to setup driver")
Exception: Failed to setup driver
2025-10-26 22:39:20,628 - INFO - Retry attempt 106/300...
2025-10-26 22:39:35,628 - INFO - Setting up Chrome driver...
2025-10-26 22:39:35,628 - INFO - Using profile directory: C:\Windows\Temp\chrome_scraper_profile
2025-10-26 22:39:35,628 - INFO - Initializing Chrome driver (attempt 1/3)...
2025-10-26 22:39:40,935 - INFO - patching driver executable C:\laragon\www\dapokalsel\sekolah\~\appdata\roaming\undetected_chromedriver\undetected_chromedriver.exe
2025-10-26 22:39:41,102 - ERROR - Attempt 1 failed: Binary Location Must be a String
2025-10-26 22:39:41,102 - INFO - Retrying in 5 seconds...
2025-10-26 22:39:46,104 - INFO - Initializing Chrome driver (attempt 2/3)...
2025-10-26 22:39:58,224 - ERROR - Attempt 2 failed: [WinError 145] The directory is not empty: 'C:\\laragon\\www\\dapokalsel\\sekolah\\~\\appdata\\roaming\\undetected_chromedriver\\undetected'
2025-10-26 22:39:58,224 - INFO - Retrying in 5 seconds...
2025-10-26 22:40:03,225 - INFO - Initializing Chrome driver (attempt 3/3)...
2025-10-26 22:40:03,637 - ERROR - Attempt 3 failed: you cannot reuse the ChromeOptions object
2025-10-26 22:40:03,637 - ERROR - All attempts failed to setup driver
Traceback (most recent call last):
  File "C:\laragon\www\dapokalsel\sekolah\import_url_kabupaten.pyw", line 115, in setup_driver
    driver = uc.Chrome(
  File "C:\laragon\bin\python\python-3.10\lib\site-packages\undetected_chromedriver\__init__.py", line 269, in __init__
    raise RuntimeError("you cannot reuse the ChromeOptions object")
RuntimeError: you cannot reuse the ChromeOptions object
2025-10-26 22:40:03,974 - ERROR - Error on attempt 106: Failed to setup driver
Traceback (most recent call last):
  File "C:\laragon\www\dapokalsel\sekolah\import_url_kabupaten.pyw", line 435, in process_url_induk
    raise Exception("Failed to setup driver")
Exception: Failed to setup driver
2025-10-26 22:40:04,070 - INFO - Retry attempt 107/300...
2025-10-26 22:40:19,070 - INFO - Setting up Chrome driver...
2025-10-26 22:40:19,098 - INFO - Using profile directory: C:\Windows\Temp\chrome_scraper_profile
2025-10-26 22:40:19,099 - INFO - Initializing Chrome driver (attempt 1/3)...
2025-10-26 22:40:34,109 - ERROR - Attempt 1 failed: [WinError 32] The process cannot access the file because it is being used by another process: 'C:\\laragon\\www\\dapokalsel\\sekolah\\~\\appdata\\roaming\\undetected_chromedriver\\undetected\\chromedriver-win32\\chromedriver.exe'
2025-10-26 22:40:34,109 - INFO - Retrying in 5 seconds...
2025-10-26 22:40:39,109 - INFO - Initializing Chrome driver (attempt 2/3)...
2025-10-26 22:40:47,845 - ERROR - Attempt 2 failed: [WinError 183] Cannot create a file when that file already exists: 'C:\\laragon\\www\\dapokalsel\\sekolah\\~\\appdata\\roaming\\undetected_chromedriver\\undetected\\chromedriver-win32\\chromedriver.exe' -> 'C:\\laragon\\www\\dapokalsel\\sekolah\\~\\appdata\\roaming\\undetected_chromedriver\\undetected_chromedriver.exe'
2025-10-26 22:40:47,846 - INFO - Retrying in 5 seconds...
2025-10-26 22:40:52,846 - INFO - Initializing Chrome driver (attempt 3/3)...
2025-10-26 22:41:03,735 - ERROR - Attempt 3 failed: [WinError 183] Cannot create a file when that file already exists: 'C:\\laragon\\www\\dapokalsel\\sekolah\\~\\appdata\\roaming\\undetected_chromedriver\\undetected\\chromedriver-win32\\chromedriver.exe' -> 'C:\\laragon\\www\\dapokalsel\\sekolah\\~\\appdata\\roaming\\undetected_chromedriver\\undetected_chromedriver.exe'
2025-10-26 22:41:03,735 - ERROR - All attempts failed to setup driver
Traceback (most recent call last):
  File "C:\laragon\www\dapokalsel\sekolah\import_url_kabupaten.pyw", line 115, in setup_driver
    driver = uc.Chrome(
  File "C:\laragon\bin\python\python-3.10\lib\site-packages\undetected_chromedriver\__init__.py", line 258, in __init__
    self.patcher.auto()
  File "C:\laragon\bin\python\python-3.10\lib\site-packages\undetected_chromedriver\patcher.py", line 178, in auto
    self.unzip_package(self.fetch_package())
  File "C:\laragon\bin\python\python-3.10\lib\site-packages\undetected_chromedriver\patcher.py", line 310, in unzip_package
    os.rename(os.path.join(self.zip_path, exe_path), self.executable_path)
FileExistsError: [WinError 183] Cannot create a file when that file already exists: 'C:\\laragon\\www\\dapokalsel\\sekolah\\~\\appdata\\roaming\\undetected_chromedriver\\undetected\\chromedriver-win32\\chromedriver.exe' -> 'C:\\laragon\\www\\dapokalsel\\sekolah\\~\\appdata\\roaming\\undetected_chromedriver\\undetected_chromedriver.exe'
2025-10-26 22:41:04,597 - ERROR - Error on attempt 107: Failed to setup driver
Traceback (most recent call last):
  File "C:\laragon\www\dapokalsel\sekolah\import_url_kabupaten.pyw", line 435, in process_url_induk
    raise Exception("Failed to setup driver")
Exception: Failed to setup driver
2025-10-26 22:41:05,040 - INFO - Retry attempt 108/300...
2025-10-26 22:41:20,040 - INFO - Setting up Chrome driver...
2025-10-26 22:41:20,195 - INFO - Using profile directory: C:\Windows\Temp\chrome_scraper_profile
2025-10-26 22:41:20,195 - INFO - Initializing Chrome driver (attempt 1/3)...
2025-10-26 22:41:35,308 - INFO - patching driver executable C:\laragon\www\dapokalsel\sekolah\~\appdata\roaming\undetected_chromedriver\undetected_chromedriver.exe
2025-10-26 22:41:36,073 - ERROR - Attempt 1 failed: Binary Location Must be a String
2025-10-26 22:41:36,073 - INFO - Retrying in 5 seconds...
2025-10-26 22:41:41,074 - INFO - Initializing Chrome driver (attempt 2/3)...
2025-10-26 22:41:50,956 - INFO - patching driver executable C:\laragon\www\dapokalsel\sekolah\~\appdata\roaming\undetected_chromedriver\undetected_chromedriver.exe
2025-10-26 22:41:51,735 - ERROR - Attempt 2 failed: you cannot reuse the ChromeOptions object
2025-10-26 22:41:51,735 - INFO - Retrying in 5 seconds...
2025-10-26 22:41:56,736 - INFO - Initializing Chrome driver (attempt 3/3)...
2025-10-26 22:42:07,620 - ERROR - Attempt 3 failed: [WinError 183] Cannot create a file when that file already exists: 'C:\\laragon\\www\\dapokalsel\\sekolah\\~\\appdata\\roaming\\undetected_chromedriver\\undetected\\chromedriver-win32'
2025-10-26 22:42:07,621 - ERROR - All attempts failed to setup driver
Traceback (most recent call last):
  File "C:\laragon\www\dapokalsel\sekolah\import_url_kabupaten.pyw", line 115, in setup_driver
    driver = uc.Chrome(
  File "C:\laragon\bin\python\python-3.10\lib\site-packages\undetected_chromedriver\__init__.py", line 258, in __init__
    self.patcher.auto()
  File "C:\laragon\bin\python\python-3.10\lib\site-packages\undetected_chromedriver\patcher.py", line 178, in auto
    self.unzip_package(self.fetch_package())
  File "C:\laragon\bin\python\python-3.10\lib\site-packages\undetected_chromedriver\patcher.py", line 309, in unzip_package
    zf.extractall(self.zip_path)
  File "C:\laragon\bin\python\python-3.10\lib\zipfile.py", line 1645, in extractall
    self._extract_member(zipinfo, path, pwd)
  File "C:\laragon\bin\python\python-3.10\lib\zipfile.py", line 1691, in _extract_member
    os.makedirs(upperdirs)
  File "C:\laragon\bin\python\python-3.10\lib\os.py", line 225, in makedirs
    mkdir(name, mode)
FileExistsError: [WinError 183] Cannot create a file when that file already exists: 'C:\\laragon\\www\\dapokalsel\\sekolah\\~\\appdata\\roaming\\undetected_chromedriver\\undetected\\chromedriver-win32'
2025-10-26 22:42:08,597 - ERROR - Error on attempt 108: Failed to setup driver
Traceback (most recent call last):
  File "C:\laragon\www\dapokalsel\sekolah\import_url_kabupaten.pyw", line 435, in process_url_induk
    raise Exception("Failed to setup driver")
Exception: Failed to setup driver
2025-10-26 22:42:08,733 - INFO - Retry attempt 109/300...
2025-10-26 22:42:23,735 - INFO - Setting up Chrome driver...
2025-10-26 22:42:23,870 - INFO - Using profile directory: C:\Windows\Temp\chrome_scraper_profile
2025-10-26 22:42:23,870 - INFO - Initializing Chrome driver (attempt 1/3)...
2025-10-26 22:42:30,471 - ERROR - Attempt 1 failed: [WinError 183] Cannot create a file when that file already exists: 'C:\\laragon\\www\\dapokalsel\\sekolah\\~\\appdata\\roaming\\undetected_chromedriver\\undetected'
2025-10-26 22:42:30,472 - INFO - Retrying in 5 seconds...
2025-10-26 22:42:35,472 - INFO - Initializing Chrome driver (attempt 2/3)...
2025-10-26 22:42:49,533 - INFO - patching driver executable C:\laragon\www\dapokalsel\sekolah\~\appdata\roaming\undetected_chromedriver\undetected_chromedriver.exe
2025-10-26 22:42:49,631 - ERROR - Attempt 2 failed: Binary Location Must be a String
2025-10-26 22:42:49,631 - INFO - Retrying in 5 seconds...
2025-10-26 22:42:54,632 - INFO - Initializing Chrome driver (attempt 3/3)...
2025-10-26 22:42:59,702 - ERROR - Attempt 3 failed: [WinError 183] Cannot create a file when that file already exists: 'C:\\laragon\\www\\dapokalsel\\sekolah\\~\\appdata\\roaming\\undetected_chromedriver\\undetected\\chromedriver-win32\\chromedriver.exe' -> 'C:\\laragon\\www\\dapokalsel\\sekolah\\~\\appdata\\roaming\\undetected_chromedriver\\undetected_chromedriver.exe'
2025-10-26 22:42:59,702 - ERROR - All attempts failed to setup driver
Traceback (most recent call last):
  File "C:\laragon\www\dapokalsel\sekolah\import_url_kabupaten.pyw", line 115, in setup_driver
    driver = uc.Chrome(
  File "C:\laragon\bin\python\python-3.10\lib\site-packages\undetected_chromedriver\__init__.py", line 258, in __init__
    self.patcher.auto()
  File "C:\laragon\bin\python\python-3.10\lib\site-packages\undetected_chromedriver\patcher.py", line 178, in auto
    self.unzip_package(self.fetch_package())
  File "C:\laragon\bin\python\python-3.10\lib\site-packages\undetected_chromedriver\patcher.py", line 310, in unzip_package
    os.rename(os.path.join(self.zip_path, exe_path), self.executable_path)
FileExistsError: [WinError 183] Cannot create a file when that file already exists: 'C:\\laragon\\www\\dapokalsel\\sekolah\\~\\appdata\\roaming\\undetected_chromedriver\\undetected\\chromedriver-win32\\chromedriver.exe' -> 'C:\\laragon\\www\\dapokalsel\\sekolah\\~\\appdata\\roaming\\undetected_chromedriver\\undetected_chromedriver.exe'
2025-10-26 22:42:59,702 - ERROR - Error on attempt 109: Failed to setup driver
Traceback (most recent call last):
  File "C:\laragon\www\dapokalsel\sekolah\import_url_kabupaten.pyw", line 435, in process_url_induk
    raise Exception("Failed to setup driver")
Exception: Failed to setup driver
2025-10-26 22:42:59,703 - INFO - Retry attempt 110/300...
2025-10-26 22:43:14,703 - INFO - Setting up Chrome driver...
2025-10-26 22:43:14,703 - INFO - Using profile directory: C:\Windows\Temp\chrome_scraper_profile
2025-10-26 22:43:14,703 - INFO - Initializing Chrome driver (attempt 1/3)...
2025-10-26 22:43:18,200 - INFO - patching driver executable C:\laragon\www\dapokalsel\sekolah\~\appdata\roaming\undetected_chromedriver\undetected_chromedriver.exe
2025-10-26 22:43:18,281 - ERROR - Attempt 1 failed: Binary Location Must be a String
2025-10-26 22:43:18,282 - INFO - Retrying in 5 seconds...
2025-10-26 22:43:23,282 - INFO - Initializing Chrome driver (attempt 2/3)...
2025-10-26 22:43:27,539 - INFO - patching driver executable C:\laragon\www\dapokalsel\sekolah\~\appdata\roaming\undetected_chromedriver\undetected_chromedriver.exe
2025-10-26 22:43:27,638 - ERROR - Attempt 2 failed: you cannot reuse the ChromeOptions object
2025-10-26 22:43:27,639 - INFO - Retrying in 5 seconds...
2025-10-26 22:43:32,639 - INFO - Initializing Chrome driver (attempt 3/3)...
2025-10-26 22:43:44,359 - ERROR - Attempt 3 failed: [WinError 183] Cannot create a file when that file already exists: 'C:\\laragon\\www\\dapokalsel\\sekolah\\~\\appdata\\roaming\\undetected_chromedriver\\undetected\\chromedriver-win32\\chromedriver.exe' -> 'C:\\laragon\\www\\dapokalsel\\sekolah\\~\\appdata\\roaming\\undetected_chromedriver\\undetected_chromedriver.exe'
2025-10-26 22:43:44,359 - ERROR - All attempts failed to setup driver
Traceback (most recent call last):
  File "C:\laragon\www\dapokalsel\sekolah\import_url_kabupaten.pyw", line 115, in setup_driver
    driver = uc.Chrome(
  File "C:\laragon\bin\python\python-3.10\lib\site-packages\undetected_chromedriver\__init__.py", line 258, in __init__
    self.patcher.auto()
  File "C:\laragon\bin\python\python-3.10\lib\site-packages\undetected_chromedriver\patcher.py", line 178, in auto
    self.unzip_package(self.fetch_package())
  File "C:\laragon\bin\python\python-3.10\lib\site-packages\undetected_chromedriver\patcher.py", line 310, in unzip_package
    os.rename(os.path.join(self.zip_path, exe_path), self.executable_path)
FileExistsError: [WinError 183] Cannot create a file when that file already exists: 'C:\\laragon\\www\\dapokalsel\\sekolah\\~\\appdata\\roaming\\undetected_chromedriver\\undetected\\chromedriver-win32\\chromedriver.exe' -> 'C:\\laragon\\www\\dapokalsel\\sekolah\\~\\appdata\\roaming\\undetected_chromedriver\\undetected_chromedriver.exe'
2025-10-26 22:43:44,359 - ERROR - Error on attempt 110: Failed to setup driver
Traceback (most recent call last):
  File "C:\laragon\www\dapokalsel\sekolah\import_url_kabupaten.pyw", line 435, in process_url_induk
    raise Exception("Failed to setup driver")
Exception: Failed to setup driver
2025-10-26 22:43:44,360 - INFO - Retry attempt 111/300...
2025-10-26 22:43:59,360 - INFO - Setting up Chrome driver...
2025-10-26 22:43:59,360 - INFO - Using profile directory: C:\Windows\Temp\chrome_scraper_profile
2025-10-26 22:43:59,360 - INFO - Initializing Chrome driver (attempt 1/3)...
2025-10-26 22:44:10,356 - INFO - patching driver executable C:\laragon\www\dapokalsel\sekolah\~\appdata\roaming\undetected_chromedriver\undetected_chromedriver.exe
2025-10-26 22:44:10,528 - ERROR - Attempt 1 failed: Binary Location Must be a String
2025-10-26 22:44:10,528 - INFO - Retrying in 5 seconds...
2025-10-26 22:44:15,528 - INFO - Initializing Chrome driver (attempt 2/3)...
2025-10-26 22:44:20,237 - INFO - patching driver executable C:\laragon\www\dapokalsel\sekolah\~\appdata\roaming\undetected_chromedriver\undetected_chromedriver.exe
2025-10-26 22:44:20,449 - ERROR - Attempt 2 failed: you cannot reuse the ChromeOptions object
2025-10-26 22:44:20,449 - INFO - Retrying in 5 seconds...
2025-10-26 22:44:25,450 - INFO - Initializing Chrome driver (attempt 3/3)...
2025-10-26 22:44:30,725 - INFO - patching driver executable C:\laragon\www\dapokalsel\sekolah\~\appdata\roaming\undetected_chromedriver\undetected_chromedriver.exe
2025-10-26 22:44:30,859 - ERROR - Attempt 3 failed: you cannot reuse the ChromeOptions object
2025-10-26 22:44:30,860 - ERROR - All attempts failed to setup driver
Traceback (most recent call last):
  File "C:\laragon\www\dapokalsel\sekolah\import_url_kabupaten.pyw", line 115, in setup_driver
    driver = uc.Chrome(
  File "C:\laragon\bin\python\python-3.10\lib\site-packages\undetected_chromedriver\__init__.py", line 269, in __init__
    raise RuntimeError("you cannot reuse the ChromeOptions object")
RuntimeError: you cannot reuse the ChromeOptions object
2025-10-26 22:44:30,861 - ERROR - Error on attempt 111: Failed to setup driver
Traceback (most recent call last):
  File "C:\laragon\www\dapokalsel\sekolah\import_url_kabupaten.pyw", line 435, in process_url_induk
    raise Exception("Failed to setup driver")
Exception: Failed to setup driver
2025-10-26 22:44:30,861 - INFO - Retry attempt 112/300...
2025-10-26 22:44:45,863 - INFO - Setting up Chrome driver...
2025-10-26 22:44:45,865 - INFO - Using profile directory: C:\Windows\Temp\chrome_scraper_profile
2025-10-26 22:44:45,865 - INFO - Initializing Chrome driver (attempt 1/3)...
2025-10-26 22:44:57,265 - ERROR - Attempt 1 failed: [WinError 183] Cannot create a file when that file already exists: 'C:\\laragon\\www\\dapokalsel\\sekolah\\~\\appdata\\roaming\\undetected_chromedriver\\undetected\\chromedriver-win32\\chromedriver.exe' -> 'C:\\laragon\\www\\dapokalsel\\sekolah\\~\\appdata\\roaming\\undetected_chromedriver\\undetected_chromedriver.exe'
2025-10-26 22:44:57,265 - INFO - Retrying in 5 seconds...
2025-10-26 22:45:02,266 - INFO - Initializing Chrome driver (attempt 2/3)...
2025-10-26 22:45:16,785 - ERROR - Attempt 2 failed: [WinError 183] Cannot create a file when that file already exists: 'C:\\laragon\\www\\dapokalsel\\sekolah\\~\\appdata\\roaming\\undetected_chromedriver\\undetected\\chromedriver-win32\\chromedriver.exe' -> 'C:\\laragon\\www\\dapokalsel\\sekolah\\~\\appdata\\roaming\\undetected_chromedriver\\undetected_chromedriver.exe'
2025-10-26 22:45:16,786 - INFO - Retrying in 5 seconds...
2025-10-26 22:45:21,786 - INFO - Initializing Chrome driver (attempt 3/3)...
2025-10-26 22:45:35,173 - ERROR - Attempt 3 failed: [WinError 2] The system cannot find the file specified: 'C:\\laragon\\www\\dapokalsel\\sekolah\\~\\appdata\\roaming\\undetected_chromedriver\\undetected\\chromedriver-win32\\LICENSE.chromedriver'
2025-10-26 22:45:35,173 - ERROR - All attempts failed to setup driver
Traceback (most recent call last):
  File "C:\laragon\www\dapokalsel\sekolah\import_url_kabupaten.pyw", line 115, in setup_driver
    driver = uc.Chrome(
  File "C:\laragon\bin\python\python-3.10\lib\site-packages\undetected_chromedriver\__init__.py", line 258, in __init__
    self.patcher.auto()
  File "C:\laragon\bin\python\python-3.10\lib\site-packages\undetected_chromedriver\patcher.py", line 178, in auto
    self.unzip_package(self.fetch_package())
  File "C:\laragon\bin\python\python-3.10\lib\site-packages\undetected_chromedriver\patcher.py", line 312, in unzip_package
    shutil.rmtree(self.zip_path)
  File "C:\laragon\bin\python\python-3.10\lib\shutil.py", line 749, in rmtree
    return _rmtree_unsafe(path, onerror)
  File "C:\laragon\bin\python\python-3.10\lib\shutil.py", line 614, in _rmtree_unsafe
    _rmtree_unsafe(fullname, onerror)
  File "C:\laragon\bin\python\python-3.10\lib\shutil.py", line 619, in _rmtree_unsafe
    onerror(os.unlink, fullname, sys.exc_info())
  File "C:\laragon\bin\python\python-3.10\lib\shutil.py", line 617, in _rmtree_unsafe
    os.unlink(fullname)
FileNotFoundError: [WinError 2] The system cannot find the file specified: 'C:\\laragon\\www\\dapokalsel\\sekolah\\~\\appdata\\roaming\\undetected_chromedriver\\undetected\\chromedriver-win32\\LICENSE.chromedriver'
2025-10-26 22:45:36,038 - ERROR - Error on attempt 112: Failed to setup driver
Traceback (most recent call last):
  File "C:\laragon\www\dapokalsel\sekolah\import_url_kabupaten.pyw", line 435, in process_url_induk
    raise Exception("Failed to setup driver")
Exception: Failed to setup driver
2025-10-26 22:45:36,187 - INFO - Retry attempt 113/300...
2025-10-26 22:45:51,187 - INFO - Setting up Chrome driver...
2025-10-26 22:45:51,189 - INFO - Using profile directory: C:\Windows\Temp\chrome_scraper_profile
2025-10-26 22:45:51,190 - INFO - Initializing Chrome driver (attempt 1/3)...
2025-10-26 22:46:04,582 - ERROR - Attempt 1 failed: [WinError 32] The process cannot access the file because it is being used by another process: 'C:\\laragon\\www\\dapokalsel\\sekolah\\~\\appdata\\roaming\\undetected_chromedriver\\undetected\\chromedriver-win32\\LICENSE.chromedriver'
2025-10-26 22:46:04,582 - INFO - Retrying in 5 seconds...
2025-10-26 22:46:09,583 - INFO - Initializing Chrome driver (attempt 2/3)...
2025-10-26 22:46:15,011 - ERROR - Attempt 2 failed: [WinError 183] Cannot create a file when that file already exists: 'C:\\laragon\\www\\dapokalsel\\sekolah\\~\\appdata\\roaming\\undetected_chromedriver\\undetected\\chromedriver-win32\\chromedriver.exe' -> 'C:\\laragon\\www\\dapokalsel\\sekolah\\~\\appdata\\roaming\\undetected_chromedriver\\undetected_chromedriver.exe'
2025-10-26 22:46:15,011 - INFO - Retrying in 5 seconds...
2025-10-26 22:46:20,013 - INFO - Initializing Chrome driver (attempt 3/3)...
2025-10-26 22:46:33,819 - ERROR - Attempt 3 failed: [WinError 145] The directory is not empty: 'C:\\laragon\\www\\dapokalsel\\sekolah\\~\\appdata\\roaming\\undetected_chromedriver\\undetected\\chromedriver-win32'
2025-10-26 22:46:33,819 - ERROR - All attempts failed to setup driver
Traceback (most recent call last):
  File "C:\laragon\www\dapokalsel\sekolah\import_url_kabupaten.pyw", line 115, in setup_driver
    driver = uc.Chrome(
  File "C:\laragon\bin\python\python-3.10\lib\site-packages\undetected_chromedriver\__init__.py", line 258, in __init__
    self.patcher.auto()
  File "C:\laragon\bin\python\python-3.10\lib\site-packages\undetected_chromedriver\patcher.py", line 178, in auto
    self.unzip_package(self.fetch_package())
  File "C:\laragon\bin\python\python-3.10\lib\site-packages\undetected_chromedriver\patcher.py", line 312, in unzip_package
    shutil.rmtree(self.zip_path)
  File "C:\laragon\bin\python\python-3.10\lib\shutil.py", line 749, in rmtree
    return _rmtree_unsafe(path, onerror)
  File "C:\laragon\bin\python\python-3.10\lib\shutil.py", line 614, in _rmtree_unsafe
    _rmtree_unsafe(fullname, onerror)
  File "C:\laragon\bin\python\python-3.10\lib\shutil.py", line 623, in _rmtree_unsafe
    onerror(os.rmdir, path, sys.exc_info())
  File "C:\laragon\bin\python\python-3.10\lib\shutil.py", line 621, in _rmtree_unsafe
    os.rmdir(path)
OSError: [WinError 145] The directory is not empty: 'C:\\laragon\\www\\dapokalsel\\sekolah\\~\\appdata\\roaming\\undetected_chromedriver\\undetected\\chromedriver-win32'
2025-10-26 22:46:34,288 - ERROR - Error on attempt 113: Failed to setup driver
Traceback (most recent call last):
  File "C:\laragon\www\dapokalsel\sekolah\import_url_kabupaten.pyw", line 435, in process_url_induk
    raise Exception("Failed to setup driver")
Exception: Failed to setup driver
2025-10-26 22:46:34,592 - INFO - Retry attempt 114/300...
2025-10-26 22:46:49,592 - INFO - Setting up Chrome driver...
2025-10-26 22:46:49,670 - INFO - Using profile directory: C:\Windows\Temp\chrome_scraper_profile
2025-10-26 22:46:49,670 - INFO - Initializing Chrome driver (attempt 1/3)...
2025-10-26 22:46:59,272 - INFO - patching driver executable C:\laragon\www\dapokalsel\sekolah\~\appdata\roaming\undetected_chromedriver\undetected_chromedriver.exe
2025-10-26 22:46:59,986 - ERROR - Attempt 1 failed: Binary Location Must be a String
2025-10-26 22:46:59,987 - INFO - Retrying in 5 seconds...
2025-10-26 22:47:04,988 - INFO - Initializing Chrome driver (attempt 2/3)...
2025-10-26 22:47:12,248 - INFO - patching driver executable C:\laragon\www\dapokalsel\sekolah\~\appdata\roaming\undetected_chromedriver\undetected_chromedriver.exe
2025-10-26 22:47:12,469 - ERROR - Attempt 2 failed: you cannot reuse the ChromeOptions object
2025-10-26 22:47:12,469 - INFO - Retrying in 5 seconds...
2025-10-26 22:47:17,469 - INFO - Initializing Chrome driver (attempt 3/3)...
2025-10-26 22:47:23,522 - INFO - patching driver executable C:\laragon\www\dapokalsel\sekolah\~\appdata\roaming\undetected_chromedriver\undetected_chromedriver.exe
2025-10-26 22:47:23,606 - ERROR - Attempt 3 failed: you cannot reuse the ChromeOptions object
2025-10-26 22:47:23,607 - ERROR - All attempts failed to setup driver
Traceback (most recent call last):
  File "C:\laragon\www\dapokalsel\sekolah\import_url_kabupaten.pyw", line 115, in setup_driver
    driver = uc.Chrome(
  File "C:\laragon\bin\python\python-3.10\lib\site-packages\undetected_chromedriver\__init__.py", line 269, in __init__
    raise RuntimeError("you cannot reuse the ChromeOptions object")
RuntimeError: you cannot reuse the ChromeOptions object
2025-10-26 22:47:23,608 - ERROR - Error on attempt 114: Failed to setup driver
Traceback (most recent call last):
  File "C:\laragon\www\dapokalsel\sekolah\import_url_kabupaten.pyw", line 435, in process_url_induk
    raise Exception("Failed to setup driver")
Exception: Failed to setup driver
2025-10-26 22:47:23,609 - INFO - Retry attempt 115/300...
2025-10-26 22:47:38,610 - INFO - Setting up Chrome driver...
2025-10-26 22:47:38,610 - INFO - Using profile directory: C:\Windows\Temp\chrome_scraper_profile
2025-10-26 22:47:38,610 - INFO - Initializing Chrome driver (attempt 1/3)...
2025-10-26 22:47:41,879 - INFO - patching driver executable C:\laragon\www\dapokalsel\sekolah\~\appdata\roaming\undetected_chromedriver\undetected_chromedriver.exe
2025-10-26 22:47:41,977 - ERROR - Attempt 1 failed: Binary Location Must be a String
2025-10-26 22:47:41,977 - INFO - Retrying in 5 seconds...
2025-10-26 22:47:46,978 - INFO - Initializing Chrome driver (attempt 2/3)...
2025-10-26 22:48:14,439 - INFO - patching driver executable C:\laragon\www\dapokalsel\sekolah\~\appdata\roaming\undetected_chromedriver\undetected_chromedriver.exe
2025-10-26 22:48:14,809 - ERROR - Attempt 2 failed: you cannot reuse the ChromeOptions object
2025-10-26 22:48:14,810 - INFO - Retrying in 5 seconds...
2025-10-26 22:48:19,811 - INFO - Initializing Chrome driver (attempt 3/3)...
2025-10-26 22:48:34,834 - ERROR - Attempt 3 failed: [WinError 183] Cannot create a file when that file already exists: 'C:\\laragon\\www\\dapokalsel\\sekolah\\~\\appdata\\roaming\\undetected_chromedriver\\undetected\\chromedriver-win32\\chromedriver.exe' -> 'C:\\laragon\\www\\dapokalsel\\sekolah\\~\\appdata\\roaming\\undetected_chromedriver\\undetected_chromedriver.exe'
2025-10-26 22:48:34,834 - ERROR - All attempts failed to setup driver
Traceback (most recent call last):
  File "C:\laragon\www\dapokalsel\sekolah\import_url_kabupaten.pyw", line 115, in setup_driver
    driver = uc.Chrome(
  File "C:\laragon\bin\python\python-3.10\lib\site-packages\undetected_chromedriver\__init__.py", line 258, in __init__
    self.patcher.auto()
  File "C:\laragon\bin\python\python-3.10\lib\site-packages\undetected_chromedriver\patcher.py", line 178, in auto
    self.unzip_package(self.fetch_package())
  File "C:\laragon\bin\python\python-3.10\lib\site-packages\undetected_chromedriver\patcher.py", line 310, in unzip_package
    os.rename(os.path.join(self.zip_path, exe_path), self.executable_path)
FileExistsError: [WinError 183] Cannot create a file when that file already exists: 'C:\\laragon\\www\\dapokalsel\\sekolah\\~\\appdata\\roaming\\undetected_chromedriver\\undetected\\chromedriver-win32\\chromedriver.exe' -> 'C:\\laragon\\www\\dapokalsel\\sekolah\\~\\appdata\\roaming\\undetected_chromedriver\\undetected_chromedriver.exe'
2025-10-26 22:48:34,834 - ERROR - Error on attempt 115: Failed to setup driver
Traceback (most recent call last):
  File "C:\laragon\www\dapokalsel\sekolah\import_url_kabupaten.pyw", line 435, in process_url_induk
    raise Exception("Failed to setup driver")
Exception: Failed to setup driver
2025-10-26 22:48:34,835 - INFO - Retry attempt 116/300...
2025-10-26 22:48:49,835 - INFO - Setting up Chrome driver...
2025-10-26 22:48:49,835 - INFO - Using profile directory: C:\Windows\Temp\chrome_scraper_profile
2025-10-26 22:48:49,835 - INFO - Initializing Chrome driver (attempt 1/3)...
2025-10-26 22:48:53,575 - INFO - patching driver executable C:\laragon\www\dapokalsel\sekolah\~\appdata\roaming\undetected_chromedriver\undetected_chromedriver.exe
2025-10-26 22:48:53,659 - ERROR - Attempt 1 failed: Binary Location Must be a String
2025-10-26 22:48:53,660 - INFO - Retrying in 5 seconds...
2025-10-26 22:48:58,660 - INFO - Initializing Chrome driver (attempt 2/3)...
2025-10-26 22:49:07,144 - INFO - patching driver executable C:\laragon\www\dapokalsel\sekolah\~\appdata\roaming\undetected_chromedriver\undetected_chromedriver.exe
2025-10-26 22:49:07,653 - ERROR - Attempt 2 failed: you cannot reuse the ChromeOptions object
2025-10-26 22:49:07,653 - INFO - Retrying in 5 seconds...
2025-10-26 22:49:12,653 - INFO - Initializing Chrome driver (attempt 3/3)...
2025-10-26 22:49:44,550 - ERROR - Attempt 3 failed: [WinError 145] The directory is not empty: 'C:\\laragon\\www\\dapokalsel\\sekolah\\~\\appdata\\roaming\\undetected_chromedriver\\undetected\\chromedriver-win32'
2025-10-26 22:49:44,551 - ERROR - All attempts failed to setup driver
Traceback (most recent call last):
  File "C:\laragon\www\dapokalsel\sekolah\import_url_kabupaten.pyw", line 115, in setup_driver
    driver = uc.Chrome(
  File "C:\laragon\bin\python\python-3.10\lib\site-packages\undetected_chromedriver\__init__.py", line 258, in __init__
    self.patcher.auto()
  File "C:\laragon\bin\python\python-3.10\lib\site-packages\undetected_chromedriver\patcher.py", line 178, in auto
    self.unzip_package(self.fetch_package())
  File "C:\laragon\bin\python\python-3.10\lib\site-packages\undetected_chromedriver\patcher.py", line 312, in unzip_package
    shutil.rmtree(self.zip_path)
  File "C:\laragon\bin\python\python-3.10\lib\shutil.py", line 749, in rmtree
    return _rmtree_unsafe(path, onerror)
  File "C:\laragon\bin\python\python-3.10\lib\shutil.py", line 614, in _rmtree_unsafe
    _rmtree_unsafe(fullname, onerror)
  File "C:\laragon\bin\python\python-3.10\lib\shutil.py", line 623, in _rmtree_unsafe
    onerror(os.rmdir, path, sys.exc_info())
  File "C:\laragon\bin\python\python-3.10\lib\shutil.py", line 621, in _rmtree_unsafe
    os.rmdir(path)
OSError: [WinError 145] The directory is not empty: 'C:\\laragon\\www\\dapokalsel\\sekolah\\~\\appdata\\roaming\\undetected_chromedriver\\undetected\\chromedriver-win32'
2025-10-26 22:49:45,163 - ERROR - Error on attempt 116: Failed to setup driver
Traceback (most recent call last):
  File "C:\laragon\www\dapokalsel\sekolah\import_url_kabupaten.pyw", line 435, in process_url_induk
    raise Exception("Failed to setup driver")
Exception: Failed to setup driver
2025-10-26 22:49:45,259 - INFO - Retry attempt 117/300...
2025-10-26 22:50:00,261 - INFO - Setting up Chrome driver...
2025-10-26 22:50:00,523 - INFO - Using profile directory: C:\Windows\Temp\chrome_scraper_profile
2025-10-26 22:50:00,524 - INFO - Initializing Chrome driver (attempt 1/3)...
2025-10-26 22:50:09,272 - ERROR - Attempt 1 failed: [WinError 183] Cannot create a file when that file already exists: 'C:\\laragon\\www\\dapokalsel\\sekolah\\~\\appdata\\roaming\\undetected_chromedriver\\undetected\\chromedriver-win32\\chromedriver.exe' -> 'C:\\laragon\\www\\dapokalsel\\sekolah\\~\\appdata\\roaming\\undetected_chromedriver\\undetected_chromedriver.exe'
2025-10-26 22:50:09,273 - INFO - Retrying in 5 seconds...
2025-10-26 22:50:14,273 - INFO - Initializing Chrome driver (attempt 2/3)...
2025-10-26 22:50:27,523 - ERROR - Attempt 2 failed: [WinError 32] The process cannot access the file because it is being used by another process: 'C:\\laragon\\www\\dapokalsel\\sekolah\\~\\appdata\\roaming\\undetected_chromedriver\\undetected\\chromedriver-win32\\THIRD_PARTY_NOTICES.chromedriver'
2025-10-26 22:50:27,523 - INFO - Retrying in 5 seconds...
2025-10-26 22:50:32,524 - INFO - Initializing Chrome driver (attempt 3/3)...
2025-10-26 22:50:49,473 - INFO - patching driver executable C:\laragon\www\dapokalsel\sekolah\~\appdata\roaming\undetected_chromedriver\undetected_chromedriver.exe
2025-10-26 22:50:50,260 - ERROR - Attempt 3 failed: Binary Location Must be a String
2025-10-26 22:50:50,261 - ERROR - All attempts failed to setup driver
Traceback (most recent call last):
  File "C:\laragon\www\dapokalsel\sekolah\import_url_kabupaten.pyw", line 115, in setup_driver
    driver = uc.Chrome(
  File "C:\laragon\bin\python\python-3.10\lib\site-packages\undetected_chromedriver\__init__.py", line 372, in __init__
    options.binary_location = (
  File "C:\laragon\bin\python\python-3.10\lib\site-packages\selenium\webdriver\chromium\options.py", line 52, in binary_location
    raise TypeError(self.BINARY_LOCATION_ERROR)
TypeError: Binary Location Must be a String
2025-10-26 22:50:51,481 - ERROR - Error on attempt 117: Failed to setup driver
Traceback (most recent call last):
  File "C:\laragon\www\dapokalsel\sekolah\import_url_kabupaten.pyw", line 435, in process_url_induk
    raise Exception("Failed to setup driver")
Exception: Failed to setup driver
2025-10-26 22:50:51,481 - INFO - Retry attempt 118/300...
2025-10-26 22:51:06,482 - INFO - Setting up Chrome driver...
2025-10-26 22:51:06,552 - INFO - Using profile directory: C:\Windows\Temp\chrome_scraper_profile
2025-10-26 22:51:06,552 - INFO - Initializing Chrome driver (attempt 1/3)...
2025-10-26 22:51:25,072 - ERROR - Attempt 1 failed: [WinError 183] Cannot create a file when that file already exists: 'C:\\laragon\\www\\dapokalsel\\sekolah\\~\\appdata\\roaming\\undetected_chromedriver\\undetected\\chromedriver-win32\\chromedriver.exe' -> 'C:\\laragon\\www\\dapokalsel\\sekolah\\~\\appdata\\roaming\\undetected_chromedriver\\undetected_chromedriver.exe'
2025-10-26 22:51:25,073 - INFO - Retrying in 5 seconds...
2025-10-26 22:51:30,073 - INFO - Initializing Chrome driver (attempt 2/3)...
2025-10-26 22:51:41,296 - ERROR - Attempt 2 failed: [WinError 145] The directory is not empty: 'C:\\laragon\\www\\dapokalsel\\sekolah\\~\\appdata\\roaming\\undetected_chromedriver\\undetected'
2025-10-26 22:51:41,296 - INFO - Retrying in 5 seconds...
2025-10-26 22:51:46,297 - INFO - Initializing Chrome driver (attempt 3/3)...
2025-10-26 22:51:54,211 - INFO - patching driver executable C:\laragon\www\dapokalsel\sekolah\~\appdata\roaming\undetected_chromedriver\undetected_chromedriver.exe
2025-10-26 22:51:54,849 - ERROR - Attempt 3 failed: Binary Location Must be a String
2025-10-26 22:51:54,850 - ERROR - All attempts failed to setup driver
Traceback (most recent call last):
  File "C:\laragon\www\dapokalsel\sekolah\import_url_kabupaten.pyw", line 115, in setup_driver
    driver = uc.Chrome(
  File "C:\laragon\bin\python\python-3.10\lib\site-packages\undetected_chromedriver\__init__.py", line 372, in __init__
    options.binary_location = (
  File "C:\laragon\bin\python\python-3.10\lib\site-packages\selenium\webdriver\chromium\options.py", line 52, in binary_location
    raise TypeError(self.BINARY_LOCATION_ERROR)
TypeError: Binary Location Must be a String
2025-10-26 22:51:55,593 - ERROR - Error on attempt 118: Failed to setup driver
Traceback (most recent call last):
  File "C:\laragon\www\dapokalsel\sekolah\import_url_kabupaten.pyw", line 435, in process_url_induk
    raise Exception("Failed to setup driver")
Exception: Failed to setup driver
2025-10-26 22:51:55,594 - INFO - Retry attempt 119/300...
2025-10-26 22:52:10,595 - INFO - Setting up Chrome driver...
2025-10-26 22:52:10,672 - INFO - Using profile directory: C:\Windows\Temp\chrome_scraper_profile
2025-10-26 22:52:10,673 - INFO - Initializing Chrome driver (attempt 1/3)...
2025-10-26 22:52:22,358 - ERROR - Attempt 1 failed: [WinError 183] Cannot create a file when that file already exists: 'C:\\laragon\\www\\dapokalsel\\sekolah\\~\\appdata\\roaming\\undetected_chromedriver\\undetected\\chromedriver-win32\\chromedriver.exe' -> 'C:\\laragon\\www\\dapokalsel\\sekolah\\~\\appdata\\roaming\\undetected_chromedriver\\undetected_chromedriver.exe'
2025-10-26 22:52:22,358 - INFO - Retrying in 5 seconds...
2025-10-26 22:52:27,359 - INFO - Initializing Chrome driver (attempt 2/3)...
2025-10-26 22:52:46,934 - ERROR - Attempt 2 failed: [WinError 32] The process cannot access the file because it is being used by another process: 'C:\\laragon\\www\\dapokalsel\\sekolah\\~\\appdata\\roaming\\undetected_chromedriver\\undetected\\chromedriver-win32\\chromedriver.exe' -> 'C:\\laragon\\www\\dapokalsel\\sekolah\\~\\appdata\\roaming\\undetected_chromedriver\\undetected_chromedriver.exe'
2025-10-26 22:52:46,934 - INFO - Retrying in 5 seconds...
2025-10-26 22:52:51,935 - INFO - Initializing Chrome driver (attempt 3/3)...
2025-10-26 22:53:02,281 - ERROR - Attempt 3 failed: [WinError 183] Cannot create a file when that file already exists: 'C:\\laragon\\www\\dapokalsel\\sekolah\\~\\appdata\\roaming\\undetected_chromedriver\\undetected\\chromedriver-win32\\chromedriver.exe' -> 'C:\\laragon\\www\\dapokalsel\\sekolah\\~\\appdata\\roaming\\undetected_chromedriver\\undetected_chromedriver.exe'
2025-10-26 22:53:02,282 - ERROR - All attempts failed to setup driver
Traceback (most recent call last):
  File "C:\laragon\www\dapokalsel\sekolah\import_url_kabupaten.pyw", line 115, in setup_driver
    driver = uc.Chrome(
  File "C:\laragon\bin\python\python-3.10\lib\site-packages\undetected_chromedriver\__init__.py", line 258, in __init__
    self.patcher.auto()
  File "C:\laragon\bin\python\python-3.10\lib\site-packages\undetected_chromedriver\patcher.py", line 178, in auto
    self.unzip_package(self.fetch_package())
  File "C:\laragon\bin\python\python-3.10\lib\site-packages\undetected_chromedriver\patcher.py", line 310, in unzip_package
    os.rename(os.path.join(self.zip_path, exe_path), self.executable_path)
FileExistsError: [WinError 183] Cannot create a file when that file already exists: 'C:\\laragon\\www\\dapokalsel\\sekolah\\~\\appdata\\roaming\\undetected_chromedriver\\undetected\\chromedriver-win32\\chromedriver.exe' -> 'C:\\laragon\\www\\dapokalsel\\sekolah\\~\\appdata\\roaming\\undetected_chromedriver\\undetected_chromedriver.exe'
2025-10-26 22:53:02,283 - ERROR - Error on attempt 119: Failed to setup driver
Traceback (most recent call last):
  File "C:\laragon\www\dapokalsel\sekolah\import_url_kabupaten.pyw", line 435, in process_url_induk
    raise Exception("Failed to setup driver")
Exception: Failed to setup driver
2025-10-26 22:53:02,283 - INFO - Retry attempt 120/300...
2025-10-26 22:53:17,284 - INFO - Setting up Chrome driver...
2025-10-26 22:53:17,284 - INFO - Using profile directory: C:\Windows\Temp\chrome_scraper_profile
2025-10-26 22:53:17,285 - INFO - Initializing Chrome driver (attempt 1/3)...
2025-10-26 22:53:21,764 - INFO - patching driver executable C:\laragon\www\dapokalsel\sekolah\~\appdata\roaming\undetected_chromedriver\undetected_chromedriver.exe
2025-10-26 22:53:21,912 - ERROR - Attempt 1 failed: Binary Location Must be a String
2025-10-26 22:53:21,912 - INFO - Retrying in 5 seconds...
2025-10-26 22:53:26,912 - INFO - Initializing Chrome driver (attempt 2/3)...
2025-10-26 22:53:31,867 - ERROR - Attempt 2 failed: [WinError 183] Cannot create a file when that file already exists: 'C:\\laragon\\www\\dapokalsel\\sekolah\\~\\appdata\\roaming\\undetected_chromedriver\\undetected\\chromedriver-win32\\chromedriver.exe' -> 'C:\\laragon\\www\\dapokalsel\\sekolah\\~\\appdata\\roaming\\undetected_chromedriver\\undetected_chromedriver.exe'
2025-10-26 22:53:31,868 - INFO - Retrying in 5 seconds...
2025-10-26 22:53:36,869 - INFO - Initializing Chrome driver (attempt 3/3)...
2025-10-26 22:53:40,294 - INFO - patching driver executable C:\laragon\www\dapokalsel\sekolah\~\appdata\roaming\undetected_chromedriver\undetected_chromedriver.exe
2025-10-26 22:53:40,521 - ERROR - Attempt 3 failed: you cannot reuse the ChromeOptions object
2025-10-26 22:53:40,521 - ERROR - All attempts failed to setup driver
Traceback (most recent call last):
  File "C:\laragon\www\dapokalsel\sekolah\import_url_kabupaten.pyw", line 115, in setup_driver
    driver = uc.Chrome(
  File "C:\laragon\bin\python\python-3.10\lib\site-packages\undetected_chromedriver\__init__.py", line 269, in __init__
    raise RuntimeError("you cannot reuse the ChromeOptions object")
RuntimeError: you cannot reuse the ChromeOptions object
2025-10-26 22:53:40,522 - ERROR - Error on attempt 120: Failed to setup driver
Traceback (most recent call last):
  File "C:\laragon\www\dapokalsel\sekolah\import_url_kabupaten.pyw", line 435, in process_url_induk
    raise Exception("Failed to setup driver")
Exception: Failed to setup driver
2025-10-26 22:53:40,522 - INFO - Retry attempt 121/300...
2025-10-26 22:53:55,522 - INFO - Setting up Chrome driver...
2025-10-26 22:53:55,523 - INFO - Using profile directory: C:\Windows\Temp\chrome_scraper_profile
2025-10-26 22:53:55,523 - INFO - Initializing Chrome driver (attempt 1/3)...
2025-10-26 22:53:59,186 - INFO - patching driver executable C:\laragon\www\dapokalsel\sekolah\~\appdata\roaming\undetected_chromedriver\undetected_chromedriver.exe
2025-10-26 22:53:59,289 - ERROR - Attempt 1 failed: Binary Location Must be a String
2025-10-26 22:53:59,289 - INFO - Retrying in 5 seconds...
2025-10-26 22:54:04,289 - INFO - Initializing Chrome driver (attempt 2/3)...
2025-10-26 22:54:10,256 - ERROR - Attempt 2 failed: [WinError 183] Cannot create a file when that file already exists: 'C:\\laragon\\www\\dapokalsel\\sekolah\\~\\appdata\\roaming\\undetected_chromedriver\\undetected\\chromedriver-win32\\chromedriver.exe' -> 'C:\\laragon\\www\\dapokalsel\\sekolah\\~\\appdata\\roaming\\undetected_chromedriver\\undetected_chromedriver.exe'
2025-10-26 22:54:10,256 - INFO - Retrying in 5 seconds...
2025-10-26 22:54:15,256 - INFO - Initializing Chrome driver (attempt 3/3)...
2025-10-26 22:54:19,213 - INFO - patching driver executable C:\laragon\www\dapokalsel\sekolah\~\appdata\roaming\undetected_chromedriver\undetected_chromedriver.exe
2025-10-26 22:54:19,285 - ERROR - Attempt 3 failed: you cannot reuse the ChromeOptions object
2025-10-26 22:54:19,285 - ERROR - All attempts failed to setup driver
Traceback (most recent call last):
  File "C:\laragon\www\dapokalsel\sekolah\import_url_kabupaten.pyw", line 115, in setup_driver
    driver = uc.Chrome(
  File "C:\laragon\bin\python\python-3.10\lib\site-packages\undetected_chromedriver\__init__.py", line 269, in __init__
    raise RuntimeError("you cannot reuse the ChromeOptions object")
RuntimeError: you cannot reuse the ChromeOptions object
2025-10-26 22:54:19,285 - ERROR - Error on attempt 121: Failed to setup driver
Traceback (most recent call last):
  File "C:\laragon\www\dapokalsel\sekolah\import_url_kabupaten.pyw", line 435, in process_url_induk
    raise Exception("Failed to setup driver")
Exception: Failed to setup driver
2025-10-26 22:54:19,286 - INFO - Retry attempt 122/300...
2025-10-26 22:54:34,286 - INFO - Setting up Chrome driver...
2025-10-26 22:54:34,358 - INFO - Using profile directory: C:\Windows\Temp\chrome_scraper_profile
2025-10-26 22:54:34,359 - INFO - Initializing Chrome driver (attempt 1/3)...
2025-10-26 22:54:46,292 - INFO - patching driver executable C:\laragon\www\dapokalsel\sekolah\~\appdata\roaming\undetected_chromedriver\undetected_chromedriver.exe
2025-10-26 22:54:46,743 - ERROR - Attempt 1 failed: Binary Location Must be a String
2025-10-26 22:54:46,743 - INFO - Retrying in 5 seconds...
2025-10-26 22:54:51,743 - INFO - Initializing Chrome driver (attempt 2/3)...
2025-10-26 22:55:01,816 - INFO - patching driver executable C:\laragon\www\dapokalsel\sekolah\~\appdata\roaming\undetected_chromedriver\undetected_chromedriver.exe
2025-10-26 22:55:03,000 - ERROR - Attempt 2 failed: you cannot reuse the ChromeOptions object
2025-10-26 22:55:03,000 - INFO - Retrying in 5 seconds...
2025-10-26 22:55:08,001 - INFO - Initializing Chrome driver (attempt 3/3)...
2025-10-26 22:55:37,156 - INFO - patching driver executable C:\laragon\www\dapokalsel\sekolah\~\appdata\roaming\undetected_chromedriver\undetected_chromedriver.exe
2025-10-26 22:55:38,539 - ERROR - Attempt 3 failed: you cannot reuse the ChromeOptions object
2025-10-26 22:55:38,539 - ERROR - All attempts failed to setup driver
Traceback (most recent call last):
  File "C:\laragon\www\dapokalsel\sekolah\import_url_kabupaten.pyw", line 115, in setup_driver
    driver = uc.Chrome(
  File "C:\laragon\bin\python\python-3.10\lib\site-packages\undetected_chromedriver\__init__.py", line 269, in __init__
    raise RuntimeError("you cannot reuse the ChromeOptions object")
RuntimeError: you cannot reuse the ChromeOptions object
2025-10-26 22:55:39,750 - ERROR - Error on attempt 122: Failed to setup driver
Traceback (most recent call last):
  File "C:\laragon\www\dapokalsel\sekolah\import_url_kabupaten.pyw", line 435, in process_url_induk
    raise Exception("Failed to setup driver")
Exception: Failed to setup driver
2025-10-26 22:55:40,434 - INFO - Retry attempt 123/300...
2025-10-26 22:55:55,434 - INFO - Setting up Chrome driver...
2025-10-26 22:55:55,437 - INFO - Using profile directory: C:\Windows\Temp\chrome_scraper_profile
2025-10-26 22:55:55,438 - INFO - Initializing Chrome driver (attempt 1/3)...
2025-10-26 22:56:20,726 - INFO - patching driver executable C:\laragon\www\dapokalsel\sekolah\~\appdata\roaming\undetected_chromedriver\undetected_chromedriver.exe
2025-10-26 22:56:23,437 - ERROR - Attempt 1 failed: Binary Location Must be a String
2025-10-26 22:56:23,437 - INFO - Retrying in 5 seconds...
2025-10-26 22:56:28,448 - INFO - Initializing Chrome driver (attempt 2/3)...
2025-10-26 22:56:52,838 - INFO - patching driver executable C:\laragon\www\dapokalsel\sekolah\~\appdata\roaming\undetected_chromedriver\undetected_chromedriver.exe
2025-10-26 22:56:56,524 - ERROR - Attempt 2 failed: you cannot reuse the ChromeOptions object
2025-10-26 22:56:56,524 - INFO - Retrying in 5 seconds...
2025-10-26 22:57:01,525 - INFO - Initializing Chrome driver (attempt 3/3)...
2025-10-26 22:57:13,256 - ERROR - Attempt 3 failed: [WinError 183] Cannot create a file when that file already exists: 'C:\\laragon\\www\\dapokalsel\\sekolah\\~\\appdata\\roaming\\undetected_chromedriver\\undetected\\chromedriver-win32\\chromedriver.exe' -> 'C:\\laragon\\www\\dapokalsel\\sekolah\\~\\appdata\\roaming\\undetected_chromedriver\\undetected_chromedriver.exe'
2025-10-26 22:57:13,257 - ERROR - All attempts failed to setup driver
Traceback (most recent call last):
  File "C:\laragon\www\dapokalsel\sekolah\import_url_kabupaten.pyw", line 115, in setup_driver
    driver = uc.Chrome(
  File "C:\laragon\bin\python\python-3.10\lib\site-packages\undetected_chromedriver\__init__.py", line 258, in __init__
    self.patcher.auto()
  File "C:\laragon\bin\python\python-3.10\lib\site-packages\undetected_chromedriver\patcher.py", line 178, in auto
    self.unzip_package(self.fetch_package())
  File "C:\laragon\bin\python\python-3.10\lib\site-packages\undetected_chromedriver\patcher.py", line 310, in unzip_package
    os.rename(os.path.join(self.zip_path, exe_path), self.executable_path)
FileExistsError: [WinError 183] Cannot create a file when that file already exists: 'C:\\laragon\\www\\dapokalsel\\sekolah\\~\\appdata\\roaming\\undetected_chromedriver\\undetected\\chromedriver-win32\\chromedriver.exe' -> 'C:\\laragon\\www\\dapokalsel\\sekolah\\~\\appdata\\roaming\\undetected_chromedriver\\undetected_chromedriver.exe'
2025-10-26 22:57:13,716 - ERROR - Error on attempt 123: Failed to setup driver
Traceback (most recent call last):
  File "C:\laragon\www\dapokalsel\sekolah\import_url_kabupaten.pyw", line 435, in process_url_induk
    raise Exception("Failed to setup driver")
Exception: Failed to setup driver
2025-10-26 22:57:13,800 - INFO - Retry attempt 124/300...
2025-10-26 22:57:28,802 - INFO - Setting up Chrome driver...
2025-10-26 22:57:28,841 - INFO - Using profile directory: C:\Windows\Temp\chrome_scraper_profile
2025-10-26 22:57:28,841 - INFO - Initializing Chrome driver (attempt 1/3)...
2025-10-26 22:57:44,345 - ERROR - Attempt 1 failed: [WinError 32] The process cannot access the file because it is being used by another process: 'C:\\laragon\\www\\dapokalsel\\sekolah\\~\\appdata\\roaming\\undetected_chromedriver\\undetected\\chromedriver-win32\\chromedriver.exe' -> 'C:\\laragon\\www\\dapokalsel\\sekolah\\~\\appdata\\roaming\\undetected_chromedriver\\undetected_chromedriver.exe'
2025-10-26 22:57:44,345 - INFO - Retrying in 5 seconds...
2025-10-26 22:57:49,346 - INFO - Initializing Chrome driver (attempt 2/3)...
2025-10-26 22:58:15,504 - INFO - patching driver executable C:\laragon\www\dapokalsel\sekolah\~\appdata\roaming\undetected_chromedriver\undetected_chromedriver.exe
2025-10-26 22:58:19,506 - ERROR - Attempt 2 failed: Binary Location Must be a String
2025-10-26 22:58:19,507 - INFO - Retrying in 5 seconds...
2025-10-26 22:58:24,508 - INFO - Initializing Chrome driver (attempt 3/3)...
2025-10-26 22:58:50,354 - INFO - patching driver executable C:\laragon\www\dapokalsel\sekolah\~\appdata\roaming\undetected_chromedriver\undetected_chromedriver.exe
2025-10-26 22:58:52,677 - ERROR - Attempt 3 failed: you cannot reuse the ChromeOptions object
2025-10-26 22:58:52,677 - ERROR - All attempts failed to setup driver
Traceback (most recent call last):
  File "C:\laragon\www\dapokalsel\sekolah\import_url_kabupaten.pyw", line 115, in setup_driver
    driver = uc.Chrome(
  File "C:\laragon\bin\python\python-3.10\lib\site-packages\undetected_chromedriver\__init__.py", line 269, in __init__
    raise RuntimeError("you cannot reuse the ChromeOptions object")
RuntimeError: you cannot reuse the ChromeOptions object
2025-10-26 22:58:52,885 - ERROR - Error on attempt 124: Failed to setup driver
Traceback (most recent call last):
  File "C:\laragon\www\dapokalsel\sekolah\import_url_kabupaten.pyw", line 435, in process_url_induk
    raise Exception("Failed to setup driver")
Exception: Failed to setup driver
2025-10-26 22:58:53,089 - INFO - Retry attempt 125/300...
2025-10-26 22:59:08,090 - INFO - Setting up Chrome driver...
2025-10-26 22:59:08,938 - INFO - Using profile directory: C:\Windows\Temp\chrome_scraper_profile
2025-10-26 22:59:08,938 - INFO - Initializing Chrome driver (attempt 1/3)...
2025-10-26 22:59:26,898 - ERROR - Attempt 1 failed: [WinError 183] Cannot create a file when that file already exists: 'C:\\laragon\\www\\dapokalsel\\sekolah\\~\\appdata\\roaming\\undetected_chromedriver\\undetected\\chromedriver-win32\\chromedriver.exe' -> 'C:\\laragon\\www\\dapokalsel\\sekolah\\~\\appdata\\roaming\\undetected_chromedriver\\undetected_chromedriver.exe'
2025-10-26 22:59:26,898 - INFO - Retrying in 5 seconds...
2025-10-26 22:59:31,898 - INFO - Initializing Chrome driver (attempt 2/3)...
2025-10-26 22:59:45,755 - INFO - patching driver executable C:\laragon\www\dapokalsel\sekolah\~\appdata\roaming\undetected_chromedriver\undetected_chromedriver.exe
2025-10-26 22:59:47,186 - ERROR - Attempt 2 failed: Binary Location Must be a String
2025-10-26 22:59:47,187 - INFO - Retrying in 5 seconds...
2025-10-26 22:59:52,187 - INFO - Initializing Chrome driver (attempt 3/3)...
2025-10-26 23:00:07,377 - ERROR - Attempt 3 failed: [WinError 183] Cannot create a file when that file already exists: 'C:\\laragon\\www\\dapokalsel\\sekolah\\~\\appdata\\roaming\\undetected_chromedriver\\undetected\\chromedriver-win32\\chromedriver.exe' -> 'C:\\laragon\\www\\dapokalsel\\sekolah\\~\\appdata\\roaming\\undetected_chromedriver\\undetected_chromedriver.exe'
2025-10-26 23:00:07,378 - ERROR - All attempts failed to setup driver
Traceback (most recent call last):
  File "C:\laragon\www\dapokalsel\sekolah\import_url_kabupaten.pyw", line 115, in setup_driver
    driver = uc.Chrome(
  File "C:\laragon\bin\python\python-3.10\lib\site-packages\undetected_chromedriver\__init__.py", line 258, in __init__
    self.patcher.auto()
  File "C:\laragon\bin\python\python-3.10\lib\site-packages\undetected_chromedriver\patcher.py", line 178, in auto
    self.unzip_package(self.fetch_package())
  File "C:\laragon\bin\python\python-3.10\lib\site-packages\undetected_chromedriver\patcher.py", line 310, in unzip_package
    os.rename(os.path.join(self.zip_path, exe_path), self.executable_path)
FileExistsError: [WinError 183] Cannot create a file when that file already exists: 'C:\\laragon\\www\\dapokalsel\\sekolah\\~\\appdata\\roaming\\undetected_chromedriver\\undetected\\chromedriver-win32\\chromedriver.exe' -> 'C:\\laragon\\www\\dapokalsel\\sekolah\\~\\appdata\\roaming\\undetected_chromedriver\\undetected_chromedriver.exe'
2025-10-26 23:00:08,791 - ERROR - Error on attempt 125: Failed to setup driver
Traceback (most recent call last):
  File "C:\laragon\www\dapokalsel\sekolah\import_url_kabupaten.pyw", line 435, in process_url_induk
    raise Exception("Failed to setup driver")
Exception: Failed to setup driver
2025-10-26 23:00:09,052 - INFO - Retry attempt 126/300...
2025-10-26 23:00:24,052 - INFO - Setting up Chrome driver...
2025-10-26 23:00:24,091 - INFO - Using profile directory: C:\Windows\Temp\chrome_scraper_profile
2025-10-26 23:00:24,092 - INFO - Initializing Chrome driver (attempt 1/3)...
2025-10-26 23:00:31,949 - INFO - patching driver executable C:\laragon\www\dapokalsel\sekolah\~\appdata\roaming\undetected_chromedriver\undetected_chromedriver.exe
2025-10-26 23:00:32,157 - ERROR - Attempt 1 failed: Binary Location Must be a String
2025-10-26 23:00:32,158 - INFO - Retrying in 5 seconds...
2025-10-26 23:00:37,159 - INFO - Initializing Chrome driver (attempt 2/3)...
2025-10-26 23:00:40,622 - INFO - patching driver executable C:\laragon\www\dapokalsel\sekolah\~\appdata\roaming\undetected_chromedriver\undetected_chromedriver.exe
2025-10-26 23:00:40,776 - ERROR - Attempt 2 failed: you cannot reuse the ChromeOptions object
2025-10-26 23:00:40,777 - INFO - Retrying in 5 seconds...
2025-10-26 23:00:45,777 - INFO - Initializing Chrome driver (attempt 3/3)...
2025-10-26 23:00:48,907 - INFO - patching driver executable C:\laragon\www\dapokalsel\sekolah\~\appdata\roaming\undetected_chromedriver\undetected_chromedriver.exe
2025-10-26 23:00:48,981 - ERROR - Attempt 3 failed: you cannot reuse the ChromeOptions object
2025-10-26 23:00:48,981 - ERROR - All attempts failed to setup driver
Traceback (most recent call last):
  File "C:\laragon\www\dapokalsel\sekolah\import_url_kabupaten.pyw", line 115, in setup_driver
    driver = uc.Chrome(
  File "C:\laragon\bin\python\python-3.10\lib\site-packages\undetected_chromedriver\__init__.py", line 269, in __init__
    raise RuntimeError("you cannot reuse the ChromeOptions object")
RuntimeError: you cannot reuse the ChromeOptions object
2025-10-26 23:00:48,982 - ERROR - Error on attempt 126: Failed to setup driver
Traceback (most recent call last):
  File "C:\laragon\www\dapokalsel\sekolah\import_url_kabupaten.pyw", line 435, in process_url_induk
    raise Exception("Failed to setup driver")
Exception: Failed to setup driver
2025-10-26 23:00:48,982 - INFO - Retry attempt 127/300...
2025-10-26 23:01:03,983 - INFO - Setting up Chrome driver...
2025-10-26 23:01:03,984 - INFO - Using profile directory: C:\Windows\Temp\chrome_scraper_profile
2025-10-26 23:01:03,984 - INFO - Initializing Chrome driver (attempt 1/3)...
2025-10-26 23:01:07,760 - INFO - patching driver executable C:\laragon\www\dapokalsel\sekolah\~\appdata\roaming\undetected_chromedriver\undetected_chromedriver.exe
2025-10-26 23:01:07,915 - ERROR - Attempt 1 failed: Binary Location Must be a String
2025-10-26 23:01:07,915 - INFO - Retrying in 5 seconds...
2025-10-26 23:01:12,915 - INFO - Initializing Chrome driver (attempt 2/3)...
2025-10-26 23:01:19,612 - INFO - patching driver executable C:\laragon\www\dapokalsel\sekolah\~\appdata\roaming\undetected_chromedriver\undetected_chromedriver.exe
2025-10-26 23:01:19,693 - ERROR - Attempt 2 failed: you cannot reuse the ChromeOptions object
2025-10-26 23:01:19,693 - INFO - Retrying in 5 seconds...
2025-10-26 23:01:24,693 - INFO - Initializing Chrome driver (attempt 3/3)...
2025-10-26 23:01:28,275 - INFO - patching driver executable C:\laragon\www\dapokalsel\sekolah\~\appdata\roaming\undetected_chromedriver\undetected_chromedriver.exe
2025-10-26 23:01:28,850 - ERROR - Attempt 3 failed: you cannot reuse the ChromeOptions object
2025-10-26 23:01:28,850 - ERROR - All attempts failed to setup driver
Traceback (most recent call last):
  File "C:\laragon\www\dapokalsel\sekolah\import_url_kabupaten.pyw", line 115, in setup_driver
    driver = uc.Chrome(
  File "C:\laragon\bin\python\python-3.10\lib\site-packages\undetected_chromedriver\__init__.py", line 269, in __init__
    raise RuntimeError("you cannot reuse the ChromeOptions object")
RuntimeError: you cannot reuse the ChromeOptions object
2025-10-26 23:01:28,851 - ERROR - Error on attempt 127: Failed to setup driver
Traceback (most recent call last):
  File "C:\laragon\www\dapokalsel\sekolah\import_url_kabupaten.pyw", line 435, in process_url_induk
    raise Exception("Failed to setup driver")
Exception: Failed to setup driver
2025-10-26 23:01:28,851 - INFO - Retry attempt 128/300...
2025-10-26 23:01:43,852 - INFO - Setting up Chrome driver...
2025-10-26 23:01:43,852 - INFO - Using profile directory: C:\Windows\Temp\chrome_scraper_profile
2025-10-26 23:01:43,852 - INFO - Initializing Chrome driver (attempt 1/3)...
2025-10-26 23:01:47,033 - INFO - patching driver executable C:\laragon\www\dapokalsel\sekolah\~\appdata\roaming\undetected_chromedriver\undetected_chromedriver.exe
2025-10-26 23:01:47,179 - ERROR - Attempt 1 failed: Binary Location Must be a String
2025-10-26 23:01:47,180 - INFO - Retrying in 5 seconds...
2025-10-26 23:01:52,181 - INFO - Initializing Chrome driver (attempt 2/3)...
2025-10-26 23:01:56,617 - ERROR - Attempt 2 failed: [WinError 183] Cannot create a file when that file already exists: 'C:\\laragon\\www\\dapokalsel\\sekolah\\~\\appdata\\roaming\\undetected_chromedriver\\undetected\\chromedriver-win32\\chromedriver.exe' -> 'C:\\laragon\\www\\dapokalsel\\sekolah\\~\\appdata\\roaming\\undetected_chromedriver\\undetected_chromedriver.exe'
2025-10-26 23:01:56,617 - INFO - Retrying in 5 seconds...
2025-10-26 23:02:01,618 - INFO - Initializing Chrome driver (attempt 3/3)...
2025-10-26 23:02:05,718 - INFO - patching driver executable C:\laragon\www\dapokalsel\sekolah\~\appdata\roaming\undetected_chromedriver\undetected_chromedriver.exe
2025-10-26 23:02:05,919 - ERROR - Attempt 3 failed: you cannot reuse the ChromeOptions object
2025-10-26 23:02:05,919 - ERROR - All attempts failed to setup driver
Traceback (most recent call last):
  File "C:\laragon\www\dapokalsel\sekolah\import_url_kabupaten.pyw", line 115, in setup_driver
    driver = uc.Chrome(
  File "C:\laragon\bin\python\python-3.10\lib\site-packages\undetected_chromedriver\__init__.py", line 269, in __init__
    raise RuntimeError("you cannot reuse the ChromeOptions object")
RuntimeError: you cannot reuse the ChromeOptions object
2025-10-26 23:02:05,920 - ERROR - Error on attempt 128: Failed to setup driver
Traceback (most recent call last):
  File "C:\laragon\www\dapokalsel\sekolah\import_url_kabupaten.pyw", line 435, in process_url_induk
    raise Exception("Failed to setup driver")
Exception: Failed to setup driver
2025-10-26 23:02:05,920 - INFO - Retry attempt 129/300...
2025-10-26 23:02:20,922 - INFO - Setting up Chrome driver...
2025-10-26 23:02:21,088 - INFO - Using profile directory: C:\Windows\Temp\chrome_scraper_profile
2025-10-26 23:02:21,088 - INFO - Initializing Chrome driver (attempt 1/3)...
2025-10-26 23:02:32,817 - ERROR - Attempt 1 failed: [WinError 183] Cannot create a file when that file already exists: 'C:\\laragon\\www\\dapokalsel\\sekolah\\~\\appdata\\roaming\\undetected_chromedriver\\undetected\\chromedriver-win32\\chromedriver.exe' -> 'C:\\laragon\\www\\dapokalsel\\sekolah\\~\\appdata\\roaming\\undetected_chromedriver\\undetected_chromedriver.exe'
2025-10-26 23:02:32,818 - INFO - Retrying in 5 seconds...
2025-10-26 23:02:37,818 - INFO - Initializing Chrome driver (attempt 2/3)...
2025-10-26 23:02:48,657 - ERROR - Attempt 2 failed: [WinError 183] Cannot create a file when that file already exists: 'C:\\laragon\\www\\dapokalsel\\sekolah\\~\\appdata\\roaming\\undetected_chromedriver\\undetected\\chromedriver-win32\\chromedriver.exe' -> 'C:\\laragon\\www\\dapokalsel\\sekolah\\~\\appdata\\roaming\\undetected_chromedriver\\undetected_chromedriver.exe'
2025-10-26 23:02:48,657 - INFO - Retrying in 5 seconds...
2025-10-26 23:02:53,658 - INFO - Initializing Chrome driver (attempt 3/3)...
2025-10-26 23:03:14,605 - INFO - patching driver executable C:\laragon\www\dapokalsel\sekolah\~\appdata\roaming\undetected_chromedriver\undetected_chromedriver.exe
2025-10-26 23:03:16,754 - ERROR - Attempt 3 failed: Binary Location Must be a String
2025-10-26 23:03:16,755 - ERROR - All attempts failed to setup driver
Traceback (most recent call last):
  File "C:\laragon\www\dapokalsel\sekolah\import_url_kabupaten.pyw", line 115, in setup_driver
    driver = uc.Chrome(
  File "C:\laragon\bin\python\python-3.10\lib\site-packages\undetected_chromedriver\__init__.py", line 372, in __init__
    options.binary_location = (
  File "C:\laragon\bin\python\python-3.10\lib\site-packages\selenium\webdriver\chromium\options.py", line 52, in binary_location
    raise TypeError(self.BINARY_LOCATION_ERROR)
TypeError: Binary Location Must be a String
2025-10-26 23:03:17,667 - ERROR - Error on attempt 129: Failed to setup driver
Traceback (most recent call last):
  File "C:\laragon\www\dapokalsel\sekolah\import_url_kabupaten.pyw", line 435, in process_url_induk
    raise Exception("Failed to setup driver")
Exception: Failed to setup driver
2025-10-26 23:03:17,668 - INFO - Retry attempt 130/300...
2025-10-26 23:03:32,669 - INFO - Setting up Chrome driver...
2025-10-26 23:03:32,759 - INFO - Using profile directory: C:\Windows\Temp\chrome_scraper_profile
2025-10-26 23:03:32,760 - INFO - Initializing Chrome driver (attempt 1/3)...
2025-10-26 23:04:01,895 - ERROR - Attempt 1 failed: [Errno 2] No such file or directory: 'C:\\laragon\\www\\dapokalsel\\sekolah\\~\\appdata\\roaming\\undetected_chromedriver\\undetected\\chromedriver-win32\\chromedriver.exe'
2025-10-26 23:04:01,895 - INFO - Retrying in 5 seconds...
2025-10-26 23:04:06,895 - INFO - Initializing Chrome driver (attempt 2/3)...
2025-10-26 23:04:19,630 - ERROR - Attempt 2 failed: [WinError 2] The system cannot find the file specified: 'C:\\laragon\\www\\dapokalsel\\sekolah\\~\\appdata\\roaming\\undetected_chromedriver\\undetected_chromedriver.exe'
2025-10-26 23:04:19,631 - INFO - Retrying in 5 seconds...
2025-10-26 23:04:24,632 - INFO - Initializing Chrome driver (attempt 3/3)...
2025-10-26 23:04:39,301 - ERROR - Attempt 3 failed: [WinError 183] Cannot create a file when that file already exists: 'C:\\laragon\\www\\dapokalsel\\sekolah\\~\\appdata\\roaming\\undetected_chromedriver\\undetected\\chromedriver-win32\\chromedriver.exe' -> 'C:\\laragon\\www\\dapokalsel\\sekolah\\~\\appdata\\roaming\\undetected_chromedriver\\undetected_chromedriver.exe'
2025-10-26 23:04:39,301 - ERROR - All attempts failed to setup driver
Traceback (most recent call last):
  File "C:\laragon\www\dapokalsel\sekolah\import_url_kabupaten.pyw", line 115, in setup_driver
    driver = uc.Chrome(
  File "C:\laragon\bin\python\python-3.10\lib\site-packages\undetected_chromedriver\__init__.py", line 258, in __init__
    self.patcher.auto()
  File "C:\laragon\bin\python\python-3.10\lib\site-packages\undetected_chromedriver\patcher.py", line 178, in auto
    self.unzip_package(self.fetch_package())
  File "C:\laragon\bin\python\python-3.10\lib\site-packages\undetected_chromedriver\patcher.py", line 310, in unzip_package
    os.rename(os.path.join(self.zip_path, exe_path), self.executable_path)
FileExistsError: [WinError 183] Cannot create a file when that file already exists: 'C:\\laragon\\www\\dapokalsel\\sekolah\\~\\appdata\\roaming\\undetected_chromedriver\\undetected\\chromedriver-win32\\chromedriver.exe' -> 'C:\\laragon\\www\\dapokalsel\\sekolah\\~\\appdata\\roaming\\undetected_chromedriver\\undetected_chromedriver.exe'
2025-10-26 23:04:39,898 - ERROR - Error on attempt 130: Failed to setup driver
Traceback (most recent call last):
  File "C:\laragon\www\dapokalsel\sekolah\import_url_kabupaten.pyw", line 435, in process_url_induk
    raise Exception("Failed to setup driver")
Exception: Failed to setup driver
2025-10-26 23:04:41,380 - INFO - Retry attempt 131/300...
2025-10-26 23:04:56,382 - INFO - Setting up Chrome driver...
2025-10-26 23:04:56,507 - INFO - Using profile directory: C:\Windows\Temp\chrome_scraper_profile
2025-10-26 23:04:56,507 - INFO - Initializing Chrome driver (attempt 1/3)...
2025-10-26 23:05:24,493 - INFO - patching driver executable C:\laragon\www\dapokalsel\sekolah\~\appdata\roaming\undetected_chromedriver\undetected_chromedriver.exe
2025-10-26 23:05:29,600 - ERROR - Attempt 1 failed: Binary Location Must be a String
2025-10-26 23:05:29,601 - INFO - Retrying in 5 seconds...
2025-10-26 23:05:34,602 - INFO - Initializing Chrome driver (attempt 2/3)...
2025-10-26 23:05:50,784 - ERROR - Attempt 2 failed: [WinError 183] Cannot create a file when that file already exists: 'C:\\laragon\\www\\dapokalsel\\sekolah\\~\\appdata\\roaming\\undetected_chromedriver\\undetected\\chromedriver-win32\\chromedriver.exe' -> 'C:\\laragon\\www\\dapokalsel\\sekolah\\~\\appdata\\roaming\\undetected_chromedriver\\undetected_chromedriver.exe'
2025-10-26 23:05:50,785 - INFO - Retrying in 5 seconds...
2025-10-26 23:05:55,786 - INFO - Initializing Chrome driver (attempt 3/3)...
2025-10-26 23:06:15,073 - ERROR - Attempt 3 failed: [WinError 32] The process cannot access the file because it is being used by another process: 'C:\\laragon\\www\\dapokalsel\\sekolah\\~\\appdata\\roaming\\undetected_chromedriver\\undetected\\chromedriver-win32\\chromedriver.exe'
2025-10-26 23:06:15,073 - ERROR - All attempts failed to setup driver
Traceback (most recent call last):
  File "C:\laragon\www\dapokalsel\sekolah\import_url_kabupaten.pyw", line 115, in setup_driver
    driver = uc.Chrome(
  File "C:\laragon\bin\python\python-3.10\lib\site-packages\undetected_chromedriver\__init__.py", line 258, in __init__
    self.patcher.auto()
  File "C:\laragon\bin\python\python-3.10\lib\site-packages\undetected_chromedriver\patcher.py", line 178, in auto
    self.unzip_package(self.fetch_package())
  File "C:\laragon\bin\python\python-3.10\lib\site-packages\undetected_chromedriver\patcher.py", line 312, in unzip_package
    shutil.rmtree(self.zip_path)
  File "C:\laragon\bin\python\python-3.10\lib\shutil.py", line 749, in rmtree
    return _rmtree_unsafe(path, onerror)
  File "C:\laragon\bin\python\python-3.10\lib\shutil.py", line 614, in _rmtree_unsafe
    _rmtree_unsafe(fullname, onerror)
  File "C:\laragon\bin\python\python-3.10\lib\shutil.py", line 619, in _rmtree_unsafe
    onerror(os.unlink, fullname, sys.exc_info())
  File "C:\laragon\bin\python\python-3.10\lib\shutil.py", line 617, in _rmtree_unsafe
    os.unlink(fullname)
PermissionError: [WinError 32] The process cannot access the file because it is being used by another process: 'C:\\laragon\\www\\dapokalsel\\sekolah\\~\\appdata\\roaming\\undetected_chromedriver\\undetected\\chromedriver-win32\\chromedriver.exe'
2025-10-26 23:06:15,597 - ERROR - Error on attempt 131: Failed to setup driver
Traceback (most recent call last):
  File "C:\laragon\www\dapokalsel\sekolah\import_url_kabupaten.pyw", line 435, in process_url_induk
    raise Exception("Failed to setup driver")
Exception: Failed to setup driver
2025-10-26 23:06:15,706 - INFO - Retry attempt 132/300...
2025-10-26 23:06:30,707 - INFO - Setting up Chrome driver...
2025-10-26 23:06:30,720 - INFO - Using profile directory: C:\Windows\Temp\chrome_scraper_profile
2025-10-26 23:06:30,721 - INFO - Initializing Chrome driver (attempt 1/3)...
2025-10-26 23:06:42,954 - INFO - patching driver executable C:\laragon\www\dapokalsel\sekolah\~\appdata\roaming\undetected_chromedriver\undetected_chromedriver.exe
2025-10-26 23:06:43,986 - ERROR - Attempt 1 failed: Binary Location Must be a String
2025-10-26 23:06:43,986 - INFO - Retrying in 5 seconds...
2025-10-26 23:06:48,988 - INFO - Initializing Chrome driver (attempt 2/3)...
2025-10-26 23:06:57,461 - ERROR - Attempt 2 failed: [WinError 183] Cannot create a file when that file already exists: 'C:\\laragon\\www\\dapokalsel\\sekolah\\~\\appdata\\roaming\\undetected_chromedriver\\undetected\\chromedriver-win32\\chromedriver.exe' -> 'C:\\laragon\\www\\dapokalsel\\sekolah\\~\\appdata\\roaming\\undetected_chromedriver\\undetected_chromedriver.exe'
2025-10-26 23:06:57,461 - INFO - Retrying in 5 seconds...
2025-10-26 23:07:02,462 - INFO - Initializing Chrome driver (attempt 3/3)...
2025-10-26 23:07:08,477 - INFO - patching driver executable C:\laragon\www\dapokalsel\sekolah\~\appdata\roaming\undetected_chromedriver\undetected_chromedriver.exe
2025-10-26 23:07:08,589 - ERROR - Attempt 3 failed: you cannot reuse the ChromeOptions object
2025-10-26 23:07:08,589 - ERROR - All attempts failed to setup driver
Traceback (most recent call last):
  File "C:\laragon\www\dapokalsel\sekolah\import_url_kabupaten.pyw", line 115, in setup_driver
    driver = uc.Chrome(
  File "C:\laragon\bin\python\python-3.10\lib\site-packages\undetected_chromedriver\__init__.py", line 269, in __init__
    raise RuntimeError("you cannot reuse the ChromeOptions object")
RuntimeError: you cannot reuse the ChromeOptions object
2025-10-26 23:07:08,590 - ERROR - Error on attempt 132: Failed to setup driver
Traceback (most recent call last):
  File "C:\laragon\www\dapokalsel\sekolah\import_url_kabupaten.pyw", line 435, in process_url_induk
    raise Exception("Failed to setup driver")
Exception: Failed to setup driver
2025-10-26 23:07:08,590 - INFO - Retry attempt 133/300...
2025-10-26 23:07:23,591 - INFO - Setting up Chrome driver...
2025-10-26 23:07:23,591 - INFO - Using profile directory: C:\Windows\Temp\chrome_scraper_profile
2025-10-26 23:07:23,591 - INFO - Initializing Chrome driver (attempt 1/3)...
2025-10-26 23:07:28,142 - INFO - patching driver executable C:\laragon\www\dapokalsel\sekolah\~\appdata\roaming\undetected_chromedriver\undetected_chromedriver.exe
2025-10-26 23:07:28,365 - ERROR - Attempt 1 failed: Binary Location Must be a String
2025-10-26 23:07:28,366 - INFO - Retrying in 5 seconds...
2025-10-26 23:07:33,368 - INFO - Initializing Chrome driver (attempt 2/3)...
2025-10-26 23:07:42,633 - ERROR - Attempt 2 failed: [WinError 183] Cannot create a file when that file already exists: 'C:\\laragon\\www\\dapokalsel\\sekolah\\~\\appdata\\roaming\\undetected_chromedriver\\undetected\\chromedriver-win32\\chromedriver.exe' -> 'C:\\laragon\\www\\dapokalsel\\sekolah\\~\\appdata\\roaming\\undetected_chromedriver\\undetected_chromedriver.exe'
2025-10-26 23:07:42,634 - INFO - Retrying in 5 seconds...
2025-10-26 23:07:47,634 - INFO - Initializing Chrome driver (attempt 3/3)...
2025-10-26 23:07:57,335 - ERROR - Attempt 3 failed: [WinError 2] The system cannot find the file specified: 'C:\\laragon\\www\\dapokalsel\\sekolah\\~\\appdata\\roaming\\undetected_chromedriver\\undetected_chromedriver.exe'
2025-10-26 23:07:57,336 - ERROR - All attempts failed to setup driver
Traceback (most recent call last):
  File "C:\laragon\www\dapokalsel\sekolah\import_url_kabupaten.pyw", line 115, in setup_driver
    driver = uc.Chrome(
  File "C:\laragon\bin\python\python-3.10\lib\site-packages\undetected_chromedriver\__init__.py", line 258, in __init__
    self.patcher.auto()
  File "C:\laragon\bin\python\python-3.10\lib\site-packages\undetected_chromedriver\patcher.py", line 178, in auto
    self.unzip_package(self.fetch_package())
  File "C:\laragon\bin\python\python-3.10\lib\site-packages\undetected_chromedriver\patcher.py", line 313, in unzip_package
    os.chmod(self.executable_path, 0o755)
FileNotFoundError: [WinError 2] The system cannot find the file specified: 'C:\\laragon\\www\\dapokalsel\\sekolah\\~\\appdata\\roaming\\undetected_chromedriver\\undetected_chromedriver.exe'
2025-10-26 23:07:57,605 - ERROR - Error on attempt 133: Failed to setup driver
Traceback (most recent call last):
  File "C:\laragon\www\dapokalsel\sekolah\import_url_kabupaten.pyw", line 435, in process_url_induk
    raise Exception("Failed to setup driver")
Exception: Failed to setup driver
2025-10-26 23:07:57,679 - INFO - Retry attempt 134/300...
2025-10-26 23:08:12,679 - INFO - Setting up Chrome driver...
2025-10-26 23:08:12,735 - INFO - Using profile directory: C:\Windows\Temp\chrome_scraper_profile
2025-10-26 23:08:12,735 - INFO - Initializing Chrome driver (attempt 1/3)...
2025-10-26 23:08:23,942 - ERROR - Attempt 1 failed: [WinError 183] Cannot create a file when that file already exists: 'C:\\laragon\\www\\dapokalsel\\sekolah\\~\\appdata\\roaming\\undetected_chromedriver\\undetected\\chromedriver-win32\\chromedriver.exe' -> 'C:\\laragon\\www\\dapokalsel\\sekolah\\~\\appdata\\roaming\\undetected_chromedriver\\undetected_chromedriver.exe'
2025-10-26 23:08:23,943 - INFO - Retrying in 5 seconds...
2025-10-26 23:08:28,943 - INFO - Initializing Chrome driver (attempt 2/3)...
2025-10-26 23:08:40,125 - ERROR - Attempt 2 failed: [WinError 183] Cannot create a file when that file already exists: 'C:\\laragon\\www\\dapokalsel\\sekolah\\~\\appdata\\roaming\\undetected_chromedriver\\undetected\\chromedriver-win32\\chromedriver.exe' -> 'C:\\laragon\\www\\dapokalsel\\sekolah\\~\\appdata\\roaming\\undetected_chromedriver\\undetected_chromedriver.exe'
2025-10-26 23:08:40,126 - INFO - Retrying in 5 seconds...
2025-10-26 23:08:45,126 - INFO - Initializing Chrome driver (attempt 3/3)...
2025-10-26 23:08:55,028 - INFO - patching driver executable C:\laragon\www\dapokalsel\sekolah\~\appdata\roaming\undetected_chromedriver\undetected_chromedriver.exe
2025-10-26 23:08:55,642 - ERROR - Attempt 3 failed: Binary Location Must be a String
2025-10-26 23:08:55,643 - ERROR - All attempts failed to setup driver
Traceback (most recent call last):
  File "C:\laragon\www\dapokalsel\sekolah\import_url_kabupaten.pyw", line 115, in setup_driver
    driver = uc.Chrome(
  File "C:\laragon\bin\python\python-3.10\lib\site-packages\undetected_chromedriver\__init__.py", line 372, in __init__
    options.binary_location = (
  File "C:\laragon\bin\python\python-3.10\lib\site-packages\selenium\webdriver\chromium\options.py", line 52, in binary_location
    raise TypeError(self.BINARY_LOCATION_ERROR)
TypeError: Binary Location Must be a String
2025-10-26 23:08:55,793 - ERROR - Error on attempt 134: Failed to setup driver
Traceback (most recent call last):
  File "C:\laragon\www\dapokalsel\sekolah\import_url_kabupaten.pyw", line 435, in process_url_induk
    raise Exception("Failed to setup driver")
Exception: Failed to setup driver
2025-10-26 23:08:55,947 - INFO - Retry attempt 135/300...
2025-10-26 23:09:10,949 - INFO - Setting up Chrome driver...
2025-10-26 23:09:11,178 - INFO - Using profile directory: C:\Windows\Temp\chrome_scraper_profile
2025-10-26 23:09:11,178 - INFO - Initializing Chrome driver (attempt 1/3)...
2025-10-26 23:09:21,051 - ERROR - Attempt 1 failed: [WinError 183] Cannot create a file when that file already exists: 'C:\\laragon\\www\\dapokalsel\\sekolah\\~\\appdata\\roaming\\undetected_chromedriver\\undetected\\chromedriver-win32\\chromedriver.exe' -> 'C:\\laragon\\www\\dapokalsel\\sekolah\\~\\appdata\\roaming\\undetected_chromedriver\\undetected_chromedriver.exe'
2025-10-26 23:09:21,051 - INFO - Retrying in 5 seconds...
2025-10-26 23:09:26,052 - INFO - Initializing Chrome driver (attempt 2/3)...
2025-10-26 23:09:33,994 - ERROR - Attempt 2 failed: [WinError 145] The directory is not empty: 'C:\\laragon\\www\\dapokalsel\\sekolah\\~\\appdata\\roaming\\undetected_chromedriver\\undetected'
2025-10-26 23:09:33,994 - INFO - Retrying in 5 seconds...
2025-10-26 23:09:38,996 - INFO - Initializing Chrome driver (attempt 3/3)...
2025-10-26 23:09:51,018 - ERROR - Attempt 3 failed: [WinError 2] The system cannot find the file specified: 'C:\\laragon\\www\\dapokalsel\\sekolah\\~\\appdata\\roaming\\undetected_chromedriver\\undetected_chromedriver.exe'
2025-10-26 23:09:51,018 - ERROR - All attempts failed to setup driver
Traceback (most recent call last):
  File "C:\laragon\www\dapokalsel\sekolah\import_url_kabupaten.pyw", line 115, in setup_driver
    driver = uc.Chrome(
  File "C:\laragon\bin\python\python-3.10\lib\site-packages\undetected_chromedriver\__init__.py", line 258, in __init__
    self.patcher.auto()
  File "C:\laragon\bin\python\python-3.10\lib\site-packages\undetected_chromedriver\patcher.py", line 178, in auto
    self.unzip_package(self.fetch_package())
  File "C:\laragon\bin\python\python-3.10\lib\site-packages\undetected_chromedriver\patcher.py", line 313, in unzip_package
    os.chmod(self.executable_path, 0o755)
FileNotFoundError: [WinError 2] The system cannot find the file specified: 'C:\\laragon\\www\\dapokalsel\\sekolah\\~\\appdata\\roaming\\undetected_chromedriver\\undetected_chromedriver.exe'
2025-10-26 23:09:51,616 - ERROR - Error on attempt 135: Failed to setup driver
Traceback (most recent call last):
  File "C:\laragon\www\dapokalsel\sekolah\import_url_kabupaten.pyw", line 435, in process_url_induk
    raise Exception("Failed to setup driver")
Exception: Failed to setup driver
2025-10-26 23:09:51,839 - INFO - Retry attempt 136/300...
2025-10-26 23:10:06,840 - INFO - Setting up Chrome driver...
2025-10-26 23:10:06,874 - INFO - Using profile directory: C:\Windows\Temp\chrome_scraper_profile
2025-10-26 23:10:06,874 - INFO - Initializing Chrome driver (attempt 1/3)...
2025-10-26 23:10:18,071 - ERROR - Attempt 1 failed: [WinError 32] The process cannot access the file because it is being used by another process: 'C:\\laragon\\www\\dapokalsel\\sekolah\\~\\appdata\\roaming\\undetected_chromedriver\\undetected\\chromedriver-win32\\chromedriver.exe' -> 'C:\\laragon\\www\\dapokalsel\\sekolah\\~\\appdata\\roaming\\undetected_chromedriver\\undetected_chromedriver.exe'
2025-10-26 23:10:18,072 - INFO - Retrying in 5 seconds...
2025-10-26 23:10:23,072 - INFO - Initializing Chrome driver (attempt 2/3)...
2025-10-26 23:10:29,973 - INFO - patching driver executable C:\laragon\www\dapokalsel\sekolah\~\appdata\roaming\undetected_chromedriver\undetected_chromedriver.exe
2025-10-26 23:10:30,119 - ERROR - Attempt 2 failed: Binary Location Must be a String
2025-10-26 23:10:30,119 - INFO - Retrying in 5 seconds...
2025-10-26 23:10:35,120 - INFO - Initializing Chrome driver (attempt 3/3)...
2025-10-26 23:10:39,195 - INFO - patching driver executable C:\laragon\www\dapokalsel\sekolah\~\appdata\roaming\undetected_chromedriver\undetected_chromedriver.exe
2025-10-26 23:10:39,312 - ERROR - Attempt 3 failed: you cannot reuse the ChromeOptions object
2025-10-26 23:10:39,313 - ERROR - All attempts failed to setup driver
Traceback (most recent call last):
  File "C:\laragon\www\dapokalsel\sekolah\import_url_kabupaten.pyw", line 115, in setup_driver
    driver = uc.Chrome(
  File "C:\laragon\bin\python\python-3.10\lib\site-packages\undetected_chromedriver\__init__.py", line 269, in __init__
    raise RuntimeError("you cannot reuse the ChromeOptions object")
RuntimeError: you cannot reuse the ChromeOptions object
2025-10-26 23:10:39,313 - ERROR - Error on attempt 136: Failed to setup driver
Traceback (most recent call last):
  File "C:\laragon\www\dapokalsel\sekolah\import_url_kabupaten.pyw", line 435, in process_url_induk
    raise Exception("Failed to setup driver")
Exception: Failed to setup driver
2025-10-26 23:10:39,314 - INFO - Retry attempt 137/300...
2025-10-26 23:10:54,314 - INFO - Setting up Chrome driver...
2025-10-26 23:10:54,315 - INFO - Using profile directory: C:\Windows\Temp\chrome_scraper_profile
2025-10-26 23:10:54,315 - INFO - Initializing Chrome driver (attempt 1/3)...
2025-10-26 23:11:01,145 - INFO - patching driver executable C:\laragon\www\dapokalsel\sekolah\~\appdata\roaming\undetected_chromedriver\undetected_chromedriver.exe
2025-10-26 23:11:01,220 - ERROR - Attempt 1 failed: Binary Location Must be a String
2025-10-26 23:11:01,220 - INFO - Retrying in 5 seconds...
2025-10-26 23:11:06,221 - INFO - Initializing Chrome driver (attempt 2/3)...
2025-10-26 23:11:18,201 - INFO - patching driver executable C:\laragon\www\dapokalsel\sekolah\~\appdata\roaming\undetected_chromedriver\undetected_chromedriver.exe
2025-10-26 23:11:19,083 - ERROR - Attempt 2 failed: you cannot reuse the ChromeOptions object
2025-10-26 23:11:19,083 - INFO - Retrying in 5 seconds...
2025-10-26 23:11:24,083 - INFO - Initializing Chrome driver (attempt 3/3)...
2025-10-26 23:11:29,600 - INFO - patching driver executable C:\laragon\www\dapokalsel\sekolah\~\appdata\roaming\undetected_chromedriver\undetected_chromedriver.exe
2025-10-26 23:11:30,350 - ERROR - Attempt 3 failed: you cannot reuse the ChromeOptions object
2025-10-26 23:11:30,350 - ERROR - All attempts failed to setup driver
Traceback (most recent call last):
  File "C:\laragon\www\dapokalsel\sekolah\import_url_kabupaten.pyw", line 115, in setup_driver
    driver = uc.Chrome(
  File "C:\laragon\bin\python\python-3.10\lib\site-packages\undetected_chromedriver\__init__.py", line 269, in __init__
    raise RuntimeError("you cannot reuse the ChromeOptions object")
RuntimeError: you cannot reuse the ChromeOptions object
2025-10-26 23:11:30,491 - ERROR - Error on attempt 137: Failed to setup driver
Traceback (most recent call last):
  File "C:\laragon\www\dapokalsel\sekolah\import_url_kabupaten.pyw", line 435, in process_url_induk
    raise Exception("Failed to setup driver")
Exception: Failed to setup driver
2025-10-26 23:11:30,492 - INFO - Retry attempt 138/300...
2025-10-26 23:11:45,493 - INFO - Setting up Chrome driver...
2025-10-26 23:11:45,591 - INFO - Using profile directory: C:\Windows\Temp\chrome_scraper_profile
2025-10-26 23:11:45,592 - INFO - Initializing Chrome driver (attempt 1/3)...
2025-10-26 23:11:53,815 - ERROR - Attempt 1 failed: [WinError 145] The directory is not empty: 'C:\\laragon\\www\\dapokalsel\\sekolah\\~\\appdata\\roaming\\undetected_chromedriver\\undetected'
2025-10-26 23:11:53,815 - INFO - Retrying in 5 seconds...
2025-10-26 23:11:58,816 - INFO - Initializing Chrome driver (attempt 2/3)...
2025-10-26 23:12:06,914 - ERROR - Attempt 2 failed: [WinError 183] Cannot create a file when that file already exists: 'C:\\laragon\\www\\dapokalsel\\sekolah\\~\\appdata\\roaming\\undetected_chromedriver\\undetected\\chromedriver-win32\\chromedriver.exe' -> 'C:\\laragon\\www\\dapokalsel\\sekolah\\~\\appdata\\roaming\\undetected_chromedriver\\undetected_chromedriver.exe'
2025-10-26 23:12:06,915 - INFO - Retrying in 5 seconds...
2025-10-26 23:12:11,915 - INFO - Initializing Chrome driver (attempt 3/3)...
2025-10-26 23:12:24,070 - INFO - patching driver executable C:\laragon\www\dapokalsel\sekolah\~\appdata\roaming\undetected_chromedriver\undetected_chromedriver.exe
2025-10-26 23:12:24,576 - ERROR - Attempt 3 failed: Binary Location Must be a String
2025-10-26 23:12:24,576 - ERROR - All attempts failed to setup driver
Traceback (most recent call last):
  File "C:\laragon\www\dapokalsel\sekolah\import_url_kabupaten.pyw", line 115, in setup_driver
    driver = uc.Chrome(
  File "C:\laragon\bin\python\python-3.10\lib\site-packages\undetected_chromedriver\__init__.py", line 372, in __init__
    options.binary_location = (
  File "C:\laragon\bin\python\python-3.10\lib\site-packages\selenium\webdriver\chromium\options.py", line 52, in binary_location
    raise TypeError(self.BINARY_LOCATION_ERROR)
TypeError: Binary Location Must be a String
2025-10-26 23:12:24,888 - ERROR - Error on attempt 138: Failed to setup driver
Traceback (most recent call last):
  File "C:\laragon\www\dapokalsel\sekolah\import_url_kabupaten.pyw", line 435, in process_url_induk
    raise Exception("Failed to setup driver")
Exception: Failed to setup driver
2025-10-26 23:12:25,110 - INFO - Retry attempt 139/300...
2025-10-26 23:12:40,111 - INFO - Setting up Chrome driver...
2025-10-26 23:12:40,406 - INFO - Using profile directory: C:\Windows\Temp\chrome_scraper_profile
2025-10-26 23:12:40,406 - INFO - Initializing Chrome driver (attempt 1/3)...
2025-10-26 23:12:51,598 - ERROR - Attempt 1 failed: [WinError 2] The system cannot find the file specified: 'C:\\laragon\\www\\dapokalsel\\sekolah\\~\\appdata\\roaming\\undetected_chromedriver\\undetected_chromedriver.exe'
2025-10-26 23:12:51,599 - INFO - Retrying in 5 seconds...
2025-10-26 23:12:56,600 - INFO - Initializing Chrome driver (attempt 2/3)...
2025-10-26 23:13:05,764 - ERROR - Attempt 2 failed: [WinError 183] Cannot create a file when that file already exists: 'C:\\laragon\\www\\dapokalsel\\sekolah\\~\\appdata\\roaming\\undetected_chromedriver\\undetected\\chromedriver-win32\\chromedriver.exe' -> 'C:\\laragon\\www\\dapokalsel\\sekolah\\~\\appdata\\roaming\\undetected_chromedriver\\undetected_chromedriver.exe'
2025-10-26 23:13:05,765 - INFO - Retrying in 5 seconds...
2025-10-26 23:13:10,765 - INFO - Initializing Chrome driver (attempt 3/3)...
2025-10-26 23:13:20,134 - ERROR - Attempt 3 failed: [WinError 183] Cannot create a file when that file already exists: 'C:\\laragon\\www\\dapokalsel\\sekolah\\~\\appdata\\roaming\\undetected_chromedriver\\undetected\\chromedriver-win32\\chromedriver.exe' -> 'C:\\laragon\\www\\dapokalsel\\sekolah\\~\\appdata\\roaming\\undetected_chromedriver\\undetected_chromedriver.exe'
2025-10-26 23:13:20,135 - ERROR - All attempts failed to setup driver
Traceback (most recent call last):
  File "C:\laragon\www\dapokalsel\sekolah\import_url_kabupaten.pyw", line 115, in setup_driver
    driver = uc.Chrome(
  File "C:\laragon\bin\python\python-3.10\lib\site-packages\undetected_chromedriver\__init__.py", line 258, in __init__
    self.patcher.auto()
  File "C:\laragon\bin\python\python-3.10\lib\site-packages\undetected_chromedriver\patcher.py", line 178, in auto
    self.unzip_package(self.fetch_package())
  File "C:\laragon\bin\python\python-3.10\lib\site-packages\undetected_chromedriver\patcher.py", line 310, in unzip_package
    os.rename(os.path.join(self.zip_path, exe_path), self.executable_path)
FileExistsError: [WinError 183] Cannot create a file when that file already exists: 'C:\\laragon\\www\\dapokalsel\\sekolah\\~\\appdata\\roaming\\undetected_chromedriver\\undetected\\chromedriver-win32\\chromedriver.exe' -> 'C:\\laragon\\www\\dapokalsel\\sekolah\\~\\appdata\\roaming\\undetected_chromedriver\\undetected_chromedriver.exe'
2025-10-26 23:13:20,591 - ERROR - Error on attempt 139: Failed to setup driver
Traceback (most recent call last):
  File "C:\laragon\www\dapokalsel\sekolah\import_url_kabupaten.pyw", line 435, in process_url_induk
    raise Exception("Failed to setup driver")
Exception: Failed to setup driver
2025-10-26 23:13:20,909 - INFO - Retry attempt 140/300...
2025-10-26 23:13:35,910 - INFO - Setting up Chrome driver...
2025-10-26 23:13:35,960 - INFO - Using profile directory: C:\Windows\Temp\chrome_scraper_profile
2025-10-26 23:13:35,961 - INFO - Initializing Chrome driver (attempt 1/3)...
2025-10-26 23:13:44,538 - INFO - patching driver executable C:\laragon\www\dapokalsel\sekolah\~\appdata\roaming\undetected_chromedriver\undetected_chromedriver.exe
2025-10-26 23:13:44,715 - ERROR - Attempt 1 failed: Binary Location Must be a String
2025-10-26 23:13:44,715 - INFO - Retrying in 5 seconds...
2025-10-26 23:13:49,715 - INFO - Initializing Chrome driver (attempt 2/3)...
2025-10-26 23:13:55,475 - INFO - patching driver executable C:\laragon\www\dapokalsel\sekolah\~\appdata\roaming\undetected_chromedriver\undetected_chromedriver.exe
2025-10-26 23:13:55,643 - ERROR - Attempt 2 failed: you cannot reuse the ChromeOptions object
2025-10-26 23:13:55,644 - INFO - Retrying in 5 seconds...
2025-10-26 23:14:00,644 - INFO - Initializing Chrome driver (attempt 3/3)...
2025-10-26 23:14:05,787 - INFO - patching driver executable C:\laragon\www\dapokalsel\sekolah\~\appdata\roaming\undetected_chromedriver\undetected_chromedriver.exe
2025-10-26 23:14:05,875 - ERROR - Attempt 3 failed: you cannot reuse the ChromeOptions object
2025-10-26 23:14:05,875 - ERROR - All attempts failed to setup driver
Traceback (most recent call last):
  File "C:\laragon\www\dapokalsel\sekolah\import_url_kabupaten.pyw", line 115, in setup_driver
    driver = uc.Chrome(
  File "C:\laragon\bin\python\python-3.10\lib\site-packages\undetected_chromedriver\__init__.py", line 269, in __init__
    raise RuntimeError("you cannot reuse the ChromeOptions object")
RuntimeError: you cannot reuse the ChromeOptions object
2025-10-26 23:14:05,876 - ERROR - Error on attempt 140: Failed to setup driver
Traceback (most recent call last):
  File "C:\laragon\www\dapokalsel\sekolah\import_url_kabupaten.pyw", line 435, in process_url_induk
    raise Exception("Failed to setup driver")
Exception: Failed to setup driver
2025-10-26 23:14:05,876 - INFO - Retry attempt 141/300...
2025-10-26 23:14:20,876 - INFO - Setting up Chrome driver...
2025-10-26 23:14:21,035 - INFO - Using profile directory: C:\Windows\Temp\chrome_scraper_profile
2025-10-26 23:14:21,035 - INFO - Initializing Chrome driver (attempt 1/3)...
2025-10-26 23:14:28,455 - ERROR - Attempt 1 failed: [WinError 183] Cannot create a file when that file already exists: 'C:\\laragon\\www\\dapokalsel\\sekolah\\~\\appdata\\roaming\\undetected_chromedriver\\undetected\\chromedriver-win32\\chromedriver.exe' -> 'C:\\laragon\\www\\dapokalsel\\sekolah\\~\\appdata\\roaming\\undetected_chromedriver\\undetected_chromedriver.exe'
2025-10-26 23:14:28,456 - INFO - Retrying in 5 seconds...
2025-10-26 23:14:33,456 - INFO - Initializing Chrome driver (attempt 2/3)...
2025-10-26 23:14:40,612 - INFO - patching driver executable C:\laragon\www\dapokalsel\sekolah\~\appdata\roaming\undetected_chromedriver\undetected_chromedriver.exe
2025-10-26 23:14:41,279 - ERROR - Attempt 2 failed: Binary Location Must be a String
2025-10-26 23:14:41,280 - INFO - Retrying in 5 seconds...
2025-10-26 23:14:46,280 - INFO - Initializing Chrome driver (attempt 3/3)...
2025-10-26 23:14:55,472 - ERROR - Attempt 3 failed: [WinError 3] The system cannot find the path specified: 'C:\\laragon\\www\\dapokalsel\\sekolah\\~\\appdata\\roaming\\undetected_chromedriver\\undetected\\chromedriver-win32'
2025-10-26 23:14:55,472 - ERROR - All attempts failed to setup driver
Traceback (most recent call last):
  File "C:\laragon\www\dapokalsel\sekolah\import_url_kabupaten.pyw", line 115, in setup_driver
    driver = uc.Chrome(
  File "C:\laragon\bin\python\python-3.10\lib\site-packages\undetected_chromedriver\__init__.py", line 258, in __init__
    self.patcher.auto()
  File "C:\laragon\bin\python\python-3.10\lib\site-packages\undetected_chromedriver\patcher.py", line 178, in auto
    self.unzip_package(self.fetch_package())
  File "C:\laragon\bin\python\python-3.10\lib\site-packages\undetected_chromedriver\patcher.py", line 309, in unzip_package
    zf.extractall(self.zip_path)
  File "C:\laragon\bin\python\python-3.10\lib\zipfile.py", line 1645, in extractall
    self._extract_member(zipinfo, path, pwd)
  File "C:\laragon\bin\python\python-3.10\lib\zipfile.py", line 1691, in _extract_member
    os.makedirs(upperdirs)
  File "C:\laragon\bin\python\python-3.10\lib\os.py", line 225, in makedirs
    mkdir(name, mode)
FileNotFoundError: [WinError 3] The system cannot find the path specified: 'C:\\laragon\\www\\dapokalsel\\sekolah\\~\\appdata\\roaming\\undetected_chromedriver\\undetected\\chromedriver-win32'
2025-10-26 23:14:56,717 - ERROR - Error on attempt 141: Failed to setup driver
Traceback (most recent call last):
  File "C:\laragon\www\dapokalsel\sekolah\import_url_kabupaten.pyw", line 435, in process_url_induk
    raise Exception("Failed to setup driver")
Exception: Failed to setup driver
2025-10-26 23:14:56,874 - INFO - Retry attempt 142/300...
2025-10-26 23:15:11,875 - INFO - Setting up Chrome driver...
2025-10-26 23:15:12,086 - INFO - Using profile directory: C:\Windows\Temp\chrome_scraper_profile
2025-10-26 23:15:12,087 - INFO - Initializing Chrome driver (attempt 1/3)...
2025-10-26 23:15:20,825 - ERROR - Attempt 1 failed: [WinError 183] Cannot create a file when that file already exists: 'C:\\laragon\\www\\dapokalsel\\sekolah\\~\\appdata\\roaming\\undetected_chromedriver\\undetected\\chromedriver-win32\\chromedriver.exe' -> 'C:\\laragon\\www\\dapokalsel\\sekolah\\~\\appdata\\roaming\\undetected_chromedriver\\undetected_chromedriver.exe'
2025-10-26 23:15:20,826 - INFO - Retrying in 5 seconds...
2025-10-26 23:15:25,827 - INFO - Initializing Chrome driver (attempt 2/3)...
2025-10-26 23:15:35,466 - ERROR - Attempt 2 failed: [WinError 183] Cannot create a file when that file already exists: 'C:\\laragon\\www\\dapokalsel\\sekolah\\~\\appdata\\roaming\\undetected_chromedriver\\undetected\\chromedriver-win32\\chromedriver.exe' -> 'C:\\laragon\\www\\dapokalsel\\sekolah\\~\\appdata\\roaming\\undetected_chromedriver\\undetected_chromedriver.exe'
2025-10-26 23:15:35,466 - INFO - Retrying in 5 seconds...
2025-10-26 23:15:40,467 - INFO - Initializing Chrome driver (attempt 3/3)...
2025-10-26 23:15:48,668 - INFO - patching driver executable C:\laragon\www\dapokalsel\sekolah\~\appdata\roaming\undetected_chromedriver\undetected_chromedriver.exe
2025-10-26 23:15:49,667 - ERROR - Attempt 3 failed: Binary Location Must be a String
2025-10-26 23:15:49,667 - ERROR - All attempts failed to setup driver
Traceback (most recent call last):
  File "C:\laragon\www\dapokalsel\sekolah\import_url_kabupaten.pyw", line 115, in setup_driver
    driver = uc.Chrome(
  File "C:\laragon\bin\python\python-3.10\lib\site-packages\undetected_chromedriver\__init__.py", line 372, in __init__
    options.binary_location = (
  File "C:\laragon\bin\python\python-3.10\lib\site-packages\selenium\webdriver\chromium\options.py", line 52, in binary_location
    raise TypeError(self.BINARY_LOCATION_ERROR)
TypeError: Binary Location Must be a String
2025-10-26 23:15:50,135 - ERROR - Error on attempt 142: Failed to setup driver
Traceback (most recent call last):
  File "C:\laragon\www\dapokalsel\sekolah\import_url_kabupaten.pyw", line 435, in process_url_induk
    raise Exception("Failed to setup driver")
Exception: Failed to setup driver
2025-10-26 23:15:50,137 - INFO - Retry attempt 143/300...
2025-10-26 23:16:05,137 - INFO - Setting up Chrome driver...
2025-10-26 23:16:05,172 - INFO - Using profile directory: C:\Windows\Temp\chrome_scraper_profile
2025-10-26 23:16:05,173 - INFO - Initializing Chrome driver (attempt 1/3)...
2025-10-26 23:16:14,837 - ERROR - Attempt 1 failed: [WinError 32] The process cannot access the file because it is being used by another process: 'C:\\laragon\\www\\dapokalsel\\sekolah\\~\\appdata\\roaming\\undetected_chromedriver\\undetected\\chromedriver-win32\\LICENSE.chromedriver'
2025-10-26 23:16:14,838 - INFO - Retrying in 5 seconds...
2025-10-26 23:16:19,838 - INFO - Initializing Chrome driver (attempt 2/3)...
2025-10-26 23:16:32,416 - ERROR - Attempt 2 failed: [WinError 2] The system cannot find the file specified: 'C:\\laragon\\www\\dapokalsel\\sekolah\\~\\appdata\\roaming\\undetected_chromedriver\\undetected\\chromedriver-win32\\chromedriver.exe' -> 'C:\\laragon\\www\\dapokalsel\\sekolah\\~\\appdata\\roaming\\undetected_chromedriver\\undetected_chromedriver.exe'
2025-10-26 23:16:32,417 - INFO - Retrying in 5 seconds...
2025-10-26 23:16:37,418 - INFO - Initializing Chrome driver (attempt 3/3)...
2025-10-26 23:16:46,220 - INFO - patching driver executable C:\laragon\www\dapokalsel\sekolah\~\appdata\roaming\undetected_chromedriver\undetected_chromedriver.exe
2025-10-26 23:16:47,111 - ERROR - Attempt 3 failed: Binary Location Must be a String
2025-10-26 23:16:47,111 - ERROR - All attempts failed to setup driver
Traceback (most recent call last):
  File "C:\laragon\www\dapokalsel\sekolah\import_url_kabupaten.pyw", line 115, in setup_driver
    driver = uc.Chrome(
  File "C:\laragon\bin\python\python-3.10\lib\site-packages\undetected_chromedriver\__init__.py", line 372, in __init__
    options.binary_location = (
  File "C:\laragon\bin\python\python-3.10\lib\site-packages\selenium\webdriver\chromium\options.py", line 52, in binary_location
    raise TypeError(self.BINARY_LOCATION_ERROR)
TypeError: Binary Location Must be a String
2025-10-26 23:16:47,748 - ERROR - Error on attempt 143: Failed to setup driver
Traceback (most recent call last):
  File "C:\laragon\www\dapokalsel\sekolah\import_url_kabupaten.pyw", line 435, in process_url_induk
    raise Exception("Failed to setup driver")
Exception: Failed to setup driver
2025-10-26 23:16:47,846 - INFO - Retry attempt 144/300...
2025-10-26 23:17:02,846 - INFO - Setting up Chrome driver...
2025-10-26 23:17:02,846 - INFO - Using profile directory: C:\Windows\Temp\chrome_scraper_profile
2025-10-26 23:17:02,847 - INFO - Initializing Chrome driver (attempt 1/3)...
2025-10-26 23:17:10,634 - INFO - patching driver executable C:\laragon\www\dapokalsel\sekolah\~\appdata\roaming\undetected_chromedriver\undetected_chromedriver.exe
2025-10-26 23:17:10,961 - ERROR - Attempt 1 failed: Binary Location Must be a String
2025-10-26 23:17:10,961 - INFO - Retrying in 5 seconds...
2025-10-26 23:17:15,962 - INFO - Initializing Chrome driver (attempt 2/3)...
2025-10-26 23:17:25,388 - ERROR - Attempt 2 failed: [WinError 183] Cannot create a file when that file already exists: 'C:\\laragon\\www\\dapokalsel\\sekolah\\~\\appdata\\roaming\\undetected_chromedriver\\undetected\\chromedriver-win32\\chromedriver.exe' -> 'C:\\laragon\\www\\dapokalsel\\sekolah\\~\\appdata\\roaming\\undetected_chromedriver\\undetected_chromedriver.exe'
2025-10-26 23:17:25,389 - INFO - Retrying in 5 seconds...
2025-10-26 23:17:30,390 - INFO - Initializing Chrome driver (attempt 3/3)...
2025-10-26 23:17:39,960 - INFO - patching driver executable C:\laragon\www\dapokalsel\sekolah\~\appdata\roaming\undetected_chromedriver\undetected_chromedriver.exe
2025-10-26 23:17:40,476 - ERROR - Attempt 3 failed: you cannot reuse the ChromeOptions object
2025-10-26 23:17:40,477 - ERROR - All attempts failed to setup driver
Traceback (most recent call last):
  File "C:\laragon\www\dapokalsel\sekolah\import_url_kabupaten.pyw", line 115, in setup_driver
    driver = uc.Chrome(
  File "C:\laragon\bin\python\python-3.10\lib\site-packages\undetected_chromedriver\__init__.py", line 269, in __init__
    raise RuntimeError("you cannot reuse the ChromeOptions object")
RuntimeError: you cannot reuse the ChromeOptions object
2025-10-26 23:17:40,853 - ERROR - Error on attempt 144: Failed to setup driver
Traceback (most recent call last):
  File "C:\laragon\www\dapokalsel\sekolah\import_url_kabupaten.pyw", line 435, in process_url_induk
    raise Exception("Failed to setup driver")
Exception: Failed to setup driver
2025-10-26 23:17:41,050 - INFO - Retry attempt 145/300...
2025-10-26 23:17:56,050 - INFO - Setting up Chrome driver...
2025-10-26 23:17:56,214 - INFO - Using profile directory: C:\Windows\Temp\chrome_scraper_profile
2025-10-26 23:17:56,215 - INFO - Initializing Chrome driver (attempt 1/3)...
2025-10-26 23:18:04,818 - ERROR - Attempt 1 failed: [WinError 32] The process cannot access the file because it is being used by another process: 'C:\\laragon\\www\\dapokalsel\\sekolah\\~\\appdata\\roaming\\undetected_chromedriver\\undetected\\chromedriver-win32\\THIRD_PARTY_NOTICES.chromedriver'
2025-10-26 23:18:04,818 - INFO - Retrying in 5 seconds...
2025-10-26 23:18:09,818 - INFO - Initializing Chrome driver (attempt 2/3)...
2025-10-26 23:18:19,097 - ERROR - Attempt 2 failed: [WinError 145] The directory is not empty: 'C:\\laragon\\www\\dapokalsel\\sekolah\\~\\appdata\\roaming\\undetected_chromedriver\\undetected\\chromedriver-win32'
2025-10-26 23:18:19,097 - INFO - Retrying in 5 seconds...
2025-10-26 23:18:24,098 - INFO - Initializing Chrome driver (attempt 3/3)...
2025-10-26 23:18:32,424 - INFO - patching driver executable C:\laragon\www\dapokalsel\sekolah\~\appdata\roaming\undetected_chromedriver\undetected_chromedriver.exe
2025-10-26 23:18:33,044 - ERROR - Attempt 3 failed: Binary Location Must be a String
2025-10-26 23:18:33,044 - ERROR - All attempts failed to setup driver
Traceback (most recent call last):
  File "C:\laragon\www\dapokalsel\sekolah\import_url_kabupaten.pyw", line 115, in setup_driver
    driver = uc.Chrome(
  File "C:\laragon\bin\python\python-3.10\lib\site-packages\undetected_chromedriver\__init__.py", line 372, in __init__
    options.binary_location = (
  File "C:\laragon\bin\python\python-3.10\lib\site-packages\selenium\webdriver\chromium\options.py", line 52, in binary_location
    raise TypeError(self.BINARY_LOCATION_ERROR)
TypeError: Binary Location Must be a String
2025-10-26 23:18:33,455 - ERROR - Error on attempt 145: Failed to setup driver
Traceback (most recent call last):
  File "C:\laragon\www\dapokalsel\sekolah\import_url_kabupaten.pyw", line 435, in process_url_induk
    raise Exception("Failed to setup driver")
Exception: Failed to setup driver
2025-10-26 23:18:33,577 - INFO - Retry attempt 146/300...
2025-10-26 23:18:48,577 - INFO - Setting up Chrome driver...
2025-10-26 23:18:48,767 - INFO - Using profile directory: C:\Windows\Temp\chrome_scraper_profile
2025-10-26 23:18:48,767 - INFO - Initializing Chrome driver (attempt 1/3)...
2025-10-26 23:18:58,844 - ERROR - Attempt 1 failed: [WinError 32] The process cannot access the file because it is being used by another process: 'C:\\laragon\\www\\dapokalsel\\sekolah\\~\\appdata\\roaming\\undetected_chromedriver\\undetected\\chromedriver-win32\\LICENSE.chromedriver'
2025-10-26 23:18:58,844 - INFO - Retrying in 5 seconds...
2025-10-26 23:19:03,844 - INFO - Initializing Chrome driver (attempt 2/3)...
2025-10-26 23:19:13,880 - INFO - patching driver executable C:\laragon\www\dapokalsel\sekolah\~\appdata\roaming\undetected_chromedriver\undetected_chromedriver.exe
2025-10-26 23:19:14,240 - ERROR - Attempt 2 failed: Binary Location Must be a String
2025-10-26 23:19:14,240 - INFO - Retrying in 5 seconds...
2025-10-26 23:19:19,241 - INFO - Initializing Chrome driver (attempt 3/3)...
2025-10-26 23:19:27,835 - INFO - patching driver executable C:\laragon\www\dapokalsel\sekolah\~\appdata\roaming\undetected_chromedriver\undetected_chromedriver.exe
2025-10-26 23:19:28,192 - ERROR - Attempt 3 failed: you cannot reuse the ChromeOptions object
2025-10-26 23:19:28,192 - ERROR - All attempts failed to setup driver
Traceback (most recent call last):
  File "C:\laragon\www\dapokalsel\sekolah\import_url_kabupaten.pyw", line 115, in setup_driver
    driver = uc.Chrome(
  File "C:\laragon\bin\python\python-3.10\lib\site-packages\undetected_chromedriver\__init__.py", line 269, in __init__
    raise RuntimeError("you cannot reuse the ChromeOptions object")
RuntimeError: you cannot reuse the ChromeOptions object
2025-10-26 23:19:28,263 - ERROR - Error on attempt 146: Failed to setup driver
Traceback (most recent call last):
  File "C:\laragon\www\dapokalsel\sekolah\import_url_kabupaten.pyw", line 435, in process_url_induk
    raise Exception("Failed to setup driver")
Exception: Failed to setup driver
2025-10-26 23:19:28,313 - INFO - Retry attempt 147/300...
2025-10-26 23:19:43,314 - INFO - Setting up Chrome driver...
2025-10-26 23:19:43,355 - INFO - Using profile directory: C:\Windows\Temp\chrome_scraper_profile
2025-10-26 23:19:43,355 - INFO - Initializing Chrome driver (attempt 1/3)...
2025-10-26 23:19:53,435 - ERROR - Attempt 1 failed: [WinError 183] Cannot create a file when that file already exists: 'C:\\laragon\\www\\dapokalsel\\sekolah\\~\\appdata\\roaming\\undetected_chromedriver\\undetected\\chromedriver-win32\\chromedriver.exe' -> 'C:\\laragon\\www\\dapokalsel\\sekolah\\~\\appdata\\roaming\\undetected_chromedriver\\undetected_chromedriver.exe'
2025-10-26 23:19:53,435 - INFO - Retrying in 5 seconds...
2025-10-26 23:19:58,436 - INFO - Initializing Chrome driver (attempt 2/3)...
2025-10-26 23:20:08,500 - ERROR - Attempt 2 failed: [WinError 145] The directory is not empty: 'C:\\laragon\\www\\dapokalsel\\sekolah\\~\\appdata\\roaming\\undetected_chromedriver\\undetected'
2025-10-26 23:20:08,501 - INFO - Retrying in 5 seconds...
2025-10-26 23:20:13,501 - INFO - Initializing Chrome driver (attempt 3/3)...
2025-10-26 23:20:23,882 - INFO - patching driver executable C:\laragon\www\dapokalsel\sekolah\~\appdata\roaming\undetected_chromedriver\undetected_chromedriver.exe
2025-10-26 23:20:24,802 - ERROR - Attempt 3 failed: Binary Location Must be a String
2025-10-26 23:20:24,802 - ERROR - All attempts failed to setup driver
Traceback (most recent call last):
  File "C:\laragon\www\dapokalsel\sekolah\import_url_kabupaten.pyw", line 115, in setup_driver
    driver = uc.Chrome(
  File "C:\laragon\bin\python\python-3.10\lib\site-packages\undetected_chromedriver\__init__.py", line 372, in __init__
    options.binary_location = (
  File "C:\laragon\bin\python\python-3.10\lib\site-packages\selenium\webdriver\chromium\options.py", line 52, in binary_location
    raise TypeError(self.BINARY_LOCATION_ERROR)
TypeError: Binary Location Must be a String
2025-10-26 23:20:25,282 - ERROR - Error on attempt 147: Failed to setup driver
Traceback (most recent call last):
  File "C:\laragon\www\dapokalsel\sekolah\import_url_kabupaten.pyw", line 435, in process_url_induk
    raise Exception("Failed to setup driver")
Exception: Failed to setup driver
2025-10-26 23:20:25,679 - INFO - Retry attempt 148/300...
2025-10-26 23:20:40,679 - INFO - Setting up Chrome driver...
2025-10-26 23:20:40,730 - INFO - Using profile directory: C:\Windows\Temp\chrome_scraper_profile
2025-10-26 23:20:40,730 - INFO - Initializing Chrome driver (attempt 1/3)...
2025-10-26 23:20:47,971 - ERROR - Attempt 1 failed: [WinError 183] Cannot create a file when that file already exists: 'C:\\laragon\\www\\dapokalsel\\sekolah\\~\\appdata\\roaming\\undetected_chromedriver\\undetected\\chromedriver-win32\\chromedriver.exe' -> 'C:\\laragon\\www\\dapokalsel\\sekolah\\~\\appdata\\roaming\\undetected_chromedriver\\undetected_chromedriver.exe'
2025-10-26 23:20:47,971 - INFO - Retrying in 5 seconds...
2025-10-26 23:20:52,971 - INFO - Initializing Chrome driver (attempt 2/3)...
2025-10-26 23:21:01,550 - ERROR - Attempt 2 failed: [WinError 183] Cannot create a file when that file already exists: 'C:\\laragon\\www\\dapokalsel\\sekolah\\~\\appdata\\roaming\\undetected_chromedriver\\undetected\\chromedriver-win32\\chromedriver.exe' -> 'C:\\laragon\\www\\dapokalsel\\sekolah\\~\\appdata\\roaming\\undetected_chromedriver\\undetected_chromedriver.exe'
2025-10-26 23:21:01,551 - INFO - Retrying in 5 seconds...
2025-10-26 23:21:06,551 - INFO - Initializing Chrome driver (attempt 3/3)...
2025-10-26 23:21:16,767 - INFO - patching driver executable C:\laragon\www\dapokalsel\sekolah\~\appdata\roaming\undetected_chromedriver\undetected_chromedriver.exe
2025-10-26 23:21:17,796 - ERROR - Attempt 3 failed: Binary Location Must be a String
2025-10-26 23:21:17,796 - ERROR - All attempts failed to setup driver
Traceback (most recent call last):
  File "C:\laragon\www\dapokalsel\sekolah\import_url_kabupaten.pyw", line 115, in setup_driver
    driver = uc.Chrome(
  File "C:\laragon\bin\python\python-3.10\lib\site-packages\undetected_chromedriver\__init__.py", line 372, in __init__
    options.binary_location = (
  File "C:\laragon\bin\python\python-3.10\lib\site-packages\selenium\webdriver\chromium\options.py", line 52, in binary_location
    raise TypeError(self.BINARY_LOCATION_ERROR)
TypeError: Binary Location Must be a String
2025-10-26 23:21:18,267 - ERROR - Error on attempt 148: Failed to setup driver
Traceback (most recent call last):
  File "C:\laragon\www\dapokalsel\sekolah\import_url_kabupaten.pyw", line 435, in process_url_induk
    raise Exception("Failed to setup driver")
Exception: Failed to setup driver
2025-10-26 23:21:18,361 - INFO - Retry attempt 149/300...
2025-10-26 23:21:33,361 - INFO - Setting up Chrome driver...
2025-10-26 23:21:33,463 - INFO - Using profile directory: C:\Windows\Temp\chrome_scraper_profile
2025-10-26 23:21:33,464 - INFO - Initializing Chrome driver (attempt 1/3)...
2025-10-26 23:21:42,996 - ERROR - Attempt 1 failed: [WinError 183] Cannot create a file when that file already exists: 'C:\\laragon\\www\\dapokalsel\\sekolah\\~\\appdata\\roaming\\undetected_chromedriver\\undetected\\chromedriver-win32\\chromedriver.exe' -> 'C:\\laragon\\www\\dapokalsel\\sekolah\\~\\appdata\\roaming\\undetected_chromedriver\\undetected_chromedriver.exe'
2025-10-26 23:21:42,997 - INFO - Retrying in 5 seconds...
2025-10-26 23:21:47,997 - INFO - Initializing Chrome driver (attempt 2/3)...
2025-10-26 23:21:57,467 - ERROR - Attempt 2 failed: [WinError 183] Cannot create a file when that file already exists: 'C:\\laragon\\www\\dapokalsel\\sekolah\\~\\appdata\\roaming\\undetected_chromedriver\\undetected\\chromedriver-win32\\chromedriver.exe' -> 'C:\\laragon\\www\\dapokalsel\\sekolah\\~\\appdata\\roaming\\undetected_chromedriver\\undetected_chromedriver.exe'
2025-10-26 23:21:57,467 - INFO - Retrying in 5 seconds...
2025-10-26 23:22:02,469 - INFO - Initializing Chrome driver (attempt 3/3)...
2025-10-26 23:22:16,109 - INFO - patching driver executable C:\laragon\www\dapokalsel\sekolah\~\appdata\roaming\undetected_chromedriver\undetected_chromedriver.exe
2025-10-26 23:22:16,251 - ERROR - Attempt 3 failed: Binary Location Must be a String
2025-10-26 23:22:16,251 - ERROR - All attempts failed to setup driver
Traceback (most recent call last):
  File "C:\laragon\www\dapokalsel\sekolah\import_url_kabupaten.pyw", line 115, in setup_driver
    driver = uc.Chrome(
  File "C:\laragon\bin\python\python-3.10\lib\site-packages\undetected_chromedriver\__init__.py", line 372, in __init__
    options.binary_location = (
  File "C:\laragon\bin\python\python-3.10\lib\site-packages\selenium\webdriver\chromium\options.py", line 52, in binary_location
    raise TypeError(self.BINARY_LOCATION_ERROR)
TypeError: Binary Location Must be a String
2025-10-26 23:22:16,253 - ERROR - Error on attempt 149: Failed to setup driver
Traceback (most recent call last):
  File "C:\laragon\www\dapokalsel\sekolah\import_url_kabupaten.pyw", line 435, in process_url_induk
    raise Exception("Failed to setup driver")
Exception: Failed to setup driver
2025-10-26 23:22:16,253 - INFO - Retry attempt 150/300...
2025-10-26 23:22:31,254 - INFO - Setting up Chrome driver...
2025-10-26 23:22:31,393 - INFO - Using profile directory: C:\Windows\Temp\chrome_scraper_profile
2025-10-26 23:22:31,394 - INFO - Initializing Chrome driver (attempt 1/3)...
2025-10-26 23:22:39,437 - INFO - patching driver executable C:\laragon\www\dapokalsel\sekolah\~\appdata\roaming\undetected_chromedriver\undetected_chromedriver.exe
2025-10-26 23:22:40,411 - ERROR - Attempt 1 failed: Binary Location Must be a String
2025-10-26 23:22:40,412 - INFO - Retrying in 5 seconds...
2025-10-26 23:22:45,412 - INFO - Initializing Chrome driver (attempt 2/3)...
2025-10-26 23:22:57,208 - INFO - patching driver executable C:\laragon\www\dapokalsel\sekolah\~\appdata\roaming\undetected_chromedriver\undetected_chromedriver.exe
2025-10-26 23:22:57,820 - ERROR - Attempt 2 failed: you cannot reuse the ChromeOptions object
2025-10-26 23:22:57,821 - INFO - Retrying in 5 seconds...
2025-10-26 23:23:02,822 - INFO - Initializing Chrome driver (attempt 3/3)...
2025-10-26 23:23:12,439 - ERROR - Attempt 3 failed: [WinError 183] Cannot create a file when that file already exists: 'C:\\laragon\\www\\dapokalsel\\sekolah\\~\\appdata\\roaming\\undetected_chromedriver\\undetected\\chromedriver-win32\\chromedriver.exe' -> 'C:\\laragon\\www\\dapokalsel\\sekolah\\~\\appdata\\roaming\\undetected_chromedriver\\undetected_chromedriver.exe'
2025-10-26 23:23:12,440 - ERROR - All attempts failed to setup driver
Traceback (most recent call last):
  File "C:\laragon\www\dapokalsel\sekolah\import_url_kabupaten.pyw", line 115, in setup_driver
    driver = uc.Chrome(
  File "C:\laragon\bin\python\python-3.10\lib\site-packages\undetected_chromedriver\__init__.py", line 258, in __init__
    self.patcher.auto()
  File "C:\laragon\bin\python\python-3.10\lib\site-packages\undetected_chromedriver\patcher.py", line 178, in auto
    self.unzip_package(self.fetch_package())
  File "C:\laragon\bin\python\python-3.10\lib\site-packages\undetected_chromedriver\patcher.py", line 310, in unzip_package
    os.rename(os.path.join(self.zip_path, exe_path), self.executable_path)
FileExistsError: [WinError 183] Cannot create a file when that file already exists: 'C:\\laragon\\www\\dapokalsel\\sekolah\\~\\appdata\\roaming\\undetected_chromedriver\\undetected\\chromedriver-win32\\chromedriver.exe' -> 'C:\\laragon\\www\\dapokalsel\\sekolah\\~\\appdata\\roaming\\undetected_chromedriver\\undetected_chromedriver.exe'
2025-10-26 23:23:12,659 - ERROR - Error on attempt 150: Failed to setup driver
Traceback (most recent call last):
  File "C:\laragon\www\dapokalsel\sekolah\import_url_kabupaten.pyw", line 435, in process_url_induk
    raise Exception("Failed to setup driver")
Exception: Failed to setup driver
2025-10-26 23:23:12,660 - INFO - Retry attempt 151/300...
2025-10-26 23:23:27,660 - INFO - Setting up Chrome driver...
2025-10-26 23:23:27,660 - INFO - Using profile directory: C:\Windows\Temp\chrome_scraper_profile
2025-10-26 23:23:27,660 - INFO - Initializing Chrome driver (attempt 1/3)...
2025-10-26 23:23:31,394 - INFO - patching driver executable C:\laragon\www\dapokalsel\sekolah\~\appdata\roaming\undetected_chromedriver\undetected_chromedriver.exe
2025-10-26 23:23:31,472 - ERROR - Attempt 1 failed: Binary Location Must be a String
2025-10-26 23:23:31,472 - INFO - Retrying in 5 seconds...
2025-10-26 23:23:36,473 - INFO - Initializing Chrome driver (attempt 2/3)...
2025-10-26 23:23:39,335 - INFO - patching driver executable C:\laragon\www\dapokalsel\sekolah\~\appdata\roaming\undetected_chromedriver\undetected_chromedriver.exe
2025-10-26 23:23:39,412 - ERROR - Attempt 2 failed: you cannot reuse the ChromeOptions object
2025-10-26 23:23:39,412 - INFO - Retrying in 5 seconds...
2025-10-26 23:23:44,413 - INFO - Initializing Chrome driver (attempt 3/3)...
2025-10-26 23:23:47,472 - INFO - patching driver executable C:\laragon\www\dapokalsel\sekolah\~\appdata\roaming\undetected_chromedriver\undetected_chromedriver.exe
2025-10-26 23:23:47,559 - ERROR - Attempt 3 failed: you cannot reuse the ChromeOptions object
2025-10-26 23:23:47,559 - ERROR - All attempts failed to setup driver
Traceback (most recent call last):
  File "C:\laragon\www\dapokalsel\sekolah\import_url_kabupaten.pyw", line 115, in setup_driver
    driver = uc.Chrome(
  File "C:\laragon\bin\python\python-3.10\lib\site-packages\undetected_chromedriver\__init__.py", line 269, in __init__
    raise RuntimeError("you cannot reuse the ChromeOptions object")
RuntimeError: you cannot reuse the ChromeOptions object
2025-10-26 23:23:47,560 - ERROR - Error on attempt 151: Failed to setup driver
Traceback (most recent call last):
  File "C:\laragon\www\dapokalsel\sekolah\import_url_kabupaten.pyw", line 435, in process_url_induk
    raise Exception("Failed to setup driver")
Exception: Failed to setup driver
2025-10-26 23:23:47,560 - INFO - Retry attempt 152/300...
2025-10-26 23:24:02,561 - INFO - Setting up Chrome driver...
2025-10-26 23:24:02,562 - INFO - Using profile directory: C:\Windows\Temp\chrome_scraper_profile
2025-10-26 23:24:02,562 - INFO - Initializing Chrome driver (attempt 1/3)...
2025-10-26 23:24:05,467 - INFO - patching driver executable C:\laragon\www\dapokalsel\sekolah\~\appdata\roaming\undetected_chromedriver\undetected_chromedriver.exe
2025-10-26 23:24:05,541 - ERROR - Attempt 1 failed: Binary Location Must be a String
2025-10-26 23:24:05,541 - INFO - Retrying in 5 seconds...
2025-10-26 23:24:10,541 - INFO - Initializing Chrome driver (attempt 2/3)...
2025-10-26 23:24:13,462 - INFO - patching driver executable C:\laragon\www\dapokalsel\sekolah\~\appdata\roaming\undetected_chromedriver\undetected_chromedriver.exe
2025-10-26 23:24:13,536 - ERROR - Attempt 2 failed: you cannot reuse the ChromeOptions object
2025-10-26 23:24:13,536 - INFO - Retrying in 5 seconds...
2025-10-26 23:24:18,536 - INFO - Initializing Chrome driver (attempt 3/3)...
2025-10-26 23:24:22,955 - INFO - patching driver executable C:\laragon\www\dapokalsel\sekolah\~\appdata\roaming\undetected_chromedriver\undetected_chromedriver.exe
2025-10-26 23:24:23,076 - ERROR - Attempt 3 failed: you cannot reuse the ChromeOptions object
2025-10-26 23:24:23,076 - ERROR - All attempts failed to setup driver
Traceback (most recent call last):
  File "C:\laragon\www\dapokalsel\sekolah\import_url_kabupaten.pyw", line 115, in setup_driver
    driver = uc.Chrome(
  File "C:\laragon\bin\python\python-3.10\lib\site-packages\undetected_chromedriver\__init__.py", line 269, in __init__
    raise RuntimeError("you cannot reuse the ChromeOptions object")
RuntimeError: you cannot reuse the ChromeOptions object
2025-10-26 23:24:23,077 - ERROR - Error on attempt 152: Failed to setup driver
Traceback (most recent call last):
  File "C:\laragon\www\dapokalsel\sekolah\import_url_kabupaten.pyw", line 435, in process_url_induk
    raise Exception("Failed to setup driver")
Exception: Failed to setup driver
2025-10-26 23:24:23,077 - INFO - Retry attempt 153/300...
2025-10-26 23:24:38,077 - INFO - Setting up Chrome driver...
2025-10-26 23:24:38,077 - INFO - Using profile directory: C:\Windows\Temp\chrome_scraper_profile
2025-10-26 23:24:38,077 - INFO - Initializing Chrome driver (attempt 1/3)...
2025-10-26 23:24:42,838 - INFO - patching driver executable C:\laragon\www\dapokalsel\sekolah\~\appdata\roaming\undetected_chromedriver\undetected_chromedriver.exe
2025-10-26 23:24:42,916 - ERROR - Attempt 1 failed: Binary Location Must be a String
2025-10-26 23:24:42,916 - INFO - Retrying in 5 seconds...
2025-10-26 23:24:47,917 - INFO - Initializing Chrome driver (attempt 2/3)...
2025-10-26 23:24:52,173 - INFO - patching driver executable C:\laragon\www\dapokalsel\sekolah\~\appdata\roaming\undetected_chromedriver\undetected_chromedriver.exe
2025-10-26 23:24:52,248 - ERROR - Attempt 2 failed: you cannot reuse the ChromeOptions object
2025-10-26 23:24:52,248 - INFO - Retrying in 5 seconds...
2025-10-26 23:24:57,249 - INFO - Initializing Chrome driver (attempt 3/3)...
2025-10-26 23:25:00,293 - INFO - patching driver executable C:\laragon\www\dapokalsel\sekolah\~\appdata\roaming\undetected_chromedriver\undetected_chromedriver.exe
2025-10-26 23:25:00,365 - ERROR - Attempt 3 failed: you cannot reuse the ChromeOptions object
2025-10-26 23:25:00,365 - ERROR - All attempts failed to setup driver
Traceback (most recent call last):
  File "C:\laragon\www\dapokalsel\sekolah\import_url_kabupaten.pyw", line 115, in setup_driver
    driver = uc.Chrome(
  File "C:\laragon\bin\python\python-3.10\lib\site-packages\undetected_chromedriver\__init__.py", line 269, in __init__
    raise RuntimeError("you cannot reuse the ChromeOptions object")
RuntimeError: you cannot reuse the ChromeOptions object
2025-10-26 23:25:00,365 - ERROR - Error on attempt 153: Failed to setup driver
Traceback (most recent call last):
  File "C:\laragon\www\dapokalsel\sekolah\import_url_kabupaten.pyw", line 435, in process_url_induk
    raise Exception("Failed to setup driver")
Exception: Failed to setup driver
2025-10-26 23:25:00,366 - INFO - Retry attempt 154/300...
2025-10-26 23:25:15,366 - INFO - Setting up Chrome driver...
2025-10-26 23:25:15,367 - INFO - Using profile directory: C:\Windows\Temp\chrome_scraper_profile
2025-10-26 23:25:15,368 - INFO - Initializing Chrome driver (attempt 1/3)...
2025-10-26 23:25:22,835 - INFO - patching driver executable C:\laragon\www\dapokalsel\sekolah\~\appdata\roaming\undetected_chromedriver\undetected_chromedriver.exe
2025-10-26 23:25:22,933 - ERROR - Attempt 1 failed: Binary Location Must be a String
2025-10-26 23:25:22,933 - INFO - Retrying in 5 seconds...
2025-10-26 23:25:27,934 - INFO - Initializing Chrome driver (attempt 2/3)...
2025-10-26 23:25:31,175 - INFO - patching driver executable C:\laragon\www\dapokalsel\sekolah\~\appdata\roaming\undetected_chromedriver\undetected_chromedriver.exe
2025-10-26 23:25:31,255 - ERROR - Attempt 2 failed: you cannot reuse the ChromeOptions object
2025-10-26 23:25:31,255 - INFO - Retrying in 5 seconds...
2025-10-26 23:25:36,256 - INFO - Initializing Chrome driver (attempt 3/3)...
2025-10-26 23:25:39,132 - INFO - patching driver executable C:\laragon\www\dapokalsel\sekolah\~\appdata\roaming\undetected_chromedriver\undetected_chromedriver.exe
2025-10-26 23:25:39,205 - ERROR - Attempt 3 failed: you cannot reuse the ChromeOptions object
2025-10-26 23:25:39,205 - ERROR - All attempts failed to setup driver
Traceback (most recent call last):
  File "C:\laragon\www\dapokalsel\sekolah\import_url_kabupaten.pyw", line 115, in setup_driver
    driver = uc.Chrome(
  File "C:\laragon\bin\python\python-3.10\lib\site-packages\undetected_chromedriver\__init__.py", line 269, in __init__
    raise RuntimeError("you cannot reuse the ChromeOptions object")
RuntimeError: you cannot reuse the ChromeOptions object
2025-10-26 23:25:39,206 - ERROR - Error on attempt 154: Failed to setup driver
Traceback (most recent call last):
  File "C:\laragon\www\dapokalsel\sekolah\import_url_kabupaten.pyw", line 435, in process_url_induk
    raise Exception("Failed to setup driver")
Exception: Failed to setup driver
2025-10-26 23:25:39,206 - INFO - Retry attempt 155/300...
2025-10-26 23:25:54,207 - INFO - Setting up Chrome driver...
2025-10-26 23:25:54,208 - INFO - Using profile directory: C:\Windows\Temp\chrome_scraper_profile
2025-10-26 23:25:54,209 - INFO - Initializing Chrome driver (attempt 1/3)...
2025-10-26 23:25:57,214 - INFO - patching driver executable C:\laragon\www\dapokalsel\sekolah\~\appdata\roaming\undetected_chromedriver\undetected_chromedriver.exe
2025-10-26 23:25:57,287 - ERROR - Attempt 1 failed: Binary Location Must be a String
2025-10-26 23:25:57,287 - INFO - Retrying in 5 seconds...
2025-10-26 23:26:02,287 - INFO - Initializing Chrome driver (attempt 2/3)...
2025-10-26 23:26:05,245 - INFO - patching driver executable C:\laragon\www\dapokalsel\sekolah\~\appdata\roaming\undetected_chromedriver\undetected_chromedriver.exe
2025-10-26 23:26:05,324 - ERROR - Attempt 2 failed: you cannot reuse the ChromeOptions object
2025-10-26 23:26:05,324 - INFO - Retrying in 5 seconds...
2025-10-26 23:26:10,326 - INFO - Initializing Chrome driver (attempt 3/3)...
2025-10-26 23:26:13,975 - INFO - patching driver executable C:\laragon\www\dapokalsel\sekolah\~\appdata\roaming\undetected_chromedriver\undetected_chromedriver.exe
2025-10-26 23:26:14,050 - ERROR - Attempt 3 failed: you cannot reuse the ChromeOptions object
2025-10-26 23:26:14,050 - ERROR - All attempts failed to setup driver
Traceback (most recent call last):
  File "C:\laragon\www\dapokalsel\sekolah\import_url_kabupaten.pyw", line 115, in setup_driver
    driver = uc.Chrome(
  File "C:\laragon\bin\python\python-3.10\lib\site-packages\undetected_chromedriver\__init__.py", line 269, in __init__
    raise RuntimeError("you cannot reuse the ChromeOptions object")
RuntimeError: you cannot reuse the ChromeOptions object
2025-10-26 23:26:14,051 - ERROR - Error on attempt 155: Failed to setup driver
Traceback (most recent call last):
  File "C:\laragon\www\dapokalsel\sekolah\import_url_kabupaten.pyw", line 435, in process_url_induk
    raise Exception("Failed to setup driver")
Exception: Failed to setup driver
2025-10-26 23:26:14,051 - INFO - Retry attempt 156/300...
2025-10-26 23:26:29,051 - INFO - Setting up Chrome driver...
2025-10-26 23:26:29,052 - INFO - Using profile directory: C:\Windows\Temp\chrome_scraper_profile
2025-10-26 23:26:29,053 - INFO - Initializing Chrome driver (attempt 1/3)...
2025-10-26 23:26:33,182 - INFO - patching driver executable C:\laragon\www\dapokalsel\sekolah\~\appdata\roaming\undetected_chromedriver\undetected_chromedriver.exe
2025-10-26 23:26:33,259 - ERROR - Attempt 1 failed: Binary Location Must be a String
2025-10-26 23:26:33,259 - INFO - Retrying in 5 seconds...
2025-10-26 23:26:38,259 - INFO - Initializing Chrome driver (attempt 2/3)...
2025-10-26 23:26:41,481 - INFO - patching driver executable C:\laragon\www\dapokalsel\sekolah\~\appdata\roaming\undetected_chromedriver\undetected_chromedriver.exe
2025-10-26 23:26:41,558 - ERROR - Attempt 2 failed: you cannot reuse the ChromeOptions object
2025-10-26 23:26:41,558 - INFO - Retrying in 5 seconds...
2025-10-26 23:26:46,559 - INFO - Initializing Chrome driver (attempt 3/3)...
2025-10-26 23:26:49,495 - INFO - patching driver executable C:\laragon\www\dapokalsel\sekolah\~\appdata\roaming\undetected_chromedriver\undetected_chromedriver.exe
2025-10-26 23:26:49,568 - ERROR - Attempt 3 failed: you cannot reuse the ChromeOptions object
2025-10-26 23:26:49,568 - ERROR - All attempts failed to setup driver
Traceback (most recent call last):
  File "C:\laragon\www\dapokalsel\sekolah\import_url_kabupaten.pyw", line 115, in setup_driver
    driver = uc.Chrome(
  File "C:\laragon\bin\python\python-3.10\lib\site-packages\undetected_chromedriver\__init__.py", line 269, in __init__
    raise RuntimeError("you cannot reuse the ChromeOptions object")
RuntimeError: you cannot reuse the ChromeOptions object
2025-10-26 23:26:49,569 - ERROR - Error on attempt 156: Failed to setup driver
Traceback (most recent call last):
  File "C:\laragon\www\dapokalsel\sekolah\import_url_kabupaten.pyw", line 435, in process_url_induk
    raise Exception("Failed to setup driver")
Exception: Failed to setup driver
2025-10-26 23:26:49,569 - INFO - Retry attempt 157/300...
2025-10-26 23:27:04,569 - INFO - Setting up Chrome driver...
2025-10-26 23:27:04,570 - INFO - Using profile directory: C:\Windows\Temp\chrome_scraper_profile
2025-10-26 23:27:04,571 - INFO - Initializing Chrome driver (attempt 1/3)...
2025-10-26 23:27:07,488 - INFO - patching driver executable C:\laragon\www\dapokalsel\sekolah\~\appdata\roaming\undetected_chromedriver\undetected_chromedriver.exe
2025-10-26 23:27:07,564 - ERROR - Attempt 1 failed: Binary Location Must be a String
2025-10-26 23:27:07,564 - INFO - Retrying in 5 seconds...
2025-10-26 23:27:12,565 - INFO - Initializing Chrome driver (attempt 2/3)...
2025-10-26 23:27:15,800 - INFO - patching driver executable C:\laragon\www\dapokalsel\sekolah\~\appdata\roaming\undetected_chromedriver\undetected_chromedriver.exe
2025-10-26 23:27:15,880 - ERROR - Attempt 2 failed: you cannot reuse the ChromeOptions object
2025-10-26 23:27:15,880 - INFO - Retrying in 5 seconds...
2025-10-26 23:27:20,880 - INFO - Initializing Chrome driver (attempt 3/3)...
2025-10-26 23:27:25,856 - ERROR - Attempt 3 failed: [WinError 183] Cannot create a file when that file already exists: 'C:\\laragon\\www\\dapokalsel\\sekolah\\~\\appdata\\roaming\\undetected_chromedriver\\undetected\\chromedriver-win32\\chromedriver.exe' -> 'C:\\laragon\\www\\dapokalsel\\sekolah\\~\\appdata\\roaming\\undetected_chromedriver\\undetected_chromedriver.exe'
2025-10-26 23:27:25,857 - ERROR - All attempts failed to setup driver
Traceback (most recent call last):
  File "C:\laragon\www\dapokalsel\sekolah\import_url_kabupaten.pyw", line 115, in setup_driver
    driver = uc.Chrome(
  File "C:\laragon\bin\python\python-3.10\lib\site-packages\undetected_chromedriver\__init__.py", line 258, in __init__
    self.patcher.auto()
  File "C:\laragon\bin\python\python-3.10\lib\site-packages\undetected_chromedriver\patcher.py", line 178, in auto
    self.unzip_package(self.fetch_package())
  File "C:\laragon\bin\python\python-3.10\lib\site-packages\undetected_chromedriver\patcher.py", line 310, in unzip_package
    os.rename(os.path.join(self.zip_path, exe_path), self.executable_path)
FileExistsError: [WinError 183] Cannot create a file when that file already exists: 'C:\\laragon\\www\\dapokalsel\\sekolah\\~\\appdata\\roaming\\undetected_chromedriver\\undetected\\chromedriver-win32\\chromedriver.exe' -> 'C:\\laragon\\www\\dapokalsel\\sekolah\\~\\appdata\\roaming\\undetected_chromedriver\\undetected_chromedriver.exe'
2025-10-26 23:27:25,857 - ERROR - Error on attempt 157: Failed to setup driver
Traceback (most recent call last):
  File "C:\laragon\www\dapokalsel\sekolah\import_url_kabupaten.pyw", line 435, in process_url_induk
    raise Exception("Failed to setup driver")
Exception: Failed to setup driver
2025-10-26 23:27:25,857 - INFO - Retry attempt 158/300...
2025-10-26 23:27:40,859 - INFO - Setting up Chrome driver...
2025-10-26 23:27:40,859 - INFO - Using profile directory: C:\Windows\Temp\chrome_scraper_profile
2025-10-26 23:27:40,859 - INFO - Initializing Chrome driver (attempt 1/3)...
2025-10-26 23:27:44,521 - INFO - patching driver executable C:\laragon\www\dapokalsel\sekolah\~\appdata\roaming\undetected_chromedriver\undetected_chromedriver.exe
2025-10-26 23:27:44,597 - ERROR - Attempt 1 failed: Binary Location Must be a String
2025-10-26 23:27:44,597 - INFO - Retrying in 5 seconds...
2025-10-26 23:27:49,598 - INFO - Initializing Chrome driver (attempt 2/3)...
2025-10-26 23:27:53,405 - INFO - patching driver executable C:\laragon\www\dapokalsel\sekolah\~\appdata\roaming\undetected_chromedriver\undetected_chromedriver.exe
2025-10-26 23:27:53,487 - ERROR - Attempt 2 failed: you cannot reuse the ChromeOptions object
2025-10-26 23:27:53,488 - INFO - Retrying in 5 seconds...
2025-10-26 23:27:58,488 - INFO - Initializing Chrome driver (attempt 3/3)...
2025-10-26 23:28:02,096 - INFO - patching driver executable C:\laragon\www\dapokalsel\sekolah\~\appdata\roaming\undetected_chromedriver\undetected_chromedriver.exe
2025-10-26 23:28:02,174 - ERROR - Attempt 3 failed: you cannot reuse the ChromeOptions object
2025-10-26 23:28:02,174 - ERROR - All attempts failed to setup driver
Traceback (most recent call last):
  File "C:\laragon\www\dapokalsel\sekolah\import_url_kabupaten.pyw", line 115, in setup_driver
    driver = uc.Chrome(
  File "C:\laragon\bin\python\python-3.10\lib\site-packages\undetected_chromedriver\__init__.py", line 269, in __init__
    raise RuntimeError("you cannot reuse the ChromeOptions object")
RuntimeError: you cannot reuse the ChromeOptions object
2025-10-26 23:28:02,174 - ERROR - Error on attempt 158: Failed to setup driver
Traceback (most recent call last):
  File "C:\laragon\www\dapokalsel\sekolah\import_url_kabupaten.pyw", line 435, in process_url_induk
    raise Exception("Failed to setup driver")
Exception: Failed to setup driver
2025-10-26 23:28:02,174 - INFO - Retry attempt 159/300...
2025-10-26 23:28:17,175 - INFO - Setting up Chrome driver...
2025-10-26 23:28:17,175 - INFO - Using profile directory: C:\Windows\Temp\chrome_scraper_profile
2025-10-26 23:28:17,175 - INFO - Initializing Chrome driver (attempt 1/3)...
2025-10-26 23:28:20,645 - INFO - patching driver executable C:\laragon\www\dapokalsel\sekolah\~\appdata\roaming\undetected_chromedriver\undetected_chromedriver.exe
2025-10-26 23:28:20,746 - ERROR - Attempt 1 failed: Binary Location Must be a String
2025-10-26 23:28:20,746 - INFO - Retrying in 5 seconds...
2025-10-26 23:28:25,747 - INFO - Initializing Chrome driver (attempt 2/3)...
2025-10-26 23:28:29,207 - INFO - patching driver executable C:\laragon\www\dapokalsel\sekolah\~\appdata\roaming\undetected_chromedriver\undetected_chromedriver.exe
2025-10-26 23:28:29,329 - ERROR - Attempt 2 failed: you cannot reuse the ChromeOptions object
2025-10-26 23:28:29,329 - INFO - Retrying in 5 seconds...
2025-10-26 23:28:34,329 - INFO - Initializing Chrome driver (attempt 3/3)...
2025-10-26 23:28:37,832 - ERROR - Attempt 3 failed: [WinError 183] Cannot create a file when that file already exists: 'C:\\laragon\\www\\dapokalsel\\sekolah\\~\\appdata\\roaming\\undetected_chromedriver\\undetected\\chromedriver-win32\\chromedriver.exe' -> 'C:\\laragon\\www\\dapokalsel\\sekolah\\~\\appdata\\roaming\\undetected_chromedriver\\undetected_chromedriver.exe'
2025-10-26 23:28:37,833 - ERROR - All attempts failed to setup driver
Traceback (most recent call last):
  File "C:\laragon\www\dapokalsel\sekolah\import_url_kabupaten.pyw", line 115, in setup_driver
    driver = uc.Chrome(
  File "C:\laragon\bin\python\python-3.10\lib\site-packages\undetected_chromedriver\__init__.py", line 258, in __init__
    self.patcher.auto()
  File "C:\laragon\bin\python\python-3.10\lib\site-packages\undetected_chromedriver\patcher.py", line 178, in auto
    self.unzip_package(self.fetch_package())
  File "C:\laragon\bin\python\python-3.10\lib\site-packages\undetected_chromedriver\patcher.py", line 310, in unzip_package
    os.rename(os.path.join(self.zip_path, exe_path), self.executable_path)
FileExistsError: [WinError 183] Cannot create a file when that file already exists: 'C:\\laragon\\www\\dapokalsel\\sekolah\\~\\appdata\\roaming\\undetected_chromedriver\\undetected\\chromedriver-win32\\chromedriver.exe' -> 'C:\\laragon\\www\\dapokalsel\\sekolah\\~\\appdata\\roaming\\undetected_chromedriver\\undetected_chromedriver.exe'
2025-10-26 23:28:37,834 - ERROR - Error on attempt 159: Failed to setup driver
Traceback (most recent call last):
  File "C:\laragon\www\dapokalsel\sekolah\import_url_kabupaten.pyw", line 435, in process_url_induk
    raise Exception("Failed to setup driver")
Exception: Failed to setup driver
2025-10-26 23:28:37,834 - INFO - Retry attempt 160/300...
2025-10-26 23:28:52,835 - INFO - Setting up Chrome driver...
2025-10-26 23:28:52,835 - INFO - Using profile directory: C:\Windows\Temp\chrome_scraper_profile
2025-10-26 23:28:52,835 - INFO - Initializing Chrome driver (attempt 1/3)...
2025-10-26 23:28:55,833 - INFO - patching driver executable C:\laragon\www\dapokalsel\sekolah\~\appdata\roaming\undetected_chromedriver\undetected_chromedriver.exe
2025-10-26 23:28:55,912 - ERROR - Attempt 1 failed: Binary Location Must be a String
2025-10-26 23:28:55,913 - INFO - Retrying in 5 seconds...
2025-10-26 23:29:00,913 - INFO - Initializing Chrome driver (attempt 2/3)...
2025-10-26 23:29:04,007 - INFO - patching driver executable C:\laragon\www\dapokalsel\sekolah\~\appdata\roaming\undetected_chromedriver\undetected_chromedriver.exe
2025-10-26 23:29:04,154 - ERROR - Attempt 2 failed: you cannot reuse the ChromeOptions object
2025-10-26 23:29:04,155 - INFO - Retrying in 5 seconds...
2025-10-26 23:29:09,155 - INFO - Initializing Chrome driver (attempt 3/3)...
2025-10-26 23:29:13,593 - ERROR - Attempt 3 failed: [WinError 183] Cannot create a file when that file already exists: 'C:\\laragon\\www\\dapokalsel\\sekolah\\~\\appdata\\roaming\\undetected_chromedriver\\undetected\\chromedriver-win32\\chromedriver.exe' -> 'C:\\laragon\\www\\dapokalsel\\sekolah\\~\\appdata\\roaming\\undetected_chromedriver\\undetected_chromedriver.exe'
2025-10-26 23:29:13,593 - ERROR - All attempts failed to setup driver
Traceback (most recent call last):
  File "C:\laragon\www\dapokalsel\sekolah\import_url_kabupaten.pyw", line 115, in setup_driver
    driver = uc.Chrome(
  File "C:\laragon\bin\python\python-3.10\lib\site-packages\undetected_chromedriver\__init__.py", line 258, in __init__
    self.patcher.auto()
  File "C:\laragon\bin\python\python-3.10\lib\site-packages\undetected_chromedriver\patcher.py", line 178, in auto
    self.unzip_package(self.fetch_package())
  File "C:\laragon\bin\python\python-3.10\lib\site-packages\undetected_chromedriver\patcher.py", line 310, in unzip_package
    os.rename(os.path.join(self.zip_path, exe_path), self.executable_path)
FileExistsError: [WinError 183] Cannot create a file when that file already exists: 'C:\\laragon\\www\\dapokalsel\\sekolah\\~\\appdata\\roaming\\undetected_chromedriver\\undetected\\chromedriver-win32\\chromedriver.exe' -> 'C:\\laragon\\www\\dapokalsel\\sekolah\\~\\appdata\\roaming\\undetected_chromedriver\\undetected_chromedriver.exe'
2025-10-26 23:29:13,594 - ERROR - Error on attempt 160: Failed to setup driver
Traceback (most recent call last):
  File "C:\laragon\www\dapokalsel\sekolah\import_url_kabupaten.pyw", line 435, in process_url_induk
    raise Exception("Failed to setup driver")
Exception: Failed to setup driver
2025-10-26 23:29:13,594 - INFO - Retry attempt 161/300...
2025-10-26 23:29:28,594 - INFO - Setting up Chrome driver...
2025-10-26 23:29:28,594 - INFO - Using profile directory: C:\Windows\Temp\chrome_scraper_profile
2025-10-26 23:29:28,594 - INFO - Initializing Chrome driver (attempt 1/3)...
2025-10-26 23:29:31,527 - INFO - patching driver executable C:\laragon\www\dapokalsel\sekolah\~\appdata\roaming\undetected_chromedriver\undetected_chromedriver.exe
2025-10-26 23:29:31,613 - ERROR - Attempt 1 failed: Binary Location Must be a String
2025-10-26 23:29:31,613 - INFO - Retrying in 5 seconds...
2025-10-26 23:29:36,614 - INFO - Initializing Chrome driver (attempt 2/3)...
2025-10-26 23:29:39,552 - INFO - patching driver executable C:\laragon\www\dapokalsel\sekolah\~\appdata\roaming\undetected_chromedriver\undetected_chromedriver.exe
2025-10-26 23:29:39,649 - ERROR - Attempt 2 failed: you cannot reuse the ChromeOptions object
2025-10-26 23:29:39,649 - INFO - Retrying in 5 seconds...
2025-10-26 23:29:44,649 - INFO - Initializing Chrome driver (attempt 3/3)...
2025-10-26 23:29:50,728 - ERROR - Attempt 3 failed: [WinError 183] Cannot create a file when that file already exists: 'C:\\laragon\\www\\dapokalsel\\sekolah\\~\\appdata\\roaming\\undetected_chromedriver\\undetected\\chromedriver-win32\\chromedriver.exe' -> 'C:\\laragon\\www\\dapokalsel\\sekolah\\~\\appdata\\roaming\\undetected_chromedriver\\undetected_chromedriver.exe'
2025-10-26 23:29:50,729 - ERROR - All attempts failed to setup driver
Traceback (most recent call last):
  File "C:\laragon\www\dapokalsel\sekolah\import_url_kabupaten.pyw", line 115, in setup_driver
    driver = uc.Chrome(
  File "C:\laragon\bin\python\python-3.10\lib\site-packages\undetected_chromedriver\__init__.py", line 258, in __init__
    self.patcher.auto()
  File "C:\laragon\bin\python\python-3.10\lib\site-packages\undetected_chromedriver\patcher.py", line 178, in auto
    self.unzip_package(self.fetch_package())
  File "C:\laragon\bin\python\python-3.10\lib\site-packages\undetected_chromedriver\patcher.py", line 310, in unzip_package
    os.rename(os.path.join(self.zip_path, exe_path), self.executable_path)
FileExistsError: [WinError 183] Cannot create a file when that file already exists: 'C:\\laragon\\www\\dapokalsel\\sekolah\\~\\appdata\\roaming\\undetected_chromedriver\\undetected\\chromedriver-win32\\chromedriver.exe' -> 'C:\\laragon\\www\\dapokalsel\\sekolah\\~\\appdata\\roaming\\undetected_chromedriver\\undetected_chromedriver.exe'
2025-10-26 23:29:50,729 - ERROR - Error on attempt 161: Failed to setup driver
Traceback (most recent call last):
  File "C:\laragon\www\dapokalsel\sekolah\import_url_kabupaten.pyw", line 435, in process_url_induk
    raise Exception("Failed to setup driver")
Exception: Failed to setup driver
2025-10-26 23:29:50,729 - INFO - Retry attempt 162/300...
2025-10-26 23:30:05,730 - INFO - Setting up Chrome driver...
2025-10-26 23:30:05,731 - INFO - Using profile directory: C:\Windows\Temp\chrome_scraper_profile
2025-10-26 23:30:05,731 - INFO - Initializing Chrome driver (attempt 1/3)...
2025-10-26 23:30:09,320 - INFO - patching driver executable C:\laragon\www\dapokalsel\sekolah\~\appdata\roaming\undetected_chromedriver\undetected_chromedriver.exe
2025-10-26 23:30:09,415 - ERROR - Attempt 1 failed: Binary Location Must be a String
2025-10-26 23:30:09,415 - INFO - Retrying in 5 seconds...
2025-10-26 23:30:14,416 - INFO - Initializing Chrome driver (attempt 2/3)...
2025-10-26 23:30:19,447 - INFO - patching driver executable C:\laragon\www\dapokalsel\sekolah\~\appdata\roaming\undetected_chromedriver\undetected_chromedriver.exe
2025-10-26 23:30:19,517 - ERROR - Attempt 2 failed: [Errno 2] No such file or directory: 'C:\\laragon\\www\\dapokalsel\\sekolah\\~\\appdata\\roaming\\undetected_chromedriver\\undetected_chromedriver.exe'
2025-10-26 23:30:19,518 - INFO - Retrying in 5 seconds...
2025-10-26 23:30:24,519 - INFO - Initializing Chrome driver (attempt 3/3)...
2025-10-26 23:30:33,259 - INFO - patching driver executable C:\laragon\www\dapokalsel\sekolah\~\appdata\roaming\undetected_chromedriver\undetected_chromedriver.exe
2025-10-26 23:30:33,948 - ERROR - Attempt 3 failed: you cannot reuse the ChromeOptions object
2025-10-26 23:30:33,948 - ERROR - All attempts failed to setup driver
Traceback (most recent call last):
  File "C:\laragon\www\dapokalsel\sekolah\import_url_kabupaten.pyw", line 115, in setup_driver
    driver = uc.Chrome(
  File "C:\laragon\bin\python\python-3.10\lib\site-packages\undetected_chromedriver\__init__.py", line 269, in __init__
    raise RuntimeError("you cannot reuse the ChromeOptions object")
RuntimeError: you cannot reuse the ChromeOptions object
2025-10-26 23:30:34,241 - ERROR - Error on attempt 162: Failed to setup driver
Traceback (most recent call last):
  File "C:\laragon\www\dapokalsel\sekolah\import_url_kabupaten.pyw", line 435, in process_url_induk
    raise Exception("Failed to setup driver")
Exception: Failed to setup driver
2025-10-26 23:30:34,346 - INFO - Retry attempt 163/300...
2025-10-26 23:30:49,348 - INFO - Setting up Chrome driver...
2025-10-26 23:30:49,422 - INFO - Using profile directory: C:\Windows\Temp\chrome_scraper_profile
2025-10-26 23:30:49,423 - INFO - Initializing Chrome driver (attempt 1/3)...
2025-10-26 23:30:54,647 - ERROR - Attempt 1 failed: [WinError 183] Cannot create a file when that file already exists: 'C:\\laragon\\www\\dapokalsel\\sekolah\\~\\appdata\\roaming\\undetected_chromedriver\\undetected\\chromedriver-win32\\chromedriver.exe' -> 'C:\\laragon\\www\\dapokalsel\\sekolah\\~\\appdata\\roaming\\undetected_chromedriver\\undetected_chromedriver.exe'
2025-10-26 23:30:54,647 - INFO - Retrying in 5 seconds...
2025-10-26 23:30:59,647 - INFO - Initializing Chrome driver (attempt 2/3)...
2025-10-26 23:31:08,614 - ERROR - Attempt 2 failed: [WinError 2] The system cannot find the file specified: 'C:\\laragon\\www\\dapokalsel\\sekolah\\~\\appdata\\roaming\\undetected_chromedriver\\undetected_chromedriver.exe'
2025-10-26 23:31:08,614 - INFO - Retrying in 5 seconds...
2025-10-26 23:31:13,616 - INFO - Initializing Chrome driver (attempt 3/3)...
2025-10-26 23:31:20,461 - ERROR - Attempt 3 failed: [WinError 183] Cannot create a file when that file already exists: 'C:\\laragon\\www\\dapokalsel\\sekolah\\~\\appdata\\roaming\\undetected_chromedriver\\undetected\\chromedriver-win32\\chromedriver.exe' -> 'C:\\laragon\\www\\dapokalsel\\sekolah\\~\\appdata\\roaming\\undetected_chromedriver\\undetected_chromedriver.exe'
2025-10-26 23:31:20,462 - ERROR - All attempts failed to setup driver
Traceback (most recent call last):
  File "C:\laragon\www\dapokalsel\sekolah\import_url_kabupaten.pyw", line 115, in setup_driver
    driver = uc.Chrome(
  File "C:\laragon\bin\python\python-3.10\lib\site-packages\undetected_chromedriver\__init__.py", line 258, in __init__
    self.patcher.auto()
  File "C:\laragon\bin\python\python-3.10\lib\site-packages\undetected_chromedriver\patcher.py", line 178, in auto
    self.unzip_package(self.fetch_package())
  File "C:\laragon\bin\python\python-3.10\lib\site-packages\undetected_chromedriver\patcher.py", line 310, in unzip_package
    os.rename(os.path.join(self.zip_path, exe_path), self.executable_path)
FileExistsError: [WinError 183] Cannot create a file when that file already exists: 'C:\\laragon\\www\\dapokalsel\\sekolah\\~\\appdata\\roaming\\undetected_chromedriver\\undetected\\chromedriver-win32\\chromedriver.exe' -> 'C:\\laragon\\www\\dapokalsel\\sekolah\\~\\appdata\\roaming\\undetected_chromedriver\\undetected_chromedriver.exe'
2025-10-26 23:31:20,737 - ERROR - Error on attempt 163: Failed to setup driver
Traceback (most recent call last):
  File "C:\laragon\www\dapokalsel\sekolah\import_url_kabupaten.pyw", line 435, in process_url_induk
    raise Exception("Failed to setup driver")
Exception: Failed to setup driver
2025-10-26 23:31:20,805 - INFO - Retry attempt 164/300...
2025-10-26 23:31:35,806 - INFO - Setting up Chrome driver...
2025-10-26 23:31:36,421 - INFO - Using profile directory: C:\Windows\Temp\chrome_scraper_profile
2025-10-26 23:31:36,422 - INFO - Initializing Chrome driver (attempt 1/3)...
2025-10-26 23:31:47,100 - ERROR - Attempt 1 failed: [WinError 145] The directory is not empty: 'C:\\laragon\\www\\dapokalsel\\sekolah\\~\\appdata\\roaming\\undetected_chromedriver\\undetected\\chromedriver-win32'
2025-10-26 23:31:47,100 - INFO - Retrying in 5 seconds...
2025-10-26 23:31:52,102 - INFO - Initializing Chrome driver (attempt 2/3)...
2025-10-26 23:31:59,222 - INFO - patching driver executable C:\laragon\www\dapokalsel\sekolah\~\appdata\roaming\undetected_chromedriver\undetected_chromedriver.exe
2025-10-26 23:31:59,873 - ERROR - Attempt 2 failed: Binary Location Must be a String
2025-10-26 23:31:59,873 - INFO - Retrying in 5 seconds...
2025-10-26 23:32:04,874 - INFO - Initializing Chrome driver (attempt 3/3)...
2025-10-26 23:32:18,996 - INFO - patching driver executable C:\laragon\www\dapokalsel\sekolah\~\appdata\roaming\undetected_chromedriver\undetected_chromedriver.exe
2025-10-26 23:32:20,383 - ERROR - Attempt 3 failed: you cannot reuse the ChromeOptions object
2025-10-26 23:32:20,384 - ERROR - All attempts failed to setup driver
Traceback (most recent call last):
  File "C:\laragon\www\dapokalsel\sekolah\import_url_kabupaten.pyw", line 115, in setup_driver
    driver = uc.Chrome(
  File "C:\laragon\bin\python\python-3.10\lib\site-packages\undetected_chromedriver\__init__.py", line 269, in __init__
    raise RuntimeError("you cannot reuse the ChromeOptions object")
RuntimeError: you cannot reuse the ChromeOptions object
2025-10-26 23:32:21,160 - ERROR - Error on attempt 164: Failed to setup driver
Traceback (most recent call last):
  File "C:\laragon\www\dapokalsel\sekolah\import_url_kabupaten.pyw", line 435, in process_url_induk
    raise Exception("Failed to setup driver")
Exception: Failed to setup driver
2025-10-26 23:32:21,422 - INFO - Retry attempt 165/300...
2025-10-26 23:32:36,423 - INFO - Setting up Chrome driver...
2025-10-26 23:32:36,564 - INFO - Using profile directory: C:\Windows\Temp\chrome_scraper_profile
2025-10-26 23:32:36,565 - INFO - Initializing Chrome driver (attempt 1/3)...
2025-10-26 23:32:45,398 - ERROR - Attempt 1 failed: [WinError 32] The process cannot access the file because it is being used by another process: 'C:\\laragon\\www\\dapokalsel\\sekolah\\~\\appdata\\roaming\\undetected_chromedriver\\undetected\\chromedriver-win32\\THIRD_PARTY_NOTICES.chromedriver'
2025-10-26 23:32:45,399 - INFO - Retrying in 5 seconds...
2025-10-26 23:32:50,399 - INFO - Initializing Chrome driver (attempt 2/3)...
2025-10-26 23:32:58,010 - INFO - patching driver executable C:\laragon\www\dapokalsel\sekolah\~\appdata\roaming\undetected_chromedriver\undetected_chromedriver.exe
2025-10-26 23:32:58,583 - ERROR - Attempt 2 failed: Binary Location Must be a String
2025-10-26 23:32:58,583 - INFO - Retrying in 5 seconds...
2025-10-26 23:33:03,583 - INFO - Initializing Chrome driver (attempt 3/3)...
2025-10-26 23:33:08,195 - INFO - patching driver executable C:\laragon\www\dapokalsel\sekolah\~\appdata\roaming\undetected_chromedriver\undetected_chromedriver.exe
2025-10-26 23:33:08,320 - ERROR - Attempt 3 failed: you cannot reuse the ChromeOptions object
2025-10-26 23:33:08,320 - ERROR - All attempts failed to setup driver
Traceback (most recent call last):
  File "C:\laragon\www\dapokalsel\sekolah\import_url_kabupaten.pyw", line 115, in setup_driver
    driver = uc.Chrome(
  File "C:\laragon\bin\python\python-3.10\lib\site-packages\undetected_chromedriver\__init__.py", line 269, in __init__
    raise RuntimeError("you cannot reuse the ChromeOptions object")
RuntimeError: you cannot reuse the ChromeOptions object
2025-10-26 23:33:08,321 - ERROR - Error on attempt 165: Failed to setup driver
Traceback (most recent call last):
  File "C:\laragon\www\dapokalsel\sekolah\import_url_kabupaten.pyw", line 435, in process_url_induk
    raise Exception("Failed to setup driver")
Exception: Failed to setup driver
2025-10-26 23:33:08,321 - INFO - Retry attempt 166/300...
2025-10-26 23:33:23,322 - INFO - Setting up Chrome driver...
2025-10-26 23:33:23,322 - INFO - Using profile directory: C:\Windows\Temp\chrome_scraper_profile
2025-10-26 23:33:23,322 - INFO - Initializing Chrome driver (attempt 1/3)...
2025-10-26 23:33:29,848 - ERROR - Attempt 1 failed: [WinError 183] Cannot create a file when that file already exists: 'C:\\laragon\\www\\dapokalsel\\sekolah\\~\\appdata\\roaming\\undetected_chromedriver\\undetected\\chromedriver-win32\\chromedriver.exe' -> 'C:\\laragon\\www\\dapokalsel\\sekolah\\~\\appdata\\roaming\\undetected_chromedriver\\undetected_chromedriver.exe'
2025-10-26 23:33:29,848 - INFO - Retrying in 5 seconds...
2025-10-26 23:33:34,848 - INFO - Initializing Chrome driver (attempt 2/3)...
2025-10-26 23:33:39,656 - INFO - patching driver executable C:\laragon\www\dapokalsel\sekolah\~\appdata\roaming\undetected_chromedriver\undetected_chromedriver.exe
2025-10-26 23:33:39,829 - ERROR - Attempt 2 failed: Binary Location Must be a String
2025-10-26 23:33:39,829 - INFO - Retrying in 5 seconds...
2025-10-26 23:33:44,831 - INFO - Initializing Chrome driver (attempt 3/3)...
2025-10-26 23:33:49,194 - INFO - patching driver executable C:\laragon\www\dapokalsel\sekolah\~\appdata\roaming\undetected_chromedriver\undetected_chromedriver.exe
2025-10-26 23:33:49,285 - ERROR - Attempt 3 failed: you cannot reuse the ChromeOptions object
2025-10-26 23:33:49,285 - ERROR - All attempts failed to setup driver
Traceback (most recent call last):
  File "C:\laragon\www\dapokalsel\sekolah\import_url_kabupaten.pyw", line 115, in setup_driver
    driver = uc.Chrome(
  File "C:\laragon\bin\python\python-3.10\lib\site-packages\undetected_chromedriver\__init__.py", line 269, in __init__
    raise RuntimeError("you cannot reuse the ChromeOptions object")
RuntimeError: you cannot reuse the ChromeOptions object
2025-10-26 23:33:49,285 - ERROR - Error on attempt 166: Failed to setup driver
Traceback (most recent call last):
  File "C:\laragon\www\dapokalsel\sekolah\import_url_kabupaten.pyw", line 435, in process_url_induk
    raise Exception("Failed to setup driver")
Exception: Failed to setup driver
2025-10-26 23:33:49,285 - INFO - Retry attempt 167/300...
2025-10-26 23:34:04,286 - INFO - Setting up Chrome driver...
2025-10-26 23:34:04,287 - INFO - Using profile directory: C:\Windows\Temp\chrome_scraper_profile
2025-10-26 23:34:04,287 - INFO - Initializing Chrome driver (attempt 1/3)...
2025-10-26 23:34:07,222 - INFO - patching driver executable C:\laragon\www\dapokalsel\sekolah\~\appdata\roaming\undetected_chromedriver\undetected_chromedriver.exe
2025-10-26 23:34:07,449 - ERROR - Attempt 1 failed: Binary Location Must be a String
2025-10-26 23:34:07,450 - INFO - Retrying in 5 seconds...
2025-10-26 23:34:12,450 - INFO - Initializing Chrome driver (attempt 2/3)...
2025-10-26 23:34:18,019 - INFO - patching driver executable C:\laragon\www\dapokalsel\sekolah\~\appdata\roaming\undetected_chromedriver\undetected_chromedriver.exe
2025-10-26 23:34:18,167 - ERROR - Attempt 2 failed: you cannot reuse the ChromeOptions object
2025-10-26 23:34:18,167 - INFO - Retrying in 5 seconds...
2025-10-26 23:34:23,167 - INFO - Initializing Chrome driver (attempt 3/3)...
2025-10-26 23:34:26,005 - INFO - patching driver executable C:\laragon\www\dapokalsel\sekolah\~\appdata\roaming\undetected_chromedriver\undetected_chromedriver.exe
2025-10-26 23:34:26,544 - ERROR - Attempt 3 failed: you cannot reuse the ChromeOptions object
2025-10-26 23:34:26,544 - ERROR - All attempts failed to setup driver
Traceback (most recent call last):
  File "C:\laragon\www\dapokalsel\sekolah\import_url_kabupaten.pyw", line 115, in setup_driver
    driver = uc.Chrome(
  File "C:\laragon\bin\python\python-3.10\lib\site-packages\undetected_chromedriver\__init__.py", line 269, in __init__
    raise RuntimeError("you cannot reuse the ChromeOptions object")
RuntimeError: you cannot reuse the ChromeOptions object
2025-10-26 23:34:26,545 - ERROR - Error on attempt 167: Failed to setup driver
Traceback (most recent call last):
  File "C:\laragon\www\dapokalsel\sekolah\import_url_kabupaten.pyw", line 435, in process_url_induk
    raise Exception("Failed to setup driver")
Exception: Failed to setup driver
2025-10-26 23:34:26,545 - INFO - Retry attempt 168/300...
2025-10-26 23:34:41,546 - INFO - Setting up Chrome driver...
2025-10-26 23:34:41,546 - INFO - Using profile directory: C:\Windows\Temp\chrome_scraper_profile
2025-10-26 23:34:41,547 - INFO - Initializing Chrome driver (attempt 1/3)...
2025-10-26 23:34:45,641 - INFO - patching driver executable C:\laragon\www\dapokalsel\sekolah\~\appdata\roaming\undetected_chromedriver\undetected_chromedriver.exe
2025-10-26 23:34:46,069 - ERROR - Attempt 1 failed: Binary Location Must be a String
2025-10-26 23:34:46,070 - INFO - Retrying in 5 seconds...
2025-10-26 23:34:51,070 - INFO - Initializing Chrome driver (attempt 2/3)...
2025-10-26 23:34:54,026 - INFO - patching driver executable C:\laragon\www\dapokalsel\sekolah\~\appdata\roaming\undetected_chromedriver\undetected_chromedriver.exe
2025-10-26 23:34:54,135 - ERROR - Attempt 2 failed: you cannot reuse the ChromeOptions object
2025-10-26 23:34:54,135 - INFO - Retrying in 5 seconds...
2025-10-26 23:34:59,135 - INFO - Initializing Chrome driver (attempt 3/3)...
2025-10-26 23:35:02,004 - INFO - patching driver executable C:\laragon\www\dapokalsel\sekolah\~\appdata\roaming\undetected_chromedriver\undetected_chromedriver.exe
2025-10-26 23:35:02,077 - ERROR - Attempt 3 failed: you cannot reuse the ChromeOptions object
2025-10-26 23:35:02,077 - ERROR - All attempts failed to setup driver
Traceback (most recent call last):
  File "C:\laragon\www\dapokalsel\sekolah\import_url_kabupaten.pyw", line 115, in setup_driver
    driver = uc.Chrome(
  File "C:\laragon\bin\python\python-3.10\lib\site-packages\undetected_chromedriver\__init__.py", line 269, in __init__
    raise RuntimeError("you cannot reuse the ChromeOptions object")
RuntimeError: you cannot reuse the ChromeOptions object
2025-10-26 23:35:02,078 - ERROR - Error on attempt 168: Failed to setup driver
Traceback (most recent call last):
  File "C:\laragon\www\dapokalsel\sekolah\import_url_kabupaten.pyw", line 435, in process_url_induk
    raise Exception("Failed to setup driver")
Exception: Failed to setup driver
2025-10-26 23:35:02,078 - INFO - Retry attempt 169/300...
2025-10-26 23:35:17,078 - INFO - Setting up Chrome driver...
2025-10-26 23:35:17,079 - INFO - Using profile directory: C:\Windows\Temp\chrome_scraper_profile
2025-10-26 23:35:17,079 - INFO - Initializing Chrome driver (attempt 1/3)...
2025-10-26 23:35:20,021 - INFO - patching driver executable C:\laragon\www\dapokalsel\sekolah\~\appdata\roaming\undetected_chromedriver\undetected_chromedriver.exe
2025-10-26 23:35:20,125 - ERROR - Attempt 1 failed: Binary Location Must be a String
2025-10-26 23:35:20,125 - INFO - Retrying in 5 seconds...
2025-10-26 23:35:25,126 - INFO - Initializing Chrome driver (attempt 2/3)...
2025-10-26 23:35:27,891 - INFO - patching driver executable C:\laragon\www\dapokalsel\sekolah\~\appdata\roaming\undetected_chromedriver\undetected_chromedriver.exe
2025-10-26 23:35:28,036 - ERROR - Attempt 2 failed: you cannot reuse the ChromeOptions object
2025-10-26 23:35:28,036 - INFO - Retrying in 5 seconds...
2025-10-26 23:35:33,036 - INFO - Initializing Chrome driver (attempt 3/3)...
2025-10-26 23:35:36,152 - INFO - patching driver executable C:\laragon\www\dapokalsel\sekolah\~\appdata\roaming\undetected_chromedriver\undetected_chromedriver.exe
2025-10-26 23:35:36,246 - ERROR - Attempt 3 failed: you cannot reuse the ChromeOptions object
2025-10-26 23:35:36,246 - ERROR - All attempts failed to setup driver
Traceback (most recent call last):
  File "C:\laragon\www\dapokalsel\sekolah\import_url_kabupaten.pyw", line 115, in setup_driver
    driver = uc.Chrome(
  File "C:\laragon\bin\python\python-3.10\lib\site-packages\undetected_chromedriver\__init__.py", line 269, in __init__
    raise RuntimeError("you cannot reuse the ChromeOptions object")
RuntimeError: you cannot reuse the ChromeOptions object
2025-10-26 23:35:36,247 - ERROR - Error on attempt 169: Failed to setup driver
Traceback (most recent call last):
  File "C:\laragon\www\dapokalsel\sekolah\import_url_kabupaten.pyw", line 435, in process_url_induk
    raise Exception("Failed to setup driver")
Exception: Failed to setup driver
2025-10-26 23:35:36,247 - INFO - Retry attempt 170/300...
2025-10-26 23:35:51,248 - INFO - Setting up Chrome driver...
2025-10-26 23:35:51,248 - INFO - Using profile directory: C:\Windows\Temp\chrome_scraper_profile
2025-10-26 23:35:51,248 - INFO - Initializing Chrome driver (attempt 1/3)...
2025-10-26 23:35:54,717 - INFO - patching driver executable C:\laragon\www\dapokalsel\sekolah\~\appdata\roaming\undetected_chromedriver\undetected_chromedriver.exe
2025-10-26 23:35:54,848 - ERROR - Attempt 1 failed: Binary Location Must be a String
2025-10-26 23:35:54,848 - INFO - Retrying in 5 seconds...
2025-10-26 23:35:59,848 - INFO - Initializing Chrome driver (attempt 2/3)...
2025-10-26 23:36:02,724 - INFO - patching driver executable C:\laragon\www\dapokalsel\sekolah\~\appdata\roaming\undetected_chromedriver\undetected_chromedriver.exe
2025-10-26 23:36:03,061 - ERROR - Attempt 2 failed: you cannot reuse the ChromeOptions object
2025-10-26 23:36:03,061 - INFO - Retrying in 5 seconds...
2025-10-26 23:36:08,061 - INFO - Initializing Chrome driver (attempt 3/3)...
2025-10-26 23:36:10,995 - INFO - patching driver executable C:\laragon\www\dapokalsel\sekolah\~\appdata\roaming\undetected_chromedriver\undetected_chromedriver.exe
2025-10-26 23:36:11,067 - ERROR - Attempt 3 failed: you cannot reuse the ChromeOptions object
2025-10-26 23:36:11,067 - ERROR - All attempts failed to setup driver
Traceback (most recent call last):
  File "C:\laragon\www\dapokalsel\sekolah\import_url_kabupaten.pyw", line 115, in setup_driver
    driver = uc.Chrome(
  File "C:\laragon\bin\python\python-3.10\lib\site-packages\undetected_chromedriver\__init__.py", line 269, in __init__
    raise RuntimeError("you cannot reuse the ChromeOptions object")
RuntimeError: you cannot reuse the ChromeOptions object
2025-10-26 23:36:11,068 - ERROR - Error on attempt 170: Failed to setup driver
Traceback (most recent call last):
  File "C:\laragon\www\dapokalsel\sekolah\import_url_kabupaten.pyw", line 435, in process_url_induk
    raise Exception("Failed to setup driver")
Exception: Failed to setup driver
2025-10-26 23:36:11,068 - INFO - Retry attempt 171/300...
2025-10-26 23:36:26,068 - INFO - Setting up Chrome driver...
2025-10-26 23:36:26,069 - INFO - Using profile directory: C:\Windows\Temp\chrome_scraper_profile
2025-10-26 23:36:26,069 - INFO - Initializing Chrome driver (attempt 1/3)...
2025-10-26 23:36:29,337 - INFO - patching driver executable C:\laragon\www\dapokalsel\sekolah\~\appdata\roaming\undetected_chromedriver\undetected_chromedriver.exe
2025-10-26 23:36:29,413 - ERROR - Attempt 1 failed: Binary Location Must be a String
2025-10-26 23:36:29,413 - INFO - Retrying in 5 seconds...
2025-10-26 23:36:34,413 - INFO - Initializing Chrome driver (attempt 2/3)...
2025-10-26 23:36:39,422 - INFO - patching driver executable C:\laragon\www\dapokalsel\sekolah\~\appdata\roaming\undetected_chromedriver\undetected_chromedriver.exe
2025-10-26 23:36:39,949 - ERROR - Attempt 2 failed: you cannot reuse the ChromeOptions object
2025-10-26 23:36:39,949 - INFO - Retrying in 5 seconds...
2025-10-26 23:36:44,950 - INFO - Initializing Chrome driver (attempt 3/3)...
2025-10-26 23:36:55,132 - INFO - patching driver executable C:\laragon\www\dapokalsel\sekolah\~\appdata\roaming\undetected_chromedriver\undetected_chromedriver.exe
2025-10-26 23:36:55,766 - ERROR - Attempt 3 failed: you cannot reuse the ChromeOptions object
2025-10-26 23:36:55,766 - ERROR - All attempts failed to setup driver
Traceback (most recent call last):
  File "C:\laragon\www\dapokalsel\sekolah\import_url_kabupaten.pyw", line 115, in setup_driver
    driver = uc.Chrome(
  File "C:\laragon\bin\python\python-3.10\lib\site-packages\undetected_chromedriver\__init__.py", line 269, in __init__
    raise RuntimeError("you cannot reuse the ChromeOptions object")
RuntimeError: you cannot reuse the ChromeOptions object
2025-10-26 23:36:55,902 - ERROR - Error on attempt 171: Failed to setup driver
Traceback (most recent call last):
  File "C:\laragon\www\dapokalsel\sekolah\import_url_kabupaten.pyw", line 435, in process_url_induk
    raise Exception("Failed to setup driver")
Exception: Failed to setup driver
2025-10-26 23:36:55,978 - INFO - Retry attempt 172/300...
2025-10-26 23:37:10,979 - INFO - Setting up Chrome driver...
2025-10-26 23:37:11,093 - INFO - Using profile directory: C:\Windows\Temp\chrome_scraper_profile
2025-10-26 23:37:11,094 - INFO - Initializing Chrome driver (attempt 1/3)...
2025-10-26 23:37:20,832 - ERROR - Attempt 1 failed: [WinError 183] Cannot create a file when that file already exists: 'C:\\laragon\\www\\dapokalsel\\sekolah\\~\\appdata\\roaming\\undetected_chromedriver\\undetected\\chromedriver-win32\\chromedriver.exe' -> 'C:\\laragon\\www\\dapokalsel\\sekolah\\~\\appdata\\roaming\\undetected_chromedriver\\undetected_chromedriver.exe'
2025-10-26 23:37:20,832 - INFO - Retrying in 5 seconds...
2025-10-26 23:37:25,832 - INFO - Initializing Chrome driver (attempt 2/3)...
2025-10-26 23:37:35,318 - INFO - patching driver executable C:\laragon\www\dapokalsel\sekolah\~\appdata\roaming\undetected_chromedriver\undetected_chromedriver.exe
2025-10-26 23:37:36,076 - ERROR - Attempt 2 failed: Binary Location Must be a String
2025-10-26 23:37:36,076 - INFO - Retrying in 5 seconds...
2025-10-26 23:37:41,076 - INFO - Initializing Chrome driver (attempt 3/3)...
2025-10-26 23:37:48,624 - ERROR - Attempt 3 failed: [WinError 183] Cannot create a file when that file already exists: 'C:\\laragon\\www\\dapokalsel\\sekolah\\~\\appdata\\roaming\\undetected_chromedriver\\undetected\\chromedriver-win32\\chromedriver.exe' -> 'C:\\laragon\\www\\dapokalsel\\sekolah\\~\\appdata\\roaming\\undetected_chromedriver\\undetected_chromedriver.exe'
2025-10-26 23:37:48,624 - ERROR - All attempts failed to setup driver
Traceback (most recent call last):
  File "C:\laragon\www\dapokalsel\sekolah\import_url_kabupaten.pyw", line 115, in setup_driver
    driver = uc.Chrome(
  File "C:\laragon\bin\python\python-3.10\lib\site-packages\undetected_chromedriver\__init__.py", line 258, in __init__
    self.patcher.auto()
  File "C:\laragon\bin\python\python-3.10\lib\site-packages\undetected_chromedriver\patcher.py", line 178, in auto
    self.unzip_package(self.fetch_package())
  File "C:\laragon\bin\python\python-3.10\lib\site-packages\undetected_chromedriver\patcher.py", line 310, in unzip_package
    os.rename(os.path.join(self.zip_path, exe_path), self.executable_path)
FileExistsError: [WinError 183] Cannot create a file when that file already exists: 'C:\\laragon\\www\\dapokalsel\\sekolah\\~\\appdata\\roaming\\undetected_chromedriver\\undetected\\chromedriver-win32\\chromedriver.exe' -> 'C:\\laragon\\www\\dapokalsel\\sekolah\\~\\appdata\\roaming\\undetected_chromedriver\\undetected_chromedriver.exe'
2025-10-26 23:37:48,817 - ERROR - Error on attempt 172: Failed to setup driver
Traceback (most recent call last):
  File "C:\laragon\www\dapokalsel\sekolah\import_url_kabupaten.pyw", line 435, in process_url_induk
    raise Exception("Failed to setup driver")
Exception: Failed to setup driver
2025-10-26 23:37:48,929 - INFO - Retry attempt 173/300...
2025-10-26 23:38:03,930 - INFO - Setting up Chrome driver...
2025-10-26 23:38:04,020 - INFO - Using profile directory: C:\Windows\Temp\chrome_scraper_profile
2025-10-26 23:38:04,021 - INFO - Initializing Chrome driver (attempt 1/3)...
2025-10-26 23:38:13,764 - ERROR - Attempt 1 failed: [WinError 145] The directory is not empty: 'C:\\laragon\\www\\dapokalsel\\sekolah\\~\\appdata\\roaming\\undetected_chromedriver\\undetected'
2025-10-26 23:38:13,765 - INFO - Retrying in 5 seconds...
2025-10-26 23:38:18,766 - INFO - Initializing Chrome driver (attempt 2/3)...
2025-10-26 23:38:32,002 - INFO - patching driver executable C:\laragon\www\dapokalsel\sekolah\~\appdata\roaming\undetected_chromedriver\undetected_chromedriver.exe
2025-10-26 23:38:32,890 - ERROR - Attempt 2 failed: Binary Location Must be a String
2025-10-26 23:38:32,890 - INFO - Retrying in 5 seconds...
2025-10-26 23:38:37,891 - INFO - Initializing Chrome driver (attempt 3/3)...
2025-10-26 23:38:54,432 - INFO - patching driver executable C:\laragon\www\dapokalsel\sekolah\~\appdata\roaming\undetected_chromedriver\undetected_chromedriver.exe
2025-10-26 23:38:55,463 - ERROR - Attempt 3 failed: you cannot reuse the ChromeOptions object
2025-10-26 23:38:55,464 - ERROR - All attempts failed to setup driver
Traceback (most recent call last):
  File "C:\laragon\www\dapokalsel\sekolah\import_url_kabupaten.pyw", line 115, in setup_driver
    driver = uc.Chrome(
  File "C:\laragon\bin\python\python-3.10\lib\site-packages\undetected_chromedriver\__init__.py", line 269, in __init__
    raise RuntimeError("you cannot reuse the ChromeOptions object")
RuntimeError: you cannot reuse the ChromeOptions object
2025-10-26 23:38:55,466 - ERROR - Error on attempt 173: Failed to setup driver
Traceback (most recent call last):
  File "C:\laragon\www\dapokalsel\sekolah\import_url_kabupaten.pyw", line 435, in process_url_induk
    raise Exception("Failed to setup driver")
Exception: Failed to setup driver
2025-10-26 23:38:55,467 - INFO - Retry attempt 174/300...
2025-10-26 23:39:10,468 - INFO - Setting up Chrome driver...
2025-10-26 23:39:10,527 - INFO - Using profile directory: C:\Windows\Temp\chrome_scraper_profile
2025-10-26 23:39:10,528 - INFO - Initializing Chrome driver (attempt 1/3)...
2025-10-26 23:39:20,643 - INFO - patching driver executable C:\laragon\www\dapokalsel\sekolah\~\appdata\roaming\undetected_chromedriver\undetected_chromedriver.exe
2025-10-26 23:39:23,181 - ERROR - Attempt 1 failed: Binary Location Must be a String
2025-10-26 23:39:23,182 - INFO - Retrying in 5 seconds...
2025-10-26 23:39:28,183 - INFO - Initializing Chrome driver (attempt 2/3)...
2025-10-26 23:39:35,069 - ERROR - Attempt 2 failed: [WinError 183] Cannot create a file when that file already exists: 'C:\\laragon\\www\\dapokalsel\\sekolah\\~\\appdata\\roaming\\undetected_chromedriver\\undetected\\chromedriver-win32\\chromedriver.exe' -> 'C:\\laragon\\www\\dapokalsel\\sekolah\\~\\appdata\\roaming\\undetected_chromedriver\\undetected_chromedriver.exe'
2025-10-26 23:39:35,069 - INFO - Retrying in 5 seconds...
2025-10-26 23:39:40,070 - INFO - Initializing Chrome driver (attempt 3/3)...
2025-10-26 23:39:48,585 - INFO - patching driver executable C:\laragon\www\dapokalsel\sekolah\~\appdata\roaming\undetected_chromedriver\undetected_chromedriver.exe
2025-10-26 23:39:48,675 - ERROR - Attempt 3 failed: you cannot reuse the ChromeOptions object
2025-10-26 23:39:48,675 - ERROR - All attempts failed to setup driver
Traceback (most recent call last):
  File "C:\laragon\www\dapokalsel\sekolah\import_url_kabupaten.pyw", line 115, in setup_driver
    driver = uc.Chrome(
  File "C:\laragon\bin\python\python-3.10\lib\site-packages\undetected_chromedriver\__init__.py", line 269, in __init__
    raise RuntimeError("you cannot reuse the ChromeOptions object")
RuntimeError: you cannot reuse the ChromeOptions object
2025-10-26 23:39:48,675 - ERROR - Error on attempt 174: Failed to setup driver
Traceback (most recent call last):
  File "C:\laragon\www\dapokalsel\sekolah\import_url_kabupaten.pyw", line 435, in process_url_induk
    raise Exception("Failed to setup driver")
Exception: Failed to setup driver
2025-10-26 23:39:48,675 - INFO - Retry attempt 175/300...
2025-10-26 23:40:03,676 - INFO - Setting up Chrome driver...
2025-10-26 23:40:03,676 - INFO - Using profile directory: C:\Windows\Temp\chrome_scraper_profile
2025-10-26 23:40:03,676 - INFO - Initializing Chrome driver (attempt 1/3)...
2025-10-26 23:40:06,732 - INFO - patching driver executable C:\laragon\www\dapokalsel\sekolah\~\appdata\roaming\undetected_chromedriver\undetected_chromedriver.exe
2025-10-26 23:40:06,809 - ERROR - Attempt 1 failed: Binary Location Must be a String
2025-10-26 23:40:06,810 - INFO - Retrying in 5 seconds...
2025-10-26 23:40:11,810 - INFO - Initializing Chrome driver (attempt 2/3)...
2025-10-26 23:40:16,831 - INFO - patching driver executable C:\laragon\www\dapokalsel\sekolah\~\appdata\roaming\undetected_chromedriver\undetected_chromedriver.exe
2025-10-26 23:40:16,911 - ERROR - Attempt 2 failed: you cannot reuse the ChromeOptions object
2025-10-26 23:40:16,911 - INFO - Retrying in 5 seconds...
2025-10-26 23:40:21,912 - INFO - Initializing Chrome driver (attempt 3/3)...
2025-10-26 23:40:24,798 - INFO - patching driver executable C:\laragon\www\dapokalsel\sekolah\~\appdata\roaming\undetected_chromedriver\undetected_chromedriver.exe
2025-10-26 23:40:24,946 - ERROR - Attempt 3 failed: you cannot reuse the ChromeOptions object
2025-10-26 23:40:24,946 - ERROR - All attempts failed to setup driver
Traceback (most recent call last):
  File "C:\laragon\www\dapokalsel\sekolah\import_url_kabupaten.pyw", line 115, in setup_driver
    driver = uc.Chrome(
  File "C:\laragon\bin\python\python-3.10\lib\site-packages\undetected_chromedriver\__init__.py", line 269, in __init__
    raise RuntimeError("you cannot reuse the ChromeOptions object")
RuntimeError: you cannot reuse the ChromeOptions object
2025-10-26 23:40:24,947 - ERROR - Error on attempt 175: Failed to setup driver
Traceback (most recent call last):
  File "C:\laragon\www\dapokalsel\sekolah\import_url_kabupaten.pyw", line 435, in process_url_induk
    raise Exception("Failed to setup driver")
Exception: Failed to setup driver
2025-10-26 23:40:24,947 - INFO - Retry attempt 176/300...
2025-10-26 23:40:39,947 - INFO - Setting up Chrome driver...
2025-10-26 23:40:39,948 - INFO - Using profile directory: C:\Windows\Temp\chrome_scraper_profile
2025-10-26 23:40:39,948 - INFO - Initializing Chrome driver (attempt 1/3)...
2025-10-26 23:40:43,102 - INFO - patching driver executable C:\laragon\www\dapokalsel\sekolah\~\appdata\roaming\undetected_chromedriver\undetected_chromedriver.exe
2025-10-26 23:40:43,324 - ERROR - Attempt 1 failed: Binary Location Must be a String
2025-10-26 23:40:43,324 - INFO - Retrying in 5 seconds...
2025-10-26 23:40:48,325 - INFO - Initializing Chrome driver (attempt 2/3)...
2025-10-26 23:40:54,543 - INFO - patching driver executable C:\laragon\www\dapokalsel\sekolah\~\appdata\roaming\undetected_chromedriver\undetected_chromedriver.exe
2025-10-26 23:40:55,105 - ERROR - Attempt 2 failed: you cannot reuse the ChromeOptions object
2025-10-26 23:40:55,106 - INFO - Retrying in 5 seconds...
2025-10-26 23:41:00,106 - INFO - Initializing Chrome driver (attempt 3/3)...
2025-10-26 23:41:09,285 - ERROR - Attempt 3 failed: [WinError 32] The process cannot access the file because it is being used by another process: 'C:\\laragon\\www\\dapokalsel\\sekolah\\~\\appdata\\roaming\\undetected_chromedriver\\undetected\\chromedriver-win32\\THIRD_PARTY_NOTICES.chromedriver'
2025-10-26 23:41:09,286 - ERROR - All attempts failed to setup driver
Traceback (most recent call last):
  File "C:\laragon\www\dapokalsel\sekolah\import_url_kabupaten.pyw", line 115, in setup_driver
    driver = uc.Chrome(
  File "C:\laragon\bin\python\python-3.10\lib\site-packages\undetected_chromedriver\__init__.py", line 258, in __init__
    self.patcher.auto()
  File "C:\laragon\bin\python\python-3.10\lib\site-packages\undetected_chromedriver\patcher.py", line 178, in auto
    self.unzip_package(self.fetch_package())
  File "C:\laragon\bin\python\python-3.10\lib\site-packages\undetected_chromedriver\patcher.py", line 312, in unzip_package
    shutil.rmtree(self.zip_path)
  File "C:\laragon\bin\python\python-3.10\lib\shutil.py", line 749, in rmtree
    return _rmtree_unsafe(path, onerror)
  File "C:\laragon\bin\python\python-3.10\lib\shutil.py", line 614, in _rmtree_unsafe
    _rmtree_unsafe(fullname, onerror)
  File "C:\laragon\bin\python\python-3.10\lib\shutil.py", line 619, in _rmtree_unsafe
    onerror(os.unlink, fullname, sys.exc_info())
  File "C:\laragon\bin\python\python-3.10\lib\shutil.py", line 617, in _rmtree_unsafe
    os.unlink(fullname)
PermissionError: [WinError 32] The process cannot access the file because it is being used by another process: 'C:\\laragon\\www\\dapokalsel\\sekolah\\~\\appdata\\roaming\\undetected_chromedriver\\undetected\\chromedriver-win32\\THIRD_PARTY_NOTICES.chromedriver'
2025-10-26 23:41:09,289 - ERROR - Error on attempt 176: Failed to setup driver
Traceback (most recent call last):
  File "C:\laragon\www\dapokalsel\sekolah\import_url_kabupaten.pyw", line 435, in process_url_induk
    raise Exception("Failed to setup driver")
Exception: Failed to setup driver
2025-10-26 23:41:09,291 - INFO - Retry attempt 177/300...
2025-10-26 23:41:24,292 - INFO - Setting up Chrome driver...
2025-10-26 23:41:24,355 - INFO - Using profile directory: C:\Windows\Temp\chrome_scraper_profile
2025-10-26 23:41:24,356 - INFO - Initializing Chrome driver (attempt 1/3)...
2025-10-26 23:41:34,301 - INFO - patching driver executable C:\laragon\www\dapokalsel\sekolah\~\appdata\roaming\undetected_chromedriver\undetected_chromedriver.exe
2025-10-26 23:41:35,195 - ERROR - Attempt 1 failed: Binary Location Must be a String
2025-10-26 23:41:35,196 - INFO - Retrying in 5 seconds...
2025-10-26 23:41:40,197 - INFO - Initializing Chrome driver (attempt 2/3)...
2025-10-26 23:41:49,340 - ERROR - Attempt 2 failed: [WinError 2] The system cannot find the file specified: 'C:\\laragon\\www\\dapokalsel\\sekolah\\~\\appdata\\roaming\\undetected_chromedriver\\undetected\\chromedriver-win32\\chromedriver.exe' -> 'C:\\laragon\\www\\dapokalsel\\sekolah\\~\\appdata\\roaming\\undetected_chromedriver\\undetected_chromedriver.exe'
2025-10-26 23:41:49,341 - INFO - Retrying in 5 seconds...
2025-10-26 23:41:54,342 - INFO - Initializing Chrome driver (attempt 3/3)...
2025-10-26 23:42:10,182 - ERROR - Attempt 3 failed: [WinError 2] The system cannot find the file specified: 'C:\\laragon\\www\\dapokalsel\\sekolah\\~\\appdata\\roaming\\undetected_chromedriver\\undetected\\chromedriver-win32\\chromedriver.exe' -> 'C:\\laragon\\www\\dapokalsel\\sekolah\\~\\appdata\\roaming\\undetected_chromedriver\\undetected_chromedriver.exe'
2025-10-26 23:42:10,183 - ERROR - All attempts failed to setup driver
Traceback (most recent call last):
  File "C:\laragon\www\dapokalsel\sekolah\import_url_kabupaten.pyw", line 115, in setup_driver
    driver = uc.Chrome(
  File "C:\laragon\bin\python\python-3.10\lib\site-packages\undetected_chromedriver\__init__.py", line 258, in __init__
    self.patcher.auto()
  File "C:\laragon\bin\python\python-3.10\lib\site-packages\undetected_chromedriver\patcher.py", line 178, in auto
    self.unzip_package(self.fetch_package())
  File "C:\laragon\bin\python\python-3.10\lib\site-packages\undetected_chromedriver\patcher.py", line 310, in unzip_package
    os.rename(os.path.join(self.zip_path, exe_path), self.executable_path)
FileNotFoundError: [WinError 2] The system cannot find the file specified: 'C:\\laragon\\www\\dapokalsel\\sekolah\\~\\appdata\\roaming\\undetected_chromedriver\\undetected\\chromedriver-win32\\chromedriver.exe' -> 'C:\\laragon\\www\\dapokalsel\\sekolah\\~\\appdata\\roaming\\undetected_chromedriver\\undetected_chromedriver.exe'
2025-10-26 23:42:10,184 - ERROR - Error on attempt 177: Failed to setup driver
Traceback (most recent call last):
  File "C:\laragon\www\dapokalsel\sekolah\import_url_kabupaten.pyw", line 435, in process_url_induk
    raise Exception("Failed to setup driver")
Exception: Failed to setup driver
2025-10-26 23:42:10,331 - INFO - Retry attempt 178/300...
2025-10-26 23:42:25,333 - INFO - Setting up Chrome driver...
2025-10-26 23:42:26,024 - INFO - Using profile directory: C:\Windows\Temp\chrome_scraper_profile
2025-10-26 23:42:26,026 - INFO - Initializing Chrome driver (attempt 1/3)...
2025-10-26 23:42:34,331 - ERROR - Attempt 1 failed: [WinError 183] Cannot create a file when that file already exists: 'C:\\laragon\\www\\dapokalsel\\sekolah\\~\\appdata\\roaming\\undetected_chromedriver\\undetected\\chromedriver-win32\\chromedriver.exe' -> 'C:\\laragon\\www\\dapokalsel\\sekolah\\~\\appdata\\roaming\\undetected_chromedriver\\undetected_chromedriver.exe'
2025-10-26 23:42:34,332 - INFO - Retrying in 5 seconds...
2025-10-26 23:42:39,334 - INFO - Initializing Chrome driver (attempt 2/3)...
2025-10-26 23:42:52,824 - INFO - patching driver executable C:\laragon\www\dapokalsel\sekolah\~\appdata\roaming\undetected_chromedriver\undetected_chromedriver.exe
2025-10-26 23:42:53,746 - ERROR - Attempt 2 failed: Binary Location Must be a String
2025-10-26 23:42:53,746 - INFO - Retrying in 5 seconds...
2025-10-26 23:42:58,746 - INFO - Initializing Chrome driver (attempt 3/3)...
2025-10-26 23:43:07,445 - INFO - patching driver executable C:\laragon\www\dapokalsel\sekolah\~\appdata\roaming\undetected_chromedriver\undetected_chromedriver.exe
2025-10-26 23:43:08,120 - ERROR - Attempt 3 failed: you cannot reuse the ChromeOptions object
2025-10-26 23:43:08,120 - ERROR - All attempts failed to setup driver
Traceback (most recent call last):
  File "C:\laragon\www\dapokalsel\sekolah\import_url_kabupaten.pyw", line 115, in setup_driver
    driver = uc.Chrome(
  File "C:\laragon\bin\python\python-3.10\lib\site-packages\undetected_chromedriver\__init__.py", line 269, in __init__
    raise RuntimeError("you cannot reuse the ChromeOptions object")
RuntimeError: you cannot reuse the ChromeOptions object
2025-10-26 23:43:08,338 - ERROR - Error on attempt 178: Failed to setup driver
Traceback (most recent call last):
  File "C:\laragon\www\dapokalsel\sekolah\import_url_kabupaten.pyw", line 435, in process_url_induk
    raise Exception("Failed to setup driver")
Exception: Failed to setup driver
2025-10-26 23:43:08,463 - INFO - Retry attempt 179/300...
2025-10-26 23:43:23,464 - INFO - Setting up Chrome driver...
2025-10-26 23:43:23,547 - INFO - Using profile directory: C:\Windows\Temp\chrome_scraper_profile
2025-10-26 23:43:23,547 - INFO - Initializing Chrome driver (attempt 1/3)...
2025-10-26 23:43:31,869 - ERROR - Attempt 1 failed: [WinError 183] Cannot create a file when that file already exists: 'C:\\laragon\\www\\dapokalsel\\sekolah\\~\\appdata\\roaming\\undetected_chromedriver\\undetected\\chromedriver-win32\\chromedriver.exe' -> 'C:\\laragon\\www\\dapokalsel\\sekolah\\~\\appdata\\roaming\\undetected_chromedriver\\undetected_chromedriver.exe'
2025-10-26 23:43:31,869 - INFO - Retrying in 5 seconds...
2025-10-26 23:43:36,869 - INFO - Initializing Chrome driver (attempt 2/3)...
2025-10-26 23:43:42,699 - INFO - patching driver executable C:\laragon\www\dapokalsel\sekolah\~\appdata\roaming\undetected_chromedriver\undetected_chromedriver.exe
2025-10-26 23:43:42,799 - ERROR - Attempt 2 failed: Binary Location Must be a String
2025-10-26 23:43:42,800 - INFO - Retrying in 5 seconds...
2025-10-26 23:43:47,800 - INFO - Initializing Chrome driver (attempt 3/3)...
2025-10-26 23:43:50,766 - INFO - patching driver executable C:\laragon\www\dapokalsel\sekolah\~\appdata\roaming\undetected_chromedriver\undetected_chromedriver.exe
2025-10-26 23:43:50,899 - ERROR - Attempt 3 failed: you cannot reuse the ChromeOptions object
2025-10-26 23:43:50,899 - ERROR - All attempts failed to setup driver
Traceback (most recent call last):
  File "C:\laragon\www\dapokalsel\sekolah\import_url_kabupaten.pyw", line 115, in setup_driver
    driver = uc.Chrome(
  File "C:\laragon\bin\python\python-3.10\lib\site-packages\undetected_chromedriver\__init__.py", line 269, in __init__
    raise RuntimeError("you cannot reuse the ChromeOptions object")
RuntimeError: you cannot reuse the ChromeOptions object
2025-10-26 23:43:50,901 - ERROR - Error on attempt 179: Failed to setup driver
Traceback (most recent call last):
  File "C:\laragon\www\dapokalsel\sekolah\import_url_kabupaten.pyw", line 435, in process_url_induk
    raise Exception("Failed to setup driver")
Exception: Failed to setup driver
2025-10-26 23:43:50,901 - INFO - Retry attempt 180/300...
2025-10-26 23:44:05,901 - INFO - Setting up Chrome driver...
2025-10-26 23:44:05,901 - INFO - Using profile directory: C:\Windows\Temp\chrome_scraper_profile
2025-10-26 23:44:05,902 - INFO - Initializing Chrome driver (attempt 1/3)...
2025-10-26 23:44:09,162 - INFO - patching driver executable C:\laragon\www\dapokalsel\sekolah\~\appdata\roaming\undetected_chromedriver\undetected_chromedriver.exe
2025-10-26 23:44:09,357 - ERROR - Attempt 1 failed: Binary Location Must be a String
2025-10-26 23:44:09,357 - INFO - Retrying in 5 seconds...
2025-10-26 23:44:14,357 - INFO - Initializing Chrome driver (attempt 2/3)...
2025-10-26 23:44:22,938 - INFO - patching driver executable C:\laragon\www\dapokalsel\sekolah\~\appdata\roaming\undetected_chromedriver\undetected_chromedriver.exe
2025-10-26 23:44:23,521 - ERROR - Attempt 2 failed: you cannot reuse the ChromeOptions object
2025-10-26 23:44:23,521 - INFO - Retrying in 5 seconds...
2025-10-26 23:44:28,522 - INFO - Initializing Chrome driver (attempt 3/3)...
2025-10-26 23:44:38,133 - ERROR - Attempt 3 failed: [WinError 145] The directory is not empty: 'C:\\laragon\\www\\dapokalsel\\sekolah\\~\\appdata\\roaming\\undetected_chromedriver\\undetected'
2025-10-26 23:44:38,133 - ERROR - All attempts failed to setup driver
Traceback (most recent call last):
  File "C:\laragon\www\dapokalsel\sekolah\import_url_kabupaten.pyw", line 115, in setup_driver
    driver = uc.Chrome(
  File "C:\laragon\bin\python\python-3.10\lib\site-packages\undetected_chromedriver\__init__.py", line 258, in __init__
    self.patcher.auto()
  File "C:\laragon\bin\python\python-3.10\lib\site-packages\undetected_chromedriver\patcher.py", line 178, in auto
    self.unzip_package(self.fetch_package())
  File "C:\laragon\bin\python\python-3.10\lib\site-packages\undetected_chromedriver\patcher.py", line 312, in unzip_package
    shutil.rmtree(self.zip_path)
  File "C:\laragon\bin\python\python-3.10\lib\shutil.py", line 749, in rmtree
    return _rmtree_unsafe(path, onerror)
  File "C:\laragon\bin\python\python-3.10\lib\shutil.py", line 623, in _rmtree_unsafe
    onerror(os.rmdir, path, sys.exc_info())
  File "C:\laragon\bin\python\python-3.10\lib\shutil.py", line 621, in _rmtree_unsafe
    os.rmdir(path)
OSError: [WinError 145] The directory is not empty: 'C:\\laragon\\www\\dapokalsel\\sekolah\\~\\appdata\\roaming\\undetected_chromedriver\\undetected'
2025-10-26 23:44:38,363 - ERROR - Error on attempt 180: Failed to setup driver
Traceback (most recent call last):
  File "C:\laragon\www\dapokalsel\sekolah\import_url_kabupaten.pyw", line 435, in process_url_induk
    raise Exception("Failed to setup driver")
Exception: Failed to setup driver
2025-10-26 23:44:38,364 - INFO - Retry attempt 181/300...
2025-10-26 23:44:53,364 - INFO - Setting up Chrome driver...
2025-10-26 23:44:53,384 - INFO - Using profile directory: C:\Windows\Temp\chrome_scraper_profile
2025-10-26 23:44:53,385 - INFO - Initializing Chrome driver (attempt 1/3)...
2025-10-26 23:45:02,663 - INFO - patching driver executable C:\laragon\www\dapokalsel\sekolah\~\appdata\roaming\undetected_chromedriver\undetected_chromedriver.exe
2025-10-26 23:45:03,698 - ERROR - Attempt 1 failed: Binary Location Must be a String
2025-10-26 23:45:03,698 - INFO - Retrying in 5 seconds...
2025-10-26 23:45:08,698 - INFO - Initializing Chrome driver (attempt 2/3)...
2025-10-26 23:45:19,736 - ERROR - Attempt 2 failed: [WinError 145] The directory is not empty: 'C:\\laragon\\www\\dapokalsel\\sekolah\\~\\appdata\\roaming\\undetected_chromedriver\\undetected\\chromedriver-win32'
2025-10-26 23:45:19,737 - INFO - Retrying in 5 seconds...
2025-10-26 23:45:24,739 - INFO - Initializing Chrome driver (attempt 3/3)...
2025-10-26 23:45:33,618 - ERROR - Attempt 3 failed: [WinError 145] The directory is not empty: 'C:\\laragon\\www\\dapokalsel\\sekolah\\~\\appdata\\roaming\\undetected_chromedriver\\undetected\\chromedriver-win32'
2025-10-26 23:45:33,619 - ERROR - All attempts failed to setup driver
Traceback (most recent call last):
  File "C:\laragon\www\dapokalsel\sekolah\import_url_kabupaten.pyw", line 115, in setup_driver
    driver = uc.Chrome(
  File "C:\laragon\bin\python\python-3.10\lib\site-packages\undetected_chromedriver\__init__.py", line 258, in __init__
    self.patcher.auto()
  File "C:\laragon\bin\python\python-3.10\lib\site-packages\undetected_chromedriver\patcher.py", line 178, in auto
    self.unzip_package(self.fetch_package())
  File "C:\laragon\bin\python\python-3.10\lib\site-packages\undetected_chromedriver\patcher.py", line 312, in unzip_package
    shutil.rmtree(self.zip_path)
  File "C:\laragon\bin\python\python-3.10\lib\shutil.py", line 749, in rmtree
    return _rmtree_unsafe(path, onerror)
  File "C:\laragon\bin\python\python-3.10\lib\shutil.py", line 614, in _rmtree_unsafe
    _rmtree_unsafe(fullname, onerror)
  File "C:\laragon\bin\python\python-3.10\lib\shutil.py", line 623, in _rmtree_unsafe
    onerror(os.rmdir, path, sys.exc_info())
  File "C:\laragon\bin\python\python-3.10\lib\shutil.py", line 621, in _rmtree_unsafe
    os.rmdir(path)
OSError: [WinError 145] The directory is not empty: 'C:\\laragon\\www\\dapokalsel\\sekolah\\~\\appdata\\roaming\\undetected_chromedriver\\undetected\\chromedriver-win32'
2025-10-26 23:45:34,093 - ERROR - Error on attempt 181: Failed to setup driver
Traceback (most recent call last):
  File "C:\laragon\www\dapokalsel\sekolah\import_url_kabupaten.pyw", line 435, in process_url_induk
    raise Exception("Failed to setup driver")
Exception: Failed to setup driver
2025-10-26 23:45:34,094 - INFO - Retry attempt 182/300...
2025-10-26 23:45:49,094 - INFO - Setting up Chrome driver...
2025-10-26 23:45:49,212 - INFO - Using profile directory: C:\Windows\Temp\chrome_scraper_profile
2025-10-26 23:45:49,213 - INFO - Initializing Chrome driver (attempt 1/3)...
2025-10-26 23:45:59,927 - ERROR - Attempt 1 failed: [WinError 183] Cannot create a file when that file already exists: 'C:\\laragon\\www\\dapokalsel\\sekolah\\~\\appdata\\roaming\\undetected_chromedriver\\undetected\\chromedriver-win32\\chromedriver.exe' -> 'C:\\laragon\\www\\dapokalsel\\sekolah\\~\\appdata\\roaming\\undetected_chromedriver\\undetected_chromedriver.exe'
2025-10-26 23:45:59,927 - INFO - Retrying in 5 seconds...
2025-10-26 23:46:04,927 - INFO - Initializing Chrome driver (attempt 2/3)...
2025-10-26 23:46:18,133 - INFO - patching driver executable C:\laragon\www\dapokalsel\sekolah\~\appdata\roaming\undetected_chromedriver\undetected_chromedriver.exe
2025-10-26 23:46:18,628 - ERROR - Attempt 2 failed: Binary Location Must be a String
2025-10-26 23:46:18,629 - INFO - Retrying in 5 seconds...
2025-10-26 23:46:23,630 - INFO - Initializing Chrome driver (attempt 3/3)...
2025-10-26 23:46:35,482 - ERROR - Attempt 3 failed: [WinError 183] Cannot create a file when that file already exists: 'C:\\laragon\\www\\dapokalsel\\sekolah\\~\\appdata\\roaming\\undetected_chromedriver\\undetected\\chromedriver-win32\\chromedriver.exe' -> 'C:\\laragon\\www\\dapokalsel\\sekolah\\~\\appdata\\roaming\\undetected_chromedriver\\undetected_chromedriver.exe'
2025-10-26 23:46:35,483 - ERROR - All attempts failed to setup driver
Traceback (most recent call last):
  File "C:\laragon\www\dapokalsel\sekolah\import_url_kabupaten.pyw", line 115, in setup_driver
    driver = uc.Chrome(
  File "C:\laragon\bin\python\python-3.10\lib\site-packages\undetected_chromedriver\__init__.py", line 258, in __init__
    self.patcher.auto()
  File "C:\laragon\bin\python\python-3.10\lib\site-packages\undetected_chromedriver\patcher.py", line 178, in auto
    self.unzip_package(self.fetch_package())
  File "C:\laragon\bin\python\python-3.10\lib\site-packages\undetected_chromedriver\patcher.py", line 310, in unzip_package
    os.rename(os.path.join(self.zip_path, exe_path), self.executable_path)
FileExistsError: [WinError 183] Cannot create a file when that file already exists: 'C:\\laragon\\www\\dapokalsel\\sekolah\\~\\appdata\\roaming\\undetected_chromedriver\\undetected\\chromedriver-win32\\chromedriver.exe' -> 'C:\\laragon\\www\\dapokalsel\\sekolah\\~\\appdata\\roaming\\undetected_chromedriver\\undetected_chromedriver.exe'
2025-10-26 23:46:35,486 - ERROR - Error on attempt 182: Failed to setup driver
Traceback (most recent call last):
  File "C:\laragon\www\dapokalsel\sekolah\import_url_kabupaten.pyw", line 435, in process_url_induk
    raise Exception("Failed to setup driver")
Exception: Failed to setup driver
2025-10-26 23:46:35,561 - INFO - Retry attempt 183/300...
2025-10-26 23:46:50,562 - INFO - Setting up Chrome driver...
2025-10-26 23:46:50,662 - INFO - Using profile directory: C:\Windows\Temp\chrome_scraper_profile
2025-10-26 23:46:50,663 - INFO - Initializing Chrome driver (attempt 1/3)...
2025-10-26 23:47:00,279 - ERROR - Attempt 1 failed: [WinError 183] Cannot create a file when that file already exists: 'C:\\laragon\\www\\dapokalsel\\sekolah\\~\\appdata\\roaming\\undetected_chromedriver\\undetected\\chromedriver-win32\\chromedriver.exe' -> 'C:\\laragon\\www\\dapokalsel\\sekolah\\~\\appdata\\roaming\\undetected_chromedriver\\undetected_chromedriver.exe'
2025-10-26 23:47:00,279 - INFO - Retrying in 5 seconds...
2025-10-26 23:47:05,280 - INFO - Initializing Chrome driver (attempt 2/3)...
2025-10-26 23:47:08,596 - INFO - patching driver executable C:\laragon\www\dapokalsel\sekolah\~\appdata\roaming\undetected_chromedriver\undetected_chromedriver.exe
2025-10-26 23:47:08,686 - ERROR - Attempt 2 failed: Binary Location Must be a String
2025-10-26 23:47:08,686 - INFO - Retrying in 5 seconds...
2025-10-26 23:47:13,687 - INFO - Initializing Chrome driver (attempt 3/3)...
2025-10-26 23:47:22,410 - INFO - patching driver executable C:\laragon\www\dapokalsel\sekolah\~\appdata\roaming\undetected_chromedriver\undetected_chromedriver.exe
2025-10-26 23:47:23,361 - ERROR - Attempt 3 failed: you cannot reuse the ChromeOptions object
2025-10-26 23:47:23,362 - ERROR - All attempts failed to setup driver
Traceback (most recent call last):
  File "C:\laragon\www\dapokalsel\sekolah\import_url_kabupaten.pyw", line 115, in setup_driver
    driver = uc.Chrome(
  File "C:\laragon\bin\python\python-3.10\lib\site-packages\undetected_chromedriver\__init__.py", line 269, in __init__
    raise RuntimeError("you cannot reuse the ChromeOptions object")
RuntimeError: you cannot reuse the ChromeOptions object
2025-10-26 23:47:23,605 - ERROR - Error on attempt 183: Failed to setup driver
Traceback (most recent call last):
  File "C:\laragon\www\dapokalsel\sekolah\import_url_kabupaten.pyw", line 435, in process_url_induk
    raise Exception("Failed to setup driver")
Exception: Failed to setup driver
2025-10-26 23:47:23,802 - INFO - Retry attempt 184/300...
2025-10-26 23:47:38,803 - INFO - Setting up Chrome driver...
2025-10-26 23:47:38,844 - INFO - Using profile directory: C:\Windows\Temp\chrome_scraper_profile
2025-10-26 23:47:38,844 - INFO - Initializing Chrome driver (attempt 1/3)...
2025-10-26 23:47:49,120 - ERROR - Attempt 1 failed: [WinError 183] Cannot create a file when that file already exists: 'C:\\laragon\\www\\dapokalsel\\sekolah\\~\\appdata\\roaming\\undetected_chromedriver\\undetected\\chromedriver-win32\\chromedriver.exe' -> 'C:\\laragon\\www\\dapokalsel\\sekolah\\~\\appdata\\roaming\\undetected_chromedriver\\undetected_chromedriver.exe'
2025-10-26 23:47:49,121 - INFO - Retrying in 5 seconds...
2025-10-26 23:47:54,122 - INFO - Initializing Chrome driver (attempt 2/3)...
2025-10-26 23:48:05,780 - INFO - patching driver executable C:\laragon\www\dapokalsel\sekolah\~\appdata\roaming\undetected_chromedriver\undetected_chromedriver.exe
2025-10-26 23:48:06,409 - ERROR - Attempt 2 failed: Binary Location Must be a String
2025-10-26 23:48:06,409 - INFO - Retrying in 5 seconds...
2025-10-26 23:48:11,410 - INFO - Initializing Chrome driver (attempt 3/3)...
2025-10-26 23:48:19,480 - INFO - patching driver executable C:\laragon\www\dapokalsel\sekolah\~\appdata\roaming\undetected_chromedriver\undetected_chromedriver.exe
2025-10-26 23:48:19,764 - ERROR - Attempt 3 failed: you cannot reuse the ChromeOptions object
2025-10-26 23:48:19,764 - ERROR - All attempts failed to setup driver
Traceback (most recent call last):
  File "C:\laragon\www\dapokalsel\sekolah\import_url_kabupaten.pyw", line 115, in setup_driver
    driver = uc.Chrome(
  File "C:\laragon\bin\python\python-3.10\lib\site-packages\undetected_chromedriver\__init__.py", line 269, in __init__
    raise RuntimeError("you cannot reuse the ChromeOptions object")
RuntimeError: you cannot reuse the ChromeOptions object
2025-10-26 23:48:20,188 - ERROR - Error on attempt 184: Failed to setup driver
Traceback (most recent call last):
  File "C:\laragon\www\dapokalsel\sekolah\import_url_kabupaten.pyw", line 435, in process_url_induk
    raise Exception("Failed to setup driver")
Exception: Failed to setup driver
2025-10-26 23:48:20,188 - INFO - Retry attempt 185/300...
2025-10-26 23:48:35,189 - INFO - Setting up Chrome driver...
2025-10-26 23:48:35,325 - INFO - Using profile directory: C:\Windows\Temp\chrome_scraper_profile
2025-10-26 23:48:35,326 - INFO - Initializing Chrome driver (attempt 1/3)...
2025-10-26 23:48:43,312 - INFO - patching driver executable C:\laragon\www\dapokalsel\sekolah\~\appdata\roaming\undetected_chromedriver\undetected_chromedriver.exe
2025-10-26 23:48:44,022 - ERROR - Attempt 1 failed: Binary Location Must be a String
2025-10-26 23:48:44,022 - INFO - Retrying in 5 seconds...
2025-10-26 23:48:49,022 - INFO - Initializing Chrome driver (attempt 2/3)...
2025-10-26 23:49:00,691 - ERROR - Attempt 2 failed: [WinError 183] Cannot create a file when that file already exists: 'C:\\laragon\\www\\dapokalsel\\sekolah\\~\\appdata\\roaming\\undetected_chromedriver\\undetected\\chromedriver-win32\\chromedriver.exe' -> 'C:\\laragon\\www\\dapokalsel\\sekolah\\~\\appdata\\roaming\\undetected_chromedriver\\undetected_chromedriver.exe'
2025-10-26 23:49:00,691 - INFO - Retrying in 5 seconds...
2025-10-26 23:49:05,691 - INFO - Initializing Chrome driver (attempt 3/3)...
2025-10-26 23:49:15,857 - ERROR - Attempt 3 failed: [WinError 183] Cannot create a file when that file already exists: 'C:\\laragon\\www\\dapokalsel\\sekolah\\~\\appdata\\roaming\\undetected_chromedriver\\undetected\\chromedriver-win32\\chromedriver.exe' -> 'C:\\laragon\\www\\dapokalsel\\sekolah\\~\\appdata\\roaming\\undetected_chromedriver\\undetected_chromedriver.exe'
2025-10-26 23:49:15,857 - ERROR - All attempts failed to setup driver
Traceback (most recent call last):
  File "C:\laragon\www\dapokalsel\sekolah\import_url_kabupaten.pyw", line 115, in setup_driver
    driver = uc.Chrome(
  File "C:\laragon\bin\python\python-3.10\lib\site-packages\undetected_chromedriver\__init__.py", line 258, in __init__
    self.patcher.auto()
  File "C:\laragon\bin\python\python-3.10\lib\site-packages\undetected_chromedriver\patcher.py", line 178, in auto
    self.unzip_package(self.fetch_package())
  File "C:\laragon\bin\python\python-3.10\lib\site-packages\undetected_chromedriver\patcher.py", line 310, in unzip_package
    os.rename(os.path.join(self.zip_path, exe_path), self.executable_path)
FileExistsError: [WinError 183] Cannot create a file when that file already exists: 'C:\\laragon\\www\\dapokalsel\\sekolah\\~\\appdata\\roaming\\undetected_chromedriver\\undetected\\chromedriver-win32\\chromedriver.exe' -> 'C:\\laragon\\www\\dapokalsel\\sekolah\\~\\appdata\\roaming\\undetected_chromedriver\\undetected_chromedriver.exe'
2025-10-26 23:49:16,258 - ERROR - Error on attempt 185: Failed to setup driver
Traceback (most recent call last):
  File "C:\laragon\www\dapokalsel\sekolah\import_url_kabupaten.pyw", line 435, in process_url_induk
    raise Exception("Failed to setup driver")
Exception: Failed to setup driver
2025-10-26 23:49:16,452 - INFO - Retry attempt 186/300...
2025-10-26 23:49:31,454 - INFO - Setting up Chrome driver...
2025-10-26 23:49:31,525 - INFO - Using profile directory: C:\Windows\Temp\chrome_scraper_profile
2025-10-26 23:49:31,525 - INFO - Initializing Chrome driver (attempt 1/3)...
2025-10-26 23:49:40,842 - INFO - patching driver executable C:\laragon\www\dapokalsel\sekolah\~\appdata\roaming\undetected_chromedriver\undetected_chromedriver.exe
2025-10-26 23:49:41,527 - ERROR - Attempt 1 failed: Binary Location Must be a String
2025-10-26 23:49:41,527 - INFO - Retrying in 5 seconds...
2025-10-26 23:49:46,528 - INFO - Initializing Chrome driver (attempt 2/3)...
2025-10-26 23:49:58,899 - ERROR - Attempt 2 failed: [WinError 2] The system cannot find the file specified: 'C:\\laragon\\www\\dapokalsel\\sekolah\\~\\appdata\\roaming\\undetected_chromedriver\\undetected\\chromedriver-win32\\chromedriver.exe' -> 'C:\\laragon\\www\\dapokalsel\\sekolah\\~\\appdata\\roaming\\undetected_chromedriver\\undetected_chromedriver.exe'
2025-10-26 23:49:58,900 - INFO - Retrying in 5 seconds...
2025-10-26 23:50:03,900 - INFO - Initializing Chrome driver (attempt 3/3)...
2025-10-26 23:50:07,810 - INFO - patching driver executable C:\laragon\www\dapokalsel\sekolah\~\appdata\roaming\undetected_chromedriver\undetected_chromedriver.exe
2025-10-26 23:50:08,054 - ERROR - Attempt 3 failed: you cannot reuse the ChromeOptions object
2025-10-26 23:50:08,055 - ERROR - All attempts failed to setup driver
Traceback (most recent call last):
  File "C:\laragon\www\dapokalsel\sekolah\import_url_kabupaten.pyw", line 115, in setup_driver
    driver = uc.Chrome(
  File "C:\laragon\bin\python\python-3.10\lib\site-packages\undetected_chromedriver\__init__.py", line 269, in __init__
    raise RuntimeError("you cannot reuse the ChromeOptions object")
RuntimeError: you cannot reuse the ChromeOptions object
2025-10-26 23:50:08,055 - ERROR - Error on attempt 186: Failed to setup driver
Traceback (most recent call last):
  File "C:\laragon\www\dapokalsel\sekolah\import_url_kabupaten.pyw", line 435, in process_url_induk
    raise Exception("Failed to setup driver")
Exception: Failed to setup driver
2025-10-26 23:50:08,055 - INFO - Retry attempt 187/300...
2025-10-26 23:50:23,055 - INFO - Setting up Chrome driver...
2025-10-26 23:50:23,056 - INFO - Using profile directory: C:\Windows\Temp\chrome_scraper_profile
2025-10-26 23:50:23,056 - INFO - Initializing Chrome driver (attempt 1/3)...
2025-10-26 23:50:26,833 - INFO - patching driver executable C:\laragon\www\dapokalsel\sekolah\~\appdata\roaming\undetected_chromedriver\undetected_chromedriver.exe
2025-10-26 23:50:26,970 - ERROR - Attempt 1 failed: Binary Location Must be a String
2025-10-26 23:50:26,971 - INFO - Retrying in 5 seconds...
2025-10-26 23:50:31,971 - INFO - Initializing Chrome driver (attempt 2/3)...
2025-10-26 23:50:34,839 - INFO - patching driver executable C:\laragon\www\dapokalsel\sekolah\~\appdata\roaming\undetected_chromedriver\undetected_chromedriver.exe
2025-10-26 23:50:35,130 - ERROR - Attempt 2 failed: you cannot reuse the ChromeOptions object
2025-10-26 23:50:35,130 - INFO - Retrying in 5 seconds...
2025-10-26 23:50:40,131 - INFO - Initializing Chrome driver (attempt 3/3)...
2025-10-26 23:50:43,560 - INFO - patching driver executable C:\laragon\www\dapokalsel\sekolah\~\appdata\roaming\undetected_chromedriver\undetected_chromedriver.exe
2025-10-26 23:50:43,795 - ERROR - Attempt 3 failed: you cannot reuse the ChromeOptions object
2025-10-26 23:50:43,795 - ERROR - All attempts failed to setup driver
Traceback (most recent call last):
  File "C:\laragon\www\dapokalsel\sekolah\import_url_kabupaten.pyw", line 115, in setup_driver
    driver = uc.Chrome(
  File "C:\laragon\bin\python\python-3.10\lib\site-packages\undetected_chromedriver\__init__.py", line 269, in __init__
    raise RuntimeError("you cannot reuse the ChromeOptions object")
RuntimeError: you cannot reuse the ChromeOptions object
2025-10-26 23:50:43,795 - ERROR - Error on attempt 187: Failed to setup driver
Traceback (most recent call last):
  File "C:\laragon\www\dapokalsel\sekolah\import_url_kabupaten.pyw", line 435, in process_url_induk
    raise Exception("Failed to setup driver")
Exception: Failed to setup driver
2025-10-26 23:50:43,796 - INFO - Retry attempt 188/300...
2025-10-26 23:50:58,797 - INFO - Setting up Chrome driver...
2025-10-26 23:50:58,797 - INFO - Using profile directory: C:\Windows\Temp\chrome_scraper_profile
2025-10-26 23:50:58,797 - INFO - Initializing Chrome driver (attempt 1/3)...
2025-10-26 23:51:03,289 - INFO - patching driver executable C:\laragon\www\dapokalsel\sekolah\~\appdata\roaming\undetected_chromedriver\undetected_chromedriver.exe
2025-10-26 23:51:03,416 - ERROR - Attempt 1 failed: Binary Location Must be a String
2025-10-26 23:51:03,417 - INFO - Retrying in 5 seconds...
2025-10-26 23:51:08,418 - INFO - Initializing Chrome driver (attempt 2/3)...
2025-10-26 23:51:11,920 - INFO - patching driver executable C:\laragon\www\dapokalsel\sekolah\~\appdata\roaming\undetected_chromedriver\undetected_chromedriver.exe
2025-10-26 23:51:12,050 - ERROR - Attempt 2 failed: you cannot reuse the ChromeOptions object
2025-10-26 23:51:12,050 - INFO - Retrying in 5 seconds...
2025-10-26 23:51:17,051 - INFO - Initializing Chrome driver (attempt 3/3)...
2025-10-26 23:51:21,588 - INFO - patching driver executable C:\laragon\www\dapokalsel\sekolah\~\appdata\roaming\undetected_chromedriver\undetected_chromedriver.exe
2025-10-26 23:51:21,675 - ERROR - Attempt 3 failed: you cannot reuse the ChromeOptions object
2025-10-26 23:51:21,675 - ERROR - All attempts failed to setup driver
Traceback (most recent call last):
  File "C:\laragon\www\dapokalsel\sekolah\import_url_kabupaten.pyw", line 115, in setup_driver
    driver = uc.Chrome(
  File "C:\laragon\bin\python\python-3.10\lib\site-packages\undetected_chromedriver\__init__.py", line 269, in __init__
    raise RuntimeError("you cannot reuse the ChromeOptions object")
RuntimeError: you cannot reuse the ChromeOptions object
2025-10-26 23:51:21,676 - ERROR - Error on attempt 188: Failed to setup driver
Traceback (most recent call last):
  File "C:\laragon\www\dapokalsel\sekolah\import_url_kabupaten.pyw", line 435, in process_url_induk
    raise Exception("Failed to setup driver")
Exception: Failed to setup driver
2025-10-26 23:51:21,676 - INFO - Retry attempt 189/300...
2025-10-26 23:51:36,677 - INFO - Setting up Chrome driver...
2025-10-26 23:51:36,677 - INFO - Using profile directory: C:\Windows\Temp\chrome_scraper_profile
2025-10-26 23:51:36,677 - INFO - Initializing Chrome driver (attempt 1/3)...
2025-10-26 23:51:39,502 - INFO - patching driver executable C:\laragon\www\dapokalsel\sekolah\~\appdata\roaming\undetected_chromedriver\undetected_chromedriver.exe
2025-10-26 23:51:39,615 - ERROR - Attempt 1 failed: Binary Location Must be a String
2025-10-26 23:51:39,616 - INFO - Retrying in 5 seconds...
2025-10-26 23:51:44,616 - INFO - Initializing Chrome driver (attempt 2/3)...
2025-10-26 23:51:47,962 - INFO - patching driver executable C:\laragon\www\dapokalsel\sekolah\~\appdata\roaming\undetected_chromedriver\undetected_chromedriver.exe
2025-10-26 23:51:48,033 - ERROR - Attempt 2 failed: you cannot reuse the ChromeOptions object
2025-10-26 23:51:48,033 - INFO - Retrying in 5 seconds...
2025-10-26 23:51:53,034 - INFO - Initializing Chrome driver (attempt 3/3)...
2025-10-26 23:51:56,247 - INFO - patching driver executable C:\laragon\www\dapokalsel\sekolah\~\appdata\roaming\undetected_chromedriver\undetected_chromedriver.exe
2025-10-26 23:51:56,382 - ERROR - Attempt 3 failed: you cannot reuse the ChromeOptions object
2025-10-26 23:51:56,382 - ERROR - All attempts failed to setup driver
Traceback (most recent call last):
  File "C:\laragon\www\dapokalsel\sekolah\import_url_kabupaten.pyw", line 115, in setup_driver
    driver = uc.Chrome(
  File "C:\laragon\bin\python\python-3.10\lib\site-packages\undetected_chromedriver\__init__.py", line 269, in __init__
    raise RuntimeError("you cannot reuse the ChromeOptions object")
RuntimeError: you cannot reuse the ChromeOptions object
2025-10-26 23:51:56,383 - ERROR - Error on attempt 189: Failed to setup driver
Traceback (most recent call last):
  File "C:\laragon\www\dapokalsel\sekolah\import_url_kabupaten.pyw", line 435, in process_url_induk
    raise Exception("Failed to setup driver")
Exception: Failed to setup driver
2025-10-26 23:51:56,383 - INFO - Retry attempt 190/300...
2025-10-26 23:52:11,383 - INFO - Setting up Chrome driver...
2025-10-26 23:52:11,384 - INFO - Using profile directory: C:\Windows\Temp\chrome_scraper_profile
2025-10-26 23:52:11,384 - INFO - Initializing Chrome driver (attempt 1/3)...
2025-10-26 23:52:14,356 - INFO - patching driver executable C:\laragon\www\dapokalsel\sekolah\~\appdata\roaming\undetected_chromedriver\undetected_chromedriver.exe
2025-10-26 23:52:14,439 - ERROR - Attempt 1 failed: Binary Location Must be a String
2025-10-26 23:52:14,439 - INFO - Retrying in 5 seconds...
2025-10-26 23:52:19,441 - INFO - Initializing Chrome driver (attempt 2/3)...
2025-10-26 23:52:22,382 - INFO - patching driver executable C:\laragon\www\dapokalsel\sekolah\~\appdata\roaming\undetected_chromedriver\undetected_chromedriver.exe
2025-10-26 23:52:22,464 - ERROR - Attempt 2 failed: you cannot reuse the ChromeOptions object
2025-10-26 23:52:22,464 - INFO - Retrying in 5 seconds...
2025-10-26 23:52:27,465 - INFO - Initializing Chrome driver (attempt 3/3)...
2025-10-26 23:52:31,172 - ERROR - Attempt 3 failed: [WinError 183] Cannot create a file when that file already exists: 'C:\\laragon\\www\\dapokalsel\\sekolah\\~\\appdata\\roaming\\undetected_chromedriver\\undetected\\chromedriver-win32\\chromedriver.exe' -> 'C:\\laragon\\www\\dapokalsel\\sekolah\\~\\appdata\\roaming\\undetected_chromedriver\\undetected_chromedriver.exe'
2025-10-26 23:52:31,172 - ERROR - All attempts failed to setup driver
Traceback (most recent call last):
  File "C:\laragon\www\dapokalsel\sekolah\import_url_kabupaten.pyw", line 115, in setup_driver
    driver = uc.Chrome(
  File "C:\laragon\bin\python\python-3.10\lib\site-packages\undetected_chromedriver\__init__.py", line 258, in __init__
    self.patcher.auto()
  File "C:\laragon\bin\python\python-3.10\lib\site-packages\undetected_chromedriver\patcher.py", line 178, in auto
    self.unzip_package(self.fetch_package())
  File "C:\laragon\bin\python\python-3.10\lib\site-packages\undetected_chromedriver\patcher.py", line 310, in unzip_package
    os.rename(os.path.join(self.zip_path, exe_path), self.executable_path)
FileExistsError: [WinError 183] Cannot create a file when that file already exists: 'C:\\laragon\\www\\dapokalsel\\sekolah\\~\\appdata\\roaming\\undetected_chromedriver\\undetected\\chromedriver-win32\\chromedriver.exe' -> 'C:\\laragon\\www\\dapokalsel\\sekolah\\~\\appdata\\roaming\\undetected_chromedriver\\undetected_chromedriver.exe'
2025-10-26 23:52:31,173 - ERROR - Error on attempt 190: Failed to setup driver
Traceback (most recent call last):
  File "C:\laragon\www\dapokalsel\sekolah\import_url_kabupaten.pyw", line 435, in process_url_induk
    raise Exception("Failed to setup driver")
Exception: Failed to setup driver
2025-10-26 23:52:31,173 - INFO - Retry attempt 191/300...
2025-10-26 23:52:46,173 - INFO - Setting up Chrome driver...
2025-10-26 23:52:46,173 - INFO - Using profile directory: C:\Windows\Temp\chrome_scraper_profile
2025-10-26 23:52:46,173 - INFO - Initializing Chrome driver (attempt 1/3)...
2025-10-26 23:52:49,960 - INFO - patching driver executable C:\laragon\www\dapokalsel\sekolah\~\appdata\roaming\undetected_chromedriver\undetected_chromedriver.exe
2025-10-26 23:52:50,037 - ERROR - Attempt 1 failed: Binary Location Must be a String
2025-10-26 23:52:50,037 - INFO - Retrying in 5 seconds...
2025-10-26 23:52:55,039 - INFO - Initializing Chrome driver (attempt 2/3)...
2025-10-26 23:52:57,996 - INFO - patching driver executable C:\laragon\www\dapokalsel\sekolah\~\appdata\roaming\undetected_chromedriver\undetected_chromedriver.exe
2025-10-26 23:52:58,070 - ERROR - Attempt 2 failed: you cannot reuse the ChromeOptions object
2025-10-26 23:52:58,070 - INFO - Retrying in 5 seconds...
2025-10-26 23:53:03,070 - INFO - Initializing Chrome driver (attempt 3/3)...
2025-10-26 23:53:06,261 - INFO - patching driver executable C:\laragon\www\dapokalsel\sekolah\~\appdata\roaming\undetected_chromedriver\undetected_chromedriver.exe
2025-10-26 23:53:06,338 - ERROR - Attempt 3 failed: you cannot reuse the ChromeOptions object
2025-10-26 23:53:06,338 - ERROR - All attempts failed to setup driver
Traceback (most recent call last):
  File "C:\laragon\www\dapokalsel\sekolah\import_url_kabupaten.pyw", line 115, in setup_driver
    driver = uc.Chrome(
  File "C:\laragon\bin\python\python-3.10\lib\site-packages\undetected_chromedriver\__init__.py", line 269, in __init__
    raise RuntimeError("you cannot reuse the ChromeOptions object")
RuntimeError: you cannot reuse the ChromeOptions object
2025-10-26 23:53:06,338 - ERROR - Error on attempt 191: Failed to setup driver
Traceback (most recent call last):
  File "C:\laragon\www\dapokalsel\sekolah\import_url_kabupaten.pyw", line 435, in process_url_induk
    raise Exception("Failed to setup driver")
Exception: Failed to setup driver
2025-10-26 23:53:06,339 - INFO - Retry attempt 192/300...
2025-10-26 23:53:21,339 - INFO - Setting up Chrome driver...
2025-10-26 23:53:21,340 - INFO - Using profile directory: C:\Windows\Temp\chrome_scraper_profile
2025-10-26 23:53:21,340 - INFO - Initializing Chrome driver (attempt 1/3)...
2025-10-26 23:53:24,898 - INFO - patching driver executable C:\laragon\www\dapokalsel\sekolah\~\appdata\roaming\undetected_chromedriver\undetected_chromedriver.exe
2025-10-26 23:53:25,215 - ERROR - Attempt 1 failed: Binary Location Must be a String
2025-10-26 23:53:25,215 - INFO - Retrying in 5 seconds...
2025-10-26 23:53:30,216 - INFO - Initializing Chrome driver (attempt 2/3)...
2025-10-26 23:53:34,844 - INFO - patching driver executable C:\laragon\www\dapokalsel\sekolah\~\appdata\roaming\undetected_chromedriver\undetected_chromedriver.exe
2025-10-26 23:53:34,922 - ERROR - Attempt 2 failed: you cannot reuse the ChromeOptions object
2025-10-26 23:53:34,922 - INFO - Retrying in 5 seconds...
2025-10-26 23:53:39,924 - INFO - Initializing Chrome driver (attempt 3/3)...
2025-10-26 23:53:46,304 - ERROR - Attempt 3 failed: [WinError 183] Cannot create a file when that file already exists: 'C:\\laragon\\www\\dapokalsel\\sekolah\\~\\appdata\\roaming\\undetected_chromedriver\\undetected\\chromedriver-win32\\chromedriver.exe' -> 'C:\\laragon\\www\\dapokalsel\\sekolah\\~\\appdata\\roaming\\undetected_chromedriver\\undetected_chromedriver.exe'
2025-10-26 23:53:46,304 - ERROR - All attempts failed to setup driver
Traceback (most recent call last):
  File "C:\laragon\www\dapokalsel\sekolah\import_url_kabupaten.pyw", line 115, in setup_driver
    driver = uc.Chrome(
  File "C:\laragon\bin\python\python-3.10\lib\site-packages\undetected_chromedriver\__init__.py", line 258, in __init__
    self.patcher.auto()
  File "C:\laragon\bin\python\python-3.10\lib\site-packages\undetected_chromedriver\patcher.py", line 178, in auto
    self.unzip_package(self.fetch_package())
  File "C:\laragon\bin\python\python-3.10\lib\site-packages\undetected_chromedriver\patcher.py", line 310, in unzip_package
    os.rename(os.path.join(self.zip_path, exe_path), self.executable_path)
FileExistsError: [WinError 183] Cannot create a file when that file already exists: 'C:\\laragon\\www\\dapokalsel\\sekolah\\~\\appdata\\roaming\\undetected_chromedriver\\undetected\\chromedriver-win32\\chromedriver.exe' -> 'C:\\laragon\\www\\dapokalsel\\sekolah\\~\\appdata\\roaming\\undetected_chromedriver\\undetected_chromedriver.exe'
2025-10-26 23:53:46,305 - ERROR - Error on attempt 192: Failed to setup driver
Traceback (most recent call last):
  File "C:\laragon\www\dapokalsel\sekolah\import_url_kabupaten.pyw", line 435, in process_url_induk
    raise Exception("Failed to setup driver")
Exception: Failed to setup driver
2025-10-26 23:53:46,305 - INFO - Retry attempt 193/300...
2025-10-26 23:54:01,305 - INFO - Setting up Chrome driver...
2025-10-26 23:54:01,306 - INFO - Using profile directory: C:\Windows\Temp\chrome_scraper_profile
2025-10-26 23:54:01,306 - INFO - Initializing Chrome driver (attempt 1/3)...
2025-10-26 23:54:04,610 - INFO - patching driver executable C:\laragon\www\dapokalsel\sekolah\~\appdata\roaming\undetected_chromedriver\undetected_chromedriver.exe
2025-10-26 23:54:04,724 - ERROR - Attempt 1 failed: Binary Location Must be a String
2025-10-26 23:54:04,724 - INFO - Retrying in 5 seconds...
2025-10-26 23:54:09,724 - INFO - Initializing Chrome driver (attempt 2/3)...
2025-10-26 23:54:18,092 - ERROR - Attempt 2 failed: [WinError 183] Cannot create a file when that file already exists: 'C:\\laragon\\www\\dapokalsel\\sekolah\\~\\appdata\\roaming\\undetected_chromedriver\\undetected\\chromedriver-win32\\chromedriver.exe' -> 'C:\\laragon\\www\\dapokalsel\\sekolah\\~\\appdata\\roaming\\undetected_chromedriver\\undetected_chromedriver.exe'
2025-10-26 23:54:18,092 - INFO - Retrying in 5 seconds...
2025-10-26 23:54:23,092 - INFO - Initializing Chrome driver (attempt 3/3)...
2025-10-26 23:54:29,705 - INFO - patching driver executable C:\laragon\www\dapokalsel\sekolah\~\appdata\roaming\undetected_chromedriver\undetected_chromedriver.exe
2025-10-26 23:54:32,885 - ERROR - Attempt 3 failed: you cannot reuse the ChromeOptions object
2025-10-26 23:54:32,885 - ERROR - All attempts failed to setup driver
Traceback (most recent call last):
  File "C:\laragon\www\dapokalsel\sekolah\import_url_kabupaten.pyw", line 115, in setup_driver
    driver = uc.Chrome(
  File "C:\laragon\bin\python\python-3.10\lib\site-packages\undetected_chromedriver\__init__.py", line 269, in __init__
    raise RuntimeError("you cannot reuse the ChromeOptions object")
RuntimeError: you cannot reuse the ChromeOptions object
2025-10-26 23:54:32,886 - ERROR - Error on attempt 193: Failed to setup driver
Traceback (most recent call last):
  File "C:\laragon\www\dapokalsel\sekolah\import_url_kabupaten.pyw", line 435, in process_url_induk
    raise Exception("Failed to setup driver")
Exception: Failed to setup driver
2025-10-26 23:54:32,886 - INFO - Retry attempt 194/300...
2025-10-26 23:54:47,888 - INFO - Setting up Chrome driver...
2025-10-26 23:54:47,889 - INFO - Using profile directory: C:\Windows\Temp\chrome_scraper_profile
2025-10-26 23:54:47,889 - INFO - Initializing Chrome driver (attempt 1/3)...
2025-10-26 23:54:57,812 - ERROR - Attempt 1 failed: [WinError 183] Cannot create a file when that file already exists: 'C:\\laragon\\www\\dapokalsel\\sekolah\\~\\appdata\\roaming\\undetected_chromedriver\\undetected\\chromedriver-win32\\chromedriver.exe' -> 'C:\\laragon\\www\\dapokalsel\\sekolah\\~\\appdata\\roaming\\undetected_chromedriver\\undetected_chromedriver.exe'
2025-10-26 23:54:57,813 - INFO - Retrying in 5 seconds...
2025-10-26 23:55:02,813 - INFO - Initializing Chrome driver (attempt 2/3)...
2025-10-26 23:55:07,636 - ERROR - Attempt 2 failed: [WinError 183] Cannot create a file when that file already exists: 'C:\\laragon\\www\\dapokalsel\\sekolah\\~\\appdata\\roaming\\undetected_chromedriver\\undetected\\chromedriver-win32\\chromedriver.exe' -> 'C:\\laragon\\www\\dapokalsel\\sekolah\\~\\appdata\\roaming\\undetected_chromedriver\\undetected_chromedriver.exe'
2025-10-26 23:55:07,637 - INFO - Retrying in 5 seconds...
2025-10-26 23:55:12,637 - INFO - Initializing Chrome driver (attempt 3/3)...
2025-10-26 23:55:16,018 - INFO - patching driver executable C:\laragon\www\dapokalsel\sekolah\~\appdata\roaming\undetected_chromedriver\undetected_chromedriver.exe
2025-10-26 23:55:16,155 - ERROR - Attempt 3 failed: Binary Location Must be a String
2025-10-26 23:55:16,155 - ERROR - All attempts failed to setup driver
Traceback (most recent call last):
  File "C:\laragon\www\dapokalsel\sekolah\import_url_kabupaten.pyw", line 115, in setup_driver
    driver = uc.Chrome(
  File "C:\laragon\bin\python\python-3.10\lib\site-packages\undetected_chromedriver\__init__.py", line 372, in __init__
    options.binary_location = (
  File "C:\laragon\bin\python\python-3.10\lib\site-packages\selenium\webdriver\chromium\options.py", line 52, in binary_location
    raise TypeError(self.BINARY_LOCATION_ERROR)
TypeError: Binary Location Must be a String
2025-10-26 23:55:16,156 - ERROR - Error on attempt 194: Failed to setup driver
Traceback (most recent call last):
  File "C:\laragon\www\dapokalsel\sekolah\import_url_kabupaten.pyw", line 435, in process_url_induk
    raise Exception("Failed to setup driver")
Exception: Failed to setup driver
2025-10-26 23:55:16,156 - INFO - Retry attempt 195/300...
2025-10-26 23:55:31,156 - INFO - Setting up Chrome driver...
2025-10-26 23:55:31,156 - INFO - Using profile directory: C:\Windows\Temp\chrome_scraper_profile
2025-10-26 23:55:31,156 - INFO - Initializing Chrome driver (attempt 1/3)...
2025-10-26 23:55:37,904 - INFO - patching driver executable C:\laragon\www\dapokalsel\sekolah\~\appdata\roaming\undetected_chromedriver\undetected_chromedriver.exe
2025-10-26 23:55:39,598 - ERROR - Attempt 1 failed: Binary Location Must be a String
2025-10-26 23:55:39,598 - INFO - Retrying in 5 seconds...
2025-10-26 23:55:44,598 - INFO - Initializing Chrome driver (attempt 2/3)...
2025-10-26 23:55:51,833 - ERROR - Attempt 2 failed: [WinError 183] Cannot create a file when that file already exists: 'C:\\laragon\\www\\dapokalsel\\sekolah\\~\\appdata\\roaming\\undetected_chromedriver\\undetected\\chromedriver-win32\\chromedriver.exe' -> 'C:\\laragon\\www\\dapokalsel\\sekolah\\~\\appdata\\roaming\\undetected_chromedriver\\undetected_chromedriver.exe'
2025-10-26 23:55:51,834 - INFO - Retrying in 5 seconds...
2025-10-26 23:55:56,835 - INFO - Initializing Chrome driver (attempt 3/3)...
2025-10-26 23:56:00,981 - INFO - patching driver executable C:\laragon\www\dapokalsel\sekolah\~\appdata\roaming\undetected_chromedriver\undetected_chromedriver.exe
2025-10-26 23:56:03,161 - ERROR - Attempt 3 failed: you cannot reuse the ChromeOptions object
2025-10-26 23:56:03,162 - ERROR - All attempts failed to setup driver
Traceback (most recent call last):
  File "C:\laragon\www\dapokalsel\sekolah\import_url_kabupaten.pyw", line 115, in setup_driver
    driver = uc.Chrome(
  File "C:\laragon\bin\python\python-3.10\lib\site-packages\undetected_chromedriver\__init__.py", line 269, in __init__
    raise RuntimeError("you cannot reuse the ChromeOptions object")
RuntimeError: you cannot reuse the ChromeOptions object
2025-10-26 23:56:03,162 - ERROR - Error on attempt 195: Failed to setup driver
Traceback (most recent call last):
  File "C:\laragon\www\dapokalsel\sekolah\import_url_kabupaten.pyw", line 435, in process_url_induk
    raise Exception("Failed to setup driver")
Exception: Failed to setup driver
2025-10-26 23:56:03,162 - INFO - Retry attempt 196/300...
2025-10-26 23:56:18,163 - INFO - Setting up Chrome driver...
2025-10-26 23:56:18,163 - INFO - Using profile directory: C:\Windows\Temp\chrome_scraper_profile
2025-10-26 23:56:18,163 - INFO - Initializing Chrome driver (attempt 1/3)...
2025-10-26 23:56:27,822 - ERROR - Attempt 1 failed: [WinError 183] Cannot create a file when that file already exists: 'C:\\laragon\\www\\dapokalsel\\sekolah\\~\\appdata\\roaming\\undetected_chromedriver\\undetected\\chromedriver-win32\\chromedriver.exe' -> 'C:\\laragon\\www\\dapokalsel\\sekolah\\~\\appdata\\roaming\\undetected_chromedriver\\undetected_chromedriver.exe'
2025-10-26 23:56:27,822 - INFO - Retrying in 5 seconds...
2025-10-26 23:56:32,823 - INFO - Initializing Chrome driver (attempt 2/3)...
2025-10-26 23:56:38,677 - ERROR - Attempt 2 failed: [WinError 183] Cannot create a file when that file already exists: 'C:\\laragon\\www\\dapokalsel\\sekolah\\~\\appdata\\roaming\\undetected_chromedriver\\undetected\\chromedriver-win32\\chromedriver.exe' -> 'C:\\laragon\\www\\dapokalsel\\sekolah\\~\\appdata\\roaming\\undetected_chromedriver\\undetected_chromedriver.exe'
2025-10-26 23:56:38,677 - INFO - Retrying in 5 seconds...
2025-10-26 23:56:43,678 - INFO - Initializing Chrome driver (attempt 3/3)...
2025-10-26 23:56:47,744 - INFO - patching driver executable C:\laragon\www\dapokalsel\sekolah\~\appdata\roaming\undetected_chromedriver\undetected_chromedriver.exe
2025-10-26 23:56:48,009 - ERROR - Attempt 3 failed: Binary Location Must be a String
2025-10-26 23:56:48,009 - ERROR - All attempts failed to setup driver
Traceback (most recent call last):
  File "C:\laragon\www\dapokalsel\sekolah\import_url_kabupaten.pyw", line 115, in setup_driver
    driver = uc.Chrome(
  File "C:\laragon\bin\python\python-3.10\lib\site-packages\undetected_chromedriver\__init__.py", line 372, in __init__
    options.binary_location = (
  File "C:\laragon\bin\python\python-3.10\lib\site-packages\selenium\webdriver\chromium\options.py", line 52, in binary_location
    raise TypeError(self.BINARY_LOCATION_ERROR)
TypeError: Binary Location Must be a String
2025-10-26 23:56:48,010 - ERROR - Error on attempt 196: Failed to setup driver
Traceback (most recent call last):
  File "C:\laragon\www\dapokalsel\sekolah\import_url_kabupaten.pyw", line 435, in process_url_induk
    raise Exception("Failed to setup driver")
Exception: Failed to setup driver
2025-10-26 23:56:48,010 - INFO - Retry attempt 197/300...
2025-10-26 23:57:03,012 - INFO - Setting up Chrome driver...
2025-10-26 23:57:03,012 - INFO - Using profile directory: C:\Windows\Temp\chrome_scraper_profile
2025-10-26 23:57:03,012 - INFO - Initializing Chrome driver (attempt 1/3)...
2025-10-26 23:57:12,144 - ERROR - Attempt 1 failed: [WinError 183] Cannot create a file when that file already exists: 'C:\\laragon\\www\\dapokalsel\\sekolah\\~\\appdata\\roaming\\undetected_chromedriver\\undetected\\chromedriver-win32\\chromedriver.exe' -> 'C:\\laragon\\www\\dapokalsel\\sekolah\\~\\appdata\\roaming\\undetected_chromedriver\\undetected_chromedriver.exe'
2025-10-26 23:57:12,144 - INFO - Retrying in 5 seconds...
2025-10-26 23:57:17,144 - INFO - Initializing Chrome driver (attempt 2/3)...
2025-10-26 23:57:29,319 - ERROR - Attempt 2 failed: [WinError 183] Cannot create a file when that file already exists: 'C:\\laragon\\www\\dapokalsel\\sekolah\\~\\appdata\\roaming\\undetected_chromedriver\\undetected\\chromedriver-win32\\chromedriver.exe' -> 'C:\\laragon\\www\\dapokalsel\\sekolah\\~\\appdata\\roaming\\undetected_chromedriver\\undetected_chromedriver.exe'
2025-10-26 23:57:29,319 - INFO - Retrying in 5 seconds...
2025-10-26 23:57:34,320 - INFO - Initializing Chrome driver (attempt 3/3)...
2025-10-26 23:57:39,661 - INFO - patching driver executable C:\laragon\www\dapokalsel\sekolah\~\appdata\roaming\undetected_chromedriver\undetected_chromedriver.exe
2025-10-26 23:57:42,581 - ERROR - Attempt 3 failed: Binary Location Must be a String
2025-10-26 23:57:42,582 - ERROR - All attempts failed to setup driver
Traceback (most recent call last):
  File "C:\laragon\www\dapokalsel\sekolah\import_url_kabupaten.pyw", line 115, in setup_driver
    driver = uc.Chrome(
  File "C:\laragon\bin\python\python-3.10\lib\site-packages\undetected_chromedriver\__init__.py", line 372, in __init__
    options.binary_location = (
  File "C:\laragon\bin\python\python-3.10\lib\site-packages\selenium\webdriver\chromium\options.py", line 52, in binary_location
    raise TypeError(self.BINARY_LOCATION_ERROR)
TypeError: Binary Location Must be a String
2025-10-26 23:57:42,582 - ERROR - Error on attempt 197: Failed to setup driver
Traceback (most recent call last):
  File "C:\laragon\www\dapokalsel\sekolah\import_url_kabupaten.pyw", line 435, in process_url_induk
    raise Exception("Failed to setup driver")
Exception: Failed to setup driver
2025-10-26 23:57:42,583 - INFO - Retry attempt 198/300...
2025-10-26 23:57:57,583 - INFO - Setting up Chrome driver...
2025-10-26 23:57:57,583 - INFO - Using profile directory: C:\Windows\Temp\chrome_scraper_profile
2025-10-26 23:57:57,584 - INFO - Initializing Chrome driver (attempt 1/3)...
2025-10-26 23:58:03,033 - INFO - patching driver executable C:\laragon\www\dapokalsel\sekolah\~\appdata\roaming\undetected_chromedriver\undetected_chromedriver.exe
2025-10-26 23:58:03,216 - ERROR - Attempt 1 failed: Binary Location Must be a String
2025-10-26 23:58:03,217 - INFO - Retrying in 5 seconds...
2025-10-26 23:58:08,218 - INFO - Initializing Chrome driver (attempt 2/3)...
2025-10-26 23:58:14,816 - INFO - patching driver executable C:\laragon\www\dapokalsel\sekolah\~\appdata\roaming\undetected_chromedriver\undetected_chromedriver.exe
2025-10-26 23:58:14,896 - ERROR - Attempt 2 failed: you cannot reuse the ChromeOptions object
2025-10-26 23:58:14,896 - INFO - Retrying in 5 seconds...
2025-10-26 23:58:19,897 - INFO - Initializing Chrome driver (attempt 3/3)...
2025-10-26 23:58:25,710 - INFO - patching driver executable C:\laragon\www\dapokalsel\sekolah\~\appdata\roaming\undetected_chromedriver\undetected_chromedriver.exe
2025-10-26 23:58:25,828 - ERROR - Attempt 3 failed: you cannot reuse the ChromeOptions object
2025-10-26 23:58:25,828 - ERROR - All attempts failed to setup driver
Traceback (most recent call last):
  File "C:\laragon\www\dapokalsel\sekolah\import_url_kabupaten.pyw", line 115, in setup_driver
    driver = uc.Chrome(
  File "C:\laragon\bin\python\python-3.10\lib\site-packages\undetected_chromedriver\__init__.py", line 269, in __init__
    raise RuntimeError("you cannot reuse the ChromeOptions object")
RuntimeError: you cannot reuse the ChromeOptions object
2025-10-26 23:58:25,829 - ERROR - Error on attempt 198: Failed to setup driver
Traceback (most recent call last):
  File "C:\laragon\www\dapokalsel\sekolah\import_url_kabupaten.pyw", line 435, in process_url_induk
    raise Exception("Failed to setup driver")
Exception: Failed to setup driver
2025-10-26 23:58:25,829 - INFO - Retry attempt 199/300...
2025-10-26 23:58:40,830 - INFO - Setting up Chrome driver...
2025-10-26 23:58:40,830 - INFO - Using profile directory: C:\Windows\Temp\chrome_scraper_profile
2025-10-26 23:58:40,830 - INFO - Initializing Chrome driver (attempt 1/3)...
2025-10-26 23:58:48,155 - INFO - patching driver executable C:\laragon\www\dapokalsel\sekolah\~\appdata\roaming\undetected_chromedriver\undetected_chromedriver.exe
2025-10-26 23:58:48,279 - ERROR - Attempt 1 failed: Binary Location Must be a String
2025-10-26 23:58:48,279 - INFO - Retrying in 5 seconds...
2025-10-26 23:58:53,280 - INFO - Initializing Chrome driver (attempt 2/3)...
2025-10-26 23:58:58,323 - INFO - patching driver executable C:\laragon\www\dapokalsel\sekolah\~\appdata\roaming\undetected_chromedriver\undetected_chromedriver.exe
2025-10-26 23:58:58,401 - ERROR - Attempt 2 failed: you cannot reuse the ChromeOptions object
2025-10-26 23:58:58,401 - INFO - Retrying in 5 seconds...
2025-10-26 23:59:03,401 - INFO - Initializing Chrome driver (attempt 3/3)...
2025-10-26 23:59:13,057 - INFO - patching driver executable C:\laragon\www\dapokalsel\sekolah\~\appdata\roaming\undetected_chromedriver\undetected_chromedriver.exe
2025-10-26 23:59:13,552 - ERROR - Attempt 3 failed: you cannot reuse the ChromeOptions object
2025-10-26 23:59:13,553 - ERROR - All attempts failed to setup driver
Traceback (most recent call last):
  File "C:\laragon\www\dapokalsel\sekolah\import_url_kabupaten.pyw", line 115, in setup_driver
    driver = uc.Chrome(
  File "C:\laragon\bin\python\python-3.10\lib\site-packages\undetected_chromedriver\__init__.py", line 269, in __init__
    raise RuntimeError("you cannot reuse the ChromeOptions object")
RuntimeError: you cannot reuse the ChromeOptions object
2025-10-26 23:59:13,553 - ERROR - Error on attempt 199: Failed to setup driver
Traceback (most recent call last):
  File "C:\laragon\www\dapokalsel\sekolah\import_url_kabupaten.pyw", line 435, in process_url_induk
    raise Exception("Failed to setup driver")
Exception: Failed to setup driver
2025-10-26 23:59:13,553 - INFO - Retry attempt 200/300...
2025-10-26 23:59:28,554 - INFO - Setting up Chrome driver...
2025-10-26 23:59:28,554 - INFO - Using profile directory: C:\Windows\Temp\chrome_scraper_profile
2025-10-26 23:59:28,554 - INFO - Initializing Chrome driver (attempt 1/3)...
2025-10-26 23:59:33,386 - ERROR - Attempt 1 failed: [WinError 183] Cannot create a file when that file already exists: 'C:\\laragon\\www\\dapokalsel\\sekolah\\~\\appdata\\roaming\\undetected_chromedriver\\undetected\\chromedriver-win32\\chromedriver.exe' -> 'C:\\laragon\\www\\dapokalsel\\sekolah\\~\\appdata\\roaming\\undetected_chromedriver\\undetected_chromedriver.exe'
2025-10-26 23:59:33,386 - INFO - Retrying in 5 seconds...
2025-10-26 23:59:38,387 - INFO - Initializing Chrome driver (attempt 2/3)...
2025-10-26 23:59:42,940 - INFO - patching driver executable C:\laragon\www\dapokalsel\sekolah\~\appdata\roaming\undetected_chromedriver\undetected_chromedriver.exe
2025-10-26 23:59:45,209 - ERROR - Attempt 2 failed: Binary Location Must be a String
2025-10-26 23:59:45,209 - INFO - Retrying in 5 seconds...
2025-10-26 23:59:50,209 - INFO - Initializing Chrome driver (attempt 3/3)...
2025-10-26 23:59:53,314 - INFO - patching driver executable C:\laragon\www\dapokalsel\sekolah\~\appdata\roaming\undetected_chromedriver\undetected_chromedriver.exe
2025-10-26 23:59:53,396 - ERROR - Attempt 3 failed: you cannot reuse the ChromeOptions object
2025-10-26 23:59:53,396 - ERROR - All attempts failed to setup driver
Traceback (most recent call last):
  File "C:\laragon\www\dapokalsel\sekolah\import_url_kabupaten.pyw", line 115, in setup_driver
    driver = uc.Chrome(
  File "C:\laragon\bin\python\python-3.10\lib\site-packages\undetected_chromedriver\__init__.py", line 269, in __init__
    raise RuntimeError("you cannot reuse the ChromeOptions object")
RuntimeError: you cannot reuse the ChromeOptions object
2025-10-26 23:59:53,397 - ERROR - Error on attempt 200: Failed to setup driver
Traceback (most recent call last):
  File "C:\laragon\www\dapokalsel\sekolah\import_url_kabupaten.pyw", line 435, in process_url_induk
    raise Exception("Failed to setup driver")
Exception: Failed to setup driver
2025-10-26 23:59:53,398 - INFO - Retry attempt 201/300...
2025-10-27 00:00:08,399 - INFO - Setting up Chrome driver...
2025-10-27 00:00:08,400 - INFO - Using profile directory: C:\Windows\Temp\chrome_scraper_profile
2025-10-27 00:00:08,400 - INFO - Initializing Chrome driver (attempt 1/3)...
2025-10-27 00:00:15,400 - INFO - patching driver executable C:\laragon\www\dapokalsel\sekolah\~\appdata\roaming\undetected_chromedriver\undetected_chromedriver.exe
2025-10-27 00:00:15,559 - ERROR - Attempt 1 failed: Binary Location Must be a String
2025-10-27 00:00:15,560 - INFO - Retrying in 5 seconds...
2025-10-27 00:00:20,560 - INFO - Initializing Chrome driver (attempt 2/3)...
2025-10-27 00:00:23,519 - ERROR - Attempt 2 failed: [WinError 183] Cannot create a file when that file already exists: 'C:\\laragon\\www\\dapokalsel\\sekolah\\~\\appdata\\roaming\\undetected_chromedriver\\undetected\\chromedriver-win32\\chromedriver.exe' -> 'C:\\laragon\\www\\dapokalsel\\sekolah\\~\\appdata\\roaming\\undetected_chromedriver\\undetected_chromedriver.exe'
2025-10-27 00:00:23,520 - INFO - Retrying in 5 seconds...
2025-10-27 00:00:28,520 - INFO - Initializing Chrome driver (attempt 3/3)...
2025-10-27 00:00:35,955 - INFO - patching driver executable C:\laragon\www\dapokalsel\sekolah\~\appdata\roaming\undetected_chromedriver\undetected_chromedriver.exe
2025-10-27 00:00:36,170 - ERROR - Attempt 3 failed: you cannot reuse the ChromeOptions object
2025-10-27 00:00:36,170 - ERROR - All attempts failed to setup driver
Traceback (most recent call last):
  File "C:\laragon\www\dapokalsel\sekolah\import_url_kabupaten.pyw", line 115, in setup_driver
    driver = uc.Chrome(
  File "C:\laragon\bin\python\python-3.10\lib\site-packages\undetected_chromedriver\__init__.py", line 269, in __init__
    raise RuntimeError("you cannot reuse the ChromeOptions object")
RuntimeError: you cannot reuse the ChromeOptions object
2025-10-27 00:00:36,171 - ERROR - Error on attempt 201: Failed to setup driver
Traceback (most recent call last):
  File "C:\laragon\www\dapokalsel\sekolah\import_url_kabupaten.pyw", line 435, in process_url_induk
    raise Exception("Failed to setup driver")
Exception: Failed to setup driver
2025-10-27 00:00:36,171 - INFO - Retry attempt 202/300...
2025-10-27 00:00:51,172 - INFO - Setting up Chrome driver...
2025-10-27 00:00:51,172 - INFO - Using profile directory: C:\Windows\Temp\chrome_scraper_profile
2025-10-27 00:00:51,172 - INFO - Initializing Chrome driver (attempt 1/3)...
2025-10-27 00:00:56,054 - INFO - patching driver executable C:\laragon\www\dapokalsel\sekolah\~\appdata\roaming\undetected_chromedriver\undetected_chromedriver.exe
2025-10-27 00:00:56,178 - ERROR - Attempt 1 failed: Binary Location Must be a String
2025-10-27 00:00:56,178 - INFO - Retrying in 5 seconds...
2025-10-27 00:01:01,179 - INFO - Initializing Chrome driver (attempt 2/3)...
2025-10-27 00:01:04,369 - INFO - patching driver executable C:\laragon\www\dapokalsel\sekolah\~\appdata\roaming\undetected_chromedriver\undetected_chromedriver.exe
2025-10-27 00:01:04,438 - ERROR - Attempt 2 failed: you cannot reuse the ChromeOptions object
2025-10-27 00:01:04,438 - INFO - Retrying in 5 seconds...
2025-10-27 00:01:09,439 - INFO - Initializing Chrome driver (attempt 3/3)...
2025-10-27 00:01:20,303 - INFO - patching driver executable C:\laragon\www\dapokalsel\sekolah\~\appdata\roaming\undetected_chromedriver\undetected_chromedriver.exe
2025-10-27 00:01:20,412 - ERROR - Attempt 3 failed: you cannot reuse the ChromeOptions object
2025-10-27 00:01:20,413 - ERROR - All attempts failed to setup driver
Traceback (most recent call last):
  File "C:\laragon\www\dapokalsel\sekolah\import_url_kabupaten.pyw", line 115, in setup_driver
    driver = uc.Chrome(
  File "C:\laragon\bin\python\python-3.10\lib\site-packages\undetected_chromedriver\__init__.py", line 269, in __init__
    raise RuntimeError("you cannot reuse the ChromeOptions object")
RuntimeError: you cannot reuse the ChromeOptions object
2025-10-27 00:01:20,413 - ERROR - Error on attempt 202: Failed to setup driver
Traceback (most recent call last):
  File "C:\laragon\www\dapokalsel\sekolah\import_url_kabupaten.pyw", line 435, in process_url_induk
    raise Exception("Failed to setup driver")
Exception: Failed to setup driver
2025-10-27 00:01:20,413 - INFO - Retry attempt 203/300...
2025-10-27 00:01:35,415 - INFO - Setting up Chrome driver...
2025-10-27 00:01:35,415 - INFO - Using profile directory: C:\Windows\Temp\chrome_scraper_profile
2025-10-27 00:01:35,416 - INFO - Initializing Chrome driver (attempt 1/3)...
2025-10-27 00:01:38,565 - INFO - patching driver executable C:\laragon\www\dapokalsel\sekolah\~\appdata\roaming\undetected_chromedriver\undetected_chromedriver.exe
2025-10-27 00:01:38,654 - ERROR - Attempt 1 failed: Binary Location Must be a String
2025-10-27 00:01:38,654 - INFO - Retrying in 5 seconds...
2025-10-27 00:01:43,654 - INFO - Initializing Chrome driver (attempt 2/3)...
2025-10-27 00:01:48,380 - INFO - patching driver executable C:\laragon\www\dapokalsel\sekolah\~\appdata\roaming\undetected_chromedriver\undetected_chromedriver.exe
2025-10-27 00:01:48,485 - ERROR - Attempt 2 failed: you cannot reuse the ChromeOptions object
2025-10-27 00:01:48,486 - INFO - Retrying in 5 seconds...
2025-10-27 00:01:53,486 - INFO - Initializing Chrome driver (attempt 3/3)...
2025-10-27 00:01:56,755 - INFO - patching driver executable C:\laragon\www\dapokalsel\sekolah\~\appdata\roaming\undetected_chromedriver\undetected_chromedriver.exe
2025-10-27 00:01:56,830 - ERROR - Attempt 3 failed: you cannot reuse the ChromeOptions object
2025-10-27 00:01:56,837 - ERROR - All attempts failed to setup driver
Traceback (most recent call last):
  File "C:\laragon\www\dapokalsel\sekolah\import_url_kabupaten.pyw", line 115, in setup_driver
    driver = uc.Chrome(
  File "C:\laragon\bin\python\python-3.10\lib\site-packages\undetected_chromedriver\__init__.py", line 269, in __init__
    raise RuntimeError("you cannot reuse the ChromeOptions object")
RuntimeError: you cannot reuse the ChromeOptions object
2025-10-27 00:01:56,837 - ERROR - Error on attempt 203: Failed to setup driver
Traceback (most recent call last):
  File "C:\laragon\www\dapokalsel\sekolah\import_url_kabupaten.pyw", line 435, in process_url_induk
    raise Exception("Failed to setup driver")
Exception: Failed to setup driver
2025-10-27 00:01:56,838 - INFO - Retry attempt 204/300...
2025-10-27 00:02:11,838 - INFO - Setting up Chrome driver...
2025-10-27 00:02:11,838 - INFO - Using profile directory: C:\Windows\Temp\chrome_scraper_profile
2025-10-27 00:02:11,838 - INFO - Initializing Chrome driver (attempt 1/3)...
2025-10-27 00:02:15,320 - INFO - patching driver executable C:\laragon\www\dapokalsel\sekolah\~\appdata\roaming\undetected_chromedriver\undetected_chromedriver.exe
2025-10-27 00:02:15,424 - ERROR - Attempt 1 failed: Binary Location Must be a String
2025-10-27 00:02:15,424 - INFO - Retrying in 5 seconds...
2025-10-27 00:02:20,424 - INFO - Initializing Chrome driver (attempt 2/3)...
2025-10-27 00:02:31,001 - INFO - patching driver executable C:\laragon\www\dapokalsel\sekolah\~\appdata\roaming\undetected_chromedriver\undetected_chromedriver.exe
2025-10-27 00:02:33,086 - ERROR - Attempt 2 failed: you cannot reuse the ChromeOptions object
2025-10-27 00:02:33,086 - INFO - Retrying in 5 seconds...
2025-10-27 00:02:38,087 - INFO - Initializing Chrome driver (attempt 3/3)...
2025-10-27 00:02:42,183 - ERROR - Attempt 3 failed: [WinError 183] Cannot create a file when that file already exists: 'C:\\laragon\\www\\dapokalsel\\sekolah\\~\\appdata\\roaming\\undetected_chromedriver\\undetected\\chromedriver-win32\\chromedriver.exe' -> 'C:\\laragon\\www\\dapokalsel\\sekolah\\~\\appdata\\roaming\\undetected_chromedriver\\undetected_chromedriver.exe'
2025-10-27 00:02:42,183 - ERROR - All attempts failed to setup driver
Traceback (most recent call last):
  File "C:\laragon\www\dapokalsel\sekolah\import_url_kabupaten.pyw", line 115, in setup_driver
    driver = uc.Chrome(
  File "C:\laragon\bin\python\python-3.10\lib\site-packages\undetected_chromedriver\__init__.py", line 258, in __init__
    self.patcher.auto()
  File "C:\laragon\bin\python\python-3.10\lib\site-packages\undetected_chromedriver\patcher.py", line 178, in auto
    self.unzip_package(self.fetch_package())
  File "C:\laragon\bin\python\python-3.10\lib\site-packages\undetected_chromedriver\patcher.py", line 310, in unzip_package
    os.rename(os.path.join(self.zip_path, exe_path), self.executable_path)
FileExistsError: [WinError 183] Cannot create a file when that file already exists: 'C:\\laragon\\www\\dapokalsel\\sekolah\\~\\appdata\\roaming\\undetected_chromedriver\\undetected\\chromedriver-win32\\chromedriver.exe' -> 'C:\\laragon\\www\\dapokalsel\\sekolah\\~\\appdata\\roaming\\undetected_chromedriver\\undetected_chromedriver.exe'
2025-10-27 00:02:42,184 - ERROR - Error on attempt 204: Failed to setup driver
Traceback (most recent call last):
  File "C:\laragon\www\dapokalsel\sekolah\import_url_kabupaten.pyw", line 435, in process_url_induk
    raise Exception("Failed to setup driver")
Exception: Failed to setup driver
2025-10-27 00:02:42,184 - INFO - Retry attempt 205/300...
2025-10-27 00:02:57,184 - INFO - Setting up Chrome driver...
2025-10-27 00:02:57,184 - INFO - Using profile directory: C:\Windows\Temp\chrome_scraper_profile
2025-10-27 00:02:57,184 - INFO - Initializing Chrome driver (attempt 1/3)...
2025-10-27 00:03:02,595 - ERROR - Attempt 1 failed: [WinError 183] Cannot create a file when that file already exists: 'C:\\laragon\\www\\dapokalsel\\sekolah\\~\\appdata\\roaming\\undetected_chromedriver\\undetected\\chromedriver-win32\\chromedriver.exe' -> 'C:\\laragon\\www\\dapokalsel\\sekolah\\~\\appdata\\roaming\\undetected_chromedriver\\undetected_chromedriver.exe'
2025-10-27 00:03:02,596 - INFO - Retrying in 5 seconds...
2025-10-27 00:03:07,596 - INFO - Initializing Chrome driver (attempt 2/3)...
2025-10-27 00:03:10,822 - INFO - patching driver executable C:\laragon\www\dapokalsel\sekolah\~\appdata\roaming\undetected_chromedriver\undetected_chromedriver.exe
2025-10-27 00:03:10,914 - ERROR - Attempt 2 failed: Binary Location Must be a String
2025-10-27 00:03:10,915 - INFO - Retrying in 5 seconds...
2025-10-27 00:03:15,915 - INFO - Initializing Chrome driver (attempt 3/3)...
2025-10-27 00:03:24,325 - INFO - patching driver executable C:\laragon\www\dapokalsel\sekolah\~\appdata\roaming\undetected_chromedriver\undetected_chromedriver.exe
2025-10-27 00:03:24,523 - ERROR - Attempt 3 failed: you cannot reuse the ChromeOptions object
2025-10-27 00:03:24,524 - ERROR - All attempts failed to setup driver
Traceback (most recent call last):
  File "C:\laragon\www\dapokalsel\sekolah\import_url_kabupaten.pyw", line 115, in setup_driver
    driver = uc.Chrome(
  File "C:\laragon\bin\python\python-3.10\lib\site-packages\undetected_chromedriver\__init__.py", line 269, in __init__
    raise RuntimeError("you cannot reuse the ChromeOptions object")
RuntimeError: you cannot reuse the ChromeOptions object
2025-10-27 00:03:24,524 - ERROR - Error on attempt 205: Failed to setup driver
Traceback (most recent call last):
  File "C:\laragon\www\dapokalsel\sekolah\import_url_kabupaten.pyw", line 435, in process_url_induk
    raise Exception("Failed to setup driver")
Exception: Failed to setup driver
2025-10-27 00:03:24,525 - INFO - Retry attempt 206/300...
2025-10-27 00:03:39,526 - INFO - Setting up Chrome driver...
2025-10-27 00:03:39,526 - INFO - Using profile directory: C:\Windows\Temp\chrome_scraper_profile
2025-10-27 00:03:39,526 - INFO - Initializing Chrome driver (attempt 1/3)...
2025-10-27 00:03:44,087 - INFO - patching driver executable C:\laragon\www\dapokalsel\sekolah\~\appdata\roaming\undetected_chromedriver\undetected_chromedriver.exe
2025-10-27 00:03:44,540 - ERROR - Attempt 1 failed: Binary Location Must be a String
2025-10-27 00:03:44,541 - INFO - Retrying in 5 seconds...
2025-10-27 00:03:49,541 - INFO - Initializing Chrome driver (attempt 2/3)...
2025-10-27 00:03:52,675 - INFO - patching driver executable C:\laragon\www\dapokalsel\sekolah\~\appdata\roaming\undetected_chromedriver\undetected_chromedriver.exe
2025-10-27 00:03:52,797 - ERROR - Attempt 2 failed: you cannot reuse the ChromeOptions object
2025-10-27 00:03:52,798 - INFO - Retrying in 5 seconds...
2025-10-27 00:03:57,799 - INFO - Initializing Chrome driver (attempt 3/3)...
2025-10-27 00:04:01,981 - INFO - patching driver executable C:\laragon\www\dapokalsel\sekolah\~\appdata\roaming\undetected_chromedriver\undetected_chromedriver.exe
2025-10-27 00:04:05,049 - ERROR - Attempt 3 failed: you cannot reuse the ChromeOptions object
2025-10-27 00:04:05,049 - ERROR - All attempts failed to setup driver
Traceback (most recent call last):
  File "C:\laragon\www\dapokalsel\sekolah\import_url_kabupaten.pyw", line 115, in setup_driver
    driver = uc.Chrome(
  File "C:\laragon\bin\python\python-3.10\lib\site-packages\undetected_chromedriver\__init__.py", line 269, in __init__
    raise RuntimeError("you cannot reuse the ChromeOptions object")
RuntimeError: you cannot reuse the ChromeOptions object
2025-10-27 00:04:05,051 - ERROR - Error on attempt 206: Failed to setup driver
Traceback (most recent call last):
  File "C:\laragon\www\dapokalsel\sekolah\import_url_kabupaten.pyw", line 435, in process_url_induk
    raise Exception("Failed to setup driver")
Exception: Failed to setup driver
2025-10-27 00:04:05,051 - INFO - Retry attempt 207/300...
2025-10-27 00:03:44,041 - INFO - Setting up Chrome driver...
2025-10-27 00:03:44,042 - INFO - Using profile directory: C:\Windows\Temp\chrome_scraper_profile
2025-10-27 00:03:44,043 - INFO - Initializing Chrome driver (attempt 1/3)...
2025-10-27 00:03:55,964 - INFO - patching driver executable C:\laragon\www\dapokalsel\sekolah\~\appdata\roaming\undetected_chromedriver\undetected_chromedriver.exe
2025-10-27 00:03:56,355 - ERROR - Attempt 1 failed: Binary Location Must be a String
2025-10-27 00:03:56,355 - INFO - Retrying in 5 seconds...
2025-10-27 00:04:01,357 - INFO - Initializing Chrome driver (attempt 2/3)...
2025-10-27 00:04:05,430 - INFO - patching driver executable C:\laragon\www\dapokalsel\sekolah\~\appdata\roaming\undetected_chromedriver\undetected_chromedriver.exe
2025-10-27 00:04:06,236 - ERROR - Attempt 2 failed: you cannot reuse the ChromeOptions object
2025-10-27 00:04:06,236 - INFO - Retrying in 5 seconds...
2025-10-27 00:04:11,237 - INFO - Initializing Chrome driver (attempt 3/3)...
2025-10-27 00:04:20,038 - ERROR - Attempt 3 failed: [WinError 183] Cannot create a file when that file already exists: 'C:\\laragon\\www\\dapokalsel\\sekolah\\~\\appdata\\roaming\\undetected_chromedriver\\undetected\\chromedriver-win32\\chromedriver.exe' -> 'C:\\laragon\\www\\dapokalsel\\sekolah\\~\\appdata\\roaming\\undetected_chromedriver\\undetected_chromedriver.exe'
2025-10-27 00:04:20,038 - ERROR - All attempts failed to setup driver
Traceback (most recent call last):
  File "C:\laragon\www\dapokalsel\sekolah\import_url_kabupaten.pyw", line 115, in setup_driver
    driver = uc.Chrome(
  File "C:\laragon\bin\python\python-3.10\lib\site-packages\undetected_chromedriver\__init__.py", line 258, in __init__
    self.patcher.auto()
  File "C:\laragon\bin\python\python-3.10\lib\site-packages\undetected_chromedriver\patcher.py", line 178, in auto
    self.unzip_package(self.fetch_package())
  File "C:\laragon\bin\python\python-3.10\lib\site-packages\undetected_chromedriver\patcher.py", line 310, in unzip_package
    os.rename(os.path.join(self.zip_path, exe_path), self.executable_path)
FileExistsError: [WinError 183] Cannot create a file when that file already exists: 'C:\\laragon\\www\\dapokalsel\\sekolah\\~\\appdata\\roaming\\undetected_chromedriver\\undetected\\chromedriver-win32\\chromedriver.exe' -> 'C:\\laragon\\www\\dapokalsel\\sekolah\\~\\appdata\\roaming\\undetected_chromedriver\\undetected_chromedriver.exe'
2025-10-27 00:04:20,038 - ERROR - Error on attempt 207: Failed to setup driver
Traceback (most recent call last):
  File "C:\laragon\www\dapokalsel\sekolah\import_url_kabupaten.pyw", line 435, in process_url_induk
    raise Exception("Failed to setup driver")
Exception: Failed to setup driver
2025-10-27 00:04:20,039 - INFO - Retry attempt 208/300...
2025-10-27 00:04:35,040 - INFO - Setting up Chrome driver...
2025-10-27 00:04:35,040 - INFO - Using profile directory: C:\Windows\Temp\chrome_scraper_profile
2025-10-27 00:04:35,040 - INFO - Initializing Chrome driver (attempt 1/3)...
2025-10-27 00:04:38,663 - INFO - patching driver executable C:\laragon\www\dapokalsel\sekolah\~\appdata\roaming\undetected_chromedriver\undetected_chromedriver.exe
2025-10-27 00:04:40,485 - ERROR - Attempt 1 failed: Binary Location Must be a String
2025-10-27 00:04:40,485 - INFO - Retrying in 5 seconds...
2025-10-27 00:04:45,486 - INFO - Initializing Chrome driver (attempt 2/3)...
2025-10-27 00:04:57,050 - ERROR - Attempt 2 failed: [WinError 183] Cannot create a file when that file already exists: 'C:\\laragon\\www\\dapokalsel\\sekolah\\~\\appdata\\roaming\\undetected_chromedriver\\undetected\\chromedriver-win32\\chromedriver.exe' -> 'C:\\laragon\\www\\dapokalsel\\sekolah\\~\\appdata\\roaming\\undetected_chromedriver\\undetected_chromedriver.exe'
2025-10-27 00:04:57,051 - INFO - Retrying in 5 seconds...
2025-10-27 00:05:02,052 - INFO - Initializing Chrome driver (attempt 3/3)...
2025-10-27 00:05:09,991 - INFO - patching driver executable C:\laragon\www\dapokalsel\sekolah\~\appdata\roaming\undetected_chromedriver\undetected_chromedriver.exe
2025-10-27 00:05:10,119 - ERROR - Attempt 3 failed: you cannot reuse the ChromeOptions object
2025-10-27 00:05:10,119 - ERROR - All attempts failed to setup driver
Traceback (most recent call last):
  File "C:\laragon\www\dapokalsel\sekolah\import_url_kabupaten.pyw", line 115, in setup_driver
    driver = uc.Chrome(
  File "C:\laragon\bin\python\python-3.10\lib\site-packages\undetected_chromedriver\__init__.py", line 269, in __init__
    raise RuntimeError("you cannot reuse the ChromeOptions object")
RuntimeError: you cannot reuse the ChromeOptions object
2025-10-27 00:05:10,120 - ERROR - Error on attempt 208: Failed to setup driver
Traceback (most recent call last):
  File "C:\laragon\www\dapokalsel\sekolah\import_url_kabupaten.pyw", line 435, in process_url_induk
    raise Exception("Failed to setup driver")
Exception: Failed to setup driver
2025-10-27 00:05:10,120 - INFO - Retry attempt 209/300...
2025-10-27 00:05:25,120 - INFO - Setting up Chrome driver...
2025-10-27 00:05:25,120 - INFO - Using profile directory: C:\Windows\Temp\chrome_scraper_profile
2025-10-27 00:05:25,120 - INFO - Initializing Chrome driver (attempt 1/3)...
2025-10-27 00:05:33,706 - INFO - patching driver executable C:\laragon\www\dapokalsel\sekolah\~\appdata\roaming\undetected_chromedriver\undetected_chromedriver.exe
2025-10-27 00:05:35,343 - ERROR - Attempt 1 failed: Binary Location Must be a String
2025-10-27 00:05:35,343 - INFO - Retrying in 5 seconds...
2025-10-27 00:05:40,344 - INFO - Initializing Chrome driver (attempt 2/3)...
2025-10-27 00:05:43,314 - INFO - patching driver executable C:\laragon\www\dapokalsel\sekolah\~\appdata\roaming\undetected_chromedriver\undetected_chromedriver.exe
2025-10-27 00:05:43,613 - ERROR - Attempt 2 failed: you cannot reuse the ChromeOptions object
2025-10-27 00:05:43,613 - INFO - Retrying in 5 seconds...
2025-10-27 00:05:48,613 - INFO - Initializing Chrome driver (attempt 3/3)...
2025-10-27 00:05:52,372 - INFO - patching driver executable C:\laragon\www\dapokalsel\sekolah\~\appdata\roaming\undetected_chromedriver\undetected_chromedriver.exe
2025-10-27 00:05:52,500 - ERROR - Attempt 3 failed: you cannot reuse the ChromeOptions object
2025-10-27 00:05:52,500 - ERROR - All attempts failed to setup driver
Traceback (most recent call last):
  File "C:\laragon\www\dapokalsel\sekolah\import_url_kabupaten.pyw", line 115, in setup_driver
    driver = uc.Chrome(
  File "C:\laragon\bin\python\python-3.10\lib\site-packages\undetected_chromedriver\__init__.py", line 269, in __init__
    raise RuntimeError("you cannot reuse the ChromeOptions object")
RuntimeError: you cannot reuse the ChromeOptions object
2025-10-27 00:05:52,501 - ERROR - Error on attempt 209: Failed to setup driver
Traceback (most recent call last):
  File "C:\laragon\www\dapokalsel\sekolah\import_url_kabupaten.pyw", line 435, in process_url_induk
    raise Exception("Failed to setup driver")
Exception: Failed to setup driver
2025-10-27 00:05:52,501 - INFO - Retry attempt 210/300...
2025-10-27 00:06:07,502 - INFO - Setting up Chrome driver...
2025-10-27 00:06:07,502 - INFO - Using profile directory: C:\Windows\Temp\chrome_scraper_profile
2025-10-27 00:06:07,502 - INFO - Initializing Chrome driver (attempt 1/3)...
2025-10-27 00:06:12,433 - INFO - patching driver executable C:\laragon\www\dapokalsel\sekolah\~\appdata\roaming\undetected_chromedriver\undetected_chromedriver.exe
2025-10-27 00:06:12,892 - ERROR - Attempt 1 failed: Binary Location Must be a String
2025-10-27 00:06:12,893 - INFO - Retrying in 5 seconds...
2025-10-27 00:06:17,893 - INFO - Initializing Chrome driver (attempt 2/3)...
2025-10-27 00:06:21,908 - INFO - patching driver executable C:\laragon\www\dapokalsel\sekolah\~\appdata\roaming\undetected_chromedriver\undetected_chromedriver.exe
2025-10-27 00:06:22,047 - ERROR - Attempt 2 failed: you cannot reuse the ChromeOptions object
2025-10-27 00:06:22,047 - INFO - Retrying in 5 seconds...
2025-10-27 00:06:27,048 - INFO - Initializing Chrome driver (attempt 3/3)...
2025-10-27 00:06:30,239 - INFO - patching driver executable C:\laragon\www\dapokalsel\sekolah\~\appdata\roaming\undetected_chromedriver\undetected_chromedriver.exe
2025-10-27 00:06:30,328 - ERROR - Attempt 3 failed: you cannot reuse the ChromeOptions object
2025-10-27 00:06:30,328 - ERROR - All attempts failed to setup driver
Traceback (most recent call last):
  File "C:\laragon\www\dapokalsel\sekolah\import_url_kabupaten.pyw", line 115, in setup_driver
    driver = uc.Chrome(
  File "C:\laragon\bin\python\python-3.10\lib\site-packages\undetected_chromedriver\__init__.py", line 269, in __init__
    raise RuntimeError("you cannot reuse the ChromeOptions object")
RuntimeError: you cannot reuse the ChromeOptions object
2025-10-27 00:06:30,329 - ERROR - Error on attempt 210: Failed to setup driver
Traceback (most recent call last):
  File "C:\laragon\www\dapokalsel\sekolah\import_url_kabupaten.pyw", line 435, in process_url_induk
    raise Exception("Failed to setup driver")
Exception: Failed to setup driver
2025-10-27 00:06:30,329 - INFO - Retry attempt 211/300...
2025-10-27 00:06:45,329 - INFO - Setting up Chrome driver...
2025-10-27 00:06:45,329 - INFO - Using profile directory: C:\Windows\Temp\chrome_scraper_profile
2025-10-27 00:06:45,329 - INFO - Initializing Chrome driver (attempt 1/3)...
2025-10-27 00:06:53,955 - INFO - patching driver executable C:\laragon\www\dapokalsel\sekolah\~\appdata\roaming\undetected_chromedriver\undetected_chromedriver.exe
2025-10-27 00:06:54,882 - ERROR - Attempt 1 failed: Binary Location Must be a String
2025-10-27 00:06:54,883 - INFO - Retrying in 5 seconds...
2025-10-27 00:06:59,883 - INFO - Initializing Chrome driver (attempt 2/3)...
2025-10-27 00:07:03,014 - INFO - patching driver executable C:\laragon\www\dapokalsel\sekolah\~\appdata\roaming\undetected_chromedriver\undetected_chromedriver.exe
2025-10-27 00:07:03,092 - ERROR - Attempt 2 failed: you cannot reuse the ChromeOptions object
2025-10-27 00:07:03,092 - INFO - Retrying in 5 seconds...
2025-10-27 00:07:08,092 - INFO - Initializing Chrome driver (attempt 3/3)...
2025-10-27 00:07:11,225 - INFO - patching driver executable C:\laragon\www\dapokalsel\sekolah\~\appdata\roaming\undetected_chromedriver\undetected_chromedriver.exe
2025-10-27 00:07:11,921 - ERROR - Attempt 3 failed: you cannot reuse the ChromeOptions object
2025-10-27 00:07:11,921 - ERROR - All attempts failed to setup driver
Traceback (most recent call last):
  File "C:\laragon\www\dapokalsel\sekolah\import_url_kabupaten.pyw", line 115, in setup_driver
    driver = uc.Chrome(
  File "C:\laragon\bin\python\python-3.10\lib\site-packages\undetected_chromedriver\__init__.py", line 269, in __init__
    raise RuntimeError("you cannot reuse the ChromeOptions object")
RuntimeError: you cannot reuse the ChromeOptions object
2025-10-27 00:07:11,922 - ERROR - Error on attempt 211: Failed to setup driver
Traceback (most recent call last):
  File "C:\laragon\www\dapokalsel\sekolah\import_url_kabupaten.pyw", line 435, in process_url_induk
    raise Exception("Failed to setup driver")
Exception: Failed to setup driver
2025-10-27 00:07:11,922 - INFO - Retry attempt 212/300...
2025-10-27 00:07:26,923 - INFO - Setting up Chrome driver...
2025-10-27 00:07:26,923 - INFO - Using profile directory: C:\Windows\Temp\chrome_scraper_profile
2025-10-27 00:07:26,923 - INFO - Initializing Chrome driver (attempt 1/3)...
2025-10-27 00:07:32,210 - INFO - patching driver executable C:\laragon\www\dapokalsel\sekolah\~\appdata\roaming\undetected_chromedriver\undetected_chromedriver.exe
2025-10-27 00:07:32,509 - ERROR - Attempt 1 failed: Binary Location Must be a String
2025-10-27 00:07:32,509 - INFO - Retrying in 5 seconds...
2025-10-27 00:07:37,509 - INFO - Initializing Chrome driver (attempt 2/3)...
2025-10-27 00:07:43,814 - INFO - patching driver executable C:\laragon\www\dapokalsel\sekolah\~\appdata\roaming\undetected_chromedriver\undetected_chromedriver.exe
2025-10-27 00:07:46,136 - ERROR - Attempt 2 failed: you cannot reuse the ChromeOptions object
2025-10-27 00:07:46,136 - INFO - Retrying in 5 seconds...
2025-10-27 00:07:51,137 - INFO - Initializing Chrome driver (attempt 3/3)...
2025-10-27 00:07:54,045 - INFO - patching driver executable C:\laragon\www\dapokalsel\sekolah\~\appdata\roaming\undetected_chromedriver\undetected_chromedriver.exe
2025-10-27 00:07:54,170 - ERROR - Attempt 3 failed: you cannot reuse the ChromeOptions object
2025-10-27 00:07:54,170 - ERROR - All attempts failed to setup driver
Traceback (most recent call last):
  File "C:\laragon\www\dapokalsel\sekolah\import_url_kabupaten.pyw", line 115, in setup_driver
    driver = uc.Chrome(
  File "C:\laragon\bin\python\python-3.10\lib\site-packages\undetected_chromedriver\__init__.py", line 269, in __init__
    raise RuntimeError("you cannot reuse the ChromeOptions object")
RuntimeError: you cannot reuse the ChromeOptions object
2025-10-27 00:07:54,171 - ERROR - Error on attempt 212: Failed to setup driver
Traceback (most recent call last):
  File "C:\laragon\www\dapokalsel\sekolah\import_url_kabupaten.pyw", line 435, in process_url_induk
    raise Exception("Failed to setup driver")
Exception: Failed to setup driver
2025-10-27 00:07:54,171 - INFO - Retry attempt 213/300...
2025-10-27 00:08:09,172 - INFO - Setting up Chrome driver...
2025-10-27 00:08:09,172 - INFO - Using profile directory: C:\Windows\Temp\chrome_scraper_profile
2025-10-27 00:08:09,172 - INFO - Initializing Chrome driver (attempt 1/3)...
2025-10-27 00:08:12,949 - INFO - patching driver executable C:\laragon\www\dapokalsel\sekolah\~\appdata\roaming\undetected_chromedriver\undetected_chromedriver.exe
2025-10-27 00:08:13,183 - ERROR - Attempt 1 failed: Binary Location Must be a String
2025-10-27 00:08:13,183 - INFO - Retrying in 5 seconds...
2025-10-27 00:08:18,183 - INFO - Initializing Chrome driver (attempt 2/3)...
2025-10-27 00:08:21,035 - INFO - patching driver executable C:\laragon\www\dapokalsel\sekolah\~\appdata\roaming\undetected_chromedriver\undetected_chromedriver.exe
2025-10-27 00:08:21,108 - ERROR - Attempt 2 failed: you cannot reuse the ChromeOptions object
2025-10-27 00:08:21,108 - INFO - Retrying in 5 seconds...
2025-10-27 00:08:26,109 - INFO - Initializing Chrome driver (attempt 3/3)...
2025-10-27 00:08:33,982 - INFO - patching driver executable C:\laragon\www\dapokalsel\sekolah\~\appdata\roaming\undetected_chromedriver\undetected_chromedriver.exe
2025-10-27 00:08:35,758 - ERROR - Attempt 3 failed: you cannot reuse the ChromeOptions object
2025-10-27 00:08:35,758 - ERROR - All attempts failed to setup driver
Traceback (most recent call last):
  File "C:\laragon\www\dapokalsel\sekolah\import_url_kabupaten.pyw", line 115, in setup_driver
    driver = uc.Chrome(
  File "C:\laragon\bin\python\python-3.10\lib\site-packages\undetected_chromedriver\__init__.py", line 269, in __init__
    raise RuntimeError("you cannot reuse the ChromeOptions object")
RuntimeError: you cannot reuse the ChromeOptions object
2025-10-27 00:08:35,759 - ERROR - Error on attempt 213: Failed to setup driver
Traceback (most recent call last):
  File "C:\laragon\www\dapokalsel\sekolah\import_url_kabupaten.pyw", line 435, in process_url_induk
    raise Exception("Failed to setup driver")
Exception: Failed to setup driver
2025-10-27 00:08:35,759 - INFO - Retry attempt 214/300...
2025-10-27 00:08:50,760 - INFO - Setting up Chrome driver...
2025-10-27 00:08:50,762 - INFO - Using profile directory: C:\Windows\Temp\chrome_scraper_profile
2025-10-27 00:08:50,762 - INFO - Initializing Chrome driver (attempt 1/3)...
2025-10-27 00:08:53,635 - INFO - patching driver executable C:\laragon\www\dapokalsel\sekolah\~\appdata\roaming\undetected_chromedriver\undetected_chromedriver.exe
2025-10-27 00:08:53,794 - ERROR - Attempt 1 failed: Binary Location Must be a String
2025-10-27 00:08:53,795 - INFO - Retrying in 5 seconds...
2025-10-27 00:08:58,796 - INFO - Initializing Chrome driver (attempt 2/3)...
2025-10-27 00:09:01,711 - INFO - patching driver executable C:\laragon\www\dapokalsel\sekolah\~\appdata\roaming\undetected_chromedriver\undetected_chromedriver.exe
2025-10-27 00:09:01,904 - ERROR - Attempt 2 failed: you cannot reuse the ChromeOptions object
2025-10-27 00:09:01,904 - INFO - Retrying in 5 seconds...
2025-10-27 00:09:06,904 - INFO - Initializing Chrome driver (attempt 3/3)...
2025-10-27 00:09:10,006 - INFO - patching driver executable C:\laragon\www\dapokalsel\sekolah\~\appdata\roaming\undetected_chromedriver\undetected_chromedriver.exe
2025-10-27 00:09:10,082 - ERROR - Attempt 3 failed: you cannot reuse the ChromeOptions object
2025-10-27 00:09:10,082 - ERROR - All attempts failed to setup driver
Traceback (most recent call last):
  File "C:\laragon\www\dapokalsel\sekolah\import_url_kabupaten.pyw", line 115, in setup_driver
    driver = uc.Chrome(
  File "C:\laragon\bin\python\python-3.10\lib\site-packages\undetected_chromedriver\__init__.py", line 269, in __init__
    raise RuntimeError("you cannot reuse the ChromeOptions object")
RuntimeError: you cannot reuse the ChromeOptions object
2025-10-27 00:09:10,083 - ERROR - Error on attempt 214: Failed to setup driver
Traceback (most recent call last):
  File "C:\laragon\www\dapokalsel\sekolah\import_url_kabupaten.pyw", line 435, in process_url_induk
    raise Exception("Failed to setup driver")
Exception: Failed to setup driver
2025-10-27 00:09:10,083 - INFO - Retry attempt 215/300...
2025-10-27 00:09:25,083 - INFO - Setting up Chrome driver...
2025-10-27 00:09:25,084 - INFO - Using profile directory: C:\Windows\Temp\chrome_scraper_profile
2025-10-27 00:09:25,084 - INFO - Initializing Chrome driver (attempt 1/3)...
2025-10-27 00:09:28,816 - INFO - patching driver executable C:\laragon\www\dapokalsel\sekolah\~\appdata\roaming\undetected_chromedriver\undetected_chromedriver.exe
2025-10-27 00:09:28,950 - ERROR - Attempt 1 failed: Binary Location Must be a String
2025-10-27 00:09:28,950 - INFO - Retrying in 5 seconds...
2025-10-27 00:09:33,951 - INFO - Initializing Chrome driver (attempt 2/3)...
2025-10-27 00:09:39,494 - ERROR - Attempt 2 failed: [WinError 183] Cannot create a file when that file already exists: 'C:\\laragon\\www\\dapokalsel\\sekolah\\~\\appdata\\roaming\\undetected_chromedriver\\undetected\\chromedriver-win32\\chromedriver.exe' -> 'C:\\laragon\\www\\dapokalsel\\sekolah\\~\\appdata\\roaming\\undetected_chromedriver\\undetected_chromedriver.exe'
2025-10-27 00:09:39,494 - INFO - Retrying in 5 seconds...
2025-10-27 00:09:44,495 - INFO - Initializing Chrome driver (attempt 3/3)...
2025-10-27 00:09:53,953 - ERROR - Attempt 3 failed: [WinError 183] Cannot create a file when that file already exists: 'C:\\laragon\\www\\dapokalsel\\sekolah\\~\\appdata\\roaming\\undetected_chromedriver\\undetected\\chromedriver-win32\\chromedriver.exe' -> 'C:\\laragon\\www\\dapokalsel\\sekolah\\~\\appdata\\roaming\\undetected_chromedriver\\undetected_chromedriver.exe'
2025-10-27 00:09:53,953 - ERROR - All attempts failed to setup driver
Traceback (most recent call last):
  File "C:\laragon\www\dapokalsel\sekolah\import_url_kabupaten.pyw", line 115, in setup_driver
    driver = uc.Chrome(
  File "C:\laragon\bin\python\python-3.10\lib\site-packages\undetected_chromedriver\__init__.py", line 258, in __init__
    self.patcher.auto()
  File "C:\laragon\bin\python\python-3.10\lib\site-packages\undetected_chromedriver\patcher.py", line 178, in auto
    self.unzip_package(self.fetch_package())
  File "C:\laragon\bin\python\python-3.10\lib\site-packages\undetected_chromedriver\patcher.py", line 310, in unzip_package
    os.rename(os.path.join(self.zip_path, exe_path), self.executable_path)
FileExistsError: [WinError 183] Cannot create a file when that file already exists: 'C:\\laragon\\www\\dapokalsel\\sekolah\\~\\appdata\\roaming\\undetected_chromedriver\\undetected\\chromedriver-win32\\chromedriver.exe' -> 'C:\\laragon\\www\\dapokalsel\\sekolah\\~\\appdata\\roaming\\undetected_chromedriver\\undetected_chromedriver.exe'
2025-10-27 00:09:53,954 - ERROR - Error on attempt 215: Failed to setup driver
Traceback (most recent call last):
  File "C:\laragon\www\dapokalsel\sekolah\import_url_kabupaten.pyw", line 435, in process_url_induk
    raise Exception("Failed to setup driver")
Exception: Failed to setup driver
2025-10-27 00:09:53,954 - INFO - Retry attempt 216/300...
2025-10-27 00:10:08,955 - INFO - Setting up Chrome driver...
2025-10-27 00:10:08,956 - INFO - Using profile directory: C:\Windows\Temp\chrome_scraper_profile
2025-10-27 00:10:08,956 - INFO - Initializing Chrome driver (attempt 1/3)...
2025-10-27 00:10:14,810 - INFO - patching driver executable C:\laragon\www\dapokalsel\sekolah\~\appdata\roaming\undetected_chromedriver\undetected_chromedriver.exe
2025-10-27 00:10:15,311 - ERROR - Attempt 1 failed: Binary Location Must be a String
2025-10-27 00:10:15,311 - INFO - Retrying in 5 seconds...
2025-10-27 00:10:20,312 - INFO - Initializing Chrome driver (attempt 2/3)...
2025-10-27 00:10:24,495 - INFO - patching driver executable C:\laragon\www\dapokalsel\sekolah\~\appdata\roaming\undetected_chromedriver\undetected_chromedriver.exe
2025-10-27 00:10:24,585 - ERROR - Attempt 2 failed: you cannot reuse the ChromeOptions object
2025-10-27 00:10:24,585 - INFO - Retrying in 5 seconds...
2025-10-27 00:10:29,585 - INFO - Initializing Chrome driver (attempt 3/3)...
2025-10-27 00:10:32,528 - INFO - patching driver executable C:\laragon\www\dapokalsel\sekolah\~\appdata\roaming\undetected_chromedriver\undetected_chromedriver.exe
2025-10-27 00:10:32,986 - ERROR - Attempt 3 failed: you cannot reuse the ChromeOptions object
2025-10-27 00:10:32,987 - ERROR - All attempts failed to setup driver
Traceback (most recent call last):
  File "C:\laragon\www\dapokalsel\sekolah\import_url_kabupaten.pyw", line 115, in setup_driver
    driver = uc.Chrome(
  File "C:\laragon\bin\python\python-3.10\lib\site-packages\undetected_chromedriver\__init__.py", line 269, in __init__
    raise RuntimeError("you cannot reuse the ChromeOptions object")
RuntimeError: you cannot reuse the ChromeOptions object
2025-10-27 00:10:32,987 - ERROR - Error on attempt 216: Failed to setup driver
Traceback (most recent call last):
  File "C:\laragon\www\dapokalsel\sekolah\import_url_kabupaten.pyw", line 435, in process_url_induk
    raise Exception("Failed to setup driver")
Exception: Failed to setup driver
2025-10-27 00:10:32,988 - INFO - Retry attempt 217/300...
2025-10-27 00:10:47,988 - INFO - Setting up Chrome driver...
2025-10-27 00:10:47,988 - INFO - Using profile directory: C:\Windows\Temp\chrome_scraper_profile
2025-10-27 00:10:47,989 - INFO - Initializing Chrome driver (attempt 1/3)...
2025-10-27 00:10:50,857 - INFO - patching driver executable C:\laragon\www\dapokalsel\sekolah\~\appdata\roaming\undetected_chromedriver\undetected_chromedriver.exe
2025-10-27 00:10:51,056 - ERROR - Attempt 1 failed: Binary Location Must be a String
2025-10-27 00:10:51,056 - INFO - Retrying in 5 seconds...
2025-10-27 00:10:56,057 - INFO - Initializing Chrome driver (attempt 2/3)...
2025-10-27 00:11:01,915 - ERROR - Attempt 2 failed: [WinError 183] Cannot create a file when that file already exists: 'C:\\laragon\\www\\dapokalsel\\sekolah\\~\\appdata\\roaming\\undetected_chromedriver\\undetected\\chromedriver-win32\\chromedriver.exe' -> 'C:\\laragon\\www\\dapokalsel\\sekolah\\~\\appdata\\roaming\\undetected_chromedriver\\undetected_chromedriver.exe'
2025-10-27 00:11:01,915 - INFO - Retrying in 5 seconds...
2025-10-27 00:11:06,916 - INFO - Initializing Chrome driver (attempt 3/3)...
2025-10-27 00:11:16,218 - ERROR - Attempt 3 failed: [WinError 183] Cannot create a file when that file already exists: 'C:\\laragon\\www\\dapokalsel\\sekolah\\~\\appdata\\roaming\\undetected_chromedriver\\undetected\\chromedriver-win32\\chromedriver.exe' -> 'C:\\laragon\\www\\dapokalsel\\sekolah\\~\\appdata\\roaming\\undetected_chromedriver\\undetected_chromedriver.exe'
2025-10-27 00:11:16,218 - ERROR - All attempts failed to setup driver
Traceback (most recent call last):
  File "C:\laragon\www\dapokalsel\sekolah\import_url_kabupaten.pyw", line 115, in setup_driver
    driver = uc.Chrome(
  File "C:\laragon\bin\python\python-3.10\lib\site-packages\undetected_chromedriver\__init__.py", line 258, in __init__
    self.patcher.auto()
  File "C:\laragon\bin\python\python-3.10\lib\site-packages\undetected_chromedriver\patcher.py", line 178, in auto
    self.unzip_package(self.fetch_package())
  File "C:\laragon\bin\python\python-3.10\lib\site-packages\undetected_chromedriver\patcher.py", line 310, in unzip_package
    os.rename(os.path.join(self.zip_path, exe_path), self.executable_path)
FileExistsError: [WinError 183] Cannot create a file when that file already exists: 'C:\\laragon\\www\\dapokalsel\\sekolah\\~\\appdata\\roaming\\undetected_chromedriver\\undetected\\chromedriver-win32\\chromedriver.exe' -> 'C:\\laragon\\www\\dapokalsel\\sekolah\\~\\appdata\\roaming\\undetected_chromedriver\\undetected_chromedriver.exe'
2025-10-27 00:11:16,219 - ERROR - Error on attempt 217: Failed to setup driver
Traceback (most recent call last):
  File "C:\laragon\www\dapokalsel\sekolah\import_url_kabupaten.pyw", line 435, in process_url_induk
    raise Exception("Failed to setup driver")
Exception: Failed to setup driver
2025-10-27 00:11:16,219 - INFO - Retry attempt 218/300...
2025-10-27 00:11:31,219 - INFO - Setting up Chrome driver...
2025-10-27 00:11:31,219 - INFO - Using profile directory: C:\Windows\Temp\chrome_scraper_profile
2025-10-27 00:11:31,219 - INFO - Initializing Chrome driver (attempt 1/3)...
2025-10-27 00:11:42,031 - INFO - patching driver executable C:\laragon\www\dapokalsel\sekolah\~\appdata\roaming\undetected_chromedriver\undetected_chromedriver.exe
2025-10-27 00:11:42,240 - ERROR - Attempt 1 failed: Binary Location Must be a String
2025-10-27 00:11:42,240 - INFO - Retrying in 5 seconds...
2025-10-27 00:11:47,240 - INFO - Initializing Chrome driver (attempt 2/3)...
2025-10-27 00:11:54,206 - ERROR - Attempt 2 failed: [WinError 183] Cannot create a file when that file already exists: 'C:\\laragon\\www\\dapokalsel\\sekolah\\~\\appdata\\roaming\\undetected_chromedriver\\undetected\\chromedriver-win32\\chromedriver.exe' -> 'C:\\laragon\\www\\dapokalsel\\sekolah\\~\\appdata\\roaming\\undetected_chromedriver\\undetected_chromedriver.exe'
2025-10-27 00:11:54,206 - INFO - Retrying in 5 seconds...
2025-10-27 00:11:59,207 - INFO - Initializing Chrome driver (attempt 3/3)...
2025-10-27 00:12:03,383 - INFO - patching driver executable C:\laragon\www\dapokalsel\sekolah\~\appdata\roaming\undetected_chromedriver\undetected_chromedriver.exe
2025-10-27 00:12:04,674 - ERROR - Attempt 3 failed: you cannot reuse the ChromeOptions object
2025-10-27 00:12:04,674 - ERROR - All attempts failed to setup driver
Traceback (most recent call last):
  File "C:\laragon\www\dapokalsel\sekolah\import_url_kabupaten.pyw", line 115, in setup_driver
    driver = uc.Chrome(
  File "C:\laragon\bin\python\python-3.10\lib\site-packages\undetected_chromedriver\__init__.py", line 269, in __init__
    raise RuntimeError("you cannot reuse the ChromeOptions object")
RuntimeError: you cannot reuse the ChromeOptions object
2025-10-27 00:12:04,675 - ERROR - Error on attempt 218: Failed to setup driver
Traceback (most recent call last):
  File "C:\laragon\www\dapokalsel\sekolah\import_url_kabupaten.pyw", line 435, in process_url_induk
    raise Exception("Failed to setup driver")
Exception: Failed to setup driver
2025-10-27 00:12:04,675 - INFO - Retry attempt 219/300...
2025-10-27 00:12:19,675 - INFO - Setting up Chrome driver...
2025-10-27 00:12:19,675 - INFO - Using profile directory: C:\Windows\Temp\chrome_scraper_profile
2025-10-27 00:12:19,675 - INFO - Initializing Chrome driver (attempt 1/3)...
2025-10-27 00:12:26,061 - ERROR - Attempt 1 failed: [WinError 183] Cannot create a file when that file already exists: 'C:\\laragon\\www\\dapokalsel\\sekolah\\~\\appdata\\roaming\\undetected_chromedriver\\undetected\\chromedriver-win32\\chromedriver.exe' -> 'C:\\laragon\\www\\dapokalsel\\sekolah\\~\\appdata\\roaming\\undetected_chromedriver\\undetected_chromedriver.exe'
2025-10-27 00:12:26,061 - INFO - Retrying in 5 seconds...
2025-10-27 00:12:31,062 - INFO - Initializing Chrome driver (attempt 2/3)...
2025-10-27 00:12:41,036 - ERROR - Attempt 2 failed: [WinError 183] Cannot create a file when that file already exists: 'C:\\laragon\\www\\dapokalsel\\sekolah\\~\\appdata\\roaming\\undetected_chromedriver\\undetected\\chromedriver-win32\\chromedriver.exe' -> 'C:\\laragon\\www\\dapokalsel\\sekolah\\~\\appdata\\roaming\\undetected_chromedriver\\undetected_chromedriver.exe'
2025-10-27 00:12:41,037 - INFO - Retrying in 5 seconds...
2025-10-27 00:12:46,037 - INFO - Initializing Chrome driver (attempt 3/3)...
2025-10-27 00:12:49,285 - INFO - patching driver executable C:\laragon\www\dapokalsel\sekolah\~\appdata\roaming\undetected_chromedriver\undetected_chromedriver.exe
2025-10-27 00:12:49,365 - ERROR - Attempt 3 failed: Binary Location Must be a String
2025-10-27 00:12:49,365 - ERROR - All attempts failed to setup driver
Traceback (most recent call last):
  File "C:\laragon\www\dapokalsel\sekolah\import_url_kabupaten.pyw", line 115, in setup_driver
    driver = uc.Chrome(
  File "C:\laragon\bin\python\python-3.10\lib\site-packages\undetected_chromedriver\__init__.py", line 372, in __init__
    options.binary_location = (
  File "C:\laragon\bin\python\python-3.10\lib\site-packages\selenium\webdriver\chromium\options.py", line 52, in binary_location
    raise TypeError(self.BINARY_LOCATION_ERROR)
TypeError: Binary Location Must be a String
2025-10-27 00:12:49,366 - ERROR - Error on attempt 219: Failed to setup driver
Traceback (most recent call last):
  File "C:\laragon\www\dapokalsel\sekolah\import_url_kabupaten.pyw", line 435, in process_url_induk
    raise Exception("Failed to setup driver")
Exception: Failed to setup driver
2025-10-27 00:12:49,367 - INFO - Retry attempt 220/300...
2025-10-27 00:13:04,367 - INFO - Setting up Chrome driver...
2025-10-27 00:13:04,368 - INFO - Using profile directory: C:\Windows\Temp\chrome_scraper_profile
2025-10-27 00:13:04,368 - INFO - Initializing Chrome driver (attempt 1/3)...
2025-10-27 00:13:10,657 - ERROR - Attempt 1 failed: [WinError 183] Cannot create a file when that file already exists: 'C:\\laragon\\www\\dapokalsel\\sekolah\\~\\appdata\\roaming\\undetected_chromedriver\\undetected\\chromedriver-win32\\chromedriver.exe' -> 'C:\\laragon\\www\\dapokalsel\\sekolah\\~\\appdata\\roaming\\undetected_chromedriver\\undetected_chromedriver.exe'
2025-10-27 00:13:10,657 - INFO - Retrying in 5 seconds...
2025-10-27 00:13:15,658 - INFO - Initializing Chrome driver (attempt 2/3)...
2025-10-27 00:13:19,192 - INFO - patching driver executable C:\laragon\www\dapokalsel\sekolah\~\appdata\roaming\undetected_chromedriver\undetected_chromedriver.exe
2025-10-27 00:13:19,638 - ERROR - Attempt 2 failed: Binary Location Must be a String
2025-10-27 00:13:19,638 - INFO - Retrying in 5 seconds...
2025-10-27 00:13:24,640 - INFO - Initializing Chrome driver (attempt 3/3)...
2025-10-27 00:13:27,674 - INFO - patching driver executable C:\laragon\www\dapokalsel\sekolah\~\appdata\roaming\undetected_chromedriver\undetected_chromedriver.exe
2025-10-27 00:13:27,939 - ERROR - Attempt 3 failed: you cannot reuse the ChromeOptions object
2025-10-27 00:13:27,939 - ERROR - All attempts failed to setup driver
Traceback (most recent call last):
  File "C:\laragon\www\dapokalsel\sekolah\import_url_kabupaten.pyw", line 115, in setup_driver
    driver = uc.Chrome(
  File "C:\laragon\bin\python\python-3.10\lib\site-packages\undetected_chromedriver\__init__.py", line 269, in __init__
    raise RuntimeError("you cannot reuse the ChromeOptions object")
RuntimeError: you cannot reuse the ChromeOptions object
2025-10-27 00:13:27,940 - ERROR - Error on attempt 220: Failed to setup driver
Traceback (most recent call last):
  File "C:\laragon\www\dapokalsel\sekolah\import_url_kabupaten.pyw", line 435, in process_url_induk
    raise Exception("Failed to setup driver")
Exception: Failed to setup driver
2025-10-27 00:13:27,940 - INFO - Retry attempt 221/300...
2025-10-27 00:13:42,940 - INFO - Setting up Chrome driver...
2025-10-27 00:13:42,940 - INFO - Using profile directory: C:\Windows\Temp\chrome_scraper_profile
2025-10-27 00:13:42,940 - INFO - Initializing Chrome driver (attempt 1/3)...
2025-10-27 00:13:47,576 - ERROR - Attempt 1 failed: [WinError 183] Cannot create a file when that file already exists: 'C:\\laragon\\www\\dapokalsel\\sekolah\\~\\appdata\\roaming\\undetected_chromedriver\\undetected\\chromedriver-win32\\chromedriver.exe' -> 'C:\\laragon\\www\\dapokalsel\\sekolah\\~\\appdata\\roaming\\undetected_chromedriver\\undetected_chromedriver.exe'
2025-10-27 00:13:47,576 - INFO - Retrying in 5 seconds...
2025-10-27 00:13:52,577 - INFO - Initializing Chrome driver (attempt 2/3)...
2025-10-27 00:13:58,752 - INFO - patching driver executable C:\laragon\www\dapokalsel\sekolah\~\appdata\roaming\undetected_chromedriver\undetected_chromedriver.exe
2025-10-27 00:13:58,830 - ERROR - Attempt 2 failed: Binary Location Must be a String
2025-10-27 00:13:58,830 - INFO - Retrying in 5 seconds...
2025-10-27 00:14:03,831 - INFO - Initializing Chrome driver (attempt 3/3)...
2025-10-27 00:14:06,709 - INFO - patching driver executable C:\laragon\www\dapokalsel\sekolah\~\appdata\roaming\undetected_chromedriver\undetected_chromedriver.exe
2025-10-27 00:14:07,097 - ERROR - Attempt 3 failed: you cannot reuse the ChromeOptions object
2025-10-27 00:14:07,097 - ERROR - All attempts failed to setup driver
Traceback (most recent call last):
  File "C:\laragon\www\dapokalsel\sekolah\import_url_kabupaten.pyw", line 115, in setup_driver
    driver = uc.Chrome(
  File "C:\laragon\bin\python\python-3.10\lib\site-packages\undetected_chromedriver\__init__.py", line 269, in __init__
    raise RuntimeError("you cannot reuse the ChromeOptions object")
RuntimeError: you cannot reuse the ChromeOptions object
2025-10-27 00:14:07,097 - ERROR - Error on attempt 221: Failed to setup driver
Traceback (most recent call last):
  File "C:\laragon\www\dapokalsel\sekolah\import_url_kabupaten.pyw", line 435, in process_url_induk
    raise Exception("Failed to setup driver")
Exception: Failed to setup driver
2025-10-27 00:14:07,098 - INFO - Retry attempt 222/300...
2025-10-27 00:14:22,098 - INFO - Setting up Chrome driver...
2025-10-27 00:14:22,098 - INFO - Using profile directory: C:\Windows\Temp\chrome_scraper_profile
2025-10-27 00:14:22,098 - INFO - Initializing Chrome driver (attempt 1/3)...
2025-10-27 00:14:25,673 - INFO - patching driver executable C:\laragon\www\dapokalsel\sekolah\~\appdata\roaming\undetected_chromedriver\undetected_chromedriver.exe
2025-10-27 00:14:25,862 - ERROR - Attempt 1 failed: Binary Location Must be a String
2025-10-27 00:14:25,863 - INFO - Retrying in 5 seconds...
2025-10-27 00:14:30,864 - INFO - Initializing Chrome driver (attempt 2/3)...
2025-10-27 00:14:33,709 - ERROR - Attempt 2 failed: [WinError 183] Cannot create a file when that file already exists: 'C:\\laragon\\www\\dapokalsel\\sekolah\\~\\appdata\\roaming\\undetected_chromedriver\\undetected\\chromedriver-win32\\chromedriver.exe' -> 'C:\\laragon\\www\\dapokalsel\\sekolah\\~\\appdata\\roaming\\undetected_chromedriver\\undetected_chromedriver.exe'
2025-10-27 00:14:33,710 - INFO - Retrying in 5 seconds...
2025-10-27 00:14:38,710 - INFO - Initializing Chrome driver (attempt 3/3)...
2025-10-27 00:14:52,740 - INFO - patching driver executable C:\laragon\www\dapokalsel\sekolah\~\appdata\roaming\undetected_chromedriver\undetected_chromedriver.exe
2025-10-27 00:14:53,217 - ERROR - Attempt 3 failed: you cannot reuse the ChromeOptions object
2025-10-27 00:14:53,217 - ERROR - All attempts failed to setup driver
Traceback (most recent call last):
  File "C:\laragon\www\dapokalsel\sekolah\import_url_kabupaten.pyw", line 115, in setup_driver
    driver = uc.Chrome(
  File "C:\laragon\bin\python\python-3.10\lib\site-packages\undetected_chromedriver\__init__.py", line 269, in __init__
    raise RuntimeError("you cannot reuse the ChromeOptions object")
RuntimeError: you cannot reuse the ChromeOptions object
2025-10-27 00:14:53,218 - ERROR - Error on attempt 222: Failed to setup driver
Traceback (most recent call last):
  File "C:\laragon\www\dapokalsel\sekolah\import_url_kabupaten.pyw", line 435, in process_url_induk
    raise Exception("Failed to setup driver")
Exception: Failed to setup driver
2025-10-27 00:14:53,219 - INFO - Retry attempt 223/300...
2025-10-27 00:15:08,219 - INFO - Setting up Chrome driver...
2025-10-27 00:15:08,219 - INFO - Using profile directory: C:\Windows\Temp\chrome_scraper_profile
2025-10-27 00:15:08,219 - INFO - Initializing Chrome driver (attempt 1/3)...
2025-10-27 00:15:22,023 - ERROR - Attempt 1 failed: [WinError 183] Cannot create a file when that file already exists: 'C:\\laragon\\www\\dapokalsel\\sekolah\\~\\appdata\\roaming\\undetected_chromedriver\\undetected\\chromedriver-win32\\chromedriver.exe' -> 'C:\\laragon\\www\\dapokalsel\\sekolah\\~\\appdata\\roaming\\undetected_chromedriver\\undetected_chromedriver.exe'
2025-10-27 00:15:22,024 - INFO - Retrying in 5 seconds...
2025-10-27 00:15:27,025 - INFO - Initializing Chrome driver (attempt 2/3)...
2025-10-27 00:15:31,647 - ERROR - Attempt 2 failed: [WinError 183] Cannot create a file when that file already exists: 'C:\\laragon\\www\\dapokalsel\\sekolah\\~\\appdata\\roaming\\undetected_chromedriver\\undetected\\chromedriver-win32\\chromedriver.exe' -> 'C:\\laragon\\www\\dapokalsel\\sekolah\\~\\appdata\\roaming\\undetected_chromedriver\\undetected_chromedriver.exe'
2025-10-27 00:15:31,647 - INFO - Retrying in 5 seconds...
2025-10-27 00:15:36,647 - INFO - Initializing Chrome driver (attempt 3/3)...
2025-10-27 00:15:42,885 - INFO - patching driver executable C:\laragon\www\dapokalsel\sekolah\~\appdata\roaming\undetected_chromedriver\undetected_chromedriver.exe
2025-10-27 00:15:42,961 - ERROR - Attempt 3 failed: Binary Location Must be a String
2025-10-27 00:15:42,961 - ERROR - All attempts failed to setup driver
Traceback (most recent call last):
  File "C:\laragon\www\dapokalsel\sekolah\import_url_kabupaten.pyw", line 115, in setup_driver
    driver = uc.Chrome(
  File "C:\laragon\bin\python\python-3.10\lib\site-packages\undetected_chromedriver\__init__.py", line 372, in __init__
    options.binary_location = (
  File "C:\laragon\bin\python\python-3.10\lib\site-packages\selenium\webdriver\chromium\options.py", line 52, in binary_location
    raise TypeError(self.BINARY_LOCATION_ERROR)
TypeError: Binary Location Must be a String
2025-10-27 00:15:42,962 - ERROR - Error on attempt 223: Failed to setup driver
Traceback (most recent call last):
  File "C:\laragon\www\dapokalsel\sekolah\import_url_kabupaten.pyw", line 435, in process_url_induk
    raise Exception("Failed to setup driver")
Exception: Failed to setup driver
2025-10-27 00:15:42,962 - INFO - Retry attempt 224/300...
2025-10-27 00:15:57,963 - INFO - Setting up Chrome driver...
2025-10-27 00:15:57,964 - INFO - Using profile directory: C:\Windows\Temp\chrome_scraper_profile
2025-10-27 00:15:57,964 - INFO - Initializing Chrome driver (attempt 1/3)...
2025-10-27 00:16:06,463 - INFO - patching driver executable C:\laragon\www\dapokalsel\sekolah\~\appdata\roaming\undetected_chromedriver\undetected_chromedriver.exe
2025-10-27 00:16:06,541 - ERROR - Attempt 1 failed: Binary Location Must be a String
2025-10-27 00:16:06,541 - INFO - Retrying in 5 seconds...
2025-10-27 00:16:11,541 - INFO - Initializing Chrome driver (attempt 2/3)...
2025-10-27 00:16:14,717 - INFO - patching driver executable C:\laragon\www\dapokalsel\sekolah\~\appdata\roaming\undetected_chromedriver\undetected_chromedriver.exe
2025-10-27 00:16:14,872 - ERROR - Attempt 2 failed: you cannot reuse the ChromeOptions object
2025-10-27 00:16:14,873 - INFO - Retrying in 5 seconds...
2025-10-27 00:16:19,874 - INFO - Initializing Chrome driver (attempt 3/3)...
2025-10-27 00:16:23,352 - INFO - patching driver executable C:\laragon\www\dapokalsel\sekolah\~\appdata\roaming\undetected_chromedriver\undetected_chromedriver.exe
2025-10-27 00:16:23,499 - ERROR - Attempt 3 failed: you cannot reuse the ChromeOptions object
2025-10-27 00:16:23,499 - ERROR - All attempts failed to setup driver
Traceback (most recent call last):
  File "C:\laragon\www\dapokalsel\sekolah\import_url_kabupaten.pyw", line 115, in setup_driver
    driver = uc.Chrome(
  File "C:\laragon\bin\python\python-3.10\lib\site-packages\undetected_chromedriver\__init__.py", line 269, in __init__
    raise RuntimeError("you cannot reuse the ChromeOptions object")
RuntimeError: you cannot reuse the ChromeOptions object
2025-10-27 00:16:23,500 - ERROR - Error on attempt 224: Failed to setup driver
Traceback (most recent call last):
  File "C:\laragon\www\dapokalsel\sekolah\import_url_kabupaten.pyw", line 435, in process_url_induk
    raise Exception("Failed to setup driver")
Exception: Failed to setup driver
2025-10-27 00:16:23,500 - INFO - Retry attempt 225/300...
2025-10-27 00:16:38,501 - INFO - Setting up Chrome driver...
2025-10-27 00:16:38,501 - INFO - Using profile directory: C:\Windows\Temp\chrome_scraper_profile
2025-10-27 00:16:38,501 - INFO - Initializing Chrome driver (attempt 1/3)...
2025-10-27 00:16:42,394 - INFO - patching driver executable C:\laragon\www\dapokalsel\sekolah\~\appdata\roaming\undetected_chromedriver\undetected_chromedriver.exe
2025-10-27 00:16:42,976 - ERROR - Attempt 1 failed: Binary Location Must be a String
2025-10-27 00:16:43,078 - INFO - Retrying in 5 seconds...
2025-10-27 00:16:48,078 - INFO - Initializing Chrome driver (attempt 2/3)...
2025-10-27 00:16:55,960 - INFO - patching driver executable C:\laragon\www\dapokalsel\sekolah\~\appdata\roaming\undetected_chromedriver\undetected_chromedriver.exe
2025-10-27 00:16:57,744 - ERROR - Attempt 2 failed: you cannot reuse the ChromeOptions object
2025-10-27 00:16:57,744 - INFO - Retrying in 5 seconds...
2025-10-27 00:17:02,744 - INFO - Initializing Chrome driver (attempt 3/3)...
2025-10-27 00:17:13,264 - INFO - patching driver executable C:\laragon\www\dapokalsel\sekolah\~\appdata\roaming\undetected_chromedriver\undetected_chromedriver.exe
2025-10-27 00:17:13,890 - ERROR - Attempt 3 failed: you cannot reuse the ChromeOptions object
2025-10-27 00:17:13,890 - ERROR - All attempts failed to setup driver
Traceback (most recent call last):
  File "C:\laragon\www\dapokalsel\sekolah\import_url_kabupaten.pyw", line 115, in setup_driver
    driver = uc.Chrome(
  File "C:\laragon\bin\python\python-3.10\lib\site-packages\undetected_chromedriver\__init__.py", line 269, in __init__
    raise RuntimeError("you cannot reuse the ChromeOptions object")
RuntimeError: you cannot reuse the ChromeOptions object
2025-10-27 00:17:13,891 - ERROR - Error on attempt 225: Failed to setup driver
Traceback (most recent call last):
  File "C:\laragon\www\dapokalsel\sekolah\import_url_kabupaten.pyw", line 435, in process_url_induk
    raise Exception("Failed to setup driver")
Exception: Failed to setup driver
2025-10-27 00:17:13,891 - INFO - Retry attempt 226/300...
2025-10-27 00:17:28,891 - INFO - Setting up Chrome driver...
2025-10-27 00:17:28,891 - INFO - Using profile directory: C:\Windows\Temp\chrome_scraper_profile
2025-10-27 00:17:28,891 - INFO - Initializing Chrome driver (attempt 1/3)...
2025-10-27 00:17:31,909 - INFO - patching driver executable C:\laragon\www\dapokalsel\sekolah\~\appdata\roaming\undetected_chromedriver\undetected_chromedriver.exe
2025-10-27 00:17:32,315 - ERROR - Attempt 1 failed: Binary Location Must be a String
2025-10-27 00:17:32,315 - INFO - Retrying in 5 seconds...
2025-10-27 00:17:37,315 - INFO - Initializing Chrome driver (attempt 2/3)...
2025-10-27 00:17:41,651 - ERROR - Attempt 2 failed: [WinError 183] Cannot create a file when that file already exists: 'C:\\laragon\\www\\dapokalsel\\sekolah\\~\\appdata\\roaming\\undetected_chromedriver\\undetected\\chromedriver-win32\\chromedriver.exe' -> 'C:\\laragon\\www\\dapokalsel\\sekolah\\~\\appdata\\roaming\\undetected_chromedriver\\undetected_chromedriver.exe'
2025-10-27 00:17:41,651 - INFO - Retrying in 5 seconds...
2025-10-27 00:17:46,651 - INFO - Initializing Chrome driver (attempt 3/3)...
2025-10-27 00:17:51,503 - INFO - patching driver executable C:\laragon\www\dapokalsel\sekolah\~\appdata\roaming\undetected_chromedriver\undetected_chromedriver.exe
2025-10-27 00:17:51,795 - ERROR - Attempt 3 failed: you cannot reuse the ChromeOptions object
2025-10-27 00:17:51,796 - ERROR - All attempts failed to setup driver
Traceback (most recent call last):
  File "C:\laragon\www\dapokalsel\sekolah\import_url_kabupaten.pyw", line 115, in setup_driver
    driver = uc.Chrome(
  File "C:\laragon\bin\python\python-3.10\lib\site-packages\undetected_chromedriver\__init__.py", line 269, in __init__
    raise RuntimeError("you cannot reuse the ChromeOptions object")
RuntimeError: you cannot reuse the ChromeOptions object
2025-10-27 00:17:51,796 - ERROR - Error on attempt 226: Failed to setup driver
Traceback (most recent call last):
  File "C:\laragon\www\dapokalsel\sekolah\import_url_kabupaten.pyw", line 435, in process_url_induk
    raise Exception("Failed to setup driver")
Exception: Failed to setup driver
2025-10-27 00:17:51,797 - INFO - Retry attempt 227/300...
2025-10-27 00:18:06,797 - INFO - Setting up Chrome driver...
2025-10-27 00:18:06,797 - INFO - Using profile directory: C:\Windows\Temp\chrome_scraper_profile
2025-10-27 00:18:06,797 - INFO - Initializing Chrome driver (attempt 1/3)...
2025-10-27 00:18:13,912 - ERROR - Attempt 1 failed: [WinError 183] Cannot create a file when that file already exists: 'C:\\laragon\\www\\dapokalsel\\sekolah\\~\\appdata\\roaming\\undetected_chromedriver\\undetected\\chromedriver-win32\\chromedriver.exe' -> 'C:\\laragon\\www\\dapokalsel\\sekolah\\~\\appdata\\roaming\\undetected_chromedriver\\undetected_chromedriver.exe'
2025-10-27 00:18:13,913 - INFO - Retrying in 5 seconds...
2025-10-27 00:18:18,914 - INFO - Initializing Chrome driver (attempt 2/3)...
2025-10-27 00:18:25,810 - INFO - patching driver executable C:\laragon\www\dapokalsel\sekolah\~\appdata\roaming\undetected_chromedriver\undetected_chromedriver.exe
2025-10-27 00:18:28,018 - ERROR - Attempt 2 failed: Binary Location Must be a String
2025-10-27 00:18:28,019 - INFO - Retrying in 5 seconds...
2025-10-27 00:18:33,020 - INFO - Initializing Chrome driver (attempt 3/3)...
2025-10-27 00:18:37,233 - INFO - patching driver executable C:\laragon\www\dapokalsel\sekolah\~\appdata\roaming\undetected_chromedriver\undetected_chromedriver.exe
2025-10-27 00:18:37,637 - ERROR - Attempt 3 failed: you cannot reuse the ChromeOptions object
2025-10-27 00:18:37,638 - ERROR - All attempts failed to setup driver
Traceback (most recent call last):
  File "C:\laragon\www\dapokalsel\sekolah\import_url_kabupaten.pyw", line 115, in setup_driver
    driver = uc.Chrome(
  File "C:\laragon\bin\python\python-3.10\lib\site-packages\undetected_chromedriver\__init__.py", line 269, in __init__
    raise RuntimeError("you cannot reuse the ChromeOptions object")
RuntimeError: you cannot reuse the ChromeOptions object
2025-10-27 00:18:37,638 - ERROR - Error on attempt 227: Failed to setup driver
Traceback (most recent call last):
  File "C:\laragon\www\dapokalsel\sekolah\import_url_kabupaten.pyw", line 435, in process_url_induk
    raise Exception("Failed to setup driver")
Exception: Failed to setup driver
2025-10-27 00:18:37,639 - INFO - Retry attempt 228/300...
2025-10-27 00:18:52,639 - INFO - Setting up Chrome driver...
2025-10-27 00:18:52,640 - INFO - Using profile directory: C:\Windows\Temp\chrome_scraper_profile
2025-10-27 00:18:52,641 - INFO - Initializing Chrome driver (attempt 1/3)...
2025-10-27 00:19:00,500 - ERROR - Attempt 1 failed: [WinError 183] Cannot create a file when that file already exists: 'C:\\laragon\\www\\dapokalsel\\sekolah\\~\\appdata\\roaming\\undetected_chromedriver\\undetected\\chromedriver-win32\\chromedriver.exe' -> 'C:\\laragon\\www\\dapokalsel\\sekolah\\~\\appdata\\roaming\\undetected_chromedriver\\undetected_chromedriver.exe'
2025-10-27 00:19:00,501 - INFO - Retrying in 5 seconds...
2025-10-27 00:19:05,501 - INFO - Initializing Chrome driver (attempt 2/3)...
2025-10-27 00:19:12,152 - INFO - patching driver executable C:\laragon\www\dapokalsel\sekolah\~\appdata\roaming\undetected_chromedriver\undetected_chromedriver.exe
2025-10-27 00:19:13,955 - ERROR - Attempt 2 failed: Binary Location Must be a String
2025-10-27 00:19:13,956 - INFO - Retrying in 5 seconds...
2025-10-27 00:19:18,957 - INFO - Initializing Chrome driver (attempt 3/3)...
2025-10-27 00:19:29,234 - ERROR - Attempt 3 failed: [WinError 32] The process cannot access the file because it is being used by another process: 'C:\\laragon\\www\\dapokalsel\\sekolah\\~\\appdata\\roaming\\undetected_chromedriver\\undetected\\chromedriver-win32\\chromedriver.exe' -> 'C:\\laragon\\www\\dapokalsel\\sekolah\\~\\appdata\\roaming\\undetected_chromedriver\\undetected_chromedriver.exe'
2025-10-27 00:19:29,234 - ERROR - All attempts failed to setup driver
Traceback (most recent call last):
  File "C:\laragon\www\dapokalsel\sekolah\import_url_kabupaten.pyw", line 115, in setup_driver
    driver = uc.Chrome(
  File "C:\laragon\bin\python\python-3.10\lib\site-packages\undetected_chromedriver\__init__.py", line 258, in __init__
    self.patcher.auto()
  File "C:\laragon\bin\python\python-3.10\lib\site-packages\undetected_chromedriver\patcher.py", line 178, in auto
    self.unzip_package(self.fetch_package())
  File "C:\laragon\bin\python\python-3.10\lib\site-packages\undetected_chromedriver\patcher.py", line 310, in unzip_package
    os.rename(os.path.join(self.zip_path, exe_path), self.executable_path)
PermissionError: [WinError 32] The process cannot access the file because it is being used by another process: 'C:\\laragon\\www\\dapokalsel\\sekolah\\~\\appdata\\roaming\\undetected_chromedriver\\undetected\\chromedriver-win32\\chromedriver.exe' -> 'C:\\laragon\\www\\dapokalsel\\sekolah\\~\\appdata\\roaming\\undetected_chromedriver\\undetected_chromedriver.exe'
2025-10-27 00:19:29,235 - ERROR - Error on attempt 228: Failed to setup driver
Traceback (most recent call last):
  File "C:\laragon\www\dapokalsel\sekolah\import_url_kabupaten.pyw", line 435, in process_url_induk
    raise Exception("Failed to setup driver")
Exception: Failed to setup driver
2025-10-27 00:19:29,235 - INFO - Retry attempt 229/300...
2025-10-27 00:19:44,235 - INFO - Setting up Chrome driver...
2025-10-27 00:19:44,236 - INFO - Using profile directory: C:\Windows\Temp\chrome_scraper_profile
2025-10-27 00:19:44,237 - INFO - Initializing Chrome driver (attempt 1/3)...
2025-10-27 00:19:47,650 - INFO - patching driver executable C:\laragon\www\dapokalsel\sekolah\~\appdata\roaming\undetected_chromedriver\undetected_chromedriver.exe
2025-10-27 00:19:47,847 - ERROR - Attempt 1 failed: Binary Location Must be a String
2025-10-27 00:19:47,848 - INFO - Retrying in 5 seconds...
2025-10-27 00:19:52,848 - INFO - Initializing Chrome driver (attempt 2/3)...
2025-10-27 00:19:58,545 - INFO - patching driver executable C:\laragon\www\dapokalsel\sekolah\~\appdata\roaming\undetected_chromedriver\undetected_chromedriver.exe
2025-10-27 00:20:01,129 - ERROR - Attempt 2 failed: you cannot reuse the ChromeOptions object
2025-10-27 00:20:01,129 - INFO - Retrying in 5 seconds...
2025-10-27 00:20:06,130 - INFO - Initializing Chrome driver (attempt 3/3)...
2025-10-27 00:20:09,122 - INFO - patching driver executable C:\laragon\www\dapokalsel\sekolah\~\appdata\roaming\undetected_chromedriver\undetected_chromedriver.exe
2025-10-27 00:20:09,214 - ERROR - Attempt 3 failed: you cannot reuse the ChromeOptions object
2025-10-27 00:20:09,214 - ERROR - All attempts failed to setup driver
Traceback (most recent call last):
  File "C:\laragon\www\dapokalsel\sekolah\import_url_kabupaten.pyw", line 115, in setup_driver
    driver = uc.Chrome(
  File "C:\laragon\bin\python\python-3.10\lib\site-packages\undetected_chromedriver\__init__.py", line 269, in __init__
    raise RuntimeError("you cannot reuse the ChromeOptions object")
RuntimeError: you cannot reuse the ChromeOptions object
2025-10-27 00:20:09,215 - ERROR - Error on attempt 229: Failed to setup driver
Traceback (most recent call last):
  File "C:\laragon\www\dapokalsel\sekolah\import_url_kabupaten.pyw", line 435, in process_url_induk
    raise Exception("Failed to setup driver")
Exception: Failed to setup driver
2025-10-27 00:20:09,215 - INFO - Retry attempt 230/300...
2025-10-27 00:20:24,216 - INFO - Setting up Chrome driver...
2025-10-27 00:20:24,217 - INFO - Using profile directory: C:\Windows\Temp\chrome_scraper_profile
2025-10-27 00:20:24,217 - INFO - Initializing Chrome driver (attempt 1/3)...
2025-10-27 00:20:31,040 - INFO - patching driver executable C:\laragon\www\dapokalsel\sekolah\~\appdata\roaming\undetected_chromedriver\undetected_chromedriver.exe
2025-10-27 00:20:31,755 - ERROR - Attempt 1 failed: Binary Location Must be a String
2025-10-27 00:20:31,755 - INFO - Retrying in 5 seconds...
2025-10-27 00:20:36,756 - INFO - Initializing Chrome driver (attempt 2/3)...
2025-10-27 00:20:47,230 - ERROR - Attempt 2 failed: [WinError 183] Cannot create a file when that file already exists: 'C:\\laragon\\www\\dapokalsel\\sekolah\\~\\appdata\\roaming\\undetected_chromedriver\\undetected\\chromedriver-win32\\chromedriver.exe' -> 'C:\\laragon\\www\\dapokalsel\\sekolah\\~\\appdata\\roaming\\undetected_chromedriver\\undetected_chromedriver.exe'
2025-10-27 00:20:47,230 - INFO - Retrying in 5 seconds...
2025-10-27 00:20:52,231 - INFO - Initializing Chrome driver (attempt 3/3)...
2025-10-27 00:20:56,328 - INFO - patching driver executable C:\laragon\www\dapokalsel\sekolah\~\appdata\roaming\undetected_chromedriver\undetected_chromedriver.exe
2025-10-27 00:20:56,486 - ERROR - Attempt 3 failed: you cannot reuse the ChromeOptions object
2025-10-27 00:20:56,487 - ERROR - All attempts failed to setup driver
Traceback (most recent call last):
  File "C:\laragon\www\dapokalsel\sekolah\import_url_kabupaten.pyw", line 115, in setup_driver
    driver = uc.Chrome(
  File "C:\laragon\bin\python\python-3.10\lib\site-packages\undetected_chromedriver\__init__.py", line 269, in __init__
    raise RuntimeError("you cannot reuse the ChromeOptions object")
RuntimeError: you cannot reuse the ChromeOptions object
2025-10-27 00:20:56,487 - ERROR - Error on attempt 230: Failed to setup driver
Traceback (most recent call last):
  File "C:\laragon\www\dapokalsel\sekolah\import_url_kabupaten.pyw", line 435, in process_url_induk
    raise Exception("Failed to setup driver")
Exception: Failed to setup driver
2025-10-27 00:20:56,487 - INFO - Retry attempt 231/300...
2025-10-27 00:21:11,487 - INFO - Setting up Chrome driver...
2025-10-27 00:21:11,488 - INFO - Using profile directory: C:\Windows\Temp\chrome_scraper_profile
2025-10-27 00:21:11,488 - INFO - Initializing Chrome driver (attempt 1/3)...
2025-10-27 00:21:18,647 - INFO - patching driver executable C:\laragon\www\dapokalsel\sekolah\~\appdata\roaming\undetected_chromedriver\undetected_chromedriver.exe
2025-10-27 00:21:20,278 - ERROR - Attempt 1 failed: Binary Location Must be a String
2025-10-27 00:21:20,278 - INFO - Retrying in 5 seconds...
2025-10-27 00:21:25,279 - INFO - Initializing Chrome driver (attempt 2/3)...
2025-10-27 00:21:31,972 - INFO - patching driver executable C:\laragon\www\dapokalsel\sekolah\~\appdata\roaming\undetected_chromedriver\undetected_chromedriver.exe
2025-10-27 00:21:34,065 - ERROR - Attempt 2 failed: you cannot reuse the ChromeOptions object
2025-10-27 00:21:34,065 - INFO - Retrying in 5 seconds...
2025-10-27 00:21:39,065 - INFO - Initializing Chrome driver (attempt 3/3)...
2025-10-27 00:21:47,921 - INFO - patching driver executable C:\laragon\www\dapokalsel\sekolah\~\appdata\roaming\undetected_chromedriver\undetected_chromedriver.exe
2025-10-27 00:21:54,092 - ERROR - Attempt 3 failed: you cannot reuse the ChromeOptions object
2025-10-27 00:21:54,092 - ERROR - All attempts failed to setup driver
Traceback (most recent call last):
  File "C:\laragon\www\dapokalsel\sekolah\import_url_kabupaten.pyw", line 115, in setup_driver
    driver = uc.Chrome(
  File "C:\laragon\bin\python\python-3.10\lib\site-packages\undetected_chromedriver\__init__.py", line 269, in __init__
    raise RuntimeError("you cannot reuse the ChromeOptions object")
RuntimeError: you cannot reuse the ChromeOptions object
2025-10-27 00:21:54,093 - ERROR - Error on attempt 231: Failed to setup driver
Traceback (most recent call last):
  File "C:\laragon\www\dapokalsel\sekolah\import_url_kabupaten.pyw", line 435, in process_url_induk
    raise Exception("Failed to setup driver")
Exception: Failed to setup driver
2025-10-27 00:21:54,093 - INFO - Retry attempt 232/300...
2025-10-27 00:22:09,094 - INFO - Setting up Chrome driver...
2025-10-27 00:22:09,095 - INFO - Using profile directory: C:\Windows\Temp\chrome_scraper_profile
2025-10-27 00:22:09,096 - INFO - Initializing Chrome driver (attempt 1/3)...
2025-10-27 00:22:13,770 - INFO - patching driver executable C:\laragon\www\dapokalsel\sekolah\~\appdata\roaming\undetected_chromedriver\undetected_chromedriver.exe
2025-10-27 00:22:14,472 - ERROR - Attempt 1 failed: Binary Location Must be a String
2025-10-27 00:22:14,472 - INFO - Retrying in 5 seconds...
2025-10-27 00:22:19,473 - INFO - Initializing Chrome driver (attempt 2/3)...
2025-10-27 00:22:27,903 - INFO - patching driver executable C:\laragon\www\dapokalsel\sekolah\~\appdata\roaming\undetected_chromedriver\undetected_chromedriver.exe
2025-10-27 00:22:31,370 - ERROR - Attempt 2 failed: you cannot reuse the ChromeOptions object
2025-10-27 00:22:31,370 - INFO - Retrying in 5 seconds...
2025-10-27 00:22:36,370 - INFO - Initializing Chrome driver (attempt 3/3)...
2025-10-27 00:22:39,637 - INFO - patching driver executable C:\laragon\www\dapokalsel\sekolah\~\appdata\roaming\undetected_chromedriver\undetected_chromedriver.exe
2025-10-27 00:22:41,074 - ERROR - Attempt 3 failed: you cannot reuse the ChromeOptions object
2025-10-27 00:22:41,776 - ERROR - All attempts failed to setup driver
Traceback (most recent call last):
  File "C:\laragon\www\dapokalsel\sekolah\import_url_kabupaten.pyw", line 115, in setup_driver
    driver = uc.Chrome(
  File "C:\laragon\bin\python\python-3.10\lib\site-packages\undetected_chromedriver\__init__.py", line 269, in __init__
    raise RuntimeError("you cannot reuse the ChromeOptions object")
RuntimeError: you cannot reuse the ChromeOptions object
2025-10-27 00:22:41,777 - ERROR - Error on attempt 232: Failed to setup driver
Traceback (most recent call last):
  File "C:\laragon\www\dapokalsel\sekolah\import_url_kabupaten.pyw", line 435, in process_url_induk
    raise Exception("Failed to setup driver")
Exception: Failed to setup driver
2025-10-27 00:22:41,777 - INFO - Retry attempt 233/300...
2025-10-27 00:22:56,779 - INFO - Setting up Chrome driver...
2025-10-27 00:22:56,779 - INFO - Using profile directory: C:\Windows\Temp\chrome_scraper_profile
2025-10-27 00:22:56,779 - INFO - Initializing Chrome driver (attempt 1/3)...
2025-10-27 00:23:03,820 - ERROR - Attempt 1 failed: [WinError 183] Cannot create a file when that file already exists: 'C:\\laragon\\www\\dapokalsel\\sekolah\\~\\appdata\\roaming\\undetected_chromedriver\\undetected\\chromedriver-win32\\chromedriver.exe' -> 'C:\\laragon\\www\\dapokalsel\\sekolah\\~\\appdata\\roaming\\undetected_chromedriver\\undetected_chromedriver.exe'
2025-10-27 00:23:03,820 - INFO - Retrying in 5 seconds...
2025-10-27 00:23:08,821 - INFO - Initializing Chrome driver (attempt 2/3)...
2025-10-27 00:23:18,664 - INFO - patching driver executable C:\laragon\www\dapokalsel\sekolah\~\appdata\roaming\undetected_chromedriver\undetected_chromedriver.exe
2025-10-27 00:23:21,442 - ERROR - Attempt 2 failed: Binary Location Must be a String
2025-10-27 00:23:21,442 - INFO - Retrying in 5 seconds...
2025-10-27 00:23:26,443 - INFO - Initializing Chrome driver (attempt 3/3)...
2025-10-27 00:23:32,919 - INFO - patching driver executable C:\laragon\www\dapokalsel\sekolah\~\appdata\roaming\undetected_chromedriver\undetected_chromedriver.exe
2025-10-27 00:23:33,297 - ERROR - Attempt 3 failed: you cannot reuse the ChromeOptions object
2025-10-27 00:23:33,297 - ERROR - All attempts failed to setup driver
Traceback (most recent call last):
  File "C:\laragon\www\dapokalsel\sekolah\import_url_kabupaten.pyw", line 115, in setup_driver
    driver = uc.Chrome(
  File "C:\laragon\bin\python\python-3.10\lib\site-packages\undetected_chromedriver\__init__.py", line 269, in __init__
    raise RuntimeError("you cannot reuse the ChromeOptions object")
RuntimeError: you cannot reuse the ChromeOptions object
2025-10-27 00:23:33,298 - ERROR - Error on attempt 233: Failed to setup driver
Traceback (most recent call last):
  File "C:\laragon\www\dapokalsel\sekolah\import_url_kabupaten.pyw", line 435, in process_url_induk
    raise Exception("Failed to setup driver")
Exception: Failed to setup driver
2025-10-27 00:23:33,298 - INFO - Retry attempt 234/300...
2025-10-27 00:23:48,299 - INFO - Setting up Chrome driver...
2025-10-27 00:23:48,300 - INFO - Using profile directory: C:\Windows\Temp\chrome_scraper_profile
2025-10-27 00:23:48,300 - INFO - Initializing Chrome driver (attempt 1/3)...
2025-10-27 00:23:55,511 - ERROR - Attempt 1 failed: [WinError 183] Cannot create a file when that file already exists: 'C:\\laragon\\www\\dapokalsel\\sekolah\\~\\appdata\\roaming\\undetected_chromedriver\\undetected\\chromedriver-win32\\chromedriver.exe' -> 'C:\\laragon\\www\\dapokalsel\\sekolah\\~\\appdata\\roaming\\undetected_chromedriver\\undetected_chromedriver.exe'
2025-10-27 00:23:55,511 - INFO - Retrying in 5 seconds...
2025-10-27 00:24:00,511 - INFO - Initializing Chrome driver (attempt 2/3)...
2025-10-27 00:24:10,853 - INFO - patching driver executable C:\laragon\www\dapokalsel\sekolah\~\appdata\roaming\undetected_chromedriver\undetected_chromedriver.exe
2025-10-27 00:24:13,363 - ERROR - Attempt 2 failed: Binary Location Must be a String
2025-10-27 00:24:13,363 - INFO - Retrying in 5 seconds...
2025-10-27 00:24:18,364 - INFO - Initializing Chrome driver (attempt 3/3)...
2025-10-27 00:24:30,211 - ERROR - Attempt 3 failed: [WinError 183] Cannot create a file when that file already exists: 'C:\\laragon\\www\\dapokalsel\\sekolah\\~\\appdata\\roaming\\undetected_chromedriver\\undetected\\chromedriver-win32\\chromedriver.exe' -> 'C:\\laragon\\www\\dapokalsel\\sekolah\\~\\appdata\\roaming\\undetected_chromedriver\\undetected_chromedriver.exe'
2025-10-27 00:24:30,211 - ERROR - All attempts failed to setup driver
Traceback (most recent call last):
  File "C:\laragon\www\dapokalsel\sekolah\import_url_kabupaten.pyw", line 115, in setup_driver
    driver = uc.Chrome(
  File "C:\laragon\bin\python\python-3.10\lib\site-packages\undetected_chromedriver\__init__.py", line 258, in __init__
    self.patcher.auto()
  File "C:\laragon\bin\python\python-3.10\lib\site-packages\undetected_chromedriver\patcher.py", line 178, in auto
    self.unzip_package(self.fetch_package())
  File "C:\laragon\bin\python\python-3.10\lib\site-packages\undetected_chromedriver\patcher.py", line 310, in unzip_package
    os.rename(os.path.join(self.zip_path, exe_path), self.executable_path)
FileExistsError: [WinError 183] Cannot create a file when that file already exists: 'C:\\laragon\\www\\dapokalsel\\sekolah\\~\\appdata\\roaming\\undetected_chromedriver\\undetected\\chromedriver-win32\\chromedriver.exe' -> 'C:\\laragon\\www\\dapokalsel\\sekolah\\~\\appdata\\roaming\\undetected_chromedriver\\undetected_chromedriver.exe'
2025-10-27 00:24:30,211 - ERROR - Error on attempt 234: Failed to setup driver
Traceback (most recent call last):
  File "C:\laragon\www\dapokalsel\sekolah\import_url_kabupaten.pyw", line 435, in process_url_induk
    raise Exception("Failed to setup driver")
Exception: Failed to setup driver
2025-10-27 00:24:30,212 - INFO - Retry attempt 235/300...
2025-10-27 00:24:45,213 - INFO - Setting up Chrome driver...
2025-10-27 00:24:45,214 - INFO - Using profile directory: C:\Windows\Temp\chrome_scraper_profile
2025-10-27 00:24:45,214 - INFO - Initializing Chrome driver (attempt 1/3)...
2025-10-27 00:24:51,210 - INFO - patching driver executable C:\laragon\www\dapokalsel\sekolah\~\appdata\roaming\undetected_chromedriver\undetected_chromedriver.exe
2025-10-27 00:24:51,367 - ERROR - Attempt 1 failed: Binary Location Must be a String
2025-10-27 00:24:51,368 - INFO - Retrying in 5 seconds...
2025-10-27 00:24:56,369 - INFO - Initializing Chrome driver (attempt 2/3)...
2025-10-27 00:25:09,977 - INFO - patching driver executable C:\laragon\www\dapokalsel\sekolah\~\appdata\roaming\undetected_chromedriver\undetected_chromedriver.exe
2025-10-27 00:25:10,073 - ERROR - Attempt 2 failed: you cannot reuse the ChromeOptions object
2025-10-27 00:25:10,073 - INFO - Retrying in 5 seconds...
2025-10-27 00:25:15,074 - INFO - Initializing Chrome driver (attempt 3/3)...
2025-10-27 00:25:17,977 - INFO - patching driver executable C:\laragon\www\dapokalsel\sekolah\~\appdata\roaming\undetected_chromedriver\undetected_chromedriver.exe
2025-10-27 00:25:20,975 - ERROR - Attempt 3 failed: you cannot reuse the ChromeOptions object
2025-10-27 00:25:20,976 - ERROR - All attempts failed to setup driver
Traceback (most recent call last):
  File "C:\laragon\www\dapokalsel\sekolah\import_url_kabupaten.pyw", line 115, in setup_driver
    driver = uc.Chrome(
  File "C:\laragon\bin\python\python-3.10\lib\site-packages\undetected_chromedriver\__init__.py", line 269, in __init__
    raise RuntimeError("you cannot reuse the ChromeOptions object")
RuntimeError: you cannot reuse the ChromeOptions object
2025-10-27 00:25:20,976 - ERROR - Error on attempt 235: Failed to setup driver
Traceback (most recent call last):
  File "C:\laragon\www\dapokalsel\sekolah\import_url_kabupaten.pyw", line 435, in process_url_induk
    raise Exception("Failed to setup driver")
Exception: Failed to setup driver
2025-10-27 00:25:20,977 - INFO - Retry attempt 236/300...
2025-10-27 00:25:35,978 - INFO - Setting up Chrome driver...
2025-10-27 00:25:35,978 - INFO - Using profile directory: C:\Windows\Temp\chrome_scraper_profile
2025-10-27 00:25:35,979 - INFO - Initializing Chrome driver (attempt 1/3)...
2025-10-27 00:25:43,356 - INFO - patching driver executable C:\laragon\www\dapokalsel\sekolah\~\appdata\roaming\undetected_chromedriver\undetected_chromedriver.exe
2025-10-27 00:25:44,922 - ERROR - Attempt 1 failed: Binary Location Must be a String
2025-10-27 00:25:44,922 - INFO - Retrying in 5 seconds...
2025-10-27 00:25:49,924 - INFO - Initializing Chrome driver (attempt 2/3)...
2025-10-27 00:25:53,122 - ERROR - Attempt 2 failed: [WinError 183] Cannot create a file when that file already exists: 'C:\\laragon\\www\\dapokalsel\\sekolah\\~\\appdata\\roaming\\undetected_chromedriver\\undetected\\chromedriver-win32\\chromedriver.exe' -> 'C:\\laragon\\www\\dapokalsel\\sekolah\\~\\appdata\\roaming\\undetected_chromedriver\\undetected_chromedriver.exe'
2025-10-27 00:25:53,122 - INFO - Retrying in 5 seconds...
2025-10-27 00:25:58,124 - INFO - Initializing Chrome driver (attempt 3/3)...
2025-10-27 00:26:05,964 - ERROR - Attempt 3 failed: [WinError 183] Cannot create a file when that file already exists: 'C:\\laragon\\www\\dapokalsel\\sekolah\\~\\appdata\\roaming\\undetected_chromedriver\\undetected\\chromedriver-win32\\chromedriver.exe' -> 'C:\\laragon\\www\\dapokalsel\\sekolah\\~\\appdata\\roaming\\undetected_chromedriver\\undetected_chromedriver.exe'
2025-10-27 00:26:05,964 - ERROR - All attempts failed to setup driver
Traceback (most recent call last):
  File "C:\laragon\www\dapokalsel\sekolah\import_url_kabupaten.pyw", line 115, in setup_driver
    driver = uc.Chrome(
  File "C:\laragon\bin\python\python-3.10\lib\site-packages\undetected_chromedriver\__init__.py", line 258, in __init__
    self.patcher.auto()
  File "C:\laragon\bin\python\python-3.10\lib\site-packages\undetected_chromedriver\patcher.py", line 178, in auto
    self.unzip_package(self.fetch_package())
  File "C:\laragon\bin\python\python-3.10\lib\site-packages\undetected_chromedriver\patcher.py", line 310, in unzip_package
    os.rename(os.path.join(self.zip_path, exe_path), self.executable_path)
FileExistsError: [WinError 183] Cannot create a file when that file already exists: 'C:\\laragon\\www\\dapokalsel\\sekolah\\~\\appdata\\roaming\\undetected_chromedriver\\undetected\\chromedriver-win32\\chromedriver.exe' -> 'C:\\laragon\\www\\dapokalsel\\sekolah\\~\\appdata\\roaming\\undetected_chromedriver\\undetected_chromedriver.exe'
2025-10-27 00:26:05,965 - ERROR - Error on attempt 236: Failed to setup driver
Traceback (most recent call last):
  File "C:\laragon\www\dapokalsel\sekolah\import_url_kabupaten.pyw", line 435, in process_url_induk
    raise Exception("Failed to setup driver")
Exception: Failed to setup driver
2025-10-27 00:26:05,965 - INFO - Retry attempt 237/300...
2025-10-27 00:26:20,966 - INFO - Setting up Chrome driver...
2025-10-27 00:26:20,966 - INFO - Using profile directory: C:\Windows\Temp\chrome_scraper_profile
2025-10-27 00:26:20,967 - INFO - Initializing Chrome driver (attempt 1/3)...
2025-10-27 00:26:26,022 - INFO - patching driver executable C:\laragon\www\dapokalsel\sekolah\~\appdata\roaming\undetected_chromedriver\undetected_chromedriver.exe
2025-10-27 00:26:28,488 - ERROR - Attempt 1 failed: Binary Location Must be a String
2025-10-27 00:26:28,488 - INFO - Retrying in 5 seconds...
2025-10-27 00:26:33,496 - INFO - Initializing Chrome driver (attempt 2/3)...
2025-10-27 00:26:36,421 - INFO - patching driver executable C:\laragon\www\dapokalsel\sekolah\~\appdata\roaming\undetected_chromedriver\undetected_chromedriver.exe
2025-10-27 00:26:36,498 - ERROR - Attempt 2 failed: you cannot reuse the ChromeOptions object
2025-10-27 00:26:36,499 - INFO - Retrying in 5 seconds...
2025-10-27 00:26:41,506 - INFO - Initializing Chrome driver (attempt 3/3)...
2025-10-27 00:26:45,759 - INFO - patching driver executable C:\laragon\www\dapokalsel\sekolah\~\appdata\roaming\undetected_chromedriver\undetected_chromedriver.exe
2025-10-27 00:26:47,519 - ERROR - Attempt 3 failed: you cannot reuse the ChromeOptions object
2025-10-27 00:26:47,519 - ERROR - All attempts failed to setup driver
Traceback (most recent call last):
  File "C:\laragon\www\dapokalsel\sekolah\import_url_kabupaten.pyw", line 115, in setup_driver
    driver = uc.Chrome(
  File "C:\laragon\bin\python\python-3.10\lib\site-packages\undetected_chromedriver\__init__.py", line 269, in __init__
    raise RuntimeError("you cannot reuse the ChromeOptions object")
RuntimeError: you cannot reuse the ChromeOptions object
2025-10-27 00:26:47,520 - ERROR - Error on attempt 237: Failed to setup driver
Traceback (most recent call last):
  File "C:\laragon\www\dapokalsel\sekolah\import_url_kabupaten.pyw", line 435, in process_url_induk
    raise Exception("Failed to setup driver")
Exception: Failed to setup driver
2025-10-27 00:26:47,520 - INFO - Retry attempt 238/300...
2025-10-27 00:27:02,522 - INFO - Setting up Chrome driver...
2025-10-27 00:27:02,523 - INFO - Using profile directory: C:\Windows\Temp\chrome_scraper_profile
2025-10-27 00:27:02,523 - INFO - Initializing Chrome driver (attempt 1/3)...
2025-10-27 00:27:09,418 - ERROR - Attempt 1 failed: [WinError 32] The process cannot access the file because it is being used by another process: 'C:\\laragon\\www\\dapokalsel\\sekolah\\~\\appdata\\roaming\\undetected_chromedriver\\undetected\\chromedriver-win32\\chromedriver.exe' -> 'C:\\laragon\\www\\dapokalsel\\sekolah\\~\\appdata\\roaming\\undetected_chromedriver\\undetected_chromedriver.exe'
2025-10-27 00:27:09,419 - INFO - Retrying in 5 seconds...
2025-10-27 00:27:14,420 - INFO - Initializing Chrome driver (attempt 2/3)...
2025-10-27 00:27:21,241 - ERROR - Attempt 2 failed: [WinError 183] Cannot create a file when that file already exists: 'C:\\laragon\\www\\dapokalsel\\sekolah\\~\\appdata\\roaming\\undetected_chromedriver\\undetected\\chromedriver-win32\\chromedriver.exe' -> 'C:\\laragon\\www\\dapokalsel\\sekolah\\~\\appdata\\roaming\\undetected_chromedriver\\undetected_chromedriver.exe'
2025-10-27 00:27:21,241 - INFO - Retrying in 5 seconds...
2025-10-27 00:27:26,241 - INFO - Initializing Chrome driver (attempt 3/3)...
2025-10-27 00:27:30,602 - ERROR - Attempt 3 failed: [WinError 183] Cannot create a file when that file already exists: 'C:\\laragon\\www\\dapokalsel\\sekolah\\~\\appdata\\roaming\\undetected_chromedriver\\undetected\\chromedriver-win32\\chromedriver.exe' -> 'C:\\laragon\\www\\dapokalsel\\sekolah\\~\\appdata\\roaming\\undetected_chromedriver\\undetected_chromedriver.exe'
2025-10-27 00:27:30,602 - ERROR - All attempts failed to setup driver
Traceback (most recent call last):
  File "C:\laragon\www\dapokalsel\sekolah\import_url_kabupaten.pyw", line 115, in setup_driver
    driver = uc.Chrome(
  File "C:\laragon\bin\python\python-3.10\lib\site-packages\undetected_chromedriver\__init__.py", line 258, in __init__
    self.patcher.auto()
  File "C:\laragon\bin\python\python-3.10\lib\site-packages\undetected_chromedriver\patcher.py", line 178, in auto
    self.unzip_package(self.fetch_package())
  File "C:\laragon\bin\python\python-3.10\lib\site-packages\undetected_chromedriver\patcher.py", line 310, in unzip_package
    os.rename(os.path.join(self.zip_path, exe_path), self.executable_path)
FileExistsError: [WinError 183] Cannot create a file when that file already exists: 'C:\\laragon\\www\\dapokalsel\\sekolah\\~\\appdata\\roaming\\undetected_chromedriver\\undetected\\chromedriver-win32\\chromedriver.exe' -> 'C:\\laragon\\www\\dapokalsel\\sekolah\\~\\appdata\\roaming\\undetected_chromedriver\\undetected_chromedriver.exe'
2025-10-27 00:27:30,603 - ERROR - Error on attempt 238: Failed to setup driver
Traceback (most recent call last):
  File "C:\laragon\www\dapokalsel\sekolah\import_url_kabupaten.pyw", line 435, in process_url_induk
    raise Exception("Failed to setup driver")
Exception: Failed to setup driver
2025-10-27 00:27:30,603 - INFO - Retry attempt 239/300...
2025-10-27 00:27:45,605 - INFO - Setting up Chrome driver...
2025-10-27 00:27:45,605 - INFO - Using profile directory: C:\Windows\Temp\chrome_scraper_profile
2025-10-27 00:27:45,606 - INFO - Initializing Chrome driver (attempt 1/3)...
2025-10-27 00:27:50,309 - INFO - patching driver executable C:\laragon\www\dapokalsel\sekolah\~\appdata\roaming\undetected_chromedriver\undetected_chromedriver.exe
2025-10-27 00:27:50,390 - ERROR - Attempt 1 failed: Binary Location Must be a String
2025-10-27 00:27:50,391 - INFO - Retrying in 5 seconds...
2025-10-27 00:27:55,392 - INFO - Initializing Chrome driver (attempt 2/3)...
2025-10-27 00:27:58,973 - INFO - patching driver executable C:\laragon\www\dapokalsel\sekolah\~\appdata\roaming\undetected_chromedriver\undetected_chromedriver.exe
2025-10-27 00:27:59,057 - ERROR - Attempt 2 failed: you cannot reuse the ChromeOptions object
2025-10-27 00:27:59,057 - INFO - Retrying in 5 seconds...
2025-10-27 00:28:04,057 - INFO - Initializing Chrome driver (attempt 3/3)...
2025-10-27 00:28:08,925 - INFO - patching driver executable C:\laragon\www\dapokalsel\sekolah\~\appdata\roaming\undetected_chromedriver\undetected_chromedriver.exe
2025-10-27 00:28:09,002 - ERROR - Attempt 3 failed: you cannot reuse the ChromeOptions object
2025-10-27 00:28:09,002 - ERROR - All attempts failed to setup driver
Traceback (most recent call last):
  File "C:\laragon\www\dapokalsel\sekolah\import_url_kabupaten.pyw", line 115, in setup_driver
    driver = uc.Chrome(
  File "C:\laragon\bin\python\python-3.10\lib\site-packages\undetected_chromedriver\__init__.py", line 269, in __init__
    raise RuntimeError("you cannot reuse the ChromeOptions object")
RuntimeError: you cannot reuse the ChromeOptions object
2025-10-27 00:28:09,003 - ERROR - Error on attempt 239: Failed to setup driver
Traceback (most recent call last):
  File "C:\laragon\www\dapokalsel\sekolah\import_url_kabupaten.pyw", line 435, in process_url_induk
    raise Exception("Failed to setup driver")
Exception: Failed to setup driver
2025-10-27 00:28:09,003 - INFO - Retry attempt 240/300...
2025-10-27 00:28:24,003 - INFO - Setting up Chrome driver...
2025-10-27 00:28:24,004 - INFO - Using profile directory: C:\Windows\Temp\chrome_scraper_profile
2025-10-27 00:28:24,006 - INFO - Initializing Chrome driver (attempt 1/3)...
2025-10-27 00:28:28,427 - INFO - patching driver executable C:\laragon\www\dapokalsel\sekolah\~\appdata\roaming\undetected_chromedriver\undetected_chromedriver.exe
2025-10-27 00:28:28,509 - ERROR - Attempt 1 failed: Binary Location Must be a String
2025-10-27 00:28:28,509 - INFO - Retrying in 5 seconds...
2025-10-27 00:28:33,510 - INFO - Initializing Chrome driver (attempt 2/3)...
2025-10-27 00:28:36,452 - INFO - patching driver executable C:\laragon\www\dapokalsel\sekolah\~\appdata\roaming\undetected_chromedriver\undetected_chromedriver.exe
2025-10-27 00:28:36,531 - ERROR - Attempt 2 failed: you cannot reuse the ChromeOptions object
2025-10-27 00:28:36,531 - INFO - Retrying in 5 seconds...
2025-10-27 00:28:41,532 - INFO - Initializing Chrome driver (attempt 3/3)...
2025-10-27 00:28:44,957 - INFO - patching driver executable C:\laragon\www\dapokalsel\sekolah\~\appdata\roaming\undetected_chromedriver\undetected_chromedriver.exe
2025-10-27 00:28:45,031 - ERROR - Attempt 3 failed: you cannot reuse the ChromeOptions object
2025-10-27 00:28:45,031 - ERROR - All attempts failed to setup driver
Traceback (most recent call last):
  File "C:\laragon\www\dapokalsel\sekolah\import_url_kabupaten.pyw", line 115, in setup_driver
    driver = uc.Chrome(
  File "C:\laragon\bin\python\python-3.10\lib\site-packages\undetected_chromedriver\__init__.py", line 269, in __init__
    raise RuntimeError("you cannot reuse the ChromeOptions object")
RuntimeError: you cannot reuse the ChromeOptions object
2025-10-27 00:28:45,032 - ERROR - Error on attempt 240: Failed to setup driver
Traceback (most recent call last):
  File "C:\laragon\www\dapokalsel\sekolah\import_url_kabupaten.pyw", line 435, in process_url_induk
    raise Exception("Failed to setup driver")
Exception: Failed to setup driver
2025-10-27 00:28:45,032 - INFO - Retry attempt 241/300...
2025-10-27 00:29:00,033 - INFO - Setting up Chrome driver...
2025-10-27 00:29:00,033 - INFO - Using profile directory: C:\Windows\Temp\chrome_scraper_profile
2025-10-27 00:29:00,033 - INFO - Initializing Chrome driver (attempt 1/3)...
2025-10-27 00:29:03,625 - INFO - patching driver executable C:\laragon\www\dapokalsel\sekolah\~\appdata\roaming\undetected_chromedriver\undetected_chromedriver.exe
2025-10-27 00:29:03,698 - ERROR - Attempt 1 failed: Binary Location Must be a String
2025-10-27 00:29:03,698 - INFO - Retrying in 5 seconds...
2025-10-27 00:29:08,698 - INFO - Initializing Chrome driver (attempt 2/3)...
2025-10-27 00:29:15,563 - INFO - patching driver executable C:\laragon\www\dapokalsel\sekolah\~\appdata\roaming\undetected_chromedriver\undetected_chromedriver.exe
2025-10-27 00:29:15,646 - ERROR - Attempt 2 failed: you cannot reuse the ChromeOptions object
2025-10-27 00:29:15,646 - INFO - Retrying in 5 seconds...
2025-10-27 00:29:20,646 - INFO - Initializing Chrome driver (attempt 3/3)...
2025-10-27 00:29:25,991 - INFO - patching driver executable C:\laragon\www\dapokalsel\sekolah\~\appdata\roaming\undetected_chromedriver\undetected_chromedriver.exe
2025-10-27 00:29:26,062 - ERROR - Attempt 3 failed: you cannot reuse the ChromeOptions object
2025-10-27 00:29:26,062 - ERROR - All attempts failed to setup driver
Traceback (most recent call last):
  File "C:\laragon\www\dapokalsel\sekolah\import_url_kabupaten.pyw", line 115, in setup_driver
    driver = uc.Chrome(
  File "C:\laragon\bin\python\python-3.10\lib\site-packages\undetected_chromedriver\__init__.py", line 269, in __init__
    raise RuntimeError("you cannot reuse the ChromeOptions object")
RuntimeError: you cannot reuse the ChromeOptions object
2025-10-27 00:29:26,063 - ERROR - Error on attempt 241: Failed to setup driver
Traceback (most recent call last):
  File "C:\laragon\www\dapokalsel\sekolah\import_url_kabupaten.pyw", line 435, in process_url_induk
    raise Exception("Failed to setup driver")
Exception: Failed to setup driver
2025-10-27 00:29:26,063 - INFO - Retry attempt 242/300...
2025-10-27 00:29:41,063 - INFO - Setting up Chrome driver...
2025-10-27 00:29:41,064 - INFO - Using profile directory: C:\Windows\Temp\chrome_scraper_profile
2025-10-27 00:29:41,064 - INFO - Initializing Chrome driver (attempt 1/3)...
2025-10-27 00:29:44,871 - INFO - patching driver executable C:\laragon\www\dapokalsel\sekolah\~\appdata\roaming\undetected_chromedriver\undetected_chromedriver.exe
2025-10-27 00:29:44,950 - ERROR - Attempt 1 failed: Binary Location Must be a String
2025-10-27 00:29:44,950 - INFO - Retrying in 5 seconds...
2025-10-27 00:29:49,951 - INFO - Initializing Chrome driver (attempt 2/3)...
2025-10-27 00:29:54,192 - INFO - patching driver executable C:\laragon\www\dapokalsel\sekolah\~\appdata\roaming\undetected_chromedriver\undetected_chromedriver.exe
2025-10-27 00:29:54,265 - ERROR - Attempt 2 failed: you cannot reuse the ChromeOptions object
2025-10-27 00:29:54,265 - INFO - Retrying in 5 seconds...
2025-10-27 00:29:59,266 - INFO - Initializing Chrome driver (attempt 3/3)...
2025-10-27 00:30:03,663 - INFO - patching driver executable C:\laragon\www\dapokalsel\sekolah\~\appdata\roaming\undetected_chromedriver\undetected_chromedriver.exe
2025-10-27 00:30:03,739 - ERROR - Attempt 3 failed: you cannot reuse the ChromeOptions object
2025-10-27 00:30:03,739 - ERROR - All attempts failed to setup driver
Traceback (most recent call last):
  File "C:\laragon\www\dapokalsel\sekolah\import_url_kabupaten.pyw", line 115, in setup_driver
    driver = uc.Chrome(
  File "C:\laragon\bin\python\python-3.10\lib\site-packages\undetected_chromedriver\__init__.py", line 269, in __init__
    raise RuntimeError("you cannot reuse the ChromeOptions object")
RuntimeError: you cannot reuse the ChromeOptions object
2025-10-27 00:30:03,740 - ERROR - Error on attempt 242: Failed to setup driver
Traceback (most recent call last):
  File "C:\laragon\www\dapokalsel\sekolah\import_url_kabupaten.pyw", line 435, in process_url_induk
    raise Exception("Failed to setup driver")
Exception: Failed to setup driver
2025-10-27 00:30:03,740 - INFO - Retry attempt 243/300...
2025-10-27 00:30:18,741 - INFO - Setting up Chrome driver...
2025-10-27 00:30:18,742 - INFO - Using profile directory: C:\Windows\Temp\chrome_scraper_profile
2025-10-27 00:30:18,742 - INFO - Initializing Chrome driver (attempt 1/3)...
2025-10-27 00:30:21,869 - INFO - patching driver executable C:\laragon\www\dapokalsel\sekolah\~\appdata\roaming\undetected_chromedriver\undetected_chromedriver.exe
2025-10-27 00:30:21,946 - ERROR - Attempt 1 failed: Binary Location Must be a String
2025-10-27 00:30:21,946 - INFO - Retrying in 5 seconds...
2025-10-27 00:30:26,947 - INFO - Initializing Chrome driver (attempt 2/3)...
2025-10-27 00:30:31,304 - INFO - patching driver executable C:\laragon\www\dapokalsel\sekolah\~\appdata\roaming\undetected_chromedriver\undetected_chromedriver.exe
2025-10-27 00:30:31,378 - ERROR - Attempt 2 failed: you cannot reuse the ChromeOptions object
2025-10-27 00:30:31,378 - INFO - Retrying in 5 seconds...
2025-10-27 00:30:36,379 - INFO - Initializing Chrome driver (attempt 3/3)...
2025-10-27 00:30:40,530 - INFO - patching driver executable C:\laragon\www\dapokalsel\sekolah\~\appdata\roaming\undetected_chromedriver\undetected_chromedriver.exe
2025-10-27 00:30:40,608 - ERROR - Attempt 3 failed: you cannot reuse the ChromeOptions object
2025-10-27 00:30:40,608 - ERROR - All attempts failed to setup driver
Traceback (most recent call last):
  File "C:\laragon\www\dapokalsel\sekolah\import_url_kabupaten.pyw", line 115, in setup_driver
    driver = uc.Chrome(
  File "C:\laragon\bin\python\python-3.10\lib\site-packages\undetected_chromedriver\__init__.py", line 269, in __init__
    raise RuntimeError("you cannot reuse the ChromeOptions object")
RuntimeError: you cannot reuse the ChromeOptions object
2025-10-27 00:30:40,609 - ERROR - Error on attempt 243: Failed to setup driver
Traceback (most recent call last):
  File "C:\laragon\www\dapokalsel\sekolah\import_url_kabupaten.pyw", line 435, in process_url_induk
    raise Exception("Failed to setup driver")
Exception: Failed to setup driver
2025-10-27 00:30:40,609 - INFO - Retry attempt 244/300...
2025-10-27 00:30:55,610 - INFO - Setting up Chrome driver...
2025-10-27 00:30:55,610 - INFO - Using profile directory: C:\Windows\Temp\chrome_scraper_profile
2025-10-27 00:30:55,610 - INFO - Initializing Chrome driver (attempt 1/3)...
2025-10-27 00:30:59,804 - INFO - patching driver executable C:\laragon\www\dapokalsel\sekolah\~\appdata\roaming\undetected_chromedriver\undetected_chromedriver.exe
2025-10-27 00:30:59,879 - ERROR - Attempt 1 failed: Binary Location Must be a String
2025-10-27 00:30:59,879 - INFO - Retrying in 5 seconds...
2025-10-27 00:31:04,879 - INFO - Initializing Chrome driver (attempt 2/3)...
2025-10-27 00:31:44,454 - INFO - patching driver executable C:\laragon\www\dapokalsel\sekolah\~\appdata\roaming\undetected_chromedriver\undetected_chromedriver.exe
2025-10-27 00:31:44,529 - ERROR - Attempt 2 failed: you cannot reuse the ChromeOptions object
2025-10-27 00:31:44,529 - INFO - Retrying in 5 seconds...
2025-10-27 00:31:49,529 - INFO - Initializing Chrome driver (attempt 3/3)...
2025-10-27 00:31:53,457 - INFO - patching driver executable C:\laragon\www\dapokalsel\sekolah\~\appdata\roaming\undetected_chromedriver\undetected_chromedriver.exe
2025-10-27 00:31:53,530 - ERROR - Attempt 3 failed: you cannot reuse the ChromeOptions object
2025-10-27 00:31:53,531 - ERROR - All attempts failed to setup driver
Traceback (most recent call last):
  File "C:\laragon\www\dapokalsel\sekolah\import_url_kabupaten.pyw", line 115, in setup_driver
    driver = uc.Chrome(
  File "C:\laragon\bin\python\python-3.10\lib\site-packages\undetected_chromedriver\__init__.py", line 269, in __init__
    raise RuntimeError("you cannot reuse the ChromeOptions object")
RuntimeError: you cannot reuse the ChromeOptions object
2025-10-27 00:31:53,531 - ERROR - Error on attempt 244: Failed to setup driver
Traceback (most recent call last):
  File "C:\laragon\www\dapokalsel\sekolah\import_url_kabupaten.pyw", line 435, in process_url_induk
    raise Exception("Failed to setup driver")
Exception: Failed to setup driver
2025-10-27 00:31:53,531 - INFO - Retry attempt 245/300...
2025-10-27 00:32:08,531 - INFO - Setting up Chrome driver...
2025-10-27 00:32:08,532 - INFO - Using profile directory: C:\Windows\Temp\chrome_scraper_profile
2025-10-27 00:32:08,532 - INFO - Initializing Chrome driver (attempt 1/3)...
2025-10-27 00:32:12,589 - INFO - patching driver executable C:\laragon\www\dapokalsel\sekolah\~\appdata\roaming\undetected_chromedriver\undetected_chromedriver.exe
2025-10-27 00:32:12,672 - ERROR - Attempt 1 failed: Binary Location Must be a String
2025-10-27 00:32:12,672 - INFO - Retrying in 5 seconds...
2025-10-27 00:32:17,672 - INFO - Initializing Chrome driver (attempt 2/3)...
2025-10-27 00:32:20,907 - INFO - patching driver executable C:\laragon\www\dapokalsel\sekolah\~\appdata\roaming\undetected_chromedriver\undetected_chromedriver.exe
2025-10-27 00:32:20,987 - ERROR - Attempt 2 failed: you cannot reuse the ChromeOptions object
2025-10-27 00:32:20,988 - INFO - Retrying in 5 seconds...
2025-10-27 00:32:25,989 - INFO - Initializing Chrome driver (attempt 3/3)...
2025-10-27 00:32:29,823 - INFO - patching driver executable C:\laragon\www\dapokalsel\sekolah\~\appdata\roaming\undetected_chromedriver\undetected_chromedriver.exe
2025-10-27 00:32:29,899 - ERROR - Attempt 3 failed: you cannot reuse the ChromeOptions object
2025-10-27 00:32:29,899 - ERROR - All attempts failed to setup driver
Traceback (most recent call last):
  File "C:\laragon\www\dapokalsel\sekolah\import_url_kabupaten.pyw", line 115, in setup_driver
    driver = uc.Chrome(
  File "C:\laragon\bin\python\python-3.10\lib\site-packages\undetected_chromedriver\__init__.py", line 269, in __init__
    raise RuntimeError("you cannot reuse the ChromeOptions object")
RuntimeError: you cannot reuse the ChromeOptions object
2025-10-27 00:32:29,900 - ERROR - Error on attempt 245: Failed to setup driver
Traceback (most recent call last):
  File "C:\laragon\www\dapokalsel\sekolah\import_url_kabupaten.pyw", line 435, in process_url_induk
    raise Exception("Failed to setup driver")
Exception: Failed to setup driver
2025-10-27 00:32:29,900 - INFO - Retry attempt 246/300...
2025-10-27 00:32:44,900 - INFO - Setting up Chrome driver...
2025-10-27 00:32:44,900 - INFO - Using profile directory: C:\Windows\Temp\chrome_scraper_profile
2025-10-27 00:32:44,901 - INFO - Initializing Chrome driver (attempt 1/3)...
2025-10-27 00:32:50,700 - INFO - patching driver executable C:\laragon\www\dapokalsel\sekolah\~\appdata\roaming\undetected_chromedriver\undetected_chromedriver.exe
2025-10-27 00:32:50,784 - ERROR - Attempt 1 failed: Binary Location Must be a String
2025-10-27 00:32:50,784 - INFO - Retrying in 5 seconds...
2025-10-27 00:32:55,785 - INFO - Initializing Chrome driver (attempt 2/3)...
2025-10-27 00:32:58,896 - INFO - patching driver executable C:\laragon\www\dapokalsel\sekolah\~\appdata\roaming\undetected_chromedriver\undetected_chromedriver.exe
2025-10-27 00:32:58,974 - ERROR - Attempt 2 failed: you cannot reuse the ChromeOptions object
2025-10-27 00:32:58,974 - INFO - Retrying in 5 seconds...
2025-10-27 00:33:03,976 - INFO - Initializing Chrome driver (attempt 3/3)...
2025-10-27 00:33:06,816 - INFO - patching driver executable C:\laragon\www\dapokalsel\sekolah\~\appdata\roaming\undetected_chromedriver\undetected_chromedriver.exe
2025-10-27 00:33:06,889 - ERROR - Attempt 3 failed: you cannot reuse the ChromeOptions object
2025-10-27 00:33:06,889 - ERROR - All attempts failed to setup driver
Traceback (most recent call last):
  File "C:\laragon\www\dapokalsel\sekolah\import_url_kabupaten.pyw", line 115, in setup_driver
    driver = uc.Chrome(
  File "C:\laragon\bin\python\python-3.10\lib\site-packages\undetected_chromedriver\__init__.py", line 269, in __init__
    raise RuntimeError("you cannot reuse the ChromeOptions object")
RuntimeError: you cannot reuse the ChromeOptions object
2025-10-27 00:33:06,889 - ERROR - Error on attempt 246: Failed to setup driver
Traceback (most recent call last):
  File "C:\laragon\www\dapokalsel\sekolah\import_url_kabupaten.pyw", line 435, in process_url_induk
    raise Exception("Failed to setup driver")
Exception: Failed to setup driver
2025-10-27 00:33:06,890 - INFO - Retry attempt 247/300...
2025-10-27 00:33:21,890 - INFO - Setting up Chrome driver...
2025-10-27 00:33:21,891 - INFO - Using profile directory: C:\Windows\Temp\chrome_scraper_profile
2025-10-27 00:33:21,891 - INFO - Initializing Chrome driver (attempt 1/3)...
2025-10-27 00:33:24,863 - INFO - patching driver executable C:\laragon\www\dapokalsel\sekolah\~\appdata\roaming\undetected_chromedriver\undetected_chromedriver.exe
2025-10-27 00:33:24,934 - ERROR - Attempt 1 failed: Binary Location Must be a String
2025-10-27 00:33:24,934 - INFO - Retrying in 5 seconds...
2025-10-27 00:33:29,935 - INFO - Initializing Chrome driver (attempt 2/3)...
2025-10-27 00:33:34,009 - ERROR - Attempt 2 failed: [WinError 183] Cannot create a file when that file already exists: 'C:\\laragon\\www\\dapokalsel\\sekolah\\~\\appdata\\roaming\\undetected_chromedriver\\undetected\\chromedriver-win32\\chromedriver.exe' -> 'C:\\laragon\\www\\dapokalsel\\sekolah\\~\\appdata\\roaming\\undetected_chromedriver\\undetected_chromedriver.exe'
2025-10-27 00:33:34,009 - INFO - Retrying in 5 seconds...
2025-10-27 00:33:39,009 - INFO - Initializing Chrome driver (attempt 3/3)...
2025-10-27 00:33:42,356 - ERROR - Attempt 3 failed: [WinError 183] Cannot create a file when that file already exists: 'C:\\laragon\\www\\dapokalsel\\sekolah\\~\\appdata\\roaming\\undetected_chromedriver\\undetected\\chromedriver-win32\\chromedriver.exe' -> 'C:\\laragon\\www\\dapokalsel\\sekolah\\~\\appdata\\roaming\\undetected_chromedriver\\undetected_chromedriver.exe'
2025-10-27 00:33:42,356 - ERROR - All attempts failed to setup driver
Traceback (most recent call last):
  File "C:\laragon\www\dapokalsel\sekolah\import_url_kabupaten.pyw", line 115, in setup_driver
    driver = uc.Chrome(
  File "C:\laragon\bin\python\python-3.10\lib\site-packages\undetected_chromedriver\__init__.py", line 258, in __init__
    self.patcher.auto()
  File "C:\laragon\bin\python\python-3.10\lib\site-packages\undetected_chromedriver\patcher.py", line 178, in auto
    self.unzip_package(self.fetch_package())
  File "C:\laragon\bin\python\python-3.10\lib\site-packages\undetected_chromedriver\patcher.py", line 310, in unzip_package
    os.rename(os.path.join(self.zip_path, exe_path), self.executable_path)
FileExistsError: [WinError 183] Cannot create a file when that file already exists: 'C:\\laragon\\www\\dapokalsel\\sekolah\\~\\appdata\\roaming\\undetected_chromedriver\\undetected\\chromedriver-win32\\chromedriver.exe' -> 'C:\\laragon\\www\\dapokalsel\\sekolah\\~\\appdata\\roaming\\undetected_chromedriver\\undetected_chromedriver.exe'
2025-10-27 00:33:42,356 - ERROR - Error on attempt 247: Failed to setup driver
Traceback (most recent call last):
  File "C:\laragon\www\dapokalsel\sekolah\import_url_kabupaten.pyw", line 435, in process_url_induk
    raise Exception("Failed to setup driver")
Exception: Failed to setup driver
2025-10-27 00:33:42,357 - INFO - Retry attempt 248/300...
2025-10-27 00:33:57,357 - INFO - Setting up Chrome driver...
2025-10-27 00:33:57,357 - INFO - Using profile directory: C:\Windows\Temp\chrome_scraper_profile
2025-10-27 00:33:57,358 - INFO - Initializing Chrome driver (attempt 1/3)...
2025-10-27 00:34:03,231 - INFO - patching driver executable C:\laragon\www\dapokalsel\sekolah\~\appdata\roaming\undetected_chromedriver\undetected_chromedriver.exe
2025-10-27 00:34:03,304 - ERROR - Attempt 1 failed: Binary Location Must be a String
2025-10-27 00:34:03,305 - INFO - Retrying in 5 seconds...
2025-10-27 00:34:08,306 - INFO - Initializing Chrome driver (attempt 2/3)...
2025-10-27 00:34:11,700 - INFO - patching driver executable C:\laragon\www\dapokalsel\sekolah\~\appdata\roaming\undetected_chromedriver\undetected_chromedriver.exe
2025-10-27 00:34:11,783 - ERROR - Attempt 2 failed: you cannot reuse the ChromeOptions object
2025-10-27 00:34:11,783 - INFO - Retrying in 5 seconds...
2025-10-27 00:34:16,784 - INFO - Initializing Chrome driver (attempt 3/3)...
2025-10-27 00:34:20,588 - INFO - patching driver executable C:\laragon\www\dapokalsel\sekolah\~\appdata\roaming\undetected_chromedriver\undetected_chromedriver.exe
2025-10-27 00:34:20,664 - ERROR - Attempt 3 failed: you cannot reuse the ChromeOptions object
2025-10-27 00:34:20,664 - ERROR - All attempts failed to setup driver
Traceback (most recent call last):
  File "C:\laragon\www\dapokalsel\sekolah\import_url_kabupaten.pyw", line 115, in setup_driver
    driver = uc.Chrome(
  File "C:\laragon\bin\python\python-3.10\lib\site-packages\undetected_chromedriver\__init__.py", line 269, in __init__
    raise RuntimeError("you cannot reuse the ChromeOptions object")
RuntimeError: you cannot reuse the ChromeOptions object
2025-10-27 00:34:20,665 - ERROR - Error on attempt 248: Failed to setup driver
Traceback (most recent call last):
  File "C:\laragon\www\dapokalsel\sekolah\import_url_kabupaten.pyw", line 435, in process_url_induk
    raise Exception("Failed to setup driver")
Exception: Failed to setup driver
2025-10-27 00:34:20,665 - INFO - Retry attempt 249/300...
2025-10-27 00:34:35,666 - INFO - Setting up Chrome driver...
2025-10-27 00:34:35,666 - INFO - Using profile directory: C:\Windows\Temp\chrome_scraper_profile
2025-10-27 00:34:35,666 - INFO - Initializing Chrome driver (attempt 1/3)...
2025-10-27 00:34:40,360 - INFO - patching driver executable C:\laragon\www\dapokalsel\sekolah\~\appdata\roaming\undetected_chromedriver\undetected_chromedriver.exe
2025-10-27 00:34:40,435 - ERROR - Attempt 1 failed: Binary Location Must be a String
2025-10-27 00:34:40,435 - INFO - Retrying in 5 seconds...
2025-10-27 00:34:45,435 - INFO - Initializing Chrome driver (attempt 2/3)...
2025-10-27 00:34:50,899 - INFO - patching driver executable C:\laragon\www\dapokalsel\sekolah\~\appdata\roaming\undetected_chromedriver\undetected_chromedriver.exe
2025-10-27 00:34:50,981 - ERROR - Attempt 2 failed: you cannot reuse the ChromeOptions object
2025-10-27 00:34:50,981 - INFO - Retrying in 5 seconds...
2025-10-27 00:34:55,982 - INFO - Initializing Chrome driver (attempt 3/3)...
2025-10-27 00:34:59,931 - INFO - patching driver executable C:\laragon\www\dapokalsel\sekolah\~\appdata\roaming\undetected_chromedriver\undetected_chromedriver.exe
2025-10-27 00:35:00,012 - ERROR - Attempt 3 failed: you cannot reuse the ChromeOptions object
2025-10-27 00:35:00,012 - ERROR - All attempts failed to setup driver
Traceback (most recent call last):
  File "C:\laragon\www\dapokalsel\sekolah\import_url_kabupaten.pyw", line 115, in setup_driver
    driver = uc.Chrome(
  File "C:\laragon\bin\python\python-3.10\lib\site-packages\undetected_chromedriver\__init__.py", line 269, in __init__
    raise RuntimeError("you cannot reuse the ChromeOptions object")
RuntimeError: you cannot reuse the ChromeOptions object
2025-10-27 00:35:00,012 - ERROR - Error on attempt 249: Failed to setup driver
Traceback (most recent call last):
  File "C:\laragon\www\dapokalsel\sekolah\import_url_kabupaten.pyw", line 435, in process_url_induk
    raise Exception("Failed to setup driver")
Exception: Failed to setup driver
2025-10-27 00:35:00,013 - INFO - Retry attempt 250/300...
2025-10-27 00:35:15,013 - INFO - Setting up Chrome driver...
2025-10-27 00:35:15,013 - INFO - Using profile directory: C:\Windows\Temp\chrome_scraper_profile
2025-10-27 00:35:15,013 - INFO - Initializing Chrome driver (attempt 1/3)...
2025-10-27 00:35:18,586 - INFO - patching driver executable C:\laragon\www\dapokalsel\sekolah\~\appdata\roaming\undetected_chromedriver\undetected_chromedriver.exe
2025-10-27 00:35:18,669 - ERROR - Attempt 1 failed: Binary Location Must be a String
2025-10-27 00:35:18,669 - INFO - Retrying in 5 seconds...
2025-10-27 00:35:23,670 - INFO - Initializing Chrome driver (attempt 2/3)...
2025-10-27 00:35:28,254 - INFO - patching driver executable C:\laragon\www\dapokalsel\sekolah\~\appdata\roaming\undetected_chromedriver\undetected_chromedriver.exe
2025-10-27 00:35:28,340 - ERROR - Attempt 2 failed: you cannot reuse the ChromeOptions object
2025-10-27 00:35:28,340 - INFO - Retrying in 5 seconds...
2025-10-27 00:35:33,342 - INFO - Initializing Chrome driver (attempt 3/3)...
2025-10-27 00:35:38,444 - INFO - patching driver executable C:\laragon\www\dapokalsel\sekolah\~\appdata\roaming\undetected_chromedriver\undetected_chromedriver.exe
2025-10-27 00:35:38,522 - ERROR - Attempt 3 failed: you cannot reuse the ChromeOptions object
2025-10-27 00:35:38,522 - ERROR - All attempts failed to setup driver
Traceback (most recent call last):
  File "C:\laragon\www\dapokalsel\sekolah\import_url_kabupaten.pyw", line 115, in setup_driver
    driver = uc.Chrome(
  File "C:\laragon\bin\python\python-3.10\lib\site-packages\undetected_chromedriver\__init__.py", line 269, in __init__
    raise RuntimeError("you cannot reuse the ChromeOptions object")
RuntimeError: you cannot reuse the ChromeOptions object
2025-10-27 00:35:38,523 - ERROR - Error on attempt 250: Failed to setup driver
Traceback (most recent call last):
  File "C:\laragon\www\dapokalsel\sekolah\import_url_kabupaten.pyw", line 435, in process_url_induk
    raise Exception("Failed to setup driver")
Exception: Failed to setup driver
2025-10-27 00:35:38,523 - INFO - Retry attempt 251/300...
2025-10-27 00:35:53,524 - INFO - Setting up Chrome driver...
2025-10-27 00:35:53,524 - INFO - Using profile directory: C:\Windows\Temp\chrome_scraper_profile
2025-10-27 00:35:53,525 - INFO - Initializing Chrome driver (attempt 1/3)...
2025-10-27 00:35:57,779 - INFO - patching driver executable C:\laragon\www\dapokalsel\sekolah\~\appdata\roaming\undetected_chromedriver\undetected_chromedriver.exe
2025-10-27 00:35:57,883 - ERROR - Attempt 1 failed: Binary Location Must be a String
2025-10-27 00:35:57,883 - INFO - Retrying in 5 seconds...
2025-10-27 00:36:02,884 - INFO - Initializing Chrome driver (attempt 2/3)...
2025-10-27 00:36:06,872 - INFO - patching driver executable C:\laragon\www\dapokalsel\sekolah\~\appdata\roaming\undetected_chromedriver\undetected_chromedriver.exe
2025-10-27 00:36:06,945 - ERROR - Attempt 2 failed: you cannot reuse the ChromeOptions object
2025-10-27 00:36:06,945 - INFO - Retrying in 5 seconds...
2025-10-27 00:36:11,946 - INFO - Initializing Chrome driver (attempt 3/3)...
2025-10-27 00:36:16,000 - INFO - patching driver executable C:\laragon\www\dapokalsel\sekolah\~\appdata\roaming\undetected_chromedriver\undetected_chromedriver.exe
2025-10-27 00:36:16,082 - ERROR - Attempt 3 failed: you cannot reuse the ChromeOptions object
2025-10-27 00:36:16,082 - ERROR - All attempts failed to setup driver
Traceback (most recent call last):
  File "C:\laragon\www\dapokalsel\sekolah\import_url_kabupaten.pyw", line 115, in setup_driver
    driver = uc.Chrome(
  File "C:\laragon\bin\python\python-3.10\lib\site-packages\undetected_chromedriver\__init__.py", line 269, in __init__
    raise RuntimeError("you cannot reuse the ChromeOptions object")
RuntimeError: you cannot reuse the ChromeOptions object
2025-10-27 00:36:16,083 - ERROR - Error on attempt 251: Failed to setup driver
Traceback (most recent call last):
  File "C:\laragon\www\dapokalsel\sekolah\import_url_kabupaten.pyw", line 435, in process_url_induk
    raise Exception("Failed to setup driver")
Exception: Failed to setup driver
2025-10-27 00:36:16,083 - INFO - Retry attempt 252/300...
2025-10-27 00:36:31,084 - INFO - Setting up Chrome driver...
2025-10-27 00:36:31,084 - INFO - Using profile directory: C:\Windows\Temp\chrome_scraper_profile
2025-10-27 00:36:31,084 - INFO - Initializing Chrome driver (attempt 1/3)...
2025-10-27 00:36:34,036 - INFO - patching driver executable C:\laragon\www\dapokalsel\sekolah\~\appdata\roaming\undetected_chromedriver\undetected_chromedriver.exe
2025-10-27 00:36:34,127 - ERROR - Attempt 1 failed: Binary Location Must be a String
2025-10-27 00:36:34,127 - INFO - Retrying in 5 seconds...
2025-10-27 00:36:39,127 - INFO - Initializing Chrome driver (attempt 2/3)...
2025-10-27 00:36:43,397 - INFO - patching driver executable C:\laragon\www\dapokalsel\sekolah\~\appdata\roaming\undetected_chromedriver\undetected_chromedriver.exe
2025-10-27 00:36:43,470 - ERROR - Attempt 2 failed: you cannot reuse the ChromeOptions object
2025-10-27 00:36:43,470 - INFO - Retrying in 5 seconds...
2025-10-27 00:36:48,471 - INFO - Initializing Chrome driver (attempt 3/3)...
2025-10-27 00:36:52,683 - INFO - patching driver executable C:\laragon\www\dapokalsel\sekolah\~\appdata\roaming\undetected_chromedriver\undetected_chromedriver.exe
2025-10-27 00:36:52,764 - ERROR - Attempt 3 failed: you cannot reuse the ChromeOptions object
2025-10-27 00:36:52,764 - ERROR - All attempts failed to setup driver
Traceback (most recent call last):
  File "C:\laragon\www\dapokalsel\sekolah\import_url_kabupaten.pyw", line 115, in setup_driver
    driver = uc.Chrome(
  File "C:\laragon\bin\python\python-3.10\lib\site-packages\undetected_chromedriver\__init__.py", line 269, in __init__
    raise RuntimeError("you cannot reuse the ChromeOptions object")
RuntimeError: you cannot reuse the ChromeOptions object
2025-10-27 00:36:52,765 - ERROR - Error on attempt 252: Failed to setup driver
Traceback (most recent call last):
  File "C:\laragon\www\dapokalsel\sekolah\import_url_kabupaten.pyw", line 435, in process_url_induk
    raise Exception("Failed to setup driver")
Exception: Failed to setup driver
2025-10-27 00:36:52,766 - INFO - Retry attempt 253/300...
2025-10-27 00:37:07,766 - INFO - Setting up Chrome driver...
2025-10-27 00:37:07,766 - INFO - Using profile directory: C:\Windows\Temp\chrome_scraper_profile
2025-10-27 00:37:07,766 - INFO - Initializing Chrome driver (attempt 1/3)...
2025-10-27 00:37:11,128 - INFO - patching driver executable C:\laragon\www\dapokalsel\sekolah\~\appdata\roaming\undetected_chromedriver\undetected_chromedriver.exe
2025-10-27 00:37:11,201 - ERROR - Attempt 1 failed: Binary Location Must be a String
2025-10-27 00:37:11,201 - INFO - Retrying in 5 seconds...
2025-10-27 00:37:16,202 - INFO - Initializing Chrome driver (attempt 2/3)...
2025-10-27 00:37:19,780 - INFO - patching driver executable C:\laragon\www\dapokalsel\sekolah\~\appdata\roaming\undetected_chromedriver\undetected_chromedriver.exe
2025-10-27 00:37:19,861 - ERROR - Attempt 2 failed: you cannot reuse the ChromeOptions object
2025-10-27 00:37:19,862 - INFO - Retrying in 5 seconds...
2025-10-27 00:37:24,862 - INFO - Initializing Chrome driver (attempt 3/3)...
2025-10-27 00:37:28,874 - INFO - patching driver executable C:\laragon\www\dapokalsel\sekolah\~\appdata\roaming\undetected_chromedriver\undetected_chromedriver.exe
2025-10-27 00:37:28,957 - ERROR - Attempt 3 failed: you cannot reuse the ChromeOptions object
2025-10-27 00:37:28,958 - ERROR - All attempts failed to setup driver
Traceback (most recent call last):
  File "C:\laragon\www\dapokalsel\sekolah\import_url_kabupaten.pyw", line 115, in setup_driver
    driver = uc.Chrome(
  File "C:\laragon\bin\python\python-3.10\lib\site-packages\undetected_chromedriver\__init__.py", line 269, in __init__
    raise RuntimeError("you cannot reuse the ChromeOptions object")
RuntimeError: you cannot reuse the ChromeOptions object
2025-10-27 00:37:28,958 - ERROR - Error on attempt 253: Failed to setup driver
Traceback (most recent call last):
  File "C:\laragon\www\dapokalsel\sekolah\import_url_kabupaten.pyw", line 435, in process_url_induk
    raise Exception("Failed to setup driver")
Exception: Failed to setup driver
2025-10-27 00:37:28,959 - INFO - Retry attempt 254/300...
2025-10-27 00:37:43,959 - INFO - Setting up Chrome driver...
2025-10-27 00:37:43,959 - INFO - Using profile directory: C:\Windows\Temp\chrome_scraper_profile
2025-10-27 00:37:43,959 - INFO - Initializing Chrome driver (attempt 1/3)...
2025-10-27 00:37:50,325 - ERROR - Attempt 1 failed: [WinError 183] Cannot create a file when that file already exists: 'C:\\laragon\\www\\dapokalsel\\sekolah\\~\\appdata\\roaming\\undetected_chromedriver\\undetected\\chromedriver-win32\\chromedriver.exe' -> 'C:\\laragon\\www\\dapokalsel\\sekolah\\~\\appdata\\roaming\\undetected_chromedriver\\undetected_chromedriver.exe'
2025-10-27 00:37:50,326 - INFO - Retrying in 5 seconds...
2025-10-27 00:37:55,327 - INFO - Initializing Chrome driver (attempt 2/3)...
2025-10-27 00:37:59,167 - ERROR - Attempt 2 failed: [WinError 183] Cannot create a file when that file already exists: 'C:\\laragon\\www\\dapokalsel\\sekolah\\~\\appdata\\roaming\\undetected_chromedriver\\undetected\\chromedriver-win32\\chromedriver.exe' -> 'C:\\laragon\\www\\dapokalsel\\sekolah\\~\\appdata\\roaming\\undetected_chromedriver\\undetected_chromedriver.exe'
2025-10-27 00:37:59,167 - INFO - Retrying in 5 seconds...
2025-10-27 00:38:04,167 - INFO - Initializing Chrome driver (attempt 3/3)...
2025-10-27 00:38:07,291 - INFO - patching driver executable C:\laragon\www\dapokalsel\sekolah\~\appdata\roaming\undetected_chromedriver\undetected_chromedriver.exe
2025-10-27 00:38:07,371 - ERROR - Attempt 3 failed: Binary Location Must be a String
2025-10-27 00:38:07,371 - ERROR - All attempts failed to setup driver
Traceback (most recent call last):
  File "C:\laragon\www\dapokalsel\sekolah\import_url_kabupaten.pyw", line 115, in setup_driver
    driver = uc.Chrome(
  File "C:\laragon\bin\python\python-3.10\lib\site-packages\undetected_chromedriver\__init__.py", line 372, in __init__
    options.binary_location = (
  File "C:\laragon\bin\python\python-3.10\lib\site-packages\selenium\webdriver\chromium\options.py", line 52, in binary_location
    raise TypeError(self.BINARY_LOCATION_ERROR)
TypeError: Binary Location Must be a String
2025-10-27 00:38:07,372 - ERROR - Error on attempt 254: Failed to setup driver
Traceback (most recent call last):
  File "C:\laragon\www\dapokalsel\sekolah\import_url_kabupaten.pyw", line 435, in process_url_induk
    raise Exception("Failed to setup driver")
Exception: Failed to setup driver
2025-10-27 00:38:07,372 - INFO - Retry attempt 255/300...
2025-10-27 00:38:22,374 - INFO - Setting up Chrome driver...
2025-10-27 00:38:22,374 - INFO - Using profile directory: C:\Windows\Temp\chrome_scraper_profile
2025-10-27 00:38:22,374 - INFO - Initializing Chrome driver (attempt 1/3)...
2025-10-27 00:38:28,229 - ERROR - Attempt 1 failed: [WinError 183] Cannot create a file when that file already exists: 'C:\\laragon\\www\\dapokalsel\\sekolah\\~\\appdata\\roaming\\undetected_chromedriver\\undetected\\chromedriver-win32\\chromedriver.exe' -> 'C:\\laragon\\www\\dapokalsel\\sekolah\\~\\appdata\\roaming\\undetected_chromedriver\\undetected_chromedriver.exe'
2025-10-27 00:38:28,230 - INFO - Retrying in 5 seconds...
2025-10-27 00:38:33,230 - INFO - Initializing Chrome driver (attempt 2/3)...
2025-10-27 00:38:36,375 - INFO - patching driver executable C:\laragon\www\dapokalsel\sekolah\~\appdata\roaming\undetected_chromedriver\undetected_chromedriver.exe
2025-10-27 00:38:36,455 - ERROR - Attempt 2 failed: Binary Location Must be a String
2025-10-27 00:38:36,455 - INFO - Retrying in 5 seconds...
2025-10-27 00:38:41,455 - INFO - Initializing Chrome driver (attempt 3/3)...
2025-10-27 00:38:44,835 - INFO - patching driver executable C:\laragon\www\dapokalsel\sekolah\~\appdata\roaming\undetected_chromedriver\undetected_chromedriver.exe
2025-10-27 00:38:44,911 - ERROR - Attempt 3 failed: you cannot reuse the ChromeOptions object
2025-10-27 00:38:44,911 - ERROR - All attempts failed to setup driver
Traceback (most recent call last):
  File "C:\laragon\www\dapokalsel\sekolah\import_url_kabupaten.pyw", line 115, in setup_driver
    driver = uc.Chrome(
  File "C:\laragon\bin\python\python-3.10\lib\site-packages\undetected_chromedriver\__init__.py", line 269, in __init__
    raise RuntimeError("you cannot reuse the ChromeOptions object")
RuntimeError: you cannot reuse the ChromeOptions object
2025-10-27 00:38:44,912 - ERROR - Error on attempt 255: Failed to setup driver
Traceback (most recent call last):
  File "C:\laragon\www\dapokalsel\sekolah\import_url_kabupaten.pyw", line 435, in process_url_induk
    raise Exception("Failed to setup driver")
Exception: Failed to setup driver
2025-10-27 00:38:44,912 - INFO - Retry attempt 256/300...
2025-10-27 00:38:59,912 - INFO - Setting up Chrome driver...
2025-10-27 00:38:59,912 - INFO - Using profile directory: C:\Windows\Temp\chrome_scraper_profile
2025-10-27 00:38:59,912 - INFO - Initializing Chrome driver (attempt 1/3)...
2025-10-27 00:39:04,147 - ERROR - Attempt 1 failed: [WinError 183] Cannot create a file when that file already exists: 'C:\\laragon\\www\\dapokalsel\\sekolah\\~\\appdata\\roaming\\undetected_chromedriver\\undetected\\chromedriver-win32\\chromedriver.exe' -> 'C:\\laragon\\www\\dapokalsel\\sekolah\\~\\appdata\\roaming\\undetected_chromedriver\\undetected_chromedriver.exe'
2025-10-27 00:39:04,147 - INFO - Retrying in 5 seconds...
2025-10-27 00:39:09,147 - INFO - Initializing Chrome driver (attempt 2/3)...
2025-10-27 00:39:14,860 - ERROR - Attempt 2 failed: [WinError 183] Cannot create a file when that file already exists: 'C:\\laragon\\www\\dapokalsel\\sekolah\\~\\appdata\\roaming\\undetected_chromedriver\\undetected\\chromedriver-win32\\chromedriver.exe' -> 'C:\\laragon\\www\\dapokalsel\\sekolah\\~\\appdata\\roaming\\undetected_chromedriver\\undetected_chromedriver.exe'
2025-10-27 00:39:14,860 - INFO - Retrying in 5 seconds...
2025-10-27 00:39:19,862 - INFO - Initializing Chrome driver (attempt 3/3)...
2025-10-27 00:39:24,036 - INFO - patching driver executable C:\laragon\www\dapokalsel\sekolah\~\appdata\roaming\undetected_chromedriver\undetected_chromedriver.exe
2025-10-27 00:39:24,118 - ERROR - Attempt 3 failed: Binary Location Must be a String
2025-10-27 00:39:24,118 - ERROR - All attempts failed to setup driver
Traceback (most recent call last):
  File "C:\laragon\www\dapokalsel\sekolah\import_url_kabupaten.pyw", line 115, in setup_driver
    driver = uc.Chrome(
  File "C:\laragon\bin\python\python-3.10\lib\site-packages\undetected_chromedriver\__init__.py", line 372, in __init__
    options.binary_location = (
  File "C:\laragon\bin\python\python-3.10\lib\site-packages\selenium\webdriver\chromium\options.py", line 52, in binary_location
    raise TypeError(self.BINARY_LOCATION_ERROR)
TypeError: Binary Location Must be a String
2025-10-27 00:39:24,119 - ERROR - Error on attempt 256: Failed to setup driver
Traceback (most recent call last):
  File "C:\laragon\www\dapokalsel\sekolah\import_url_kabupaten.pyw", line 435, in process_url_induk
    raise Exception("Failed to setup driver")
Exception: Failed to setup driver
2025-10-27 00:39:24,119 - INFO - Retry attempt 257/300...
2025-10-27 00:39:39,119 - INFO - Setting up Chrome driver...
2025-10-27 00:39:39,120 - INFO - Using profile directory: C:\Windows\Temp\chrome_scraper_profile
2025-10-27 00:39:39,120 - INFO - Initializing Chrome driver (attempt 1/3)...
2025-10-27 00:39:42,334 - INFO - patching driver executable C:\laragon\www\dapokalsel\sekolah\~\appdata\roaming\undetected_chromedriver\undetected_chromedriver.exe
2025-10-27 00:39:42,410 - ERROR - Attempt 1 failed: Binary Location Must be a String
2025-10-27 00:39:42,410 - INFO - Retrying in 5 seconds...
2025-10-27 00:39:47,410 - INFO - Initializing Chrome driver (attempt 2/3)...
2025-10-27 00:39:52,218 - INFO - patching driver executable C:\laragon\www\dapokalsel\sekolah\~\appdata\roaming\undetected_chromedriver\undetected_chromedriver.exe
2025-10-27 00:39:52,293 - ERROR - Attempt 2 failed: you cannot reuse the ChromeOptions object
2025-10-27 00:39:52,293 - INFO - Retrying in 5 seconds...
2025-10-27 00:39:57,293 - INFO - Initializing Chrome driver (attempt 3/3)...
2025-10-27 00:40:02,340 - INFO - patching driver executable C:\laragon\www\dapokalsel\sekolah\~\appdata\roaming\undetected_chromedriver\undetected_chromedriver.exe
2025-10-27 00:40:02,422 - ERROR - Attempt 3 failed: you cannot reuse the ChromeOptions object
2025-10-27 00:40:02,422 - ERROR - All attempts failed to setup driver
Traceback (most recent call last):
  File "C:\laragon\www\dapokalsel\sekolah\import_url_kabupaten.pyw", line 115, in setup_driver
    driver = uc.Chrome(
  File "C:\laragon\bin\python\python-3.10\lib\site-packages\undetected_chromedriver\__init__.py", line 269, in __init__
    raise RuntimeError("you cannot reuse the ChromeOptions object")
RuntimeError: you cannot reuse the ChromeOptions object
2025-10-27 00:40:02,423 - ERROR - Error on attempt 257: Failed to setup driver
Traceback (most recent call last):
  File "C:\laragon\www\dapokalsel\sekolah\import_url_kabupaten.pyw", line 435, in process_url_induk
    raise Exception("Failed to setup driver")
Exception: Failed to setup driver
2025-10-27 00:40:02,423 - INFO - Retry attempt 258/300...
2025-10-27 00:40:17,424 - INFO - Setting up Chrome driver...
2025-10-27 00:40:17,424 - INFO - Using profile directory: C:\Windows\Temp\chrome_scraper_profile
2025-10-27 00:40:17,424 - INFO - Initializing Chrome driver (attempt 1/3)...
2025-10-27 00:40:20,781 - INFO - patching driver executable C:\laragon\www\dapokalsel\sekolah\~\appdata\roaming\undetected_chromedriver\undetected_chromedriver.exe
2025-10-27 00:40:21,004 - ERROR - Attempt 1 failed: Binary Location Must be a String
2025-10-27 00:40:21,004 - INFO - Retrying in 5 seconds...
2025-10-27 00:40:26,005 - INFO - Initializing Chrome driver (attempt 2/3)...
2025-10-27 00:40:29,783 - INFO - patching driver executable C:\laragon\www\dapokalsel\sekolah\~\appdata\roaming\undetected_chromedriver\undetected_chromedriver.exe
2025-10-27 00:40:29,863 - ERROR - Attempt 2 failed: you cannot reuse the ChromeOptions object
2025-10-27 00:40:29,863 - INFO - Retrying in 5 seconds...
2025-10-27 00:40:34,864 - INFO - Initializing Chrome driver (attempt 3/3)...
2025-10-27 00:40:38,815 - INFO - patching driver executable C:\laragon\www\dapokalsel\sekolah\~\appdata\roaming\undetected_chromedriver\undetected_chromedriver.exe
2025-10-27 00:40:38,888 - ERROR - Attempt 3 failed: you cannot reuse the ChromeOptions object
2025-10-27 00:40:38,888 - ERROR - All attempts failed to setup driver
Traceback (most recent call last):
  File "C:\laragon\www\dapokalsel\sekolah\import_url_kabupaten.pyw", line 115, in setup_driver
    driver = uc.Chrome(
  File "C:\laragon\bin\python\python-3.10\lib\site-packages\undetected_chromedriver\__init__.py", line 269, in __init__
    raise RuntimeError("you cannot reuse the ChromeOptions object")
RuntimeError: you cannot reuse the ChromeOptions object
2025-10-27 00:40:38,889 - ERROR - Error on attempt 258: Failed to setup driver
Traceback (most recent call last):
  File "C:\laragon\www\dapokalsel\sekolah\import_url_kabupaten.pyw", line 435, in process_url_induk
    raise Exception("Failed to setup driver")
Exception: Failed to setup driver
2025-10-27 00:40:38,889 - INFO - Retry attempt 259/300...
2025-10-27 00:40:53,890 - INFO - Setting up Chrome driver...
2025-10-27 00:40:53,891 - INFO - Using profile directory: C:\Windows\Temp\chrome_scraper_profile
2025-10-27 00:40:53,891 - INFO - Initializing Chrome driver (attempt 1/3)...
2025-10-27 00:40:58,396 - INFO - patching driver executable C:\laragon\www\dapokalsel\sekolah\~\appdata\roaming\undetected_chromedriver\undetected_chromedriver.exe
2025-10-27 00:40:58,475 - ERROR - Attempt 1 failed: Binary Location Must be a String
2025-10-27 00:40:58,475 - INFO - Retrying in 5 seconds...
2025-10-27 00:41:03,476 - INFO - Initializing Chrome driver (attempt 2/3)...
2025-10-27 00:41:08,245 - ERROR - Attempt 2 failed: [WinError 183] Cannot create a file when that file already exists: 'C:\\laragon\\www\\dapokalsel\\sekolah\\~\\appdata\\roaming\\undetected_chromedriver\\undetected\\chromedriver-win32\\chromedriver.exe' -> 'C:\\laragon\\www\\dapokalsel\\sekolah\\~\\appdata\\roaming\\undetected_chromedriver\\undetected_chromedriver.exe'
2025-10-27 00:41:08,245 - INFO - Retrying in 5 seconds...
2025-10-27 00:41:13,246 - INFO - Initializing Chrome driver (attempt 3/3)...
2025-10-27 00:41:16,445 - INFO - patching driver executable C:\laragon\www\dapokalsel\sekolah\~\appdata\roaming\undetected_chromedriver\undetected_chromedriver.exe
2025-10-27 00:41:16,519 - ERROR - Attempt 3 failed: you cannot reuse the ChromeOptions object
2025-10-27 00:41:16,519 - ERROR - All attempts failed to setup driver
Traceback (most recent call last):
  File "C:\laragon\www\dapokalsel\sekolah\import_url_kabupaten.pyw", line 115, in setup_driver
    driver = uc.Chrome(
  File "C:\laragon\bin\python\python-3.10\lib\site-packages\undetected_chromedriver\__init__.py", line 269, in __init__
    raise RuntimeError("you cannot reuse the ChromeOptions object")
RuntimeError: you cannot reuse the ChromeOptions object
2025-10-27 00:41:16,520 - ERROR - Error on attempt 259: Failed to setup driver
Traceback (most recent call last):
  File "C:\laragon\www\dapokalsel\sekolah\import_url_kabupaten.pyw", line 435, in process_url_induk
    raise Exception("Failed to setup driver")
Exception: Failed to setup driver
2025-10-27 00:41:16,520 - INFO - Retry attempt 260/300...
2025-10-27 00:41:31,521 - INFO - Setting up Chrome driver...
2025-10-27 00:41:31,521 - INFO - Using profile directory: C:\Windows\Temp\chrome_scraper_profile
2025-10-27 00:41:31,521 - INFO - Initializing Chrome driver (attempt 1/3)...
2025-10-27 00:41:35,127 - INFO - patching driver executable C:\laragon\www\dapokalsel\sekolah\~\appdata\roaming\undetected_chromedriver\undetected_chromedriver.exe
2025-10-27 00:41:35,200 - ERROR - Attempt 1 failed: Binary Location Must be a String
2025-10-27 00:41:35,200 - INFO - Retrying in 5 seconds...
2025-10-27 00:41:40,201 - INFO - Initializing Chrome driver (attempt 2/3)...
2025-10-27 00:41:43,532 - INFO - patching driver executable C:\laragon\www\dapokalsel\sekolah\~\appdata\roaming\undetected_chromedriver\undetected_chromedriver.exe
2025-10-27 00:41:43,604 - ERROR - Attempt 2 failed: you cannot reuse the ChromeOptions object
2025-10-27 00:41:43,604 - INFO - Retrying in 5 seconds...
2025-10-27 00:41:48,605 - INFO - Initializing Chrome driver (attempt 3/3)...
2025-10-27 00:41:51,722 - INFO - patching driver executable C:\laragon\www\dapokalsel\sekolah\~\appdata\roaming\undetected_chromedriver\undetected_chromedriver.exe
2025-10-27 00:41:51,803 - ERROR - Attempt 3 failed: you cannot reuse the ChromeOptions object
2025-10-27 00:41:51,803 - ERROR - All attempts failed to setup driver
Traceback (most recent call last):
  File "C:\laragon\www\dapokalsel\sekolah\import_url_kabupaten.pyw", line 115, in setup_driver
    driver = uc.Chrome(
  File "C:\laragon\bin\python\python-3.10\lib\site-packages\undetected_chromedriver\__init__.py", line 269, in __init__
    raise RuntimeError("you cannot reuse the ChromeOptions object")
RuntimeError: you cannot reuse the ChromeOptions object
2025-10-27 00:41:51,803 - ERROR - Error on attempt 260: Failed to setup driver
Traceback (most recent call last):
  File "C:\laragon\www\dapokalsel\sekolah\import_url_kabupaten.pyw", line 435, in process_url_induk
    raise Exception("Failed to setup driver")
Exception: Failed to setup driver
2025-10-27 00:41:51,804 - INFO - Retry attempt 261/300...
2025-10-27 00:42:06,805 - INFO - Setting up Chrome driver...
2025-10-27 00:42:06,805 - INFO - Using profile directory: C:\Windows\Temp\chrome_scraper_profile
2025-10-27 00:42:06,805 - INFO - Initializing Chrome driver (attempt 1/3)...
2025-10-27 00:42:12,059 - INFO - patching driver executable C:\laragon\www\dapokalsel\sekolah\~\appdata\roaming\undetected_chromedriver\undetected_chromedriver.exe
2025-10-27 00:42:12,135 - ERROR - Attempt 1 failed: Binary Location Must be a String
2025-10-27 00:42:12,135 - INFO - Retrying in 5 seconds...
2025-10-27 00:42:17,135 - INFO - Initializing Chrome driver (attempt 2/3)...
2025-10-27 00:42:21,802 - INFO - patching driver executable C:\laragon\www\dapokalsel\sekolah\~\appdata\roaming\undetected_chromedriver\undetected_chromedriver.exe
2025-10-27 00:42:21,879 - ERROR - Attempt 2 failed: you cannot reuse the ChromeOptions object
2025-10-27 00:42:21,879 - INFO - Retrying in 5 seconds...
2025-10-27 00:42:26,880 - INFO - Initializing Chrome driver (attempt 3/3)...
2025-10-27 00:42:29,964 - INFO - patching driver executable C:\laragon\www\dapokalsel\sekolah\~\appdata\roaming\undetected_chromedriver\undetected_chromedriver.exe
2025-10-27 00:42:30,039 - ERROR - Attempt 3 failed: you cannot reuse the ChromeOptions object
2025-10-27 00:42:30,039 - ERROR - All attempts failed to setup driver
Traceback (most recent call last):
  File "C:\laragon\www\dapokalsel\sekolah\import_url_kabupaten.pyw", line 115, in setup_driver
    driver = uc.Chrome(
  File "C:\laragon\bin\python\python-3.10\lib\site-packages\undetected_chromedriver\__init__.py", line 269, in __init__
    raise RuntimeError("you cannot reuse the ChromeOptions object")
RuntimeError: you cannot reuse the ChromeOptions object
2025-10-27 00:42:30,040 - ERROR - Error on attempt 261: Failed to setup driver
Traceback (most recent call last):
  File "C:\laragon\www\dapokalsel\sekolah\import_url_kabupaten.pyw", line 435, in process_url_induk
    raise Exception("Failed to setup driver")
Exception: Failed to setup driver
2025-10-27 00:42:30,040 - INFO - Retry attempt 262/300...
2025-10-27 00:42:45,040 - INFO - Setting up Chrome driver...
2025-10-27 00:42:45,040 - INFO - Using profile directory: C:\Windows\Temp\chrome_scraper_profile
2025-10-27 00:42:45,040 - INFO - Initializing Chrome driver (attempt 1/3)...
2025-10-27 00:42:48,369 - INFO - patching driver executable C:\laragon\www\dapokalsel\sekolah\~\appdata\roaming\undetected_chromedriver\undetected_chromedriver.exe
2025-10-27 00:42:48,442 - ERROR - Attempt 1 failed: Binary Location Must be a String
2025-10-27 00:42:48,443 - INFO - Retrying in 5 seconds...
2025-10-27 00:42:53,443 - INFO - Initializing Chrome driver (attempt 2/3)...
2025-10-27 00:42:56,632 - INFO - patching driver executable C:\laragon\www\dapokalsel\sekolah\~\appdata\roaming\undetected_chromedriver\undetected_chromedriver.exe
2025-10-27 00:42:56,717 - ERROR - Attempt 2 failed: you cannot reuse the ChromeOptions object
2025-10-27 00:42:56,717 - INFO - Retrying in 5 seconds...
2025-10-27 00:43:01,717 - INFO - Initializing Chrome driver (attempt 3/3)...
2025-10-27 00:43:04,643 - INFO - patching driver executable C:\laragon\www\dapokalsel\sekolah\~\appdata\roaming\undetected_chromedriver\undetected_chromedriver.exe
2025-10-27 00:43:04,723 - ERROR - Attempt 3 failed: you cannot reuse the ChromeOptions object
2025-10-27 00:43:04,723 - ERROR - All attempts failed to setup driver
Traceback (most recent call last):
  File "C:\laragon\www\dapokalsel\sekolah\import_url_kabupaten.pyw", line 115, in setup_driver
    driver = uc.Chrome(
  File "C:\laragon\bin\python\python-3.10\lib\site-packages\undetected_chromedriver\__init__.py", line 269, in __init__
    raise RuntimeError("you cannot reuse the ChromeOptions object")
RuntimeError: you cannot reuse the ChromeOptions object
2025-10-27 00:43:04,724 - ERROR - Error on attempt 262: Failed to setup driver
Traceback (most recent call last):
  File "C:\laragon\www\dapokalsel\sekolah\import_url_kabupaten.pyw", line 435, in process_url_induk
    raise Exception("Failed to setup driver")
Exception: Failed to setup driver
2025-10-27 00:43:04,724 - INFO - Retry attempt 263/300...
2025-10-27 00:43:19,724 - INFO - Setting up Chrome driver...
2025-10-27 00:43:19,724 - INFO - Using profile directory: C:\Windows\Temp\chrome_scraper_profile
2025-10-27 00:43:19,724 - INFO - Initializing Chrome driver (attempt 1/3)...
2025-10-27 00:43:22,648 - INFO - patching driver executable C:\laragon\www\dapokalsel\sekolah\~\appdata\roaming\undetected_chromedriver\undetected_chromedriver.exe
2025-10-27 00:43:22,722 - ERROR - Attempt 1 failed: Binary Location Must be a String
2025-10-27 00:43:22,723 - INFO - Retrying in 5 seconds...
2025-10-27 00:43:27,723 - INFO - Initializing Chrome driver (attempt 2/3)...
2025-10-27 00:43:31,753 - INFO - patching driver executable C:\laragon\www\dapokalsel\sekolah\~\appdata\roaming\undetected_chromedriver\undetected_chromedriver.exe
2025-10-27 00:43:31,830 - ERROR - Attempt 2 failed: you cannot reuse the ChromeOptions object
2025-10-27 00:43:31,830 - INFO - Retrying in 5 seconds...
2025-10-27 00:43:36,830 - INFO - Initializing Chrome driver (attempt 3/3)...
2025-10-27 00:43:40,100 - INFO - patching driver executable C:\laragon\www\dapokalsel\sekolah\~\appdata\roaming\undetected_chromedriver\undetected_chromedriver.exe
2025-10-27 00:43:40,177 - ERROR - Attempt 3 failed: you cannot reuse the ChromeOptions object
2025-10-27 00:43:40,177 - ERROR - All attempts failed to setup driver
Traceback (most recent call last):
  File "C:\laragon\www\dapokalsel\sekolah\import_url_kabupaten.pyw", line 115, in setup_driver
    driver = uc.Chrome(
  File "C:\laragon\bin\python\python-3.10\lib\site-packages\undetected_chromedriver\__init__.py", line 269, in __init__
    raise RuntimeError("you cannot reuse the ChromeOptions object")
RuntimeError: you cannot reuse the ChromeOptions object
2025-10-27 00:43:40,177 - ERROR - Error on attempt 263: Failed to setup driver
Traceback (most recent call last):
  File "C:\laragon\www\dapokalsel\sekolah\import_url_kabupaten.pyw", line 435, in process_url_induk
    raise Exception("Failed to setup driver")
Exception: Failed to setup driver
2025-10-27 00:43:40,178 - INFO - Retry attempt 264/300...
2025-10-27 00:43:55,178 - INFO - Setting up Chrome driver...
2025-10-27 00:43:55,179 - INFO - Using profile directory: C:\Windows\Temp\chrome_scraper_profile
2025-10-27 00:43:55,179 - INFO - Initializing Chrome driver (attempt 1/3)...
2025-10-27 00:43:59,834 - INFO - patching driver executable C:\laragon\www\dapokalsel\sekolah\~\appdata\roaming\undetected_chromedriver\undetected_chromedriver.exe
2025-10-27 00:43:59,908 - ERROR - Attempt 1 failed: Binary Location Must be a String
2025-10-27 00:43:59,908 - INFO - Retrying in 5 seconds...
2025-10-27 00:44:04,909 - INFO - Initializing Chrome driver (attempt 2/3)...
2025-10-27 00:44:10,229 - INFO - patching driver executable C:\laragon\www\dapokalsel\sekolah\~\appdata\roaming\undetected_chromedriver\undetected_chromedriver.exe
2025-10-27 00:44:10,309 - ERROR - Attempt 2 failed: you cannot reuse the ChromeOptions object
2025-10-27 00:44:10,310 - INFO - Retrying in 5 seconds...
2025-10-27 00:44:15,311 - INFO - Initializing Chrome driver (attempt 3/3)...
2025-10-27 00:44:19,709 - INFO - patching driver executable C:\laragon\www\dapokalsel\sekolah\~\appdata\roaming\undetected_chromedriver\undetected_chromedriver.exe
2025-10-27 00:44:19,791 - ERROR - Attempt 3 failed: you cannot reuse the ChromeOptions object
2025-10-27 00:44:19,791 - ERROR - All attempts failed to setup driver
Traceback (most recent call last):
  File "C:\laragon\www\dapokalsel\sekolah\import_url_kabupaten.pyw", line 115, in setup_driver
    driver = uc.Chrome(
  File "C:\laragon\bin\python\python-3.10\lib\site-packages\undetected_chromedriver\__init__.py", line 269, in __init__
    raise RuntimeError("you cannot reuse the ChromeOptions object")
RuntimeError: you cannot reuse the ChromeOptions object
2025-10-27 00:44:19,792 - ERROR - Error on attempt 264: Failed to setup driver
Traceback (most recent call last):
  File "C:\laragon\www\dapokalsel\sekolah\import_url_kabupaten.pyw", line 435, in process_url_induk
    raise Exception("Failed to setup driver")
Exception: Failed to setup driver
2025-10-27 00:44:19,792 - INFO - Retry attempt 265/300...
2025-10-27 00:44:34,793 - INFO - Setting up Chrome driver...
2025-10-27 00:44:34,793 - INFO - Using profile directory: C:\Windows\Temp\chrome_scraper_profile
2025-10-27 00:44:34,793 - INFO - Initializing Chrome driver (attempt 1/3)...
2025-10-27 00:44:37,846 - INFO - patching driver executable C:\laragon\www\dapokalsel\sekolah\~\appdata\roaming\undetected_chromedriver\undetected_chromedriver.exe
2025-10-27 00:44:37,923 - ERROR - Attempt 1 failed: Binary Location Must be a String
2025-10-27 00:44:37,923 - INFO - Retrying in 5 seconds...
2025-10-27 00:44:42,923 - INFO - Initializing Chrome driver (attempt 2/3)...
2025-10-27 00:44:46,107 - INFO - patching driver executable C:\laragon\www\dapokalsel\sekolah\~\appdata\roaming\undetected_chromedriver\undetected_chromedriver.exe
2025-10-27 00:44:46,183 - ERROR - Attempt 2 failed: you cannot reuse the ChromeOptions object
2025-10-27 00:44:46,183 - INFO - Retrying in 5 seconds...
2025-10-27 00:44:51,184 - INFO - Initializing Chrome driver (attempt 3/3)...
2025-10-27 00:44:54,264 - INFO - patching driver executable C:\laragon\www\dapokalsel\sekolah\~\appdata\roaming\undetected_chromedriver\undetected_chromedriver.exe
2025-10-27 00:44:54,338 - ERROR - Attempt 3 failed: you cannot reuse the ChromeOptions object
2025-10-27 00:44:54,338 - ERROR - All attempts failed to setup driver
Traceback (most recent call last):
  File "C:\laragon\www\dapokalsel\sekolah\import_url_kabupaten.pyw", line 115, in setup_driver
    driver = uc.Chrome(
  File "C:\laragon\bin\python\python-3.10\lib\site-packages\undetected_chromedriver\__init__.py", line 269, in __init__
    raise RuntimeError("you cannot reuse the ChromeOptions object")
RuntimeError: you cannot reuse the ChromeOptions object
2025-10-27 00:44:54,338 - ERROR - Error on attempt 265: Failed to setup driver
Traceback (most recent call last):
  File "C:\laragon\www\dapokalsel\sekolah\import_url_kabupaten.pyw", line 435, in process_url_induk
    raise Exception("Failed to setup driver")
Exception: Failed to setup driver
2025-10-27 00:44:54,339 - INFO - Retry attempt 266/300...
2025-10-27 00:45:09,340 - INFO - Setting up Chrome driver...
2025-10-27 00:45:09,341 - INFO - Using profile directory: C:\Windows\Temp\chrome_scraper_profile
2025-10-27 00:45:09,342 - INFO - Initializing Chrome driver (attempt 1/3)...
2025-10-27 00:45:12,650 - INFO - patching driver executable C:\laragon\www\dapokalsel\sekolah\~\appdata\roaming\undetected_chromedriver\undetected_chromedriver.exe
2025-10-27 00:45:12,723 - ERROR - Attempt 1 failed: Binary Location Must be a String
2025-10-27 00:45:12,723 - INFO - Retrying in 5 seconds...
2025-10-27 00:45:17,724 - INFO - Initializing Chrome driver (attempt 2/3)...
2025-10-27 00:45:22,085 - INFO - patching driver executable C:\laragon\www\dapokalsel\sekolah\~\appdata\roaming\undetected_chromedriver\undetected_chromedriver.exe
2025-10-27 00:45:22,159 - ERROR - Attempt 2 failed: you cannot reuse the ChromeOptions object
2025-10-27 00:45:22,159 - INFO - Retrying in 5 seconds...
2025-10-27 00:45:27,160 - INFO - Initializing Chrome driver (attempt 3/3)...
2025-10-27 00:45:31,378 - INFO - patching driver executable C:\laragon\www\dapokalsel\sekolah\~\appdata\roaming\undetected_chromedriver\undetected_chromedriver.exe
2025-10-27 00:45:31,451 - ERROR - Attempt 3 failed: you cannot reuse the ChromeOptions object
2025-10-27 00:45:31,451 - ERROR - All attempts failed to setup driver
Traceback (most recent call last):
  File "C:\laragon\www\dapokalsel\sekolah\import_url_kabupaten.pyw", line 115, in setup_driver
    driver = uc.Chrome(
  File "C:\laragon\bin\python\python-3.10\lib\site-packages\undetected_chromedriver\__init__.py", line 269, in __init__
    raise RuntimeError("you cannot reuse the ChromeOptions object")
RuntimeError: you cannot reuse the ChromeOptions object
2025-10-27 00:45:31,452 - ERROR - Error on attempt 266: Failed to setup driver
Traceback (most recent call last):
  File "C:\laragon\www\dapokalsel\sekolah\import_url_kabupaten.pyw", line 435, in process_url_induk
    raise Exception("Failed to setup driver")
Exception: Failed to setup driver
2025-10-27 00:45:31,452 - INFO - Retry attempt 267/300...
2025-10-27 00:45:46,453 - INFO - Setting up Chrome driver...
2025-10-27 00:45:46,453 - INFO - Using profile directory: C:\Windows\Temp\chrome_scraper_profile
2025-10-27 00:45:46,454 - INFO - Initializing Chrome driver (attempt 1/3)...
2025-10-27 00:45:49,849 - INFO - patching driver executable C:\laragon\www\dapokalsel\sekolah\~\appdata\roaming\undetected_chromedriver\undetected_chromedriver.exe
2025-10-27 00:45:49,925 - ERROR - Attempt 1 failed: Binary Location Must be a String
2025-10-27 00:45:49,926 - INFO - Retrying in 5 seconds...
2025-10-27 00:45:54,926 - INFO - Initializing Chrome driver (attempt 2/3)...
2025-10-27 00:45:57,911 - INFO - patching driver executable C:\laragon\www\dapokalsel\sekolah\~\appdata\roaming\undetected_chromedriver\undetected_chromedriver.exe
2025-10-27 00:45:58,007 - ERROR - Attempt 2 failed: you cannot reuse the ChromeOptions object
2025-10-27 00:45:58,007 - INFO - Retrying in 5 seconds...
2025-10-27 00:46:03,007 - INFO - Initializing Chrome driver (attempt 3/3)...
2025-10-27 00:46:06,886 - INFO - patching driver executable C:\laragon\www\dapokalsel\sekolah\~\appdata\roaming\undetected_chromedriver\undetected_chromedriver.exe
2025-10-27 00:46:06,976 - ERROR - Attempt 3 failed: you cannot reuse the ChromeOptions object
2025-10-27 00:46:06,977 - ERROR - All attempts failed to setup driver
Traceback (most recent call last):
  File "C:\laragon\www\dapokalsel\sekolah\import_url_kabupaten.pyw", line 115, in setup_driver
    driver = uc.Chrome(
  File "C:\laragon\bin\python\python-3.10\lib\site-packages\undetected_chromedriver\__init__.py", line 269, in __init__
    raise RuntimeError("you cannot reuse the ChromeOptions object")
RuntimeError: you cannot reuse the ChromeOptions object
2025-10-27 00:46:06,977 - ERROR - Error on attempt 267: Failed to setup driver
Traceback (most recent call last):
  File "C:\laragon\www\dapokalsel\sekolah\import_url_kabupaten.pyw", line 435, in process_url_induk
    raise Exception("Failed to setup driver")
Exception: Failed to setup driver
2025-10-27 00:46:06,978 - INFO - Retry attempt 268/300...
2025-10-27 00:46:21,983 - INFO - Setting up Chrome driver...
2025-10-27 00:46:21,985 - INFO - Using profile directory: C:\Windows\Temp\chrome_scraper_profile
2025-10-27 00:46:21,985 - INFO - Initializing Chrome driver (attempt 1/3)...
2025-10-27 00:46:25,194 - INFO - patching driver executable C:\laragon\www\dapokalsel\sekolah\~\appdata\roaming\undetected_chromedriver\undetected_chromedriver.exe
2025-10-27 00:46:25,296 - ERROR - Attempt 1 failed: Binary Location Must be a String
2025-10-27 00:46:25,296 - INFO - Retrying in 5 seconds...
2025-10-27 00:46:30,296 - INFO - Initializing Chrome driver (attempt 2/3)...
2025-10-27 00:46:33,800 - INFO - patching driver executable C:\laragon\www\dapokalsel\sekolah\~\appdata\roaming\undetected_chromedriver\undetected_chromedriver.exe
2025-10-27 00:46:33,882 - ERROR - Attempt 2 failed: you cannot reuse the ChromeOptions object
2025-10-27 00:46:33,882 - INFO - Retrying in 5 seconds...
2025-10-27 00:46:38,884 - INFO - Initializing Chrome driver (attempt 3/3)...
2025-10-27 00:46:43,019 - INFO - patching driver executable C:\laragon\www\dapokalsel\sekolah\~\appdata\roaming\undetected_chromedriver\undetected_chromedriver.exe
2025-10-27 00:46:43,093 - ERROR - Attempt 3 failed: you cannot reuse the ChromeOptions object
2025-10-27 00:46:43,093 - ERROR - All attempts failed to setup driver
Traceback (most recent call last):
  File "C:\laragon\www\dapokalsel\sekolah\import_url_kabupaten.pyw", line 115, in setup_driver
    driver = uc.Chrome(
  File "C:\laragon\bin\python\python-3.10\lib\site-packages\undetected_chromedriver\__init__.py", line 269, in __init__
    raise RuntimeError("you cannot reuse the ChromeOptions object")
RuntimeError: you cannot reuse the ChromeOptions object
2025-10-27 00:46:43,094 - ERROR - Error on attempt 268: Failed to setup driver
Traceback (most recent call last):
  File "C:\laragon\www\dapokalsel\sekolah\import_url_kabupaten.pyw", line 435, in process_url_induk
    raise Exception("Failed to setup driver")
Exception: Failed to setup driver
2025-10-27 00:46:43,094 - INFO - Retry attempt 269/300...
2025-10-27 00:46:58,094 - INFO - Setting up Chrome driver...
2025-10-27 00:46:58,094 - INFO - Using profile directory: C:\Windows\Temp\chrome_scraper_profile
2025-10-27 00:46:58,094 - INFO - Initializing Chrome driver (attempt 1/3)...
2025-10-27 00:47:01,155 - INFO - patching driver executable C:\laragon\www\dapokalsel\sekolah\~\appdata\roaming\undetected_chromedriver\undetected_chromedriver.exe
2025-10-27 00:47:01,230 - ERROR - Attempt 1 failed: Binary Location Must be a String
2025-10-27 00:47:01,230 - INFO - Retrying in 5 seconds...
2025-10-27 00:47:06,231 - INFO - Initializing Chrome driver (attempt 2/3)...
2025-10-27 00:47:09,511 - INFO - patching driver executable C:\laragon\www\dapokalsel\sekolah\~\appdata\roaming\undetected_chromedriver\undetected_chromedriver.exe
2025-10-27 00:47:09,602 - ERROR - Attempt 2 failed: you cannot reuse the ChromeOptions object
2025-10-27 00:47:09,603 - INFO - Retrying in 5 seconds...
2025-10-27 00:47:14,604 - INFO - Initializing Chrome driver (attempt 3/3)...
2025-10-27 00:47:18,105 - INFO - patching driver executable C:\laragon\www\dapokalsel\sekolah\~\appdata\roaming\undetected_chromedriver\undetected_chromedriver.exe
2025-10-27 00:47:18,186 - ERROR - Attempt 3 failed: you cannot reuse the ChromeOptions object
2025-10-27 00:47:18,186 - ERROR - All attempts failed to setup driver
Traceback (most recent call last):
  File "C:\laragon\www\dapokalsel\sekolah\import_url_kabupaten.pyw", line 115, in setup_driver
    driver = uc.Chrome(
  File "C:\laragon\bin\python\python-3.10\lib\site-packages\undetected_chromedriver\__init__.py", line 269, in __init__
    raise RuntimeError("you cannot reuse the ChromeOptions object")
RuntimeError: you cannot reuse the ChromeOptions object
2025-10-27 00:47:18,187 - ERROR - Error on attempt 269: Failed to setup driver
Traceback (most recent call last):
  File "C:\laragon\www\dapokalsel\sekolah\import_url_kabupaten.pyw", line 435, in process_url_induk
    raise Exception("Failed to setup driver")
Exception: Failed to setup driver
2025-10-27 00:47:18,187 - INFO - Retry attempt 270/300...
2025-10-27 00:47:33,187 - INFO - Setting up Chrome driver...
2025-10-27 00:47:33,188 - INFO - Using profile directory: C:\Windows\Temp\chrome_scraper_profile
2025-10-27 00:47:33,189 - INFO - Initializing Chrome driver (attempt 1/3)...
2025-10-27 00:47:36,135 - INFO - patching driver executable C:\laragon\www\dapokalsel\sekolah\~\appdata\roaming\undetected_chromedriver\undetected_chromedriver.exe
2025-10-27 00:47:36,245 - ERROR - Attempt 1 failed: Binary Location Must be a String
2025-10-27 00:47:36,245 - INFO - Retrying in 5 seconds...
2025-10-27 00:47:41,245 - INFO - Initializing Chrome driver (attempt 2/3)...
2025-10-27 00:47:46,956 - INFO - patching driver executable C:\laragon\www\dapokalsel\sekolah\~\appdata\roaming\undetected_chromedriver\undetected_chromedriver.exe
2025-10-27 00:47:47,033 - ERROR - Attempt 2 failed: you cannot reuse the ChromeOptions object
2025-10-27 00:47:47,033 - INFO - Retrying in 5 seconds...
2025-10-27 00:47:52,033 - INFO - Initializing Chrome driver (attempt 3/3)...
2025-10-27 00:47:56,116 - INFO - patching driver executable C:\laragon\www\dapokalsel\sekolah\~\appdata\roaming\undetected_chromedriver\undetected_chromedriver.exe
2025-10-27 00:47:56,198 - ERROR - Attempt 3 failed: you cannot reuse the ChromeOptions object
2025-10-27 00:47:56,199 - ERROR - All attempts failed to setup driver
Traceback (most recent call last):
  File "C:\laragon\www\dapokalsel\sekolah\import_url_kabupaten.pyw", line 115, in setup_driver
    driver = uc.Chrome(
  File "C:\laragon\bin\python\python-3.10\lib\site-packages\undetected_chromedriver\__init__.py", line 269, in __init__
    raise RuntimeError("you cannot reuse the ChromeOptions object")
RuntimeError: you cannot reuse the ChromeOptions object
2025-10-27 00:47:56,199 - ERROR - Error on attempt 270: Failed to setup driver
Traceback (most recent call last):
  File "C:\laragon\www\dapokalsel\sekolah\import_url_kabupaten.pyw", line 435, in process_url_induk
    raise Exception("Failed to setup driver")
Exception: Failed to setup driver
2025-10-27 00:47:56,199 - INFO - Retry attempt 271/300...
2025-10-27 00:48:11,200 - INFO - Setting up Chrome driver...
2025-10-27 00:48:11,200 - INFO - Using profile directory: C:\Windows\Temp\chrome_scraper_profile
2025-10-27 00:48:11,201 - INFO - Initializing Chrome driver (attempt 1/3)...
2025-10-27 00:48:15,007 - INFO - patching driver executable C:\laragon\www\dapokalsel\sekolah\~\appdata\roaming\undetected_chromedriver\undetected_chromedriver.exe
2025-10-27 00:48:15,087 - ERROR - Attempt 1 failed: Binary Location Must be a String
2025-10-27 00:48:15,087 - INFO - Retrying in 5 seconds...
2025-10-27 00:48:20,087 - INFO - Initializing Chrome driver (attempt 2/3)...
2025-10-27 00:48:23,513 - INFO - patching driver executable C:\laragon\www\dapokalsel\sekolah\~\appdata\roaming\undetected_chromedriver\undetected_chromedriver.exe
2025-10-27 00:48:23,588 - ERROR - Attempt 2 failed: you cannot reuse the ChromeOptions object
2025-10-27 00:48:23,589 - INFO - Retrying in 5 seconds...
2025-10-27 00:48:28,590 - INFO - Initializing Chrome driver (attempt 3/3)...
2025-10-27 00:48:31,614 - INFO - patching driver executable C:\laragon\www\dapokalsel\sekolah\~\appdata\roaming\undetected_chromedriver\undetected_chromedriver.exe
2025-10-27 00:48:31,697 - ERROR - Attempt 3 failed: you cannot reuse the ChromeOptions object
2025-10-27 00:48:31,697 - ERROR - All attempts failed to setup driver
Traceback (most recent call last):
  File "C:\laragon\www\dapokalsel\sekolah\import_url_kabupaten.pyw", line 115, in setup_driver
    driver = uc.Chrome(
  File "C:\laragon\bin\python\python-3.10\lib\site-packages\undetected_chromedriver\__init__.py", line 269, in __init__
    raise RuntimeError("you cannot reuse the ChromeOptions object")
RuntimeError: you cannot reuse the ChromeOptions object
2025-10-27 00:48:31,698 - ERROR - Error on attempt 271: Failed to setup driver
Traceback (most recent call last):
  File "C:\laragon\www\dapokalsel\sekolah\import_url_kabupaten.pyw", line 435, in process_url_induk
    raise Exception("Failed to setup driver")
Exception: Failed to setup driver
2025-10-27 00:48:31,698 - INFO - Retry attempt 272/300...
2025-10-27 00:48:46,699 - INFO - Setting up Chrome driver...
2025-10-27 00:48:46,700 - INFO - Using profile directory: C:\Windows\Temp\chrome_scraper_profile
2025-10-27 00:48:46,700 - INFO - Initializing Chrome driver (attempt 1/3)...
2025-10-27 00:48:50,268 - INFO - patching driver executable C:\laragon\www\dapokalsel\sekolah\~\appdata\roaming\undetected_chromedriver\undetected_chromedriver.exe
2025-10-27 00:48:50,349 - ERROR - Attempt 1 failed: Binary Location Must be a String
2025-10-27 00:48:50,349 - INFO - Retrying in 5 seconds...
2025-10-27 00:48:55,350 - INFO - Initializing Chrome driver (attempt 2/3)...
2025-10-27 00:48:59,459 - INFO - patching driver executable C:\laragon\www\dapokalsel\sekolah\~\appdata\roaming\undetected_chromedriver\undetected_chromedriver.exe
2025-10-27 00:48:59,533 - ERROR - Attempt 2 failed: you cannot reuse the ChromeOptions object
2025-10-27 00:48:59,533 - INFO - Retrying in 5 seconds...
2025-10-27 00:49:04,534 - INFO - Initializing Chrome driver (attempt 3/3)...
2025-10-27 00:49:08,022 - INFO - patching driver executable C:\laragon\www\dapokalsel\sekolah\~\appdata\roaming\undetected_chromedriver\undetected_chromedriver.exe
2025-10-27 00:49:08,120 - ERROR - Attempt 3 failed: you cannot reuse the ChromeOptions object
2025-10-27 00:49:08,121 - ERROR - All attempts failed to setup driver
Traceback (most recent call last):
  File "C:\laragon\www\dapokalsel\sekolah\import_url_kabupaten.pyw", line 115, in setup_driver
    driver = uc.Chrome(
  File "C:\laragon\bin\python\python-3.10\lib\site-packages\undetected_chromedriver\__init__.py", line 269, in __init__
    raise RuntimeError("you cannot reuse the ChromeOptions object")
RuntimeError: you cannot reuse the ChromeOptions object
2025-10-27 00:49:08,121 - ERROR - Error on attempt 272: Failed to setup driver
Traceback (most recent call last):
  File "C:\laragon\www\dapokalsel\sekolah\import_url_kabupaten.pyw", line 435, in process_url_induk
    raise Exception("Failed to setup driver")
Exception: Failed to setup driver
2025-10-27 00:49:08,121 - INFO - Retry attempt 273/300...
2025-10-27 00:49:23,122 - INFO - Setting up Chrome driver...
2025-10-27 00:49:23,123 - INFO - Using profile directory: C:\Windows\Temp\chrome_scraper_profile
2025-10-27 00:49:23,123 - INFO - Initializing Chrome driver (attempt 1/3)...
2025-10-27 00:49:26,559 - INFO - patching driver executable C:\laragon\www\dapokalsel\sekolah\~\appdata\roaming\undetected_chromedriver\undetected_chromedriver.exe
2025-10-27 00:49:26,635 - ERROR - Attempt 1 failed: Binary Location Must be a String
2025-10-27 00:49:26,635 - INFO - Retrying in 5 seconds...
2025-10-27 00:49:31,639 - INFO - Initializing Chrome driver (attempt 2/3)...
2025-10-27 00:49:34,752 - INFO - patching driver executable C:\laragon\www\dapokalsel\sekolah\~\appdata\roaming\undetected_chromedriver\undetected_chromedriver.exe
2025-10-27 00:49:34,833 - ERROR - Attempt 2 failed: you cannot reuse the ChromeOptions object
2025-10-27 00:49:34,833 - INFO - Retrying in 5 seconds...
2025-10-27 00:49:39,834 - INFO - Initializing Chrome driver (attempt 3/3)...
2025-10-27 00:49:43,194 - INFO - patching driver executable C:\laragon\www\dapokalsel\sekolah\~\appdata\roaming\undetected_chromedriver\undetected_chromedriver.exe
2025-10-27 00:49:43,287 - ERROR - Attempt 3 failed: you cannot reuse the ChromeOptions object
2025-10-27 00:49:43,287 - ERROR - All attempts failed to setup driver
Traceback (most recent call last):
  File "C:\laragon\www\dapokalsel\sekolah\import_url_kabupaten.pyw", line 115, in setup_driver
    driver = uc.Chrome(
  File "C:\laragon\bin\python\python-3.10\lib\site-packages\undetected_chromedriver\__init__.py", line 269, in __init__
    raise RuntimeError("you cannot reuse the ChromeOptions object")
RuntimeError: you cannot reuse the ChromeOptions object
2025-10-27 00:49:43,288 - ERROR - Error on attempt 273: Failed to setup driver
Traceback (most recent call last):
  File "C:\laragon\www\dapokalsel\sekolah\import_url_kabupaten.pyw", line 435, in process_url_induk
    raise Exception("Failed to setup driver")
Exception: Failed to setup driver
2025-10-27 00:49:43,288 - INFO - Retry attempt 274/300...
2025-10-27 00:49:58,288 - INFO - Setting up Chrome driver...
2025-10-27 00:49:58,289 - INFO - Using profile directory: C:\Windows\Temp\chrome_scraper_profile
2025-10-27 00:49:58,289 - INFO - Initializing Chrome driver (attempt 1/3)...
2025-10-27 00:50:01,147 - INFO - patching driver executable C:\laragon\www\dapokalsel\sekolah\~\appdata\roaming\undetected_chromedriver\undetected_chromedriver.exe
2025-10-27 00:50:01,223 - ERROR - Attempt 1 failed: Binary Location Must be a String
2025-10-27 00:50:01,223 - INFO - Retrying in 5 seconds...
2025-10-27 00:50:06,223 - INFO - Initializing Chrome driver (attempt 2/3)...
2025-10-27 00:50:09,403 - INFO - patching driver executable C:\laragon\www\dapokalsel\sekolah\~\appdata\roaming\undetected_chromedriver\undetected_chromedriver.exe
2025-10-27 00:50:09,480 - ERROR - Attempt 2 failed: you cannot reuse the ChromeOptions object
2025-10-27 00:50:09,480 - INFO - Retrying in 5 seconds...
2025-10-27 00:50:14,481 - INFO - Initializing Chrome driver (attempt 3/3)...
2025-10-27 00:50:18,289 - INFO - patching driver executable C:\laragon\www\dapokalsel\sekolah\~\appdata\roaming\undetected_chromedriver\undetected_chromedriver.exe
2025-10-27 00:50:18,369 - ERROR - Attempt 3 failed: you cannot reuse the ChromeOptions object
2025-10-27 00:50:18,370 - ERROR - All attempts failed to setup driver
Traceback (most recent call last):
  File "C:\laragon\www\dapokalsel\sekolah\import_url_kabupaten.pyw", line 115, in setup_driver
    driver = uc.Chrome(
  File "C:\laragon\bin\python\python-3.10\lib\site-packages\undetected_chromedriver\__init__.py", line 269, in __init__
    raise RuntimeError("you cannot reuse the ChromeOptions object")
RuntimeError: you cannot reuse the ChromeOptions object
2025-10-27 00:50:18,370 - ERROR - Error on attempt 274: Failed to setup driver
Traceback (most recent call last):
  File "C:\laragon\www\dapokalsel\sekolah\import_url_kabupaten.pyw", line 435, in process_url_induk
    raise Exception("Failed to setup driver")
Exception: Failed to setup driver
2025-10-27 00:50:18,370 - INFO - Retry attempt 275/300...
2025-10-27 00:50:33,370 - INFO - Setting up Chrome driver...
2025-10-27 00:50:33,371 - INFO - Using profile directory: C:\Windows\Temp\chrome_scraper_profile
2025-10-27 00:50:33,371 - INFO - Initializing Chrome driver (attempt 1/3)...
2025-10-27 00:50:36,203 - INFO - patching driver executable C:\laragon\www\dapokalsel\sekolah\~\appdata\roaming\undetected_chromedriver\undetected_chromedriver.exe
2025-10-27 00:50:36,294 - ERROR - Attempt 1 failed: Binary Location Must be a String
2025-10-27 00:50:36,295 - INFO - Retrying in 5 seconds...
2025-10-27 00:50:41,295 - INFO - Initializing Chrome driver (attempt 2/3)...
2025-10-27 00:50:45,272 - ERROR - Attempt 2 failed: [WinError 183] Cannot create a file when that file already exists: 'C:\\laragon\\www\\dapokalsel\\sekolah\\~\\appdata\\roaming\\undetected_chromedriver\\undetected\\chromedriver-win32\\chromedriver.exe' -> 'C:\\laragon\\www\\dapokalsel\\sekolah\\~\\appdata\\roaming\\undetected_chromedriver\\undetected_chromedriver.exe'
2025-10-27 00:50:45,273 - INFO - Retrying in 5 seconds...
2025-10-27 00:50:50,273 - INFO - Initializing Chrome driver (attempt 3/3)...
2025-10-27 00:50:54,859 - INFO - patching driver executable C:\laragon\www\dapokalsel\sekolah\~\appdata\roaming\undetected_chromedriver\undetected_chromedriver.exe
2025-10-27 00:50:54,933 - ERROR - Attempt 3 failed: you cannot reuse the ChromeOptions object
2025-10-27 00:50:54,933 - ERROR - All attempts failed to setup driver
Traceback (most recent call last):
  File "C:\laragon\www\dapokalsel\sekolah\import_url_kabupaten.pyw", line 115, in setup_driver
    driver = uc.Chrome(
  File "C:\laragon\bin\python\python-3.10\lib\site-packages\undetected_chromedriver\__init__.py", line 269, in __init__
    raise RuntimeError("you cannot reuse the ChromeOptions object")
RuntimeError: you cannot reuse the ChromeOptions object
2025-10-27 00:50:54,933 - ERROR - Error on attempt 275: Failed to setup driver
Traceback (most recent call last):
  File "C:\laragon\www\dapokalsel\sekolah\import_url_kabupaten.pyw", line 435, in process_url_induk
    raise Exception("Failed to setup driver")
Exception: Failed to setup driver
2025-10-27 00:50:54,934 - INFO - Retry attempt 276/300...
2025-10-27 00:51:09,934 - INFO - Setting up Chrome driver...
2025-10-27 00:51:09,935 - INFO - Using profile directory: C:\Windows\Temp\chrome_scraper_profile
2025-10-27 00:51:09,936 - INFO - Initializing Chrome driver (attempt 1/3)...
2025-10-27 00:51:14,088 - INFO - patching driver executable C:\laragon\www\dapokalsel\sekolah\~\appdata\roaming\undetected_chromedriver\undetected_chromedriver.exe
2025-10-27 00:51:14,160 - ERROR - Attempt 1 failed: Binary Location Must be a String
2025-10-27 00:51:14,160 - INFO - Retrying in 5 seconds...
2025-10-27 00:51:19,161 - INFO - Initializing Chrome driver (attempt 2/3)...
2025-10-27 00:51:22,216 - INFO - patching driver executable C:\laragon\www\dapokalsel\sekolah\~\appdata\roaming\undetected_chromedriver\undetected_chromedriver.exe
2025-10-27 00:51:22,345 - ERROR - Attempt 2 failed: you cannot reuse the ChromeOptions object
2025-10-27 00:51:22,345 - INFO - Retrying in 5 seconds...
2025-10-27 00:51:27,346 - INFO - Initializing Chrome driver (attempt 3/3)...
2025-10-27 00:51:30,357 - INFO - patching driver executable C:\laragon\www\dapokalsel\sekolah\~\appdata\roaming\undetected_chromedriver\undetected_chromedriver.exe
2025-10-27 00:51:30,448 - ERROR - Attempt 3 failed: you cannot reuse the ChromeOptions object
2025-10-27 00:51:30,449 - ERROR - All attempts failed to setup driver
Traceback (most recent call last):
  File "C:\laragon\www\dapokalsel\sekolah\import_url_kabupaten.pyw", line 115, in setup_driver
    driver = uc.Chrome(
  File "C:\laragon\bin\python\python-3.10\lib\site-packages\undetected_chromedriver\__init__.py", line 269, in __init__
    raise RuntimeError("you cannot reuse the ChromeOptions object")
RuntimeError: you cannot reuse the ChromeOptions object
2025-10-27 00:51:30,449 - ERROR - Error on attempt 276: Failed to setup driver
Traceback (most recent call last):
  File "C:\laragon\www\dapokalsel\sekolah\import_url_kabupaten.pyw", line 435, in process_url_induk
    raise Exception("Failed to setup driver")
Exception: Failed to setup driver
2025-10-27 00:51:30,449 - INFO - Retry attempt 277/300...
2025-10-27 00:51:45,450 - INFO - Setting up Chrome driver...
2025-10-27 00:51:45,451 - INFO - Using profile directory: C:\Windows\Temp\chrome_scraper_profile
2025-10-27 00:51:45,452 - INFO - Initializing Chrome driver (attempt 1/3)...
2025-10-27 00:51:48,405 - INFO - patching driver executable C:\laragon\www\dapokalsel\sekolah\~\appdata\roaming\undetected_chromedriver\undetected_chromedriver.exe
2025-10-27 00:51:48,489 - ERROR - Attempt 1 failed: Binary Location Must be a String
2025-10-27 00:51:48,490 - INFO - Retrying in 5 seconds...
2025-10-27 00:51:53,491 - INFO - Initializing Chrome driver (attempt 2/3)...
2025-10-27 00:51:57,106 - INFO - patching driver executable C:\laragon\www\dapokalsel\sekolah\~\appdata\roaming\undetected_chromedriver\undetected_chromedriver.exe
2025-10-27 00:51:57,186 - ERROR - Attempt 2 failed: you cannot reuse the ChromeOptions object
2025-10-27 00:51:57,186 - INFO - Retrying in 5 seconds...
2025-10-27 00:52:02,186 - INFO - Initializing Chrome driver (attempt 3/3)...
2025-10-27 00:52:05,150 - INFO - patching driver executable C:\laragon\www\dapokalsel\sekolah\~\appdata\roaming\undetected_chromedriver\undetected_chromedriver.exe
2025-10-27 00:52:05,236 - ERROR - Attempt 3 failed: you cannot reuse the ChromeOptions object
2025-10-27 00:52:05,236 - ERROR - All attempts failed to setup driver
Traceback (most recent call last):
  File "C:\laragon\www\dapokalsel\sekolah\import_url_kabupaten.pyw", line 115, in setup_driver
    driver = uc.Chrome(
  File "C:\laragon\bin\python\python-3.10\lib\site-packages\undetected_chromedriver\__init__.py", line 269, in __init__
    raise RuntimeError("you cannot reuse the ChromeOptions object")
RuntimeError: you cannot reuse the ChromeOptions object
2025-10-27 00:52:05,236 - ERROR - Error on attempt 277: Failed to setup driver
Traceback (most recent call last):
  File "C:\laragon\www\dapokalsel\sekolah\import_url_kabupaten.pyw", line 435, in process_url_induk
    raise Exception("Failed to setup driver")
Exception: Failed to setup driver
2025-10-27 00:52:05,237 - INFO - Retry attempt 278/300...
2025-10-27 00:52:20,237 - INFO - Setting up Chrome driver...
2025-10-27 00:52:20,238 - INFO - Using profile directory: C:\Windows\Temp\chrome_scraper_profile
2025-10-27 00:52:20,238 - INFO - Initializing Chrome driver (attempt 1/3)...
2025-10-27 00:52:23,194 - INFO - patching driver executable C:\laragon\www\dapokalsel\sekolah\~\appdata\roaming\undetected_chromedriver\undetected_chromedriver.exe
2025-10-27 00:52:23,267 - ERROR - Attempt 1 failed: Binary Location Must be a String
2025-10-27 00:52:23,267 - INFO - Retrying in 5 seconds...
2025-10-27 00:52:28,269 - INFO - Initializing Chrome driver (attempt 2/3)...
2025-10-27 00:52:31,196 - INFO - patching driver executable C:\laragon\www\dapokalsel\sekolah\~\appdata\roaming\undetected_chromedriver\undetected_chromedriver.exe
2025-10-27 00:52:31,285 - ERROR - Attempt 2 failed: you cannot reuse the ChromeOptions object
2025-10-27 00:52:31,285 - INFO - Retrying in 5 seconds...
2025-10-27 00:52:36,285 - INFO - Initializing Chrome driver (attempt 3/3)...
2025-10-27 00:52:40,200 - INFO - patching driver executable C:\laragon\www\dapokalsel\sekolah\~\appdata\roaming\undetected_chromedriver\undetected_chromedriver.exe
2025-10-27 00:52:40,274 - ERROR - Attempt 3 failed: you cannot reuse the ChromeOptions object
2025-10-27 00:52:40,275 - ERROR - All attempts failed to setup driver
Traceback (most recent call last):
  File "C:\laragon\www\dapokalsel\sekolah\import_url_kabupaten.pyw", line 115, in setup_driver
    driver = uc.Chrome(
  File "C:\laragon\bin\python\python-3.10\lib\site-packages\undetected_chromedriver\__init__.py", line 269, in __init__
    raise RuntimeError("you cannot reuse the ChromeOptions object")
RuntimeError: you cannot reuse the ChromeOptions object
2025-10-27 00:52:40,275 - ERROR - Error on attempt 278: Failed to setup driver
Traceback (most recent call last):
  File "C:\laragon\www\dapokalsel\sekolah\import_url_kabupaten.pyw", line 435, in process_url_induk
    raise Exception("Failed to setup driver")
Exception: Failed to setup driver
2025-10-27 00:52:40,276 - INFO - Retry attempt 279/300...
2025-10-27 00:52:55,276 - INFO - Setting up Chrome driver...
2025-10-27 00:52:55,276 - INFO - Using profile directory: C:\Windows\Temp\chrome_scraper_profile
2025-10-27 00:52:55,277 - INFO - Initializing Chrome driver (attempt 1/3)...
2025-10-27 00:52:59,936 - INFO - patching driver executable C:\laragon\www\dapokalsel\sekolah\~\appdata\roaming\undetected_chromedriver\undetected_chromedriver.exe
2025-10-27 00:53:00,017 - ERROR - Attempt 1 failed: Binary Location Must be a String
2025-10-27 00:53:00,017 - INFO - Retrying in 5 seconds...
2025-10-27 00:53:05,017 - INFO - Initializing Chrome driver (attempt 2/3)...
2025-10-27 00:53:08,046 - INFO - patching driver executable C:\laragon\www\dapokalsel\sekolah\~\appdata\roaming\undetected_chromedriver\undetected_chromedriver.exe
2025-10-27 00:53:08,140 - ERROR - Attempt 2 failed: you cannot reuse the ChromeOptions object
2025-10-27 00:53:08,140 - INFO - Retrying in 5 seconds...
2025-10-27 00:53:13,140 - INFO - Initializing Chrome driver (attempt 3/3)...
2025-10-27 00:53:16,276 - INFO - patching driver executable C:\laragon\www\dapokalsel\sekolah\~\appdata\roaming\undetected_chromedriver\undetected_chromedriver.exe
2025-10-27 00:53:16,362 - ERROR - Attempt 3 failed: you cannot reuse the ChromeOptions object
2025-10-27 00:53:16,362 - ERROR - All attempts failed to setup driver
Traceback (most recent call last):
  File "C:\laragon\www\dapokalsel\sekolah\import_url_kabupaten.pyw", line 115, in setup_driver
    driver = uc.Chrome(
  File "C:\laragon\bin\python\python-3.10\lib\site-packages\undetected_chromedriver\__init__.py", line 269, in __init__
    raise RuntimeError("you cannot reuse the ChromeOptions object")
RuntimeError: you cannot reuse the ChromeOptions object
2025-10-27 00:53:16,362 - ERROR - Error on attempt 279: Failed to setup driver
Traceback (most recent call last):
  File "C:\laragon\www\dapokalsel\sekolah\import_url_kabupaten.pyw", line 435, in process_url_induk
    raise Exception("Failed to setup driver")
Exception: Failed to setup driver
2025-10-27 00:53:16,363 - INFO - Retry attempt 280/300...
2025-10-27 00:53:31,364 - INFO - Setting up Chrome driver...
2025-10-27 00:53:31,365 - INFO - Using profile directory: C:\Windows\Temp\chrome_scraper_profile
2025-10-27 00:53:31,365 - INFO - Initializing Chrome driver (attempt 1/3)...
2025-10-27 00:53:35,029 - INFO - patching driver executable C:\laragon\www\dapokalsel\sekolah\~\appdata\roaming\undetected_chromedriver\undetected_chromedriver.exe
2025-10-27 00:53:35,124 - ERROR - Attempt 1 failed: Binary Location Must be a String
2025-10-27 00:53:35,124 - INFO - Retrying in 5 seconds...
2025-10-27 00:53:40,124 - INFO - Initializing Chrome driver (attempt 2/3)...
2025-10-27 00:53:43,264 - INFO - patching driver executable C:\laragon\www\dapokalsel\sekolah\~\appdata\roaming\undetected_chromedriver\undetected_chromedriver.exe
2025-10-27 00:53:43,337 - ERROR - Attempt 2 failed: you cannot reuse the ChromeOptions object
2025-10-27 00:53:43,337 - INFO - Retrying in 5 seconds...
2025-10-27 00:53:48,337 - INFO - Initializing Chrome driver (attempt 3/3)...
2025-10-27 00:53:52,033 - INFO - patching driver executable C:\laragon\www\dapokalsel\sekolah\~\appdata\roaming\undetected_chromedriver\undetected_chromedriver.exe
2025-10-27 00:53:52,108 - ERROR - Attempt 3 failed: you cannot reuse the ChromeOptions object
2025-10-27 00:53:52,108 - ERROR - All attempts failed to setup driver
Traceback (most recent call last):
  File "C:\laragon\www\dapokalsel\sekolah\import_url_kabupaten.pyw", line 115, in setup_driver
    driver = uc.Chrome(
  File "C:\laragon\bin\python\python-3.10\lib\site-packages\undetected_chromedriver\__init__.py", line 269, in __init__
    raise RuntimeError("you cannot reuse the ChromeOptions object")
RuntimeError: you cannot reuse the ChromeOptions object
2025-10-27 00:53:52,109 - ERROR - Error on attempt 280: Failed to setup driver
Traceback (most recent call last):
  File "C:\laragon\www\dapokalsel\sekolah\import_url_kabupaten.pyw", line 435, in process_url_induk
    raise Exception("Failed to setup driver")
Exception: Failed to setup driver
2025-10-27 00:53:52,109 - INFO - Retry attempt 281/300...
2025-10-27 00:54:07,109 - INFO - Setting up Chrome driver...
2025-10-27 00:54:07,109 - INFO - Using profile directory: C:\Windows\Temp\chrome_scraper_profile
2025-10-27 00:54:07,110 - INFO - Initializing Chrome driver (attempt 1/3)...
2025-10-27 00:54:10,523 - INFO - patching driver executable C:\laragon\www\dapokalsel\sekolah\~\appdata\roaming\undetected_chromedriver\undetected_chromedriver.exe
2025-10-27 00:54:10,602 - ERROR - Attempt 1 failed: Binary Location Must be a String
2025-10-27 00:54:10,602 - INFO - Retrying in 5 seconds...
2025-10-27 00:54:15,602 - INFO - Initializing Chrome driver (attempt 2/3)...
2025-10-27 00:54:18,745 - INFO - patching driver executable C:\laragon\www\dapokalsel\sekolah\~\appdata\roaming\undetected_chromedriver\undetected_chromedriver.exe
2025-10-27 00:54:18,957 - ERROR - Attempt 2 failed: you cannot reuse the ChromeOptions object
2025-10-27 00:54:18,957 - INFO - Retrying in 5 seconds...
2025-10-27 00:54:23,959 - INFO - Initializing Chrome driver (attempt 3/3)...
2025-10-27 00:54:27,208 - INFO - patching driver executable C:\laragon\www\dapokalsel\sekolah\~\appdata\roaming\undetected_chromedriver\undetected_chromedriver.exe
2025-10-27 00:54:27,300 - ERROR - Attempt 3 failed: you cannot reuse the ChromeOptions object
2025-10-27 00:54:27,300 - ERROR - All attempts failed to setup driver
Traceback (most recent call last):
  File "C:\laragon\www\dapokalsel\sekolah\import_url_kabupaten.pyw", line 115, in setup_driver
    driver = uc.Chrome(
  File "C:\laragon\bin\python\python-3.10\lib\site-packages\undetected_chromedriver\__init__.py", line 269, in __init__
    raise RuntimeError("you cannot reuse the ChromeOptions object")
RuntimeError: you cannot reuse the ChromeOptions object
2025-10-27 00:54:27,301 - ERROR - Error on attempt 281: Failed to setup driver
Traceback (most recent call last):
  File "C:\laragon\www\dapokalsel\sekolah\import_url_kabupaten.pyw", line 435, in process_url_induk
    raise Exception("Failed to setup driver")
Exception: Failed to setup driver
2025-10-27 00:54:27,302 - INFO - Retry attempt 282/300...
2025-10-27 00:54:42,302 - INFO - Setting up Chrome driver...
2025-10-27 00:54:42,302 - INFO - Using profile directory: C:\Windows\Temp\chrome_scraper_profile
2025-10-27 00:54:42,302 - INFO - Initializing Chrome driver (attempt 1/3)...
2025-10-27 00:54:42,326 - ERROR - Attempt 1 failed: Binary Location Must be a String
2025-10-27 00:54:42,327 - INFO - Retrying in 5 seconds...
2025-10-27 00:54:47,328 - INFO - Initializing Chrome driver (attempt 2/3)...
2025-10-27 00:54:53,702 - INFO - patching driver executable C:\laragon\www\dapokalsel\sekolah\~\appdata\roaming\undetected_chromedriver\undetected_chromedriver.exe
2025-10-27 00:54:53,809 - ERROR - Attempt 2 failed: you cannot reuse the ChromeOptions object
2025-10-27 00:54:53,810 - INFO - Retrying in 5 seconds...
2025-10-27 00:54:58,810 - INFO - Initializing Chrome driver (attempt 3/3)...
2025-10-27 00:55:02,942 - INFO - patching driver executable C:\laragon\www\dapokalsel\sekolah\~\appdata\roaming\undetected_chromedriver\undetected_chromedriver.exe
2025-10-27 00:55:03,021 - ERROR - Attempt 3 failed: you cannot reuse the ChromeOptions object
2025-10-27 00:55:03,022 - ERROR - All attempts failed to setup driver
Traceback (most recent call last):
  File "C:\laragon\www\dapokalsel\sekolah\import_url_kabupaten.pyw", line 115, in setup_driver
    driver = uc.Chrome(
  File "C:\laragon\bin\python\python-3.10\lib\site-packages\undetected_chromedriver\__init__.py", line 269, in __init__
    raise RuntimeError("you cannot reuse the ChromeOptions object")
RuntimeError: you cannot reuse the ChromeOptions object
2025-10-27 00:55:03,022 - ERROR - Error on attempt 282: Failed to setup driver
Traceback (most recent call last):
  File "C:\laragon\www\dapokalsel\sekolah\import_url_kabupaten.pyw", line 435, in process_url_induk
    raise Exception("Failed to setup driver")
Exception: Failed to setup driver
2025-10-27 00:55:03,022 - INFO - Retry attempt 283/300...
2025-10-27 00:55:18,022 - INFO - Setting up Chrome driver...
2025-10-27 00:55:18,022 - INFO - Using profile directory: C:\Windows\Temp\chrome_scraper_profile
2025-10-27 00:55:18,022 - INFO - Initializing Chrome driver (attempt 1/3)...
2025-10-27 00:55:22,744 - INFO - patching driver executable C:\laragon\www\dapokalsel\sekolah\~\appdata\roaming\undetected_chromedriver\undetected_chromedriver.exe
2025-10-27 00:55:22,842 - ERROR - Attempt 1 failed: Binary Location Must be a String
2025-10-27 00:55:22,842 - INFO - Retrying in 5 seconds...
2025-10-27 00:55:27,842 - INFO - Initializing Chrome driver (attempt 2/3)...
2025-10-27 00:55:31,877 - INFO - patching driver executable C:\laragon\www\dapokalsel\sekolah\~\appdata\roaming\undetected_chromedriver\undetected_chromedriver.exe
2025-10-27 00:55:31,955 - ERROR - Attempt 2 failed: you cannot reuse the ChromeOptions object
2025-10-27 00:55:31,955 - INFO - Retrying in 5 seconds...
2025-10-27 00:55:36,955 - INFO - Initializing Chrome driver (attempt 3/3)...
2025-10-27 00:55:40,059 - INFO - patching driver executable C:\laragon\www\dapokalsel\sekolah\~\appdata\roaming\undetected_chromedriver\undetected_chromedriver.exe
2025-10-27 00:55:40,136 - ERROR - Attempt 3 failed: you cannot reuse the ChromeOptions object
2025-10-27 00:55:40,136 - ERROR - All attempts failed to setup driver
Traceback (most recent call last):
  File "C:\laragon\www\dapokalsel\sekolah\import_url_kabupaten.pyw", line 115, in setup_driver
    driver = uc.Chrome(
  File "C:\laragon\bin\python\python-3.10\lib\site-packages\undetected_chromedriver\__init__.py", line 269, in __init__
    raise RuntimeError("you cannot reuse the ChromeOptions object")
RuntimeError: you cannot reuse the ChromeOptions object
2025-10-27 00:55:40,137 - ERROR - Error on attempt 283: Failed to setup driver
Traceback (most recent call last):
  File "C:\laragon\www\dapokalsel\sekolah\import_url_kabupaten.pyw", line 435, in process_url_induk
    raise Exception("Failed to setup driver")
Exception: Failed to setup driver
2025-10-27 00:55:40,137 - INFO - Retry attempt 284/300...
2025-10-27 00:55:55,137 - INFO - Setting up Chrome driver...
2025-10-27 00:55:55,138 - INFO - Using profile directory: C:\Windows\Temp\chrome_scraper_profile
2025-10-27 00:55:55,138 - INFO - Initializing Chrome driver (attempt 1/3)...
2025-10-27 00:55:58,096 - INFO - patching driver executable C:\laragon\www\dapokalsel\sekolah\~\appdata\roaming\undetected_chromedriver\undetected_chromedriver.exe
2025-10-27 00:55:58,169 - ERROR - Attempt 1 failed: Binary Location Must be a String
2025-10-27 00:55:58,169 - INFO - Retrying in 5 seconds...
2025-10-27 00:56:03,170 - INFO - Initializing Chrome driver (attempt 2/3)...
2025-10-27 00:56:03,198 - ERROR - Attempt 2 failed: you cannot reuse the ChromeOptions object
2025-10-27 00:56:03,198 - INFO - Retrying in 5 seconds...
2025-10-27 00:56:08,198 - INFO - Initializing Chrome driver (attempt 3/3)...
2025-10-27 00:56:13,310 - INFO - patching driver executable C:\laragon\www\dapokalsel\sekolah\~\appdata\roaming\undetected_chromedriver\undetected_chromedriver.exe
2025-10-27 00:56:13,386 - ERROR - Attempt 3 failed: you cannot reuse the ChromeOptions object
2025-10-27 00:56:13,386 - ERROR - All attempts failed to setup driver
Traceback (most recent call last):
  File "C:\laragon\www\dapokalsel\sekolah\import_url_kabupaten.pyw", line 115, in setup_driver
    driver = uc.Chrome(
  File "C:\laragon\bin\python\python-3.10\lib\site-packages\undetected_chromedriver\__init__.py", line 269, in __init__
    raise RuntimeError("you cannot reuse the ChromeOptions object")
RuntimeError: you cannot reuse the ChromeOptions object
2025-10-27 00:56:13,387 - ERROR - Error on attempt 284: Failed to setup driver
Traceback (most recent call last):
  File "C:\laragon\www\dapokalsel\sekolah\import_url_kabupaten.pyw", line 435, in process_url_induk
    raise Exception("Failed to setup driver")
Exception: Failed to setup driver
2025-10-27 00:56:13,387 - INFO - Retry attempt 285/300...
2025-10-27 00:56:28,388 - INFO - Setting up Chrome driver...
2025-10-27 00:56:28,389 - INFO - Using profile directory: C:\Windows\Temp\chrome_scraper_profile
2025-10-27 00:56:28,389 - INFO - Initializing Chrome driver (attempt 1/3)...
2025-10-27 00:56:31,361 - INFO - patching driver executable C:\laragon\www\dapokalsel\sekolah\~\appdata\roaming\undetected_chromedriver\undetected_chromedriver.exe
2025-10-27 00:56:31,450 - ERROR - Attempt 1 failed: Binary Location Must be a String
2025-10-27 00:56:31,450 - INFO - Retrying in 5 seconds...
2025-10-27 00:56:36,450 - INFO - Initializing Chrome driver (attempt 2/3)...
2025-10-27 00:56:39,355 - INFO - patching driver executable C:\laragon\www\dapokalsel\sekolah\~\appdata\roaming\undetected_chromedriver\undetected_chromedriver.exe
2025-10-27 00:56:39,511 - ERROR - Attempt 2 failed: you cannot reuse the ChromeOptions object
2025-10-27 00:56:39,511 - INFO - Retrying in 5 seconds...
2025-10-27 00:56:44,512 - INFO - Initializing Chrome driver (attempt 3/3)...
2025-10-27 00:56:48,254 - INFO - patching driver executable C:\laragon\www\dapokalsel\sekolah\~\appdata\roaming\undetected_chromedriver\undetected_chromedriver.exe
2025-10-27 00:56:48,327 - ERROR - Attempt 3 failed: you cannot reuse the ChromeOptions object
2025-10-27 00:56:48,327 - ERROR - All attempts failed to setup driver
Traceback (most recent call last):
  File "C:\laragon\www\dapokalsel\sekolah\import_url_kabupaten.pyw", line 115, in setup_driver
    driver = uc.Chrome(
  File "C:\laragon\bin\python\python-3.10\lib\site-packages\undetected_chromedriver\__init__.py", line 269, in __init__
    raise RuntimeError("you cannot reuse the ChromeOptions object")
RuntimeError: you cannot reuse the ChromeOptions object
2025-10-27 00:56:48,327 - ERROR - Error on attempt 285: Failed to setup driver
Traceback (most recent call last):
  File "C:\laragon\www\dapokalsel\sekolah\import_url_kabupaten.pyw", line 435, in process_url_induk
    raise Exception("Failed to setup driver")
Exception: Failed to setup driver
2025-10-27 00:56:48,328 - INFO - Retry attempt 286/300...
2025-10-27 00:57:03,329 - INFO - Setting up Chrome driver...
2025-10-27 00:57:03,330 - INFO - Using profile directory: C:\Windows\Temp\chrome_scraper_profile
2025-10-27 00:57:03,330 - INFO - Initializing Chrome driver (attempt 1/3)...
2025-10-27 00:57:06,294 - INFO - patching driver executable C:\laragon\www\dapokalsel\sekolah\~\appdata\roaming\undetected_chromedriver\undetected_chromedriver.exe
2025-10-27 00:57:06,414 - ERROR - Attempt 1 failed: Binary Location Must be a String
2025-10-27 00:57:06,414 - INFO - Retrying in 5 seconds...
2025-10-27 00:57:11,414 - INFO - Initializing Chrome driver (attempt 2/3)...
2025-10-27 00:57:14,493 - INFO - patching driver executable C:\laragon\www\dapokalsel\sekolah\~\appdata\roaming\undetected_chromedriver\undetected_chromedriver.exe
2025-10-27 00:57:14,568 - ERROR - Attempt 2 failed: you cannot reuse the ChromeOptions object
2025-10-27 00:57:14,568 - INFO - Retrying in 5 seconds...
2025-10-27 00:57:19,568 - INFO - Initializing Chrome driver (attempt 3/3)...
2025-10-27 00:57:22,425 - INFO - patching driver executable C:\laragon\www\dapokalsel\sekolah\~\appdata\roaming\undetected_chromedriver\undetected_chromedriver.exe
2025-10-27 00:57:22,523 - ERROR - Attempt 3 failed: you cannot reuse the ChromeOptions object
2025-10-27 00:57:22,523 - ERROR - All attempts failed to setup driver
Traceback (most recent call last):
  File "C:\laragon\www\dapokalsel\sekolah\import_url_kabupaten.pyw", line 115, in setup_driver
    driver = uc.Chrome(
  File "C:\laragon\bin\python\python-3.10\lib\site-packages\undetected_chromedriver\__init__.py", line 269, in __init__
    raise RuntimeError("you cannot reuse the ChromeOptions object")
RuntimeError: you cannot reuse the ChromeOptions object
2025-10-27 00:57:22,523 - ERROR - Error on attempt 286: Failed to setup driver
Traceback (most recent call last):
  File "C:\laragon\www\dapokalsel\sekolah\import_url_kabupaten.pyw", line 435, in process_url_induk
    raise Exception("Failed to setup driver")
Exception: Failed to setup driver
2025-10-27 00:57:22,524 - INFO - Retry attempt 287/300...
2025-10-27 00:57:37,524 - INFO - Setting up Chrome driver...
2025-10-27 00:57:37,525 - INFO - Using profile directory: C:\Windows\Temp\chrome_scraper_profile
2025-10-27 00:57:37,526 - INFO - Initializing Chrome driver (attempt 1/3)...
2025-10-27 00:57:41,025 - INFO - patching driver executable C:\laragon\www\dapokalsel\sekolah\~\appdata\roaming\undetected_chromedriver\undetected_chromedriver.exe
2025-10-27 00:57:41,143 - ERROR - Attempt 1 failed: Binary Location Must be a String
2025-10-27 00:57:41,143 - INFO - Retrying in 5 seconds...
2025-10-27 00:57:46,143 - INFO - Initializing Chrome driver (attempt 2/3)...
2025-10-27 00:57:49,115 - INFO - patching driver executable C:\laragon\www\dapokalsel\sekolah\~\appdata\roaming\undetected_chromedriver\undetected_chromedriver.exe
2025-10-27 00:57:49,238 - ERROR - Attempt 2 failed: you cannot reuse the ChromeOptions object
2025-10-27 00:57:49,238 - INFO - Retrying in 5 seconds...
2025-10-27 00:57:54,239 - INFO - Initializing Chrome driver (attempt 3/3)...
2025-10-27 00:57:58,864 - INFO - patching driver executable C:\laragon\www\dapokalsel\sekolah\~\appdata\roaming\undetected_chromedriver\undetected_chromedriver.exe
2025-10-27 00:57:58,940 - ERROR - Attempt 3 failed: you cannot reuse the ChromeOptions object
2025-10-27 00:57:58,940 - ERROR - All attempts failed to setup driver
Traceback (most recent call last):
  File "C:\laragon\www\dapokalsel\sekolah\import_url_kabupaten.pyw", line 115, in setup_driver
    driver = uc.Chrome(
  File "C:\laragon\bin\python\python-3.10\lib\site-packages\undetected_chromedriver\__init__.py", line 269, in __init__
    raise RuntimeError("you cannot reuse the ChromeOptions object")
RuntimeError: you cannot reuse the ChromeOptions object
2025-10-27 00:57:58,941 - ERROR - Error on attempt 287: Failed to setup driver
Traceback (most recent call last):
  File "C:\laragon\www\dapokalsel\sekolah\import_url_kabupaten.pyw", line 435, in process_url_induk
    raise Exception("Failed to setup driver")
Exception: Failed to setup driver
2025-10-27 00:57:58,941 - INFO - Retry attempt 288/300...
2025-10-27 00:58:13,941 - INFO - Setting up Chrome driver...
2025-10-27 00:58:13,941 - INFO - Using profile directory: C:\Windows\Temp\chrome_scraper_profile
2025-10-27 00:58:13,942 - INFO - Initializing Chrome driver (attempt 1/3)...
2025-10-27 00:58:16,860 - INFO - patching driver executable C:\laragon\www\dapokalsel\sekolah\~\appdata\roaming\undetected_chromedriver\undetected_chromedriver.exe
2025-10-27 00:58:16,943 - ERROR - Attempt 1 failed: Binary Location Must be a String
2025-10-27 00:58:16,943 - INFO - Retrying in 5 seconds...
2025-10-27 00:58:21,944 - INFO - Initializing Chrome driver (attempt 2/3)...
2025-10-27 00:58:25,014 - INFO - patching driver executable C:\laragon\www\dapokalsel\sekolah\~\appdata\roaming\undetected_chromedriver\undetected_chromedriver.exe
2025-10-27 00:58:25,087 - ERROR - Attempt 2 failed: you cannot reuse the ChromeOptions object
2025-10-27 00:58:25,087 - INFO - Retrying in 5 seconds...
2025-10-27 00:58:30,087 - INFO - Initializing Chrome driver (attempt 3/3)...
2025-10-27 00:58:33,000 - INFO - patching driver executable C:\laragon\www\dapokalsel\sekolah\~\appdata\roaming\undetected_chromedriver\undetected_chromedriver.exe
2025-10-27 00:58:33,141 - ERROR - Attempt 3 failed: you cannot reuse the ChromeOptions object
2025-10-27 00:58:33,141 - ERROR - All attempts failed to setup driver
Traceback (most recent call last):
  File "C:\laragon\www\dapokalsel\sekolah\import_url_kabupaten.pyw", line 115, in setup_driver
    driver = uc.Chrome(
  File "C:\laragon\bin\python\python-3.10\lib\site-packages\undetected_chromedriver\__init__.py", line 269, in __init__
    raise RuntimeError("you cannot reuse the ChromeOptions object")
RuntimeError: you cannot reuse the ChromeOptions object
2025-10-27 00:58:33,141 - ERROR - Error on attempt 288: Failed to setup driver
Traceback (most recent call last):
  File "C:\laragon\www\dapokalsel\sekolah\import_url_kabupaten.pyw", line 435, in process_url_induk
    raise Exception("Failed to setup driver")
Exception: Failed to setup driver
2025-10-27 00:58:33,142 - INFO - Retry attempt 289/300...
2025-10-27 00:58:48,142 - INFO - Setting up Chrome driver...
2025-10-27 00:58:48,142 - INFO - Using profile directory: C:\Windows\Temp\chrome_scraper_profile
2025-10-27 00:58:48,143 - INFO - Initializing Chrome driver (attempt 1/3)...
2025-10-27 00:58:51,894 - INFO - patching driver executable C:\laragon\www\dapokalsel\sekolah\~\appdata\roaming\undetected_chromedriver\undetected_chromedriver.exe
2025-10-27 00:58:52,006 - ERROR - Attempt 1 failed: Binary Location Must be a String
2025-10-27 00:58:52,006 - INFO - Retrying in 5 seconds...
2025-10-27 00:58:57,006 - INFO - Initializing Chrome driver (attempt 2/3)...
2025-10-27 00:59:00,281 - INFO - patching driver executable C:\laragon\www\dapokalsel\sekolah\~\appdata\roaming\undetected_chromedriver\undetected_chromedriver.exe
2025-10-27 00:59:00,368 - ERROR - Attempt 2 failed: you cannot reuse the ChromeOptions object
2025-10-27 00:59:00,369 - INFO - Retrying in 5 seconds...
2025-10-27 00:59:05,369 - INFO - Initializing Chrome driver (attempt 3/3)...
2025-10-27 00:59:08,244 - INFO - patching driver executable C:\laragon\www\dapokalsel\sekolah\~\appdata\roaming\undetected_chromedriver\undetected_chromedriver.exe
2025-10-27 00:59:08,319 - ERROR - Attempt 3 failed: you cannot reuse the ChromeOptions object
2025-10-27 00:59:08,319 - ERROR - All attempts failed to setup driver
Traceback (most recent call last):
  File "C:\laragon\www\dapokalsel\sekolah\import_url_kabupaten.pyw", line 115, in setup_driver
    driver = uc.Chrome(
  File "C:\laragon\bin\python\python-3.10\lib\site-packages\undetected_chromedriver\__init__.py", line 269, in __init__
    raise RuntimeError("you cannot reuse the ChromeOptions object")
RuntimeError: you cannot reuse the ChromeOptions object
2025-10-27 00:59:08,320 - ERROR - Error on attempt 289: Failed to setup driver
Traceback (most recent call last):
  File "C:\laragon\www\dapokalsel\sekolah\import_url_kabupaten.pyw", line 435, in process_url_induk
    raise Exception("Failed to setup driver")
Exception: Failed to setup driver
2025-10-27 00:59:08,320 - INFO - Retry attempt 290/300...
2025-10-27 00:59:23,321 - INFO - Setting up Chrome driver...
2025-10-27 00:59:23,322 - INFO - Using profile directory: C:\Windows\Temp\chrome_scraper_profile
2025-10-27 00:59:23,322 - INFO - Initializing Chrome driver (attempt 1/3)...
2025-10-27 00:59:26,379 - INFO - patching driver executable C:\laragon\www\dapokalsel\sekolah\~\appdata\roaming\undetected_chromedriver\undetected_chromedriver.exe
2025-10-27 00:59:26,461 - ERROR - Attempt 1 failed: Binary Location Must be a String
2025-10-27 00:59:26,462 - INFO - Retrying in 5 seconds...
2025-10-27 00:59:31,463 - INFO - Initializing Chrome driver (attempt 2/3)...
2025-10-27 00:59:35,247 - INFO - patching driver executable C:\laragon\www\dapokalsel\sekolah\~\appdata\roaming\undetected_chromedriver\undetected_chromedriver.exe
2025-10-27 00:59:35,323 - ERROR - Attempt 2 failed: you cannot reuse the ChromeOptions object
2025-10-27 00:59:35,323 - INFO - Retrying in 5 seconds...
2025-10-27 00:59:40,323 - INFO - Initializing Chrome driver (attempt 3/3)...
2025-10-27 00:59:43,177 - INFO - patching driver executable C:\laragon\www\dapokalsel\sekolah\~\appdata\roaming\undetected_chromedriver\undetected_chromedriver.exe
2025-10-27 00:59:43,265 - ERROR - Attempt 3 failed: you cannot reuse the ChromeOptions object
2025-10-27 00:59:43,266 - ERROR - All attempts failed to setup driver
Traceback (most recent call last):
  File "C:\laragon\www\dapokalsel\sekolah\import_url_kabupaten.pyw", line 115, in setup_driver
    driver = uc.Chrome(
  File "C:\laragon\bin\python\python-3.10\lib\site-packages\undetected_chromedriver\__init__.py", line 269, in __init__
    raise RuntimeError("you cannot reuse the ChromeOptions object")
RuntimeError: you cannot reuse the ChromeOptions object
2025-10-27 00:59:43,266 - ERROR - Error on attempt 290: Failed to setup driver
Traceback (most recent call last):
  File "C:\laragon\www\dapokalsel\sekolah\import_url_kabupaten.pyw", line 435, in process_url_induk
    raise Exception("Failed to setup driver")
Exception: Failed to setup driver
2025-10-27 00:59:43,266 - INFO - Retry attempt 291/300...
2025-10-27 00:59:58,266 - INFO - Setting up Chrome driver...
2025-10-27 00:59:58,267 - INFO - Using profile directory: C:\Windows\Temp\chrome_scraper_profile
2025-10-27 00:59:58,267 - INFO - Initializing Chrome driver (attempt 1/3)...
2025-10-27 01:00:01,214 - INFO - patching driver executable C:\laragon\www\dapokalsel\sekolah\~\appdata\roaming\undetected_chromedriver\undetected_chromedriver.exe
2025-10-27 01:00:01,290 - ERROR - Attempt 1 failed: Binary Location Must be a String
2025-10-27 01:00:01,290 - INFO - Retrying in 5 seconds...
2025-10-27 01:00:06,291 - INFO - Initializing Chrome driver (attempt 2/3)...
2025-10-27 01:00:09,259 - INFO - patching driver executable C:\laragon\www\dapokalsel\sekolah\~\appdata\roaming\undetected_chromedriver\undetected_chromedriver.exe
2025-10-27 01:00:09,333 - ERROR - Attempt 2 failed: you cannot reuse the ChromeOptions object
2025-10-27 01:00:09,333 - INFO - Retrying in 5 seconds...
2025-10-27 01:00:14,333 - INFO - Initializing Chrome driver (attempt 3/3)...
2025-10-27 01:00:17,336 - INFO - patching driver executable C:\laragon\www\dapokalsel\sekolah\~\appdata\roaming\undetected_chromedriver\undetected_chromedriver.exe
2025-10-27 01:00:17,414 - ERROR - Attempt 3 failed: you cannot reuse the ChromeOptions object
2025-10-27 01:00:17,415 - ERROR - All attempts failed to setup driver
Traceback (most recent call last):
  File "C:\laragon\www\dapokalsel\sekolah\import_url_kabupaten.pyw", line 115, in setup_driver
    driver = uc.Chrome(
  File "C:\laragon\bin\python\python-3.10\lib\site-packages\undetected_chromedriver\__init__.py", line 269, in __init__
    raise RuntimeError("you cannot reuse the ChromeOptions object")
RuntimeError: you cannot reuse the ChromeOptions object
2025-10-27 01:00:17,415 - ERROR - Error on attempt 291: Failed to setup driver
Traceback (most recent call last):
  File "C:\laragon\www\dapokalsel\sekolah\import_url_kabupaten.pyw", line 435, in process_url_induk
    raise Exception("Failed to setup driver")
Exception: Failed to setup driver
2025-10-27 01:00:17,416 - INFO - Retry attempt 292/300...
2025-10-27 01:00:32,417 - INFO - Setting up Chrome driver...
2025-10-27 01:00:32,418 - INFO - Using profile directory: C:\Windows\Temp\chrome_scraper_profile
2025-10-27 01:00:32,418 - INFO - Initializing Chrome driver (attempt 1/3)...
2025-10-27 01:00:35,464 - INFO - patching driver executable C:\laragon\www\dapokalsel\sekolah\~\appdata\roaming\undetected_chromedriver\undetected_chromedriver.exe
2025-10-27 01:00:35,537 - ERROR - Attempt 1 failed: Binary Location Must be a String
2025-10-27 01:00:35,537 - INFO - Retrying in 5 seconds...
2025-10-27 01:00:40,537 - INFO - Initializing Chrome driver (attempt 2/3)...
2025-10-27 01:00:43,520 - INFO - patching driver executable C:\laragon\www\dapokalsel\sekolah\~\appdata\roaming\undetected_chromedriver\undetected_chromedriver.exe
2025-10-27 01:00:43,591 - ERROR - Attempt 2 failed: you cannot reuse the ChromeOptions object
2025-10-27 01:00:43,591 - INFO - Retrying in 5 seconds...
2025-10-27 01:00:48,592 - INFO - Initializing Chrome driver (attempt 3/3)...
2025-10-27 01:00:51,870 - INFO - patching driver executable C:\laragon\www\dapokalsel\sekolah\~\appdata\roaming\undetected_chromedriver\undetected_chromedriver.exe
2025-10-27 01:00:51,958 - ERROR - Attempt 3 failed: you cannot reuse the ChromeOptions object
2025-10-27 01:00:51,958 - ERROR - All attempts failed to setup driver
Traceback (most recent call last):
  File "C:\laragon\www\dapokalsel\sekolah\import_url_kabupaten.pyw", line 115, in setup_driver
    driver = uc.Chrome(
  File "C:\laragon\bin\python\python-3.10\lib\site-packages\undetected_chromedriver\__init__.py", line 269, in __init__
    raise RuntimeError("you cannot reuse the ChromeOptions object")
RuntimeError: you cannot reuse the ChromeOptions object
2025-10-27 01:00:51,959 - ERROR - Error on attempt 292: Failed to setup driver
Traceback (most recent call last):
  File "C:\laragon\www\dapokalsel\sekolah\import_url_kabupaten.pyw", line 435, in process_url_induk
    raise Exception("Failed to setup driver")
Exception: Failed to setup driver
2025-10-27 01:00:51,959 - INFO - Retry attempt 293/300...
2025-10-27 01:01:06,959 - INFO - Setting up Chrome driver...
2025-10-27 01:01:06,959 - INFO - Using profile directory: C:\Windows\Temp\chrome_scraper_profile
2025-10-27 01:01:06,959 - INFO - Initializing Chrome driver (attempt 1/3)...
2025-10-27 01:01:10,069 - INFO - patching driver executable C:\laragon\www\dapokalsel\sekolah\~\appdata\roaming\undetected_chromedriver\undetected_chromedriver.exe
2025-10-27 01:01:10,142 - ERROR - Attempt 1 failed: Binary Location Must be a String
2025-10-27 01:01:10,143 - INFO - Retrying in 5 seconds...
2025-10-27 01:01:15,143 - INFO - Initializing Chrome driver (attempt 2/3)...
2025-10-27 01:01:18,523 - ERROR - Attempt 2 failed: [WinError 183] Cannot create a file when that file already exists: 'C:\\laragon\\www\\dapokalsel\\sekolah\\~\\appdata\\roaming\\undetected_chromedriver\\undetected\\chromedriver-win32\\chromedriver.exe' -> 'C:\\laragon\\www\\dapokalsel\\sekolah\\~\\appdata\\roaming\\undetected_chromedriver\\undetected_chromedriver.exe'
2025-10-27 01:01:18,523 - INFO - Retrying in 5 seconds...
2025-10-27 01:01:23,524 - INFO - Initializing Chrome driver (attempt 3/3)...
2025-10-27 01:01:27,917 - ERROR - Attempt 3 failed: [WinError 183] Cannot create a file when that file already exists: 'C:\\laragon\\www\\dapokalsel\\sekolah\\~\\appdata\\roaming\\undetected_chromedriver\\undetected\\chromedriver-win32\\chromedriver.exe' -> 'C:\\laragon\\www\\dapokalsel\\sekolah\\~\\appdata\\roaming\\undetected_chromedriver\\undetected_chromedriver.exe'
2025-10-27 01:01:27,918 - ERROR - All attempts failed to setup driver
Traceback (most recent call last):
  File "C:\laragon\www\dapokalsel\sekolah\import_url_kabupaten.pyw", line 115, in setup_driver
    driver = uc.Chrome(
  File "C:\laragon\bin\python\python-3.10\lib\site-packages\undetected_chromedriver\__init__.py", line 258, in __init__
    self.patcher.auto()
  File "C:\laragon\bin\python\python-3.10\lib\site-packages\undetected_chromedriver\patcher.py", line 178, in auto
    self.unzip_package(self.fetch_package())
  File "C:\laragon\bin\python\python-3.10\lib\site-packages\undetected_chromedriver\patcher.py", line 310, in unzip_package
    os.rename(os.path.join(self.zip_path, exe_path), self.executable_path)
FileExistsError: [WinError 183] Cannot create a file when that file already exists: 'C:\\laragon\\www\\dapokalsel\\sekolah\\~\\appdata\\roaming\\undetected_chromedriver\\undetected\\chromedriver-win32\\chromedriver.exe' -> 'C:\\laragon\\www\\dapokalsel\\sekolah\\~\\appdata\\roaming\\undetected_chromedriver\\undetected_chromedriver.exe'
2025-10-27 01:01:27,919 - ERROR - Error on attempt 293: Failed to setup driver
Traceback (most recent call last):
  File "C:\laragon\www\dapokalsel\sekolah\import_url_kabupaten.pyw", line 435, in process_url_induk
    raise Exception("Failed to setup driver")
Exception: Failed to setup driver
2025-10-27 01:01:27,919 - INFO - Retry attempt 294/300...
2025-10-27 01:01:42,920 - INFO - Setting up Chrome driver...
2025-10-27 01:01:42,920 - INFO - Using profile directory: C:\Windows\Temp\chrome_scraper_profile
2025-10-27 01:01:42,921 - INFO - Initializing Chrome driver (attempt 1/3)...
2025-10-27 01:01:47,045 - INFO - patching driver executable C:\laragon\www\dapokalsel\sekolah\~\appdata\roaming\undetected_chromedriver\undetected_chromedriver.exe
2025-10-27 01:01:47,149 - ERROR - Attempt 1 failed: Binary Location Must be a String
2025-10-27 01:01:47,149 - INFO - Retrying in 5 seconds...
2025-10-27 01:01:52,150 - INFO - Initializing Chrome driver (attempt 2/3)...
2025-10-27 01:01:55,087 - INFO - patching driver executable C:\laragon\www\dapokalsel\sekolah\~\appdata\roaming\undetected_chromedriver\undetected_chromedriver.exe
2025-10-27 01:01:55,159 - ERROR - Attempt 2 failed: you cannot reuse the ChromeOptions object
2025-10-27 01:01:55,159 - INFO - Retrying in 5 seconds...
2025-10-27 01:02:00,160 - INFO - Initializing Chrome driver (attempt 3/3)...
2025-10-27 01:02:04,405 - INFO - patching driver executable C:\laragon\www\dapokalsel\sekolah\~\appdata\roaming\undetected_chromedriver\undetected_chromedriver.exe
2025-10-27 01:02:04,478 - ERROR - Attempt 3 failed: you cannot reuse the ChromeOptions object
2025-10-27 01:02:04,478 - ERROR - All attempts failed to setup driver
Traceback (most recent call last):
  File "C:\laragon\www\dapokalsel\sekolah\import_url_kabupaten.pyw", line 115, in setup_driver
    driver = uc.Chrome(
  File "C:\laragon\bin\python\python-3.10\lib\site-packages\undetected_chromedriver\__init__.py", line 269, in __init__
    raise RuntimeError("you cannot reuse the ChromeOptions object")
RuntimeError: you cannot reuse the ChromeOptions object
2025-10-27 01:02:04,479 - ERROR - Error on attempt 294: Failed to setup driver
Traceback (most recent call last):
  File "C:\laragon\www\dapokalsel\sekolah\import_url_kabupaten.pyw", line 435, in process_url_induk
    raise Exception("Failed to setup driver")
Exception: Failed to setup driver
2025-10-27 01:02:04,479 - INFO - Retry attempt 295/300...
2025-10-27 01:02:19,479 - INFO - Setting up Chrome driver...
2025-10-27 01:02:19,480 - INFO - Using profile directory: C:\Windows\Temp\chrome_scraper_profile
2025-10-27 01:02:19,480 - INFO - Initializing Chrome driver (attempt 1/3)...
2025-10-27 01:02:22,543 - INFO - patching driver executable C:\laragon\www\dapokalsel\sekolah\~\appdata\roaming\undetected_chromedriver\undetected_chromedriver.exe
2025-10-27 01:02:22,618 - ERROR - Attempt 1 failed: Binary Location Must be a String
2025-10-27 01:02:22,618 - INFO - Retrying in 5 seconds...
2025-10-27 01:02:27,618 - INFO - Initializing Chrome driver (attempt 2/3)...
2025-10-27 01:02:30,515 - INFO - patching driver executable C:\laragon\www\dapokalsel\sekolah\~\appdata\roaming\undetected_chromedriver\undetected_chromedriver.exe
2025-10-27 01:02:30,607 - ERROR - Attempt 2 failed: you cannot reuse the ChromeOptions object
2025-10-27 01:02:30,607 - INFO - Retrying in 5 seconds...
2025-10-27 01:02:35,607 - INFO - Initializing Chrome driver (attempt 3/3)...
2025-10-27 01:02:38,777 - INFO - patching driver executable C:\laragon\www\dapokalsel\sekolah\~\appdata\roaming\undetected_chromedriver\undetected_chromedriver.exe
2025-10-27 01:02:38,889 - ERROR - Attempt 3 failed: you cannot reuse the ChromeOptions object
2025-10-27 01:02:38,889 - ERROR - All attempts failed to setup driver
Traceback (most recent call last):
  File "C:\laragon\www\dapokalsel\sekolah\import_url_kabupaten.pyw", line 115, in setup_driver
    driver = uc.Chrome(
  File "C:\laragon\bin\python\python-3.10\lib\site-packages\undetected_chromedriver\__init__.py", line 269, in __init__
    raise RuntimeError("you cannot reuse the ChromeOptions object")
RuntimeError: you cannot reuse the ChromeOptions object
2025-10-27 01:02:38,889 - ERROR - Error on attempt 295: Failed to setup driver
Traceback (most recent call last):
  File "C:\laragon\www\dapokalsel\sekolah\import_url_kabupaten.pyw", line 435, in process_url_induk
    raise Exception("Failed to setup driver")
Exception: Failed to setup driver
2025-10-27 01:02:38,889 - INFO - Retry attempt 296/300...
2025-10-27 01:02:53,891 - INFO - Setting up Chrome driver...
2025-10-27 01:02:53,891 - INFO - Using profile directory: C:\Windows\Temp\chrome_scraper_profile
2025-10-27 01:02:53,891 - INFO - Initializing Chrome driver (attempt 1/3)...
2025-10-27 01:02:56,978 - INFO - patching driver executable C:\laragon\www\dapokalsel\sekolah\~\appdata\roaming\undetected_chromedriver\undetected_chromedriver.exe
2025-10-27 01:02:57,059 - ERROR - Attempt 1 failed: Binary Location Must be a String
2025-10-27 01:02:57,059 - INFO - Retrying in 5 seconds...
2025-10-27 01:03:02,060 - INFO - Initializing Chrome driver (attempt 2/3)...
2025-10-27 01:03:04,914 - INFO - patching driver executable C:\laragon\www\dapokalsel\sekolah\~\appdata\roaming\undetected_chromedriver\undetected_chromedriver.exe
2025-10-27 01:03:04,999 - ERROR - Attempt 2 failed: you cannot reuse the ChromeOptions object
2025-10-27 01:03:04,999 - INFO - Retrying in 5 seconds...
2025-10-27 01:03:10,000 - INFO - Initializing Chrome driver (attempt 3/3)...
2025-10-27 01:03:13,031 - INFO - patching driver executable C:\laragon\www\dapokalsel\sekolah\~\appdata\roaming\undetected_chromedriver\undetected_chromedriver.exe
2025-10-27 01:03:13,115 - ERROR - Attempt 3 failed: you cannot reuse the ChromeOptions object
2025-10-27 01:03:13,116 - ERROR - All attempts failed to setup driver
Traceback (most recent call last):
  File "C:\laragon\www\dapokalsel\sekolah\import_url_kabupaten.pyw", line 115, in setup_driver
    driver = uc.Chrome(
  File "C:\laragon\bin\python\python-3.10\lib\site-packages\undetected_chromedriver\__init__.py", line 269, in __init__
    raise RuntimeError("you cannot reuse the ChromeOptions object")
RuntimeError: you cannot reuse the ChromeOptions object
2025-10-27 01:03:13,116 - ERROR - Error on attempt 296: Failed to setup driver
Traceback (most recent call last):
  File "C:\laragon\www\dapokalsel\sekolah\import_url_kabupaten.pyw", line 435, in process_url_induk
    raise Exception("Failed to setup driver")
Exception: Failed to setup driver
2025-10-27 01:03:13,116 - INFO - Retry attempt 297/300...
2025-10-27 01:03:28,116 - INFO - Setting up Chrome driver...
2025-10-27 01:03:28,117 - INFO - Using profile directory: C:\Windows\Temp\chrome_scraper_profile
2025-10-27 01:03:28,117 - INFO - Initializing Chrome driver (attempt 1/3)...
2025-10-27 01:03:31,916 - INFO - patching driver executable C:\laragon\www\dapokalsel\sekolah\~\appdata\roaming\undetected_chromedriver\undetected_chromedriver.exe
2025-10-27 01:03:31,996 - ERROR - Attempt 1 failed: Binary Location Must be a String
2025-10-27 01:03:31,996 - INFO - Retrying in 5 seconds...
2025-10-27 01:03:36,996 - INFO - Initializing Chrome driver (attempt 2/3)...
2025-10-27 01:03:41,321 - ERROR - Attempt 2 failed: [WinError 183] Cannot create a file when that file already exists: 'C:\\laragon\\www\\dapokalsel\\sekolah\\~\\appdata\\roaming\\undetected_chromedriver\\undetected\\chromedriver-win32\\chromedriver.exe' -> 'C:\\laragon\\www\\dapokalsel\\sekolah\\~\\appdata\\roaming\\undetected_chromedriver\\undetected_chromedriver.exe'
2025-10-27 01:03:41,321 - INFO - Retrying in 5 seconds...
2025-10-27 01:03:46,322 - INFO - Initializing Chrome driver (attempt 3/3)...
2025-10-27 01:03:50,863 - INFO - patching driver executable C:\laragon\www\dapokalsel\sekolah\~\appdata\roaming\undetected_chromedriver\undetected_chromedriver.exe
2025-10-27 01:03:50,935 - ERROR - Attempt 3 failed: you cannot reuse the ChromeOptions object
2025-10-27 01:03:50,936 - ERROR - All attempts failed to setup driver
Traceback (most recent call last):
  File "C:\laragon\www\dapokalsel\sekolah\import_url_kabupaten.pyw", line 115, in setup_driver
    driver = uc.Chrome(
  File "C:\laragon\bin\python\python-3.10\lib\site-packages\undetected_chromedriver\__init__.py", line 269, in __init__
    raise RuntimeError("you cannot reuse the ChromeOptions object")
RuntimeError: you cannot reuse the ChromeOptions object
2025-10-27 01:03:50,936 - ERROR - Error on attempt 297: Failed to setup driver
Traceback (most recent call last):
  File "C:\laragon\www\dapokalsel\sekolah\import_url_kabupaten.pyw", line 435, in process_url_induk
    raise Exception("Failed to setup driver")
Exception: Failed to setup driver
2025-10-27 01:03:50,937 - INFO - Retry attempt 298/300...
2025-10-27 01:04:05,938 - INFO - Setting up Chrome driver...
2025-10-27 01:04:05,938 - INFO - Using profile directory: C:\Windows\Temp\chrome_scraper_profile
2025-10-27 01:04:05,938 - INFO - Initializing Chrome driver (attempt 1/3)...
2025-10-27 01:04:08,956 - INFO - patching driver executable C:\laragon\www\dapokalsel\sekolah\~\appdata\roaming\undetected_chromedriver\undetected_chromedriver.exe
2025-10-27 01:04:09,037 - ERROR - Attempt 1 failed: Binary Location Must be a String
2025-10-27 01:04:09,037 - INFO - Retrying in 5 seconds...
2025-10-27 01:04:14,038 - INFO - Initializing Chrome driver (attempt 2/3)...
2025-10-27 01:04:21,635 - INFO - patching driver executable C:\laragon\www\dapokalsel\sekolah\~\appdata\roaming\undetected_chromedriver\undetected_chromedriver.exe
2025-10-27 01:04:21,731 - ERROR - Attempt 2 failed: you cannot reuse the ChromeOptions object
2025-10-27 01:04:21,732 - INFO - Retrying in 5 seconds...
2025-10-27 01:04:26,733 - INFO - Initializing Chrome driver (attempt 3/3)...
2025-10-27 01:04:30,021 - INFO - patching driver executable C:\laragon\www\dapokalsel\sekolah\~\appdata\roaming\undetected_chromedriver\undetected_chromedriver.exe
2025-10-27 01:04:30,100 - ERROR - Attempt 3 failed: you cannot reuse the ChromeOptions object
2025-10-27 01:04:30,100 - ERROR - All attempts failed to setup driver
Traceback (most recent call last):
  File "C:\laragon\www\dapokalsel\sekolah\import_url_kabupaten.pyw", line 115, in setup_driver
    driver = uc.Chrome(
  File "C:\laragon\bin\python\python-3.10\lib\site-packages\undetected_chromedriver\__init__.py", line 269, in __init__
    raise RuntimeError("you cannot reuse the ChromeOptions object")
RuntimeError: you cannot reuse the ChromeOptions object
2025-10-27 01:04:30,101 - ERROR - Error on attempt 298: Failed to setup driver
Traceback (most recent call last):
  File "C:\laragon\www\dapokalsel\sekolah\import_url_kabupaten.pyw", line 435, in process_url_induk
    raise Exception("Failed to setup driver")
Exception: Failed to setup driver
2025-10-27 01:04:30,101 - INFO - Retry attempt 299/300...
2025-10-27 01:04:45,101 - INFO - Setting up Chrome driver...
2025-10-27 01:04:45,101 - INFO - Using profile directory: C:\Windows\Temp\chrome_scraper_profile
2025-10-27 01:04:45,101 - INFO - Initializing Chrome driver (attempt 1/3)...
2025-10-27 01:04:48,404 - INFO - patching driver executable C:\laragon\www\dapokalsel\sekolah\~\appdata\roaming\undetected_chromedriver\undetected_chromedriver.exe
2025-10-27 01:04:48,475 - ERROR - Attempt 1 failed: Binary Location Must be a String
2025-10-27 01:04:48,475 - INFO - Retrying in 5 seconds...
2025-10-27 01:04:53,476 - INFO - Initializing Chrome driver (attempt 2/3)...
2025-10-27 01:04:58,585 - INFO - patching driver executable C:\laragon\www\dapokalsel\sekolah\~\appdata\roaming\undetected_chromedriver\undetected_chromedriver.exe
2025-10-27 01:04:58,696 - ERROR - Attempt 2 failed: you cannot reuse the ChromeOptions object
2025-10-27 01:04:58,696 - INFO - Retrying in 5 seconds...
2025-10-27 01:05:03,697 - INFO - Initializing Chrome driver (attempt 3/3)...
2025-10-27 01:05:06,755 - INFO - patching driver executable C:\laragon\www\dapokalsel\sekolah\~\appdata\roaming\undetected_chromedriver\undetected_chromedriver.exe
2025-10-27 01:05:06,875 - ERROR - Attempt 3 failed: you cannot reuse the ChromeOptions object
2025-10-27 01:05:06,875 - ERROR - All attempts failed to setup driver
Traceback (most recent call last):
  File "C:\laragon\www\dapokalsel\sekolah\import_url_kabupaten.pyw", line 115, in setup_driver
    driver = uc.Chrome(
  File "C:\laragon\bin\python\python-3.10\lib\site-packages\undetected_chromedriver\__init__.py", line 269, in __init__
    raise RuntimeError("you cannot reuse the ChromeOptions object")
RuntimeError: you cannot reuse the ChromeOptions object
2025-10-27 01:05:06,876 - ERROR - Error on attempt 299: Failed to setup driver
Traceback (most recent call last):
  File "C:\laragon\www\dapokalsel\sekolah\import_url_kabupaten.pyw", line 435, in process_url_induk
    raise Exception("Failed to setup driver")
Exception: Failed to setup driver
2025-10-27 01:05:06,876 - INFO - Retry attempt 300/300...
2025-10-27 01:05:21,877 - INFO - Setting up Chrome driver...
2025-10-27 01:05:21,877 - INFO - Using profile directory: C:\Windows\Temp\chrome_scraper_profile
2025-10-27 01:05:21,877 - INFO - Initializing Chrome driver (attempt 1/3)...
2025-10-27 01:05:24,887 - INFO - patching driver executable C:\laragon\www\dapokalsel\sekolah\~\appdata\roaming\undetected_chromedriver\undetected_chromedriver.exe
2025-10-27 01:05:24,959 - ERROR - Attempt 1 failed: Binary Location Must be a String
2025-10-27 01:05:24,959 - INFO - Retrying in 5 seconds...
2025-10-27 01:05:29,959 - INFO - Initializing Chrome driver (attempt 2/3)...
2025-10-27 01:05:34,484 - INFO - patching driver executable C:\laragon\www\dapokalsel\sekolah\~\appdata\roaming\undetected_chromedriver\undetected_chromedriver.exe
2025-10-27 01:05:34,559 - ERROR - Attempt 2 failed: you cannot reuse the ChromeOptions object
2025-10-27 01:05:34,559 - INFO - Retrying in 5 seconds...
2025-10-27 01:05:39,560 - INFO - Initializing Chrome driver (attempt 3/3)...
2025-10-27 01:05:42,972 - INFO - patching driver executable C:\laragon\www\dapokalsel\sekolah\~\appdata\roaming\undetected_chromedriver\undetected_chromedriver.exe
2025-10-27 01:05:43,063 - ERROR - Attempt 3 failed: you cannot reuse the ChromeOptions object
2025-10-27 01:05:43,064 - ERROR - All attempts failed to setup driver
Traceback (most recent call last):
  File "C:\laragon\www\dapokalsel\sekolah\import_url_kabupaten.pyw", line 115, in setup_driver
    driver = uc.Chrome(
  File "C:\laragon\bin\python\python-3.10\lib\site-packages\undetected_chromedriver\__init__.py", line 269, in __init__
    raise RuntimeError("you cannot reuse the ChromeOptions object")
RuntimeError: you cannot reuse the ChromeOptions object
2025-10-27 01:05:43,064 - ERROR - Error on attempt 300: Failed to setup driver
Traceback (most recent call last):
  File "C:\laragon\www\dapokalsel\sekolah\import_url_kabupaten.pyw", line 435, in process_url_induk
    raise Exception("Failed to setup driver")
Exception: Failed to setup driver
2025-10-27 01:05:43,155 - INFO - Updated log entry, affected rows: 1
--- Logging error ---
Traceback (most recent call last):
  File "C:\laragon\bin\python\python-3.10\lib\logging\__init__.py", line 1103, in emit
    stream.write(msg + self.terminator)
  File "C:\laragon\bin\python\python-3.10\lib\encodings\cp1252.py", line 19, in encode
    return codecs.charmap_encode(input,self.errors,encoding_table)[0]
UnicodeEncodeError: 'charmap' codec can't encode character '\u274c' in position 34: character maps to <undefined>
Call stack:
  File "C:\laragon\www\dapokalsel\sekolah\import_url_kabupaten.pyw", line 538, in <module>
    main()
  File "C:\laragon\www\dapokalsel\sekolah\import_url_kabupaten.pyw", line 512, in main
    if process_url_induk(logger, url_induk_data, args.max_retries, args.user_id):
  File "C:\laragon\www\dapokalsel\sekolah\import_url_kabupaten.pyw", line 476, in process_url_induk
    logger.error(f"\u274c FAILED: Kabupaten processing for URL Induk ID {url_induk_id} after {max_retries} attempts")
Message: '\u274c FAILED: Kabupaten processing for URL Induk ID 5 after 300 attempts'
Arguments: ()
2025-10-27 01:05:43,392 - INFO - 
================================================================================
2025-10-27 01:05:43,392 - INFO - KABUPATEN IMPORT SUMMARY
2025-10-27 01:05:43,393 - INFO - ================================================================================
2025-10-27 01:05:43,394 - INFO - Total URL Induk Processed: 1
2025-10-27 01:05:43,394 - INFO - Successful: 0
2025-10-27 01:05:43,394 - INFO - Failed: 1
2025-10-27 01:05:43,395 - INFO - ================================================================================
--- Logging error ---
Traceback (most recent call last):
  File "C:\laragon\bin\python\python-3.10\lib\logging\__init__.py", line 1103, in emit
    stream.write(msg + self.terminator)
  File "C:\laragon\bin\python\python-3.10\lib\encodings\cp1252.py", line 19, in encode
    return codecs.charmap_encode(input,self.errors,encoding_table)[0]
UnicodeEncodeError: 'charmap' codec can't encode character '\u274c' in position 34: character maps to <undefined>
Call stack:
  File "C:\laragon\www\dapokalsel\sekolah\import_url_kabupaten.pyw", line 538, in <module>
    main()
  File "C:\laragon\www\dapokalsel\sekolah\import_url_kabupaten.pyw", line 527, in main
    logger.error("\u274c Kabupaten import completed with failures")
Message: '\u274c Kabupaten import completed with failures'
Arguments: ()
