2025-10-26 20:45:08,954 - INFO - Logging initialized: C:\laragon\www\dapokalsel\logs\kabupaten_import.log
2025-10-26 20:45:08,954 - INFO - Project root: C:\laragon\www\dapokalsel
2025-10-26 20:45:08,954 - INFO - ================================================================================
2025-10-26 20:45:08,954 - INFO - STARTING KABUPATEN IMPORT
2025-10-26 20:45:08,954 - INFO - ================================================================================
2025-10-26 20:45:08,954 - INFO - Arguments: Namespace(url_induk_id=5, max_retries=300, user_id=1)
2025-10-26 20:45:08,987 - INFO - Found 1 active URL induk
2025-10-26 20:45:08,987 - INFO - 
============================================================
2025-10-26 20:45:08,987 - INFO - Processing URL Induk ID: 5
2025-10-26 20:45:08,987 - INFO - URL: https://dapo.kemendikdasmen.go.id/sp/1/150000
2025-10-26 20:45:08,987 - INFO - Description: URL Induk Dapodik - 2025-10-25 18:54:25
2025-10-26 20:45:08,987 - INFO - ============================================================
2025-10-26 20:45:09,071 - INFO - Created log entry with ID: 175
2025-10-26 20:45:09,071 - INFO - Setting up Chrome driver...
2025-10-26 20:45:09,071 - INFO - Using profile directory: C:\laragon\www\dapokalsel\chrome_profile
2025-10-26 20:45:09,071 - INFO - Initializing undetected Chrome driver...
2025-10-26 20:45:12,900 - INFO - patching driver executable C:\laragon\www\dapokalsel\sekolah\~\appdata\roaming\undetected_chromedriver\undetected_chromedriver.exe
2025-10-26 20:45:12,994 - ERROR - Failed to setup driver: Binary Location Must be a String
Traceback (most recent call last):
  File "C:\laragon\www\dapokalsel\sekolah\import_url_kabupaten.pyw", line 92, in setup_driver
    driver = uc.Chrome(
  File "C:\laragon\bin\python\python-3.10\lib\site-packages\undetected_chromedriver\__init__.py", line 372, in __init__
    options.binary_location = (
  File "C:\laragon\bin\python\python-3.10\lib\site-packages\selenium\webdriver\chromium\options.py", line 52, in binary_location
    raise TypeError(self.BINARY_LOCATION_ERROR)
TypeError: Binary Location Must be a String
2025-10-26 20:45:12,997 - ERROR - Error on attempt 1: Failed to setup driver
Traceback (most recent call last):
  File "C:\laragon\www\dapokalsel\sekolah\import_url_kabupaten.pyw", line 388, in process_url_induk
    raise Exception("Failed to setup driver")
Exception: Failed to setup driver
2025-10-26 20:45:12,998 - INFO - Retry attempt 2/300...
2025-10-26 20:45:28,013 - INFO - Setting up Chrome driver...
2025-10-26 20:45:28,013 - INFO - Using profile directory: C:\laragon\www\dapokalsel\chrome_profile
2025-10-26 20:45:28,013 - INFO - Initializing undetected Chrome driver...
2025-10-26 20:45:36,298 - INFO - patching driver executable C:\laragon\www\dapokalsel\sekolah\~\appdata\roaming\undetected_chromedriver\undetected_chromedriver.exe
2025-10-26 20:45:36,376 - ERROR - Failed to setup driver: Binary Location Must be a String
Traceback (most recent call last):
  File "C:\laragon\www\dapokalsel\sekolah\import_url_kabupaten.pyw", line 92, in setup_driver
    driver = uc.Chrome(
  File "C:\laragon\bin\python\python-3.10\lib\site-packages\undetected_chromedriver\__init__.py", line 372, in __init__
    options.binary_location = (
  File "C:\laragon\bin\python\python-3.10\lib\site-packages\selenium\webdriver\chromium\options.py", line 52, in binary_location
    raise TypeError(self.BINARY_LOCATION_ERROR)
TypeError: Binary Location Must be a String
2025-10-26 20:45:36,376 - ERROR - Error on attempt 2: Failed to setup driver
Traceback (most recent call last):
  File "C:\laragon\www\dapokalsel\sekolah\import_url_kabupaten.pyw", line 388, in process_url_induk
    raise Exception("Failed to setup driver")
Exception: Failed to setup driver
2025-10-26 20:45:36,376 - INFO - Retry attempt 3/300...
2025-10-26 20:45:51,377 - INFO - Setting up Chrome driver...
2025-10-26 20:45:51,377 - INFO - Using profile directory: C:\laragon\www\dapokalsel\chrome_profile
2025-10-26 20:45:51,377 - INFO - Initializing undetected Chrome driver...
2025-10-26 20:45:57,253 - INFO - patching driver executable C:\laragon\www\dapokalsel\sekolah\~\appdata\roaming\undetected_chromedriver\undetected_chromedriver.exe
2025-10-26 20:45:57,321 - ERROR - Failed to setup driver: Binary Location Must be a String
Traceback (most recent call last):
  File "C:\laragon\www\dapokalsel\sekolah\import_url_kabupaten.pyw", line 92, in setup_driver
    driver = uc.Chrome(
  File "C:\laragon\bin\python\python-3.10\lib\site-packages\undetected_chromedriver\__init__.py", line 372, in __init__
    options.binary_location = (
  File "C:\laragon\bin\python\python-3.10\lib\site-packages\selenium\webdriver\chromium\options.py", line 52, in binary_location
    raise TypeError(self.BINARY_LOCATION_ERROR)
TypeError: Binary Location Must be a String
2025-10-26 20:45:57,321 - ERROR - Error on attempt 3: Failed to setup driver
Traceback (most recent call last):
  File "C:\laragon\www\dapokalsel\sekolah\import_url_kabupaten.pyw", line 388, in process_url_induk
    raise Exception("Failed to setup driver")
Exception: Failed to setup driver
2025-10-26 20:45:57,321 - INFO - Retry attempt 4/300...
2025-10-26 20:46:12,328 - INFO - Setting up Chrome driver...
2025-10-26 20:46:12,328 - INFO - Using profile directory: C:\laragon\www\dapokalsel\chrome_profile
2025-10-26 20:46:12,328 - INFO - Initializing undetected Chrome driver...
2025-10-26 20:46:17,180 - INFO - patching driver executable C:\laragon\www\dapokalsel\sekolah\~\appdata\roaming\undetected_chromedriver\undetected_chromedriver.exe
2025-10-26 20:46:17,262 - ERROR - Failed to setup driver: Binary Location Must be a String
Traceback (most recent call last):
  File "C:\laragon\www\dapokalsel\sekolah\import_url_kabupaten.pyw", line 92, in setup_driver
    driver = uc.Chrome(
  File "C:\laragon\bin\python\python-3.10\lib\site-packages\undetected_chromedriver\__init__.py", line 372, in __init__
    options.binary_location = (
  File "C:\laragon\bin\python\python-3.10\lib\site-packages\selenium\webdriver\chromium\options.py", line 52, in binary_location
    raise TypeError(self.BINARY_LOCATION_ERROR)
TypeError: Binary Location Must be a String
2025-10-26 20:46:17,262 - ERROR - Error on attempt 4: Failed to setup driver
Traceback (most recent call last):
  File "C:\laragon\www\dapokalsel\sekolah\import_url_kabupaten.pyw", line 388, in process_url_induk
    raise Exception("Failed to setup driver")
Exception: Failed to setup driver
2025-10-26 20:46:17,262 - INFO - Retry attempt 5/300...
2025-10-26 20:46:32,284 - INFO - Setting up Chrome driver...
2025-10-26 20:46:32,285 - INFO - Using profile directory: C:\laragon\www\dapokalsel\chrome_profile
2025-10-26 20:46:32,285 - INFO - Initializing undetected Chrome driver...
2025-10-26 20:46:41,651 - INFO - patching driver executable C:\laragon\www\dapokalsel\sekolah\~\appdata\roaming\undetected_chromedriver\undetected_chromedriver.exe
2025-10-26 20:46:41,740 - ERROR - Failed to setup driver: Binary Location Must be a String
Traceback (most recent call last):
  File "C:\laragon\www\dapokalsel\sekolah\import_url_kabupaten.pyw", line 92, in setup_driver
    driver = uc.Chrome(
  File "C:\laragon\bin\python\python-3.10\lib\site-packages\undetected_chromedriver\__init__.py", line 372, in __init__
    options.binary_location = (
  File "C:\laragon\bin\python\python-3.10\lib\site-packages\selenium\webdriver\chromium\options.py", line 52, in binary_location
    raise TypeError(self.BINARY_LOCATION_ERROR)
TypeError: Binary Location Must be a String
2025-10-26 20:46:41,741 - ERROR - Error on attempt 5: Failed to setup driver
Traceback (most recent call last):
  File "C:\laragon\www\dapokalsel\sekolah\import_url_kabupaten.pyw", line 388, in process_url_induk
    raise Exception("Failed to setup driver")
Exception: Failed to setup driver
2025-10-26 20:46:41,741 - INFO - Retry attempt 6/300...
2025-10-26 20:46:56,741 - INFO - Setting up Chrome driver...
2025-10-26 20:46:56,742 - INFO - Using profile directory: C:\laragon\www\dapokalsel\chrome_profile
2025-10-26 20:46:56,742 - INFO - Initializing undetected Chrome driver...
2025-10-26 20:47:01,356 - INFO - patching driver executable C:\laragon\www\dapokalsel\sekolah\~\appdata\roaming\undetected_chromedriver\undetected_chromedriver.exe
2025-10-26 20:47:01,462 - ERROR - Failed to setup driver: Binary Location Must be a String
Traceback (most recent call last):
  File "C:\laragon\www\dapokalsel\sekolah\import_url_kabupaten.pyw", line 92, in setup_driver
    driver = uc.Chrome(
  File "C:\laragon\bin\python\python-3.10\lib\site-packages\undetected_chromedriver\__init__.py", line 372, in __init__
    options.binary_location = (
  File "C:\laragon\bin\python\python-3.10\lib\site-packages\selenium\webdriver\chromium\options.py", line 52, in binary_location
    raise TypeError(self.BINARY_LOCATION_ERROR)
TypeError: Binary Location Must be a String
2025-10-26 20:47:01,463 - ERROR - Error on attempt 6: Failed to setup driver
Traceback (most recent call last):
  File "C:\laragon\www\dapokalsel\sekolah\import_url_kabupaten.pyw", line 388, in process_url_induk
    raise Exception("Failed to setup driver")
Exception: Failed to setup driver
2025-10-26 20:47:01,463 - INFO - Retry attempt 7/300...
2025-10-26 20:47:16,463 - INFO - Setting up Chrome driver...
2025-10-26 20:47:16,464 - INFO - Using profile directory: C:\laragon\www\dapokalsel\chrome_profile
2025-10-26 20:47:16,464 - INFO - Initializing undetected Chrome driver...
2025-10-26 20:47:22,899 - ERROR - Failed to setup driver: [WinError 183] Cannot create a file when that file already exists: 'C:\\laragon\\www\\dapokalsel\\sekolah\\~\\appdata\\roaming\\undetected_chromedriver\\undetected\\chromedriver-win32\\chromedriver.exe' -> 'C:\\laragon\\www\\dapokalsel\\sekolah\\~\\appdata\\roaming\\undetected_chromedriver\\undetected_chromedriver.exe'
Traceback (most recent call last):
  File "C:\laragon\www\dapokalsel\sekolah\import_url_kabupaten.pyw", line 92, in setup_driver
    driver = uc.Chrome(
  File "C:\laragon\bin\python\python-3.10\lib\site-packages\undetected_chromedriver\__init__.py", line 258, in __init__
    self.patcher.auto()
  File "C:\laragon\bin\python\python-3.10\lib\site-packages\undetected_chromedriver\patcher.py", line 178, in auto
    self.unzip_package(self.fetch_package())
  File "C:\laragon\bin\python\python-3.10\lib\site-packages\undetected_chromedriver\patcher.py", line 310, in unzip_package
    os.rename(os.path.join(self.zip_path, exe_path), self.executable_path)
FileExistsError: [WinError 183] Cannot create a file when that file already exists: 'C:\\laragon\\www\\dapokalsel\\sekolah\\~\\appdata\\roaming\\undetected_chromedriver\\undetected\\chromedriver-win32\\chromedriver.exe' -> 'C:\\laragon\\www\\dapokalsel\\sekolah\\~\\appdata\\roaming\\undetected_chromedriver\\undetected_chromedriver.exe'
2025-10-26 20:47:22,899 - ERROR - Error on attempt 7: Failed to setup driver
Traceback (most recent call last):
  File "C:\laragon\www\dapokalsel\sekolah\import_url_kabupaten.pyw", line 388, in process_url_induk
    raise Exception("Failed to setup driver")
Exception: Failed to setup driver
2025-10-26 20:47:22,899 - INFO - Retry attempt 8/300...
2025-10-26 20:47:37,912 - INFO - Setting up Chrome driver...
2025-10-26 20:47:37,913 - INFO - Using profile directory: C:\laragon\www\dapokalsel\chrome_profile
2025-10-26 20:47:37,913 - INFO - Initializing undetected Chrome driver...
2025-10-26 20:47:43,780 - ERROR - Failed to setup driver: [WinError 183] Cannot create a file when that file already exists: 'C:\\laragon\\www\\dapokalsel\\sekolah\\~\\appdata\\roaming\\undetected_chromedriver\\undetected\\chromedriver-win32\\chromedriver.exe' -> 'C:\\laragon\\www\\dapokalsel\\sekolah\\~\\appdata\\roaming\\undetected_chromedriver\\undetected_chromedriver.exe'
Traceback (most recent call last):
  File "C:\laragon\www\dapokalsel\sekolah\import_url_kabupaten.pyw", line 92, in setup_driver
    driver = uc.Chrome(
  File "C:\laragon\bin\python\python-3.10\lib\site-packages\undetected_chromedriver\__init__.py", line 258, in __init__
    self.patcher.auto()
  File "C:\laragon\bin\python\python-3.10\lib\site-packages\undetected_chromedriver\patcher.py", line 178, in auto
    self.unzip_package(self.fetch_package())
  File "C:\laragon\bin\python\python-3.10\lib\site-packages\undetected_chromedriver\patcher.py", line 310, in unzip_package
    os.rename(os.path.join(self.zip_path, exe_path), self.executable_path)
FileExistsError: [WinError 183] Cannot create a file when that file already exists: 'C:\\laragon\\www\\dapokalsel\\sekolah\\~\\appdata\\roaming\\undetected_chromedriver\\undetected\\chromedriver-win32\\chromedriver.exe' -> 'C:\\laragon\\www\\dapokalsel\\sekolah\\~\\appdata\\roaming\\undetected_chromedriver\\undetected_chromedriver.exe'
2025-10-26 20:47:43,780 - ERROR - Error on attempt 8: Failed to setup driver
Traceback (most recent call last):
  File "C:\laragon\www\dapokalsel\sekolah\import_url_kabupaten.pyw", line 388, in process_url_induk
    raise Exception("Failed to setup driver")
Exception: Failed to setup driver
2025-10-26 20:47:43,780 - INFO - Retry attempt 9/300...
2025-10-26 20:47:58,795 - INFO - Setting up Chrome driver...
2025-10-26 20:47:58,795 - INFO - Using profile directory: C:\laragon\www\dapokalsel\chrome_profile
2025-10-26 20:47:58,796 - INFO - Initializing undetected Chrome driver...
2025-10-26 20:48:07,446 - ERROR - Failed to setup driver: [WinError 183] Cannot create a file when that file already exists: 'C:\\laragon\\www\\dapokalsel\\sekolah\\~\\appdata\\roaming\\undetected_chromedriver\\undetected\\chromedriver-win32\\chromedriver.exe' -> 'C:\\laragon\\www\\dapokalsel\\sekolah\\~\\appdata\\roaming\\undetected_chromedriver\\undetected_chromedriver.exe'
Traceback (most recent call last):
  File "C:\laragon\www\dapokalsel\sekolah\import_url_kabupaten.pyw", line 92, in setup_driver
    driver = uc.Chrome(
  File "C:\laragon\bin\python\python-3.10\lib\site-packages\undetected_chromedriver\__init__.py", line 258, in __init__
    self.patcher.auto()
  File "C:\laragon\bin\python\python-3.10\lib\site-packages\undetected_chromedriver\patcher.py", line 178, in auto
    self.unzip_package(self.fetch_package())
  File "C:\laragon\bin\python\python-3.10\lib\site-packages\undetected_chromedriver\patcher.py", line 310, in unzip_package
    os.rename(os.path.join(self.zip_path, exe_path), self.executable_path)
FileExistsError: [WinError 183] Cannot create a file when that file already exists: 'C:\\laragon\\www\\dapokalsel\\sekolah\\~\\appdata\\roaming\\undetected_chromedriver\\undetected\\chromedriver-win32\\chromedriver.exe' -> 'C:\\laragon\\www\\dapokalsel\\sekolah\\~\\appdata\\roaming\\undetected_chromedriver\\undetected_chromedriver.exe'
2025-10-26 20:48:07,446 - ERROR - Error on attempt 9: Failed to setup driver
Traceback (most recent call last):
  File "C:\laragon\www\dapokalsel\sekolah\import_url_kabupaten.pyw", line 388, in process_url_induk
    raise Exception("Failed to setup driver")
Exception: Failed to setup driver
2025-10-26 20:48:07,446 - INFO - Retry attempt 10/300...
2025-10-26 20:48:22,460 - INFO - Setting up Chrome driver...
2025-10-26 20:48:22,460 - INFO - Using profile directory: C:\laragon\www\dapokalsel\chrome_profile
2025-10-26 20:48:22,461 - INFO - Initializing undetected Chrome driver...
2025-10-26 20:48:26,328 - INFO - patching driver executable C:\laragon\www\dapokalsel\sekolah\~\appdata\roaming\undetected_chromedriver\undetected_chromedriver.exe
2025-10-26 20:48:26,411 - ERROR - Failed to setup driver: Binary Location Must be a String
Traceback (most recent call last):
  File "C:\laragon\www\dapokalsel\sekolah\import_url_kabupaten.pyw", line 92, in setup_driver
    driver = uc.Chrome(
  File "C:\laragon\bin\python\python-3.10\lib\site-packages\undetected_chromedriver\__init__.py", line 372, in __init__
    options.binary_location = (
  File "C:\laragon\bin\python\python-3.10\lib\site-packages\selenium\webdriver\chromium\options.py", line 52, in binary_location
    raise TypeError(self.BINARY_LOCATION_ERROR)
TypeError: Binary Location Must be a String
2025-10-26 20:48:26,411 - ERROR - Error on attempt 10: Failed to setup driver
Traceback (most recent call last):
  File "C:\laragon\www\dapokalsel\sekolah\import_url_kabupaten.pyw", line 388, in process_url_induk
    raise Exception("Failed to setup driver")
Exception: Failed to setup driver
2025-10-26 20:48:26,411 - INFO - Retry attempt 11/300...
2025-10-26 20:48:41,413 - INFO - Setting up Chrome driver...
2025-10-26 20:48:41,415 - INFO - Using profile directory: C:\laragon\www\dapokalsel\chrome_profile
2025-10-26 20:48:41,415 - INFO - Initializing undetected Chrome driver...
2025-10-26 20:48:49,510 - INFO - patching driver executable C:\laragon\www\dapokalsel\sekolah\~\appdata\roaming\undetected_chromedriver\undetected_chromedriver.exe
2025-10-26 20:48:49,594 - ERROR - Failed to setup driver: Binary Location Must be a String
Traceback (most recent call last):
  File "C:\laragon\www\dapokalsel\sekolah\import_url_kabupaten.pyw", line 92, in setup_driver
    driver = uc.Chrome(
  File "C:\laragon\bin\python\python-3.10\lib\site-packages\undetected_chromedriver\__init__.py", line 372, in __init__
    options.binary_location = (
  File "C:\laragon\bin\python\python-3.10\lib\site-packages\selenium\webdriver\chromium\options.py", line 52, in binary_location
    raise TypeError(self.BINARY_LOCATION_ERROR)
TypeError: Binary Location Must be a String
2025-10-26 20:48:49,594 - ERROR - Error on attempt 11: Failed to setup driver
Traceback (most recent call last):
  File "C:\laragon\www\dapokalsel\sekolah\import_url_kabupaten.pyw", line 388, in process_url_induk
    raise Exception("Failed to setup driver")
Exception: Failed to setup driver
2025-10-26 20:48:49,594 - INFO - Retry attempt 12/300...
2025-10-26 20:49:04,608 - INFO - Setting up Chrome driver...
2025-10-26 20:49:04,610 - INFO - Using profile directory: C:\laragon\www\dapokalsel\chrome_profile
2025-10-26 20:49:04,610 - INFO - Initializing undetected Chrome driver...
2025-10-26 20:49:12,293 - INFO - patching driver executable C:\laragon\www\dapokalsel\sekolah\~\appdata\roaming\undetected_chromedriver\undetected_chromedriver.exe
2025-10-26 20:49:12,376 - ERROR - Failed to setup driver: Binary Location Must be a String
Traceback (most recent call last):
  File "C:\laragon\www\dapokalsel\sekolah\import_url_kabupaten.pyw", line 92, in setup_driver
    driver = uc.Chrome(
  File "C:\laragon\bin\python\python-3.10\lib\site-packages\undetected_chromedriver\__init__.py", line 372, in __init__
    options.binary_location = (
  File "C:\laragon\bin\python\python-3.10\lib\site-packages\selenium\webdriver\chromium\options.py", line 52, in binary_location
    raise TypeError(self.BINARY_LOCATION_ERROR)
TypeError: Binary Location Must be a String
2025-10-26 20:49:12,376 - ERROR - Error on attempt 12: Failed to setup driver
Traceback (most recent call last):
  File "C:\laragon\www\dapokalsel\sekolah\import_url_kabupaten.pyw", line 388, in process_url_induk
    raise Exception("Failed to setup driver")
Exception: Failed to setup driver
2025-10-26 20:49:12,376 - INFO - Retry attempt 13/300...
2025-10-26 20:49:27,390 - INFO - Setting up Chrome driver...
2025-10-26 20:49:27,391 - INFO - Using profile directory: C:\laragon\www\dapokalsel\chrome_profile
2025-10-26 20:49:27,391 - INFO - Initializing undetected Chrome driver...
2025-10-26 20:49:34,192 - INFO - patching driver executable C:\laragon\www\dapokalsel\sekolah\~\appdata\roaming\undetected_chromedriver\undetected_chromedriver.exe
2025-10-26 20:49:34,279 - ERROR - Failed to setup driver: Binary Location Must be a String
Traceback (most recent call last):
  File "C:\laragon\www\dapokalsel\sekolah\import_url_kabupaten.pyw", line 92, in setup_driver
    driver = uc.Chrome(
  File "C:\laragon\bin\python\python-3.10\lib\site-packages\undetected_chromedriver\__init__.py", line 372, in __init__
    options.binary_location = (
  File "C:\laragon\bin\python\python-3.10\lib\site-packages\selenium\webdriver\chromium\options.py", line 52, in binary_location
    raise TypeError(self.BINARY_LOCATION_ERROR)
TypeError: Binary Location Must be a String
2025-10-26 20:49:34,280 - ERROR - Error on attempt 13: Failed to setup driver
Traceback (most recent call last):
  File "C:\laragon\www\dapokalsel\sekolah\import_url_kabupaten.pyw", line 388, in process_url_induk
    raise Exception("Failed to setup driver")
Exception: Failed to setup driver
2025-10-26 20:49:34,280 - INFO - Retry attempt 14/300...
2025-10-26 20:49:49,290 - INFO - Setting up Chrome driver...
2025-10-26 20:49:49,291 - INFO - Using profile directory: C:\laragon\www\dapokalsel\chrome_profile
2025-10-26 20:49:49,292 - INFO - Initializing undetected Chrome driver...
2025-10-26 20:49:52,953 - INFO - patching driver executable C:\laragon\www\dapokalsel\sekolah\~\appdata\roaming\undetected_chromedriver\undetected_chromedriver.exe
2025-10-26 20:49:53,036 - ERROR - Failed to setup driver: Binary Location Must be a String
Traceback (most recent call last):
  File "C:\laragon\www\dapokalsel\sekolah\import_url_kabupaten.pyw", line 92, in setup_driver
    driver = uc.Chrome(
  File "C:\laragon\bin\python\python-3.10\lib\site-packages\undetected_chromedriver\__init__.py", line 372, in __init__
    options.binary_location = (
  File "C:\laragon\bin\python\python-3.10\lib\site-packages\selenium\webdriver\chromium\options.py", line 52, in binary_location
    raise TypeError(self.BINARY_LOCATION_ERROR)
TypeError: Binary Location Must be a String
2025-10-26 20:49:53,036 - ERROR - Error on attempt 14: Failed to setup driver
Traceback (most recent call last):
  File "C:\laragon\www\dapokalsel\sekolah\import_url_kabupaten.pyw", line 388, in process_url_induk
    raise Exception("Failed to setup driver")
Exception: Failed to setup driver
2025-10-26 20:49:53,036 - INFO - Retry attempt 15/300...
2025-10-26 20:50:08,042 - INFO - Setting up Chrome driver...
2025-10-26 20:50:08,044 - INFO - Using profile directory: C:\laragon\www\dapokalsel\chrome_profile
2025-10-26 20:50:08,044 - INFO - Initializing undetected Chrome driver...
2025-10-26 20:50:14,570 - ERROR - Failed to setup driver: [WinError 183] Cannot create a file when that file already exists: 'C:\\laragon\\www\\dapokalsel\\sekolah\\~\\appdata\\roaming\\undetected_chromedriver\\undetected\\chromedriver-win32\\chromedriver.exe' -> 'C:\\laragon\\www\\dapokalsel\\sekolah\\~\\appdata\\roaming\\undetected_chromedriver\\undetected_chromedriver.exe'
Traceback (most recent call last):
  File "C:\laragon\www\dapokalsel\sekolah\import_url_kabupaten.pyw", line 92, in setup_driver
    driver = uc.Chrome(
  File "C:\laragon\bin\python\python-3.10\lib\site-packages\undetected_chromedriver\__init__.py", line 258, in __init__
    self.patcher.auto()
  File "C:\laragon\bin\python\python-3.10\lib\site-packages\undetected_chromedriver\patcher.py", line 178, in auto
    self.unzip_package(self.fetch_package())
  File "C:\laragon\bin\python\python-3.10\lib\site-packages\undetected_chromedriver\patcher.py", line 310, in unzip_package
    os.rename(os.path.join(self.zip_path, exe_path), self.executable_path)
FileExistsError: [WinError 183] Cannot create a file when that file already exists: 'C:\\laragon\\www\\dapokalsel\\sekolah\\~\\appdata\\roaming\\undetected_chromedriver\\undetected\\chromedriver-win32\\chromedriver.exe' -> 'C:\\laragon\\www\\dapokalsel\\sekolah\\~\\appdata\\roaming\\undetected_chromedriver\\undetected_chromedriver.exe'
2025-10-26 20:50:14,570 - ERROR - Error on attempt 15: Failed to setup driver
Traceback (most recent call last):
  File "C:\laragon\www\dapokalsel\sekolah\import_url_kabupaten.pyw", line 388, in process_url_induk
    raise Exception("Failed to setup driver")
Exception: Failed to setup driver
2025-10-26 20:50:14,570 - INFO - Retry attempt 16/300...
2025-10-26 20:50:29,570 - INFO - Setting up Chrome driver...
2025-10-26 20:50:29,571 - INFO - Using profile directory: C:\laragon\www\dapokalsel\chrome_profile
2025-10-26 20:50:29,571 - INFO - Initializing undetected Chrome driver...
2025-10-26 20:50:39,253 - ERROR - Failed to setup driver: [WinError 183] Cannot create a file when that file already exists: 'C:\\laragon\\www\\dapokalsel\\sekolah\\~\\appdata\\roaming\\undetected_chromedriver\\undetected\\chromedriver-win32\\chromedriver.exe' -> 'C:\\laragon\\www\\dapokalsel\\sekolah\\~\\appdata\\roaming\\undetected_chromedriver\\undetected_chromedriver.exe'
Traceback (most recent call last):
  File "C:\laragon\www\dapokalsel\sekolah\import_url_kabupaten.pyw", line 92, in setup_driver
    driver = uc.Chrome(
  File "C:\laragon\bin\python\python-3.10\lib\site-packages\undetected_chromedriver\__init__.py", line 258, in __init__
    self.patcher.auto()
  File "C:\laragon\bin\python\python-3.10\lib\site-packages\undetected_chromedriver\patcher.py", line 178, in auto
    self.unzip_package(self.fetch_package())
  File "C:\laragon\bin\python\python-3.10\lib\site-packages\undetected_chromedriver\patcher.py", line 310, in unzip_package
    os.rename(os.path.join(self.zip_path, exe_path), self.executable_path)
FileExistsError: [WinError 183] Cannot create a file when that file already exists: 'C:\\laragon\\www\\dapokalsel\\sekolah\\~\\appdata\\roaming\\undetected_chromedriver\\undetected\\chromedriver-win32\\chromedriver.exe' -> 'C:\\laragon\\www\\dapokalsel\\sekolah\\~\\appdata\\roaming\\undetected_chromedriver\\undetected_chromedriver.exe'
2025-10-26 20:50:39,254 - ERROR - Error on attempt 16: Failed to setup driver
Traceback (most recent call last):
  File "C:\laragon\www\dapokalsel\sekolah\import_url_kabupaten.pyw", line 388, in process_url_induk
    raise Exception("Failed to setup driver")
Exception: Failed to setup driver
2025-10-26 20:50:39,254 - INFO - Retry attempt 17/300...
2025-10-26 20:50:54,255 - INFO - Setting up Chrome driver...
2025-10-26 20:50:54,257 - INFO - Using profile directory: C:\laragon\www\dapokalsel\chrome_profile
2025-10-26 20:50:54,257 - INFO - Initializing undetected Chrome driver...
2025-10-26 20:51:02,053 - INFO - patching driver executable C:\laragon\www\dapokalsel\sekolah\~\appdata\roaming\undetected_chromedriver\undetected_chromedriver.exe
2025-10-26 20:51:02,197 - ERROR - Failed to setup driver: Binary Location Must be a String
Traceback (most recent call last):
  File "C:\laragon\www\dapokalsel\sekolah\import_url_kabupaten.pyw", line 92, in setup_driver
    driver = uc.Chrome(
  File "C:\laragon\bin\python\python-3.10\lib\site-packages\undetected_chromedriver\__init__.py", line 372, in __init__
    options.binary_location = (
  File "C:\laragon\bin\python\python-3.10\lib\site-packages\selenium\webdriver\chromium\options.py", line 52, in binary_location
    raise TypeError(self.BINARY_LOCATION_ERROR)
TypeError: Binary Location Must be a String
2025-10-26 20:51:02,197 - ERROR - Error on attempt 17: Failed to setup driver
Traceback (most recent call last):
  File "C:\laragon\www\dapokalsel\sekolah\import_url_kabupaten.pyw", line 388, in process_url_induk
    raise Exception("Failed to setup driver")
Exception: Failed to setup driver
2025-10-26 20:51:02,198 - INFO - Retry attempt 18/300...
2025-10-26 20:51:17,201 - INFO - Setting up Chrome driver...
2025-10-26 20:51:17,201 - INFO - Using profile directory: C:\laragon\www\dapokalsel\chrome_profile
2025-10-26 20:51:17,202 - INFO - Initializing undetected Chrome driver...
2025-10-26 20:51:20,777 - INFO - patching driver executable C:\laragon\www\dapokalsel\sekolah\~\appdata\roaming\undetected_chromedriver\undetected_chromedriver.exe
2025-10-26 20:51:20,889 - ERROR - Failed to setup driver: Binary Location Must be a String
Traceback (most recent call last):
  File "C:\laragon\www\dapokalsel\sekolah\import_url_kabupaten.pyw", line 92, in setup_driver
    driver = uc.Chrome(
  File "C:\laragon\bin\python\python-3.10\lib\site-packages\undetected_chromedriver\__init__.py", line 372, in __init__
    options.binary_location = (
  File "C:\laragon\bin\python\python-3.10\lib\site-packages\selenium\webdriver\chromium\options.py", line 52, in binary_location
    raise TypeError(self.BINARY_LOCATION_ERROR)
TypeError: Binary Location Must be a String
2025-10-26 20:51:20,890 - ERROR - Error on attempt 18: Failed to setup driver
Traceback (most recent call last):
  File "C:\laragon\www\dapokalsel\sekolah\import_url_kabupaten.pyw", line 388, in process_url_induk
    raise Exception("Failed to setup driver")
Exception: Failed to setup driver
2025-10-26 20:51:20,890 - INFO - Retry attempt 19/300...
2025-10-26 20:51:35,897 - INFO - Setting up Chrome driver...
2025-10-26 20:51:35,898 - INFO - Using profile directory: C:\laragon\www\dapokalsel\chrome_profile
2025-10-26 20:51:35,898 - INFO - Initializing undetected Chrome driver...
2025-10-26 20:51:40,834 - ERROR - Failed to setup driver: [WinError 183] Cannot create a file when that file already exists: 'C:\\laragon\\www\\dapokalsel\\sekolah\\~\\appdata\\roaming\\undetected_chromedriver\\undetected\\chromedriver-win32\\chromedriver.exe' -> 'C:\\laragon\\www\\dapokalsel\\sekolah\\~\\appdata\\roaming\\undetected_chromedriver\\undetected_chromedriver.exe'
Traceback (most recent call last):
  File "C:\laragon\www\dapokalsel\sekolah\import_url_kabupaten.pyw", line 92, in setup_driver
    driver = uc.Chrome(
  File "C:\laragon\bin\python\python-3.10\lib\site-packages\undetected_chromedriver\__init__.py", line 258, in __init__
    self.patcher.auto()
  File "C:\laragon\bin\python\python-3.10\lib\site-packages\undetected_chromedriver\patcher.py", line 178, in auto
    self.unzip_package(self.fetch_package())
  File "C:\laragon\bin\python\python-3.10\lib\site-packages\undetected_chromedriver\patcher.py", line 310, in unzip_package
    os.rename(os.path.join(self.zip_path, exe_path), self.executable_path)
FileExistsError: [WinError 183] Cannot create a file when that file already exists: 'C:\\laragon\\www\\dapokalsel\\sekolah\\~\\appdata\\roaming\\undetected_chromedriver\\undetected\\chromedriver-win32\\chromedriver.exe' -> 'C:\\laragon\\www\\dapokalsel\\sekolah\\~\\appdata\\roaming\\undetected_chromedriver\\undetected_chromedriver.exe'
2025-10-26 20:51:40,834 - ERROR - Error on attempt 19: Failed to setup driver
Traceback (most recent call last):
  File "C:\laragon\www\dapokalsel\sekolah\import_url_kabupaten.pyw", line 388, in process_url_induk
    raise Exception("Failed to setup driver")
Exception: Failed to setup driver
2025-10-26 20:51:40,834 - INFO - Retry attempt 20/300...
2025-10-26 20:51:55,835 - INFO - Setting up Chrome driver...
2025-10-26 20:51:55,837 - INFO - Using profile directory: C:\laragon\www\dapokalsel\chrome_profile
2025-10-26 20:51:55,839 - INFO - Initializing undetected Chrome driver...
2025-10-26 20:52:00,916 - ERROR - Failed to setup driver: [WinError 183] Cannot create a file when that file already exists: 'C:\\laragon\\www\\dapokalsel\\sekolah\\~\\appdata\\roaming\\undetected_chromedriver\\undetected\\chromedriver-win32\\chromedriver.exe' -> 'C:\\laragon\\www\\dapokalsel\\sekolah\\~\\appdata\\roaming\\undetected_chromedriver\\undetected_chromedriver.exe'
Traceback (most recent call last):
  File "C:\laragon\www\dapokalsel\sekolah\import_url_kabupaten.pyw", line 92, in setup_driver
    driver = uc.Chrome(
  File "C:\laragon\bin\python\python-3.10\lib\site-packages\undetected_chromedriver\__init__.py", line 258, in __init__
    self.patcher.auto()
  File "C:\laragon\bin\python\python-3.10\lib\site-packages\undetected_chromedriver\patcher.py", line 178, in auto
    self.unzip_package(self.fetch_package())
  File "C:\laragon\bin\python\python-3.10\lib\site-packages\undetected_chromedriver\patcher.py", line 310, in unzip_package
    os.rename(os.path.join(self.zip_path, exe_path), self.executable_path)
FileExistsError: [WinError 183] Cannot create a file when that file already exists: 'C:\\laragon\\www\\dapokalsel\\sekolah\\~\\appdata\\roaming\\undetected_chromedriver\\undetected\\chromedriver-win32\\chromedriver.exe' -> 'C:\\laragon\\www\\dapokalsel\\sekolah\\~\\appdata\\roaming\\undetected_chromedriver\\undetected_chromedriver.exe'
2025-10-26 20:52:00,916 - ERROR - Error on attempt 20: Failed to setup driver
Traceback (most recent call last):
  File "C:\laragon\www\dapokalsel\sekolah\import_url_kabupaten.pyw", line 388, in process_url_induk
    raise Exception("Failed to setup driver")
Exception: Failed to setup driver
2025-10-26 20:52:00,916 - INFO - Retry attempt 21/300...
2025-10-26 20:52:15,917 - INFO - Setting up Chrome driver...
2025-10-26 20:52:15,917 - INFO - Using profile directory: C:\laragon\www\dapokalsel\chrome_profile
2025-10-26 20:52:15,917 - INFO - Initializing undetected Chrome driver...
2025-10-26 20:52:23,832 - INFO - patching driver executable C:\laragon\www\dapokalsel\sekolah\~\appdata\roaming\undetected_chromedriver\undetected_chromedriver.exe
2025-10-26 20:52:23,916 - ERROR - Failed to setup driver: Binary Location Must be a String
Traceback (most recent call last):
  File "C:\laragon\www\dapokalsel\sekolah\import_url_kabupaten.pyw", line 92, in setup_driver
    driver = uc.Chrome(
  File "C:\laragon\bin\python\python-3.10\lib\site-packages\undetected_chromedriver\__init__.py", line 372, in __init__
    options.binary_location = (
  File "C:\laragon\bin\python\python-3.10\lib\site-packages\selenium\webdriver\chromium\options.py", line 52, in binary_location
    raise TypeError(self.BINARY_LOCATION_ERROR)
TypeError: Binary Location Must be a String
2025-10-26 20:52:23,916 - ERROR - Error on attempt 21: Failed to setup driver
Traceback (most recent call last):
  File "C:\laragon\www\dapokalsel\sekolah\import_url_kabupaten.pyw", line 388, in process_url_induk
    raise Exception("Failed to setup driver")
Exception: Failed to setup driver
2025-10-26 20:52:23,916 - INFO - Retry attempt 22/300...
2025-10-26 20:52:38,916 - INFO - Setting up Chrome driver...
2025-10-26 20:52:38,918 - INFO - Using profile directory: C:\laragon\www\dapokalsel\chrome_profile
2025-10-26 20:52:38,918 - INFO - Initializing undetected Chrome driver...
2025-10-26 20:52:43,715 - INFO - patching driver executable C:\laragon\www\dapokalsel\sekolah\~\appdata\roaming\undetected_chromedriver\undetected_chromedriver.exe
2025-10-26 20:52:43,814 - ERROR - Failed to setup driver: Binary Location Must be a String
Traceback (most recent call last):
  File "C:\laragon\www\dapokalsel\sekolah\import_url_kabupaten.pyw", line 92, in setup_driver
    driver = uc.Chrome(
  File "C:\laragon\bin\python\python-3.10\lib\site-packages\undetected_chromedriver\__init__.py", line 372, in __init__
    options.binary_location = (
  File "C:\laragon\bin\python\python-3.10\lib\site-packages\selenium\webdriver\chromium\options.py", line 52, in binary_location
    raise TypeError(self.BINARY_LOCATION_ERROR)
TypeError: Binary Location Must be a String
2025-10-26 20:52:43,814 - ERROR - Error on attempt 22: Failed to setup driver
Traceback (most recent call last):
  File "C:\laragon\www\dapokalsel\sekolah\import_url_kabupaten.pyw", line 388, in process_url_induk
    raise Exception("Failed to setup driver")
Exception: Failed to setup driver
2025-10-26 20:52:43,814 - INFO - Retry attempt 23/300...
2025-10-26 20:52:58,815 - INFO - Setting up Chrome driver...
2025-10-26 20:52:58,817 - INFO - Using profile directory: C:\laragon\www\dapokalsel\chrome_profile
2025-10-26 20:52:58,817 - INFO - Initializing undetected Chrome driver...
2025-10-26 20:53:05,746 - INFO - patching driver executable C:\laragon\www\dapokalsel\sekolah\~\appdata\roaming\undetected_chromedriver\undetected_chromedriver.exe
2025-10-26 20:53:05,845 - ERROR - Failed to setup driver: Binary Location Must be a String
Traceback (most recent call last):
  File "C:\laragon\www\dapokalsel\sekolah\import_url_kabupaten.pyw", line 92, in setup_driver
    driver = uc.Chrome(
  File "C:\laragon\bin\python\python-3.10\lib\site-packages\undetected_chromedriver\__init__.py", line 372, in __init__
    options.binary_location = (
  File "C:\laragon\bin\python\python-3.10\lib\site-packages\selenium\webdriver\chromium\options.py", line 52, in binary_location
    raise TypeError(self.BINARY_LOCATION_ERROR)
TypeError: Binary Location Must be a String
2025-10-26 20:53:05,847 - ERROR - Error on attempt 23: Failed to setup driver
Traceback (most recent call last):
  File "C:\laragon\www\dapokalsel\sekolah\import_url_kabupaten.pyw", line 388, in process_url_induk
    raise Exception("Failed to setup driver")
Exception: Failed to setup driver
2025-10-26 20:53:05,847 - INFO - Retry attempt 24/300...
2025-10-26 20:53:20,848 - INFO - Setting up Chrome driver...
2025-10-26 20:53:20,849 - INFO - Using profile directory: C:\laragon\www\dapokalsel\chrome_profile
2025-10-26 20:53:20,850 - INFO - Initializing undetected Chrome driver...
2025-10-26 20:53:27,279 - INFO - patching driver executable C:\laragon\www\dapokalsel\sekolah\~\appdata\roaming\undetected_chromedriver\undetected_chromedriver.exe
2025-10-26 20:53:27,385 - ERROR - Failed to setup driver: Binary Location Must be a String
Traceback (most recent call last):
  File "C:\laragon\www\dapokalsel\sekolah\import_url_kabupaten.pyw", line 92, in setup_driver
    driver = uc.Chrome(
  File "C:\laragon\bin\python\python-3.10\lib\site-packages\undetected_chromedriver\__init__.py", line 372, in __init__
    options.binary_location = (
  File "C:\laragon\bin\python\python-3.10\lib\site-packages\selenium\webdriver\chromium\options.py", line 52, in binary_location
    raise TypeError(self.BINARY_LOCATION_ERROR)
TypeError: Binary Location Must be a String
2025-10-26 20:53:27,386 - ERROR - Error on attempt 24: Failed to setup driver
Traceback (most recent call last):
  File "C:\laragon\www\dapokalsel\sekolah\import_url_kabupaten.pyw", line 388, in process_url_induk
    raise Exception("Failed to setup driver")
Exception: Failed to setup driver
2025-10-26 20:53:27,386 - INFO - Retry attempt 25/300...
2025-10-26 20:53:42,395 - INFO - Setting up Chrome driver...
2025-10-26 20:53:42,398 - INFO - Using profile directory: C:\laragon\www\dapokalsel\chrome_profile
2025-10-26 20:53:42,398 - INFO - Initializing undetected Chrome driver...
2025-10-26 20:53:46,761 - INFO - patching driver executable C:\laragon\www\dapokalsel\sekolah\~\appdata\roaming\undetected_chromedriver\undetected_chromedriver.exe
2025-10-26 20:53:46,936 - ERROR - Failed to setup driver: Binary Location Must be a String
Traceback (most recent call last):
  File "C:\laragon\www\dapokalsel\sekolah\import_url_kabupaten.pyw", line 92, in setup_driver
    driver = uc.Chrome(
  File "C:\laragon\bin\python\python-3.10\lib\site-packages\undetected_chromedriver\__init__.py", line 372, in __init__
    options.binary_location = (
  File "C:\laragon\bin\python\python-3.10\lib\site-packages\selenium\webdriver\chromium\options.py", line 52, in binary_location
    raise TypeError(self.BINARY_LOCATION_ERROR)
TypeError: Binary Location Must be a String
2025-10-26 20:53:46,937 - ERROR - Error on attempt 25: Failed to setup driver
Traceback (most recent call last):
  File "C:\laragon\www\dapokalsel\sekolah\import_url_kabupaten.pyw", line 388, in process_url_induk
    raise Exception("Failed to setup driver")
Exception: Failed to setup driver
2025-10-26 20:53:46,937 - INFO - Retry attempt 26/300...
2025-10-26 20:54:01,942 - INFO - Setting up Chrome driver...
2025-10-26 20:54:01,943 - INFO - Using profile directory: C:\laragon\www\dapokalsel\chrome_profile
2025-10-26 20:54:01,943 - INFO - Initializing undetected Chrome driver...
2025-10-26 20:54:05,794 - INFO - patching driver executable C:\laragon\www\dapokalsel\sekolah\~\appdata\roaming\undetected_chromedriver\undetected_chromedriver.exe
2025-10-26 20:54:05,878 - ERROR - Failed to setup driver: Binary Location Must be a String
Traceback (most recent call last):
  File "C:\laragon\www\dapokalsel\sekolah\import_url_kabupaten.pyw", line 92, in setup_driver
    driver = uc.Chrome(
  File "C:\laragon\bin\python\python-3.10\lib\site-packages\undetected_chromedriver\__init__.py", line 372, in __init__
    options.binary_location = (
  File "C:\laragon\bin\python\python-3.10\lib\site-packages\selenium\webdriver\chromium\options.py", line 52, in binary_location
    raise TypeError(self.BINARY_LOCATION_ERROR)
TypeError: Binary Location Must be a String
2025-10-26 20:54:05,878 - ERROR - Error on attempt 26: Failed to setup driver
Traceback (most recent call last):
  File "C:\laragon\www\dapokalsel\sekolah\import_url_kabupaten.pyw", line 388, in process_url_induk
    raise Exception("Failed to setup driver")
Exception: Failed to setup driver
2025-10-26 20:54:05,878 - INFO - Retry attempt 27/300...
2025-10-26 20:54:20,891 - INFO - Setting up Chrome driver...
2025-10-26 20:54:20,893 - INFO - Using profile directory: C:\laragon\www\dapokalsel\chrome_profile
2025-10-26 20:54:20,893 - INFO - Initializing undetected Chrome driver...
2025-10-26 20:54:27,292 - INFO - patching driver executable C:\laragon\www\dapokalsel\sekolah\~\appdata\roaming\undetected_chromedriver\undetected_chromedriver.exe
2025-10-26 20:54:27,392 - ERROR - Failed to setup driver: Binary Location Must be a String
Traceback (most recent call last):
  File "C:\laragon\www\dapokalsel\sekolah\import_url_kabupaten.pyw", line 92, in setup_driver
    driver = uc.Chrome(
  File "C:\laragon\bin\python\python-3.10\lib\site-packages\undetected_chromedriver\__init__.py", line 372, in __init__
    options.binary_location = (
  File "C:\laragon\bin\python\python-3.10\lib\site-packages\selenium\webdriver\chromium\options.py", line 52, in binary_location
    raise TypeError(self.BINARY_LOCATION_ERROR)
TypeError: Binary Location Must be a String
2025-10-26 20:54:27,393 - ERROR - Error on attempt 27: Failed to setup driver
Traceback (most recent call last):
  File "C:\laragon\www\dapokalsel\sekolah\import_url_kabupaten.pyw", line 388, in process_url_induk
    raise Exception("Failed to setup driver")
Exception: Failed to setup driver
2025-10-26 20:54:27,393 - INFO - Retry attempt 28/300...
2025-10-26 20:54:42,394 - INFO - Setting up Chrome driver...
2025-10-26 20:54:42,394 - INFO - Using profile directory: C:\laragon\www\dapokalsel\chrome_profile
2025-10-26 20:54:42,394 - INFO - Initializing undetected Chrome driver...
2025-10-26 20:54:47,133 - INFO - patching driver executable C:\laragon\www\dapokalsel\sekolah\~\appdata\roaming\undetected_chromedriver\undetected_chromedriver.exe
2025-10-26 20:54:47,209 - ERROR - Failed to setup driver: Binary Location Must be a String
Traceback (most recent call last):
  File "C:\laragon\www\dapokalsel\sekolah\import_url_kabupaten.pyw", line 92, in setup_driver
    driver = uc.Chrome(
  File "C:\laragon\bin\python\python-3.10\lib\site-packages\undetected_chromedriver\__init__.py", line 372, in __init__
    options.binary_location = (
  File "C:\laragon\bin\python\python-3.10\lib\site-packages\selenium\webdriver\chromium\options.py", line 52, in binary_location
    raise TypeError(self.BINARY_LOCATION_ERROR)
TypeError: Binary Location Must be a String
2025-10-26 20:54:47,209 - ERROR - Error on attempt 28: Failed to setup driver
Traceback (most recent call last):
  File "C:\laragon\www\dapokalsel\sekolah\import_url_kabupaten.pyw", line 388, in process_url_induk
    raise Exception("Failed to setup driver")
Exception: Failed to setup driver
2025-10-26 20:54:47,209 - INFO - Retry attempt 29/300...
2025-10-26 20:55:02,221 - INFO - Setting up Chrome driver...
2025-10-26 20:55:02,222 - INFO - Using profile directory: C:\laragon\www\dapokalsel\chrome_profile
2025-10-26 20:55:02,222 - INFO - Initializing undetected Chrome driver...
2025-10-26 20:55:06,140 - INFO - patching driver executable C:\laragon\www\dapokalsel\sekolah\~\appdata\roaming\undetected_chromedriver\undetected_chromedriver.exe
2025-10-26 20:55:06,224 - ERROR - Failed to setup driver: Binary Location Must be a String
Traceback (most recent call last):
  File "C:\laragon\www\dapokalsel\sekolah\import_url_kabupaten.pyw", line 92, in setup_driver
    driver = uc.Chrome(
  File "C:\laragon\bin\python\python-3.10\lib\site-packages\undetected_chromedriver\__init__.py", line 372, in __init__
    options.binary_location = (
  File "C:\laragon\bin\python\python-3.10\lib\site-packages\selenium\webdriver\chromium\options.py", line 52, in binary_location
    raise TypeError(self.BINARY_LOCATION_ERROR)
TypeError: Binary Location Must be a String
2025-10-26 20:55:06,224 - ERROR - Error on attempt 29: Failed to setup driver
Traceback (most recent call last):
  File "C:\laragon\www\dapokalsel\sekolah\import_url_kabupaten.pyw", line 388, in process_url_induk
    raise Exception("Failed to setup driver")
Exception: Failed to setup driver
2025-10-26 20:55:06,225 - INFO - Retry attempt 30/300...
2025-10-26 20:55:21,237 - INFO - Setting up Chrome driver...
2025-10-26 20:55:21,239 - INFO - Using profile directory: C:\laragon\www\dapokalsel\chrome_profile
2025-10-26 20:55:21,240 - INFO - Initializing undetected Chrome driver...
2025-10-26 20:55:26,045 - ERROR - Failed to setup driver: [WinError 183] Cannot create a file when that file already exists: 'C:\\laragon\\www\\dapokalsel\\sekolah\\~\\appdata\\roaming\\undetected_chromedriver\\undetected\\chromedriver-win32\\chromedriver.exe' -> 'C:\\laragon\\www\\dapokalsel\\sekolah\\~\\appdata\\roaming\\undetected_chromedriver\\undetected_chromedriver.exe'
Traceback (most recent call last):
  File "C:\laragon\www\dapokalsel\sekolah\import_url_kabupaten.pyw", line 92, in setup_driver
    driver = uc.Chrome(
  File "C:\laragon\bin\python\python-3.10\lib\site-packages\undetected_chromedriver\__init__.py", line 258, in __init__
    self.patcher.auto()
  File "C:\laragon\bin\python\python-3.10\lib\site-packages\undetected_chromedriver\patcher.py", line 178, in auto
    self.unzip_package(self.fetch_package())
  File "C:\laragon\bin\python\python-3.10\lib\site-packages\undetected_chromedriver\patcher.py", line 310, in unzip_package
    os.rename(os.path.join(self.zip_path, exe_path), self.executable_path)
FileExistsError: [WinError 183] Cannot create a file when that file already exists: 'C:\\laragon\\www\\dapokalsel\\sekolah\\~\\appdata\\roaming\\undetected_chromedriver\\undetected\\chromedriver-win32\\chromedriver.exe' -> 'C:\\laragon\\www\\dapokalsel\\sekolah\\~\\appdata\\roaming\\undetected_chromedriver\\undetected_chromedriver.exe'
2025-10-26 20:55:26,046 - ERROR - Error on attempt 30: Failed to setup driver
Traceback (most recent call last):
  File "C:\laragon\www\dapokalsel\sekolah\import_url_kabupaten.pyw", line 388, in process_url_induk
    raise Exception("Failed to setup driver")
Exception: Failed to setup driver
2025-10-26 20:55:26,046 - INFO - Retry attempt 31/300...
2025-10-26 20:55:41,047 - INFO - Setting up Chrome driver...
2025-10-26 20:55:41,049 - INFO - Using profile directory: C:\laragon\www\dapokalsel\chrome_profile
2025-10-26 20:55:41,050 - INFO - Initializing undetected Chrome driver...
2025-10-26 20:55:46,657 - INFO - patching driver executable C:\laragon\www\dapokalsel\sekolah\~\appdata\roaming\undetected_chromedriver\undetected_chromedriver.exe
2025-10-26 20:55:46,771 - ERROR - Failed to setup driver: Binary Location Must be a String
Traceback (most recent call last):
  File "C:\laragon\www\dapokalsel\sekolah\import_url_kabupaten.pyw", line 92, in setup_driver
    driver = uc.Chrome(
  File "C:\laragon\bin\python\python-3.10\lib\site-packages\undetected_chromedriver\__init__.py", line 372, in __init__
    options.binary_location = (
  File "C:\laragon\bin\python\python-3.10\lib\site-packages\selenium\webdriver\chromium\options.py", line 52, in binary_location
    raise TypeError(self.BINARY_LOCATION_ERROR)
TypeError: Binary Location Must be a String
2025-10-26 20:55:46,771 - ERROR - Error on attempt 31: Failed to setup driver
Traceback (most recent call last):
  File "C:\laragon\www\dapokalsel\sekolah\import_url_kabupaten.pyw", line 388, in process_url_induk
    raise Exception("Failed to setup driver")
Exception: Failed to setup driver
2025-10-26 20:55:46,771 - INFO - Retry attempt 32/300...
2025-10-26 20:56:01,772 - INFO - Setting up Chrome driver...
2025-10-26 20:56:01,774 - INFO - Using profile directory: C:\laragon\www\dapokalsel\chrome_profile
2025-10-26 20:56:01,774 - INFO - Initializing undetected Chrome driver...
2025-10-26 20:56:08,053 - INFO - patching driver executable C:\laragon\www\dapokalsel\sekolah\~\appdata\roaming\undetected_chromedriver\undetected_chromedriver.exe
2025-10-26 20:56:08,220 - ERROR - Failed to setup driver: Binary Location Must be a String
Traceback (most recent call last):
  File "C:\laragon\www\dapokalsel\sekolah\import_url_kabupaten.pyw", line 92, in setup_driver
    driver = uc.Chrome(
  File "C:\laragon\bin\python\python-3.10\lib\site-packages\undetected_chromedriver\__init__.py", line 372, in __init__
    options.binary_location = (
  File "C:\laragon\bin\python\python-3.10\lib\site-packages\selenium\webdriver\chromium\options.py", line 52, in binary_location
    raise TypeError(self.BINARY_LOCATION_ERROR)
TypeError: Binary Location Must be a String
2025-10-26 20:56:08,220 - ERROR - Error on attempt 32: Failed to setup driver
Traceback (most recent call last):
  File "C:\laragon\www\dapokalsel\sekolah\import_url_kabupaten.pyw", line 388, in process_url_induk
    raise Exception("Failed to setup driver")
Exception: Failed to setup driver
2025-10-26 20:56:08,220 - INFO - Retry attempt 33/300...
2025-10-26 20:56:23,234 - INFO - Setting up Chrome driver...
2025-10-26 20:56:23,234 - INFO - Using profile directory: C:\laragon\www\dapokalsel\chrome_profile
2025-10-26 20:56:23,235 - INFO - Initializing undetected Chrome driver...
2025-10-26 20:56:27,835 - INFO - patching driver executable C:\laragon\www\dapokalsel\sekolah\~\appdata\roaming\undetected_chromedriver\undetected_chromedriver.exe
2025-10-26 20:56:27,935 - ERROR - Failed to setup driver: Binary Location Must be a String
Traceback (most recent call last):
  File "C:\laragon\www\dapokalsel\sekolah\import_url_kabupaten.pyw", line 92, in setup_driver
    driver = uc.Chrome(
  File "C:\laragon\bin\python\python-3.10\lib\site-packages\undetected_chromedriver\__init__.py", line 372, in __init__
    options.binary_location = (
  File "C:\laragon\bin\python\python-3.10\lib\site-packages\selenium\webdriver\chromium\options.py", line 52, in binary_location
    raise TypeError(self.BINARY_LOCATION_ERROR)
TypeError: Binary Location Must be a String
2025-10-26 20:56:27,935 - ERROR - Error on attempt 33: Failed to setup driver
Traceback (most recent call last):
  File "C:\laragon\www\dapokalsel\sekolah\import_url_kabupaten.pyw", line 388, in process_url_induk
    raise Exception("Failed to setup driver")
Exception: Failed to setup driver
2025-10-26 20:56:27,935 - INFO - Retry attempt 34/300...
2025-10-26 20:56:42,951 - INFO - Setting up Chrome driver...
2025-10-26 20:56:42,952 - INFO - Using profile directory: C:\laragon\www\dapokalsel\chrome_profile
2025-10-26 20:56:42,952 - INFO - Initializing undetected Chrome driver...
2025-10-26 20:56:47,734 - INFO - patching driver executable C:\laragon\www\dapokalsel\sekolah\~\appdata\roaming\undetected_chromedriver\undetected_chromedriver.exe
2025-10-26 20:56:47,817 - ERROR - Failed to setup driver: Binary Location Must be a String
Traceback (most recent call last):
  File "C:\laragon\www\dapokalsel\sekolah\import_url_kabupaten.pyw", line 92, in setup_driver
    driver = uc.Chrome(
  File "C:\laragon\bin\python\python-3.10\lib\site-packages\undetected_chromedriver\__init__.py", line 372, in __init__
    options.binary_location = (
  File "C:\laragon\bin\python\python-3.10\lib\site-packages\selenium\webdriver\chromium\options.py", line 52, in binary_location
    raise TypeError(self.BINARY_LOCATION_ERROR)
TypeError: Binary Location Must be a String
2025-10-26 20:56:47,817 - ERROR - Error on attempt 34: Failed to setup driver
Traceback (most recent call last):
  File "C:\laragon\www\dapokalsel\sekolah\import_url_kabupaten.pyw", line 388, in process_url_induk
    raise Exception("Failed to setup driver")
Exception: Failed to setup driver
2025-10-26 20:56:47,817 - INFO - Retry attempt 35/300...
2025-10-26 20:57:02,829 - INFO - Setting up Chrome driver...
2025-10-26 20:57:02,829 - INFO - Using profile directory: C:\laragon\www\dapokalsel\chrome_profile
2025-10-26 20:57:02,829 - INFO - Initializing undetected Chrome driver...
2025-10-26 20:57:08,579 - ERROR - Failed to setup driver: [WinError 183] Cannot create a file when that file already exists: 'C:\\laragon\\www\\dapokalsel\\sekolah\\~\\appdata\\roaming\\undetected_chromedriver\\undetected\\chromedriver-win32\\chromedriver.exe' -> 'C:\\laragon\\www\\dapokalsel\\sekolah\\~\\appdata\\roaming\\undetected_chromedriver\\undetected_chromedriver.exe'
Traceback (most recent call last):
  File "C:\laragon\www\dapokalsel\sekolah\import_url_kabupaten.pyw", line 92, in setup_driver
    driver = uc.Chrome(
  File "C:\laragon\bin\python\python-3.10\lib\site-packages\undetected_chromedriver\__init__.py", line 258, in __init__
    self.patcher.auto()
  File "C:\laragon\bin\python\python-3.10\lib\site-packages\undetected_chromedriver\patcher.py", line 178, in auto
    self.unzip_package(self.fetch_package())
  File "C:\laragon\bin\python\python-3.10\lib\site-packages\undetected_chromedriver\patcher.py", line 310, in unzip_package
    os.rename(os.path.join(self.zip_path, exe_path), self.executable_path)
FileExistsError: [WinError 183] Cannot create a file when that file already exists: 'C:\\laragon\\www\\dapokalsel\\sekolah\\~\\appdata\\roaming\\undetected_chromedriver\\undetected\\chromedriver-win32\\chromedriver.exe' -> 'C:\\laragon\\www\\dapokalsel\\sekolah\\~\\appdata\\roaming\\undetected_chromedriver\\undetected_chromedriver.exe'
2025-10-26 20:57:08,580 - ERROR - Error on attempt 35: Failed to setup driver
Traceback (most recent call last):
  File "C:\laragon\www\dapokalsel\sekolah\import_url_kabupaten.pyw", line 388, in process_url_induk
    raise Exception("Failed to setup driver")
Exception: Failed to setup driver
2025-10-26 20:57:08,580 - INFO - Retry attempt 36/300...
2025-10-26 20:57:23,583 - INFO - Setting up Chrome driver...
2025-10-26 20:57:23,585 - INFO - Using profile directory: C:\laragon\www\dapokalsel\chrome_profile
2025-10-26 20:57:23,585 - INFO - Initializing undetected Chrome driver...
2025-10-26 20:57:30,331 - INFO - patching driver executable C:\laragon\www\dapokalsel\sekolah\~\appdata\roaming\undetected_chromedriver\undetected_chromedriver.exe
2025-10-26 20:57:30,432 - ERROR - Failed to setup driver: Binary Location Must be a String
Traceback (most recent call last):
  File "C:\laragon\www\dapokalsel\sekolah\import_url_kabupaten.pyw", line 92, in setup_driver
    driver = uc.Chrome(
  File "C:\laragon\bin\python\python-3.10\lib\site-packages\undetected_chromedriver\__init__.py", line 372, in __init__
    options.binary_location = (
  File "C:\laragon\bin\python\python-3.10\lib\site-packages\selenium\webdriver\chromium\options.py", line 52, in binary_location
    raise TypeError(self.BINARY_LOCATION_ERROR)
TypeError: Binary Location Must be a String
2025-10-26 20:57:30,432 - ERROR - Error on attempt 36: Failed to setup driver
Traceback (most recent call last):
  File "C:\laragon\www\dapokalsel\sekolah\import_url_kabupaten.pyw", line 388, in process_url_induk
    raise Exception("Failed to setup driver")
Exception: Failed to setup driver
2025-10-26 20:57:30,432 - INFO - Retry attempt 37/300...
2025-10-26 20:57:45,433 - INFO - Setting up Chrome driver...
2025-10-26 20:57:45,435 - INFO - Using profile directory: C:\laragon\www\dapokalsel\chrome_profile
2025-10-26 20:57:45,436 - INFO - Initializing undetected Chrome driver...
2025-10-26 20:57:49,214 - INFO - patching driver executable C:\laragon\www\dapokalsel\sekolah\~\appdata\roaming\undetected_chromedriver\undetected_chromedriver.exe
2025-10-26 20:57:49,323 - ERROR - Failed to setup driver: Binary Location Must be a String
Traceback (most recent call last):
  File "C:\laragon\www\dapokalsel\sekolah\import_url_kabupaten.pyw", line 92, in setup_driver
    driver = uc.Chrome(
  File "C:\laragon\bin\python\python-3.10\lib\site-packages\undetected_chromedriver\__init__.py", line 372, in __init__
    options.binary_location = (
  File "C:\laragon\bin\python\python-3.10\lib\site-packages\selenium\webdriver\chromium\options.py", line 52, in binary_location
    raise TypeError(self.BINARY_LOCATION_ERROR)
TypeError: Binary Location Must be a String
2025-10-26 20:57:49,324 - ERROR - Error on attempt 37: Failed to setup driver
Traceback (most recent call last):
  File "C:\laragon\www\dapokalsel\sekolah\import_url_kabupaten.pyw", line 388, in process_url_induk
    raise Exception("Failed to setup driver")
Exception: Failed to setup driver
2025-10-26 20:57:49,324 - INFO - Retry attempt 38/300...
2025-10-26 20:58:04,328 - INFO - Setting up Chrome driver...
2025-10-26 20:58:04,330 - INFO - Using profile directory: C:\laragon\www\dapokalsel\chrome_profile
2025-10-26 20:58:04,331 - INFO - Initializing undetected Chrome driver...
2025-10-26 20:58:08,330 - ERROR - Failed to setup driver: [WinError 183] Cannot create a file when that file already exists: 'C:\\laragon\\www\\dapokalsel\\sekolah\\~\\appdata\\roaming\\undetected_chromedriver\\undetected\\chromedriver-win32\\chromedriver.exe' -> 'C:\\laragon\\www\\dapokalsel\\sekolah\\~\\appdata\\roaming\\undetected_chromedriver\\undetected_chromedriver.exe'
Traceback (most recent call last):
  File "C:\laragon\www\dapokalsel\sekolah\import_url_kabupaten.pyw", line 92, in setup_driver
    driver = uc.Chrome(
  File "C:\laragon\bin\python\python-3.10\lib\site-packages\undetected_chromedriver\__init__.py", line 258, in __init__
    self.patcher.auto()
  File "C:\laragon\bin\python\python-3.10\lib\site-packages\undetected_chromedriver\patcher.py", line 178, in auto
    self.unzip_package(self.fetch_package())
  File "C:\laragon\bin\python\python-3.10\lib\site-packages\undetected_chromedriver\patcher.py", line 310, in unzip_package
    os.rename(os.path.join(self.zip_path, exe_path), self.executable_path)
FileExistsError: [WinError 183] Cannot create a file when that file already exists: 'C:\\laragon\\www\\dapokalsel\\sekolah\\~\\appdata\\roaming\\undetected_chromedriver\\undetected\\chromedriver-win32\\chromedriver.exe' -> 'C:\\laragon\\www\\dapokalsel\\sekolah\\~\\appdata\\roaming\\undetected_chromedriver\\undetected_chromedriver.exe'
2025-10-26 20:58:08,330 - ERROR - Error on attempt 38: Failed to setup driver
Traceback (most recent call last):
  File "C:\laragon\www\dapokalsel\sekolah\import_url_kabupaten.pyw", line 388, in process_url_induk
    raise Exception("Failed to setup driver")
Exception: Failed to setup driver
2025-10-26 20:58:08,330 - INFO - Retry attempt 39/300...
2025-10-26 20:58:23,330 - INFO - Setting up Chrome driver...
2025-10-26 20:58:23,332 - INFO - Using profile directory: C:\laragon\www\dapokalsel\chrome_profile
2025-10-26 20:58:23,332 - INFO - Initializing undetected Chrome driver...
2025-10-26 20:58:33,095 - INFO - patching driver executable C:\laragon\www\dapokalsel\sekolah\~\appdata\roaming\undetected_chromedriver\undetected_chromedriver.exe
2025-10-26 20:58:33,179 - ERROR - Failed to setup driver: Binary Location Must be a String
Traceback (most recent call last):
  File "C:\laragon\www\dapokalsel\sekolah\import_url_kabupaten.pyw", line 92, in setup_driver
    driver = uc.Chrome(
  File "C:\laragon\bin\python\python-3.10\lib\site-packages\undetected_chromedriver\__init__.py", line 372, in __init__
    options.binary_location = (
  File "C:\laragon\bin\python\python-3.10\lib\site-packages\selenium\webdriver\chromium\options.py", line 52, in binary_location
    raise TypeError(self.BINARY_LOCATION_ERROR)
TypeError: Binary Location Must be a String
2025-10-26 20:58:33,179 - ERROR - Error on attempt 39: Failed to setup driver
Traceback (most recent call last):
  File "C:\laragon\www\dapokalsel\sekolah\import_url_kabupaten.pyw", line 388, in process_url_induk
    raise Exception("Failed to setup driver")
Exception: Failed to setup driver
2025-10-26 20:58:33,179 - INFO - Retry attempt 40/300...
2025-10-26 20:58:48,179 - INFO - Setting up Chrome driver...
2025-10-26 20:58:48,180 - INFO - Using profile directory: C:\laragon\www\dapokalsel\chrome_profile
2025-10-26 20:58:48,181 - INFO - Initializing undetected Chrome driver...
2025-10-26 20:58:53,244 - INFO - patching driver executable C:\laragon\www\dapokalsel\sekolah\~\appdata\roaming\undetected_chromedriver\undetected_chromedriver.exe
2025-10-26 20:58:53,328 - ERROR - Failed to setup driver: Binary Location Must be a String
Traceback (most recent call last):
  File "C:\laragon\www\dapokalsel\sekolah\import_url_kabupaten.pyw", line 92, in setup_driver
    driver = uc.Chrome(
  File "C:\laragon\bin\python\python-3.10\lib\site-packages\undetected_chromedriver\__init__.py", line 372, in __init__
    options.binary_location = (
  File "C:\laragon\bin\python\python-3.10\lib\site-packages\selenium\webdriver\chromium\options.py", line 52, in binary_location
    raise TypeError(self.BINARY_LOCATION_ERROR)
TypeError: Binary Location Must be a String
2025-10-26 20:58:53,328 - ERROR - Error on attempt 40: Failed to setup driver
Traceback (most recent call last):
  File "C:\laragon\www\dapokalsel\sekolah\import_url_kabupaten.pyw", line 388, in process_url_induk
    raise Exception("Failed to setup driver")
Exception: Failed to setup driver
2025-10-26 20:58:53,328 - INFO - Retry attempt 41/300...
2025-10-26 20:59:08,328 - INFO - Setting up Chrome driver...
2025-10-26 20:59:08,331 - INFO - Using profile directory: C:\laragon\www\dapokalsel\chrome_profile
2025-10-26 20:59:08,331 - INFO - Initializing undetected Chrome driver...
2025-10-26 20:59:11,984 - INFO - patching driver executable C:\laragon\www\dapokalsel\sekolah\~\appdata\roaming\undetected_chromedriver\undetected_chromedriver.exe
2025-10-26 20:59:12,071 - ERROR - Failed to setup driver: Binary Location Must be a String
Traceback (most recent call last):
  File "C:\laragon\www\dapokalsel\sekolah\import_url_kabupaten.pyw", line 92, in setup_driver
    driver = uc.Chrome(
  File "C:\laragon\bin\python\python-3.10\lib\site-packages\undetected_chromedriver\__init__.py", line 372, in __init__
    options.binary_location = (
  File "C:\laragon\bin\python\python-3.10\lib\site-packages\selenium\webdriver\chromium\options.py", line 52, in binary_location
    raise TypeError(self.BINARY_LOCATION_ERROR)
TypeError: Binary Location Must be a String
2025-10-26 20:59:12,072 - ERROR - Error on attempt 41: Failed to setup driver
Traceback (most recent call last):
  File "C:\laragon\www\dapokalsel\sekolah\import_url_kabupaten.pyw", line 388, in process_url_induk
    raise Exception("Failed to setup driver")
Exception: Failed to setup driver
2025-10-26 20:59:12,072 - INFO - Retry attempt 42/300...
2025-10-26 20:59:27,074 - INFO - Setting up Chrome driver...
2025-10-26 20:59:27,074 - INFO - Using profile directory: C:\laragon\www\dapokalsel\chrome_profile
2025-10-26 20:59:27,075 - INFO - Initializing undetected Chrome driver...
2025-10-26 20:59:31,077 - INFO - patching driver executable C:\laragon\www\dapokalsel\sekolah\~\appdata\roaming\undetected_chromedriver\undetected_chromedriver.exe
2025-10-26 20:59:31,154 - ERROR - Failed to setup driver: Binary Location Must be a String
Traceback (most recent call last):
  File "C:\laragon\www\dapokalsel\sekolah\import_url_kabupaten.pyw", line 92, in setup_driver
    driver = uc.Chrome(
  File "C:\laragon\bin\python\python-3.10\lib\site-packages\undetected_chromedriver\__init__.py", line 372, in __init__
    options.binary_location = (
  File "C:\laragon\bin\python\python-3.10\lib\site-packages\selenium\webdriver\chromium\options.py", line 52, in binary_location
    raise TypeError(self.BINARY_LOCATION_ERROR)
TypeError: Binary Location Must be a String
2025-10-26 20:59:31,155 - ERROR - Error on attempt 42: Failed to setup driver
Traceback (most recent call last):
  File "C:\laragon\www\dapokalsel\sekolah\import_url_kabupaten.pyw", line 388, in process_url_induk
    raise Exception("Failed to setup driver")
Exception: Failed to setup driver
2025-10-26 20:59:31,155 - INFO - Retry attempt 43/300...
2025-10-26 20:59:46,155 - INFO - Setting up Chrome driver...
2025-10-26 20:59:46,156 - INFO - Using profile directory: C:\laragon\www\dapokalsel\chrome_profile
2025-10-26 20:59:46,156 - INFO - Initializing undetected Chrome driver...
2025-10-26 20:59:51,595 - INFO - patching driver executable C:\laragon\www\dapokalsel\sekolah\~\appdata\roaming\undetected_chromedriver\undetected_chromedriver.exe
2025-10-26 20:59:51,677 - ERROR - Failed to setup driver: Binary Location Must be a String
Traceback (most recent call last):
  File "C:\laragon\www\dapokalsel\sekolah\import_url_kabupaten.pyw", line 92, in setup_driver
    driver = uc.Chrome(
  File "C:\laragon\bin\python\python-3.10\lib\site-packages\undetected_chromedriver\__init__.py", line 372, in __init__
    options.binary_location = (
  File "C:\laragon\bin\python\python-3.10\lib\site-packages\selenium\webdriver\chromium\options.py", line 52, in binary_location
    raise TypeError(self.BINARY_LOCATION_ERROR)
TypeError: Binary Location Must be a String
2025-10-26 20:59:51,677 - ERROR - Error on attempt 43: Failed to setup driver
Traceback (most recent call last):
  File "C:\laragon\www\dapokalsel\sekolah\import_url_kabupaten.pyw", line 388, in process_url_induk
    raise Exception("Failed to setup driver")
Exception: Failed to setup driver
2025-10-26 20:59:51,678 - INFO - Retry attempt 44/300...
2025-10-26 21:00:06,678 - INFO - Setting up Chrome driver...
2025-10-26 21:00:06,678 - INFO - Using profile directory: C:\laragon\www\dapokalsel\chrome_profile
2025-10-26 21:00:06,678 - INFO - Initializing undetected Chrome driver...
2025-10-26 21:00:10,092 - INFO - patching driver executable C:\laragon\www\dapokalsel\sekolah\~\appdata\roaming\undetected_chromedriver\undetected_chromedriver.exe
2025-10-26 21:00:10,194 - ERROR - Failed to setup driver: Binary Location Must be a String
Traceback (most recent call last):
  File "C:\laragon\www\dapokalsel\sekolah\import_url_kabupaten.pyw", line 92, in setup_driver
    driver = uc.Chrome(
  File "C:\laragon\bin\python\python-3.10\lib\site-packages\undetected_chromedriver\__init__.py", line 372, in __init__
    options.binary_location = (
  File "C:\laragon\bin\python\python-3.10\lib\site-packages\selenium\webdriver\chromium\options.py", line 52, in binary_location
    raise TypeError(self.BINARY_LOCATION_ERROR)
TypeError: Binary Location Must be a String
2025-10-26 21:00:10,194 - ERROR - Error on attempt 44: Failed to setup driver
Traceback (most recent call last):
  File "C:\laragon\www\dapokalsel\sekolah\import_url_kabupaten.pyw", line 388, in process_url_induk
    raise Exception("Failed to setup driver")
Exception: Failed to setup driver
2025-10-26 21:00:10,194 - INFO - Retry attempt 45/300...
2025-10-26 21:00:25,195 - INFO - Setting up Chrome driver...
2025-10-26 21:00:25,195 - INFO - Using profile directory: C:\laragon\www\dapokalsel\chrome_profile
2025-10-26 21:00:25,195 - INFO - Initializing undetected Chrome driver...
2025-10-26 21:00:28,770 - INFO - patching driver executable C:\laragon\www\dapokalsel\sekolah\~\appdata\roaming\undetected_chromedriver\undetected_chromedriver.exe
2025-10-26 21:00:28,871 - ERROR - Failed to setup driver: Binary Location Must be a String
Traceback (most recent call last):
  File "C:\laragon\www\dapokalsel\sekolah\import_url_kabupaten.pyw", line 92, in setup_driver
    driver = uc.Chrome(
  File "C:\laragon\bin\python\python-3.10\lib\site-packages\undetected_chromedriver\__init__.py", line 372, in __init__
    options.binary_location = (
  File "C:\laragon\bin\python\python-3.10\lib\site-packages\selenium\webdriver\chromium\options.py", line 52, in binary_location
    raise TypeError(self.BINARY_LOCATION_ERROR)
TypeError: Binary Location Must be a String
2025-10-26 21:00:28,872 - ERROR - Error on attempt 45: Failed to setup driver
Traceback (most recent call last):
  File "C:\laragon\www\dapokalsel\sekolah\import_url_kabupaten.pyw", line 388, in process_url_induk
    raise Exception("Failed to setup driver")
Exception: Failed to setup driver
2025-10-26 21:00:28,872 - INFO - Retry attempt 46/300...
2025-10-26 21:00:43,873 - INFO - Setting up Chrome driver...
2025-10-26 21:00:43,873 - INFO - Using profile directory: C:\laragon\www\dapokalsel\chrome_profile
2025-10-26 21:00:43,874 - INFO - Initializing undetected Chrome driver...
2025-10-26 21:00:48,703 - INFO - patching driver executable C:\laragon\www\dapokalsel\sekolah\~\appdata\roaming\undetected_chromedriver\undetected_chromedriver.exe
2025-10-26 21:00:48,786 - ERROR - Failed to setup driver: Binary Location Must be a String
Traceback (most recent call last):
  File "C:\laragon\www\dapokalsel\sekolah\import_url_kabupaten.pyw", line 92, in setup_driver
    temp_dir = tempfile.gettempdir()
  File "C:\laragon\bin\python\python-3.10\lib\site-packages\undetected_chromedriver\__init__.py", line 372, in __init__
    options.binary_location = (
  File "C:\laragon\bin\python\python-3.10\lib\site-packages\selenium\webdriver\chromium\options.py", line 52, in binary_location
    raise TypeError(self.BINARY_LOCATION_ERROR)
TypeError: Binary Location Must be a String
2025-10-26 21:00:48,786 - ERROR - Error on attempt 46: Failed to setup driver
Traceback (most recent call last):
  File "C:\laragon\www\dapokalsel\sekolah\import_url_kabupaten.pyw", line 388, in process_url_induk
    logger.warning(f"Row {idx} missing data: kode={kode}, nama={nama}, url={full_url}")
Exception: Failed to setup driver
2025-10-26 21:00:48,801 - INFO - Retry attempt 47/300...
2025-10-26 21:01:03,802 - INFO - Setting up Chrome driver...
2025-10-26 21:01:03,803 - INFO - Using profile directory: C:\laragon\www\dapokalsel\chrome_profile
2025-10-26 21:01:03,803 - INFO - Initializing undetected Chrome driver...
2025-10-26 21:01:08,747 - INFO - patching driver executable C:\laragon\www\dapokalsel\sekolah\~\appdata\roaming\undetected_chromedriver\undetected_chromedriver.exe
2025-10-26 21:01:08,867 - ERROR - Failed to setup driver: Binary Location Must be a String
Traceback (most recent call last):
  File "C:\laragon\www\dapokalsel\sekolah\import_url_kabupaten.pyw", line 92, in setup_driver
    temp_dir = tempfile.gettempdir()
  File "C:\laragon\bin\python\python-3.10\lib\site-packages\undetected_chromedriver\__init__.py", line 372, in __init__
    options.binary_location = (
  File "C:\laragon\bin\python\python-3.10\lib\site-packages\selenium\webdriver\chromium\options.py", line 52, in binary_location
    raise TypeError(self.BINARY_LOCATION_ERROR)
TypeError: Binary Location Must be a String
2025-10-26 21:01:08,870 - ERROR - Error on attempt 47: Failed to setup driver
Traceback (most recent call last):
  File "C:\laragon\www\dapokalsel\sekolah\import_url_kabupaten.pyw", line 388, in process_url_induk
    logger.warning(f"Row {idx} missing data: kode={kode}, nama={nama}, url={full_url}")
Exception: Failed to setup driver
2025-10-26 21:01:08,871 - INFO - Retry attempt 48/300...
2025-10-26 21:01:23,886 - INFO - Setting up Chrome driver...
2025-10-26 21:01:23,887 - INFO - Using profile directory: C:\laragon\www\dapokalsel\chrome_profile
2025-10-26 21:01:23,887 - INFO - Initializing undetected Chrome driver...
2025-10-26 21:01:28,735 - ERROR - Failed to setup driver: [WinError 183] Cannot create a file when that file already exists: 'C:\\laragon\\www\\dapokalsel\\sekolah\\~\\appdata\\roaming\\undetected_chromedriver\\undetected\\chromedriver-win32\\chromedriver.exe' -> 'C:\\laragon\\www\\dapokalsel\\sekolah\\~\\appdata\\roaming\\undetected_chromedriver\\undetected_chromedriver.exe'
Traceback (most recent call last):
  File "C:\laragon\www\dapokalsel\sekolah\import_url_kabupaten.pyw", line 92, in setup_driver
    temp_dir = tempfile.gettempdir()
  File "C:\laragon\bin\python\python-3.10\lib\site-packages\undetected_chromedriver\__init__.py", line 258, in __init__
    self.patcher.auto()
  File "C:\laragon\bin\python\python-3.10\lib\site-packages\undetected_chromedriver\patcher.py", line 178, in auto
    self.unzip_package(self.fetch_package())
  File "C:\laragon\bin\python\python-3.10\lib\site-packages\undetected_chromedriver\patcher.py", line 310, in unzip_package
    os.rename(os.path.join(self.zip_path, exe_path), self.executable_path)
FileExistsError: [WinError 183] Cannot create a file when that file already exists: 'C:\\laragon\\www\\dapokalsel\\sekolah\\~\\appdata\\roaming\\undetected_chromedriver\\undetected\\chromedriver-win32\\chromedriver.exe' -> 'C:\\laragon\\www\\dapokalsel\\sekolah\\~\\appdata\\roaming\\undetected_chromedriver\\undetected_chromedriver.exe'
2025-10-26 21:01:28,735 - ERROR - Error on attempt 48: Failed to setup driver
Traceback (most recent call last):
  File "C:\laragon\www\dapokalsel\sekolah\import_url_kabupaten.pyw", line 388, in process_url_induk
    logger.warning(f"Row {idx} missing data: kode={kode}, nama={nama}, url={full_url}")
Exception: Failed to setup driver
2025-10-26 21:01:28,735 - INFO - Retry attempt 49/300...
2025-10-26 21:01:43,749 - INFO - Setting up Chrome driver...
2025-10-26 21:01:43,750 - INFO - Using profile directory: C:\laragon\www\dapokalsel\chrome_profile
2025-10-26 21:01:43,750 - INFO - Initializing undetected Chrome driver...
2025-10-26 21:01:52,334 - INFO - patching driver executable C:\laragon\www\dapokalsel\sekolah\~\appdata\roaming\undetected_chromedriver\undetected_chromedriver.exe
2025-10-26 21:01:52,417 - ERROR - Failed to setup driver: Binary Location Must be a String
Traceback (most recent call last):
  File "C:\laragon\www\dapokalsel\sekolah\import_url_kabupaten.pyw", line 92, in setup_driver
    temp_dir = tempfile.gettempdir()
  File "C:\laragon\bin\python\python-3.10\lib\site-packages\undetected_chromedriver\__init__.py", line 372, in __init__
    options.binary_location = (
  File "C:\laragon\bin\python\python-3.10\lib\site-packages\selenium\webdriver\chromium\options.py", line 52, in binary_location
    raise TypeError(self.BINARY_LOCATION_ERROR)
TypeError: Binary Location Must be a String
2025-10-26 21:01:52,417 - ERROR - Error on attempt 49: Failed to setup driver
Traceback (most recent call last):
  File "C:\laragon\www\dapokalsel\sekolah\import_url_kabupaten.pyw", line 388, in process_url_induk
    logger.warning(f"Row {idx} missing data: kode={kode}, nama={nama}, url={full_url}")
Exception: Failed to setup driver
2025-10-26 21:01:52,417 - INFO - Retry attempt 50/300...
2025-10-26 21:02:07,418 - INFO - Setting up Chrome driver...
2025-10-26 21:02:07,419 - INFO - Using profile directory: C:\laragon\www\dapokalsel\chrome_profile
2025-10-26 21:02:07,420 - INFO - Initializing undetected Chrome driver...
2025-10-26 21:02:16,583 - INFO - patching driver executable C:\laragon\www\dapokalsel\sekolah\~\appdata\roaming\undetected_chromedriver\undetected_chromedriver.exe
2025-10-26 21:02:16,683 - ERROR - Failed to setup driver: Binary Location Must be a String
Traceback (most recent call last):
  File "C:\laragon\www\dapokalsel\sekolah\import_url_kabupaten.pyw", line 92, in setup_driver
    temp_dir = tempfile.gettempdir()
  File "C:\laragon\bin\python\python-3.10\lib\site-packages\undetected_chromedriver\__init__.py", line 372, in __init__
    options.binary_location = (
  File "C:\laragon\bin\python\python-3.10\lib\site-packages\selenium\webdriver\chromium\options.py", line 52, in binary_location
    raise TypeError(self.BINARY_LOCATION_ERROR)
TypeError: Binary Location Must be a String
2025-10-26 21:02:16,683 - ERROR - Error on attempt 50: Failed to setup driver
Traceback (most recent call last):
  File "C:\laragon\www\dapokalsel\sekolah\import_url_kabupaten.pyw", line 388, in process_url_induk
    logger.warning(f"Row {idx} missing data: kode={kode}, nama={nama}, url={full_url}")
Exception: Failed to setup driver
2025-10-26 21:02:16,683 - INFO - Retry attempt 51/300...
2025-10-26 21:02:31,697 - INFO - Setting up Chrome driver...
2025-10-26 21:02:31,697 - INFO - Using profile directory: C:\laragon\www\dapokalsel\chrome_profile
2025-10-26 21:02:31,698 - INFO - Initializing undetected Chrome driver...
2025-10-26 21:02:45,401 - ERROR - Failed to setup driver: <urlopen error [WinError 10054] An existing connection was forcibly closed by the remote host>
Traceback (most recent call last):
  File "C:\laragon\bin\python\python-3.10\lib\urllib\request.py", line 1348, in do_open
    h.request(req.get_method(), req.selector, req.data, headers,
  File "C:\laragon\bin\python\python-3.10\lib\http\client.py", line 1282, in request
    self._send_request(method, url, body, headers, encode_chunked)
  File "C:\laragon\bin\python\python-3.10\lib\http\client.py", line 1328, in _send_request
    self.endheaders(body, encode_chunked=encode_chunked)
  File "C:\laragon\bin\python\python-3.10\lib\http\client.py", line 1277, in endheaders
    self._send_output(message_body, encode_chunked=encode_chunked)
  File "C:\laragon\bin\python\python-3.10\lib\http\client.py", line 1037, in _send_output
    self.send(msg)
  File "C:\laragon\bin\python\python-3.10\lib\http\client.py", line 975, in send
    self.connect()
  File "C:\laragon\bin\python\python-3.10\lib\http\client.py", line 1454, in connect
    self.sock = self._context.wrap_socket(self.sock,
  File "C:\laragon\bin\python\python-3.10\lib\ssl.py", line 513, in wrap_socket
    return self.sslsocket_class._create(
  File "C:\laragon\bin\python\python-3.10\lib\ssl.py", line 1071, in _create
    self.do_handshake()
  File "C:\laragon\bin\python\python-3.10\lib\ssl.py", line 1342, in do_handshake
    self._sslobj.do_handshake()
ConnectionResetError: [WinError 10054] An existing connection was forcibly closed by the remote host

During handling of the above exception, another exception occurred:

Traceback (most recent call last):
  File "C:\laragon\www\dapokalsel\sekolah\import_url_kabupaten.pyw", line 92, in setup_driver
    temp_dir = tempfile.gettempdir()
  File "C:\laragon\bin\python\python-3.10\lib\site-packages\undetected_chromedriver\__init__.py", line 258, in __init__
    self.patcher.auto()
  File "C:\laragon\bin\python\python-3.10\lib\site-packages\undetected_chromedriver\patcher.py", line 175, in auto
    release = self.fetch_release_number()
  File "C:\laragon\bin\python\python-3.10\lib\site-packages\undetected_chromedriver\patcher.py", line 250, in fetch_release_number
    with urlopen(self.url_repo + path) as conn:
  File "C:\laragon\bin\python\python-3.10\lib\urllib\request.py", line 216, in urlopen
    return opener.open(url, data, timeout)
  File "C:\laragon\bin\python\python-3.10\lib\urllib\request.py", line 519, in open
    response = self._open(req, data)
  File "C:\laragon\bin\python\python-3.10\lib\urllib\request.py", line 536, in _open
    result = self._call_chain(self.handle_open, protocol, protocol +
  File "C:\laragon\bin\python\python-3.10\lib\urllib\request.py", line 496, in _call_chain
    result = func(*args)
  File "C:\laragon\bin\python\python-3.10\lib\urllib\request.py", line 1391, in https_open
    return self.do_open(http.client.HTTPSConnection, req,
  File "C:\laragon\bin\python\python-3.10\lib\urllib\request.py", line 1351, in do_open
    raise URLError(err)
urllib.error.URLError: <urlopen error [WinError 10054] An existing connection was forcibly closed by the remote host>
2025-10-26 21:02:45,465 - ERROR - Error on attempt 51: Failed to setup driver
Traceback (most recent call last):
  File "C:\laragon\www\dapokalsel\sekolah\import_url_kabupaten.pyw", line 388, in process_url_induk
    logger.warning(f"Row {idx} missing data: kode={kode}, nama={nama}, url={full_url}")
Exception: Failed to setup driver
2025-10-26 21:02:45,468 - INFO - Retry attempt 52/300...
2025-10-26 21:03:00,482 - INFO - Setting up Chrome driver...
2025-10-26 21:03:00,485 - INFO - Using profile directory: C:\laragon\www\dapokalsel\chrome_profile
2025-10-26 21:03:00,486 - INFO - Initializing undetected Chrome driver...
2025-10-26 21:03:59,244 - ERROR - Failed to setup driver: [WinError 183] Cannot create a file when that file already exists: 'C:\\laragon\\www\\dapokalsel\\sekolah\\~\\appdata\\roaming\\undetected_chromedriver\\undetected\\chromedriver-win32\\chromedriver.exe' -> 'C:\\laragon\\www\\dapokalsel\\sekolah\\~\\appdata\\roaming\\undetected_chromedriver\\undetected_chromedriver.exe'
Traceback (most recent call last):
  File "C:\laragon\www\dapokalsel\sekolah\import_url_kabupaten.pyw", line 92, in setup_driver
    temp_dir = tempfile.gettempdir()
  File "C:\laragon\bin\python\python-3.10\lib\site-packages\undetected_chromedriver\__init__.py", line 258, in __init__
    self.patcher.auto()
  File "C:\laragon\bin\python\python-3.10\lib\site-packages\undetected_chromedriver\patcher.py", line 178, in auto
    self.unzip_package(self.fetch_package())
  File "C:\laragon\bin\python\python-3.10\lib\site-packages\undetected_chromedriver\patcher.py", line 310, in unzip_package
    os.rename(os.path.join(self.zip_path, exe_path), self.executable_path)
FileExistsError: [WinError 183] Cannot create a file when that file already exists: 'C:\\laragon\\www\\dapokalsel\\sekolah\\~\\appdata\\roaming\\undetected_chromedriver\\undetected\\chromedriver-win32\\chromedriver.exe' -> 'C:\\laragon\\www\\dapokalsel\\sekolah\\~\\appdata\\roaming\\undetected_chromedriver\\undetected_chromedriver.exe'
2025-10-26 21:03:59,244 - ERROR - Error on attempt 52: Failed to setup driver
Traceback (most recent call last):
  File "C:\laragon\www\dapokalsel\sekolah\import_url_kabupaten.pyw", line 388, in process_url_induk
    logger.warning(f"Row {idx} missing data: kode={kode}, nama={nama}, url={full_url}")
Exception: Failed to setup driver
2025-10-26 21:03:59,244 - INFO - Retry attempt 53/300...
2025-10-26 21:04:14,244 - INFO - Setting up Chrome driver...
2025-10-26 21:04:14,247 - INFO - Using profile directory: C:\laragon\www\dapokalsel\chrome_profile
2025-10-26 21:04:14,249 - INFO - Initializing undetected Chrome driver...
2025-10-26 21:04:28,077 - ERROR - Failed to setup driver: [WinError 183] Cannot create a file when that file already exists: 'C:\\laragon\\www\\dapokalsel\\sekolah\\~\\appdata\\roaming\\undetected_chromedriver\\undetected\\chromedriver-win32\\chromedriver.exe' -> 'C:\\laragon\\www\\dapokalsel\\sekolah\\~\\appdata\\roaming\\undetected_chromedriver\\undetected_chromedriver.exe'
Traceback (most recent call last):
  File "C:\laragon\www\dapokalsel\sekolah\import_url_kabupaten.pyw", line 92, in setup_driver
    temp_dir = tempfile.gettempdir()
  File "C:\laragon\bin\python\python-3.10\lib\site-packages\undetected_chromedriver\__init__.py", line 258, in __init__
    self.patcher.auto()
  File "C:\laragon\bin\python\python-3.10\lib\site-packages\undetected_chromedriver\patcher.py", line 178, in auto
    self.unzip_package(self.fetch_package())
  File "C:\laragon\bin\python\python-3.10\lib\site-packages\undetected_chromedriver\patcher.py", line 310, in unzip_package
    os.rename(os.path.join(self.zip_path, exe_path), self.executable_path)
FileExistsError: [WinError 183] Cannot create a file when that file already exists: 'C:\\laragon\\www\\dapokalsel\\sekolah\\~\\appdata\\roaming\\undetected_chromedriver\\undetected\\chromedriver-win32\\chromedriver.exe' -> 'C:\\laragon\\www\\dapokalsel\\sekolah\\~\\appdata\\roaming\\undetected_chromedriver\\undetected_chromedriver.exe'
2025-10-26 21:04:28,077 - ERROR - Error on attempt 53: Failed to setup driver
Traceback (most recent call last):
  File "C:\laragon\www\dapokalsel\sekolah\import_url_kabupaten.pyw", line 388, in process_url_induk
    logger.warning(f"Row {idx} missing data: kode={kode}, nama={nama}, url={full_url}")
Exception: Failed to setup driver
2025-10-26 21:04:28,077 - INFO - Retry attempt 54/300...
2025-10-26 21:04:43,078 - INFO - Setting up Chrome driver...
2025-10-26 21:04:43,078 - INFO - Using profile directory: C:\laragon\www\dapokalsel\chrome_profile
2025-10-26 21:04:43,078 - INFO - Initializing undetected Chrome driver...
2025-10-26 21:04:51,266 - ERROR - Failed to setup driver: [WinError 183] Cannot create a file when that file already exists: 'C:\\laragon\\www\\dapokalsel\\sekolah\\~\\appdata\\roaming\\undetected_chromedriver\\undetected\\chromedriver-win32\\chromedriver.exe' -> 'C:\\laragon\\www\\dapokalsel\\sekolah\\~\\appdata\\roaming\\undetected_chromedriver\\undetected_chromedriver.exe'
Traceback (most recent call last):
  File "C:\laragon\www\dapokalsel\sekolah\import_url_kabupaten.pyw", line 92, in setup_driver
    temp_dir = tempfile.gettempdir()
  File "C:\laragon\bin\python\python-3.10\lib\site-packages\undetected_chromedriver\__init__.py", line 258, in __init__
    self.patcher.auto()
  File "C:\laragon\bin\python\python-3.10\lib\site-packages\undetected_chromedriver\patcher.py", line 178, in auto
    self.unzip_package(self.fetch_package())
  File "C:\laragon\bin\python\python-3.10\lib\site-packages\undetected_chromedriver\patcher.py", line 310, in unzip_package
    os.rename(os.path.join(self.zip_path, exe_path), self.executable_path)
FileExistsError: [WinError 183] Cannot create a file when that file already exists: 'C:\\laragon\\www\\dapokalsel\\sekolah\\~\\appdata\\roaming\\undetected_chromedriver\\undetected\\chromedriver-win32\\chromedriver.exe' -> 'C:\\laragon\\www\\dapokalsel\\sekolah\\~\\appdata\\roaming\\undetected_chromedriver\\undetected_chromedriver.exe'
2025-10-26 21:04:51,266 - ERROR - Error on attempt 54: Failed to setup driver
Traceback (most recent call last):
  File "C:\laragon\www\dapokalsel\sekolah\import_url_kabupaten.pyw", line 388, in process_url_induk
    logger.warning(f"Row {idx} missing data: kode={kode}, nama={nama}, url={full_url}")
Exception: Failed to setup driver
2025-10-26 21:04:51,266 - INFO - Retry attempt 55/300...
2025-10-26 21:05:06,268 - INFO - Setting up Chrome driver...
2025-10-26 21:05:06,269 - INFO - Using profile directory: C:\laragon\www\dapokalsel\chrome_profile
2025-10-26 21:05:06,270 - INFO - Initializing undetected Chrome driver...
2025-10-26 21:05:13,331 - ERROR - Failed to setup driver: [WinError 183] Cannot create a file when that file already exists: 'C:\\laragon\\www\\dapokalsel\\sekolah\\~\\appdata\\roaming\\undetected_chromedriver\\undetected\\chromedriver-win32\\chromedriver.exe' -> 'C:\\laragon\\www\\dapokalsel\\sekolah\\~\\appdata\\roaming\\undetected_chromedriver\\undetected_chromedriver.exe'
Traceback (most recent call last):
  File "C:\laragon\www\dapokalsel\sekolah\import_url_kabupaten.pyw", line 92, in setup_driver
    temp_dir = tempfile.gettempdir()
  File "C:\laragon\bin\python\python-3.10\lib\site-packages\undetected_chromedriver\__init__.py", line 258, in __init__
    self.patcher.auto()
  File "C:\laragon\bin\python\python-3.10\lib\site-packages\undetected_chromedriver\patcher.py", line 178, in auto
    self.unzip_package(self.fetch_package())
  File "C:\laragon\bin\python\python-3.10\lib\site-packages\undetected_chromedriver\patcher.py", line 310, in unzip_package
    os.rename(os.path.join(self.zip_path, exe_path), self.executable_path)
FileExistsError: [WinError 183] Cannot create a file when that file already exists: 'C:\\laragon\\www\\dapokalsel\\sekolah\\~\\appdata\\roaming\\undetected_chromedriver\\undetected\\chromedriver-win32\\chromedriver.exe' -> 'C:\\laragon\\www\\dapokalsel\\sekolah\\~\\appdata\\roaming\\undetected_chromedriver\\undetected_chromedriver.exe'
2025-10-26 21:05:13,331 - ERROR - Error on attempt 55: Failed to setup driver
Traceback (most recent call last):
  File "C:\laragon\www\dapokalsel\sekolah\import_url_kabupaten.pyw", line 388, in process_url_induk
    logger.warning(f"Row {idx} missing data: kode={kode}, nama={nama}, url={full_url}")
Exception: Failed to setup driver
2025-10-26 21:05:13,331 - INFO - Retry attempt 56/300...
2025-10-26 21:05:28,345 - INFO - Setting up Chrome driver...
2025-10-26 21:05:28,345 - INFO - Using profile directory: C:\laragon\www\dapokalsel\chrome_profile
2025-10-26 21:05:28,345 - INFO - Initializing undetected Chrome driver...
2025-10-26 21:05:36,541 - INFO - patching driver executable C:\laragon\www\dapokalsel\sekolah\~\appdata\roaming\undetected_chromedriver\undetected_chromedriver.exe
2025-10-26 21:05:36,969 - ERROR - Failed to setup driver: Binary Location Must be a String
Traceback (most recent call last):
  File "C:\laragon\www\dapokalsel\sekolah\import_url_kabupaten.pyw", line 92, in setup_driver
    temp_dir = tempfile.gettempdir()
  File "C:\laragon\bin\python\python-3.10\lib\site-packages\undetected_chromedriver\__init__.py", line 372, in __init__
    options.binary_location = (
  File "C:\laragon\bin\python\python-3.10\lib\site-packages\selenium\webdriver\chromium\options.py", line 52, in binary_location
    raise TypeError(self.BINARY_LOCATION_ERROR)
TypeError: Binary Location Must be a String
2025-10-26 21:05:36,970 - ERROR - Error on attempt 56: Failed to setup driver
Traceback (most recent call last):
  File "C:\laragon\www\dapokalsel\sekolah\import_url_kabupaten.pyw", line 388, in process_url_induk
    logger.warning(f"Row {idx} missing data: kode={kode}, nama={nama}, url={full_url}")
Exception: Failed to setup driver
2025-10-26 21:05:36,970 - INFO - Retry attempt 57/300...
2025-10-26 21:05:51,971 - INFO - Setting up Chrome driver...
2025-10-26 21:05:51,972 - INFO - Using profile directory: C:\laragon\www\dapokalsel\chrome_profile
2025-10-26 21:05:51,972 - INFO - Initializing undetected Chrome driver...
2025-10-26 21:05:55,626 - INFO - patching driver executable C:\laragon\www\dapokalsel\sekolah\~\appdata\roaming\undetected_chromedriver\undetected_chromedriver.exe
2025-10-26 21:05:55,742 - ERROR - Failed to setup driver: Binary Location Must be a String
Traceback (most recent call last):
  File "C:\laragon\www\dapokalsel\sekolah\import_url_kabupaten.pyw", line 92, in setup_driver
    temp_dir = tempfile.gettempdir()
  File "C:\laragon\bin\python\python-3.10\lib\site-packages\undetected_chromedriver\__init__.py", line 372, in __init__
    options.binary_location = (
  File "C:\laragon\bin\python\python-3.10\lib\site-packages\selenium\webdriver\chromium\options.py", line 52, in binary_location
    raise TypeError(self.BINARY_LOCATION_ERROR)
TypeError: Binary Location Must be a String
2025-10-26 21:05:55,743 - ERROR - Error on attempt 57: Failed to setup driver
Traceback (most recent call last):
  File "C:\laragon\www\dapokalsel\sekolah\import_url_kabupaten.pyw", line 388, in process_url_induk
    logger.warning(f"Row {idx} missing data: kode={kode}, nama={nama}, url={full_url}")
Exception: Failed to setup driver
2025-10-26 21:05:55,744 - INFO - Retry attempt 58/300...
2025-10-26 21:06:10,745 - INFO - Setting up Chrome driver...
2025-10-26 21:06:10,745 - INFO - Using profile directory: C:\laragon\www\dapokalsel\chrome_profile
2025-10-26 21:06:10,745 - INFO - Initializing undetected Chrome driver...
2025-10-26 21:08:20,941 - ERROR - Failed to setup driver: [WinError 32] The process cannot access the file because it is being used by another process: 'C:\\laragon\\www\\dapokalsel\\sekolah\\~\\appdata\\roaming\\undetected_chromedriver\\undetected\\chromedriver-win32\\chromedriver.exe'
Traceback (most recent call last):
  File "C:\laragon\www\dapokalsel\sekolah\import_url_kabupaten.pyw", line 92, in setup_driver
    temp_dir = tempfile.gettempdir()
  File "C:\laragon\bin\python\python-3.10\lib\site-packages\undetected_chromedriver\__init__.py", line 258, in __init__
    self.patcher.auto()
  File "C:\laragon\bin\python\python-3.10\lib\site-packages\undetected_chromedriver\patcher.py", line 178, in auto
    self.unzip_package(self.fetch_package())
  File "C:\laragon\bin\python\python-3.10\lib\site-packages\undetected_chromedriver\patcher.py", line 312, in unzip_package
    shutil.rmtree(self.zip_path)
  File "C:\laragon\bin\python\python-3.10\lib\shutil.py", line 749, in rmtree
    return _rmtree_unsafe(path, onerror)
  File "C:\laragon\bin\python\python-3.10\lib\shutil.py", line 614, in _rmtree_unsafe
    _rmtree_unsafe(fullname, onerror)
  File "C:\laragon\bin\python\python-3.10\lib\shutil.py", line 619, in _rmtree_unsafe
    onerror(os.unlink, fullname, sys.exc_info())
  File "C:\laragon\bin\python\python-3.10\lib\shutil.py", line 617, in _rmtree_unsafe
    os.unlink(fullname)
PermissionError: [WinError 32] The process cannot access the file because it is being used by another process: 'C:\\laragon\\www\\dapokalsel\\sekolah\\~\\appdata\\roaming\\undetected_chromedriver\\undetected\\chromedriver-win32\\chromedriver.exe'
2025-10-26 21:08:38,831 - ERROR - Error on attempt 58: Failed to setup driver
Traceback (most recent call last):
  File "C:\laragon\www\dapokalsel\sekolah\import_url_kabupaten.pyw", line 388, in process_url_induk
    logger.warning(f"Row {idx} missing data: kode={kode}, nama={nama}, url={full_url}")
Exception: Failed to setup driver
2025-10-26 21:08:38,831 - INFO - Retry attempt 59/300...
2025-10-26 21:08:53,832 - INFO - Setting up Chrome driver...
2025-10-26 21:08:53,855 - INFO - Using profile directory: C:\laragon\www\dapokalsel\chrome_profile
2025-10-26 21:08:53,855 - INFO - Initializing undetected Chrome driver...
2025-10-26 21:09:16,222 - ERROR - Failed to setup driver: [WinError 2] The system cannot find the file specified: 'C:\\laragon\\www\\dapokalsel\\sekolah\\~\\appdata\\roaming\\undetected_chromedriver\\undetected\\chromedriver-win32\\chromedriver.exe' -> 'C:\\laragon\\www\\dapokalsel\\sekolah\\~\\appdata\\roaming\\undetected_chromedriver\\undetected_chromedriver.exe'
Traceback (most recent call last):
  File "C:\laragon\www\dapokalsel\sekolah\import_url_kabupaten.pyw", line 92, in setup_driver
    temp_dir = tempfile.gettempdir()
  File "C:\laragon\bin\python\python-3.10\lib\site-packages\undetected_chromedriver\__init__.py", line 258, in __init__
    self.patcher.auto()
  File "C:\laragon\bin\python\python-3.10\lib\site-packages\undetected_chromedriver\patcher.py", line 178, in auto
    self.unzip_package(self.fetch_package())
  File "C:\laragon\bin\python\python-3.10\lib\site-packages\undetected_chromedriver\patcher.py", line 310, in unzip_package
    os.rename(os.path.join(self.zip_path, exe_path), self.executable_path)
FileNotFoundError: [WinError 2] The system cannot find the file specified: 'C:\\laragon\\www\\dapokalsel\\sekolah\\~\\appdata\\roaming\\undetected_chromedriver\\undetected\\chromedriver-win32\\chromedriver.exe' -> 'C:\\laragon\\www\\dapokalsel\\sekolah\\~\\appdata\\roaming\\undetected_chromedriver\\undetected_chromedriver.exe'
2025-10-26 21:09:17,872 - ERROR - Error on attempt 59: Failed to setup driver
Traceback (most recent call last):
  File "C:\laragon\www\dapokalsel\sekolah\import_url_kabupaten.pyw", line 388, in process_url_induk
    logger.warning(f"Row {idx} missing data: kode={kode}, nama={nama}, url={full_url}")
Exception: Failed to setup driver
2025-10-26 21:09:17,872 - INFO - Retry attempt 60/300...
2025-10-26 21:09:32,873 - INFO - Setting up Chrome driver...
2025-10-26 21:09:33,427 - INFO - Using profile directory: C:\laragon\www\dapokalsel\chrome_profile
2025-10-26 21:09:33,428 - INFO - Initializing undetected Chrome driver...
2025-10-26 21:09:46,256 - INFO - patching driver executable C:\laragon\www\dapokalsel\sekolah\~\appdata\roaming\undetected_chromedriver\undetected_chromedriver.exe
2025-10-26 21:09:46,846 - ERROR - Failed to setup driver: Binary Location Must be a String
Traceback (most recent call last):
  File "C:\laragon\www\dapokalsel\sekolah\import_url_kabupaten.pyw", line 92, in setup_driver
    temp_dir = tempfile.gettempdir()
  File "C:\laragon\bin\python\python-3.10\lib\site-packages\undetected_chromedriver\__init__.py", line 372, in __init__
    options.binary_location = (
  File "C:\laragon\bin\python\python-3.10\lib\site-packages\selenium\webdriver\chromium\options.py", line 52, in binary_location
    raise TypeError(self.BINARY_LOCATION_ERROR)
TypeError: Binary Location Must be a String
2025-10-26 21:09:46,847 - ERROR - Error on attempt 60: Failed to setup driver
Traceback (most recent call last):
  File "C:\laragon\www\dapokalsel\sekolah\import_url_kabupaten.pyw", line 388, in process_url_induk
    logger.warning(f"Row {idx} missing data: kode={kode}, nama={nama}, url={full_url}")
Exception: Failed to setup driver
2025-10-26 21:09:46,847 - INFO - Retry attempt 61/300...
2025-10-26 21:10:01,848 - INFO - Setting up Chrome driver...
2025-10-26 21:10:01,976 - INFO - Using profile directory: C:\laragon\www\dapokalsel\chrome_profile
2025-10-26 21:10:01,976 - INFO - Initializing undetected Chrome driver...
2025-10-26 21:10:06,266 - INFO - patching driver executable C:\laragon\www\dapokalsel\sekolah\~\appdata\roaming\undetected_chromedriver\undetected_chromedriver.exe
2025-10-26 21:10:06,566 - ERROR - Failed to setup driver: Binary Location Must be a String
Traceback (most recent call last):
  File "C:\laragon\www\dapokalsel\sekolah\import_url_kabupaten.pyw", line 92, in setup_driver
    temp_dir = tempfile.gettempdir()
  File "C:\laragon\bin\python\python-3.10\lib\site-packages\undetected_chromedriver\__init__.py", line 372, in __init__
    options.binary_location = (
  File "C:\laragon\bin\python\python-3.10\lib\site-packages\selenium\webdriver\chromium\options.py", line 52, in binary_location
    raise TypeError(self.BINARY_LOCATION_ERROR)
TypeError: Binary Location Must be a String
2025-10-26 21:10:06,566 - ERROR - Error on attempt 61: Failed to setup driver
Traceback (most recent call last):
  File "C:\laragon\www\dapokalsel\sekolah\import_url_kabupaten.pyw", line 388, in process_url_induk
    logger.warning(f"Row {idx} missing data: kode={kode}, nama={nama}, url={full_url}")
Exception: Failed to setup driver
2025-10-26 21:10:06,567 - INFO - Retry attempt 62/300...
2025-10-26 21:10:21,567 - INFO - Setting up Chrome driver...
2025-10-26 21:10:21,568 - INFO - Using profile directory: C:\laragon\www\dapokalsel\chrome_profile
2025-10-26 21:10:21,568 - INFO - Initializing undetected Chrome driver...
2025-10-26 21:10:26,134 - INFO - patching driver executable C:\laragon\www\dapokalsel\sekolah\~\appdata\roaming\undetected_chromedriver\undetected_chromedriver.exe
2025-10-26 21:10:26,512 - ERROR - Failed to setup driver: Binary Location Must be a String
Traceback (most recent call last):
  File "C:\laragon\www\dapokalsel\sekolah\import_url_kabupaten.pyw", line 92, in setup_driver
    temp_dir = tempfile.gettempdir()
  File "C:\laragon\bin\python\python-3.10\lib\site-packages\undetected_chromedriver\__init__.py", line 372, in __init__
    options.binary_location = (
  File "C:\laragon\bin\python\python-3.10\lib\site-packages\selenium\webdriver\chromium\options.py", line 52, in binary_location
    raise TypeError(self.BINARY_LOCATION_ERROR)
TypeError: Binary Location Must be a String
2025-10-26 21:10:26,513 - ERROR - Error on attempt 62: Failed to setup driver
Traceback (most recent call last):
  File "C:\laragon\www\dapokalsel\sekolah\import_url_kabupaten.pyw", line 388, in process_url_induk
    logger.warning(f"Row {idx} missing data: kode={kode}, nama={nama}, url={full_url}")
Exception: Failed to setup driver
2025-10-26 21:10:26,513 - INFO - Retry attempt 63/300...
2025-10-26 21:10:41,514 - INFO - Setting up Chrome driver...
2025-10-26 21:10:41,515 - INFO - Using profile directory: C:\laragon\www\dapokalsel\chrome_profile
2025-10-26 21:10:41,515 - INFO - Initializing undetected Chrome driver...
2025-10-26 21:10:51,596 - ERROR - Failed to setup driver: [WinError 183] Cannot create a file when that file already exists: 'C:\\laragon\\www\\dapokalsel\\sekolah\\~\\appdata\\roaming\\undetected_chromedriver\\undetected\\chromedriver-win32\\chromedriver.exe' -> 'C:\\laragon\\www\\dapokalsel\\sekolah\\~\\appdata\\roaming\\undetected_chromedriver\\undetected_chromedriver.exe'
Traceback (most recent call last):
  File "C:\laragon\www\dapokalsel\sekolah\import_url_kabupaten.pyw", line 92, in setup_driver
    temp_dir = tempfile.gettempdir()
  File "C:\laragon\bin\python\python-3.10\lib\site-packages\undetected_chromedriver\__init__.py", line 258, in __init__
    self.patcher.auto()
  File "C:\laragon\bin\python\python-3.10\lib\site-packages\undetected_chromedriver\patcher.py", line 178, in auto
    self.unzip_package(self.fetch_package())
  File "C:\laragon\bin\python\python-3.10\lib\site-packages\undetected_chromedriver\patcher.py", line 310, in unzip_package
    os.rename(os.path.join(self.zip_path, exe_path), self.executable_path)
FileExistsError: [WinError 183] Cannot create a file when that file already exists: 'C:\\laragon\\www\\dapokalsel\\sekolah\\~\\appdata\\roaming\\undetected_chromedriver\\undetected\\chromedriver-win32\\chromedriver.exe' -> 'C:\\laragon\\www\\dapokalsel\\sekolah\\~\\appdata\\roaming\\undetected_chromedriver\\undetected_chromedriver.exe'
2025-10-26 21:10:51,598 - ERROR - Error on attempt 63: Failed to setup driver
Traceback (most recent call last):
  File "C:\laragon\www\dapokalsel\sekolah\import_url_kabupaten.pyw", line 388, in process_url_induk
    logger.warning(f"Row {idx} missing data: kode={kode}, nama={nama}, url={full_url}")
Exception: Failed to setup driver
2025-10-26 21:10:51,598 - INFO - Retry attempt 64/300...
2025-10-26 21:11:06,599 - INFO - Setting up Chrome driver...
2025-10-26 21:11:06,600 - INFO - Using profile directory: C:\laragon\www\dapokalsel\chrome_profile
2025-10-26 21:11:06,600 - INFO - Initializing undetected Chrome driver...
2025-10-26 21:11:12,241 - INFO - patching driver executable C:\laragon\www\dapokalsel\sekolah\~\appdata\roaming\undetected_chromedriver\undetected_chromedriver.exe
2025-10-26 21:11:12,338 - ERROR - Failed to setup driver: Binary Location Must be a String
Traceback (most recent call last):
  File "C:\laragon\www\dapokalsel\sekolah\import_url_kabupaten.pyw", line 92, in setup_driver
    temp_dir = tempfile.gettempdir()
  File "C:\laragon\bin\python\python-3.10\lib\site-packages\undetected_chromedriver\__init__.py", line 372, in __init__
    options.binary_location = (
  File "C:\laragon\bin\python\python-3.10\lib\site-packages\selenium\webdriver\chromium\options.py", line 52, in binary_location
    raise TypeError(self.BINARY_LOCATION_ERROR)
TypeError: Binary Location Must be a String
2025-10-26 21:11:12,339 - ERROR - Error on attempt 64: Failed to setup driver
Traceback (most recent call last):
  File "C:\laragon\www\dapokalsel\sekolah\import_url_kabupaten.pyw", line 388, in process_url_induk
    logger.warning(f"Row {idx} missing data: kode={kode}, nama={nama}, url={full_url}")
Exception: Failed to setup driver
2025-10-26 21:11:12,340 - INFO - Retry attempt 65/300...
2025-10-26 21:11:27,340 - INFO - Setting up Chrome driver...
2025-10-26 21:11:27,340 - INFO - Using profile directory: C:\laragon\www\dapokalsel\chrome_profile
2025-10-26 21:11:27,340 - INFO - Initializing undetected Chrome driver...
2025-10-26 21:11:37,185 - INFO - patching driver executable C:\laragon\www\dapokalsel\sekolah\~\appdata\roaming\undetected_chromedriver\undetected_chromedriver.exe
2025-10-26 21:11:37,292 - ERROR - Failed to setup driver: Binary Location Must be a String
Traceback (most recent call last):
  File "C:\laragon\www\dapokalsel\sekolah\import_url_kabupaten.pyw", line 92, in setup_driver
    temp_dir = tempfile.gettempdir()
  File "C:\laragon\bin\python\python-3.10\lib\site-packages\undetected_chromedriver\__init__.py", line 372, in __init__
    options.binary_location = (
  File "C:\laragon\bin\python\python-3.10\lib\site-packages\selenium\webdriver\chromium\options.py", line 52, in binary_location
    raise TypeError(self.BINARY_LOCATION_ERROR)
TypeError: Binary Location Must be a String
2025-10-26 21:11:37,293 - ERROR - Error on attempt 65: Failed to setup driver
Traceback (most recent call last):
  File "C:\laragon\www\dapokalsel\sekolah\import_url_kabupaten.pyw", line 388, in process_url_induk
    logger.warning(f"Row {idx} missing data: kode={kode}, nama={nama}, url={full_url}")
Exception: Failed to setup driver
2025-10-26 21:11:37,293 - INFO - Retry attempt 66/300...
2025-10-26 21:11:52,293 - INFO - Setting up Chrome driver...
2025-10-26 21:11:52,294 - INFO - Using profile directory: C:\laragon\www\dapokalsel\chrome_profile
2025-10-26 21:11:52,294 - INFO - Initializing undetected Chrome driver...
2025-10-26 21:11:58,944 - INFO - patching driver executable C:\laragon\www\dapokalsel\sekolah\~\appdata\roaming\undetected_chromedriver\undetected_chromedriver.exe
2025-10-26 21:11:59,026 - ERROR - Failed to setup driver: Binary Location Must be a String
Traceback (most recent call last):
  File "C:\laragon\www\dapokalsel\sekolah\import_url_kabupaten.pyw", line 92, in setup_driver
    temp_dir = tempfile.gettempdir()
  File "C:\laragon\bin\python\python-3.10\lib\site-packages\undetected_chromedriver\__init__.py", line 372, in __init__
    options.binary_location = (
  File "C:\laragon\bin\python\python-3.10\lib\site-packages\selenium\webdriver\chromium\options.py", line 52, in binary_location
    raise TypeError(self.BINARY_LOCATION_ERROR)
TypeError: Binary Location Must be a String
2025-10-26 21:11:59,028 - ERROR - Error on attempt 66: Failed to setup driver
Traceback (most recent call last):
  File "C:\laragon\www\dapokalsel\sekolah\import_url_kabupaten.pyw", line 388, in process_url_induk
    logger.warning(f"Row {idx} missing data: kode={kode}, nama={nama}, url={full_url}")
Exception: Failed to setup driver
2025-10-26 21:11:59,028 - INFO - Retry attempt 67/300...
2025-10-26 21:12:14,028 - INFO - Setting up Chrome driver...
2025-10-26 21:12:14,029 - INFO - Using profile directory: C:\laragon\www\dapokalsel\chrome_profile
2025-10-26 21:12:14,029 - INFO - Initializing undetected Chrome driver...
2025-10-26 21:12:23,629 - ERROR - Failed to setup driver: [WinError 183] Cannot create a file when that file already exists: 'C:\\laragon\\www\\dapokalsel\\sekolah\\~\\appdata\\roaming\\undetected_chromedriver\\undetected\\chromedriver-win32\\chromedriver.exe' -> 'C:\\laragon\\www\\dapokalsel\\sekolah\\~\\appdata\\roaming\\undetected_chromedriver\\undetected_chromedriver.exe'
Traceback (most recent call last):
  File "C:\laragon\www\dapokalsel\sekolah\import_url_kabupaten.pyw", line 92, in setup_driver
    temp_dir = tempfile.gettempdir()
  File "C:\laragon\bin\python\python-3.10\lib\site-packages\undetected_chromedriver\__init__.py", line 258, in __init__
    self.patcher.auto()
  File "C:\laragon\bin\python\python-3.10\lib\site-packages\undetected_chromedriver\patcher.py", line 178, in auto
    self.unzip_package(self.fetch_package())
  File "C:\laragon\bin\python\python-3.10\lib\site-packages\undetected_chromedriver\patcher.py", line 310, in unzip_package
    os.rename(os.path.join(self.zip_path, exe_path), self.executable_path)
FileExistsError: [WinError 183] Cannot create a file when that file already exists: 'C:\\laragon\\www\\dapokalsel\\sekolah\\~\\appdata\\roaming\\undetected_chromedriver\\undetected\\chromedriver-win32\\chromedriver.exe' -> 'C:\\laragon\\www\\dapokalsel\\sekolah\\~\\appdata\\roaming\\undetected_chromedriver\\undetected_chromedriver.exe'
2025-10-26 21:12:23,633 - ERROR - Error on attempt 67: Failed to setup driver
Traceback (most recent call last):
  File "C:\laragon\www\dapokalsel\sekolah\import_url_kabupaten.pyw", line 388, in process_url_induk
    logger.warning(f"Row {idx} missing data: kode={kode}, nama={nama}, url={full_url}")
Exception: Failed to setup driver
2025-10-26 21:12:23,633 - INFO - Retry attempt 68/300...
2025-10-26 21:12:38,634 - INFO - Setting up Chrome driver...
2025-10-26 21:12:38,634 - INFO - Using profile directory: C:\laragon\www\dapokalsel\chrome_profile
2025-10-26 21:12:38,634 - INFO - Initializing undetected Chrome driver...
2025-10-26 21:12:42,375 - INFO - patching driver executable C:\laragon\www\dapokalsel\sekolah\~\appdata\roaming\undetected_chromedriver\undetected_chromedriver.exe
2025-10-26 21:12:42,487 - ERROR - Failed to setup driver: Binary Location Must be a String
Traceback (most recent call last):
  File "C:\laragon\www\dapokalsel\sekolah\import_url_kabupaten.pyw", line 92, in setup_driver
    temp_dir = tempfile.gettempdir()
  File "C:\laragon\bin\python\python-3.10\lib\site-packages\undetected_chromedriver\__init__.py", line 372, in __init__
    options.binary_location = (
  File "C:\laragon\bin\python\python-3.10\lib\site-packages\selenium\webdriver\chromium\options.py", line 52, in binary_location
    raise TypeError(self.BINARY_LOCATION_ERROR)
TypeError: Binary Location Must be a String
2025-10-26 21:12:42,489 - ERROR - Error on attempt 68: Failed to setup driver
Traceback (most recent call last):
  File "C:\laragon\www\dapokalsel\sekolah\import_url_kabupaten.pyw", line 388, in process_url_induk
    logger.warning(f"Row {idx} missing data: kode={kode}, nama={nama}, url={full_url}")
Exception: Failed to setup driver
2025-10-26 21:12:42,490 - INFO - Retry attempt 69/300...
2025-10-26 21:12:57,490 - INFO - Setting up Chrome driver...
2025-10-26 21:12:57,491 - INFO - Using profile directory: C:\laragon\www\dapokalsel\chrome_profile
2025-10-26 21:12:57,491 - INFO - Initializing undetected Chrome driver...
2025-10-26 21:13:06,656 - INFO - patching driver executable C:\laragon\www\dapokalsel\sekolah\~\appdata\roaming\undetected_chromedriver\undetected_chromedriver.exe
2025-10-26 21:13:06,760 - ERROR - Failed to setup driver: Binary Location Must be a String
Traceback (most recent call last):
  File "C:\laragon\www\dapokalsel\sekolah\import_url_kabupaten.pyw", line 92, in setup_driver
    temp_dir = tempfile.gettempdir()
  File "C:\laragon\bin\python\python-3.10\lib\site-packages\undetected_chromedriver\__init__.py", line 372, in __init__
    options.binary_location = (
  File "C:\laragon\bin\python\python-3.10\lib\site-packages\selenium\webdriver\chromium\options.py", line 52, in binary_location
    raise TypeError(self.BINARY_LOCATION_ERROR)
TypeError: Binary Location Must be a String
2025-10-26 21:13:06,761 - ERROR - Error on attempt 69: Failed to setup driver
Traceback (most recent call last):
  File "C:\laragon\www\dapokalsel\sekolah\import_url_kabupaten.pyw", line 388, in process_url_induk
    logger.warning(f"Row {idx} missing data: kode={kode}, nama={nama}, url={full_url}")
Exception: Failed to setup driver
2025-10-26 21:13:06,761 - INFO - Retry attempt 70/300...
2025-10-26 21:13:21,761 - INFO - Setting up Chrome driver...
2025-10-26 21:13:21,763 - INFO - Using profile directory: C:\laragon\www\dapokalsel\chrome_profile
2025-10-26 21:13:21,766 - INFO - Initializing undetected Chrome driver...
2025-10-26 21:13:26,097 - INFO - patching driver executable C:\laragon\www\dapokalsel\sekolah\~\appdata\roaming\undetected_chromedriver\undetected_chromedriver.exe
2025-10-26 21:13:26,188 - ERROR - Failed to setup driver: Binary Location Must be a String
Traceback (most recent call last):
  File "C:\laragon\www\dapokalsel\sekolah\import_url_kabupaten.pyw", line 92, in setup_driver
    temp_dir = tempfile.gettempdir()
  File "C:\laragon\bin\python\python-3.10\lib\site-packages\undetected_chromedriver\__init__.py", line 372, in __init__
    options.binary_location = (
  File "C:\laragon\bin\python\python-3.10\lib\site-packages\selenium\webdriver\chromium\options.py", line 52, in binary_location
    raise TypeError(self.BINARY_LOCATION_ERROR)
TypeError: Binary Location Must be a String
2025-10-26 21:13:26,189 - ERROR - Error on attempt 70: Failed to setup driver
Traceback (most recent call last):
  File "C:\laragon\www\dapokalsel\sekolah\import_url_kabupaten.pyw", line 388, in process_url_induk
    logger.warning(f"Row {idx} missing data: kode={kode}, nama={nama}, url={full_url}")
Exception: Failed to setup driver
2025-10-26 21:13:26,189 - INFO - Retry attempt 71/300...
2025-10-26 21:13:41,189 - INFO - Setting up Chrome driver...
2025-10-26 21:13:41,189 - INFO - Using profile directory: C:\laragon\www\dapokalsel\chrome_profile
2025-10-26 21:13:41,190 - INFO - Initializing undetected Chrome driver...
2025-10-26 21:13:46,221 - INFO - patching driver executable C:\laragon\www\dapokalsel\sekolah\~\appdata\roaming\undetected_chromedriver\undetected_chromedriver.exe
2025-10-26 21:13:46,328 - ERROR - Failed to setup driver: Binary Location Must be a String
Traceback (most recent call last):
  File "C:\laragon\www\dapokalsel\sekolah\import_url_kabupaten.pyw", line 92, in setup_driver
    temp_dir = tempfile.gettempdir()
  File "C:\laragon\bin\python\python-3.10\lib\site-packages\undetected_chromedriver\__init__.py", line 372, in __init__
    options.binary_location = (
  File "C:\laragon\bin\python\python-3.10\lib\site-packages\selenium\webdriver\chromium\options.py", line 52, in binary_location
    raise TypeError(self.BINARY_LOCATION_ERROR)
TypeError: Binary Location Must be a String
2025-10-26 21:13:46,329 - ERROR - Error on attempt 71: Failed to setup driver
Traceback (most recent call last):
  File "C:\laragon\www\dapokalsel\sekolah\import_url_kabupaten.pyw", line 388, in process_url_induk
    logger.warning(f"Row {idx} missing data: kode={kode}, nama={nama}, url={full_url}")
Exception: Failed to setup driver
2025-10-26 21:13:46,329 - INFO - Retry attempt 72/300...
2025-10-26 21:14:01,329 - INFO - Setting up Chrome driver...
2025-10-26 21:14:01,329 - INFO - Using profile directory: C:\laragon\www\dapokalsel\chrome_profile
2025-10-26 21:14:01,329 - INFO - Initializing undetected Chrome driver...
2025-10-26 21:14:05,763 - INFO - patching driver executable C:\laragon\www\dapokalsel\sekolah\~\appdata\roaming\undetected_chromedriver\undetected_chromedriver.exe
2025-10-26 21:14:05,845 - ERROR - Failed to setup driver: Binary Location Must be a String
Traceback (most recent call last):
  File "C:\laragon\www\dapokalsel\sekolah\import_url_kabupaten.pyw", line 92, in setup_driver
    temp_dir = tempfile.gettempdir()
  File "C:\laragon\bin\python\python-3.10\lib\site-packages\undetected_chromedriver\__init__.py", line 372, in __init__
    options.binary_location = (
  File "C:\laragon\bin\python\python-3.10\lib\site-packages\selenium\webdriver\chromium\options.py", line 52, in binary_location
    raise TypeError(self.BINARY_LOCATION_ERROR)
TypeError: Binary Location Must be a String
2025-10-26 21:14:05,845 - ERROR - Error on attempt 72: Failed to setup driver
Traceback (most recent call last):
  File "C:\laragon\www\dapokalsel\sekolah\import_url_kabupaten.pyw", line 388, in process_url_induk
    logger.warning(f"Row {idx} missing data: kode={kode}, nama={nama}, url={full_url}")
Exception: Failed to setup driver
2025-10-26 21:14:05,845 - INFO - Retry attempt 73/300...
2025-10-26 21:14:20,845 - INFO - Setting up Chrome driver...
2025-10-26 21:14:20,845 - INFO - Using profile directory: C:\laragon\www\dapokalsel\chrome_profile
2025-10-26 21:14:20,848 - INFO - Initializing undetected Chrome driver...
2025-10-26 21:14:24,510 - INFO - patching driver executable C:\laragon\www\dapokalsel\sekolah\~\appdata\roaming\undetected_chromedriver\undetected_chromedriver.exe
2025-10-26 21:14:24,610 - ERROR - Failed to setup driver: Binary Location Must be a String
Traceback (most recent call last):
  File "C:\laragon\www\dapokalsel\sekolah\import_url_kabupaten.pyw", line 92, in setup_driver
    temp_dir = tempfile.gettempdir()
  File "C:\laragon\bin\python\python-3.10\lib\site-packages\undetected_chromedriver\__init__.py", line 372, in __init__
    options.binary_location = (
  File "C:\laragon\bin\python\python-3.10\lib\site-packages\selenium\webdriver\chromium\options.py", line 52, in binary_location
    raise TypeError(self.BINARY_LOCATION_ERROR)
TypeError: Binary Location Must be a String
2025-10-26 21:14:24,610 - ERROR - Error on attempt 73: Failed to setup driver
Traceback (most recent call last):
  File "C:\laragon\www\dapokalsel\sekolah\import_url_kabupaten.pyw", line 388, in process_url_induk
    logger.warning(f"Row {idx} missing data: kode={kode}, nama={nama}, url={full_url}")
Exception: Failed to setup driver
2025-10-26 21:14:24,610 - INFO - Retry attempt 74/300...
2025-10-26 21:14:39,625 - INFO - Setting up Chrome driver...
2025-10-26 21:14:39,627 - INFO - Using profile directory: C:\laragon\www\dapokalsel\chrome_profile
2025-10-26 21:14:39,628 - INFO - Initializing undetected Chrome driver...
2025-10-26 21:14:44,125 - ERROR - Failed to setup driver: [WinError 183] Cannot create a file when that file already exists: 'C:\\laragon\\www\\dapokalsel\\sekolah\\~\\appdata\\roaming\\undetected_chromedriver\\undetected\\chromedriver-win32\\chromedriver.exe' -> 'C:\\laragon\\www\\dapokalsel\\sekolah\\~\\appdata\\roaming\\undetected_chromedriver\\undetected_chromedriver.exe'
Traceback (most recent call last):
  File "C:\laragon\www\dapokalsel\sekolah\import_url_kabupaten.pyw", line 92, in setup_driver
    temp_dir = tempfile.gettempdir()
  File "C:\laragon\bin\python\python-3.10\lib\site-packages\undetected_chromedriver\__init__.py", line 258, in __init__
    self.patcher.auto()
  File "C:\laragon\bin\python\python-3.10\lib\site-packages\undetected_chromedriver\patcher.py", line 178, in auto
    self.unzip_package(self.fetch_package())
  File "C:\laragon\bin\python\python-3.10\lib\site-packages\undetected_chromedriver\patcher.py", line 310, in unzip_package
    os.rename(os.path.join(self.zip_path, exe_path), self.executable_path)
FileExistsError: [WinError 183] Cannot create a file when that file already exists: 'C:\\laragon\\www\\dapokalsel\\sekolah\\~\\appdata\\roaming\\undetected_chromedriver\\undetected\\chromedriver-win32\\chromedriver.exe' -> 'C:\\laragon\\www\\dapokalsel\\sekolah\\~\\appdata\\roaming\\undetected_chromedriver\\undetected_chromedriver.exe'
2025-10-26 21:14:44,125 - ERROR - Error on attempt 74: Failed to setup driver
Traceback (most recent call last):
  File "C:\laragon\www\dapokalsel\sekolah\import_url_kabupaten.pyw", line 388, in process_url_induk
    logger.warning(f"Row {idx} missing data: kode={kode}, nama={nama}, url={full_url}")
Exception: Failed to setup driver
2025-10-26 21:14:44,125 - INFO - Retry attempt 75/300...
2025-10-26 21:14:59,126 - INFO - Setting up Chrome driver...
2025-10-26 21:14:59,128 - INFO - Using profile directory: C:\laragon\www\dapokalsel\chrome_profile
2025-10-26 21:14:59,129 - INFO - Initializing undetected Chrome driver...
2025-10-26 21:15:05,224 - INFO - patching driver executable C:\laragon\www\dapokalsel\sekolah\~\appdata\roaming\undetected_chromedriver\undetected_chromedriver.exe
2025-10-26 21:15:05,307 - ERROR - Failed to setup driver: Binary Location Must be a String
Traceback (most recent call last):
  File "C:\laragon\www\dapokalsel\sekolah\import_url_kabupaten.pyw", line 92, in setup_driver
    temp_dir = tempfile.gettempdir()
  File "C:\laragon\bin\python\python-3.10\lib\site-packages\undetected_chromedriver\__init__.py", line 372, in __init__
    options.binary_location = (
  File "C:\laragon\bin\python\python-3.10\lib\site-packages\selenium\webdriver\chromium\options.py", line 52, in binary_location
    raise TypeError(self.BINARY_LOCATION_ERROR)
TypeError: Binary Location Must be a String
2025-10-26 21:15:05,307 - ERROR - Error on attempt 75: Failed to setup driver
Traceback (most recent call last):
  File "C:\laragon\www\dapokalsel\sekolah\import_url_kabupaten.pyw", line 388, in process_url_induk
    logger.warning(f"Row {idx} missing data: kode={kode}, nama={nama}, url={full_url}")
Exception: Failed to setup driver
2025-10-26 21:15:05,307 - INFO - Retry attempt 76/300...
2025-10-26 21:15:20,308 - INFO - Setting up Chrome driver...
2025-10-26 21:15:20,308 - INFO - Using profile directory: C:\laragon\www\dapokalsel\chrome_profile
2025-10-26 21:15:20,308 - INFO - Initializing undetected Chrome driver...
2025-10-26 21:15:31,156 - ERROR - Failed to setup driver: [WinError 183] Cannot create a file when that file already exists: 'C:\\laragon\\www\\dapokalsel\\sekolah\\~\\appdata\\roaming\\undetected_chromedriver\\undetected\\chromedriver-win32\\chromedriver.exe' -> 'C:\\laragon\\www\\dapokalsel\\sekolah\\~\\appdata\\roaming\\undetected_chromedriver\\undetected_chromedriver.exe'
Traceback (most recent call last):
  File "C:\laragon\www\dapokalsel\sekolah\import_url_kabupaten.pyw", line 92, in setup_driver
    temp_dir = tempfile.gettempdir()
  File "C:\laragon\bin\python\python-3.10\lib\site-packages\undetected_chromedriver\__init__.py", line 258, in __init__
    self.patcher.auto()
  File "C:\laragon\bin\python\python-3.10\lib\site-packages\undetected_chromedriver\patcher.py", line 178, in auto
    self.unzip_package(self.fetch_package())
  File "C:\laragon\bin\python\python-3.10\lib\site-packages\undetected_chromedriver\patcher.py", line 310, in unzip_package
    os.rename(os.path.join(self.zip_path, exe_path), self.executable_path)
FileExistsError: [WinError 183] Cannot create a file when that file already exists: 'C:\\laragon\\www\\dapokalsel\\sekolah\\~\\appdata\\roaming\\undetected_chromedriver\\undetected\\chromedriver-win32\\chromedriver.exe' -> 'C:\\laragon\\www\\dapokalsel\\sekolah\\~\\appdata\\roaming\\undetected_chromedriver\\undetected_chromedriver.exe'
2025-10-26 21:15:31,156 - ERROR - Error on attempt 76: Failed to setup driver
Traceback (most recent call last):
  File "C:\laragon\www\dapokalsel\sekolah\import_url_kabupaten.pyw", line 388, in process_url_induk
    logger.warning(f"Row {idx} missing data: kode={kode}, nama={nama}, url={full_url}")
Exception: Failed to setup driver
2025-10-26 21:15:31,196 - INFO - Retry attempt 77/300...
2025-10-26 21:15:46,196 - INFO - Setting up Chrome driver...
2025-10-26 21:15:46,196 - INFO - Using profile directory: C:\laragon\www\dapokalsel\chrome_profile
2025-10-26 21:15:46,197 - INFO - Initializing undetected Chrome driver...
2025-10-26 21:15:51,155 - INFO - patching driver executable C:\laragon\www\dapokalsel\sekolah\~\appdata\roaming\undetected_chromedriver\undetected_chromedriver.exe
2025-10-26 21:15:51,254 - ERROR - Failed to setup driver: Binary Location Must be a String
Traceback (most recent call last):
  File "C:\laragon\www\dapokalsel\sekolah\import_url_kabupaten.pyw", line 92, in setup_driver
    temp_dir = tempfile.gettempdir()
  File "C:\laragon\bin\python\python-3.10\lib\site-packages\undetected_chromedriver\__init__.py", line 372, in __init__
    options.binary_location = (
  File "C:\laragon\bin\python\python-3.10\lib\site-packages\selenium\webdriver\chromium\options.py", line 52, in binary_location
    raise TypeError(self.BINARY_LOCATION_ERROR)
TypeError: Binary Location Must be a String
2025-10-26 21:15:51,255 - ERROR - Error on attempt 77: Failed to setup driver
Traceback (most recent call last):
  File "C:\laragon\www\dapokalsel\sekolah\import_url_kabupaten.pyw", line 388, in process_url_induk
    logger.warning(f"Row {idx} missing data: kode={kode}, nama={nama}, url={full_url}")
Exception: Failed to setup driver
2025-10-26 21:15:51,255 - INFO - Retry attempt 78/300...
2025-10-26 21:16:06,256 - INFO - Setting up Chrome driver...
2025-10-26 21:16:06,257 - INFO - Using profile directory: C:\laragon\www\dapokalsel\chrome_profile
2025-10-26 21:16:06,257 - INFO - Initializing undetected Chrome driver...
2025-10-26 21:16:12,527 - INFO - patching driver executable C:\laragon\www\dapokalsel\sekolah\~\appdata\roaming\undetected_chromedriver\undetected_chromedriver.exe
2025-10-26 21:16:12,604 - ERROR - Failed to setup driver: Binary Location Must be a String
Traceback (most recent call last):
  File "C:\laragon\www\dapokalsel\sekolah\import_url_kabupaten.pyw", line 92, in setup_driver
    temp_dir = tempfile.gettempdir()
  File "C:\laragon\bin\python\python-3.10\lib\site-packages\undetected_chromedriver\__init__.py", line 372, in __init__
    options.binary_location = (
  File "C:\laragon\bin\python\python-3.10\lib\site-packages\selenium\webdriver\chromium\options.py", line 52, in binary_location
    raise TypeError(self.BINARY_LOCATION_ERROR)
TypeError: Binary Location Must be a String
2025-10-26 21:16:12,604 - ERROR - Error on attempt 78: Failed to setup driver
Traceback (most recent call last):
  File "C:\laragon\www\dapokalsel\sekolah\import_url_kabupaten.pyw", line 388, in process_url_induk
    logger.warning(f"Row {idx} missing data: kode={kode}, nama={nama}, url={full_url}")
Exception: Failed to setup driver
2025-10-26 21:16:12,604 - INFO - Retry attempt 79/300...
2025-10-26 21:16:27,605 - INFO - Setting up Chrome driver...
2025-10-26 21:16:27,605 - INFO - Using profile directory: C:\laragon\www\dapokalsel\chrome_profile
2025-10-26 21:16:27,605 - INFO - Initializing undetected Chrome driver...
2025-10-26 21:16:40,453 - INFO - patching driver executable C:\laragon\www\dapokalsel\sekolah\~\appdata\roaming\undetected_chromedriver\undetected_chromedriver.exe
2025-10-26 21:16:40,564 - ERROR - Failed to setup driver: Binary Location Must be a String
Traceback (most recent call last):
  File "C:\laragon\www\dapokalsel\sekolah\import_url_kabupaten.pyw", line 92, in setup_driver
    temp_dir = tempfile.gettempdir()
  File "C:\laragon\bin\python\python-3.10\lib\site-packages\undetected_chromedriver\__init__.py", line 372, in __init__
    options.binary_location = (
  File "C:\laragon\bin\python\python-3.10\lib\site-packages\selenium\webdriver\chromium\options.py", line 52, in binary_location
    raise TypeError(self.BINARY_LOCATION_ERROR)
TypeError: Binary Location Must be a String
2025-10-26 21:16:40,564 - ERROR - Error on attempt 79: Failed to setup driver
Traceback (most recent call last):
  File "C:\laragon\www\dapokalsel\sekolah\import_url_kabupaten.pyw", line 388, in process_url_induk
    logger.warning(f"Row {idx} missing data: kode={kode}, nama={nama}, url={full_url}")
Exception: Failed to setup driver
2025-10-26 21:16:40,565 - INFO - Retry attempt 80/300...
2025-10-26 21:16:55,565 - INFO - Setting up Chrome driver...
2025-10-26 21:16:55,566 - INFO - Using profile directory: C:\laragon\www\dapokalsel\chrome_profile
2025-10-26 21:16:55,568 - INFO - Initializing undetected Chrome driver...
2025-10-26 21:17:04,685 - INFO - patching driver executable C:\laragon\www\dapokalsel\sekolah\~\appdata\roaming\undetected_chromedriver\undetected_chromedriver.exe
2025-10-26 21:17:04,802 - ERROR - Failed to setup driver: Binary Location Must be a String
Traceback (most recent call last):
  File "C:\laragon\www\dapokalsel\sekolah\import_url_kabupaten.pyw", line 92, in setup_driver
    temp_dir = tempfile.gettempdir()
  File "C:\laragon\bin\python\python-3.10\lib\site-packages\undetected_chromedriver\__init__.py", line 372, in __init__
    options.binary_location = (
  File "C:\laragon\bin\python\python-3.10\lib\site-packages\selenium\webdriver\chromium\options.py", line 52, in binary_location
    raise TypeError(self.BINARY_LOCATION_ERROR)
TypeError: Binary Location Must be a String
2025-10-26 21:17:04,802 - ERROR - Error on attempt 80: Failed to setup driver
Traceback (most recent call last):
  File "C:\laragon\www\dapokalsel\sekolah\import_url_kabupaten.pyw", line 388, in process_url_induk
    logger.warning(f"Row {idx} missing data: kode={kode}, nama={nama}, url={full_url}")
Exception: Failed to setup driver
2025-10-26 21:17:04,802 - INFO - Retry attempt 81/300...
2025-10-26 21:17:19,815 - INFO - Setting up Chrome driver...
2025-10-26 21:17:19,816 - INFO - Using profile directory: C:\laragon\www\dapokalsel\chrome_profile
2025-10-26 21:17:19,816 - INFO - Initializing undetected Chrome driver...
2025-10-26 21:17:23,166 - INFO - patching driver executable C:\laragon\www\dapokalsel\sekolah\~\appdata\roaming\undetected_chromedriver\undetected_chromedriver.exe
2025-10-26 21:17:23,251 - ERROR - Failed to setup driver: Binary Location Must be a String
Traceback (most recent call last):
  File "C:\laragon\www\dapokalsel\sekolah\import_url_kabupaten.pyw", line 92, in setup_driver
    temp_dir = tempfile.gettempdir()
  File "C:\laragon\bin\python\python-3.10\lib\site-packages\undetected_chromedriver\__init__.py", line 372, in __init__
    options.binary_location = (
  File "C:\laragon\bin\python\python-3.10\lib\site-packages\selenium\webdriver\chromium\options.py", line 52, in binary_location
    raise TypeError(self.BINARY_LOCATION_ERROR)
TypeError: Binary Location Must be a String
2025-10-26 21:17:23,251 - ERROR - Error on attempt 81: Failed to setup driver
Traceback (most recent call last):
  File "C:\laragon\www\dapokalsel\sekolah\import_url_kabupaten.pyw", line 388, in process_url_induk
    logger.warning(f"Row {idx} missing data: kode={kode}, nama={nama}, url={full_url}")
Exception: Failed to setup driver
2025-10-26 21:17:23,251 - INFO - Retry attempt 82/300...
2025-10-26 21:17:38,264 - INFO - Setting up Chrome driver...
2025-10-26 21:17:38,266 - INFO - Using profile directory: C:\laragon\www\dapokalsel\chrome_profile
2025-10-26 21:17:38,266 - INFO - Initializing undetected Chrome driver...
2025-10-26 21:17:45,047 - INFO - patching driver executable C:\laragon\www\dapokalsel\sekolah\~\appdata\roaming\undetected_chromedriver\undetected_chromedriver.exe
2025-10-26 21:17:45,115 - ERROR - Failed to setup driver: Binary Location Must be a String
Traceback (most recent call last):
  File "C:\laragon\www\dapokalsel\sekolah\import_url_kabupaten.pyw", line 92, in setup_driver
    temp_dir = tempfile.gettempdir()
  File "C:\laragon\bin\python\python-3.10\lib\site-packages\undetected_chromedriver\__init__.py", line 372, in __init__
    options.binary_location = (
  File "C:\laragon\bin\python\python-3.10\lib\site-packages\selenium\webdriver\chromium\options.py", line 52, in binary_location
    raise TypeError(self.BINARY_LOCATION_ERROR)
TypeError: Binary Location Must be a String
2025-10-26 21:17:45,115 - ERROR - Error on attempt 82: Failed to setup driver
Traceback (most recent call last):
  File "C:\laragon\www\dapokalsel\sekolah\import_url_kabupaten.pyw", line 388, in process_url_induk
    logger.warning(f"Row {idx} missing data: kode={kode}, nama={nama}, url={full_url}")
Exception: Failed to setup driver
2025-10-26 21:17:45,130 - INFO - Retry attempt 83/300...
2025-10-26 21:18:00,131 - INFO - Setting up Chrome driver...
2025-10-26 21:18:00,132 - INFO - Using profile directory: C:\laragon\www\dapokalsel\chrome_profile
2025-10-26 21:18:00,132 - INFO - Initializing undetected Chrome driver...
2025-10-26 21:18:06,032 - INFO - patching driver executable C:\laragon\www\dapokalsel\sekolah\~\appdata\roaming\undetected_chromedriver\undetected_chromedriver.exe
2025-10-26 21:18:06,139 - ERROR - Failed to setup driver: Binary Location Must be a String
Traceback (most recent call last):
  File "C:\laragon\www\dapokalsel\sekolah\import_url_kabupaten.pyw", line 92, in setup_driver
    temp_dir = tempfile.gettempdir()
  File "C:\laragon\bin\python\python-3.10\lib\site-packages\undetected_chromedriver\__init__.py", line 372, in __init__
    options.binary_location = (
  File "C:\laragon\bin\python\python-3.10\lib\site-packages\selenium\webdriver\chromium\options.py", line 52, in binary_location
    raise TypeError(self.BINARY_LOCATION_ERROR)
TypeError: Binary Location Must be a String
2025-10-26 21:18:06,140 - ERROR - Error on attempt 83: Failed to setup driver
Traceback (most recent call last):
  File "C:\laragon\www\dapokalsel\sekolah\import_url_kabupaten.pyw", line 388, in process_url_induk
    logger.warning(f"Row {idx} missing data: kode={kode}, nama={nama}, url={full_url}")
Exception: Failed to setup driver
2025-10-26 21:18:06,141 - INFO - Retry attempt 84/300...
2025-10-26 21:18:21,146 - INFO - Setting up Chrome driver...
2025-10-26 21:18:21,149 - INFO - Using profile directory: C:\laragon\www\dapokalsel\chrome_profile
2025-10-26 21:18:21,150 - INFO - Initializing undetected Chrome driver...
2025-10-26 21:18:30,413 - INFO - patching driver executable C:\laragon\www\dapokalsel\sekolah\~\appdata\roaming\undetected_chromedriver\undetected_chromedriver.exe
2025-10-26 21:18:30,496 - ERROR - Failed to setup driver: Binary Location Must be a String
Traceback (most recent call last):
  File "C:\laragon\www\dapokalsel\sekolah\import_url_kabupaten.pyw", line 92, in setup_driver
    temp_dir = tempfile.gettempdir()
  File "C:\laragon\bin\python\python-3.10\lib\site-packages\undetected_chromedriver\__init__.py", line 372, in __init__
    options.binary_location = (
  File "C:\laragon\bin\python\python-3.10\lib\site-packages\selenium\webdriver\chromium\options.py", line 52, in binary_location
    raise TypeError(self.BINARY_LOCATION_ERROR)
TypeError: Binary Location Must be a String
2025-10-26 21:18:30,496 - ERROR - Error on attempt 84: Failed to setup driver
Traceback (most recent call last):
  File "C:\laragon\www\dapokalsel\sekolah\import_url_kabupaten.pyw", line 388, in process_url_induk
    logger.warning(f"Row {idx} missing data: kode={kode}, nama={nama}, url={full_url}")
Exception: Failed to setup driver
2025-10-26 21:18:30,496 - INFO - Retry attempt 85/300...
2025-10-26 21:18:45,496 - INFO - Setting up Chrome driver...
2025-10-26 21:18:45,496 - INFO - Using profile directory: C:\laragon\www\dapokalsel\chrome_profile
2025-10-26 21:18:45,496 - INFO - Initializing undetected Chrome driver...
2025-10-26 21:18:45,600 - ERROR - Failed to setup driver: Binary Location Must be a String
Traceback (most recent call last):
  File "C:\laragon\www\dapokalsel\sekolah\import_url_kabupaten.pyw", line 92, in setup_driver
    temp_dir = tempfile.gettempdir()
  File "C:\laragon\bin\python\python-3.10\lib\site-packages\undetected_chromedriver\__init__.py", line 372, in __init__
    options.binary_location = (
  File "C:\laragon\bin\python\python-3.10\lib\site-packages\selenium\webdriver\chromium\options.py", line 52, in binary_location
    raise TypeError(self.BINARY_LOCATION_ERROR)
TypeError: Binary Location Must be a String
2025-10-26 21:18:45,601 - ERROR - Error on attempt 85: Failed to setup driver
Traceback (most recent call last):
  File "C:\laragon\www\dapokalsel\sekolah\import_url_kabupaten.pyw", line 388, in process_url_induk
    logger.warning(f"Row {idx} missing data: kode={kode}, nama={nama}, url={full_url}")
Exception: Failed to setup driver
2025-10-26 21:18:45,602 - INFO - Retry attempt 86/300...
2025-10-26 21:19:00,609 - INFO - Setting up Chrome driver...
2025-10-26 21:19:00,610 - INFO - Using profile directory: C:\laragon\www\dapokalsel\chrome_profile
2025-10-26 21:19:00,610 - INFO - Initializing undetected Chrome driver...
2025-10-26 21:19:07,910 - ERROR - Failed to setup driver: [WinError 183] Cannot create a file when that file already exists: 'C:\\laragon\\www\\dapokalsel\\sekolah\\~\\appdata\\roaming\\undetected_chromedriver\\undetected\\chromedriver-win32\\chromedriver.exe' -> 'C:\\laragon\\www\\dapokalsel\\sekolah\\~\\appdata\\roaming\\undetected_chromedriver\\undetected_chromedriver.exe'
Traceback (most recent call last):
  File "C:\laragon\www\dapokalsel\sekolah\import_url_kabupaten.pyw", line 92, in setup_driver
    temp_dir = tempfile.gettempdir()
  File "C:\laragon\bin\python\python-3.10\lib\site-packages\undetected_chromedriver\__init__.py", line 258, in __init__
    self.patcher.auto()
  File "C:\laragon\bin\python\python-3.10\lib\site-packages\undetected_chromedriver\patcher.py", line 178, in auto
    self.unzip_package(self.fetch_package())
  File "C:\laragon\bin\python\python-3.10\lib\site-packages\undetected_chromedriver\patcher.py", line 310, in unzip_package
    os.rename(os.path.join(self.zip_path, exe_path), self.executable_path)
FileExistsError: [WinError 183] Cannot create a file when that file already exists: 'C:\\laragon\\www\\dapokalsel\\sekolah\\~\\appdata\\roaming\\undetected_chromedriver\\undetected\\chromedriver-win32\\chromedriver.exe' -> 'C:\\laragon\\www\\dapokalsel\\sekolah\\~\\appdata\\roaming\\undetected_chromedriver\\undetected_chromedriver.exe'
2025-10-26 21:19:07,910 - ERROR - Error on attempt 86: Failed to setup driver
Traceback (most recent call last):
  File "C:\laragon\www\dapokalsel\sekolah\import_url_kabupaten.pyw", line 388, in process_url_induk
    logger.warning(f"Row {idx} missing data: kode={kode}, nama={nama}, url={full_url}")
Exception: Failed to setup driver
2025-10-26 21:19:07,910 - INFO - Retry attempt 87/300...
2025-10-26 21:19:22,911 - INFO - Setting up Chrome driver...
2025-10-26 21:19:22,911 - INFO - Using profile directory: C:\laragon\www\dapokalsel\chrome_profile
2025-10-26 21:19:22,911 - INFO - Initializing undetected Chrome driver...
2025-10-26 21:19:29,761 - INFO - patching driver executable C:\laragon\www\dapokalsel\sekolah\~\appdata\roaming\undetected_chromedriver\undetected_chromedriver.exe
2025-10-26 21:19:29,860 - ERROR - Failed to setup driver: Binary Location Must be a String
Traceback (most recent call last):
  File "C:\laragon\www\dapokalsel\sekolah\import_url_kabupaten.pyw", line 92, in setup_driver
    temp_dir = tempfile.gettempdir()
  File "C:\laragon\bin\python\python-3.10\lib\site-packages\undetected_chromedriver\__init__.py", line 372, in __init__
    options.binary_location = (
  File "C:\laragon\bin\python\python-3.10\lib\site-packages\selenium\webdriver\chromium\options.py", line 52, in binary_location
    raise TypeError(self.BINARY_LOCATION_ERROR)
TypeError: Binary Location Must be a String
2025-10-26 21:19:29,860 - ERROR - Error on attempt 87: Failed to setup driver
Traceback (most recent call last):
  File "C:\laragon\www\dapokalsel\sekolah\import_url_kabupaten.pyw", line 388, in process_url_induk
    logger.warning(f"Row {idx} missing data: kode={kode}, nama={nama}, url={full_url}")
Exception: Failed to setup driver
2025-10-26 21:19:29,860 - INFO - Retry attempt 88/300...
2025-10-26 21:19:44,873 - INFO - Setting up Chrome driver...
2025-10-26 21:19:44,873 - INFO - Using profile directory: C:\laragon\www\dapokalsel\chrome_profile
2025-10-26 21:19:44,873 - INFO - Initializing undetected Chrome driver...
2025-10-26 21:19:48,569 - INFO - patching driver executable C:\laragon\www\dapokalsel\sekolah\~\appdata\roaming\undetected_chromedriver\undetected_chromedriver.exe
2025-10-26 21:19:48,659 - ERROR - Failed to setup driver: Binary Location Must be a String
Traceback (most recent call last):
  File "C:\laragon\www\dapokalsel\sekolah\import_url_kabupaten.pyw", line 92, in setup_driver
    temp_dir = tempfile.gettempdir()
  File "C:\laragon\bin\python\python-3.10\lib\site-packages\undetected_chromedriver\__init__.py", line 372, in __init__
    options.binary_location = (
  File "C:\laragon\bin\python\python-3.10\lib\site-packages\selenium\webdriver\chromium\options.py", line 52, in binary_location
    raise TypeError(self.BINARY_LOCATION_ERROR)
TypeError: Binary Location Must be a String
2025-10-26 21:19:48,659 - ERROR - Error on attempt 88: Failed to setup driver
Traceback (most recent call last):
  File "C:\laragon\www\dapokalsel\sekolah\import_url_kabupaten.pyw", line 388, in process_url_induk
    logger.warning(f"Row {idx} missing data: kode={kode}, nama={nama}, url={full_url}")
Exception: Failed to setup driver
2025-10-26 21:19:48,659 - INFO - Retry attempt 89/300...
2025-10-26 21:20:03,672 - INFO - Setting up Chrome driver...
2025-10-26 21:20:03,674 - INFO - Using profile directory: C:\laragon\www\dapokalsel\chrome_profile
2025-10-26 21:20:03,674 - INFO - Initializing undetected Chrome driver...
2025-10-26 21:20:17,110 - INFO - patching driver executable C:\laragon\www\dapokalsel\sekolah\~\appdata\roaming\undetected_chromedriver\undetected_chromedriver.exe
2025-10-26 21:20:17,192 - ERROR - Failed to setup driver: Binary Location Must be a String
Traceback (most recent call last):
  File "C:\laragon\www\dapokalsel\sekolah\import_url_kabupaten.pyw", line 92, in setup_driver
    temp_dir = tempfile.gettempdir()
  File "C:\laragon\bin\python\python-3.10\lib\site-packages\undetected_chromedriver\__init__.py", line 372, in __init__
    options.binary_location = (
  File "C:\laragon\bin\python\python-3.10\lib\site-packages\selenium\webdriver\chromium\options.py", line 52, in binary_location
    raise TypeError(self.BINARY_LOCATION_ERROR)
TypeError: Binary Location Must be a String
2025-10-26 21:20:17,192 - ERROR - Error on attempt 89: Failed to setup driver
Traceback (most recent call last):
  File "C:\laragon\www\dapokalsel\sekolah\import_url_kabupaten.pyw", line 388, in process_url_induk
    logger.warning(f"Row {idx} missing data: kode={kode}, nama={nama}, url={full_url}")
Exception: Failed to setup driver
2025-10-26 21:20:17,192 - INFO - Retry attempt 90/300...
2025-10-26 21:20:32,192 - INFO - Setting up Chrome driver...
2025-10-26 21:20:32,193 - INFO - Using profile directory: C:\laragon\www\dapokalsel\chrome_profile
2025-10-26 21:20:32,193 - INFO - Initializing undetected Chrome driver...
2025-10-26 21:20:36,339 - INFO - patching driver executable C:\laragon\www\dapokalsel\sekolah\~\appdata\roaming\undetected_chromedriver\undetected_chromedriver.exe
2025-10-26 21:20:36,433 - ERROR - Failed to setup driver: Binary Location Must be a String
Traceback (most recent call last):
  File "C:\laragon\www\dapokalsel\sekolah\import_url_kabupaten.pyw", line 92, in setup_driver
    temp_dir = tempfile.gettempdir()
  File "C:\laragon\bin\python\python-3.10\lib\site-packages\undetected_chromedriver\__init__.py", line 372, in __init__
    options.binary_location = (
  File "C:\laragon\bin\python\python-3.10\lib\site-packages\selenium\webdriver\chromium\options.py", line 52, in binary_location
    raise TypeError(self.BINARY_LOCATION_ERROR)
TypeError: Binary Location Must be a String
2025-10-26 21:20:36,433 - ERROR - Error on attempt 90: Failed to setup driver
Traceback (most recent call last):
  File "C:\laragon\www\dapokalsel\sekolah\import_url_kabupaten.pyw", line 388, in process_url_induk
    logger.warning(f"Row {idx} missing data: kode={kode}, nama={nama}, url={full_url}")
Exception: Failed to setup driver
2025-10-26 21:20:36,433 - INFO - Retry attempt 91/300...
2025-10-26 21:20:51,434 - INFO - Setting up Chrome driver...
2025-10-26 21:20:51,435 - INFO - Using profile directory: C:\laragon\www\dapokalsel\chrome_profile
2025-10-26 21:20:51,435 - INFO - Initializing undetected Chrome driver...
2025-10-26 21:20:59,025 - INFO - patching driver executable C:\laragon\www\dapokalsel\sekolah\~\appdata\roaming\undetected_chromedriver\undetected_chromedriver.exe
2025-10-26 21:20:59,135 - ERROR - Failed to setup driver: Binary Location Must be a String
Traceback (most recent call last):
  File "C:\laragon\www\dapokalsel\sekolah\import_url_kabupaten.pyw", line 92, in setup_driver
    temp_dir = tempfile.gettempdir()
  File "C:\laragon\bin\python\python-3.10\lib\site-packages\undetected_chromedriver\__init__.py", line 372, in __init__
    options.binary_location = (
  File "C:\laragon\bin\python\python-3.10\lib\site-packages\selenium\webdriver\chromium\options.py", line 52, in binary_location
    raise TypeError(self.BINARY_LOCATION_ERROR)
TypeError: Binary Location Must be a String
2025-10-26 21:20:59,135 - ERROR - Error on attempt 91: Failed to setup driver
Traceback (most recent call last):
  File "C:\laragon\www\dapokalsel\sekolah\import_url_kabupaten.pyw", line 388, in process_url_induk
    logger.warning(f"Row {idx} missing data: kode={kode}, nama={nama}, url={full_url}")
Exception: Failed to setup driver
2025-10-26 21:20:59,135 - INFO - Retry attempt 92/300...
2025-10-26 21:21:14,135 - INFO - Setting up Chrome driver...
2025-10-26 21:21:14,139 - INFO - Using profile directory: C:\laragon\www\dapokalsel\chrome_profile
2025-10-26 21:21:14,139 - INFO - Initializing undetected Chrome driver...
2025-10-26 21:21:22,371 - ERROR - Failed to setup driver: [WinError 183] Cannot create a file when that file already exists: 'C:\\laragon\\www\\dapokalsel\\sekolah\\~\\appdata\\roaming\\undetected_chromedriver\\undetected\\chromedriver-win32\\chromedriver.exe' -> 'C:\\laragon\\www\\dapokalsel\\sekolah\\~\\appdata\\roaming\\undetected_chromedriver\\undetected_chromedriver.exe'
Traceback (most recent call last):
  File "C:\laragon\www\dapokalsel\sekolah\import_url_kabupaten.pyw", line 92, in setup_driver
    temp_dir = tempfile.gettempdir()
  File "C:\laragon\bin\python\python-3.10\lib\site-packages\undetected_chromedriver\__init__.py", line 258, in __init__
    self.patcher.auto()
  File "C:\laragon\bin\python\python-3.10\lib\site-packages\undetected_chromedriver\patcher.py", line 178, in auto
    self.unzip_package(self.fetch_package())
  File "C:\laragon\bin\python\python-3.10\lib\site-packages\undetected_chromedriver\patcher.py", line 310, in unzip_package
    os.rename(os.path.join(self.zip_path, exe_path), self.executable_path)
FileExistsError: [WinError 183] Cannot create a file when that file already exists: 'C:\\laragon\\www\\dapokalsel\\sekolah\\~\\appdata\\roaming\\undetected_chromedriver\\undetected\\chromedriver-win32\\chromedriver.exe' -> 'C:\\laragon\\www\\dapokalsel\\sekolah\\~\\appdata\\roaming\\undetected_chromedriver\\undetected_chromedriver.exe'
2025-10-26 21:21:22,371 - ERROR - Error on attempt 92: Failed to setup driver
Traceback (most recent call last):
  File "C:\laragon\www\dapokalsel\sekolah\import_url_kabupaten.pyw", line 388, in process_url_induk
    logger.warning(f"Row {idx} missing data: kode={kode}, nama={nama}, url={full_url}")
Exception: Failed to setup driver
2025-10-26 21:21:22,371 - INFO - Retry attempt 93/300...
2025-10-26 21:21:37,371 - INFO - Setting up Chrome driver...
2025-10-26 21:21:37,371 - INFO - Using profile directory: C:\laragon\www\dapokalsel\chrome_profile
2025-10-26 21:21:37,371 - INFO - Initializing undetected Chrome driver...
2025-10-26 21:21:41,469 - ERROR - Failed to setup driver: [WinError 183] Cannot create a file when that file already exists: 'C:\\laragon\\www\\dapokalsel\\sekolah\\~\\appdata\\roaming\\undetected_chromedriver\\undetected\\chromedriver-win32\\chromedriver.exe' -> 'C:\\laragon\\www\\dapokalsel\\sekolah\\~\\appdata\\roaming\\undetected_chromedriver\\undetected_chromedriver.exe'
Traceback (most recent call last):
  File "C:\laragon\www\dapokalsel\sekolah\import_url_kabupaten.pyw", line 92, in setup_driver
    temp_dir = tempfile.gettempdir()
  File "C:\laragon\bin\python\python-3.10\lib\site-packages\undetected_chromedriver\__init__.py", line 258, in __init__
    self.patcher.auto()
  File "C:\laragon\bin\python\python-3.10\lib\site-packages\undetected_chromedriver\patcher.py", line 178, in auto
    self.unzip_package(self.fetch_package())
  File "C:\laragon\bin\python\python-3.10\lib\site-packages\undetected_chromedriver\patcher.py", line 310, in unzip_package
    os.rename(os.path.join(self.zip_path, exe_path), self.executable_path)
FileExistsError: [WinError 183] Cannot create a file when that file already exists: 'C:\\laragon\\www\\dapokalsel\\sekolah\\~\\appdata\\roaming\\undetected_chromedriver\\undetected\\chromedriver-win32\\chromedriver.exe' -> 'C:\\laragon\\www\\dapokalsel\\sekolah\\~\\appdata\\roaming\\undetected_chromedriver\\undetected_chromedriver.exe'
2025-10-26 21:21:41,469 - ERROR - Error on attempt 93: Failed to setup driver
Traceback (most recent call last):
  File "C:\laragon\www\dapokalsel\sekolah\import_url_kabupaten.pyw", line 388, in process_url_induk
    logger.warning(f"Row {idx} missing data: kode={kode}, nama={nama}, url={full_url}")
Exception: Failed to setup driver
2025-10-26 21:21:41,469 - INFO - Retry attempt 94/300...
2025-10-26 21:21:56,469 - INFO - Setting up Chrome driver...
2025-10-26 21:21:56,472 - INFO - Using profile directory: C:\laragon\www\dapokalsel\chrome_profile
2025-10-26 21:21:56,472 - INFO - Initializing undetected Chrome driver...
2025-10-26 21:22:01,768 - ERROR - Failed to setup driver: [WinError 183] Cannot create a file when that file already exists: 'C:\\laragon\\www\\dapokalsel\\sekolah\\~\\appdata\\roaming\\undetected_chromedriver\\undetected\\chromedriver-win32\\chromedriver.exe' -> 'C:\\laragon\\www\\dapokalsel\\sekolah\\~\\appdata\\roaming\\undetected_chromedriver\\undetected_chromedriver.exe'
Traceback (most recent call last):
  File "C:\laragon\www\dapokalsel\sekolah\import_url_kabupaten.pyw", line 92, in setup_driver
    temp_dir = tempfile.gettempdir()
  File "C:\laragon\bin\python\python-3.10\lib\site-packages\undetected_chromedriver\__init__.py", line 258, in __init__
    self.patcher.auto()
  File "C:\laragon\bin\python\python-3.10\lib\site-packages\undetected_chromedriver\patcher.py", line 178, in auto
    self.unzip_package(self.fetch_package())
  File "C:\laragon\bin\python\python-3.10\lib\site-packages\undetected_chromedriver\patcher.py", line 310, in unzip_package
    os.rename(os.path.join(self.zip_path, exe_path), self.executable_path)
FileExistsError: [WinError 183] Cannot create a file when that file already exists: 'C:\\laragon\\www\\dapokalsel\\sekolah\\~\\appdata\\roaming\\undetected_chromedriver\\undetected\\chromedriver-win32\\chromedriver.exe' -> 'C:\\laragon\\www\\dapokalsel\\sekolah\\~\\appdata\\roaming\\undetected_chromedriver\\undetected_chromedriver.exe'
2025-10-26 21:22:01,768 - ERROR - Error on attempt 94: Failed to setup driver
Traceback (most recent call last):
  File "C:\laragon\www\dapokalsel\sekolah\import_url_kabupaten.pyw", line 388, in process_url_induk
    logger.warning(f"Row {idx} missing data: kode={kode}, nama={nama}, url={full_url}")
Exception: Failed to setup driver
2025-10-26 21:22:01,768 - INFO - Retry attempt 95/300...
2025-10-26 21:22:16,769 - INFO - Setting up Chrome driver...
2025-10-26 21:22:16,769 - INFO - Using profile directory: C:\laragon\www\dapokalsel\chrome_profile
2025-10-26 21:22:16,769 - INFO - Initializing undetected Chrome driver...
2025-10-26 21:22:23,294 - INFO - patching driver executable C:\laragon\www\dapokalsel\sekolah\~\appdata\roaming\undetected_chromedriver\undetected_chromedriver.exe
2025-10-26 21:22:23,402 - ERROR - Failed to setup driver: Binary Location Must be a String
Traceback (most recent call last):
  File "C:\laragon\www\dapokalsel\sekolah\import_url_kabupaten.pyw", line 92, in setup_driver
    temp_dir = tempfile.gettempdir()
  File "C:\laragon\bin\python\python-3.10\lib\site-packages\undetected_chromedriver\__init__.py", line 372, in __init__
    options.binary_location = (
  File "C:\laragon\bin\python\python-3.10\lib\site-packages\selenium\webdriver\chromium\options.py", line 52, in binary_location
    raise TypeError(self.BINARY_LOCATION_ERROR)
TypeError: Binary Location Must be a String
2025-10-26 21:22:23,403 - ERROR - Error on attempt 95: Failed to setup driver
Traceback (most recent call last):
  File "C:\laragon\www\dapokalsel\sekolah\import_url_kabupaten.pyw", line 388, in process_url_induk
    logger.warning(f"Row {idx} missing data: kode={kode}, nama={nama}, url={full_url}")
Exception: Failed to setup driver
2025-10-26 21:22:23,403 - INFO - Retry attempt 96/300...
2025-10-26 21:22:38,415 - INFO - Setting up Chrome driver...
2025-10-26 21:22:38,416 - INFO - Using profile directory: C:\laragon\www\dapokalsel\chrome_profile
2025-10-26 21:22:38,416 - INFO - Initializing undetected Chrome driver...
2025-10-26 21:22:45,119 - INFO - patching driver executable C:\laragon\www\dapokalsel\sekolah\~\appdata\roaming\undetected_chromedriver\undetected_chromedriver.exe
2025-10-26 21:22:45,200 - ERROR - Failed to setup driver: Binary Location Must be a String
Traceback (most recent call last):
  File "C:\laragon\www\dapokalsel\sekolah\import_url_kabupaten.pyw", line 92, in setup_driver
    temp_dir = tempfile.gettempdir()
  File "C:\laragon\bin\python\python-3.10\lib\site-packages\undetected_chromedriver\__init__.py", line 372, in __init__
    options.binary_location = (
  File "C:\laragon\bin\python\python-3.10\lib\site-packages\selenium\webdriver\chromium\options.py", line 52, in binary_location
    raise TypeError(self.BINARY_LOCATION_ERROR)
TypeError: Binary Location Must be a String
2025-10-26 21:22:45,200 - ERROR - Error on attempt 96: Failed to setup driver
Traceback (most recent call last):
  File "C:\laragon\www\dapokalsel\sekolah\import_url_kabupaten.pyw", line 388, in process_url_induk
    logger.warning(f"Row {idx} missing data: kode={kode}, nama={nama}, url={full_url}")
Exception: Failed to setup driver
2025-10-26 21:22:45,200 - INFO - Retry attempt 97/300...
2025-10-26 21:23:00,200 - INFO - Setting up Chrome driver...
2025-10-26 21:23:00,202 - INFO - Using profile directory: C:\laragon\www\dapokalsel\chrome_profile
2025-10-26 21:23:00,202 - INFO - Initializing undetected Chrome driver...
2025-10-26 21:23:04,531 - ERROR - Failed to setup driver: [WinError 183] Cannot create a file when that file already exists: 'C:\\laragon\\www\\dapokalsel\\sekolah\\~\\appdata\\roaming\\undetected_chromedriver\\undetected\\chromedriver-win32\\chromedriver.exe' -> 'C:\\laragon\\www\\dapokalsel\\sekolah\\~\\appdata\\roaming\\undetected_chromedriver\\undetected_chromedriver.exe'
Traceback (most recent call last):
  File "C:\laragon\www\dapokalsel\sekolah\import_url_kabupaten.pyw", line 92, in setup_driver
    temp_dir = tempfile.gettempdir()
  File "C:\laragon\bin\python\python-3.10\lib\site-packages\undetected_chromedriver\__init__.py", line 258, in __init__
    self.patcher.auto()
  File "C:\laragon\bin\python\python-3.10\lib\site-packages\undetected_chromedriver\patcher.py", line 178, in auto
    self.unzip_package(self.fetch_package())
  File "C:\laragon\bin\python\python-3.10\lib\site-packages\undetected_chromedriver\patcher.py", line 310, in unzip_package
    os.rename(os.path.join(self.zip_path, exe_path), self.executable_path)
FileExistsError: [WinError 183] Cannot create a file when that file already exists: 'C:\\laragon\\www\\dapokalsel\\sekolah\\~\\appdata\\roaming\\undetected_chromedriver\\undetected\\chromedriver-win32\\chromedriver.exe' -> 'C:\\laragon\\www\\dapokalsel\\sekolah\\~\\appdata\\roaming\\undetected_chromedriver\\undetected_chromedriver.exe'
2025-10-26 21:23:04,531 - ERROR - Error on attempt 97: Failed to setup driver
Traceback (most recent call last):
  File "C:\laragon\www\dapokalsel\sekolah\import_url_kabupaten.pyw", line 388, in process_url_induk
    logger.warning(f"Row {idx} missing data: kode={kode}, nama={nama}, url={full_url}")
Exception: Failed to setup driver
2025-10-26 21:23:04,531 - INFO - Retry attempt 98/300...
2025-10-26 21:23:19,531 - INFO - Setting up Chrome driver...
2025-10-26 21:23:19,531 - INFO - Using profile directory: C:\laragon\www\dapokalsel\chrome_profile
2025-10-26 21:23:19,531 - INFO - Initializing undetected Chrome driver...
2025-10-26 21:23:25,112 - ERROR - Failed to setup driver: [WinError 183] Cannot create a file when that file already exists: 'C:\\laragon\\www\\dapokalsel\\sekolah\\~\\appdata\\roaming\\undetected_chromedriver\\undetected\\chromedriver-win32\\chromedriver.exe' -> 'C:\\laragon\\www\\dapokalsel\\sekolah\\~\\appdata\\roaming\\undetected_chromedriver\\undetected_chromedriver.exe'
Traceback (most recent call last):
  File "C:\laragon\www\dapokalsel\sekolah\import_url_kabupaten.pyw", line 92, in setup_driver
    temp_dir = tempfile.gettempdir()
  File "C:\laragon\bin\python\python-3.10\lib\site-packages\undetected_chromedriver\__init__.py", line 258, in __init__
    self.patcher.auto()
  File "C:\laragon\bin\python\python-3.10\lib\site-packages\undetected_chromedriver\patcher.py", line 178, in auto
    self.unzip_package(self.fetch_package())
  File "C:\laragon\bin\python\python-3.10\lib\site-packages\undetected_chromedriver\patcher.py", line 310, in unzip_package
    os.rename(os.path.join(self.zip_path, exe_path), self.executable_path)
FileExistsError: [WinError 183] Cannot create a file when that file already exists: 'C:\\laragon\\www\\dapokalsel\\sekolah\\~\\appdata\\roaming\\undetected_chromedriver\\undetected\\chromedriver-win32\\chromedriver.exe' -> 'C:\\laragon\\www\\dapokalsel\\sekolah\\~\\appdata\\roaming\\undetected_chromedriver\\undetected_chromedriver.exe'
2025-10-26 21:23:25,112 - ERROR - Error on attempt 98: Failed to setup driver
Traceback (most recent call last):
  File "C:\laragon\www\dapokalsel\sekolah\import_url_kabupaten.pyw", line 388, in process_url_induk
    logger.warning(f"Row {idx} missing data: kode={kode}, nama={nama}, url={full_url}")
Exception: Failed to setup driver
2025-10-26 21:23:25,112 - INFO - Retry attempt 99/300...
2025-10-26 21:23:40,113 - INFO - Setting up Chrome driver...
2025-10-26 21:23:40,114 - INFO - Using profile directory: C:\laragon\www\dapokalsel\chrome_profile
2025-10-26 21:23:40,115 - INFO - Initializing undetected Chrome driver...
2025-10-26 21:23:51,213 - INFO - patching driver executable C:\laragon\www\dapokalsel\sekolah\~\appdata\roaming\undetected_chromedriver\undetected_chromedriver.exe
2025-10-26 21:23:51,332 - ERROR - Failed to setup driver: Binary Location Must be a String
Traceback (most recent call last):
  File "C:\laragon\www\dapokalsel\sekolah\import_url_kabupaten.pyw", line 92, in setup_driver
    temp_dir = tempfile.gettempdir()
  File "C:\laragon\bin\python\python-3.10\lib\site-packages\undetected_chromedriver\__init__.py", line 372, in __init__
    options.binary_location = (
  File "C:\laragon\bin\python\python-3.10\lib\site-packages\selenium\webdriver\chromium\options.py", line 52, in binary_location
    raise TypeError(self.BINARY_LOCATION_ERROR)
TypeError: Binary Location Must be a String
2025-10-26 21:23:51,333 - ERROR - Error on attempt 99: Failed to setup driver
Traceback (most recent call last):
  File "C:\laragon\www\dapokalsel\sekolah\import_url_kabupaten.pyw", line 388, in process_url_induk
    logger.warning(f"Row {idx} missing data: kode={kode}, nama={nama}, url={full_url}")
Exception: Failed to setup driver
2025-10-26 21:23:51,333 - INFO - Retry attempt 100/300...
2025-10-26 21:24:06,344 - INFO - Setting up Chrome driver...
2025-10-26 21:24:06,344 - INFO - Using profile directory: C:\laragon\www\dapokalsel\chrome_profile
2025-10-26 21:24:06,345 - INFO - Initializing undetected Chrome driver...
2025-10-26 21:24:11,663 - INFO - patching driver executable C:\laragon\www\dapokalsel\sekolah\~\appdata\roaming\undetected_chromedriver\undetected_chromedriver.exe
2025-10-26 21:24:11,744 - ERROR - Failed to setup driver: Binary Location Must be a String
Traceback (most recent call last):
  File "C:\laragon\www\dapokalsel\sekolah\import_url_kabupaten.pyw", line 92, in setup_driver
    temp_dir = tempfile.gettempdir()
  File "C:\laragon\bin\python\python-3.10\lib\site-packages\undetected_chromedriver\__init__.py", line 372, in __init__
    options.binary_location = (
  File "C:\laragon\bin\python\python-3.10\lib\site-packages\selenium\webdriver\chromium\options.py", line 52, in binary_location
    raise TypeError(self.BINARY_LOCATION_ERROR)
TypeError: Binary Location Must be a String
2025-10-26 21:24:11,744 - ERROR - Error on attempt 100: Failed to setup driver
Traceback (most recent call last):
  File "C:\laragon\www\dapokalsel\sekolah\import_url_kabupaten.pyw", line 388, in process_url_induk
    logger.warning(f"Row {idx} missing data: kode={kode}, nama={nama}, url={full_url}")
Exception: Failed to setup driver
2025-10-26 21:24:11,744 - INFO - Retry attempt 101/300...
2025-10-26 21:24:26,745 - INFO - Setting up Chrome driver...
2025-10-26 21:24:26,748 - INFO - Using profile directory: C:\laragon\www\dapokalsel\chrome_profile
2025-10-26 21:24:26,748 - INFO - Initializing undetected Chrome driver...
2025-10-26 21:24:39,326 - ERROR - Failed to setup driver: [WinError 183] Cannot create a file when that file already exists: 'C:\\laragon\\www\\dapokalsel\\sekolah\\~\\appdata\\roaming\\undetected_chromedriver\\undetected\\chromedriver-win32\\chromedriver.exe' -> 'C:\\laragon\\www\\dapokalsel\\sekolah\\~\\appdata\\roaming\\undetected_chromedriver\\undetected_chromedriver.exe'
Traceback (most recent call last):
  File "C:\laragon\www\dapokalsel\sekolah\import_url_kabupaten.pyw", line 92, in setup_driver
    temp_dir = tempfile.gettempdir()
  File "C:\laragon\bin\python\python-3.10\lib\site-packages\undetected_chromedriver\__init__.py", line 258, in __init__
    self.patcher.auto()
  File "C:\laragon\bin\python\python-3.10\lib\site-packages\undetected_chromedriver\patcher.py", line 178, in auto
    self.unzip_package(self.fetch_package())
  File "C:\laragon\bin\python\python-3.10\lib\site-packages\undetected_chromedriver\patcher.py", line 310, in unzip_package
    os.rename(os.path.join(self.zip_path, exe_path), self.executable_path)
FileExistsError: [WinError 183] Cannot create a file when that file already exists: 'C:\\laragon\\www\\dapokalsel\\sekolah\\~\\appdata\\roaming\\undetected_chromedriver\\undetected\\chromedriver-win32\\chromedriver.exe' -> 'C:\\laragon\\www\\dapokalsel\\sekolah\\~\\appdata\\roaming\\undetected_chromedriver\\undetected_chromedriver.exe'
2025-10-26 21:24:39,326 - ERROR - Error on attempt 101: Failed to setup driver
Traceback (most recent call last):
  File "C:\laragon\www\dapokalsel\sekolah\import_url_kabupaten.pyw", line 388, in process_url_induk
    logger.warning(f"Row {idx} missing data: kode={kode}, nama={nama}, url={full_url}")
Exception: Failed to setup driver
2025-10-26 21:24:39,326 - INFO - Retry attempt 102/300...
2025-10-26 21:24:54,340 - INFO - Setting up Chrome driver...
2025-10-26 21:24:54,340 - INFO - Using profile directory: C:\laragon\www\dapokalsel\chrome_profile
2025-10-26 21:24:54,341 - INFO - Initializing undetected Chrome driver...
2025-10-26 21:25:00,674 - ERROR - Failed to setup driver: [WinError 183] Cannot create a file when that file already exists: 'C:\\laragon\\www\\dapokalsel\\sekolah\\~\\appdata\\roaming\\undetected_chromedriver\\undetected\\chromedriver-win32\\chromedriver.exe' -> 'C:\\laragon\\www\\dapokalsel\\sekolah\\~\\appdata\\roaming\\undetected_chromedriver\\undetected_chromedriver.exe'
Traceback (most recent call last):
  File "C:\laragon\www\dapokalsel\sekolah\import_url_kabupaten.pyw", line 92, in setup_driver
    temp_dir = tempfile.gettempdir()
  File "C:\laragon\bin\python\python-3.10\lib\site-packages\undetected_chromedriver\__init__.py", line 258, in __init__
    self.patcher.auto()
  File "C:\laragon\bin\python\python-3.10\lib\site-packages\undetected_chromedriver\patcher.py", line 178, in auto
    self.unzip_package(self.fetch_package())
  File "C:\laragon\bin\python\python-3.10\lib\site-packages\undetected_chromedriver\patcher.py", line 310, in unzip_package
    os.rename(os.path.join(self.zip_path, exe_path), self.executable_path)
FileExistsError: [WinError 183] Cannot create a file when that file already exists: 'C:\\laragon\\www\\dapokalsel\\sekolah\\~\\appdata\\roaming\\undetected_chromedriver\\undetected\\chromedriver-win32\\chromedriver.exe' -> 'C:\\laragon\\www\\dapokalsel\\sekolah\\~\\appdata\\roaming\\undetected_chromedriver\\undetected_chromedriver.exe'
2025-10-26 21:25:00,674 - ERROR - Error on attempt 102: Failed to setup driver
Traceback (most recent call last):
  File "C:\laragon\www\dapokalsel\sekolah\import_url_kabupaten.pyw", line 388, in process_url_induk
    logger.warning(f"Row {idx} missing data: kode={kode}, nama={nama}, url={full_url}")
Exception: Failed to setup driver
2025-10-26 21:25:00,674 - INFO - Retry attempt 103/300...
2025-10-26 21:25:15,689 - INFO - Setting up Chrome driver...
2025-10-26 21:25:15,690 - INFO - Using profile directory: C:\laragon\www\dapokalsel\chrome_profile
2025-10-26 21:25:15,690 - INFO - Initializing undetected Chrome driver...
2025-10-26 21:25:20,023 - INFO - patching driver executable C:\laragon\www\dapokalsel\sekolah\~\appdata\roaming\undetected_chromedriver\undetected_chromedriver.exe
2025-10-26 21:25:20,107 - ERROR - Failed to setup driver: Binary Location Must be a String
Traceback (most recent call last):
  File "C:\laragon\www\dapokalsel\sekolah\import_url_kabupaten.pyw", line 92, in setup_driver
    temp_dir = tempfile.gettempdir()
  File "C:\laragon\bin\python\python-3.10\lib\site-packages\undetected_chromedriver\__init__.py", line 372, in __init__
    options.binary_location = (
  File "C:\laragon\bin\python\python-3.10\lib\site-packages\selenium\webdriver\chromium\options.py", line 52, in binary_location
    raise TypeError(self.BINARY_LOCATION_ERROR)
TypeError: Binary Location Must be a String
2025-10-26 21:25:20,107 - ERROR - Error on attempt 103: Failed to setup driver
Traceback (most recent call last):
  File "C:\laragon\www\dapokalsel\sekolah\import_url_kabupaten.pyw", line 388, in process_url_induk
    logger.warning(f"Row {idx} missing data: kode={kode}, nama={nama}, url={full_url}")
Exception: Failed to setup driver
2025-10-26 21:25:20,107 - INFO - Retry attempt 104/300...
2025-10-26 21:25:35,111 - INFO - Setting up Chrome driver...
2025-10-26 21:25:35,111 - INFO - Using profile directory: C:\laragon\www\dapokalsel\chrome_profile
2025-10-26 21:25:35,111 - INFO - Initializing undetected Chrome driver...
2025-10-26 21:25:42,689 - INFO - patching driver executable C:\laragon\www\dapokalsel\sekolah\~\appdata\roaming\undetected_chromedriver\undetected_chromedriver.exe
2025-10-26 21:25:42,773 - ERROR - Failed to setup driver: Binary Location Must be a String
Traceback (most recent call last):
  File "C:\laragon\www\dapokalsel\sekolah\import_url_kabupaten.pyw", line 92, in setup_driver
    temp_dir = tempfile.gettempdir()
  File "C:\laragon\bin\python\python-3.10\lib\site-packages\undetected_chromedriver\__init__.py", line 372, in __init__
    options.binary_location = (
  File "C:\laragon\bin\python\python-3.10\lib\site-packages\selenium\webdriver\chromium\options.py", line 52, in binary_location
    raise TypeError(self.BINARY_LOCATION_ERROR)
TypeError: Binary Location Must be a String
2025-10-26 21:25:42,773 - ERROR - Error on attempt 104: Failed to setup driver
Traceback (most recent call last):
  File "C:\laragon\www\dapokalsel\sekolah\import_url_kabupaten.pyw", line 388, in process_url_induk
    logger.warning(f"Row {idx} missing data: kode={kode}, nama={nama}, url={full_url}")
Exception: Failed to setup driver
2025-10-26 21:25:42,773 - INFO - Retry attempt 105/300...
2025-10-26 21:25:57,786 - INFO - Setting up Chrome driver...
2025-10-26 21:25:57,786 - INFO - Using profile directory: C:\laragon\www\dapokalsel\chrome_profile
2025-10-26 21:25:57,786 - INFO - Initializing undetected Chrome driver...
2025-10-26 21:26:03,831 - INFO - patching driver executable C:\laragon\www\dapokalsel\sekolah\~\appdata\roaming\undetected_chromedriver\undetected_chromedriver.exe
2025-10-26 21:26:03,922 - ERROR - Failed to setup driver: Binary Location Must be a String
Traceback (most recent call last):
  File "C:\laragon\www\dapokalsel\sekolah\import_url_kabupaten.pyw", line 92, in setup_driver
    temp_dir = tempfile.gettempdir()
  File "C:\laragon\bin\python\python-3.10\lib\site-packages\undetected_chromedriver\__init__.py", line 372, in __init__
    options.binary_location = (
  File "C:\laragon\bin\python\python-3.10\lib\site-packages\selenium\webdriver\chromium\options.py", line 52, in binary_location
    raise TypeError(self.BINARY_LOCATION_ERROR)
TypeError: Binary Location Must be a String
2025-10-26 21:26:03,922 - ERROR - Error on attempt 105: Failed to setup driver
Traceback (most recent call last):
  File "C:\laragon\www\dapokalsel\sekolah\import_url_kabupaten.pyw", line 388, in process_url_induk
    logger.warning(f"Row {idx} missing data: kode={kode}, nama={nama}, url={full_url}")
Exception: Failed to setup driver
2025-10-26 21:26:03,923 - INFO - Retry attempt 106/300...
2025-10-26 21:26:18,934 - INFO - Setting up Chrome driver...
2025-10-26 21:26:18,934 - INFO - Using profile directory: C:\laragon\www\dapokalsel\chrome_profile
2025-10-26 21:26:18,934 - INFO - Initializing undetected Chrome driver...
2025-10-26 21:26:26,904 - INFO - patching driver executable C:\laragon\www\dapokalsel\sekolah\~\appdata\roaming\undetected_chromedriver\undetected_chromedriver.exe
2025-10-26 21:26:27,037 - ERROR - Failed to setup driver: Binary Location Must be a String
Traceback (most recent call last):
  File "C:\laragon\www\dapokalsel\sekolah\import_url_kabupaten.pyw", line 92, in setup_driver
    temp_dir = tempfile.gettempdir()
  File "C:\laragon\bin\python\python-3.10\lib\site-packages\undetected_chromedriver\__init__.py", line 372, in __init__
    options.binary_location = (
  File "C:\laragon\bin\python\python-3.10\lib\site-packages\selenium\webdriver\chromium\options.py", line 52, in binary_location
    raise TypeError(self.BINARY_LOCATION_ERROR)
TypeError: Binary Location Must be a String
2025-10-26 21:26:27,037 - ERROR - Error on attempt 106: Failed to setup driver
Traceback (most recent call last):
  File "C:\laragon\www\dapokalsel\sekolah\import_url_kabupaten.pyw", line 388, in process_url_induk
    logger.warning(f"Row {idx} missing data: kode={kode}, nama={nama}, url={full_url}")
Exception: Failed to setup driver
2025-10-26 21:26:27,037 - INFO - Retry attempt 107/300...
2025-10-26 21:26:42,037 - INFO - Setting up Chrome driver...
2025-10-26 21:26:42,037 - INFO - Using profile directory: C:\laragon\www\dapokalsel\chrome_profile
2025-10-26 21:26:42,038 - INFO - Initializing undetected Chrome driver...
2025-10-26 21:26:48,670 - INFO - patching driver executable C:\laragon\www\dapokalsel\sekolah\~\appdata\roaming\undetected_chromedriver\undetected_chromedriver.exe
2025-10-26 21:26:48,787 - ERROR - Failed to setup driver: Binary Location Must be a String
Traceback (most recent call last):
  File "C:\laragon\www\dapokalsel\sekolah\import_url_kabupaten.pyw", line 92, in setup_driver
    temp_dir = tempfile.gettempdir()
  File "C:\laragon\bin\python\python-3.10\lib\site-packages\undetected_chromedriver\__init__.py", line 372, in __init__
    options.binary_location = (
  File "C:\laragon\bin\python\python-3.10\lib\site-packages\selenium\webdriver\chromium\options.py", line 52, in binary_location
    raise TypeError(self.BINARY_LOCATION_ERROR)
TypeError: Binary Location Must be a String
2025-10-26 21:26:48,788 - ERROR - Error on attempt 107: Failed to setup driver
Traceback (most recent call last):
  File "C:\laragon\www\dapokalsel\sekolah\import_url_kabupaten.pyw", line 388, in process_url_induk
    logger.warning(f"Row {idx} missing data: kode={kode}, nama={nama}, url={full_url}")
Exception: Failed to setup driver
2025-10-26 21:26:48,788 - INFO - Retry attempt 108/300...
2025-10-26 21:27:03,789 - INFO - Setting up Chrome driver...
2025-10-26 21:27:03,790 - INFO - Using profile directory: C:\laragon\www\dapokalsel\chrome_profile
2025-10-26 21:27:03,791 - INFO - Initializing undetected Chrome driver...
2025-10-26 21:27:12,789 - INFO - patching driver executable C:\laragon\www\dapokalsel\sekolah\~\appdata\roaming\undetected_chromedriver\undetected_chromedriver.exe
2025-10-26 21:27:12,958 - ERROR - Failed to setup driver: Binary Location Must be a String
Traceback (most recent call last):
  File "C:\laragon\www\dapokalsel\sekolah\import_url_kabupaten.pyw", line 92, in setup_driver
    temp_dir = tempfile.gettempdir()
  File "C:\laragon\bin\python\python-3.10\lib\site-packages\undetected_chromedriver\__init__.py", line 372, in __init__
    options.binary_location = (
  File "C:\laragon\bin\python\python-3.10\lib\site-packages\selenium\webdriver\chromium\options.py", line 52, in binary_location
    raise TypeError(self.BINARY_LOCATION_ERROR)
TypeError: Binary Location Must be a String
2025-10-26 21:27:12,958 - ERROR - Error on attempt 108: Failed to setup driver
Traceback (most recent call last):
  File "C:\laragon\www\dapokalsel\sekolah\import_url_kabupaten.pyw", line 388, in process_url_induk
    logger.warning(f"Row {idx} missing data: kode={kode}, nama={nama}, url={full_url}")
Exception: Failed to setup driver
2025-10-26 21:27:12,959 - INFO - Retry attempt 109/300...
2025-10-26 21:27:27,965 - INFO - Setting up Chrome driver...
2025-10-26 21:27:27,966 - INFO - Using profile directory: C:\laragon\www\dapokalsel\chrome_profile
2025-10-26 21:27:27,966 - INFO - Initializing undetected Chrome driver...
2025-10-26 21:27:39,100 - INFO - patching driver executable C:\laragon\www\dapokalsel\sekolah\~\appdata\roaming\undetected_chromedriver\undetected_chromedriver.exe
2025-10-26 21:27:39,216 - ERROR - Failed to setup driver: Binary Location Must be a String
Traceback (most recent call last):
  File "C:\laragon\www\dapokalsel\sekolah\import_url_kabupaten.pyw", line 92, in setup_driver
    temp_dir = tempfile.gettempdir()
  File "C:\laragon\bin\python\python-3.10\lib\site-packages\undetected_chromedriver\__init__.py", line 372, in __init__
    options.binary_location = (
  File "C:\laragon\bin\python\python-3.10\lib\site-packages\selenium\webdriver\chromium\options.py", line 52, in binary_location
    raise TypeError(self.BINARY_LOCATION_ERROR)
TypeError: Binary Location Must be a String
2025-10-26 21:27:39,216 - ERROR - Error on attempt 109: Failed to setup driver
Traceback (most recent call last):
  File "C:\laragon\www\dapokalsel\sekolah\import_url_kabupaten.pyw", line 388, in process_url_induk
    logger.warning(f"Row {idx} missing data: kode={kode}, nama={nama}, url={full_url}")
Exception: Failed to setup driver
2025-10-26 21:27:39,216 - INFO - Retry attempt 110/300...
2025-10-26 21:27:54,231 - INFO - Setting up Chrome driver...
2025-10-26 21:27:54,232 - INFO - Using profile directory: C:\laragon\www\dapokalsel\chrome_profile
2025-10-26 21:27:54,232 - INFO - Initializing undetected Chrome driver...
2025-10-26 21:28:00,799 - INFO - patching driver executable C:\laragon\www\dapokalsel\sekolah\~\appdata\roaming\undetected_chromedriver\undetected_chromedriver.exe
2025-10-26 21:28:00,896 - ERROR - Failed to setup driver: Binary Location Must be a String
Traceback (most recent call last):
  File "C:\laragon\www\dapokalsel\sekolah\import_url_kabupaten.pyw", line 92, in setup_driver
    temp_dir = tempfile.gettempdir()
  File "C:\laragon\bin\python\python-3.10\lib\site-packages\undetected_chromedriver\__init__.py", line 372, in __init__
    options.binary_location = (
  File "C:\laragon\bin\python\python-3.10\lib\site-packages\selenium\webdriver\chromium\options.py", line 52, in binary_location
    raise TypeError(self.BINARY_LOCATION_ERROR)
TypeError: Binary Location Must be a String
2025-10-26 21:28:00,898 - ERROR - Error on attempt 110: Failed to setup driver
Traceback (most recent call last):
  File "C:\laragon\www\dapokalsel\sekolah\import_url_kabupaten.pyw", line 388, in process_url_induk
    logger.warning(f"Row {idx} missing data: kode={kode}, nama={nama}, url={full_url}")
Exception: Failed to setup driver
2025-10-26 21:28:00,899 - INFO - Retry attempt 111/300...
2025-10-26 21:28:15,913 - INFO - Setting up Chrome driver...
2025-10-26 21:28:15,913 - INFO - Using profile directory: C:\laragon\www\dapokalsel\chrome_profile
2025-10-26 21:28:15,913 - INFO - Initializing undetected Chrome driver...
2025-10-26 21:28:24,597 - INFO - patching driver executable C:\laragon\www\dapokalsel\sekolah\~\appdata\roaming\undetected_chromedriver\undetected_chromedriver.exe
2025-10-26 21:28:24,814 - ERROR - Failed to setup driver: Binary Location Must be a String
Traceback (most recent call last):
  File "C:\laragon\www\dapokalsel\sekolah\import_url_kabupaten.pyw", line 92, in setup_driver
    temp_dir = tempfile.gettempdir()
  File "C:\laragon\bin\python\python-3.10\lib\site-packages\undetected_chromedriver\__init__.py", line 372, in __init__
    options.binary_location = (
  File "C:\laragon\bin\python\python-3.10\lib\site-packages\selenium\webdriver\chromium\options.py", line 52, in binary_location
    raise TypeError(self.BINARY_LOCATION_ERROR)
TypeError: Binary Location Must be a String
2025-10-26 21:28:24,814 - ERROR - Error on attempt 111: Failed to setup driver
Traceback (most recent call last):
  File "C:\laragon\www\dapokalsel\sekolah\import_url_kabupaten.pyw", line 388, in process_url_induk
    logger.warning(f"Row {idx} missing data: kode={kode}, nama={nama}, url={full_url}")
Exception: Failed to setup driver
2025-10-26 21:28:24,814 - INFO - Retry attempt 112/300...
2025-10-26 21:28:39,814 - INFO - Setting up Chrome driver...
2025-10-26 21:28:39,815 - INFO - Using profile directory: C:\laragon\www\dapokalsel\chrome_profile
2025-10-26 21:28:39,816 - INFO - Initializing undetected Chrome driver...
2025-10-26 21:28:44,696 - INFO - patching driver executable C:\laragon\www\dapokalsel\sekolah\~\appdata\roaming\undetected_chromedriver\undetected_chromedriver.exe
2025-10-26 21:28:44,797 - ERROR - Failed to setup driver: Binary Location Must be a String
Traceback (most recent call last):
  File "C:\laragon\www\dapokalsel\sekolah\import_url_kabupaten.pyw", line 92, in setup_driver
    temp_dir = tempfile.gettempdir()
  File "C:\laragon\bin\python\python-3.10\lib\site-packages\undetected_chromedriver\__init__.py", line 372, in __init__
    options.binary_location = (
  File "C:\laragon\bin\python\python-3.10\lib\site-packages\selenium\webdriver\chromium\options.py", line 52, in binary_location
    raise TypeError(self.BINARY_LOCATION_ERROR)
TypeError: Binary Location Must be a String
2025-10-26 21:28:44,797 - ERROR - Error on attempt 112: Failed to setup driver
Traceback (most recent call last):
  File "C:\laragon\www\dapokalsel\sekolah\import_url_kabupaten.pyw", line 388, in process_url_induk
    logger.warning(f"Row {idx} missing data: kode={kode}, nama={nama}, url={full_url}")
Exception: Failed to setup driver
2025-10-26 21:28:44,797 - INFO - Retry attempt 113/300...
2025-10-26 21:28:59,798 - INFO - Setting up Chrome driver...
2025-10-26 21:28:59,798 - INFO - Using profile directory: C:\laragon\www\dapokalsel\chrome_profile
2025-10-26 21:28:59,798 - INFO - Initializing undetected Chrome driver...
2025-10-26 21:29:10,945 - ERROR - Failed to setup driver: [WinError 183] Cannot create a file when that file already exists: 'C:\\laragon\\www\\dapokalsel\\sekolah\\~\\appdata\\roaming\\undetected_chromedriver\\undetected\\chromedriver-win32\\chromedriver.exe' -> 'C:\\laragon\\www\\dapokalsel\\sekolah\\~\\appdata\\roaming\\undetected_chromedriver\\undetected_chromedriver.exe'
Traceback (most recent call last):
  File "C:\laragon\www\dapokalsel\sekolah\import_url_kabupaten.pyw", line 92, in setup_driver
    temp_dir = tempfile.gettempdir()
  File "C:\laragon\bin\python\python-3.10\lib\site-packages\undetected_chromedriver\__init__.py", line 258, in __init__
    self.patcher.auto()
  File "C:\laragon\bin\python\python-3.10\lib\site-packages\undetected_chromedriver\patcher.py", line 178, in auto
    self.unzip_package(self.fetch_package())
  File "C:\laragon\bin\python\python-3.10\lib\site-packages\undetected_chromedriver\patcher.py", line 310, in unzip_package
    os.rename(os.path.join(self.zip_path, exe_path), self.executable_path)
FileExistsError: [WinError 183] Cannot create a file when that file already exists: 'C:\\laragon\\www\\dapokalsel\\sekolah\\~\\appdata\\roaming\\undetected_chromedriver\\undetected\\chromedriver-win32\\chromedriver.exe' -> 'C:\\laragon\\www\\dapokalsel\\sekolah\\~\\appdata\\roaming\\undetected_chromedriver\\undetected_chromedriver.exe'
2025-10-26 21:29:10,945 - ERROR - Error on attempt 113: Failed to setup driver
Traceback (most recent call last):
  File "C:\laragon\www\dapokalsel\sekolah\import_url_kabupaten.pyw", line 388, in process_url_induk
    logger.warning(f"Row {idx} missing data: kode={kode}, nama={nama}, url={full_url}")
Exception: Failed to setup driver
2025-10-26 21:29:10,945 - INFO - Retry attempt 114/300...
2025-10-26 21:29:25,946 - INFO - Setting up Chrome driver...
2025-10-26 21:29:25,948 - INFO - Using profile directory: C:\laragon\www\dapokalsel\chrome_profile
2025-10-26 21:29:25,948 - INFO - Initializing undetected Chrome driver...
2025-10-26 21:29:38,160 - ERROR - Failed to setup driver: [WinError 183] Cannot create a file when that file already exists: 'C:\\laragon\\www\\dapokalsel\\sekolah\\~\\appdata\\roaming\\undetected_chromedriver\\undetected\\chromedriver-win32\\chromedriver.exe' -> 'C:\\laragon\\www\\dapokalsel\\sekolah\\~\\appdata\\roaming\\undetected_chromedriver\\undetected_chromedriver.exe'
Traceback (most recent call last):
  File "C:\laragon\www\dapokalsel\sekolah\import_url_kabupaten.pyw", line 92, in setup_driver
    temp_dir = tempfile.gettempdir()
  File "C:\laragon\bin\python\python-3.10\lib\site-packages\undetected_chromedriver\__init__.py", line 258, in __init__
    self.patcher.auto()
  File "C:\laragon\bin\python\python-3.10\lib\site-packages\undetected_chromedriver\patcher.py", line 178, in auto
    self.unzip_package(self.fetch_package())
  File "C:\laragon\bin\python\python-3.10\lib\site-packages\undetected_chromedriver\patcher.py", line 310, in unzip_package
    os.rename(os.path.join(self.zip_path, exe_path), self.executable_path)
FileExistsError: [WinError 183] Cannot create a file when that file already exists: 'C:\\laragon\\www\\dapokalsel\\sekolah\\~\\appdata\\roaming\\undetected_chromedriver\\undetected\\chromedriver-win32\\chromedriver.exe' -> 'C:\\laragon\\www\\dapokalsel\\sekolah\\~\\appdata\\roaming\\undetected_chromedriver\\undetected_chromedriver.exe'
2025-10-26 21:29:38,160 - ERROR - Error on attempt 114: Failed to setup driver
Traceback (most recent call last):
  File "C:\laragon\www\dapokalsel\sekolah\import_url_kabupaten.pyw", line 388, in process_url_induk
    logger.warning(f"Row {idx} missing data: kode={kode}, nama={nama}, url={full_url}")
Exception: Failed to setup driver
2025-10-26 21:29:38,160 - INFO - Retry attempt 115/300...
2025-10-26 21:29:53,162 - INFO - Setting up Chrome driver...
2025-10-26 21:29:53,170 - INFO - Using profile directory: C:\laragon\www\dapokalsel\chrome_profile
2025-10-26 21:29:53,171 - INFO - Initializing undetected Chrome driver...
2025-10-26 21:30:10,853 - ERROR - Failed to setup driver: [WinError 183] Cannot create a file when that file already exists: 'C:\\laragon\\www\\dapokalsel\\sekolah\\~\\appdata\\roaming\\undetected_chromedriver\\undetected\\chromedriver-win32\\chromedriver.exe' -> 'C:\\laragon\\www\\dapokalsel\\sekolah\\~\\appdata\\roaming\\undetected_chromedriver\\undetected_chromedriver.exe'
Traceback (most recent call last):
  File "C:\laragon\www\dapokalsel\sekolah\import_url_kabupaten.pyw", line 92, in setup_driver
    temp_dir = tempfile.gettempdir()
  File "C:\laragon\bin\python\python-3.10\lib\site-packages\undetected_chromedriver\__init__.py", line 258, in __init__
    self.patcher.auto()
  File "C:\laragon\bin\python\python-3.10\lib\site-packages\undetected_chromedriver\patcher.py", line 178, in auto
    self.unzip_package(self.fetch_package())
  File "C:\laragon\bin\python\python-3.10\lib\site-packages\undetected_chromedriver\patcher.py", line 310, in unzip_package
    os.rename(os.path.join(self.zip_path, exe_path), self.executable_path)
FileExistsError: [WinError 183] Cannot create a file when that file already exists: 'C:\\laragon\\www\\dapokalsel\\sekolah\\~\\appdata\\roaming\\undetected_chromedriver\\undetected\\chromedriver-win32\\chromedriver.exe' -> 'C:\\laragon\\www\\dapokalsel\\sekolah\\~\\appdata\\roaming\\undetected_chromedriver\\undetected_chromedriver.exe'
2025-10-26 21:30:10,854 - ERROR - Error on attempt 115: Failed to setup driver
Traceback (most recent call last):
  File "C:\laragon\www\dapokalsel\sekolah\import_url_kabupaten.pyw", line 388, in process_url_induk
    logger.warning(f"Row {idx} missing data: kode={kode}, nama={nama}, url={full_url}")
Exception: Failed to setup driver
2025-10-26 21:30:10,854 - INFO - Retry attempt 116/300...
2025-10-26 21:30:25,857 - INFO - Setting up Chrome driver...
2025-10-26 21:30:25,859 - INFO - Using profile directory: C:\laragon\www\dapokalsel\chrome_profile
2025-10-26 21:30:25,859 - INFO - Initializing undetected Chrome driver...
2025-10-26 21:30:42,555 - INFO - patching driver executable C:\laragon\www\dapokalsel\sekolah\~\appdata\roaming\undetected_chromedriver\undetected_chromedriver.exe
2025-10-26 21:30:42,659 - ERROR - Failed to setup driver: Binary Location Must be a String
Traceback (most recent call last):
  File "C:\laragon\www\dapokalsel\sekolah\import_url_kabupaten.pyw", line 92, in setup_driver
    temp_dir = tempfile.gettempdir()
  File "C:\laragon\bin\python\python-3.10\lib\site-packages\undetected_chromedriver\__init__.py", line 372, in __init__
    options.binary_location = (
  File "C:\laragon\bin\python\python-3.10\lib\site-packages\selenium\webdriver\chromium\options.py", line 52, in binary_location
    raise TypeError(self.BINARY_LOCATION_ERROR)
TypeError: Binary Location Must be a String
2025-10-26 21:30:42,660 - ERROR - Error on attempt 116: Failed to setup driver
Traceback (most recent call last):
  File "C:\laragon\www\dapokalsel\sekolah\import_url_kabupaten.pyw", line 388, in process_url_induk
    logger.warning(f"Row {idx} missing data: kode={kode}, nama={nama}, url={full_url}")
Exception: Failed to setup driver
2025-10-26 21:30:42,660 - INFO - Retry attempt 117/300...
2025-10-26 21:30:57,662 - INFO - Setting up Chrome driver...
2025-10-26 21:30:57,663 - INFO - Using profile directory: C:\laragon\www\dapokalsel\chrome_profile
2025-10-26 21:30:57,663 - INFO - Initializing undetected Chrome driver...
2025-10-26 21:31:23,344 - ERROR - Failed to setup driver: [WinError 183] Cannot create a file when that file already exists: 'C:\\laragon\\www\\dapokalsel\\sekolah\\~\\appdata\\roaming\\undetected_chromedriver\\undetected\\chromedriver-win32\\chromedriver.exe' -> 'C:\\laragon\\www\\dapokalsel\\sekolah\\~\\appdata\\roaming\\undetected_chromedriver\\undetected_chromedriver.exe'
Traceback (most recent call last):
  File "C:\laragon\www\dapokalsel\sekolah\import_url_kabupaten.pyw", line 92, in setup_driver
    temp_dir = tempfile.gettempdir()
  File "C:\laragon\bin\python\python-3.10\lib\site-packages\undetected_chromedriver\__init__.py", line 258, in __init__
    self.patcher.auto()
  File "C:\laragon\bin\python\python-3.10\lib\site-packages\undetected_chromedriver\patcher.py", line 178, in auto
    self.unzip_package(self.fetch_package())
  File "C:\laragon\bin\python\python-3.10\lib\site-packages\undetected_chromedriver\patcher.py", line 310, in unzip_package
    os.rename(os.path.join(self.zip_path, exe_path), self.executable_path)
FileExistsError: [WinError 183] Cannot create a file when that file already exists: 'C:\\laragon\\www\\dapokalsel\\sekolah\\~\\appdata\\roaming\\undetected_chromedriver\\undetected\\chromedriver-win32\\chromedriver.exe' -> 'C:\\laragon\\www\\dapokalsel\\sekolah\\~\\appdata\\roaming\\undetected_chromedriver\\undetected_chromedriver.exe'
2025-10-26 21:31:23,346 - ERROR - Error on attempt 117: Failed to setup driver
Traceback (most recent call last):
  File "C:\laragon\www\dapokalsel\sekolah\import_url_kabupaten.pyw", line 388, in process_url_induk
    logger.warning(f"Row {idx} missing data: kode={kode}, nama={nama}, url={full_url}")
Exception: Failed to setup driver
2025-10-26 21:31:23,346 - INFO - Retry attempt 118/300...
2025-10-26 21:31:38,352 - INFO - Setting up Chrome driver...
2025-10-26 21:31:38,355 - INFO - Using profile directory: C:\laragon\www\dapokalsel\chrome_profile
2025-10-26 21:31:38,355 - INFO - Initializing undetected Chrome driver...
2025-10-26 21:31:49,458 - INFO - patching driver executable C:\laragon\www\dapokalsel\sekolah\~\appdata\roaming\undetected_chromedriver\undetected_chromedriver.exe
2025-10-26 21:31:49,549 - ERROR - Failed to setup driver: Binary Location Must be a String
Traceback (most recent call last):
  File "C:\laragon\www\dapokalsel\sekolah\import_url_kabupaten.pyw", line 92, in setup_driver
    temp_dir = tempfile.gettempdir()
  File "C:\laragon\bin\python\python-3.10\lib\site-packages\undetected_chromedriver\__init__.py", line 372, in __init__
    options.binary_location = (
  File "C:\laragon\bin\python\python-3.10\lib\site-packages\selenium\webdriver\chromium\options.py", line 52, in binary_location
    raise TypeError(self.BINARY_LOCATION_ERROR)
TypeError: Binary Location Must be a String
2025-10-26 21:31:49,549 - ERROR - Error on attempt 118: Failed to setup driver
Traceback (most recent call last):
  File "C:\laragon\www\dapokalsel\sekolah\import_url_kabupaten.pyw", line 388, in process_url_induk
    logger.warning(f"Row {idx} missing data: kode={kode}, nama={nama}, url={full_url}")
Exception: Failed to setup driver
2025-10-26 21:31:49,549 - INFO - Retry attempt 119/300...
2025-10-26 21:32:04,550 - INFO - Setting up Chrome driver...
2025-10-26 21:32:04,551 - INFO - Using profile directory: C:\laragon\www\dapokalsel\chrome_profile
2025-10-26 21:32:04,551 - INFO - Initializing undetected Chrome driver...
2025-10-26 21:32:08,852 - INFO - patching driver executable C:\laragon\www\dapokalsel\sekolah\~\appdata\roaming\undetected_chromedriver\undetected_chromedriver.exe
2025-10-26 21:32:08,952 - ERROR - Failed to setup driver: Binary Location Must be a String
Traceback (most recent call last):
  File "C:\laragon\www\dapokalsel\sekolah\import_url_kabupaten.pyw", line 92, in setup_driver
    temp_dir = tempfile.gettempdir()
  File "C:\laragon\bin\python\python-3.10\lib\site-packages\undetected_chromedriver\__init__.py", line 372, in __init__
    options.binary_location = (
  File "C:\laragon\bin\python\python-3.10\lib\site-packages\selenium\webdriver\chromium\options.py", line 52, in binary_location
    raise TypeError(self.BINARY_LOCATION_ERROR)
TypeError: Binary Location Must be a String
2025-10-26 21:32:08,952 - ERROR - Error on attempt 119: Failed to setup driver
Traceback (most recent call last):
  File "C:\laragon\www\dapokalsel\sekolah\import_url_kabupaten.pyw", line 388, in process_url_induk
    logger.warning(f"Row {idx} missing data: kode={kode}, nama={nama}, url={full_url}")
Exception: Failed to setup driver
2025-10-26 21:32:08,952 - INFO - Retry attempt 120/300...
2025-10-26 21:32:23,952 - INFO - Setting up Chrome driver...
2025-10-26 21:32:23,953 - INFO - Using profile directory: C:\laragon\www\dapokalsel\chrome_profile
2025-10-26 21:32:23,954 - INFO - Initializing undetected Chrome driver...
2025-10-26 21:32:31,801 - ERROR - Failed to setup driver: [WinError 183] Cannot create a file when that file already exists: 'C:\\laragon\\www\\dapokalsel\\sekolah\\~\\appdata\\roaming\\undetected_chromedriver\\undetected\\chromedriver-win32\\chromedriver.exe' -> 'C:\\laragon\\www\\dapokalsel\\sekolah\\~\\appdata\\roaming\\undetected_chromedriver\\undetected_chromedriver.exe'
Traceback (most recent call last):
  File "C:\laragon\www\dapokalsel\sekolah\import_url_kabupaten.pyw", line 92, in setup_driver
    temp_dir = tempfile.gettempdir()
  File "C:\laragon\bin\python\python-3.10\lib\site-packages\undetected_chromedriver\__init__.py", line 258, in __init__
    self.patcher.auto()
  File "C:\laragon\bin\python\python-3.10\lib\site-packages\undetected_chromedriver\patcher.py", line 178, in auto
    self.unzip_package(self.fetch_package())
  File "C:\laragon\bin\python\python-3.10\lib\site-packages\undetected_chromedriver\patcher.py", line 310, in unzip_package
    os.rename(os.path.join(self.zip_path, exe_path), self.executable_path)
FileExistsError: [WinError 183] Cannot create a file when that file already exists: 'C:\\laragon\\www\\dapokalsel\\sekolah\\~\\appdata\\roaming\\undetected_chromedriver\\undetected\\chromedriver-win32\\chromedriver.exe' -> 'C:\\laragon\\www\\dapokalsel\\sekolah\\~\\appdata\\roaming\\undetected_chromedriver\\undetected_chromedriver.exe'
2025-10-26 21:32:31,801 - ERROR - Error on attempt 120: Failed to setup driver
Traceback (most recent call last):
  File "C:\laragon\www\dapokalsel\sekolah\import_url_kabupaten.pyw", line 388, in process_url_induk
    logger.warning(f"Row {idx} missing data: kode={kode}, nama={nama}, url={full_url}")
Exception: Failed to setup driver
2025-10-26 21:32:31,801 - INFO - Retry attempt 121/300...
2025-10-26 21:32:46,801 - INFO - Setting up Chrome driver...
2025-10-26 21:32:46,802 - INFO - Using profile directory: C:\laragon\www\dapokalsel\chrome_profile
2025-10-26 21:32:46,804 - INFO - Initializing undetected Chrome driver...
2025-10-26 21:33:03,015 - ERROR - Failed to setup driver: [WinError 183] Cannot create a file when that file already exists: 'C:\\laragon\\www\\dapokalsel\\sekolah\\~\\appdata\\roaming\\undetected_chromedriver\\undetected\\chromedriver-win32\\chromedriver.exe' -> 'C:\\laragon\\www\\dapokalsel\\sekolah\\~\\appdata\\roaming\\undetected_chromedriver\\undetected_chromedriver.exe'
Traceback (most recent call last):
  File "C:\laragon\www\dapokalsel\sekolah\import_url_kabupaten.pyw", line 92, in setup_driver
    temp_dir = tempfile.gettempdir()
  File "C:\laragon\bin\python\python-3.10\lib\site-packages\undetected_chromedriver\__init__.py", line 258, in __init__
    self.patcher.auto()
  File "C:\laragon\bin\python\python-3.10\lib\site-packages\undetected_chromedriver\patcher.py", line 178, in auto
    self.unzip_package(self.fetch_package())
  File "C:\laragon\bin\python\python-3.10\lib\site-packages\undetected_chromedriver\patcher.py", line 310, in unzip_package
    os.rename(os.path.join(self.zip_path, exe_path), self.executable_path)
FileExistsError: [WinError 183] Cannot create a file when that file already exists: 'C:\\laragon\\www\\dapokalsel\\sekolah\\~\\appdata\\roaming\\undetected_chromedriver\\undetected\\chromedriver-win32\\chromedriver.exe' -> 'C:\\laragon\\www\\dapokalsel\\sekolah\\~\\appdata\\roaming\\undetected_chromedriver\\undetected_chromedriver.exe'
2025-10-26 21:33:03,015 - ERROR - Error on attempt 121: Failed to setup driver
Traceback (most recent call last):
  File "C:\laragon\www\dapokalsel\sekolah\import_url_kabupaten.pyw", line 388, in process_url_induk
    logger.warning(f"Row {idx} missing data: kode={kode}, nama={nama}, url={full_url}")
Exception: Failed to setup driver
2025-10-26 21:33:03,015 - INFO - Retry attempt 122/300...
2025-10-26 21:33:18,021 - INFO - Setting up Chrome driver...
2025-10-26 21:33:18,021 - INFO - Using profile directory: C:\laragon\www\dapokalsel\chrome_profile
2025-10-26 21:33:18,021 - INFO - Initializing undetected Chrome driver...
2025-10-26 21:33:22,482 - INFO - patching driver executable C:\laragon\www\dapokalsel\sekolah\~\appdata\roaming\undetected_chromedriver\undetected_chromedriver.exe
2025-10-26 21:33:22,581 - ERROR - Failed to setup driver: Binary Location Must be a String
Traceback (most recent call last):
  File "C:\laragon\www\dapokalsel\sekolah\import_url_kabupaten.pyw", line 92, in setup_driver
    temp_dir = tempfile.gettempdir()
  File "C:\laragon\bin\python\python-3.10\lib\site-packages\undetected_chromedriver\__init__.py", line 372, in __init__
    options.binary_location = (
  File "C:\laragon\bin\python\python-3.10\lib\site-packages\selenium\webdriver\chromium\options.py", line 52, in binary_location
    raise TypeError(self.BINARY_LOCATION_ERROR)
TypeError: Binary Location Must be a String
2025-10-26 21:33:22,581 - ERROR - Error on attempt 122: Failed to setup driver
Traceback (most recent call last):
  File "C:\laragon\www\dapokalsel\sekolah\import_url_kabupaten.pyw", line 388, in process_url_induk
    logger.warning(f"Row {idx} missing data: kode={kode}, nama={nama}, url={full_url}")
Exception: Failed to setup driver
2025-10-26 21:33:22,581 - INFO - Retry attempt 123/300...
2025-10-26 21:33:37,582 - INFO - Setting up Chrome driver...
2025-10-26 21:33:37,582 - INFO - Using profile directory: C:\laragon\www\dapokalsel\chrome_profile
2025-10-26 21:33:37,582 - INFO - Initializing undetected Chrome driver...
2025-10-26 21:33:41,931 - INFO - patching driver executable C:\laragon\www\dapokalsel\sekolah\~\appdata\roaming\undetected_chromedriver\undetected_chromedriver.exe
2025-10-26 21:33:42,047 - ERROR - Failed to setup driver: Binary Location Must be a String
Traceback (most recent call last):
  File "C:\laragon\www\dapokalsel\sekolah\import_url_kabupaten.pyw", line 92, in setup_driver
    temp_dir = tempfile.gettempdir()
  File "C:\laragon\bin\python\python-3.10\lib\site-packages\undetected_chromedriver\__init__.py", line 372, in __init__
    options.binary_location = (
  File "C:\laragon\bin\python\python-3.10\lib\site-packages\selenium\webdriver\chromium\options.py", line 52, in binary_location
    raise TypeError(self.BINARY_LOCATION_ERROR)
TypeError: Binary Location Must be a String
2025-10-26 21:33:42,047 - ERROR - Error on attempt 123: Failed to setup driver
Traceback (most recent call last):
  File "C:\laragon\www\dapokalsel\sekolah\import_url_kabupaten.pyw", line 388, in process_url_induk
    logger.warning(f"Row {idx} missing data: kode={kode}, nama={nama}, url={full_url}")
Exception: Failed to setup driver
2025-10-26 21:33:42,047 - INFO - Retry attempt 124/300...
2025-10-26 21:33:57,048 - INFO - Setting up Chrome driver...
2025-10-26 21:33:57,048 - INFO - Using profile directory: C:\laragon\www\dapokalsel\chrome_profile
2025-10-26 21:33:57,048 - INFO - Initializing undetected Chrome driver...
2025-10-26 21:34:07,945 - ERROR - Failed to setup driver: [WinError 183] Cannot create a file when that file already exists: 'C:\\laragon\\www\\dapokalsel\\sekolah\\~\\appdata\\roaming\\undetected_chromedriver\\undetected\\chromedriver-win32\\chromedriver.exe' -> 'C:\\laragon\\www\\dapokalsel\\sekolah\\~\\appdata\\roaming\\undetected_chromedriver\\undetected_chromedriver.exe'
Traceback (most recent call last):
  File "C:\laragon\www\dapokalsel\sekolah\import_url_kabupaten.pyw", line 92, in setup_driver
    temp_dir = tempfile.gettempdir()
  File "C:\laragon\bin\python\python-3.10\lib\site-packages\undetected_chromedriver\__init__.py", line 258, in __init__
    self.patcher.auto()
  File "C:\laragon\bin\python\python-3.10\lib\site-packages\undetected_chromedriver\patcher.py", line 178, in auto
    self.unzip_package(self.fetch_package())
  File "C:\laragon\bin\python\python-3.10\lib\site-packages\undetected_chromedriver\patcher.py", line 310, in unzip_package
    os.rename(os.path.join(self.zip_path, exe_path), self.executable_path)
FileExistsError: [WinError 183] Cannot create a file when that file already exists: 'C:\\laragon\\www\\dapokalsel\\sekolah\\~\\appdata\\roaming\\undetected_chromedriver\\undetected\\chromedriver-win32\\chromedriver.exe' -> 'C:\\laragon\\www\\dapokalsel\\sekolah\\~\\appdata\\roaming\\undetected_chromedriver\\undetected_chromedriver.exe'
2025-10-26 21:34:07,945 - ERROR - Error on attempt 124: Failed to setup driver
Traceback (most recent call last):
  File "C:\laragon\www\dapokalsel\sekolah\import_url_kabupaten.pyw", line 388, in process_url_induk
    logger.warning(f"Row {idx} missing data: kode={kode}, nama={nama}, url={full_url}")
Exception: Failed to setup driver
2025-10-26 21:34:07,945 - INFO - Retry attempt 125/300...
2025-10-26 21:34:22,945 - INFO - Setting up Chrome driver...
2025-10-26 21:34:22,946 - INFO - Using profile directory: C:\laragon\www\dapokalsel\chrome_profile
2025-10-26 21:34:22,946 - INFO - Initializing undetected Chrome driver...
2025-10-26 21:34:30,028 - INFO - patching driver executable C:\laragon\www\dapokalsel\sekolah\~\appdata\roaming\undetected_chromedriver\undetected_chromedriver.exe
2025-10-26 21:34:30,244 - ERROR - Failed to setup driver: Binary Location Must be a String
Traceback (most recent call last):
  File "C:\laragon\www\dapokalsel\sekolah\import_url_kabupaten.pyw", line 92, in setup_driver
    temp_dir = tempfile.gettempdir()
  File "C:\laragon\bin\python\python-3.10\lib\site-packages\undetected_chromedriver\__init__.py", line 372, in __init__
    options.binary_location = (
  File "C:\laragon\bin\python\python-3.10\lib\site-packages\selenium\webdriver\chromium\options.py", line 52, in binary_location
    raise TypeError(self.BINARY_LOCATION_ERROR)
TypeError: Binary Location Must be a String
2025-10-26 21:34:30,244 - ERROR - Error on attempt 125: Failed to setup driver
Traceback (most recent call last):
  File "C:\laragon\www\dapokalsel\sekolah\import_url_kabupaten.pyw", line 388, in process_url_induk
    logger.warning(f"Row {idx} missing data: kode={kode}, nama={nama}, url={full_url}")
Exception: Failed to setup driver
2025-10-26 21:34:30,244 - INFO - Retry attempt 126/300...
2025-10-26 21:34:45,253 - INFO - Setting up Chrome driver...
2025-10-26 21:34:45,254 - INFO - Using profile directory: C:\laragon\www\dapokalsel\chrome_profile
2025-10-26 21:34:45,254 - INFO - Initializing undetected Chrome driver...
2025-10-26 21:34:56,459 - INFO - patching driver executable C:\laragon\www\dapokalsel\sekolah\~\appdata\roaming\undetected_chromedriver\undetected_chromedriver.exe
2025-10-26 21:34:56,543 - ERROR - Failed to setup driver: Binary Location Must be a String
Traceback (most recent call last):
  File "C:\laragon\www\dapokalsel\sekolah\import_url_kabupaten.pyw", line 92, in setup_driver
    temp_dir = tempfile.gettempdir()
  File "C:\laragon\bin\python\python-3.10\lib\site-packages\undetected_chromedriver\__init__.py", line 372, in __init__
    options.binary_location = (
  File "C:\laragon\bin\python\python-3.10\lib\site-packages\selenium\webdriver\chromium\options.py", line 52, in binary_location
    raise TypeError(self.BINARY_LOCATION_ERROR)
TypeError: Binary Location Must be a String
2025-10-26 21:34:56,543 - ERROR - Error on attempt 126: Failed to setup driver
Traceback (most recent call last):
  File "C:\laragon\www\dapokalsel\sekolah\import_url_kabupaten.pyw", line 388, in process_url_induk
    logger.warning(f"Row {idx} missing data: kode={kode}, nama={nama}, url={full_url}")
Exception: Failed to setup driver
2025-10-26 21:34:56,543 - INFO - Retry attempt 127/300...
2025-10-26 21:35:11,543 - INFO - Setting up Chrome driver...
2025-10-26 21:35:11,544 - INFO - Using profile directory: C:\laragon\www\dapokalsel\chrome_profile
2025-10-26 21:35:11,545 - INFO - Initializing undetected Chrome driver...
2025-10-26 21:35:15,975 - INFO - patching driver executable C:\laragon\www\dapokalsel\sekolah\~\appdata\roaming\undetected_chromedriver\undetected_chromedriver.exe
2025-10-26 21:35:16,058 - ERROR - Failed to setup driver: Binary Location Must be a String
Traceback (most recent call last):
  File "C:\laragon\www\dapokalsel\sekolah\import_url_kabupaten.pyw", line 92, in setup_driver
    temp_dir = tempfile.gettempdir()
  File "C:\laragon\bin\python\python-3.10\lib\site-packages\undetected_chromedriver\__init__.py", line 372, in __init__
    options.binary_location = (
  File "C:\laragon\bin\python\python-3.10\lib\site-packages\selenium\webdriver\chromium\options.py", line 52, in binary_location
    raise TypeError(self.BINARY_LOCATION_ERROR)
TypeError: Binary Location Must be a String
2025-10-26 21:35:16,058 - ERROR - Error on attempt 127: Failed to setup driver
Traceback (most recent call last):
  File "C:\laragon\www\dapokalsel\sekolah\import_url_kabupaten.pyw", line 388, in process_url_induk
    logger.warning(f"Row {idx} missing data: kode={kode}, nama={nama}, url={full_url}")
Exception: Failed to setup driver
2025-10-26 21:35:16,058 - INFO - Retry attempt 128/300...
2025-10-26 21:35:31,059 - INFO - Setting up Chrome driver...
2025-10-26 21:35:31,059 - INFO - Using profile directory: C:\laragon\www\dapokalsel\chrome_profile
2025-10-26 21:35:31,059 - INFO - Initializing undetected Chrome driver...
2025-10-26 21:35:39,440 - INFO - patching driver executable C:\laragon\www\dapokalsel\sekolah\~\appdata\roaming\undetected_chromedriver\undetected_chromedriver.exe
2025-10-26 21:35:39,574 - ERROR - Failed to setup driver: Binary Location Must be a String
Traceback (most recent call last):
  File "C:\laragon\www\dapokalsel\sekolah\import_url_kabupaten.pyw", line 92, in setup_driver
    temp_dir = tempfile.gettempdir()
  File "C:\laragon\bin\python\python-3.10\lib\site-packages\undetected_chromedriver\__init__.py", line 372, in __init__
    options.binary_location = (
  File "C:\laragon\bin\python\python-3.10\lib\site-packages\selenium\webdriver\chromium\options.py", line 52, in binary_location
    raise TypeError(self.BINARY_LOCATION_ERROR)
TypeError: Binary Location Must be a String
2025-10-26 21:35:39,574 - ERROR - Error on attempt 128: Failed to setup driver
Traceback (most recent call last):
  File "C:\laragon\www\dapokalsel\sekolah\import_url_kabupaten.pyw", line 388, in process_url_induk
    logger.warning(f"Row {idx} missing data: kode={kode}, nama={nama}, url={full_url}")
Exception: Failed to setup driver
2025-10-26 21:35:39,574 - INFO - Retry attempt 129/300...
2025-10-26 21:35:54,574 - INFO - Setting up Chrome driver...
2025-10-26 21:35:54,576 - INFO - Using profile directory: C:\laragon\www\dapokalsel\chrome_profile
2025-10-26 21:35:54,576 - INFO - Initializing undetected Chrome driver...
2025-10-26 21:35:59,872 - INFO - patching driver executable C:\laragon\www\dapokalsel\sekolah\~\appdata\roaming\undetected_chromedriver\undetected_chromedriver.exe
2025-10-26 21:35:59,956 - ERROR - Failed to setup driver: Binary Location Must be a String
Traceback (most recent call last):
  File "C:\laragon\www\dapokalsel\sekolah\import_url_kabupaten.pyw", line 92, in setup_driver
    temp_dir = tempfile.gettempdir()
  File "C:\laragon\bin\python\python-3.10\lib\site-packages\undetected_chromedriver\__init__.py", line 372, in __init__
    options.binary_location = (
  File "C:\laragon\bin\python\python-3.10\lib\site-packages\selenium\webdriver\chromium\options.py", line 52, in binary_location
    raise TypeError(self.BINARY_LOCATION_ERROR)
TypeError: Binary Location Must be a String
2025-10-26 21:35:59,956 - ERROR - Error on attempt 129: Failed to setup driver
Traceback (most recent call last):
  File "C:\laragon\www\dapokalsel\sekolah\import_url_kabupaten.pyw", line 388, in process_url_induk
    logger.warning(f"Row {idx} missing data: kode={kode}, nama={nama}, url={full_url}")
Exception: Failed to setup driver
2025-10-26 21:35:59,956 - INFO - Retry attempt 130/300...
2025-10-26 21:36:14,957 - INFO - Setting up Chrome driver...
2025-10-26 21:36:14,959 - INFO - Using profile directory: C:\laragon\www\dapokalsel\chrome_profile
2025-10-26 21:36:14,960 - INFO - Initializing undetected Chrome driver...
2025-10-26 21:36:24,355 - ERROR - Failed to setup driver: [WinError 183] Cannot create a file when that file already exists: 'C:\\laragon\\www\\dapokalsel\\sekolah\\~\\appdata\\roaming\\undetected_chromedriver\\undetected\\chromedriver-win32\\chromedriver.exe' -> 'C:\\laragon\\www\\dapokalsel\\sekolah\\~\\appdata\\roaming\\undetected_chromedriver\\undetected_chromedriver.exe'
Traceback (most recent call last):
  File "C:\laragon\www\dapokalsel\sekolah\import_url_kabupaten.pyw", line 92, in setup_driver
    temp_dir = tempfile.gettempdir()
  File "C:\laragon\bin\python\python-3.10\lib\site-packages\undetected_chromedriver\__init__.py", line 258, in __init__
    self.patcher.auto()
  File "C:\laragon\bin\python\python-3.10\lib\site-packages\undetected_chromedriver\patcher.py", line 178, in auto
    self.unzip_package(self.fetch_package())
  File "C:\laragon\bin\python\python-3.10\lib\site-packages\undetected_chromedriver\patcher.py", line 310, in unzip_package
    os.rename(os.path.join(self.zip_path, exe_path), self.executable_path)
FileExistsError: [WinError 183] Cannot create a file when that file already exists: 'C:\\laragon\\www\\dapokalsel\\sekolah\\~\\appdata\\roaming\\undetected_chromedriver\\undetected\\chromedriver-win32\\chromedriver.exe' -> 'C:\\laragon\\www\\dapokalsel\\sekolah\\~\\appdata\\roaming\\undetected_chromedriver\\undetected_chromedriver.exe'
2025-10-26 21:36:24,355 - ERROR - Error on attempt 130: Failed to setup driver
Traceback (most recent call last):
  File "C:\laragon\www\dapokalsel\sekolah\import_url_kabupaten.pyw", line 388, in process_url_induk
    logger.warning(f"Row {idx} missing data: kode={kode}, nama={nama}, url={full_url}")
Exception: Failed to setup driver
2025-10-26 21:36:24,355 - INFO - Retry attempt 131/300...
2025-10-26 21:36:39,367 - INFO - Setting up Chrome driver...
2025-10-26 21:36:39,368 - INFO - Using profile directory: C:\laragon\www\dapokalsel\chrome_profile
2025-10-26 21:36:39,368 - INFO - Initializing undetected Chrome driver...
2025-10-26 21:36:50,453 - ERROR - Failed to setup driver: [WinError 183] Cannot create a file when that file already exists: 'C:\\laragon\\www\\dapokalsel\\sekolah\\~\\appdata\\roaming\\undetected_chromedriver\\undetected\\chromedriver-win32\\chromedriver.exe' -> 'C:\\laragon\\www\\dapokalsel\\sekolah\\~\\appdata\\roaming\\undetected_chromedriver\\undetected_chromedriver.exe'
Traceback (most recent call last):
  File "C:\laragon\www\dapokalsel\sekolah\import_url_kabupaten.pyw", line 92, in setup_driver
    temp_dir = tempfile.gettempdir()
  File "C:\laragon\bin\python\python-3.10\lib\site-packages\undetected_chromedriver\__init__.py", line 258, in __init__
    self.patcher.auto()
  File "C:\laragon\bin\python\python-3.10\lib\site-packages\undetected_chromedriver\patcher.py", line 178, in auto
    self.unzip_package(self.fetch_package())
  File "C:\laragon\bin\python\python-3.10\lib\site-packages\undetected_chromedriver\patcher.py", line 310, in unzip_package
    os.rename(os.path.join(self.zip_path, exe_path), self.executable_path)
FileExistsError: [WinError 183] Cannot create a file when that file already exists: 'C:\\laragon\\www\\dapokalsel\\sekolah\\~\\appdata\\roaming\\undetected_chromedriver\\undetected\\chromedriver-win32\\chromedriver.exe' -> 'C:\\laragon\\www\\dapokalsel\\sekolah\\~\\appdata\\roaming\\undetected_chromedriver\\undetected_chromedriver.exe'
2025-10-26 21:36:50,453 - ERROR - Error on attempt 131: Failed to setup driver
Traceback (most recent call last):
  File "C:\laragon\www\dapokalsel\sekolah\import_url_kabupaten.pyw", line 388, in process_url_induk
    logger.warning(f"Row {idx} missing data: kode={kode}, nama={nama}, url={full_url}")
Exception: Failed to setup driver
2025-10-26 21:36:50,453 - INFO - Retry attempt 132/300...
2025-10-26 21:37:05,455 - INFO - Setting up Chrome driver...
2025-10-26 21:37:05,475 - INFO - Using profile directory: C:\laragon\www\dapokalsel\chrome_profile
2025-10-26 21:37:05,475 - INFO - Initializing undetected Chrome driver...
2025-10-26 21:37:09,454 - INFO - patching driver executable C:\laragon\www\dapokalsel\sekolah\~\appdata\roaming\undetected_chromedriver\undetected_chromedriver.exe
2025-10-26 21:37:09,535 - ERROR - Failed to setup driver: Binary Location Must be a String
Traceback (most recent call last):
  File "C:\laragon\www\dapokalsel\sekolah\import_url_kabupaten.pyw", line 92, in setup_driver
    temp_dir = tempfile.gettempdir()
  File "C:\laragon\bin\python\python-3.10\lib\site-packages\undetected_chromedriver\__init__.py", line 372, in __init__
    options.binary_location = (
  File "C:\laragon\bin\python\python-3.10\lib\site-packages\selenium\webdriver\chromium\options.py", line 52, in binary_location
    raise TypeError(self.BINARY_LOCATION_ERROR)
TypeError: Binary Location Must be a String
2025-10-26 21:37:09,535 - ERROR - Error on attempt 132: Failed to setup driver
Traceback (most recent call last):
  File "C:\laragon\www\dapokalsel\sekolah\import_url_kabupaten.pyw", line 388, in process_url_induk
    logger.warning(f"Row {idx} missing data: kode={kode}, nama={nama}, url={full_url}")
Exception: Failed to setup driver
2025-10-26 21:37:09,535 - INFO - Retry attempt 133/300...
2025-10-26 21:37:24,536 - INFO - Setting up Chrome driver...
2025-10-26 21:37:24,537 - INFO - Using profile directory: C:\laragon\www\dapokalsel\chrome_profile
2025-10-26 21:37:24,538 - INFO - Initializing undetected Chrome driver...
2025-10-26 21:37:29,935 - INFO - patching driver executable C:\laragon\www\dapokalsel\sekolah\~\appdata\roaming\undetected_chromedriver\undetected_chromedriver.exe
2025-10-26 21:37:30,037 - ERROR - Failed to setup driver: Binary Location Must be a String
Traceback (most recent call last):
  File "C:\laragon\www\dapokalsel\sekolah\import_url_kabupaten.pyw", line 92, in setup_driver
    temp_dir = tempfile.gettempdir()
  File "C:\laragon\bin\python\python-3.10\lib\site-packages\undetected_chromedriver\__init__.py", line 372, in __init__
    options.binary_location = (
  File "C:\laragon\bin\python\python-3.10\lib\site-packages\selenium\webdriver\chromium\options.py", line 52, in binary_location
    raise TypeError(self.BINARY_LOCATION_ERROR)
TypeError: Binary Location Must be a String
2025-10-26 21:37:30,037 - ERROR - Error on attempt 133: Failed to setup driver
Traceback (most recent call last):
  File "C:\laragon\www\dapokalsel\sekolah\import_url_kabupaten.pyw", line 388, in process_url_induk
    logger.warning(f"Row {idx} missing data: kode={kode}, nama={nama}, url={full_url}")
Exception: Failed to setup driver
2025-10-26 21:37:30,037 - INFO - Retry attempt 134/300...
2025-10-26 21:37:45,038 - INFO - Setting up Chrome driver...
2025-10-26 21:37:45,038 - INFO - Using profile directory: C:\laragon\www\dapokalsel\chrome_profile
2025-10-26 21:37:45,038 - INFO - Initializing undetected Chrome driver...
2025-10-26 21:37:56,090 - INFO - patching driver executable C:\laragon\www\dapokalsel\sekolah\~\appdata\roaming\undetected_chromedriver\undetected_chromedriver.exe
2025-10-26 21:37:56,199 - ERROR - Failed to setup driver: Binary Location Must be a String
Traceback (most recent call last):
  File "C:\laragon\www\dapokalsel\sekolah\import_url_kabupaten.pyw", line 92, in setup_driver
    temp_dir = tempfile.gettempdir()
  File "C:\laragon\bin\python\python-3.10\lib\site-packages\undetected_chromedriver\__init__.py", line 372, in __init__
    options.binary_location = (
  File "C:\laragon\bin\python\python-3.10\lib\site-packages\selenium\webdriver\chromium\options.py", line 52, in binary_location
    raise TypeError(self.BINARY_LOCATION_ERROR)
TypeError: Binary Location Must be a String
2025-10-26 21:37:56,199 - ERROR - Error on attempt 134: Failed to setup driver
Traceback (most recent call last):
  File "C:\laragon\www\dapokalsel\sekolah\import_url_kabupaten.pyw", line 388, in process_url_induk
    logger.warning(f"Row {idx} missing data: kode={kode}, nama={nama}, url={full_url}")
Exception: Failed to setup driver
2025-10-26 21:37:56,199 - INFO - Retry attempt 135/300...
2025-10-26 21:38:11,200 - INFO - Setting up Chrome driver...
2025-10-26 21:38:11,200 - INFO - Using profile directory: C:\laragon\www\dapokalsel\chrome_profile
2025-10-26 21:38:11,200 - INFO - Initializing undetected Chrome driver...
2025-10-26 21:38:22,013 - INFO - patching driver executable C:\laragon\www\dapokalsel\sekolah\~\appdata\roaming\undetected_chromedriver\undetected_chromedriver.exe
2025-10-26 21:38:22,098 - ERROR - Failed to setup driver: Binary Location Must be a String
Traceback (most recent call last):
  File "C:\laragon\www\dapokalsel\sekolah\import_url_kabupaten.pyw", line 92, in setup_driver
    temp_dir = tempfile.gettempdir()
  File "C:\laragon\bin\python\python-3.10\lib\site-packages\undetected_chromedriver\__init__.py", line 372, in __init__
    options.binary_location = (
  File "C:\laragon\bin\python\python-3.10\lib\site-packages\selenium\webdriver\chromium\options.py", line 52, in binary_location
    raise TypeError(self.BINARY_LOCATION_ERROR)
TypeError: Binary Location Must be a String
2025-10-26 21:38:22,098 - ERROR - Error on attempt 135: Failed to setup driver
Traceback (most recent call last):
  File "C:\laragon\www\dapokalsel\sekolah\import_url_kabupaten.pyw", line 388, in process_url_induk
    logger.warning(f"Row {idx} missing data: kode={kode}, nama={nama}, url={full_url}")
Exception: Failed to setup driver
2025-10-26 21:38:22,098 - INFO - Retry attempt 136/300...
2025-10-26 21:38:37,111 - INFO - Setting up Chrome driver...
2025-10-26 21:38:37,113 - INFO - Using profile directory: C:\laragon\www\dapokalsel\chrome_profile
2025-10-26 21:38:37,113 - INFO - Initializing undetected Chrome driver...
2025-10-26 21:38:43,907 - ERROR - Failed to setup driver: [WinError 183] Cannot create a file when that file already exists: 'C:\\laragon\\www\\dapokalsel\\sekolah\\~\\appdata\\roaming\\undetected_chromedriver\\undetected\\chromedriver-win32\\chromedriver.exe' -> 'C:\\laragon\\www\\dapokalsel\\sekolah\\~\\appdata\\roaming\\undetected_chromedriver\\undetected_chromedriver.exe'
Traceback (most recent call last):
  File "C:\laragon\www\dapokalsel\sekolah\import_url_kabupaten.pyw", line 92, in setup_driver
    temp_dir = tempfile.gettempdir()
  File "C:\laragon\bin\python\python-3.10\lib\site-packages\undetected_chromedriver\__init__.py", line 258, in __init__
    self.patcher.auto()
  File "C:\laragon\bin\python\python-3.10\lib\site-packages\undetected_chromedriver\patcher.py", line 178, in auto
    self.unzip_package(self.fetch_package())
  File "C:\laragon\bin\python\python-3.10\lib\site-packages\undetected_chromedriver\patcher.py", line 310, in unzip_package
    os.rename(os.path.join(self.zip_path, exe_path), self.executable_path)
FileExistsError: [WinError 183] Cannot create a file when that file already exists: 'C:\\laragon\\www\\dapokalsel\\sekolah\\~\\appdata\\roaming\\undetected_chromedriver\\undetected\\chromedriver-win32\\chromedriver.exe' -> 'C:\\laragon\\www\\dapokalsel\\sekolah\\~\\appdata\\roaming\\undetected_chromedriver\\undetected_chromedriver.exe'
2025-10-26 21:38:43,907 - ERROR - Error on attempt 136: Failed to setup driver
Traceback (most recent call last):
  File "C:\laragon\www\dapokalsel\sekolah\import_url_kabupaten.pyw", line 388, in process_url_induk
    logger.warning(f"Row {idx} missing data: kode={kode}, nama={nama}, url={full_url}")
Exception: Failed to setup driver
2025-10-26 21:38:43,907 - INFO - Retry attempt 137/300...
2025-10-26 21:38:58,910 - INFO - Setting up Chrome driver...
2025-10-26 21:38:58,911 - INFO - Using profile directory: C:\laragon\www\dapokalsel\chrome_profile
2025-10-26 21:38:58,911 - INFO - Initializing undetected Chrome driver...
2025-10-26 21:39:12,195 - INFO - patching driver executable C:\laragon\www\dapokalsel\sekolah\~\appdata\roaming\undetected_chromedriver\undetected_chromedriver.exe
2025-10-26 21:39:12,278 - ERROR - Failed to setup driver: Binary Location Must be a String
Traceback (most recent call last):
  File "C:\laragon\www\dapokalsel\sekolah\import_url_kabupaten.pyw", line 92, in setup_driver
    temp_dir = tempfile.gettempdir()
  File "C:\laragon\bin\python\python-3.10\lib\site-packages\undetected_chromedriver\__init__.py", line 372, in __init__
    options.binary_location = (
  File "C:\laragon\bin\python\python-3.10\lib\site-packages\selenium\webdriver\chromium\options.py", line 52, in binary_location
    raise TypeError(self.BINARY_LOCATION_ERROR)
TypeError: Binary Location Must be a String
2025-10-26 21:39:12,278 - ERROR - Error on attempt 137: Failed to setup driver
Traceback (most recent call last):
  File "C:\laragon\www\dapokalsel\sekolah\import_url_kabupaten.pyw", line 388, in process_url_induk
    logger.warning(f"Row {idx} missing data: kode={kode}, nama={nama}, url={full_url}")
Exception: Failed to setup driver
2025-10-26 21:39:12,293 - INFO - Retry attempt 138/300...
2025-10-26 21:39:27,307 - INFO - Setting up Chrome driver...
2025-10-26 21:39:27,307 - INFO - Using profile directory: C:\laragon\www\dapokalsel\chrome_profile
2025-10-26 21:39:27,307 - INFO - Initializing undetected Chrome driver...
2025-10-26 21:39:33,425 - INFO - patching driver executable C:\laragon\www\dapokalsel\sekolah\~\appdata\roaming\undetected_chromedriver\undetected_chromedriver.exe
2025-10-26 21:39:33,661 - ERROR - Failed to setup driver: Binary Location Must be a String
Traceback (most recent call last):
  File "C:\laragon\www\dapokalsel\sekolah\import_url_kabupaten.pyw", line 92, in setup_driver
    temp_dir = tempfile.gettempdir()
  File "C:\laragon\bin\python\python-3.10\lib\site-packages\undetected_chromedriver\__init__.py", line 372, in __init__
    options.binary_location = (
  File "C:\laragon\bin\python\python-3.10\lib\site-packages\selenium\webdriver\chromium\options.py", line 52, in binary_location
    raise TypeError(self.BINARY_LOCATION_ERROR)
TypeError: Binary Location Must be a String
2025-10-26 21:39:33,661 - ERROR - Error on attempt 138: Failed to setup driver
Traceback (most recent call last):
  File "C:\laragon\www\dapokalsel\sekolah\import_url_kabupaten.pyw", line 388, in process_url_induk
    logger.warning(f"Row {idx} missing data: kode={kode}, nama={nama}, url={full_url}")
Exception: Failed to setup driver
2025-10-26 21:39:33,661 - INFO - Retry attempt 139/300...
2025-10-26 21:39:48,674 - INFO - Setting up Chrome driver...
2025-10-26 21:39:48,675 - INFO - Using profile directory: C:\laragon\www\dapokalsel\chrome_profile
2025-10-26 21:39:48,676 - INFO - Initializing undetected Chrome driver...
2025-10-26 21:39:58,139 - INFO - patching driver executable C:\laragon\www\dapokalsel\sekolah\~\appdata\roaming\undetected_chromedriver\undetected_chromedriver.exe
2025-10-26 21:39:58,253 - ERROR - Failed to setup driver: Binary Location Must be a String
Traceback (most recent call last):
  File "C:\laragon\www\dapokalsel\sekolah\import_url_kabupaten.pyw", line 92, in setup_driver
    temp_dir = tempfile.gettempdir()
  File "C:\laragon\bin\python\python-3.10\lib\site-packages\undetected_chromedriver\__init__.py", line 372, in __init__
    options.binary_location = (
  File "C:\laragon\bin\python\python-3.10\lib\site-packages\selenium\webdriver\chromium\options.py", line 52, in binary_location
    raise TypeError(self.BINARY_LOCATION_ERROR)
TypeError: Binary Location Must be a String
2025-10-26 21:39:58,253 - ERROR - Error on attempt 139: Failed to setup driver
Traceback (most recent call last):
  File "C:\laragon\www\dapokalsel\sekolah\import_url_kabupaten.pyw", line 388, in process_url_induk
    logger.warning(f"Row {idx} missing data: kode={kode}, nama={nama}, url={full_url}")
Exception: Failed to setup driver
2025-10-26 21:39:58,253 - INFO - Retry attempt 140/300...
2025-10-26 21:40:13,269 - INFO - Setting up Chrome driver...
2025-10-26 21:40:13,269 - INFO - Using profile directory: C:\laragon\www\dapokalsel\chrome_profile
2025-10-26 21:40:13,269 - INFO - Initializing undetected Chrome driver...
2025-10-26 21:40:20,854 - INFO - patching driver executable C:\laragon\www\dapokalsel\sekolah\~\appdata\roaming\undetected_chromedriver\undetected_chromedriver.exe
2025-10-26 21:40:20,942 - ERROR - Failed to setup driver: Binary Location Must be a String
Traceback (most recent call last):
  File "C:\laragon\www\dapokalsel\sekolah\import_url_kabupaten.pyw", line 92, in setup_driver
    temp_dir = tempfile.gettempdir()
  File "C:\laragon\bin\python\python-3.10\lib\site-packages\undetected_chromedriver\__init__.py", line 372, in __init__
    options.binary_location = (
  File "C:\laragon\bin\python\python-3.10\lib\site-packages\selenium\webdriver\chromium\options.py", line 52, in binary_location
    raise TypeError(self.BINARY_LOCATION_ERROR)
TypeError: Binary Location Must be a String
2025-10-26 21:40:20,942 - ERROR - Error on attempt 140: Failed to setup driver
Traceback (most recent call last):
  File "C:\laragon\www\dapokalsel\sekolah\import_url_kabupaten.pyw", line 388, in process_url_induk
    logger.warning(f"Row {idx} missing data: kode={kode}, nama={nama}, url={full_url}")
Exception: Failed to setup driver
2025-10-26 21:40:20,942 - INFO - Retry attempt 141/300...
2025-10-26 21:40:35,943 - INFO - Setting up Chrome driver...
2025-10-26 21:40:35,944 - INFO - Using profile directory: C:\laragon\www\dapokalsel\chrome_profile
2025-10-26 21:40:35,946 - INFO - Initializing undetected Chrome driver...
2025-10-26 21:40:43,322 - ERROR - Failed to setup driver: [WinError 183] Cannot create a file when that file already exists: 'C:\\laragon\\www\\dapokalsel\\sekolah\\~\\appdata\\roaming\\undetected_chromedriver\\undetected\\chromedriver-win32\\chromedriver.exe' -> 'C:\\laragon\\www\\dapokalsel\\sekolah\\~\\appdata\\roaming\\undetected_chromedriver\\undetected_chromedriver.exe'
Traceback (most recent call last):
  File "C:\laragon\www\dapokalsel\sekolah\import_url_kabupaten.pyw", line 92, in setup_driver
    temp_dir = tempfile.gettempdir()
  File "C:\laragon\bin\python\python-3.10\lib\site-packages\undetected_chromedriver\__init__.py", line 258, in __init__
    self.patcher.auto()
  File "C:\laragon\bin\python\python-3.10\lib\site-packages\undetected_chromedriver\patcher.py", line 178, in auto
    self.unzip_package(self.fetch_package())
  File "C:\laragon\bin\python\python-3.10\lib\site-packages\undetected_chromedriver\patcher.py", line 310, in unzip_package
    os.rename(os.path.join(self.zip_path, exe_path), self.executable_path)
FileExistsError: [WinError 183] Cannot create a file when that file already exists: 'C:\\laragon\\www\\dapokalsel\\sekolah\\~\\appdata\\roaming\\undetected_chromedriver\\undetected\\chromedriver-win32\\chromedriver.exe' -> 'C:\\laragon\\www\\dapokalsel\\sekolah\\~\\appdata\\roaming\\undetected_chromedriver\\undetected_chromedriver.exe'
2025-10-26 21:40:43,322 - ERROR - Error on attempt 141: Failed to setup driver
Traceback (most recent call last):
  File "C:\laragon\www\dapokalsel\sekolah\import_url_kabupaten.pyw", line 388, in process_url_induk
    logger.warning(f"Row {idx} missing data: kode={kode}, nama={nama}, url={full_url}")
Exception: Failed to setup driver
2025-10-26 21:40:43,322 - INFO - Retry attempt 142/300...
2025-10-26 21:40:58,324 - INFO - Setting up Chrome driver...
2025-10-26 21:40:58,325 - INFO - Using profile directory: C:\laragon\www\dapokalsel\chrome_profile
2025-10-26 21:40:58,326 - INFO - Initializing undetected Chrome driver...
2025-10-26 21:41:06,989 - INFO - patching driver executable C:\laragon\www\dapokalsel\sekolah\~\appdata\roaming\undetected_chromedriver\undetected_chromedriver.exe
2025-10-26 21:41:07,106 - ERROR - Failed to setup driver: Binary Location Must be a String
Traceback (most recent call last):
  File "C:\laragon\www\dapokalsel\sekolah\import_url_kabupaten.pyw", line 92, in setup_driver
    temp_dir = tempfile.gettempdir()
  File "C:\laragon\bin\python\python-3.10\lib\site-packages\undetected_chromedriver\__init__.py", line 372, in __init__
    options.binary_location = (
  File "C:\laragon\bin\python\python-3.10\lib\site-packages\selenium\webdriver\chromium\options.py", line 52, in binary_location
    raise TypeError(self.BINARY_LOCATION_ERROR)
TypeError: Binary Location Must be a String
2025-10-26 21:41:07,106 - ERROR - Error on attempt 142: Failed to setup driver
Traceback (most recent call last):
  File "C:\laragon\www\dapokalsel\sekolah\import_url_kabupaten.pyw", line 388, in process_url_induk
    logger.warning(f"Row {idx} missing data: kode={kode}, nama={nama}, url={full_url}")
Exception: Failed to setup driver
2025-10-26 21:41:07,106 - INFO - Retry attempt 143/300...
2025-10-26 21:41:22,121 - INFO - Setting up Chrome driver...
2025-10-26 21:41:22,125 - INFO - Using profile directory: C:\laragon\www\dapokalsel\chrome_profile
2025-10-26 21:41:22,125 - INFO - Initializing undetected Chrome driver...
2025-10-26 21:41:34,754 - ERROR - Failed to setup driver: [WinError 183] Cannot create a file when that file already exists: 'C:\\laragon\\www\\dapokalsel\\sekolah\\~\\appdata\\roaming\\undetected_chromedriver\\undetected\\chromedriver-win32\\chromedriver.exe' -> 'C:\\laragon\\www\\dapokalsel\\sekolah\\~\\appdata\\roaming\\undetected_chromedriver\\undetected_chromedriver.exe'
Traceback (most recent call last):
  File "C:\laragon\www\dapokalsel\sekolah\import_url_kabupaten.pyw", line 92, in setup_driver
    temp_dir = tempfile.gettempdir()
  File "C:\laragon\bin\python\python-3.10\lib\site-packages\undetected_chromedriver\__init__.py", line 258, in __init__
    self.patcher.auto()
  File "C:\laragon\bin\python\python-3.10\lib\site-packages\undetected_chromedriver\patcher.py", line 178, in auto
    self.unzip_package(self.fetch_package())
  File "C:\laragon\bin\python\python-3.10\lib\site-packages\undetected_chromedriver\patcher.py", line 310, in unzip_package
    os.rename(os.path.join(self.zip_path, exe_path), self.executable_path)
FileExistsError: [WinError 183] Cannot create a file when that file already exists: 'C:\\laragon\\www\\dapokalsel\\sekolah\\~\\appdata\\roaming\\undetected_chromedriver\\undetected\\chromedriver-win32\\chromedriver.exe' -> 'C:\\laragon\\www\\dapokalsel\\sekolah\\~\\appdata\\roaming\\undetected_chromedriver\\undetected_chromedriver.exe'
2025-10-26 21:41:34,754 - ERROR - Error on attempt 143: Failed to setup driver
Traceback (most recent call last):
  File "C:\laragon\www\dapokalsel\sekolah\import_url_kabupaten.pyw", line 388, in process_url_induk
    logger.warning(f"Row {idx} missing data: kode={kode}, nama={nama}, url={full_url}")
Exception: Failed to setup driver
2025-10-26 21:41:34,754 - INFO - Retry attempt 144/300...
2025-10-26 21:41:49,768 - INFO - Setting up Chrome driver...
2025-10-26 21:41:49,769 - INFO - Using profile directory: C:\laragon\www\dapokalsel\chrome_profile
2025-10-26 21:41:49,769 - INFO - Initializing undetected Chrome driver...
2025-10-26 21:42:00,086 - INFO - patching driver executable C:\laragon\www\dapokalsel\sekolah\~\appdata\roaming\undetected_chromedriver\undetected_chromedriver.exe
2025-10-26 21:42:00,172 - ERROR - Failed to setup driver: Binary Location Must be a String
Traceback (most recent call last):
  File "C:\laragon\www\dapokalsel\sekolah\import_url_kabupaten.pyw", line 92, in setup_driver
    temp_dir = tempfile.gettempdir()
  File "C:\laragon\bin\python\python-3.10\lib\site-packages\undetected_chromedriver\__init__.py", line 372, in __init__
    options.binary_location = (
  File "C:\laragon\bin\python\python-3.10\lib\site-packages\selenium\webdriver\chromium\options.py", line 52, in binary_location
    raise TypeError(self.BINARY_LOCATION_ERROR)
TypeError: Binary Location Must be a String
2025-10-26 21:42:00,172 - ERROR - Error on attempt 144: Failed to setup driver
Traceback (most recent call last):
  File "C:\laragon\www\dapokalsel\sekolah\import_url_kabupaten.pyw", line 388, in process_url_induk
    logger.warning(f"Row {idx} missing data: kode={kode}, nama={nama}, url={full_url}")
Exception: Failed to setup driver
2025-10-26 21:42:00,172 - INFO - Retry attempt 145/300...
2025-10-26 21:42:15,173 - INFO - Setting up Chrome driver...
2025-10-26 21:42:15,173 - INFO - Using profile directory: C:\laragon\www\dapokalsel\chrome_profile
2025-10-26 21:42:15,174 - INFO - Initializing undetected Chrome driver...
2025-10-26 21:42:21,918 - INFO - patching driver executable C:\laragon\www\dapokalsel\sekolah\~\appdata\roaming\undetected_chromedriver\undetected_chromedriver.exe
2025-10-26 21:42:22,001 - ERROR - Failed to setup driver: Binary Location Must be a String
Traceback (most recent call last):
  File "C:\laragon\www\dapokalsel\sekolah\import_url_kabupaten.pyw", line 92, in setup_driver
    temp_dir = tempfile.gettempdir()
  File "C:\laragon\bin\python\python-3.10\lib\site-packages\undetected_chromedriver\__init__.py", line 372, in __init__
    options.binary_location = (
  File "C:\laragon\bin\python\python-3.10\lib\site-packages\selenium\webdriver\chromium\options.py", line 52, in binary_location
    raise TypeError(self.BINARY_LOCATION_ERROR)
TypeError: Binary Location Must be a String
2025-10-26 21:42:22,001 - ERROR - Error on attempt 145: Failed to setup driver
Traceback (most recent call last):
  File "C:\laragon\www\dapokalsel\sekolah\import_url_kabupaten.pyw", line 388, in process_url_induk
    logger.warning(f"Row {idx} missing data: kode={kode}, nama={nama}, url={full_url}")
Exception: Failed to setup driver
2025-10-26 21:42:22,001 - INFO - Retry attempt 146/300...
2025-10-26 21:42:37,015 - INFO - Setting up Chrome driver...
2025-10-26 21:42:37,016 - INFO - Using profile directory: C:\laragon\www\dapokalsel\chrome_profile
2025-10-26 21:42:37,016 - INFO - Initializing undetected Chrome driver...
2025-10-26 21:42:52,166 - ERROR - Failed to setup driver: [WinError 183] Cannot create a file when that file already exists: 'C:\\laragon\\www\\dapokalsel\\sekolah\\~\\appdata\\roaming\\undetected_chromedriver\\undetected\\chromedriver-win32\\chromedriver.exe' -> 'C:\\laragon\\www\\dapokalsel\\sekolah\\~\\appdata\\roaming\\undetected_chromedriver\\undetected_chromedriver.exe'
Traceback (most recent call last):
  File "C:\laragon\www\dapokalsel\sekolah\import_url_kabupaten.pyw", line 92, in setup_driver
    temp_dir = tempfile.gettempdir()
  File "C:\laragon\bin\python\python-3.10\lib\site-packages\undetected_chromedriver\__init__.py", line 258, in __init__
    self.patcher.auto()
  File "C:\laragon\bin\python\python-3.10\lib\site-packages\undetected_chromedriver\patcher.py", line 178, in auto
    self.unzip_package(self.fetch_package())
  File "C:\laragon\bin\python\python-3.10\lib\site-packages\undetected_chromedriver\patcher.py", line 310, in unzip_package
    os.rename(os.path.join(self.zip_path, exe_path), self.executable_path)
FileExistsError: [WinError 183] Cannot create a file when that file already exists: 'C:\\laragon\\www\\dapokalsel\\sekolah\\~\\appdata\\roaming\\undetected_chromedriver\\undetected\\chromedriver-win32\\chromedriver.exe' -> 'C:\\laragon\\www\\dapokalsel\\sekolah\\~\\appdata\\roaming\\undetected_chromedriver\\undetected_chromedriver.exe'
2025-10-26 21:42:52,166 - ERROR - Error on attempt 146: Failed to setup driver
Traceback (most recent call last):
  File "C:\laragon\www\dapokalsel\sekolah\import_url_kabupaten.pyw", line 388, in process_url_induk
    logger.warning(f"Row {idx} missing data: kode={kode}, nama={nama}, url={full_url}")
Exception: Failed to setup driver
2025-10-26 21:42:52,166 - INFO - Retry attempt 147/300...
2025-10-26 21:43:07,167 - INFO - Setting up Chrome driver...
2025-10-26 21:43:07,169 - INFO - Using profile directory: C:\laragon\www\dapokalsel\chrome_profile
2025-10-26 21:43:07,169 - INFO - Initializing undetected Chrome driver...
2025-10-26 21:47:29,618 - INFO - patching driver executable C:\laragon\www\dapokalsel\sekolah\~\appdata\roaming\undetected_chromedriver\undetected_chromedriver.exe
2025-10-26 21:47:29,704 - ERROR - Failed to setup driver: Binary Location Must be a String
Traceback (most recent call last):
  File "C:\laragon\www\dapokalsel\sekolah\import_url_kabupaten.pyw", line 92, in setup_driver
    temp_dir = tempfile.gettempdir()
  File "C:\laragon\bin\python\python-3.10\lib\site-packages\undetected_chromedriver\__init__.py", line 372, in __init__
    options.binary_location = (
  File "C:\laragon\bin\python\python-3.10\lib\site-packages\selenium\webdriver\chromium\options.py", line 52, in binary_location
    raise TypeError(self.BINARY_LOCATION_ERROR)
TypeError: Binary Location Must be a String
2025-10-26 21:47:29,705 - ERROR - Error on attempt 147: Failed to setup driver
Traceback (most recent call last):
  File "C:\laragon\www\dapokalsel\sekolah\import_url_kabupaten.pyw", line 388, in process_url_induk
    logger.warning(f"Row {idx} missing data: kode={kode}, nama={nama}, url={full_url}")
Exception: Failed to setup driver
2025-10-26 21:47:29,706 - INFO - Retry attempt 148/300...
2025-10-26 21:47:44,718 - INFO - Setting up Chrome driver...
2025-10-26 21:47:44,719 - INFO - Using profile directory: C:\laragon\www\dapokalsel\chrome_profile
2025-10-26 21:47:44,720 - INFO - Initializing undetected Chrome driver...
2025-10-26 21:47:49,138 - INFO - patching driver executable C:\laragon\www\dapokalsel\sekolah\~\appdata\roaming\undetected_chromedriver\undetected_chromedriver.exe
2025-10-26 21:47:49,392 - ERROR - Failed to setup driver: Binary Location Must be a String
Traceback (most recent call last):
  File "C:\laragon\www\dapokalsel\sekolah\import_url_kabupaten.pyw", line 92, in setup_driver
    temp_dir = tempfile.gettempdir()
  File "C:\laragon\bin\python\python-3.10\lib\site-packages\undetected_chromedriver\__init__.py", line 372, in __init__
    options.binary_location = (
  File "C:\laragon\bin\python\python-3.10\lib\site-packages\selenium\webdriver\chromium\options.py", line 52, in binary_location
    raise TypeError(self.BINARY_LOCATION_ERROR)
TypeError: Binary Location Must be a String
2025-10-26 21:47:49,392 - ERROR - Error on attempt 148: Failed to setup driver
Traceback (most recent call last):
  File "C:\laragon\www\dapokalsel\sekolah\import_url_kabupaten.pyw", line 388, in process_url_induk
    logger.warning(f"Row {idx} missing data: kode={kode}, nama={nama}, url={full_url}")
Exception: Failed to setup driver
2025-10-26 21:47:49,392 - INFO - Retry attempt 149/300...
2025-10-26 21:48:04,397 - INFO - Setting up Chrome driver...
2025-10-26 21:48:04,400 - INFO - Using profile directory: C:\laragon\www\dapokalsel\chrome_profile
2025-10-26 21:48:04,401 - INFO - Initializing undetected Chrome driver...
2025-10-26 21:48:20,016 - INFO - patching driver executable C:\laragon\www\dapokalsel\sekolah\~\appdata\roaming\undetected_chromedriver\undetected_chromedriver.exe
2025-10-26 21:48:20,116 - ERROR - Failed to setup driver: Binary Location Must be a String
Traceback (most recent call last):
  File "C:\laragon\www\dapokalsel\sekolah\import_url_kabupaten.pyw", line 92, in setup_driver
    temp_dir = tempfile.gettempdir()
  File "C:\laragon\bin\python\python-3.10\lib\site-packages\undetected_chromedriver\__init__.py", line 372, in __init__
    options.binary_location = (
  File "C:\laragon\bin\python\python-3.10\lib\site-packages\selenium\webdriver\chromium\options.py", line 52, in binary_location
    raise TypeError(self.BINARY_LOCATION_ERROR)
TypeError: Binary Location Must be a String
2025-10-26 21:48:20,117 - ERROR - Error on attempt 149: Failed to setup driver
Traceback (most recent call last):
  File "C:\laragon\www\dapokalsel\sekolah\import_url_kabupaten.pyw", line 388, in process_url_induk
    logger.warning(f"Row {idx} missing data: kode={kode}, nama={nama}, url={full_url}")
Exception: Failed to setup driver
2025-10-26 21:48:20,117 - INFO - Retry attempt 150/300...
2025-10-26 21:48:35,117 - INFO - Setting up Chrome driver...
2025-10-26 21:48:35,118 - INFO - Using profile directory: C:\laragon\www\dapokalsel\chrome_profile
2025-10-26 21:48:35,119 - INFO - Initializing undetected Chrome driver...
2025-10-26 21:48:39,798 - INFO - patching driver executable C:\laragon\www\dapokalsel\sekolah\~\appdata\roaming\undetected_chromedriver\undetected_chromedriver.exe
2025-10-26 21:48:39,914 - ERROR - Failed to setup driver: Binary Location Must be a String
Traceback (most recent call last):
  File "C:\laragon\www\dapokalsel\sekolah\import_url_kabupaten.pyw", line 92, in setup_driver
    temp_dir = tempfile.gettempdir()
  File "C:\laragon\bin\python\python-3.10\lib\site-packages\undetected_chromedriver\__init__.py", line 372, in __init__
    options.binary_location = (
  File "C:\laragon\bin\python\python-3.10\lib\site-packages\selenium\webdriver\chromium\options.py", line 52, in binary_location
    raise TypeError(self.BINARY_LOCATION_ERROR)
TypeError: Binary Location Must be a String
2025-10-26 21:48:39,914 - ERROR - Error on attempt 150: Failed to setup driver
Traceback (most recent call last):
  File "C:\laragon\www\dapokalsel\sekolah\import_url_kabupaten.pyw", line 388, in process_url_induk
    logger.warning(f"Row {idx} missing data: kode={kode}, nama={nama}, url={full_url}")
Exception: Failed to setup driver
2025-10-26 21:48:39,914 - INFO - Retry attempt 151/300...
2025-10-26 21:48:54,914 - INFO - Setting up Chrome driver...
2025-10-26 21:48:54,917 - INFO - Using profile directory: C:\laragon\www\dapokalsel\chrome_profile
2025-10-26 21:48:54,917 - INFO - Initializing undetected Chrome driver...
2025-10-26 21:49:05,112 - INFO - patching driver executable C:\laragon\www\dapokalsel\sekolah\~\appdata\roaming\undetected_chromedriver\undetected_chromedriver.exe
2025-10-26 21:49:05,212 - ERROR - Failed to setup driver: Binary Location Must be a String
Traceback (most recent call last):
  File "C:\laragon\www\dapokalsel\sekolah\import_url_kabupaten.pyw", line 92, in setup_driver
    temp_dir = tempfile.gettempdir()
  File "C:\laragon\bin\python\python-3.10\lib\site-packages\undetected_chromedriver\__init__.py", line 372, in __init__
    options.binary_location = (
  File "C:\laragon\bin\python\python-3.10\lib\site-packages\selenium\webdriver\chromium\options.py", line 52, in binary_location
    raise TypeError(self.BINARY_LOCATION_ERROR)
TypeError: Binary Location Must be a String
2025-10-26 21:49:05,212 - ERROR - Error on attempt 151: Failed to setup driver
Traceback (most recent call last):
  File "C:\laragon\www\dapokalsel\sekolah\import_url_kabupaten.pyw", line 388, in process_url_induk
    logger.warning(f"Row {idx} missing data: kode={kode}, nama={nama}, url={full_url}")
Exception: Failed to setup driver
2025-10-26 21:49:05,212 - INFO - Retry attempt 152/300...
2025-10-26 21:49:20,212 - INFO - Setting up Chrome driver...
2025-10-26 21:49:20,212 - INFO - Using profile directory: C:\laragon\www\dapokalsel\chrome_profile
2025-10-26 21:49:20,212 - INFO - Initializing undetected Chrome driver...
2025-10-26 21:49:26,726 - INFO - patching driver executable C:\laragon\www\dapokalsel\sekolah\~\appdata\roaming\undetected_chromedriver\undetected_chromedriver.exe
2025-10-26 21:49:26,812 - ERROR - Failed to setup driver: Binary Location Must be a String
Traceback (most recent call last):
  File "C:\laragon\www\dapokalsel\sekolah\import_url_kabupaten.pyw", line 92, in setup_driver
    temp_dir = tempfile.gettempdir()
  File "C:\laragon\bin\python\python-3.10\lib\site-packages\undetected_chromedriver\__init__.py", line 372, in __init__
    options.binary_location = (
  File "C:\laragon\bin\python\python-3.10\lib\site-packages\selenium\webdriver\chromium\options.py", line 52, in binary_location
    raise TypeError(self.BINARY_LOCATION_ERROR)
TypeError: Binary Location Must be a String
2025-10-26 21:49:26,812 - ERROR - Error on attempt 152: Failed to setup driver
Traceback (most recent call last):
  File "C:\laragon\www\dapokalsel\sekolah\import_url_kabupaten.pyw", line 388, in process_url_induk
    logger.warning(f"Row {idx} missing data: kode={kode}, nama={nama}, url={full_url}")
Exception: Failed to setup driver
2025-10-26 21:49:26,812 - INFO - Retry attempt 153/300...
2025-10-26 21:49:41,825 - INFO - Setting up Chrome driver...
2025-10-26 21:49:41,826 - INFO - Using profile directory: C:\laragon\www\dapokalsel\chrome_profile
2025-10-26 21:49:41,826 - INFO - Initializing undetected Chrome driver...
2025-10-26 21:49:46,845 - INFO - patching driver executable C:\laragon\www\dapokalsel\sekolah\~\appdata\roaming\undetected_chromedriver\undetected_chromedriver.exe
2025-10-26 21:49:46,845 - ERROR - Failed to setup driver: [Errno 2] No such file or directory: 'C:\\laragon\\www\\dapokalsel\\sekolah\\~\\appdata\\roaming\\undetected_chromedriver\\undetected_chromedriver.exe'
Traceback (most recent call last):
  File "C:\laragon\www\dapokalsel\sekolah\import_url_kabupaten.pyw", line 92, in setup_driver
    temp_dir = tempfile.gettempdir()
  File "C:\laragon\bin\python\python-3.10\lib\site-packages\undetected_chromedriver\__init__.py", line 258, in __init__
    self.patcher.auto()
  File "C:\laragon\bin\python\python-3.10\lib\site-packages\undetected_chromedriver\patcher.py", line 179, in auto
    return self.patch()
  File "C:\laragon\bin\python\python-3.10\lib\site-packages\undetected_chromedriver\patcher.py", line 229, in patch
    self.patch_exe()
  File "C:\laragon\bin\python\python-3.10\lib\site-packages\undetected_chromedriver\patcher.py", line 347, in patch_exe
    with io.open(self.executable_path, "r+b") as fh:
FileNotFoundError: [Errno 2] No such file or directory: 'C:\\laragon\\www\\dapokalsel\\sekolah\\~\\appdata\\roaming\\undetected_chromedriver\\undetected_chromedriver.exe'
2025-10-26 21:49:46,845 - ERROR - Error on attempt 153: Failed to setup driver
Traceback (most recent call last):
  File "C:\laragon\www\dapokalsel\sekolah\import_url_kabupaten.pyw", line 388, in process_url_induk
    logger.warning(f"Row {idx} missing data: kode={kode}, nama={nama}, url={full_url}")
Exception: Failed to setup driver
2025-10-26 21:49:46,845 - INFO - Retry attempt 154/300...
2025-10-26 21:50:01,845 - INFO - Setting up Chrome driver...
2025-10-26 21:50:01,846 - INFO - Using profile directory: C:\laragon\www\dapokalsel\chrome_profile
2025-10-26 21:50:01,847 - INFO - Initializing undetected Chrome driver...
2025-10-26 21:50:19,221 - INFO - patching driver executable C:\laragon\www\dapokalsel\sekolah\~\appdata\roaming\undetected_chromedriver\undetected_chromedriver.exe
2025-10-26 21:50:19,313 - ERROR - Failed to setup driver: Binary Location Must be a String
Traceback (most recent call last):
  File "C:\laragon\www\dapokalsel\sekolah\import_url_kabupaten.pyw", line 92, in setup_driver
    temp_dir = tempfile.gettempdir()
  File "C:\laragon\bin\python\python-3.10\lib\site-packages\undetected_chromedriver\__init__.py", line 372, in __init__
    options.binary_location = (
  File "C:\laragon\bin\python\python-3.10\lib\site-packages\selenium\webdriver\chromium\options.py", line 52, in binary_location
    raise TypeError(self.BINARY_LOCATION_ERROR)
TypeError: Binary Location Must be a String
2025-10-26 21:50:19,313 - ERROR - Error on attempt 154: Failed to setup driver
Traceback (most recent call last):
  File "C:\laragon\www\dapokalsel\sekolah\import_url_kabupaten.pyw", line 388, in process_url_induk
    logger.warning(f"Row {idx} missing data: kode={kode}, nama={nama}, url={full_url}")
Exception: Failed to setup driver
2025-10-26 21:50:19,313 - INFO - Retry attempt 155/300...
2025-10-26 21:50:34,322 - INFO - Setting up Chrome driver...
2025-10-26 21:50:34,325 - INFO - Using profile directory: C:\laragon\www\dapokalsel\chrome_profile
2025-10-26 21:50:34,327 - INFO - Initializing undetected Chrome driver...
2025-10-26 21:50:39,675 - INFO - patching driver executable C:\laragon\www\dapokalsel\sekolah\~\appdata\roaming\undetected_chromedriver\undetected_chromedriver.exe
2025-10-26 21:50:39,774 - ERROR - Failed to setup driver: Binary Location Must be a String
Traceback (most recent call last):
  File "C:\laragon\www\dapokalsel\sekolah\import_url_kabupaten.pyw", line 92, in setup_driver
    temp_dir = tempfile.gettempdir()
  File "C:\laragon\bin\python\python-3.10\lib\site-packages\undetected_chromedriver\__init__.py", line 372, in __init__
    options.binary_location = (
  File "C:\laragon\bin\python\python-3.10\lib\site-packages\selenium\webdriver\chromium\options.py", line 52, in binary_location
    raise TypeError(self.BINARY_LOCATION_ERROR)
TypeError: Binary Location Must be a String
2025-10-26 21:50:39,774 - ERROR - Error on attempt 155: Failed to setup driver
Traceback (most recent call last):
  File "C:\laragon\www\dapokalsel\sekolah\import_url_kabupaten.pyw", line 388, in process_url_induk
    logger.warning(f"Row {idx} missing data: kode={kode}, nama={nama}, url={full_url}")
Exception: Failed to setup driver
2025-10-26 21:50:39,774 - INFO - Retry attempt 156/300...
2025-10-26 21:50:54,775 - INFO - Setting up Chrome driver...
2025-10-26 21:50:54,775 - INFO - Using profile directory: C:\laragon\www\dapokalsel\chrome_profile
2025-10-26 21:50:54,775 - INFO - Initializing undetected Chrome driver...
2025-10-26 21:51:07,990 - INFO - patching driver executable C:\laragon\www\dapokalsel\sekolah\~\appdata\roaming\undetected_chromedriver\undetected_chromedriver.exe
2025-10-26 21:51:08,107 - ERROR - Failed to setup driver: Binary Location Must be a String
Traceback (most recent call last):
  File "C:\laragon\www\dapokalsel\sekolah\import_url_kabupaten.pyw", line 92, in setup_driver
    temp_dir = tempfile.gettempdir()
  File "C:\laragon\bin\python\python-3.10\lib\site-packages\undetected_chromedriver\__init__.py", line 372, in __init__
    options.binary_location = (
  File "C:\laragon\bin\python\python-3.10\lib\site-packages\selenium\webdriver\chromium\options.py", line 52, in binary_location
    raise TypeError(self.BINARY_LOCATION_ERROR)
TypeError: Binary Location Must be a String
2025-10-26 21:51:08,107 - ERROR - Error on attempt 156: Failed to setup driver
Traceback (most recent call last):
  File "C:\laragon\www\dapokalsel\sekolah\import_url_kabupaten.pyw", line 388, in process_url_induk
    logger.warning(f"Row {idx} missing data: kode={kode}, nama={nama}, url={full_url}")
Exception: Failed to setup driver
2025-10-26 21:51:08,107 - INFO - Retry attempt 157/300...
2025-10-26 21:51:23,120 - INFO - Setting up Chrome driver...
2025-10-26 21:51:23,120 - INFO - Using profile directory: C:\laragon\www\dapokalsel\chrome_profile
2025-10-26 21:51:23,120 - INFO - Initializing undetected Chrome driver...
2025-10-26 21:51:29,889 - INFO - patching driver executable C:\laragon\www\dapokalsel\sekolah\~\appdata\roaming\undetected_chromedriver\undetected_chromedriver.exe
2025-10-26 21:51:29,990 - ERROR - Failed to setup driver: Binary Location Must be a String
Traceback (most recent call last):
  File "C:\laragon\www\dapokalsel\sekolah\import_url_kabupaten.pyw", line 92, in setup_driver
    temp_dir = tempfile.gettempdir()
  File "C:\laragon\bin\python\python-3.10\lib\site-packages\undetected_chromedriver\__init__.py", line 372, in __init__
    options.binary_location = (
  File "C:\laragon\bin\python\python-3.10\lib\site-packages\selenium\webdriver\chromium\options.py", line 52, in binary_location
    raise TypeError(self.BINARY_LOCATION_ERROR)
TypeError: Binary Location Must be a String
2025-10-26 21:51:30,004 - ERROR - Error on attempt 157: Failed to setup driver
Traceback (most recent call last):
  File "C:\laragon\www\dapokalsel\sekolah\import_url_kabupaten.pyw", line 388, in process_url_induk
    logger.warning(f"Row {idx} missing data: kode={kode}, nama={nama}, url={full_url}")
Exception: Failed to setup driver
2025-10-26 21:51:30,005 - INFO - Retry attempt 158/300...
2025-10-26 21:51:45,006 - INFO - Setting up Chrome driver...
2025-10-26 21:51:45,007 - INFO - Using profile directory: C:\laragon\www\dapokalsel\chrome_profile
2025-10-26 21:51:45,008 - INFO - Initializing undetected Chrome driver...
2025-10-26 21:51:58,056 - INFO - patching driver executable C:\laragon\www\dapokalsel\sekolah\~\appdata\roaming\undetected_chromedriver\undetected_chromedriver.exe
2025-10-26 21:51:58,136 - ERROR - Failed to setup driver: Binary Location Must be a String
Traceback (most recent call last):
  File "C:\laragon\www\dapokalsel\sekolah\import_url_kabupaten.pyw", line 92, in setup_driver
    temp_dir = tempfile.gettempdir()
  File "C:\laragon\bin\python\python-3.10\lib\site-packages\undetected_chromedriver\__init__.py", line 372, in __init__
    options.binary_location = (
  File "C:\laragon\bin\python\python-3.10\lib\site-packages\selenium\webdriver\chromium\options.py", line 52, in binary_location
    raise TypeError(self.BINARY_LOCATION_ERROR)
TypeError: Binary Location Must be a String
2025-10-26 21:51:58,136 - ERROR - Error on attempt 158: Failed to setup driver
Traceback (most recent call last):
  File "C:\laragon\www\dapokalsel\sekolah\import_url_kabupaten.pyw", line 388, in process_url_induk
    logger.warning(f"Row {idx} missing data: kode={kode}, nama={nama}, url={full_url}")
Exception: Failed to setup driver
2025-10-26 21:51:58,136 - INFO - Retry attempt 159/300...
2025-10-26 21:52:13,148 - INFO - Setting up Chrome driver...
2025-10-26 21:52:13,148 - INFO - Using profile directory: C:\laragon\www\dapokalsel\chrome_profile
2025-10-26 21:52:13,149 - INFO - Initializing undetected Chrome driver...
2025-10-26 21:52:13,190 - ERROR - Failed to setup driver: Binary Location Must be a String
Traceback (most recent call last):
  File "C:\laragon\www\dapokalsel\sekolah\import_url_kabupaten.pyw", line 92, in setup_driver
    temp_dir = tempfile.gettempdir()
  File "C:\laragon\bin\python\python-3.10\lib\site-packages\undetected_chromedriver\__init__.py", line 372, in __init__
    options.binary_location = (
  File "C:\laragon\bin\python\python-3.10\lib\site-packages\selenium\webdriver\chromium\options.py", line 52, in binary_location
    raise TypeError(self.BINARY_LOCATION_ERROR)
TypeError: Binary Location Must be a String
2025-10-26 21:52:13,190 - ERROR - Error on attempt 159: Failed to setup driver
Traceback (most recent call last):
  File "C:\laragon\www\dapokalsel\sekolah\import_url_kabupaten.pyw", line 388, in process_url_induk
    logger.warning(f"Row {idx} missing data: kode={kode}, nama={nama}, url={full_url}")
Exception: Failed to setup driver
2025-10-26 21:52:13,191 - INFO - Retry attempt 160/300...
2025-10-26 21:52:28,199 - INFO - Setting up Chrome driver...
2025-10-26 21:52:28,200 - INFO - Using profile directory: C:\laragon\www\dapokalsel\chrome_profile
2025-10-26 21:52:28,201 - INFO - Initializing undetected Chrome driver...
2025-10-26 21:52:41,160 - ERROR - Failed to setup driver: [WinError 183] Cannot create a file when that file already exists: 'C:\\laragon\\www\\dapokalsel\\sekolah\\~\\appdata\\roaming\\undetected_chromedriver\\undetected\\chromedriver-win32\\chromedriver.exe' -> 'C:\\laragon\\www\\dapokalsel\\sekolah\\~\\appdata\\roaming\\undetected_chromedriver\\undetected_chromedriver.exe'
Traceback (most recent call last):
  File "C:\laragon\www\dapokalsel\sekolah\import_url_kabupaten.pyw", line 92, in setup_driver
    temp_dir = tempfile.gettempdir()
  File "C:\laragon\bin\python\python-3.10\lib\site-packages\undetected_chromedriver\__init__.py", line 258, in __init__
    self.patcher.auto()
  File "C:\laragon\bin\python\python-3.10\lib\site-packages\undetected_chromedriver\patcher.py", line 178, in auto
    self.unzip_package(self.fetch_package())
  File "C:\laragon\bin\python\python-3.10\lib\site-packages\undetected_chromedriver\patcher.py", line 310, in unzip_package
    os.rename(os.path.join(self.zip_path, exe_path), self.executable_path)
FileExistsError: [WinError 183] Cannot create a file when that file already exists: 'C:\\laragon\\www\\dapokalsel\\sekolah\\~\\appdata\\roaming\\undetected_chromedriver\\undetected\\chromedriver-win32\\chromedriver.exe' -> 'C:\\laragon\\www\\dapokalsel\\sekolah\\~\\appdata\\roaming\\undetected_chromedriver\\undetected_chromedriver.exe'
2025-10-26 21:52:41,161 - ERROR - Error on attempt 160: Failed to setup driver
Traceback (most recent call last):
  File "C:\laragon\www\dapokalsel\sekolah\import_url_kabupaten.pyw", line 388, in process_url_induk
    logger.warning(f"Row {idx} missing data: kode={kode}, nama={nama}, url={full_url}")
Exception: Failed to setup driver
2025-10-26 21:52:41,162 - INFO - Retry attempt 161/300...
2025-10-26 21:52:56,168 - INFO - Setting up Chrome driver...
2025-10-26 21:52:56,169 - INFO - Using profile directory: C:\laragon\www\dapokalsel\chrome_profile
2025-10-26 21:52:56,169 - INFO - Initializing undetected Chrome driver...
2025-10-26 21:53:07,579 - ERROR - Failed to setup driver: [WinError 183] Cannot create a file when that file already exists: 'C:\\laragon\\www\\dapokalsel\\sekolah\\~\\appdata\\roaming\\undetected_chromedriver\\undetected\\chromedriver-win32\\chromedriver.exe' -> 'C:\\laragon\\www\\dapokalsel\\sekolah\\~\\appdata\\roaming\\undetected_chromedriver\\undetected_chromedriver.exe'
Traceback (most recent call last):
  File "C:\laragon\www\dapokalsel\sekolah\import_url_kabupaten.pyw", line 92, in setup_driver
    temp_dir = tempfile.gettempdir()
  File "C:\laragon\bin\python\python-3.10\lib\site-packages\undetected_chromedriver\__init__.py", line 258, in __init__
    self.patcher.auto()
  File "C:\laragon\bin\python\python-3.10\lib\site-packages\undetected_chromedriver\patcher.py", line 178, in auto
    self.unzip_package(self.fetch_package())
  File "C:\laragon\bin\python\python-3.10\lib\site-packages\undetected_chromedriver\patcher.py", line 310, in unzip_package
    os.rename(os.path.join(self.zip_path, exe_path), self.executable_path)
FileExistsError: [WinError 183] Cannot create a file when that file already exists: 'C:\\laragon\\www\\dapokalsel\\sekolah\\~\\appdata\\roaming\\undetected_chromedriver\\undetected\\chromedriver-win32\\chromedriver.exe' -> 'C:\\laragon\\www\\dapokalsel\\sekolah\\~\\appdata\\roaming\\undetected_chromedriver\\undetected_chromedriver.exe'
2025-10-26 21:53:07,579 - ERROR - Error on attempt 161: Failed to setup driver
Traceback (most recent call last):
  File "C:\laragon\www\dapokalsel\sekolah\import_url_kabupaten.pyw", line 388, in process_url_induk
    logger.warning(f"Row {idx} missing data: kode={kode}, nama={nama}, url={full_url}")
Exception: Failed to setup driver
2025-10-26 21:53:07,579 - INFO - Retry attempt 162/300...
2025-10-26 21:53:22,580 - INFO - Setting up Chrome driver...
2025-10-26 21:53:22,580 - INFO - Using profile directory: C:\laragon\www\dapokalsel\chrome_profile
2025-10-26 21:53:22,581 - INFO - Initializing undetected Chrome driver...
2025-10-26 21:53:29,898 - INFO - patching driver executable C:\laragon\www\dapokalsel\sekolah\~\appdata\roaming\undetected_chromedriver\undetected_chromedriver.exe
2025-10-26 21:53:29,992 - ERROR - Failed to setup driver: Binary Location Must be a String
Traceback (most recent call last):
  File "C:\laragon\www\dapokalsel\sekolah\import_url_kabupaten.pyw", line 92, in setup_driver
    temp_dir = tempfile.gettempdir()
  File "C:\laragon\bin\python\python-3.10\lib\site-packages\undetected_chromedriver\__init__.py", line 372, in __init__
    options.binary_location = (
  File "C:\laragon\bin\python\python-3.10\lib\site-packages\selenium\webdriver\chromium\options.py", line 52, in binary_location
    raise TypeError(self.BINARY_LOCATION_ERROR)
TypeError: Binary Location Must be a String
2025-10-26 21:53:29,993 - ERROR - Error on attempt 162: Failed to setup driver
Traceback (most recent call last):
  File "C:\laragon\www\dapokalsel\sekolah\import_url_kabupaten.pyw", line 388, in process_url_induk
    logger.warning(f"Row {idx} missing data: kode={kode}, nama={nama}, url={full_url}")
Exception: Failed to setup driver
2025-10-26 21:53:29,993 - INFO - Retry attempt 163/300...
2025-10-26 21:53:44,993 - INFO - Setting up Chrome driver...
2025-10-26 21:53:44,993 - INFO - Using profile directory: C:\laragon\www\dapokalsel\chrome_profile
2025-10-26 21:53:44,994 - INFO - Initializing undetected Chrome driver...
2025-10-26 21:53:52,497 - INFO - patching driver executable C:\laragon\www\dapokalsel\sekolah\~\appdata\roaming\undetected_chromedriver\undetected_chromedriver.exe
2025-10-26 21:53:52,598 - ERROR - Failed to setup driver: Binary Location Must be a String
Traceback (most recent call last):
  File "C:\laragon\www\dapokalsel\sekolah\import_url_kabupaten.pyw", line 92, in setup_driver
    temp_dir = tempfile.gettempdir()
  File "C:\laragon\bin\python\python-3.10\lib\site-packages\undetected_chromedriver\__init__.py", line 372, in __init__
    options.binary_location = (
  File "C:\laragon\bin\python\python-3.10\lib\site-packages\selenium\webdriver\chromium\options.py", line 52, in binary_location
    raise TypeError(self.BINARY_LOCATION_ERROR)
TypeError: Binary Location Must be a String
2025-10-26 21:53:52,598 - ERROR - Error on attempt 163: Failed to setup driver
Traceback (most recent call last):
  File "C:\laragon\www\dapokalsel\sekolah\import_url_kabupaten.pyw", line 388, in process_url_induk
    logger.warning(f"Row {idx} missing data: kode={kode}, nama={nama}, url={full_url}")
Exception: Failed to setup driver
2025-10-26 21:53:52,598 - INFO - Retry attempt 164/300...
2025-10-26 21:54:07,598 - INFO - Setting up Chrome driver...
2025-10-26 21:54:07,598 - INFO - Using profile directory: C:\laragon\www\dapokalsel\chrome_profile
2025-10-26 21:54:07,598 - INFO - Initializing undetected Chrome driver...
2025-10-26 21:54:14,597 - ERROR - Failed to setup driver: [WinError 183] Cannot create a file when that file already exists: 'C:\\laragon\\www\\dapokalsel\\sekolah\\~\\appdata\\roaming\\undetected_chromedriver\\undetected\\chromedriver-win32\\chromedriver.exe' -> 'C:\\laragon\\www\\dapokalsel\\sekolah\\~\\appdata\\roaming\\undetected_chromedriver\\undetected_chromedriver.exe'
Traceback (most recent call last):
  File "C:\laragon\www\dapokalsel\sekolah\import_url_kabupaten.pyw", line 92, in setup_driver
    temp_dir = tempfile.gettempdir()
  File "C:\laragon\bin\python\python-3.10\lib\site-packages\undetected_chromedriver\__init__.py", line 258, in __init__
    self.patcher.auto()
  File "C:\laragon\bin\python\python-3.10\lib\site-packages\undetected_chromedriver\patcher.py", line 178, in auto
    self.unzip_package(self.fetch_package())
  File "C:\laragon\bin\python\python-3.10\lib\site-packages\undetected_chromedriver\patcher.py", line 310, in unzip_package
    os.rename(os.path.join(self.zip_path, exe_path), self.executable_path)
FileExistsError: [WinError 183] Cannot create a file when that file already exists: 'C:\\laragon\\www\\dapokalsel\\sekolah\\~\\appdata\\roaming\\undetected_chromedriver\\undetected\\chromedriver-win32\\chromedriver.exe' -> 'C:\\laragon\\www\\dapokalsel\\sekolah\\~\\appdata\\roaming\\undetected_chromedriver\\undetected_chromedriver.exe'
2025-10-26 21:54:14,597 - ERROR - Error on attempt 164: Failed to setup driver
Traceback (most recent call last):
  File "C:\laragon\www\dapokalsel\sekolah\import_url_kabupaten.pyw", line 388, in process_url_induk
    logger.warning(f"Row {idx} missing data: kode={kode}, nama={nama}, url={full_url}")
Exception: Failed to setup driver
2025-10-26 21:54:14,597 - INFO - Retry attempt 165/300...
2025-10-26 21:54:29,597 - INFO - Setting up Chrome driver...
2025-10-26 21:54:29,598 - INFO - Using profile directory: C:\laragon\www\dapokalsel\chrome_profile
2025-10-26 21:54:29,599 - INFO - Initializing undetected Chrome driver...
2025-10-26 21:54:38,344 - INFO - patching driver executable C:\laragon\www\dapokalsel\sekolah\~\appdata\roaming\undetected_chromedriver\undetected_chromedriver.exe
2025-10-26 21:54:38,461 - ERROR - Failed to setup driver: Binary Location Must be a String
Traceback (most recent call last):
  File "C:\laragon\www\dapokalsel\sekolah\import_url_kabupaten.pyw", line 92, in setup_driver
    temp_dir = tempfile.gettempdir()
  File "C:\laragon\bin\python\python-3.10\lib\site-packages\undetected_chromedriver\__init__.py", line 372, in __init__
    options.binary_location = (
  File "C:\laragon\bin\python\python-3.10\lib\site-packages\selenium\webdriver\chromium\options.py", line 52, in binary_location
    raise TypeError(self.BINARY_LOCATION_ERROR)
TypeError: Binary Location Must be a String
2025-10-26 21:54:38,461 - ERROR - Error on attempt 165: Failed to setup driver
Traceback (most recent call last):
  File "C:\laragon\www\dapokalsel\sekolah\import_url_kabupaten.pyw", line 388, in process_url_induk
    logger.warning(f"Row {idx} missing data: kode={kode}, nama={nama}, url={full_url}")
Exception: Failed to setup driver
2025-10-26 21:54:38,461 - INFO - Retry attempt 166/300...
2025-10-26 21:54:53,462 - INFO - Setting up Chrome driver...
2025-10-26 21:54:53,462 - INFO - Using profile directory: C:\laragon\www\dapokalsel\chrome_profile
2025-10-26 21:54:53,462 - INFO - Initializing undetected Chrome driver...
2025-10-26 21:55:01,396 - ERROR - Failed to setup driver: [WinError 183] Cannot create a file when that file already exists: 'C:\\laragon\\www\\dapokalsel\\sekolah\\~\\appdata\\roaming\\undetected_chromedriver\\undetected\\chromedriver-win32\\chromedriver.exe' -> 'C:\\laragon\\www\\dapokalsel\\sekolah\\~\\appdata\\roaming\\undetected_chromedriver\\undetected_chromedriver.exe'
Traceback (most recent call last):
  File "C:\laragon\www\dapokalsel\sekolah\import_url_kabupaten.pyw", line 92, in setup_driver
    temp_dir = tempfile.gettempdir()
  File "C:\laragon\bin\python\python-3.10\lib\site-packages\undetected_chromedriver\__init__.py", line 258, in __init__
    self.patcher.auto()
  File "C:\laragon\bin\python\python-3.10\lib\site-packages\undetected_chromedriver\patcher.py", line 178, in auto
    self.unzip_package(self.fetch_package())
  File "C:\laragon\bin\python\python-3.10\lib\site-packages\undetected_chromedriver\patcher.py", line 310, in unzip_package
    os.rename(os.path.join(self.zip_path, exe_path), self.executable_path)
FileExistsError: [WinError 183] Cannot create a file when that file already exists: 'C:\\laragon\\www\\dapokalsel\\sekolah\\~\\appdata\\roaming\\undetected_chromedriver\\undetected\\chromedriver-win32\\chromedriver.exe' -> 'C:\\laragon\\www\\dapokalsel\\sekolah\\~\\appdata\\roaming\\undetected_chromedriver\\undetected_chromedriver.exe'
2025-10-26 21:55:01,397 - ERROR - Error on attempt 166: Failed to setup driver
Traceback (most recent call last):
  File "C:\laragon\www\dapokalsel\sekolah\import_url_kabupaten.pyw", line 388, in process_url_induk
    logger.warning(f"Row {idx} missing data: kode={kode}, nama={nama}, url={full_url}")
Exception: Failed to setup driver
2025-10-26 21:55:01,397 - INFO - Retry attempt 167/300...
2025-10-26 21:55:16,398 - INFO - Setting up Chrome driver...
2025-10-26 21:55:16,398 - INFO - Using profile directory: C:\laragon\www\dapokalsel\chrome_profile
2025-10-26 21:55:16,398 - INFO - Initializing undetected Chrome driver...
2025-10-26 21:55:26,392 - INFO - patching driver executable C:\laragon\www\dapokalsel\sekolah\~\appdata\roaming\undetected_chromedriver\undetected_chromedriver.exe
2025-10-26 21:55:26,476 - ERROR - Failed to setup driver: Binary Location Must be a String
Traceback (most recent call last):
  File "C:\laragon\www\dapokalsel\sekolah\import_url_kabupaten.pyw", line 92, in setup_driver
    temp_dir = tempfile.gettempdir()
  File "C:\laragon\bin\python\python-3.10\lib\site-packages\undetected_chromedriver\__init__.py", line 372, in __init__
    options.binary_location = (
  File "C:\laragon\bin\python\python-3.10\lib\site-packages\selenium\webdriver\chromium\options.py", line 52, in binary_location
    raise TypeError(self.BINARY_LOCATION_ERROR)
TypeError: Binary Location Must be a String
2025-10-26 21:55:26,476 - ERROR - Error on attempt 167: Failed to setup driver
Traceback (most recent call last):
  File "C:\laragon\www\dapokalsel\sekolah\import_url_kabupaten.pyw", line 388, in process_url_induk
    logger.warning(f"Row {idx} missing data: kode={kode}, nama={nama}, url={full_url}")
Exception: Failed to setup driver
2025-10-26 21:55:26,476 - INFO - Retry attempt 168/300...
2025-10-26 21:55:41,476 - INFO - Setting up Chrome driver...
2025-10-26 21:55:41,476 - INFO - Using profile directory: C:\laragon\www\dapokalsel\chrome_profile
2025-10-26 21:55:41,476 - INFO - Initializing undetected Chrome driver...
2025-10-26 21:55:57,235 - ERROR - Failed to setup driver: [WinError 183] Cannot create a file when that file already exists: 'C:\\laragon\\www\\dapokalsel\\sekolah\\~\\appdata\\roaming\\undetected_chromedriver\\undetected\\chromedriver-win32\\chromedriver.exe' -> 'C:\\laragon\\www\\dapokalsel\\sekolah\\~\\appdata\\roaming\\undetected_chromedriver\\undetected_chromedriver.exe'
Traceback (most recent call last):
  File "C:\laragon\www\dapokalsel\sekolah\import_url_kabupaten.pyw", line 92, in setup_driver
    temp_dir = tempfile.gettempdir()
  File "C:\laragon\bin\python\python-3.10\lib\site-packages\undetected_chromedriver\__init__.py", line 258, in __init__
    self.patcher.auto()
  File "C:\laragon\bin\python\python-3.10\lib\site-packages\undetected_chromedriver\patcher.py", line 178, in auto
    self.unzip_package(self.fetch_package())
  File "C:\laragon\bin\python\python-3.10\lib\site-packages\undetected_chromedriver\patcher.py", line 310, in unzip_package
    os.rename(os.path.join(self.zip_path, exe_path), self.executable_path)
FileExistsError: [WinError 183] Cannot create a file when that file already exists: 'C:\\laragon\\www\\dapokalsel\\sekolah\\~\\appdata\\roaming\\undetected_chromedriver\\undetected\\chromedriver-win32\\chromedriver.exe' -> 'C:\\laragon\\www\\dapokalsel\\sekolah\\~\\appdata\\roaming\\undetected_chromedriver\\undetected_chromedriver.exe'
2025-10-26 21:55:57,235 - ERROR - Error on attempt 168: Failed to setup driver
Traceback (most recent call last):
  File "C:\laragon\www\dapokalsel\sekolah\import_url_kabupaten.pyw", line 388, in process_url_induk
    logger.warning(f"Row {idx} missing data: kode={kode}, nama={nama}, url={full_url}")
Exception: Failed to setup driver
2025-10-26 21:55:57,235 - INFO - Retry attempt 169/300...
2025-10-26 21:56:12,238 - INFO - Setting up Chrome driver...
2025-10-26 21:56:12,241 - INFO - Using profile directory: C:\laragon\www\dapokalsel\chrome_profile
2025-10-26 21:56:12,242 - INFO - Initializing undetected Chrome driver...
2025-10-26 21:56:29,462 - INFO - patching driver executable C:\laragon\www\dapokalsel\sekolah\~\appdata\roaming\undetected_chromedriver\undetected_chromedriver.exe
2025-10-26 21:56:29,571 - ERROR - Failed to setup driver: Binary Location Must be a String
Traceback (most recent call last):
  File "C:\laragon\www\dapokalsel\sekolah\import_url_kabupaten.pyw", line 92, in setup_driver
    temp_dir = tempfile.gettempdir()
  File "C:\laragon\bin\python\python-3.10\lib\site-packages\undetected_chromedriver\__init__.py", line 372, in __init__
    options.binary_location = (
  File "C:\laragon\bin\python\python-3.10\lib\site-packages\selenium\webdriver\chromium\options.py", line 52, in binary_location
    raise TypeError(self.BINARY_LOCATION_ERROR)
TypeError: Binary Location Must be a String
2025-10-26 21:56:29,571 - ERROR - Error on attempt 169: Failed to setup driver
Traceback (most recent call last):
  File "C:\laragon\www\dapokalsel\sekolah\import_url_kabupaten.pyw", line 388, in process_url_induk
    logger.warning(f"Row {idx} missing data: kode={kode}, nama={nama}, url={full_url}")
Exception: Failed to setup driver
2025-10-26 21:56:29,571 - INFO - Retry attempt 170/300...
2025-10-26 21:56:44,572 - INFO - Setting up Chrome driver...
2025-10-26 21:56:44,573 - INFO - Using profile directory: C:\laragon\www\dapokalsel\chrome_profile
2025-10-26 21:56:44,574 - INFO - Initializing undetected Chrome driver...
2025-10-26 21:56:57,737 - INFO - patching driver executable C:\laragon\www\dapokalsel\sekolah\~\appdata\roaming\undetected_chromedriver\undetected_chromedriver.exe
2025-10-26 21:56:57,820 - ERROR - Failed to setup driver: Binary Location Must be a String
Traceback (most recent call last):
  File "C:\laragon\www\dapokalsel\sekolah\import_url_kabupaten.pyw", line 92, in setup_driver
    temp_dir = tempfile.gettempdir()
  File "C:\laragon\bin\python\python-3.10\lib\site-packages\undetected_chromedriver\__init__.py", line 372, in __init__
    options.binary_location = (
  File "C:\laragon\bin\python\python-3.10\lib\site-packages\selenium\webdriver\chromium\options.py", line 52, in binary_location
    raise TypeError(self.BINARY_LOCATION_ERROR)
TypeError: Binary Location Must be a String
2025-10-26 21:56:57,820 - ERROR - Error on attempt 170: Failed to setup driver
Traceback (most recent call last):
  File "C:\laragon\www\dapokalsel\sekolah\import_url_kabupaten.pyw", line 388, in process_url_induk
    logger.warning(f"Row {idx} missing data: kode={kode}, nama={nama}, url={full_url}")
Exception: Failed to setup driver
2025-10-26 21:56:57,820 - INFO - Retry attempt 171/300...
2025-10-26 21:57:12,820 - INFO - Setting up Chrome driver...
2025-10-26 21:57:12,820 - INFO - Using profile directory: C:\laragon\www\dapokalsel\chrome_profile
2025-10-26 21:57:12,820 - INFO - Initializing undetected Chrome driver...
2025-10-26 21:57:23,438 - INFO - patching driver executable C:\laragon\www\dapokalsel\sekolah\~\appdata\roaming\undetected_chromedriver\undetected_chromedriver.exe
2025-10-26 21:57:23,530 - ERROR - Failed to setup driver: Binary Location Must be a String
Traceback (most recent call last):
  File "C:\laragon\www\dapokalsel\sekolah\import_url_kabupaten.pyw", line 92, in setup_driver
    temp_dir = tempfile.gettempdir()
  File "C:\laragon\bin\python\python-3.10\lib\site-packages\undetected_chromedriver\__init__.py", line 372, in __init__
    options.binary_location = (
  File "C:\laragon\bin\python\python-3.10\lib\site-packages\selenium\webdriver\chromium\options.py", line 52, in binary_location
    raise TypeError(self.BINARY_LOCATION_ERROR)
TypeError: Binary Location Must be a String
2025-10-26 21:57:23,546 - ERROR - Error on attempt 171: Failed to setup driver
Traceback (most recent call last):
  File "C:\laragon\www\dapokalsel\sekolah\import_url_kabupaten.pyw", line 388, in process_url_induk
    logger.warning(f"Row {idx} missing data: kode={kode}, nama={nama}, url={full_url}")
Exception: Failed to setup driver
2025-10-26 21:57:23,546 - INFO - Retry attempt 172/300...
2025-10-26 21:57:38,549 - INFO - Setting up Chrome driver...
2025-10-26 21:57:38,550 - INFO - Using profile directory: C:\laragon\www\dapokalsel\chrome_profile
2025-10-26 21:57:38,550 - INFO - Initializing undetected Chrome driver...
2025-10-26 21:57:53,408 - INFO - patching driver executable C:\laragon\www\dapokalsel\sekolah\~\appdata\roaming\undetected_chromedriver\undetected_chromedriver.exe
2025-10-26 21:57:53,501 - ERROR - Failed to setup driver: Binary Location Must be a String
Traceback (most recent call last):
  File "C:\laragon\www\dapokalsel\sekolah\import_url_kabupaten.pyw", line 92, in setup_driver
    temp_dir = tempfile.gettempdir()
  File "C:\laragon\bin\python\python-3.10\lib\site-packages\undetected_chromedriver\__init__.py", line 372, in __init__
    options.binary_location = (
  File "C:\laragon\bin\python\python-3.10\lib\site-packages\selenium\webdriver\chromium\options.py", line 52, in binary_location
    raise TypeError(self.BINARY_LOCATION_ERROR)
TypeError: Binary Location Must be a String
2025-10-26 21:57:53,501 - ERROR - Error on attempt 172: Failed to setup driver
Traceback (most recent call last):
  File "C:\laragon\www\dapokalsel\sekolah\import_url_kabupaten.pyw", line 388, in process_url_induk
    logger.warning(f"Row {idx} missing data: kode={kode}, nama={nama}, url={full_url}")
Exception: Failed to setup driver
2025-10-26 21:57:53,501 - INFO - Retry attempt 173/300...
2025-10-26 21:58:08,514 - INFO - Setting up Chrome driver...
2025-10-26 21:58:08,514 - INFO - Using profile directory: C:\laragon\www\dapokalsel\chrome_profile
2025-10-26 21:58:08,515 - INFO - Initializing undetected Chrome driver...
2025-10-26 21:58:13,079 - ERROR - Failed to setup driver: [WinError 183] Cannot create a file when that file already exists: 'C:\\laragon\\www\\dapokalsel\\sekolah\\~\\appdata\\roaming\\undetected_chromedriver\\undetected\\chromedriver-win32\\chromedriver.exe' -> 'C:\\laragon\\www\\dapokalsel\\sekolah\\~\\appdata\\roaming\\undetected_chromedriver\\undetected_chromedriver.exe'
Traceback (most recent call last):
  File "C:\laragon\www\dapokalsel\sekolah\import_url_kabupaten.pyw", line 92, in setup_driver
    temp_dir = tempfile.gettempdir()
  File "C:\laragon\bin\python\python-3.10\lib\site-packages\undetected_chromedriver\__init__.py", line 258, in __init__
    self.patcher.auto()
  File "C:\laragon\bin\python\python-3.10\lib\site-packages\undetected_chromedriver\patcher.py", line 178, in auto
    self.unzip_package(self.fetch_package())
  File "C:\laragon\bin\python\python-3.10\lib\site-packages\undetected_chromedriver\patcher.py", line 310, in unzip_package
    os.rename(os.path.join(self.zip_path, exe_path), self.executable_path)
FileExistsError: [WinError 183] Cannot create a file when that file already exists: 'C:\\laragon\\www\\dapokalsel\\sekolah\\~\\appdata\\roaming\\undetected_chromedriver\\undetected\\chromedriver-win32\\chromedriver.exe' -> 'C:\\laragon\\www\\dapokalsel\\sekolah\\~\\appdata\\roaming\\undetected_chromedriver\\undetected_chromedriver.exe'
2025-10-26 21:58:13,079 - ERROR - Error on attempt 173: Failed to setup driver
Traceback (most recent call last):
  File "C:\laragon\www\dapokalsel\sekolah\import_url_kabupaten.pyw", line 388, in process_url_induk
    logger.warning(f"Row {idx} missing data: kode={kode}, nama={nama}, url={full_url}")
Exception: Failed to setup driver
2025-10-26 21:58:13,080 - INFO - Retry attempt 174/300...
2025-10-26 21:58:28,080 - INFO - Setting up Chrome driver...
2025-10-26 21:58:28,081 - INFO - Using profile directory: C:\laragon\www\dapokalsel\chrome_profile
2025-10-26 21:58:28,082 - INFO - Initializing undetected Chrome driver...
2025-10-26 21:58:40,648 - INFO - patching driver executable C:\laragon\www\dapokalsel\sekolah\~\appdata\roaming\undetected_chromedriver\undetected_chromedriver.exe
2025-10-26 21:58:40,791 - ERROR - Failed to setup driver: Binary Location Must be a String
Traceback (most recent call last):
  File "C:\laragon\www\dapokalsel\sekolah\import_url_kabupaten.pyw", line 92, in setup_driver
    temp_dir = tempfile.gettempdir()
  File "C:\laragon\bin\python\python-3.10\lib\site-packages\undetected_chromedriver\__init__.py", line 372, in __init__
    options.binary_location = (
  File "C:\laragon\bin\python\python-3.10\lib\site-packages\selenium\webdriver\chromium\options.py", line 52, in binary_location
    raise TypeError(self.BINARY_LOCATION_ERROR)
TypeError: Binary Location Must be a String
2025-10-26 21:58:40,792 - ERROR - Error on attempt 174: Failed to setup driver
Traceback (most recent call last):
  File "C:\laragon\www\dapokalsel\sekolah\import_url_kabupaten.pyw", line 388, in process_url_induk
    logger.warning(f"Row {idx} missing data: kode={kode}, nama={nama}, url={full_url}")
Exception: Failed to setup driver
2025-10-26 21:58:40,792 - INFO - Retry attempt 175/300...
2025-10-26 21:58:55,793 - INFO - Setting up Chrome driver...
2025-10-26 21:58:55,793 - INFO - Using profile directory: C:\laragon\www\dapokalsel\chrome_profile
2025-10-26 21:58:55,794 - INFO - Initializing undetected Chrome driver...
2025-10-26 21:59:10,630 - INFO - patching driver executable C:\laragon\www\dapokalsel\sekolah\~\appdata\roaming\undetected_chromedriver\undetected_chromedriver.exe
2025-10-26 21:59:10,713 - ERROR - Failed to setup driver: Binary Location Must be a String
Traceback (most recent call last):
  File "C:\laragon\www\dapokalsel\sekolah\import_url_kabupaten.pyw", line 92, in setup_driver
    temp_dir = tempfile.gettempdir()
  File "C:\laragon\bin\python\python-3.10\lib\site-packages\undetected_chromedriver\__init__.py", line 372, in __init__
    options.binary_location = (
  File "C:\laragon\bin\python\python-3.10\lib\site-packages\selenium\webdriver\chromium\options.py", line 52, in binary_location
    raise TypeError(self.BINARY_LOCATION_ERROR)
TypeError: Binary Location Must be a String
2025-10-26 21:59:10,728 - ERROR - Error on attempt 175: Failed to setup driver
Traceback (most recent call last):
  File "C:\laragon\www\dapokalsel\sekolah\import_url_kabupaten.pyw", line 388, in process_url_induk
    logger.warning(f"Row {idx} missing data: kode={kode}, nama={nama}, url={full_url}")
Exception: Failed to setup driver
2025-10-26 21:59:10,728 - INFO - Retry attempt 176/300...
2025-10-26 21:59:25,730 - INFO - Setting up Chrome driver...
2025-10-26 21:59:25,730 - INFO - Using profile directory: C:\laragon\www\dapokalsel\chrome_profile
2025-10-26 21:59:25,731 - INFO - Initializing undetected Chrome driver...
2025-10-26 21:59:33,745 - INFO - patching driver executable C:\laragon\www\dapokalsel\sekolah\~\appdata\roaming\undetected_chromedriver\undetected_chromedriver.exe
2025-10-26 21:59:33,845 - ERROR - Failed to setup driver: Binary Location Must be a String
Traceback (most recent call last):
  File "C:\laragon\www\dapokalsel\sekolah\import_url_kabupaten.pyw", line 92, in setup_driver
    temp_dir = tempfile.gettempdir()
  File "C:\laragon\bin\python\python-3.10\lib\site-packages\undetected_chromedriver\__init__.py", line 372, in __init__
    options.binary_location = (
  File "C:\laragon\bin\python\python-3.10\lib\site-packages\selenium\webdriver\chromium\options.py", line 52, in binary_location
    raise TypeError(self.BINARY_LOCATION_ERROR)
TypeError: Binary Location Must be a String
2025-10-26 21:59:33,845 - ERROR - Error on attempt 176: Failed to setup driver
Traceback (most recent call last):
  File "C:\laragon\www\dapokalsel\sekolah\import_url_kabupaten.pyw", line 388, in process_url_induk
    logger.warning(f"Row {idx} missing data: kode={kode}, nama={nama}, url={full_url}")
Exception: Failed to setup driver
2025-10-26 21:59:33,845 - INFO - Retry attempt 177/300...
2025-10-26 21:59:48,846 - INFO - Setting up Chrome driver...
2025-10-26 21:59:48,847 - INFO - Using profile directory: C:\laragon\www\dapokalsel\chrome_profile
2025-10-26 21:59:48,847 - INFO - Initializing undetected Chrome driver...
2025-10-26 21:59:54,794 - INFO - patching driver executable C:\laragon\www\dapokalsel\sekolah\~\appdata\roaming\undetected_chromedriver\undetected_chromedriver.exe
2025-10-26 21:59:54,894 - ERROR - Failed to setup driver: Binary Location Must be a String
Traceback (most recent call last):
  File "C:\laragon\www\dapokalsel\sekolah\import_url_kabupaten.pyw", line 92, in setup_driver
    temp_dir = tempfile.gettempdir()
  File "C:\laragon\bin\python\python-3.10\lib\site-packages\undetected_chromedriver\__init__.py", line 372, in __init__
    options.binary_location = (
  File "C:\laragon\bin\python\python-3.10\lib\site-packages\selenium\webdriver\chromium\options.py", line 52, in binary_location
    raise TypeError(self.BINARY_LOCATION_ERROR)
TypeError: Binary Location Must be a String
2025-10-26 21:59:54,894 - ERROR - Error on attempt 177: Failed to setup driver
Traceback (most recent call last):
  File "C:\laragon\www\dapokalsel\sekolah\import_url_kabupaten.pyw", line 388, in process_url_induk
    logger.warning(f"Row {idx} missing data: kode={kode}, nama={nama}, url={full_url}")
Exception: Failed to setup driver
2025-10-26 21:59:54,894 - INFO - Retry attempt 178/300...
2025-10-26 22:00:09,908 - INFO - Setting up Chrome driver...
2025-10-26 22:00:09,908 - INFO - Using profile directory: C:\laragon\www\dapokalsel\chrome_profile
2025-10-26 22:00:09,909 - INFO - Initializing undetected Chrome driver...
2025-10-26 22:00:17,108 - INFO - patching driver executable C:\laragon\www\dapokalsel\sekolah\~\appdata\roaming\undetected_chromedriver\undetected_chromedriver.exe
2025-10-26 22:00:17,206 - ERROR - Failed to setup driver: Binary Location Must be a String
Traceback (most recent call last):
  File "C:\laragon\www\dapokalsel\sekolah\import_url_kabupaten.pyw", line 92, in setup_driver
    temp_dir = tempfile.gettempdir()
  File "C:\laragon\bin\python\python-3.10\lib\site-packages\undetected_chromedriver\__init__.py", line 372, in __init__
    options.binary_location = (
  File "C:\laragon\bin\python\python-3.10\lib\site-packages\selenium\webdriver\chromium\options.py", line 52, in binary_location
    raise TypeError(self.BINARY_LOCATION_ERROR)
TypeError: Binary Location Must be a String
2025-10-26 22:00:17,206 - ERROR - Error on attempt 178: Failed to setup driver
Traceback (most recent call last):
  File "C:\laragon\www\dapokalsel\sekolah\import_url_kabupaten.pyw", line 388, in process_url_induk
    logger.warning(f"Row {idx} missing data: kode={kode}, nama={nama}, url={full_url}")
Exception: Failed to setup driver
2025-10-26 22:00:17,206 - INFO - Retry attempt 179/300...
2025-10-26 22:00:32,206 - INFO - Setting up Chrome driver...
2025-10-26 22:00:32,210 - INFO - Using profile directory: C:\laragon\www\dapokalsel\chrome_profile
2025-10-26 22:00:32,211 - INFO - Initializing undetected Chrome driver...
2025-10-26 22:00:42,541 - ERROR - Failed to setup driver: [WinError 183] Cannot create a file when that file already exists: 'C:\\laragon\\www\\dapokalsel\\sekolah\\~\\appdata\\roaming\\undetected_chromedriver\\undetected\\chromedriver-win32\\chromedriver.exe' -> 'C:\\laragon\\www\\dapokalsel\\sekolah\\~\\appdata\\roaming\\undetected_chromedriver\\undetected_chromedriver.exe'
Traceback (most recent call last):
  File "C:\laragon\www\dapokalsel\sekolah\import_url_kabupaten.pyw", line 92, in setup_driver
    temp_dir = tempfile.gettempdir()
  File "C:\laragon\bin\python\python-3.10\lib\site-packages\undetected_chromedriver\__init__.py", line 258, in __init__
    self.patcher.auto()
  File "C:\laragon\bin\python\python-3.10\lib\site-packages\undetected_chromedriver\patcher.py", line 178, in auto
    self.unzip_package(self.fetch_package())
  File "C:\laragon\bin\python\python-3.10\lib\site-packages\undetected_chromedriver\patcher.py", line 310, in unzip_package
    os.rename(os.path.join(self.zip_path, exe_path), self.executable_path)
FileExistsError: [WinError 183] Cannot create a file when that file already exists: 'C:\\laragon\\www\\dapokalsel\\sekolah\\~\\appdata\\roaming\\undetected_chromedriver\\undetected\\chromedriver-win32\\chromedriver.exe' -> 'C:\\laragon\\www\\dapokalsel\\sekolah\\~\\appdata\\roaming\\undetected_chromedriver\\undetected_chromedriver.exe'
2025-10-26 22:00:42,541 - ERROR - Error on attempt 179: Failed to setup driver
Traceback (most recent call last):
  File "C:\laragon\www\dapokalsel\sekolah\import_url_kabupaten.pyw", line 388, in process_url_induk
    logger.warning(f"Row {idx} missing data: kode={kode}, nama={nama}, url={full_url}")
Exception: Failed to setup driver
2025-10-26 22:00:42,541 - INFO - Retry attempt 180/300...
2025-10-26 22:00:57,542 - INFO - Setting up Chrome driver...
2025-10-26 22:00:57,542 - INFO - Using profile directory: C:\laragon\www\dapokalsel\chrome_profile
2025-10-26 22:00:57,542 - INFO - Initializing undetected Chrome driver...
2025-10-26 22:01:02,759 - INFO - patching driver executable C:\laragon\www\dapokalsel\sekolah\~\appdata\roaming\undetected_chromedriver\undetected_chromedriver.exe
2025-10-26 22:01:02,844 - ERROR - Failed to setup driver: Binary Location Must be a String
Traceback (most recent call last):
  File "C:\laragon\www\dapokalsel\sekolah\import_url_kabupaten.pyw", line 92, in setup_driver
    temp_dir = tempfile.gettempdir()
  File "C:\laragon\bin\python\python-3.10\lib\site-packages\undetected_chromedriver\__init__.py", line 372, in __init__
    options.binary_location = (
  File "C:\laragon\bin\python\python-3.10\lib\site-packages\selenium\webdriver\chromium\options.py", line 52, in binary_location
    raise TypeError(self.BINARY_LOCATION_ERROR)
TypeError: Binary Location Must be a String
2025-10-26 22:01:02,845 - ERROR - Error on attempt 180: Failed to setup driver
Traceback (most recent call last):
  File "C:\laragon\www\dapokalsel\sekolah\import_url_kabupaten.pyw", line 388, in process_url_induk
    logger.warning(f"Row {idx} missing data: kode={kode}, nama={nama}, url={full_url}")
Exception: Failed to setup driver
2025-10-26 22:01:02,845 - INFO - Retry attempt 181/300...
2025-10-26 22:01:17,846 - INFO - Setting up Chrome driver...
2025-10-26 22:01:17,847 - INFO - Using profile directory: C:\laragon\www\dapokalsel\chrome_profile
2025-10-26 22:01:17,847 - INFO - Initializing undetected Chrome driver...
2025-10-26 22:01:40,021 - ERROR - Failed to setup driver: [WinError 183] Cannot create a file when that file already exists: 'C:\\laragon\\www\\dapokalsel\\sekolah\\~\\appdata\\roaming\\undetected_chromedriver\\undetected\\chromedriver-win32\\chromedriver.exe' -> 'C:\\laragon\\www\\dapokalsel\\sekolah\\~\\appdata\\roaming\\undetected_chromedriver\\undetected_chromedriver.exe'
Traceback (most recent call last):
  File "C:\laragon\www\dapokalsel\sekolah\import_url_kabupaten.pyw", line 92, in setup_driver
    temp_dir = tempfile.gettempdir()
  File "C:\laragon\bin\python\python-3.10\lib\site-packages\undetected_chromedriver\__init__.py", line 258, in __init__
    self.patcher.auto()
  File "C:\laragon\bin\python\python-3.10\lib\site-packages\undetected_chromedriver\patcher.py", line 178, in auto
    self.unzip_package(self.fetch_package())
  File "C:\laragon\bin\python\python-3.10\lib\site-packages\undetected_chromedriver\patcher.py", line 310, in unzip_package
    os.rename(os.path.join(self.zip_path, exe_path), self.executable_path)
FileExistsError: [WinError 183] Cannot create a file when that file already exists: 'C:\\laragon\\www\\dapokalsel\\sekolah\\~\\appdata\\roaming\\undetected_chromedriver\\undetected\\chromedriver-win32\\chromedriver.exe' -> 'C:\\laragon\\www\\dapokalsel\\sekolah\\~\\appdata\\roaming\\undetected_chromedriver\\undetected_chromedriver.exe'
2025-10-26 22:01:40,021 - ERROR - Error on attempt 181: Failed to setup driver
Traceback (most recent call last):
  File "C:\laragon\www\dapokalsel\sekolah\import_url_kabupaten.pyw", line 388, in process_url_induk
    logger.warning(f"Row {idx} missing data: kode={kode}, nama={nama}, url={full_url}")
Exception: Failed to setup driver
2025-10-26 22:01:40,021 - INFO - Retry attempt 182/300...
2025-10-26 22:01:55,021 - INFO - Setting up Chrome driver...
2025-10-26 22:01:55,023 - INFO - Using profile directory: C:\laragon\www\dapokalsel\chrome_profile
2025-10-26 22:01:55,024 - INFO - Initializing undetected Chrome driver...
2025-10-26 22:02:10,058 - INFO - patching driver executable C:\laragon\www\dapokalsel\sekolah\~\appdata\roaming\undetected_chromedriver\undetected_chromedriver.exe
2025-10-26 22:02:10,154 - ERROR - Failed to setup driver: Binary Location Must be a String
Traceback (most recent call last):
  File "C:\laragon\www\dapokalsel\sekolah\import_url_kabupaten.pyw", line 92, in setup_driver
    temp_dir = tempfile.gettempdir()
  File "C:\laragon\bin\python\python-3.10\lib\site-packages\undetected_chromedriver\__init__.py", line 372, in __init__
    options.binary_location = (
  File "C:\laragon\bin\python\python-3.10\lib\site-packages\selenium\webdriver\chromium\options.py", line 52, in binary_location
    raise TypeError(self.BINARY_LOCATION_ERROR)
TypeError: Binary Location Must be a String
2025-10-26 22:02:10,154 - ERROR - Error on attempt 182: Failed to setup driver
Traceback (most recent call last):
  File "C:\laragon\www\dapokalsel\sekolah\import_url_kabupaten.pyw", line 388, in process_url_induk
    logger.warning(f"Row {idx} missing data: kode={kode}, nama={nama}, url={full_url}")
Exception: Failed to setup driver
2025-10-26 22:02:10,154 - INFO - Retry attempt 183/300...
2025-10-26 22:02:25,155 - INFO - Setting up Chrome driver...
2025-10-26 22:02:25,159 - INFO - Using profile directory: C:\laragon\www\dapokalsel\chrome_profile
2025-10-26 22:02:25,160 - INFO - Initializing undetected Chrome driver...
2025-10-26 22:02:36,665 - ERROR - Failed to setup driver: [WinError 183] Cannot create a file when that file already exists: 'C:\\laragon\\www\\dapokalsel\\sekolah\\~\\appdata\\roaming\\undetected_chromedriver\\undetected\\chromedriver-win32\\chromedriver.exe' -> 'C:\\laragon\\www\\dapokalsel\\sekolah\\~\\appdata\\roaming\\undetected_chromedriver\\undetected_chromedriver.exe'
Traceback (most recent call last):
  File "C:\laragon\www\dapokalsel\sekolah\import_url_kabupaten.pyw", line 92, in setup_driver
    temp_dir = tempfile.gettempdir()
  File "C:\laragon\bin\python\python-3.10\lib\site-packages\undetected_chromedriver\__init__.py", line 258, in __init__
    self.patcher.auto()
  File "C:\laragon\bin\python\python-3.10\lib\site-packages\undetected_chromedriver\patcher.py", line 178, in auto
    self.unzip_package(self.fetch_package())
  File "C:\laragon\bin\python\python-3.10\lib\site-packages\undetected_chromedriver\patcher.py", line 310, in unzip_package
    os.rename(os.path.join(self.zip_path, exe_path), self.executable_path)
FileExistsError: [WinError 183] Cannot create a file when that file already exists: 'C:\\laragon\\www\\dapokalsel\\sekolah\\~\\appdata\\roaming\\undetected_chromedriver\\undetected\\chromedriver-win32\\chromedriver.exe' -> 'C:\\laragon\\www\\dapokalsel\\sekolah\\~\\appdata\\roaming\\undetected_chromedriver\\undetected_chromedriver.exe'
2025-10-26 22:02:36,666 - ERROR - Error on attempt 183: Failed to setup driver
Traceback (most recent call last):
  File "C:\laragon\www\dapokalsel\sekolah\import_url_kabupaten.pyw", line 388, in process_url_induk
    logger.warning(f"Row {idx} missing data: kode={kode}, nama={nama}, url={full_url}")
Exception: Failed to setup driver
2025-10-26 22:02:36,667 - INFO - Retry attempt 184/300...
2025-10-26 22:02:51,676 - INFO - Setting up Chrome driver...
2025-10-26 22:02:51,676 - INFO - Using profile directory: C:\laragon\www\dapokalsel\chrome_profile
2025-10-26 22:02:51,676 - INFO - Initializing undetected Chrome driver...
2025-10-26 22:03:01,820 - INFO - patching driver executable C:\laragon\www\dapokalsel\sekolah\~\appdata\roaming\undetected_chromedriver\undetected_chromedriver.exe
2025-10-26 22:03:01,936 - ERROR - Failed to setup driver: Binary Location Must be a String
Traceback (most recent call last):
  File "C:\laragon\www\dapokalsel\sekolah\import_url_kabupaten.pyw", line 92, in setup_driver
    temp_dir = tempfile.gettempdir()
  File "C:\laragon\bin\python\python-3.10\lib\site-packages\undetected_chromedriver\__init__.py", line 372, in __init__
    options.binary_location = (
  File "C:\laragon\bin\python\python-3.10\lib\site-packages\selenium\webdriver\chromium\options.py", line 52, in binary_location
    raise TypeError(self.BINARY_LOCATION_ERROR)
TypeError: Binary Location Must be a String
2025-10-26 22:03:01,937 - ERROR - Error on attempt 184: Failed to setup driver
Traceback (most recent call last):
  File "C:\laragon\www\dapokalsel\sekolah\import_url_kabupaten.pyw", line 388, in process_url_induk
    logger.warning(f"Row {idx} missing data: kode={kode}, nama={nama}, url={full_url}")
Exception: Failed to setup driver
2025-10-26 22:03:01,937 - INFO - Retry attempt 185/300...
2025-10-26 22:03:16,938 - INFO - Setting up Chrome driver...
2025-10-26 22:03:16,938 - INFO - Using profile directory: C:\laragon\www\dapokalsel\chrome_profile
2025-10-26 22:03:16,938 - INFO - Initializing undetected Chrome driver...
2025-10-26 22:03:26,299 - INFO - patching driver executable C:\laragon\www\dapokalsel\sekolah\~\appdata\roaming\undetected_chromedriver\undetected_chromedriver.exe
2025-10-26 22:03:26,482 - ERROR - Failed to setup driver: Binary Location Must be a String
Traceback (most recent call last):
  File "C:\laragon\www\dapokalsel\sekolah\import_url_kabupaten.pyw", line 92, in setup_driver
    temp_dir = tempfile.gettempdir()
  File "C:\laragon\bin\python\python-3.10\lib\site-packages\undetected_chromedriver\__init__.py", line 372, in __init__
    options.binary_location = (
  File "C:\laragon\bin\python\python-3.10\lib\site-packages\selenium\webdriver\chromium\options.py", line 52, in binary_location
    raise TypeError(self.BINARY_LOCATION_ERROR)
TypeError: Binary Location Must be a String
2025-10-26 22:03:26,482 - ERROR - Error on attempt 185: Failed to setup driver
Traceback (most recent call last):
  File "C:\laragon\www\dapokalsel\sekolah\import_url_kabupaten.pyw", line 388, in process_url_induk
    logger.warning(f"Row {idx} missing data: kode={kode}, nama={nama}, url={full_url}")
Exception: Failed to setup driver
2025-10-26 22:03:26,482 - INFO - Retry attempt 186/300...
2025-10-26 22:03:41,491 - INFO - Setting up Chrome driver...
2025-10-26 22:03:41,491 - INFO - Using profile directory: C:\laragon\www\dapokalsel\chrome_profile
2025-10-26 22:03:41,491 - INFO - Initializing undetected Chrome driver...
2025-10-26 22:03:45,861 - INFO - patching driver executable C:\laragon\www\dapokalsel\sekolah\~\appdata\roaming\undetected_chromedriver\undetected_chromedriver.exe
2025-10-26 22:03:45,946 - ERROR - Failed to setup driver: Binary Location Must be a String
Traceback (most recent call last):
  File "C:\laragon\www\dapokalsel\sekolah\import_url_kabupaten.pyw", line 92, in setup_driver
    temp_dir = tempfile.gettempdir()
  File "C:\laragon\bin\python\python-3.10\lib\site-packages\undetected_chromedriver\__init__.py", line 372, in __init__
    options.binary_location = (
  File "C:\laragon\bin\python\python-3.10\lib\site-packages\selenium\webdriver\chromium\options.py", line 52, in binary_location
    raise TypeError(self.BINARY_LOCATION_ERROR)
TypeError: Binary Location Must be a String
2025-10-26 22:03:45,948 - ERROR - Error on attempt 186: Failed to setup driver
Traceback (most recent call last):
  File "C:\laragon\www\dapokalsel\sekolah\import_url_kabupaten.pyw", line 388, in process_url_induk
    logger.warning(f"Row {idx} missing data: kode={kode}, nama={nama}, url={full_url}")
Exception: Failed to setup driver
2025-10-26 22:03:45,948 - INFO - Retry attempt 187/300...
2025-10-26 22:04:00,949 - INFO - Setting up Chrome driver...
2025-10-26 22:04:00,950 - INFO - Using profile directory: C:\laragon\www\dapokalsel\chrome_profile
2025-10-26 22:04:00,951 - INFO - Initializing undetected Chrome driver...
2025-10-26 22:04:09,113 - INFO - patching driver executable C:\laragon\www\dapokalsel\sekolah\~\appdata\roaming\undetected_chromedriver\undetected_chromedriver.exe
2025-10-26 22:04:09,396 - ERROR - Failed to setup driver: Binary Location Must be a String
Traceback (most recent call last):
  File "C:\laragon\www\dapokalsel\sekolah\import_url_kabupaten.pyw", line 92, in setup_driver
    temp_dir = tempfile.gettempdir()
  File "C:\laragon\bin\python\python-3.10\lib\site-packages\undetected_chromedriver\__init__.py", line 372, in __init__
    options.binary_location = (
  File "C:\laragon\bin\python\python-3.10\lib\site-packages\selenium\webdriver\chromium\options.py", line 52, in binary_location
    raise TypeError(self.BINARY_LOCATION_ERROR)
TypeError: Binary Location Must be a String
2025-10-26 22:04:09,396 - ERROR - Error on attempt 187: Failed to setup driver
Traceback (most recent call last):
  File "C:\laragon\www\dapokalsel\sekolah\import_url_kabupaten.pyw", line 388, in process_url_induk
    logger.warning(f"Row {idx} missing data: kode={kode}, nama={nama}, url={full_url}")
Exception: Failed to setup driver
2025-10-26 22:04:09,396 - INFO - Retry attempt 188/300...
2025-10-26 22:04:24,397 - INFO - Setting up Chrome driver...
2025-10-26 22:04:24,397 - INFO - Using profile directory: C:\laragon\www\dapokalsel\chrome_profile
2025-10-26 22:04:24,397 - INFO - Initializing undetected Chrome driver...
2025-10-26 22:04:36,911 - ERROR - Failed to setup driver: [WinError 183] Cannot create a file when that file already exists: 'C:\\laragon\\www\\dapokalsel\\sekolah\\~\\appdata\\roaming\\undetected_chromedriver\\undetected\\chromedriver-win32\\chromedriver.exe' -> 'C:\\laragon\\www\\dapokalsel\\sekolah\\~\\appdata\\roaming\\undetected_chromedriver\\undetected_chromedriver.exe'
Traceback (most recent call last):
  File "C:\laragon\www\dapokalsel\sekolah\import_url_kabupaten.pyw", line 92, in setup_driver
    temp_dir = tempfile.gettempdir()
  File "C:\laragon\bin\python\python-3.10\lib\site-packages\undetected_chromedriver\__init__.py", line 258, in __init__
    self.patcher.auto()
  File "C:\laragon\bin\python\python-3.10\lib\site-packages\undetected_chromedriver\patcher.py", line 178, in auto
    self.unzip_package(self.fetch_package())
  File "C:\laragon\bin\python\python-3.10\lib\site-packages\undetected_chromedriver\patcher.py", line 310, in unzip_package
    os.rename(os.path.join(self.zip_path, exe_path), self.executable_path)
FileExistsError: [WinError 183] Cannot create a file when that file already exists: 'C:\\laragon\\www\\dapokalsel\\sekolah\\~\\appdata\\roaming\\undetected_chromedriver\\undetected\\chromedriver-win32\\chromedriver.exe' -> 'C:\\laragon\\www\\dapokalsel\\sekolah\\~\\appdata\\roaming\\undetected_chromedriver\\undetected_chromedriver.exe'
2025-10-26 22:04:36,911 - ERROR - Error on attempt 188: Failed to setup driver
Traceback (most recent call last):
  File "C:\laragon\www\dapokalsel\sekolah\import_url_kabupaten.pyw", line 388, in process_url_induk
    logger.warning(f"Row {idx} missing data: kode={kode}, nama={nama}, url={full_url}")
Exception: Failed to setup driver
2025-10-26 22:04:36,911 - INFO - Retry attempt 189/300...
2025-10-26 22:04:51,914 - INFO - Setting up Chrome driver...
2025-10-26 22:04:51,914 - INFO - Using profile directory: C:\laragon\www\dapokalsel\chrome_profile
2025-10-26 22:04:51,914 - INFO - Initializing undetected Chrome driver...
2025-10-26 22:05:05,640 - ERROR - Failed to setup driver: [WinError 183] Cannot create a file when that file already exists: 'C:\\laragon\\www\\dapokalsel\\sekolah\\~\\appdata\\roaming\\undetected_chromedriver\\undetected\\chromedriver-win32\\chromedriver.exe' -> 'C:\\laragon\\www\\dapokalsel\\sekolah\\~\\appdata\\roaming\\undetected_chromedriver\\undetected_chromedriver.exe'
Traceback (most recent call last):
  File "C:\laragon\www\dapokalsel\sekolah\import_url_kabupaten.pyw", line 92, in setup_driver
    temp_dir = tempfile.gettempdir()
  File "C:\laragon\bin\python\python-3.10\lib\site-packages\undetected_chromedriver\__init__.py", line 258, in __init__
    self.patcher.auto()
  File "C:\laragon\bin\python\python-3.10\lib\site-packages\undetected_chromedriver\patcher.py", line 178, in auto
    self.unzip_package(self.fetch_package())
  File "C:\laragon\bin\python\python-3.10\lib\site-packages\undetected_chromedriver\patcher.py", line 310, in unzip_package
    os.rename(os.path.join(self.zip_path, exe_path), self.executable_path)
FileExistsError: [WinError 183] Cannot create a file when that file already exists: 'C:\\laragon\\www\\dapokalsel\\sekolah\\~\\appdata\\roaming\\undetected_chromedriver\\undetected\\chromedriver-win32\\chromedriver.exe' -> 'C:\\laragon\\www\\dapokalsel\\sekolah\\~\\appdata\\roaming\\undetected_chromedriver\\undetected_chromedriver.exe'
2025-10-26 22:05:05,640 - ERROR - Error on attempt 189: Failed to setup driver
Traceback (most recent call last):
  File "C:\laragon\www\dapokalsel\sekolah\import_url_kabupaten.pyw", line 388, in process_url_induk
    logger.warning(f"Row {idx} missing data: kode={kode}, nama={nama}, url={full_url}")
Exception: Failed to setup driver
2025-10-26 22:05:05,640 - INFO - Retry attempt 190/300...
2025-10-26 22:05:20,641 - INFO - Setting up Chrome driver...
2025-10-26 22:05:20,641 - INFO - Using profile directory: C:\laragon\www\dapokalsel\chrome_profile
2025-10-26 22:05:20,642 - INFO - Initializing undetected Chrome driver...
2025-10-26 22:05:30,410 - INFO - patching driver executable C:\laragon\www\dapokalsel\sekolah\~\appdata\roaming\undetected_chromedriver\undetected_chromedriver.exe
2025-10-26 22:05:30,526 - ERROR - Failed to setup driver: Binary Location Must be a String
Traceback (most recent call last):
  File "C:\laragon\www\dapokalsel\sekolah\import_url_kabupaten.pyw", line 92, in setup_driver
    temp_dir = tempfile.gettempdir()
  File "C:\laragon\bin\python\python-3.10\lib\site-packages\undetected_chromedriver\__init__.py", line 372, in __init__
    options.binary_location = (
  File "C:\laragon\bin\python\python-3.10\lib\site-packages\selenium\webdriver\chromium\options.py", line 52, in binary_location
    raise TypeError(self.BINARY_LOCATION_ERROR)
TypeError: Binary Location Must be a String
2025-10-26 22:05:30,542 - ERROR - Error on attempt 190: Failed to setup driver
Traceback (most recent call last):
  File "C:\laragon\www\dapokalsel\sekolah\import_url_kabupaten.pyw", line 388, in process_url_induk
    logger.warning(f"Row {idx} missing data: kode={kode}, nama={nama}, url={full_url}")
Exception: Failed to setup driver
2025-10-26 22:05:30,543 - INFO - Retry attempt 191/300...
2025-10-26 22:05:45,548 - INFO - Setting up Chrome driver...
2025-10-26 22:05:45,548 - INFO - Using profile directory: C:\laragon\www\dapokalsel\chrome_profile
2025-10-26 22:05:45,548 - INFO - Initializing undetected Chrome driver...
2025-10-26 22:05:55,989 - ERROR - Failed to setup driver: [WinError 183] Cannot create a file when that file already exists: 'C:\\laragon\\www\\dapokalsel\\sekolah\\~\\appdata\\roaming\\undetected_chromedriver\\undetected\\chromedriver-win32\\chromedriver.exe' -> 'C:\\laragon\\www\\dapokalsel\\sekolah\\~\\appdata\\roaming\\undetected_chromedriver\\undetected_chromedriver.exe'
Traceback (most recent call last):
  File "C:\laragon\www\dapokalsel\sekolah\import_url_kabupaten.pyw", line 92, in setup_driver
    temp_dir = tempfile.gettempdir()
  File "C:\laragon\bin\python\python-3.10\lib\site-packages\undetected_chromedriver\__init__.py", line 258, in __init__
    self.patcher.auto()
  File "C:\laragon\bin\python\python-3.10\lib\site-packages\undetected_chromedriver\patcher.py", line 178, in auto
    self.unzip_package(self.fetch_package())
  File "C:\laragon\bin\python\python-3.10\lib\site-packages\undetected_chromedriver\patcher.py", line 310, in unzip_package
    os.rename(os.path.join(self.zip_path, exe_path), self.executable_path)
FileExistsError: [WinError 183] Cannot create a file when that file already exists: 'C:\\laragon\\www\\dapokalsel\\sekolah\\~\\appdata\\roaming\\undetected_chromedriver\\undetected\\chromedriver-win32\\chromedriver.exe' -> 'C:\\laragon\\www\\dapokalsel\\sekolah\\~\\appdata\\roaming\\undetected_chromedriver\\undetected_chromedriver.exe'
2025-10-26 22:05:55,989 - ERROR - Error on attempt 191: Failed to setup driver
Traceback (most recent call last):
  File "C:\laragon\www\dapokalsel\sekolah\import_url_kabupaten.pyw", line 388, in process_url_induk
    logger.warning(f"Row {idx} missing data: kode={kode}, nama={nama}, url={full_url}")
Exception: Failed to setup driver
2025-10-26 22:05:55,990 - INFO - Retry attempt 192/300...
2025-10-26 22:06:11,004 - INFO - Setting up Chrome driver...
2025-10-26 22:06:11,005 - INFO - Using profile directory: C:\laragon\www\dapokalsel\chrome_profile
2025-10-26 22:06:11,006 - INFO - Initializing undetected Chrome driver...
2025-10-26 22:06:20,540 - ERROR - Failed to setup driver: [WinError 183] Cannot create a file when that file already exists: 'C:\\laragon\\www\\dapokalsel\\sekolah\\~\\appdata\\roaming\\undetected_chromedriver\\undetected\\chromedriver-win32\\chromedriver.exe' -> 'C:\\laragon\\www\\dapokalsel\\sekolah\\~\\appdata\\roaming\\undetected_chromedriver\\undetected_chromedriver.exe'
Traceback (most recent call last):
  File "C:\laragon\www\dapokalsel\sekolah\import_url_kabupaten.pyw", line 92, in setup_driver
    temp_dir = tempfile.gettempdir()
  File "C:\laragon\bin\python\python-3.10\lib\site-packages\undetected_chromedriver\__init__.py", line 258, in __init__
    self.patcher.auto()
  File "C:\laragon\bin\python\python-3.10\lib\site-packages\undetected_chromedriver\patcher.py", line 178, in auto
    self.unzip_package(self.fetch_package())
  File "C:\laragon\bin\python\python-3.10\lib\site-packages\undetected_chromedriver\patcher.py", line 310, in unzip_package
    os.rename(os.path.join(self.zip_path, exe_path), self.executable_path)
FileExistsError: [WinError 183] Cannot create a file when that file already exists: 'C:\\laragon\\www\\dapokalsel\\sekolah\\~\\appdata\\roaming\\undetected_chromedriver\\undetected\\chromedriver-win32\\chromedriver.exe' -> 'C:\\laragon\\www\\dapokalsel\\sekolah\\~\\appdata\\roaming\\undetected_chromedriver\\undetected_chromedriver.exe'
2025-10-26 22:06:20,540 - ERROR - Error on attempt 192: Failed to setup driver
Traceback (most recent call last):
  File "C:\laragon\www\dapokalsel\sekolah\import_url_kabupaten.pyw", line 388, in process_url_induk
    logger.warning(f"Row {idx} missing data: kode={kode}, nama={nama}, url={full_url}")
Exception: Failed to setup driver
2025-10-26 22:06:20,540 - INFO - Retry attempt 193/300...
2025-10-26 22:06:35,547 - INFO - Setting up Chrome driver...
2025-10-26 22:06:35,547 - INFO - Using profile directory: C:\laragon\www\dapokalsel\chrome_profile
2025-10-26 22:06:35,547 - INFO - Initializing undetected Chrome driver...
2025-10-26 22:06:55,782 - INFO - patching driver executable C:\laragon\www\dapokalsel\sekolah\~\appdata\roaming\undetected_chromedriver\undetected_chromedriver.exe
2025-10-26 22:06:55,888 - ERROR - Failed to setup driver: Binary Location Must be a String
Traceback (most recent call last):
  File "C:\laragon\www\dapokalsel\sekolah\import_url_kabupaten.pyw", line 92, in setup_driver
    temp_dir = tempfile.gettempdir()
  File "C:\laragon\bin\python\python-3.10\lib\site-packages\undetected_chromedriver\__init__.py", line 372, in __init__
    options.binary_location = (
  File "C:\laragon\bin\python\python-3.10\lib\site-packages\selenium\webdriver\chromium\options.py", line 52, in binary_location
    raise TypeError(self.BINARY_LOCATION_ERROR)
TypeError: Binary Location Must be a String
2025-10-26 22:06:55,888 - ERROR - Error on attempt 193: Failed to setup driver
Traceback (most recent call last):
  File "C:\laragon\www\dapokalsel\sekolah\import_url_kabupaten.pyw", line 388, in process_url_induk
    logger.warning(f"Row {idx} missing data: kode={kode}, nama={nama}, url={full_url}")
Exception: Failed to setup driver
2025-10-26 22:06:55,888 - INFO - Retry attempt 194/300...
2025-10-26 22:07:10,889 - INFO - Setting up Chrome driver...
2025-10-26 22:07:10,889 - INFO - Using profile directory: C:\laragon\www\dapokalsel\chrome_profile
2025-10-26 22:07:10,889 - INFO - Initializing undetected Chrome driver...
2025-10-26 22:07:18,602 - INFO - patching driver executable C:\laragon\www\dapokalsel\sekolah\~\appdata\roaming\undetected_chromedriver\undetected_chromedriver.exe
2025-10-26 22:07:18,703 - ERROR - Failed to setup driver: Binary Location Must be a String
Traceback (most recent call last):
  File "C:\laragon\www\dapokalsel\sekolah\import_url_kabupaten.pyw", line 92, in setup_driver
    temp_dir = tempfile.gettempdir()
  File "C:\laragon\bin\python\python-3.10\lib\site-packages\undetected_chromedriver\__init__.py", line 372, in __init__
    options.binary_location = (
  File "C:\laragon\bin\python\python-3.10\lib\site-packages\selenium\webdriver\chromium\options.py", line 52, in binary_location
    raise TypeError(self.BINARY_LOCATION_ERROR)
TypeError: Binary Location Must be a String
2025-10-26 22:07:18,703 - ERROR - Error on attempt 194: Failed to setup driver
Traceback (most recent call last):
  File "C:\laragon\www\dapokalsel\sekolah\import_url_kabupaten.pyw", line 388, in process_url_induk
    logger.warning(f"Row {idx} missing data: kode={kode}, nama={nama}, url={full_url}")
Exception: Failed to setup driver
2025-10-26 22:07:18,703 - INFO - Retry attempt 195/300...
2025-10-26 22:07:33,712 - INFO - Setting up Chrome driver...
2025-10-26 22:07:33,713 - INFO - Using profile directory: C:\laragon\www\dapokalsel\chrome_profile
2025-10-26 22:07:33,713 - INFO - Initializing undetected Chrome driver...
2025-10-26 22:07:43,156 - INFO - patching driver executable C:\laragon\www\dapokalsel\sekolah\~\appdata\roaming\undetected_chromedriver\undetected_chromedriver.exe
2025-10-26 22:07:43,267 - ERROR - Failed to setup driver: Binary Location Must be a String
Traceback (most recent call last):
  File "C:\laragon\www\dapokalsel\sekolah\import_url_kabupaten.pyw", line 92, in setup_driver
    temp_dir = tempfile.gettempdir()
  File "C:\laragon\bin\python\python-3.10\lib\site-packages\undetected_chromedriver\__init__.py", line 372, in __init__
    options.binary_location = (
  File "C:\laragon\bin\python\python-3.10\lib\site-packages\selenium\webdriver\chromium\options.py", line 52, in binary_location
    raise TypeError(self.BINARY_LOCATION_ERROR)
TypeError: Binary Location Must be a String
2025-10-26 22:07:43,267 - ERROR - Error on attempt 195: Failed to setup driver
Traceback (most recent call last):
  File "C:\laragon\www\dapokalsel\sekolah\import_url_kabupaten.pyw", line 388, in process_url_induk
    logger.warning(f"Row {idx} missing data: kode={kode}, nama={nama}, url={full_url}")
Exception: Failed to setup driver
2025-10-26 22:07:43,267 - INFO - Retry attempt 196/300...
2025-10-26 22:07:58,267 - INFO - Setting up Chrome driver...
2025-10-26 22:07:58,269 - INFO - Using profile directory: C:\laragon\www\dapokalsel\chrome_profile
2025-10-26 22:07:58,270 - INFO - Initializing undetected Chrome driver...
2025-10-26 22:08:02,734 - INFO - patching driver executable C:\laragon\www\dapokalsel\sekolah\~\appdata\roaming\undetected_chromedriver\undetected_chromedriver.exe
2025-10-26 22:08:02,818 - ERROR - Failed to setup driver: Binary Location Must be a String
Traceback (most recent call last):
  File "C:\laragon\www\dapokalsel\sekolah\import_url_kabupaten.pyw", line 92, in setup_driver
    temp_dir = tempfile.gettempdir()
  File "C:\laragon\bin\python\python-3.10\lib\site-packages\undetected_chromedriver\__init__.py", line 372, in __init__
    options.binary_location = (
  File "C:\laragon\bin\python\python-3.10\lib\site-packages\selenium\webdriver\chromium\options.py", line 52, in binary_location
    raise TypeError(self.BINARY_LOCATION_ERROR)
TypeError: Binary Location Must be a String
2025-10-26 22:08:02,818 - ERROR - Error on attempt 196: Failed to setup driver
Traceback (most recent call last):
  File "C:\laragon\www\dapokalsel\sekolah\import_url_kabupaten.pyw", line 388, in process_url_induk
    logger.warning(f"Row {idx} missing data: kode={kode}, nama={nama}, url={full_url}")
Exception: Failed to setup driver
2025-10-26 22:08:02,818 - INFO - Retry attempt 197/300...
2025-10-26 22:08:17,818 - INFO - Setting up Chrome driver...
2025-10-26 22:08:17,822 - INFO - Using profile directory: C:\laragon\www\dapokalsel\chrome_profile
2025-10-26 22:08:17,822 - INFO - Initializing undetected Chrome driver...
2025-10-26 22:08:38,232 - ERROR - Failed to setup driver: [WinError 183] Cannot create a file when that file already exists: 'C:\\laragon\\www\\dapokalsel\\sekolah\\~\\appdata\\roaming\\undetected_chromedriver\\undetected\\chromedriver-win32\\chromedriver.exe' -> 'C:\\laragon\\www\\dapokalsel\\sekolah\\~\\appdata\\roaming\\undetected_chromedriver\\undetected_chromedriver.exe'
Traceback (most recent call last):
  File "C:\laragon\www\dapokalsel\sekolah\import_url_kabupaten.pyw", line 92, in setup_driver
    temp_dir = tempfile.gettempdir()
  File "C:\laragon\bin\python\python-3.10\lib\site-packages\undetected_chromedriver\__init__.py", line 258, in __init__
    self.patcher.auto()
  File "C:\laragon\bin\python\python-3.10\lib\site-packages\undetected_chromedriver\patcher.py", line 178, in auto
    self.unzip_package(self.fetch_package())
  File "C:\laragon\bin\python\python-3.10\lib\site-packages\undetected_chromedriver\patcher.py", line 310, in unzip_package
    os.rename(os.path.join(self.zip_path, exe_path), self.executable_path)
FileExistsError: [WinError 183] Cannot create a file when that file already exists: 'C:\\laragon\\www\\dapokalsel\\sekolah\\~\\appdata\\roaming\\undetected_chromedriver\\undetected\\chromedriver-win32\\chromedriver.exe' -> 'C:\\laragon\\www\\dapokalsel\\sekolah\\~\\appdata\\roaming\\undetected_chromedriver\\undetected_chromedriver.exe'
2025-10-26 22:08:38,232 - ERROR - Error on attempt 197: Failed to setup driver
Traceback (most recent call last):
  File "C:\laragon\www\dapokalsel\sekolah\import_url_kabupaten.pyw", line 388, in process_url_induk
    logger.warning(f"Row {idx} missing data: kode={kode}, nama={nama}, url={full_url}")
Exception: Failed to setup driver
2025-10-26 22:08:38,232 - INFO - Retry attempt 198/300...
2025-10-26 22:08:53,233 - INFO - Setting up Chrome driver...
2025-10-26 22:08:53,233 - INFO - Using profile directory: C:\laragon\www\dapokalsel\chrome_profile
2025-10-26 22:08:53,233 - INFO - Initializing undetected Chrome driver...
2025-10-26 22:09:00,306 - INFO - patching driver executable C:\laragon\www\dapokalsel\sekolah\~\appdata\roaming\undetected_chromedriver\undetected_chromedriver.exe
2025-10-26 22:09:00,397 - ERROR - Failed to setup driver: Binary Location Must be a String
Traceback (most recent call last):
  File "C:\laragon\www\dapokalsel\sekolah\import_url_kabupaten.pyw", line 92, in setup_driver
    temp_dir = tempfile.gettempdir()
  File "C:\laragon\bin\python\python-3.10\lib\site-packages\undetected_chromedriver\__init__.py", line 372, in __init__
    options.binary_location = (
  File "C:\laragon\bin\python\python-3.10\lib\site-packages\selenium\webdriver\chromium\options.py", line 52, in binary_location
    raise TypeError(self.BINARY_LOCATION_ERROR)
TypeError: Binary Location Must be a String
2025-10-26 22:09:00,397 - ERROR - Error on attempt 198: Failed to setup driver
Traceback (most recent call last):
  File "C:\laragon\www\dapokalsel\sekolah\import_url_kabupaten.pyw", line 388, in process_url_induk
    logger.warning(f"Row {idx} missing data: kode={kode}, nama={nama}, url={full_url}")
Exception: Failed to setup driver
2025-10-26 22:09:00,397 - INFO - Retry attempt 199/300...
2025-10-26 22:09:15,423 - INFO - Setting up Chrome driver...
2025-10-26 22:09:15,423 - INFO - Using profile directory: C:\laragon\www\dapokalsel\chrome_profile
2025-10-26 22:09:15,423 - INFO - Initializing undetected Chrome driver...
2025-10-26 22:09:24,113 - INFO - patching driver executable C:\laragon\www\dapokalsel\sekolah\~\appdata\roaming\undetected_chromedriver\undetected_chromedriver.exe
2025-10-26 22:09:24,212 - ERROR - Failed to setup driver: Binary Location Must be a String
Traceback (most recent call last):
  File "C:\laragon\www\dapokalsel\sekolah\import_url_kabupaten.pyw", line 92, in setup_driver
    temp_dir = tempfile.gettempdir()
  File "C:\laragon\bin\python\python-3.10\lib\site-packages\undetected_chromedriver\__init__.py", line 372, in __init__
    options.binary_location = (
  File "C:\laragon\bin\python\python-3.10\lib\site-packages\selenium\webdriver\chromium\options.py", line 52, in binary_location
    raise TypeError(self.BINARY_LOCATION_ERROR)
TypeError: Binary Location Must be a String
2025-10-26 22:09:24,212 - ERROR - Error on attempt 199: Failed to setup driver
Traceback (most recent call last):
  File "C:\laragon\www\dapokalsel\sekolah\import_url_kabupaten.pyw", line 388, in process_url_induk
    logger.warning(f"Row {idx} missing data: kode={kode}, nama={nama}, url={full_url}")
Exception: Failed to setup driver
2025-10-26 22:09:24,212 - INFO - Retry attempt 200/300...
2025-10-26 22:09:39,225 - INFO - Setting up Chrome driver...
2025-10-26 22:09:39,225 - INFO - Using profile directory: C:\laragon\www\dapokalsel\chrome_profile
2025-10-26 22:09:39,225 - INFO - Initializing undetected Chrome driver...
2025-10-26 22:09:47,717 - ERROR - Failed to setup driver: [WinError 183] Cannot create a file when that file already exists: 'C:\\laragon\\www\\dapokalsel\\sekolah\\~\\appdata\\roaming\\undetected_chromedriver\\undetected\\chromedriver-win32\\chromedriver.exe' -> 'C:\\laragon\\www\\dapokalsel\\sekolah\\~\\appdata\\roaming\\undetected_chromedriver\\undetected_chromedriver.exe'
Traceback (most recent call last):
  File "C:\laragon\www\dapokalsel\sekolah\import_url_kabupaten.pyw", line 92, in setup_driver
    temp_dir = tempfile.gettempdir()
  File "C:\laragon\bin\python\python-3.10\lib\site-packages\undetected_chromedriver\__init__.py", line 258, in __init__
    self.patcher.auto()
  File "C:\laragon\bin\python\python-3.10\lib\site-packages\undetected_chromedriver\patcher.py", line 178, in auto
    self.unzip_package(self.fetch_package())
  File "C:\laragon\bin\python\python-3.10\lib\site-packages\undetected_chromedriver\patcher.py", line 310, in unzip_package
    os.rename(os.path.join(self.zip_path, exe_path), self.executable_path)
FileExistsError: [WinError 183] Cannot create a file when that file already exists: 'C:\\laragon\\www\\dapokalsel\\sekolah\\~\\appdata\\roaming\\undetected_chromedriver\\undetected\\chromedriver-win32\\chromedriver.exe' -> 'C:\\laragon\\www\\dapokalsel\\sekolah\\~\\appdata\\roaming\\undetected_chromedriver\\undetected_chromedriver.exe'
2025-10-26 22:09:47,718 - ERROR - Error on attempt 200: Failed to setup driver
Traceback (most recent call last):
  File "C:\laragon\www\dapokalsel\sekolah\import_url_kabupaten.pyw", line 388, in process_url_induk
    logger.warning(f"Row {idx} missing data: kode={kode}, nama={nama}, url={full_url}")
Exception: Failed to setup driver
2025-10-26 22:09:47,719 - INFO - Retry attempt 201/300...
2025-10-26 22:10:02,725 - INFO - Setting up Chrome driver...
2025-10-26 22:10:02,728 - INFO - Using profile directory: C:\laragon\www\dapokalsel\chrome_profile
2025-10-26 22:10:02,729 - INFO - Initializing undetected Chrome driver...
2025-10-26 22:10:07,720 - INFO - patching driver executable C:\laragon\www\dapokalsel\sekolah\~\appdata\roaming\undetected_chromedriver\undetected_chromedriver.exe
2025-10-26 22:10:07,821 - ERROR - Failed to setup driver: Binary Location Must be a String
Traceback (most recent call last):
  File "C:\laragon\www\dapokalsel\sekolah\import_url_kabupaten.pyw", line 92, in setup_driver
    temp_dir = tempfile.gettempdir()
  File "C:\laragon\bin\python\python-3.10\lib\site-packages\undetected_chromedriver\__init__.py", line 372, in __init__
    options.binary_location = (
  File "C:\laragon\bin\python\python-3.10\lib\site-packages\selenium\webdriver\chromium\options.py", line 52, in binary_location
    raise TypeError(self.BINARY_LOCATION_ERROR)
TypeError: Binary Location Must be a String
2025-10-26 22:10:07,822 - ERROR - Error on attempt 201: Failed to setup driver
Traceback (most recent call last):
  File "C:\laragon\www\dapokalsel\sekolah\import_url_kabupaten.pyw", line 388, in process_url_induk
    logger.warning(f"Row {idx} missing data: kode={kode}, nama={nama}, url={full_url}")
Exception: Failed to setup driver
2025-10-26 22:10:07,822 - INFO - Retry attempt 202/300...
2025-10-26 22:10:22,829 - INFO - Setting up Chrome driver...
2025-10-26 22:10:22,830 - INFO - Using profile directory: C:\laragon\www\dapokalsel\chrome_profile
2025-10-26 22:10:22,832 - INFO - Initializing undetected Chrome driver...
2025-10-26 22:10:29,925 - INFO - patching driver executable C:\laragon\www\dapokalsel\sekolah\~\appdata\roaming\undetected_chromedriver\undetected_chromedriver.exe
2025-10-26 22:10:30,010 - ERROR - Failed to setup driver: Binary Location Must be a String
Traceback (most recent call last):
  File "C:\laragon\www\dapokalsel\sekolah\import_url_kabupaten.pyw", line 92, in setup_driver
    temp_dir = tempfile.gettempdir()
  File "C:\laragon\bin\python\python-3.10\lib\site-packages\undetected_chromedriver\__init__.py", line 372, in __init__
    options.binary_location = (
  File "C:\laragon\bin\python\python-3.10\lib\site-packages\selenium\webdriver\chromium\options.py", line 52, in binary_location
    raise TypeError(self.BINARY_LOCATION_ERROR)
TypeError: Binary Location Must be a String
2025-10-26 22:10:30,010 - ERROR - Error on attempt 202: Failed to setup driver
Traceback (most recent call last):
  File "C:\laragon\www\dapokalsel\sekolah\import_url_kabupaten.pyw", line 388, in process_url_induk
    logger.warning(f"Row {idx} missing data: kode={kode}, nama={nama}, url={full_url}")
Exception: Failed to setup driver
2025-10-26 22:10:30,010 - INFO - Retry attempt 203/300...
2025-10-26 22:10:45,010 - INFO - Setting up Chrome driver...
2025-10-26 22:10:45,010 - INFO - Using profile directory: C:\laragon\www\dapokalsel\chrome_profile
2025-10-26 22:10:45,010 - INFO - Initializing undetected Chrome driver...
2025-10-26 22:10:58,728 - INFO - patching driver executable C:\laragon\www\dapokalsel\sekolah\~\appdata\roaming\undetected_chromedriver\undetected_chromedriver.exe
2025-10-26 22:10:58,824 - ERROR - Failed to setup driver: Binary Location Must be a String
Traceback (most recent call last):
  File "C:\laragon\www\dapokalsel\sekolah\import_url_kabupaten.pyw", line 92, in setup_driver
    temp_dir = tempfile.gettempdir()
  File "C:\laragon\bin\python\python-3.10\lib\site-packages\undetected_chromedriver\__init__.py", line 372, in __init__
    options.binary_location = (
  File "C:\laragon\bin\python\python-3.10\lib\site-packages\selenium\webdriver\chromium\options.py", line 52, in binary_location
    raise TypeError(self.BINARY_LOCATION_ERROR)
TypeError: Binary Location Must be a String
2025-10-26 22:10:58,824 - ERROR - Error on attempt 203: Failed to setup driver
Traceback (most recent call last):
  File "C:\laragon\www\dapokalsel\sekolah\import_url_kabupaten.pyw", line 388, in process_url_induk
    logger.warning(f"Row {idx} missing data: kode={kode}, nama={nama}, url={full_url}")
Exception: Failed to setup driver
2025-10-26 22:10:58,824 - INFO - Retry attempt 204/300...
2025-10-26 22:11:13,825 - INFO - Setting up Chrome driver...
2025-10-26 22:11:13,827 - INFO - Using profile directory: C:\laragon\www\dapokalsel\chrome_profile
2025-10-26 22:11:13,828 - INFO - Initializing undetected Chrome driver...
2025-10-26 22:11:19,298 - INFO - patching driver executable C:\laragon\www\dapokalsel\sekolah\~\appdata\roaming\undetected_chromedriver\undetected_chromedriver.exe
2025-10-26 22:11:19,376 - ERROR - Failed to setup driver: Binary Location Must be a String
Traceback (most recent call last):
  File "C:\laragon\www\dapokalsel\sekolah\import_url_kabupaten.pyw", line 92, in setup_driver
    temp_dir = tempfile.gettempdir()
  File "C:\laragon\bin\python\python-3.10\lib\site-packages\undetected_chromedriver\__init__.py", line 372, in __init__
    options.binary_location = (
  File "C:\laragon\bin\python\python-3.10\lib\site-packages\selenium\webdriver\chromium\options.py", line 52, in binary_location
    raise TypeError(self.BINARY_LOCATION_ERROR)
TypeError: Binary Location Must be a String
2025-10-26 22:11:19,376 - ERROR - Error on attempt 204: Failed to setup driver
Traceback (most recent call last):
  File "C:\laragon\www\dapokalsel\sekolah\import_url_kabupaten.pyw", line 388, in process_url_induk
    logger.warning(f"Row {idx} missing data: kode={kode}, nama={nama}, url={full_url}")
Exception: Failed to setup driver
2025-10-26 22:11:19,376 - INFO - Retry attempt 205/300...
2025-10-26 22:11:34,376 - INFO - Setting up Chrome driver...
2025-10-26 22:11:34,376 - INFO - Using profile directory: C:\laragon\www\dapokalsel\chrome_profile
2025-10-26 22:11:34,376 - INFO - Initializing undetected Chrome driver...
2025-10-26 22:11:42,321 - INFO - patching driver executable C:\laragon\www\dapokalsel\sekolah\~\appdata\roaming\undetected_chromedriver\undetected_chromedriver.exe
2025-10-26 22:11:42,420 - ERROR - Failed to setup driver: Binary Location Must be a String
Traceback (most recent call last):
  File "C:\laragon\www\dapokalsel\sekolah\import_url_kabupaten.pyw", line 92, in setup_driver
    temp_dir = tempfile.gettempdir()
  File "C:\laragon\bin\python\python-3.10\lib\site-packages\undetected_chromedriver\__init__.py", line 372, in __init__
    options.binary_location = (
  File "C:\laragon\bin\python\python-3.10\lib\site-packages\selenium\webdriver\chromium\options.py", line 52, in binary_location
    raise TypeError(self.BINARY_LOCATION_ERROR)
TypeError: Binary Location Must be a String
2025-10-26 22:11:42,421 - ERROR - Error on attempt 205: Failed to setup driver
Traceback (most recent call last):
  File "C:\laragon\www\dapokalsel\sekolah\import_url_kabupaten.pyw", line 388, in process_url_induk
    logger.warning(f"Row {idx} missing data: kode={kode}, nama={nama}, url={full_url}")
Exception: Failed to setup driver
2025-10-26 22:11:42,421 - INFO - Retry attempt 206/300...
2025-10-26 22:11:57,431 - INFO - Setting up Chrome driver...
2025-10-26 22:11:57,431 - INFO - Using profile directory: C:\laragon\www\dapokalsel\chrome_profile
2025-10-26 22:11:57,431 - INFO - Initializing undetected Chrome driver...
2025-10-26 22:12:09,751 - INFO - patching driver executable C:\laragon\www\dapokalsel\sekolah\~\appdata\roaming\undetected_chromedriver\undetected_chromedriver.exe
2025-10-26 22:12:09,845 - ERROR - Failed to setup driver: Binary Location Must be a String
Traceback (most recent call last):
  File "C:\laragon\www\dapokalsel\sekolah\import_url_kabupaten.pyw", line 92, in setup_driver
    temp_dir = tempfile.gettempdir()
  File "C:\laragon\bin\python\python-3.10\lib\site-packages\undetected_chromedriver\__init__.py", line 372, in __init__
    options.binary_location = (
  File "C:\laragon\bin\python\python-3.10\lib\site-packages\selenium\webdriver\chromium\options.py", line 52, in binary_location
    raise TypeError(self.BINARY_LOCATION_ERROR)
TypeError: Binary Location Must be a String
2025-10-26 22:12:09,845 - ERROR - Error on attempt 206: Failed to setup driver
Traceback (most recent call last):
  File "C:\laragon\www\dapokalsel\sekolah\import_url_kabupaten.pyw", line 388, in process_url_induk
    logger.warning(f"Row {idx} missing data: kode={kode}, nama={nama}, url={full_url}")
Exception: Failed to setup driver
2025-10-26 22:12:09,845 - INFO - Retry attempt 207/300...
2025-10-26 22:12:24,851 - INFO - Setting up Chrome driver...
2025-10-26 22:12:24,853 - INFO - Using profile directory: C:\laragon\www\dapokalsel\chrome_profile
2025-10-26 22:12:24,854 - INFO - Initializing undetected Chrome driver...
2025-10-26 22:12:33,057 - ERROR - Failed to setup driver: [WinError 32] The process cannot access the file because it is being used by another process: 'C:\\laragon\\www\\dapokalsel\\sekolah\\~\\appdata\\roaming\\undetected_chromedriver\\undetected\\chromedriver-win32\\chromedriver.exe' -> 'C:\\laragon\\www\\dapokalsel\\sekolah\\~\\appdata\\roaming\\undetected_chromedriver\\undetected_chromedriver.exe'
Traceback (most recent call last):
  File "C:\laragon\www\dapokalsel\sekolah\import_url_kabupaten.pyw", line 92, in setup_driver
    temp_dir = tempfile.gettempdir()
  File "C:\laragon\bin\python\python-3.10\lib\site-packages\undetected_chromedriver\__init__.py", line 258, in __init__
    self.patcher.auto()
  File "C:\laragon\bin\python\python-3.10\lib\site-packages\undetected_chromedriver\patcher.py", line 178, in auto
    self.unzip_package(self.fetch_package())
  File "C:\laragon\bin\python\python-3.10\lib\site-packages\undetected_chromedriver\patcher.py", line 310, in unzip_package
    os.rename(os.path.join(self.zip_path, exe_path), self.executable_path)
PermissionError: [WinError 32] The process cannot access the file because it is being used by another process: 'C:\\laragon\\www\\dapokalsel\\sekolah\\~\\appdata\\roaming\\undetected_chromedriver\\undetected\\chromedriver-win32\\chromedriver.exe' -> 'C:\\laragon\\www\\dapokalsel\\sekolah\\~\\appdata\\roaming\\undetected_chromedriver\\undetected_chromedriver.exe'
2025-10-26 22:12:33,058 - ERROR - Error on attempt 207: Failed to setup driver
Traceback (most recent call last):
  File "C:\laragon\www\dapokalsel\sekolah\import_url_kabupaten.pyw", line 388, in process_url_induk
    logger.warning(f"Row {idx} missing data: kode={kode}, nama={nama}, url={full_url}")
Exception: Failed to setup driver
2025-10-26 22:12:33,059 - INFO - Retry attempt 208/300...
2025-10-26 22:12:48,059 - INFO - Setting up Chrome driver...
2025-10-26 22:12:48,060 - INFO - Using profile directory: C:\laragon\www\dapokalsel\chrome_profile
2025-10-26 22:12:48,060 - INFO - Initializing undetected Chrome driver...
2025-10-26 22:12:52,401 - INFO - patching driver executable C:\laragon\www\dapokalsel\sekolah\~\appdata\roaming\undetected_chromedriver\undetected_chromedriver.exe
2025-10-26 22:12:52,484 - ERROR - Failed to setup driver: Binary Location Must be a String
Traceback (most recent call last):
  File "C:\laragon\www\dapokalsel\sekolah\import_url_kabupaten.pyw", line 92, in setup_driver
    temp_dir = tempfile.gettempdir()
  File "C:\laragon\bin\python\python-3.10\lib\site-packages\undetected_chromedriver\__init__.py", line 372, in __init__
    options.binary_location = (
  File "C:\laragon\bin\python\python-3.10\lib\site-packages\selenium\webdriver\chromium\options.py", line 52, in binary_location
    raise TypeError(self.BINARY_LOCATION_ERROR)
TypeError: Binary Location Must be a String
2025-10-26 22:12:52,500 - ERROR - Error on attempt 208: Failed to setup driver
Traceback (most recent call last):
  File "C:\laragon\www\dapokalsel\sekolah\import_url_kabupaten.pyw", line 388, in process_url_induk
    logger.warning(f"Row {idx} missing data: kode={kode}, nama={nama}, url={full_url}")
Exception: Failed to setup driver
2025-10-26 22:12:52,501 - INFO - Retry attempt 209/300...
2025-10-26 22:13:07,501 - INFO - Setting up Chrome driver...
2025-10-26 22:13:07,501 - INFO - Using profile directory: C:\laragon\www\dapokalsel\chrome_profile
2025-10-26 22:13:07,501 - INFO - Initializing undetected Chrome driver...
2025-10-26 22:13:19,267 - ERROR - Failed to setup driver: [WinError 183] Cannot create a file when that file already exists: 'C:\\laragon\\www\\dapokalsel\\sekolah\\~\\appdata\\roaming\\undetected_chromedriver\\undetected\\chromedriver-win32\\chromedriver.exe' -> 'C:\\laragon\\www\\dapokalsel\\sekolah\\~\\appdata\\roaming\\undetected_chromedriver\\undetected_chromedriver.exe'
Traceback (most recent call last):
  File "C:\laragon\www\dapokalsel\sekolah\import_url_kabupaten.pyw", line 92, in setup_driver
    temp_dir = tempfile.gettempdir()
  File "C:\laragon\bin\python\python-3.10\lib\site-packages\undetected_chromedriver\__init__.py", line 258, in __init__
    self.patcher.auto()
  File "C:\laragon\bin\python\python-3.10\lib\site-packages\undetected_chromedriver\patcher.py", line 178, in auto
    self.unzip_package(self.fetch_package())
  File "C:\laragon\bin\python\python-3.10\lib\site-packages\undetected_chromedriver\patcher.py", line 310, in unzip_package
    os.rename(os.path.join(self.zip_path, exe_path), self.executable_path)
FileExistsError: [WinError 183] Cannot create a file when that file already exists: 'C:\\laragon\\www\\dapokalsel\\sekolah\\~\\appdata\\roaming\\undetected_chromedriver\\undetected\\chromedriver-win32\\chromedriver.exe' -> 'C:\\laragon\\www\\dapokalsel\\sekolah\\~\\appdata\\roaming\\undetected_chromedriver\\undetected_chromedriver.exe'
2025-10-26 22:13:19,267 - ERROR - Error on attempt 209: Failed to setup driver
Traceback (most recent call last):
  File "C:\laragon\www\dapokalsel\sekolah\import_url_kabupaten.pyw", line 388, in process_url_induk
    logger.warning(f"Row {idx} missing data: kode={kode}, nama={nama}, url={full_url}")
Exception: Failed to setup driver
2025-10-26 22:13:19,267 - INFO - Retry attempt 210/300...
2025-10-26 22:13:34,267 - INFO - Setting up Chrome driver...
2025-10-26 22:13:34,269 - INFO - Using profile directory: C:\laragon\www\dapokalsel\chrome_profile
2025-10-26 22:13:34,270 - INFO - Initializing undetected Chrome driver...
2025-10-26 22:13:40,837 - INFO - patching driver executable C:\laragon\www\dapokalsel\sekolah\~\appdata\roaming\undetected_chromedriver\undetected_chromedriver.exe
2025-10-26 22:13:40,915 - ERROR - Failed to setup driver: Binary Location Must be a String
Traceback (most recent call last):
  File "C:\laragon\www\dapokalsel\sekolah\import_url_kabupaten.pyw", line 92, in setup_driver
    temp_dir = tempfile.gettempdir()
  File "C:\laragon\bin\python\python-3.10\lib\site-packages\undetected_chromedriver\__init__.py", line 372, in __init__
    options.binary_location = (
  File "C:\laragon\bin\python\python-3.10\lib\site-packages\selenium\webdriver\chromium\options.py", line 52, in binary_location
    raise TypeError(self.BINARY_LOCATION_ERROR)
TypeError: Binary Location Must be a String
2025-10-26 22:13:40,915 - ERROR - Error on attempt 210: Failed to setup driver
Traceback (most recent call last):
  File "C:\laragon\www\dapokalsel\sekolah\import_url_kabupaten.pyw", line 388, in process_url_induk
    logger.warning(f"Row {idx} missing data: kode={kode}, nama={nama}, url={full_url}")
Exception: Failed to setup driver
2025-10-26 22:13:40,915 - INFO - Retry attempt 211/300...
2025-10-26 22:13:55,929 - INFO - Setting up Chrome driver...
2025-10-26 22:13:55,930 - INFO - Using profile directory: C:\laragon\www\dapokalsel\chrome_profile
2025-10-26 22:13:55,930 - INFO - Initializing undetected Chrome driver...
2025-10-26 22:14:03,462 - INFO - patching driver executable C:\laragon\www\dapokalsel\sekolah\~\appdata\roaming\undetected_chromedriver\undetected_chromedriver.exe
2025-10-26 22:14:03,571 - ERROR - Failed to setup driver: Binary Location Must be a String
Traceback (most recent call last):
  File "C:\laragon\www\dapokalsel\sekolah\import_url_kabupaten.pyw", line 92, in setup_driver
    temp_dir = tempfile.gettempdir()
  File "C:\laragon\bin\python\python-3.10\lib\site-packages\undetected_chromedriver\__init__.py", line 372, in __init__
    options.binary_location = (
  File "C:\laragon\bin\python\python-3.10\lib\site-packages\selenium\webdriver\chromium\options.py", line 52, in binary_location
    raise TypeError(self.BINARY_LOCATION_ERROR)
TypeError: Binary Location Must be a String
2025-10-26 22:14:03,571 - ERROR - Error on attempt 211: Failed to setup driver
Traceback (most recent call last):
  File "C:\laragon\www\dapokalsel\sekolah\import_url_kabupaten.pyw", line 388, in process_url_induk
    logger.warning(f"Row {idx} missing data: kode={kode}, nama={nama}, url={full_url}")
Exception: Failed to setup driver
2025-10-26 22:14:03,571 - INFO - Retry attempt 212/300...
2025-10-26 22:14:18,578 - INFO - Setting up Chrome driver...
2025-10-26 22:14:18,578 - INFO - Using profile directory: C:\laragon\www\dapokalsel\chrome_profile
2025-10-26 22:14:18,578 - INFO - Initializing undetected Chrome driver...
2025-10-26 22:14:29,980 - INFO - patching driver executable C:\laragon\www\dapokalsel\sekolah\~\appdata\roaming\undetected_chromedriver\undetected_chromedriver.exe
2025-10-26 22:14:30,063 - ERROR - Failed to setup driver: Binary Location Must be a String
Traceback (most recent call last):
  File "C:\laragon\www\dapokalsel\sekolah\import_url_kabupaten.pyw", line 92, in setup_driver
    temp_dir = tempfile.gettempdir()
  File "C:\laragon\bin\python\python-3.10\lib\site-packages\undetected_chromedriver\__init__.py", line 372, in __init__
    options.binary_location = (
  File "C:\laragon\bin\python\python-3.10\lib\site-packages\selenium\webdriver\chromium\options.py", line 52, in binary_location
    raise TypeError(self.BINARY_LOCATION_ERROR)
TypeError: Binary Location Must be a String
2025-10-26 22:14:30,063 - ERROR - Error on attempt 212: Failed to setup driver
Traceback (most recent call last):
  File "C:\laragon\www\dapokalsel\sekolah\import_url_kabupaten.pyw", line 388, in process_url_induk
    logger.warning(f"Row {idx} missing data: kode={kode}, nama={nama}, url={full_url}")
Exception: Failed to setup driver
2025-10-26 22:14:30,063 - INFO - Retry attempt 213/300...
2025-10-26 22:14:45,077 - INFO - Setting up Chrome driver...
2025-10-26 22:14:45,077 - INFO - Using profile directory: C:\laragon\www\dapokalsel\chrome_profile
2025-10-26 22:14:45,077 - INFO - Initializing undetected Chrome driver...
2025-10-26 22:14:49,094 - INFO - patching driver executable C:\laragon\www\dapokalsel\sekolah\~\appdata\roaming\undetected_chromedriver\undetected_chromedriver.exe
2025-10-26 22:14:49,201 - ERROR - Failed to setup driver: Binary Location Must be a String
Traceback (most recent call last):
  File "C:\laragon\www\dapokalsel\sekolah\import_url_kabupaten.pyw", line 92, in setup_driver
    temp_dir = tempfile.gettempdir()
  File "C:\laragon\bin\python\python-3.10\lib\site-packages\undetected_chromedriver\__init__.py", line 372, in __init__
    options.binary_location = (
  File "C:\laragon\bin\python\python-3.10\lib\site-packages\selenium\webdriver\chromium\options.py", line 52, in binary_location
    raise TypeError(self.BINARY_LOCATION_ERROR)
TypeError: Binary Location Must be a String
2025-10-26 22:14:49,203 - ERROR - Error on attempt 213: Failed to setup driver
Traceback (most recent call last):
  File "C:\laragon\www\dapokalsel\sekolah\import_url_kabupaten.pyw", line 388, in process_url_induk
    logger.warning(f"Row {idx} missing data: kode={kode}, nama={nama}, url={full_url}")
Exception: Failed to setup driver
2025-10-26 22:14:49,203 - INFO - Retry attempt 214/300...
2025-10-26 22:15:04,209 - INFO - Setting up Chrome driver...
2025-10-26 22:15:04,210 - INFO - Using profile directory: C:\laragon\www\dapokalsel\chrome_profile
2025-10-26 22:15:04,210 - INFO - Initializing undetected Chrome driver...
2025-10-26 22:15:15,977 - ERROR - Failed to setup driver: [WinError 183] Cannot create a file when that file already exists: 'C:\\laragon\\www\\dapokalsel\\sekolah\\~\\appdata\\roaming\\undetected_chromedriver\\undetected\\chromedriver-win32\\chromedriver.exe' -> 'C:\\laragon\\www\\dapokalsel\\sekolah\\~\\appdata\\roaming\\undetected_chromedriver\\undetected_chromedriver.exe'
Traceback (most recent call last):
  File "C:\laragon\www\dapokalsel\sekolah\import_url_kabupaten.pyw", line 92, in setup_driver
    temp_dir = tempfile.gettempdir()
  File "C:\laragon\bin\python\python-3.10\lib\site-packages\undetected_chromedriver\__init__.py", line 258, in __init__
    self.patcher.auto()
  File "C:\laragon\bin\python\python-3.10\lib\site-packages\undetected_chromedriver\patcher.py", line 178, in auto
    self.unzip_package(self.fetch_package())
  File "C:\laragon\bin\python\python-3.10\lib\site-packages\undetected_chromedriver\patcher.py", line 310, in unzip_package
    os.rename(os.path.join(self.zip_path, exe_path), self.executable_path)
FileExistsError: [WinError 183] Cannot create a file when that file already exists: 'C:\\laragon\\www\\dapokalsel\\sekolah\\~\\appdata\\roaming\\undetected_chromedriver\\undetected\\chromedriver-win32\\chromedriver.exe' -> 'C:\\laragon\\www\\dapokalsel\\sekolah\\~\\appdata\\roaming\\undetected_chromedriver\\undetected_chromedriver.exe'
2025-10-26 22:15:15,977 - ERROR - Error on attempt 214: Failed to setup driver
Traceback (most recent call last):
  File "C:\laragon\www\dapokalsel\sekolah\import_url_kabupaten.pyw", line 388, in process_url_induk
    logger.warning(f"Row {idx} missing data: kode={kode}, nama={nama}, url={full_url}")
Exception: Failed to setup driver
2025-10-26 22:15:15,977 - INFO - Retry attempt 215/300...
2025-10-26 22:15:30,990 - INFO - Setting up Chrome driver...
2025-10-26 22:15:30,991 - INFO - Using profile directory: C:\laragon\www\dapokalsel\chrome_profile
2025-10-26 22:15:30,991 - INFO - Initializing undetected Chrome driver...
2025-10-26 22:15:40,235 - INFO - patching driver executable C:\laragon\www\dapokalsel\sekolah\~\appdata\roaming\undetected_chromedriver\undetected_chromedriver.exe
2025-10-26 22:15:40,427 - ERROR - Failed to setup driver: Binary Location Must be a String
Traceback (most recent call last):
  File "C:\laragon\www\dapokalsel\sekolah\import_url_kabupaten.pyw", line 92, in setup_driver
    temp_dir = tempfile.gettempdir()
  File "C:\laragon\bin\python\python-3.10\lib\site-packages\undetected_chromedriver\__init__.py", line 372, in __init__
    options.binary_location = (
  File "C:\laragon\bin\python\python-3.10\lib\site-packages\selenium\webdriver\chromium\options.py", line 52, in binary_location
    raise TypeError(self.BINARY_LOCATION_ERROR)
TypeError: Binary Location Must be a String
2025-10-26 22:15:40,427 - ERROR - Error on attempt 215: Failed to setup driver
Traceback (most recent call last):
  File "C:\laragon\www\dapokalsel\sekolah\import_url_kabupaten.pyw", line 388, in process_url_induk
    logger.warning(f"Row {idx} missing data: kode={kode}, nama={nama}, url={full_url}")
Exception: Failed to setup driver
2025-10-26 22:15:40,427 - INFO - Retry attempt 216/300...
2025-10-26 22:15:55,439 - INFO - Setting up Chrome driver...
2025-10-26 22:15:55,439 - INFO - Using profile directory: C:\laragon\www\dapokalsel\chrome_profile
2025-10-26 22:15:55,439 - INFO - Initializing undetected Chrome driver...
2025-10-26 22:16:00,291 - INFO - patching driver executable C:\laragon\www\dapokalsel\sekolah\~\appdata\roaming\undetected_chromedriver\undetected_chromedriver.exe
2025-10-26 22:16:00,391 - ERROR - Failed to setup driver: Binary Location Must be a String
Traceback (most recent call last):
  File "C:\laragon\www\dapokalsel\sekolah\import_url_kabupaten.pyw", line 92, in setup_driver
    temp_dir = tempfile.gettempdir()
  File "C:\laragon\bin\python\python-3.10\lib\site-packages\undetected_chromedriver\__init__.py", line 372, in __init__
    options.binary_location = (
  File "C:\laragon\bin\python\python-3.10\lib\site-packages\selenium\webdriver\chromium\options.py", line 52, in binary_location
    raise TypeError(self.BINARY_LOCATION_ERROR)
TypeError: Binary Location Must be a String
2025-10-26 22:16:00,391 - ERROR - Error on attempt 216: Failed to setup driver
Traceback (most recent call last):
  File "C:\laragon\www\dapokalsel\sekolah\import_url_kabupaten.pyw", line 388, in process_url_induk
    logger.warning(f"Row {idx} missing data: kode={kode}, nama={nama}, url={full_url}")
Exception: Failed to setup driver
2025-10-26 22:16:00,391 - INFO - Retry attempt 217/300...
2025-10-26 22:16:15,403 - INFO - Setting up Chrome driver...
2025-10-26 22:16:15,403 - INFO - Using profile directory: C:\laragon\www\dapokalsel\chrome_profile
2025-10-26 22:16:15,403 - INFO - Initializing undetected Chrome driver...
2025-10-26 22:16:20,320 - INFO - patching driver executable C:\laragon\www\dapokalsel\sekolah\~\appdata\roaming\undetected_chromedriver\undetected_chromedriver.exe
2025-10-26 22:16:20,523 - ERROR - Failed to setup driver: Binary Location Must be a String
Traceback (most recent call last):
  File "C:\laragon\www\dapokalsel\sekolah\import_url_kabupaten.pyw", line 92, in setup_driver
    temp_dir = tempfile.gettempdir()
  File "C:\laragon\bin\python\python-3.10\lib\site-packages\undetected_chromedriver\__init__.py", line 372, in __init__
    options.binary_location = (
  File "C:\laragon\bin\python\python-3.10\lib\site-packages\selenium\webdriver\chromium\options.py", line 52, in binary_location
    raise TypeError(self.BINARY_LOCATION_ERROR)
TypeError: Binary Location Must be a String
2025-10-26 22:16:20,523 - ERROR - Error on attempt 217: Failed to setup driver
Traceback (most recent call last):
  File "C:\laragon\www\dapokalsel\sekolah\import_url_kabupaten.pyw", line 388, in process_url_induk
    logger.warning(f"Row {idx} missing data: kode={kode}, nama={nama}, url={full_url}")
Exception: Failed to setup driver
2025-10-26 22:16:20,523 - INFO - Retry attempt 218/300...
2025-10-26 22:16:35,529 - INFO - Setting up Chrome driver...
2025-10-26 22:16:35,529 - INFO - Using profile directory: C:\laragon\www\dapokalsel\chrome_profile
2025-10-26 22:16:35,529 - INFO - Initializing undetected Chrome driver...
2025-10-26 22:16:45,421 - INFO - patching driver executable C:\laragon\www\dapokalsel\sekolah\~\appdata\roaming\undetected_chromedriver\undetected_chromedriver.exe
2025-10-26 22:16:45,499 - ERROR - Failed to setup driver: Binary Location Must be a String
Traceback (most recent call last):
  File "C:\laragon\www\dapokalsel\sekolah\import_url_kabupaten.pyw", line 92, in setup_driver
    temp_dir = tempfile.gettempdir()
  File "C:\laragon\bin\python\python-3.10\lib\site-packages\undetected_chromedriver\__init__.py", line 372, in __init__
    options.binary_location = (
  File "C:\laragon\bin\python\python-3.10\lib\site-packages\selenium\webdriver\chromium\options.py", line 52, in binary_location
    raise TypeError(self.BINARY_LOCATION_ERROR)
TypeError: Binary Location Must be a String
2025-10-26 22:16:45,499 - ERROR - Error on attempt 218: Failed to setup driver
Traceback (most recent call last):
  File "C:\laragon\www\dapokalsel\sekolah\import_url_kabupaten.pyw", line 388, in process_url_induk
    logger.warning(f"Row {idx} missing data: kode={kode}, nama={nama}, url={full_url}")
Exception: Failed to setup driver
2025-10-26 22:16:45,499 - INFO - Retry attempt 219/300...
2025-10-26 22:17:00,504 - INFO - Setting up Chrome driver...
2025-10-26 22:17:00,504 - INFO - Using profile directory: C:\laragon\www\dapokalsel\chrome_profile
2025-10-26 22:17:00,505 - INFO - Initializing undetected Chrome driver...
2025-10-26 22:17:06,387 - ERROR - Failed to setup driver: [WinError 183] Cannot create a file when that file already exists: 'C:\\laragon\\www\\dapokalsel\\sekolah\\~\\appdata\\roaming\\undetected_chromedriver\\undetected\\chromedriver-win32\\chromedriver.exe' -> 'C:\\laragon\\www\\dapokalsel\\sekolah\\~\\appdata\\roaming\\undetected_chromedriver\\undetected_chromedriver.exe'
Traceback (most recent call last):
  File "C:\laragon\www\dapokalsel\sekolah\import_url_kabupaten.pyw", line 92, in setup_driver
    temp_dir = tempfile.gettempdir()
  File "C:\laragon\bin\python\python-3.10\lib\site-packages\undetected_chromedriver\__init__.py", line 258, in __init__
    self.patcher.auto()
  File "C:\laragon\bin\python\python-3.10\lib\site-packages\undetected_chromedriver\patcher.py", line 178, in auto
    self.unzip_package(self.fetch_package())
  File "C:\laragon\bin\python\python-3.10\lib\site-packages\undetected_chromedriver\patcher.py", line 310, in unzip_package
    os.rename(os.path.join(self.zip_path, exe_path), self.executable_path)
FileExistsError: [WinError 183] Cannot create a file when that file already exists: 'C:\\laragon\\www\\dapokalsel\\sekolah\\~\\appdata\\roaming\\undetected_chromedriver\\undetected\\chromedriver-win32\\chromedriver.exe' -> 'C:\\laragon\\www\\dapokalsel\\sekolah\\~\\appdata\\roaming\\undetected_chromedriver\\undetected_chromedriver.exe'
2025-10-26 22:17:06,388 - ERROR - Error on attempt 219: Failed to setup driver
Traceback (most recent call last):
  File "C:\laragon\www\dapokalsel\sekolah\import_url_kabupaten.pyw", line 388, in process_url_induk
    logger.warning(f"Row {idx} missing data: kode={kode}, nama={nama}, url={full_url}")
Exception: Failed to setup driver
2025-10-26 22:17:06,388 - INFO - Retry attempt 220/300...
2025-10-26 22:17:21,398 - INFO - Setting up Chrome driver...
2025-10-26 22:17:21,398 - INFO - Using profile directory: C:\laragon\www\dapokalsel\chrome_profile
2025-10-26 22:17:21,398 - INFO - Initializing undetected Chrome driver...
2025-10-26 22:17:27,473 - INFO - patching driver executable C:\laragon\www\dapokalsel\sekolah\~\appdata\roaming\undetected_chromedriver\undetected_chromedriver.exe
2025-10-26 22:17:27,533 - ERROR - Failed to setup driver: Binary Location Must be a String
Traceback (most recent call last):
  File "C:\laragon\www\dapokalsel\sekolah\import_url_kabupaten.pyw", line 92, in setup_driver
    temp_dir = tempfile.gettempdir()
  File "C:\laragon\bin\python\python-3.10\lib\site-packages\undetected_chromedriver\__init__.py", line 372, in __init__
    options.binary_location = (
  File "C:\laragon\bin\python\python-3.10\lib\site-packages\selenium\webdriver\chromium\options.py", line 52, in binary_location
    raise TypeError(self.BINARY_LOCATION_ERROR)
TypeError: Binary Location Must be a String
2025-10-26 22:17:27,533 - ERROR - Error on attempt 220: Failed to setup driver
Traceback (most recent call last):
  File "C:\laragon\www\dapokalsel\sekolah\import_url_kabupaten.pyw", line 388, in process_url_induk
    logger.warning(f"Row {idx} missing data: kode={kode}, nama={nama}, url={full_url}")
Exception: Failed to setup driver
2025-10-26 22:17:27,533 - INFO - Retry attempt 221/300...
2025-10-26 22:17:42,534 - INFO - Setting up Chrome driver...
2025-10-26 22:17:42,535 - INFO - Using profile directory: C:\laragon\www\dapokalsel\chrome_profile
2025-10-26 22:17:42,536 - INFO - Initializing undetected Chrome driver...
2025-10-26 22:17:55,483 - ERROR - Failed to setup driver: [WinError 183] Cannot create a file when that file already exists: 'C:\\laragon\\www\\dapokalsel\\sekolah\\~\\appdata\\roaming\\undetected_chromedriver\\undetected\\chromedriver-win32\\chromedriver.exe' -> 'C:\\laragon\\www\\dapokalsel\\sekolah\\~\\appdata\\roaming\\undetected_chromedriver\\undetected_chromedriver.exe'
Traceback (most recent call last):
  File "C:\laragon\www\dapokalsel\sekolah\import_url_kabupaten.pyw", line 92, in setup_driver
    temp_dir = tempfile.gettempdir()
  File "C:\laragon\bin\python\python-3.10\lib\site-packages\undetected_chromedriver\__init__.py", line 258, in __init__
    self.patcher.auto()
  File "C:\laragon\bin\python\python-3.10\lib\site-packages\undetected_chromedriver\patcher.py", line 178, in auto
    self.unzip_package(self.fetch_package())
  File "C:\laragon\bin\python\python-3.10\lib\site-packages\undetected_chromedriver\patcher.py", line 310, in unzip_package
    os.rename(os.path.join(self.zip_path, exe_path), self.executable_path)
FileExistsError: [WinError 183] Cannot create a file when that file already exists: 'C:\\laragon\\www\\dapokalsel\\sekolah\\~\\appdata\\roaming\\undetected_chromedriver\\undetected\\chromedriver-win32\\chromedriver.exe' -> 'C:\\laragon\\www\\dapokalsel\\sekolah\\~\\appdata\\roaming\\undetected_chromedriver\\undetected_chromedriver.exe'
2025-10-26 22:17:55,483 - ERROR - Error on attempt 221: Failed to setup driver
Traceback (most recent call last):
  File "C:\laragon\www\dapokalsel\sekolah\import_url_kabupaten.pyw", line 388, in process_url_induk
    logger.warning(f"Row {idx} missing data: kode={kode}, nama={nama}, url={full_url}")
Exception: Failed to setup driver
2025-10-26 22:17:55,483 - INFO - Retry attempt 222/300...
2025-10-26 22:18:10,483 - INFO - Setting up Chrome driver...
2025-10-26 22:18:10,484 - INFO - Using profile directory: C:\laragon\www\dapokalsel\chrome_profile
2025-10-26 22:18:10,484 - INFO - Initializing undetected Chrome driver...
2025-10-26 22:18:17,016 - ERROR - Failed to setup driver: [WinError 183] Cannot create a file when that file already exists: 'C:\\laragon\\www\\dapokalsel\\sekolah\\~\\appdata\\roaming\\undetected_chromedriver\\undetected\\chromedriver-win32\\chromedriver.exe' -> 'C:\\laragon\\www\\dapokalsel\\sekolah\\~\\appdata\\roaming\\undetected_chromedriver\\undetected_chromedriver.exe'
Traceback (most recent call last):
  File "C:\laragon\www\dapokalsel\sekolah\import_url_kabupaten.pyw", line 92, in setup_driver
    temp_dir = tempfile.gettempdir()
  File "C:\laragon\bin\python\python-3.10\lib\site-packages\undetected_chromedriver\__init__.py", line 258, in __init__
    self.patcher.auto()
  File "C:\laragon\bin\python\python-3.10\lib\site-packages\undetected_chromedriver\patcher.py", line 178, in auto
    self.unzip_package(self.fetch_package())
  File "C:\laragon\bin\python\python-3.10\lib\site-packages\undetected_chromedriver\patcher.py", line 310, in unzip_package
    os.rename(os.path.join(self.zip_path, exe_path), self.executable_path)
FileExistsError: [WinError 183] Cannot create a file when that file already exists: 'C:\\laragon\\www\\dapokalsel\\sekolah\\~\\appdata\\roaming\\undetected_chromedriver\\undetected\\chromedriver-win32\\chromedriver.exe' -> 'C:\\laragon\\www\\dapokalsel\\sekolah\\~\\appdata\\roaming\\undetected_chromedriver\\undetected_chromedriver.exe'
2025-10-26 22:18:17,016 - ERROR - Error on attempt 222: Failed to setup driver
Traceback (most recent call last):
  File "C:\laragon\www\dapokalsel\sekolah\import_url_kabupaten.pyw", line 388, in process_url_induk
    logger.warning(f"Row {idx} missing data: kode={kode}, nama={nama}, url={full_url}")
Exception: Failed to setup driver
2025-10-26 22:18:17,016 - INFO - Retry attempt 223/300...
2025-10-26 22:18:32,017 - INFO - Setting up Chrome driver...
2025-10-26 22:18:32,017 - INFO - Using profile directory: C:\laragon\www\dapokalsel\chrome_profile
2025-10-26 22:18:32,017 - INFO - Initializing undetected Chrome driver...
2025-10-26 22:18:46,952 - ERROR - Failed to setup driver: [WinError 183] Cannot create a file when that file already exists: 'C:\\laragon\\www\\dapokalsel\\sekolah\\~\\appdata\\roaming\\undetected_chromedriver\\undetected\\chromedriver-win32\\chromedriver.exe' -> 'C:\\laragon\\www\\dapokalsel\\sekolah\\~\\appdata\\roaming\\undetected_chromedriver\\undetected_chromedriver.exe'
Traceback (most recent call last):
  File "C:\laragon\www\dapokalsel\sekolah\import_url_kabupaten.pyw", line 92, in setup_driver
    temp_dir = tempfile.gettempdir()
  File "C:\laragon\bin\python\python-3.10\lib\site-packages\undetected_chromedriver\__init__.py", line 258, in __init__
    self.patcher.auto()
  File "C:\laragon\bin\python\python-3.10\lib\site-packages\undetected_chromedriver\patcher.py", line 178, in auto
    self.unzip_package(self.fetch_package())
  File "C:\laragon\bin\python\python-3.10\lib\site-packages\undetected_chromedriver\patcher.py", line 310, in unzip_package
    os.rename(os.path.join(self.zip_path, exe_path), self.executable_path)
FileExistsError: [WinError 183] Cannot create a file when that file already exists: 'C:\\laragon\\www\\dapokalsel\\sekolah\\~\\appdata\\roaming\\undetected_chromedriver\\undetected\\chromedriver-win32\\chromedriver.exe' -> 'C:\\laragon\\www\\dapokalsel\\sekolah\\~\\appdata\\roaming\\undetected_chromedriver\\undetected_chromedriver.exe'
2025-10-26 22:18:46,953 - ERROR - Error on attempt 223: Failed to setup driver
Traceback (most recent call last):
  File "C:\laragon\www\dapokalsel\sekolah\import_url_kabupaten.pyw", line 388, in process_url_induk
    logger.warning(f"Row {idx} missing data: kode={kode}, nama={nama}, url={full_url}")
Exception: Failed to setup driver
2025-10-26 22:18:46,953 - INFO - Retry attempt 224/300...
2025-10-26 22:19:01,962 - INFO - Setting up Chrome driver...
2025-10-26 22:19:01,964 - INFO - Using profile directory: C:\laragon\www\dapokalsel\chrome_profile
2025-10-26 22:19:01,964 - INFO - Initializing undetected Chrome driver...
2025-10-26 22:19:11,735 - INFO - patching driver executable C:\laragon\www\dapokalsel\sekolah\~\appdata\roaming\undetected_chromedriver\undetected_chromedriver.exe
2025-10-26 22:19:11,829 - ERROR - Failed to setup driver: Binary Location Must be a String
Traceback (most recent call last):
  File "C:\laragon\www\dapokalsel\sekolah\import_url_kabupaten.pyw", line 92, in setup_driver
    temp_dir = tempfile.gettempdir()
  File "C:\laragon\bin\python\python-3.10\lib\site-packages\undetected_chromedriver\__init__.py", line 372, in __init__
    options.binary_location = (
  File "C:\laragon\bin\python\python-3.10\lib\site-packages\selenium\webdriver\chromium\options.py", line 52, in binary_location
    raise TypeError(self.BINARY_LOCATION_ERROR)
TypeError: Binary Location Must be a String
2025-10-26 22:19:11,829 - ERROR - Error on attempt 224: Failed to setup driver
Traceback (most recent call last):
  File "C:\laragon\www\dapokalsel\sekolah\import_url_kabupaten.pyw", line 388, in process_url_induk
    logger.warning(f"Row {idx} missing data: kode={kode}, nama={nama}, url={full_url}")
Exception: Failed to setup driver
2025-10-26 22:19:11,829 - INFO - Retry attempt 225/300...
2025-10-26 22:19:26,830 - INFO - Setting up Chrome driver...
2025-10-26 22:19:26,831 - INFO - Using profile directory: C:\laragon\www\dapokalsel\chrome_profile
2025-10-26 22:19:26,832 - INFO - Initializing undetected Chrome driver...
2025-10-26 22:19:35,563 - INFO - patching driver executable C:\laragon\www\dapokalsel\sekolah\~\appdata\roaming\undetected_chromedriver\undetected_chromedriver.exe
2025-10-26 22:19:35,672 - ERROR - Failed to setup driver: Binary Location Must be a String
Traceback (most recent call last):
  File "C:\laragon\www\dapokalsel\sekolah\import_url_kabupaten.pyw", line 92, in setup_driver
    temp_dir = tempfile.gettempdir()
  File "C:\laragon\bin\python\python-3.10\lib\site-packages\undetected_chromedriver\__init__.py", line 372, in __init__
    options.binary_location = (
  File "C:\laragon\bin\python\python-3.10\lib\site-packages\selenium\webdriver\chromium\options.py", line 52, in binary_location
    raise TypeError(self.BINARY_LOCATION_ERROR)
TypeError: Binary Location Must be a String
2025-10-26 22:19:35,672 - ERROR - Error on attempt 225: Failed to setup driver
Traceback (most recent call last):
  File "C:\laragon\www\dapokalsel\sekolah\import_url_kabupaten.pyw", line 388, in process_url_induk
    logger.warning(f"Row {idx} missing data: kode={kode}, nama={nama}, url={full_url}")
Exception: Failed to setup driver
2025-10-26 22:19:35,688 - INFO - Retry attempt 226/300...
2025-10-26 22:19:50,693 - INFO - Setting up Chrome driver...
2025-10-26 22:19:50,694 - INFO - Using profile directory: C:\laragon\www\dapokalsel\chrome_profile
2025-10-26 22:19:50,694 - INFO - Initializing undetected Chrome driver...
2025-10-26 22:19:55,225 - ERROR - Failed to setup driver: [WinError 183] Cannot create a file when that file already exists: 'C:\\laragon\\www\\dapokalsel\\sekolah\\~\\appdata\\roaming\\undetected_chromedriver\\undetected\\chromedriver-win32\\chromedriver.exe' -> 'C:\\laragon\\www\\dapokalsel\\sekolah\\~\\appdata\\roaming\\undetected_chromedriver\\undetected_chromedriver.exe'
Traceback (most recent call last):
  File "C:\laragon\www\dapokalsel\sekolah\import_url_kabupaten.pyw", line 92, in setup_driver
    temp_dir = tempfile.gettempdir()
  File "C:\laragon\bin\python\python-3.10\lib\site-packages\undetected_chromedriver\__init__.py", line 258, in __init__
    self.patcher.auto()
  File "C:\laragon\bin\python\python-3.10\lib\site-packages\undetected_chromedriver\patcher.py", line 178, in auto
    self.unzip_package(self.fetch_package())
  File "C:\laragon\bin\python\python-3.10\lib\site-packages\undetected_chromedriver\patcher.py", line 310, in unzip_package
    os.rename(os.path.join(self.zip_path, exe_path), self.executable_path)
FileExistsError: [WinError 183] Cannot create a file when that file already exists: 'C:\\laragon\\www\\dapokalsel\\sekolah\\~\\appdata\\roaming\\undetected_chromedriver\\undetected\\chromedriver-win32\\chromedriver.exe' -> 'C:\\laragon\\www\\dapokalsel\\sekolah\\~\\appdata\\roaming\\undetected_chromedriver\\undetected_chromedriver.exe'
2025-10-26 22:19:55,225 - ERROR - Error on attempt 226: Failed to setup driver
Traceback (most recent call last):
  File "C:\laragon\www\dapokalsel\sekolah\import_url_kabupaten.pyw", line 388, in process_url_induk
    logger.warning(f"Row {idx} missing data: kode={kode}, nama={nama}, url={full_url}")
Exception: Failed to setup driver
2025-10-26 22:19:55,225 - INFO - Retry attempt 227/300...
2025-10-26 22:20:10,225 - INFO - Setting up Chrome driver...
2025-10-26 22:20:10,226 - INFO - Using profile directory: C:\laragon\www\dapokalsel\chrome_profile
2025-10-26 22:20:10,227 - INFO - Initializing undetected Chrome driver...
2025-10-26 22:20:22,544 - ERROR - Failed to setup driver: [WinError 183] Cannot create a file when that file already exists: 'C:\\laragon\\www\\dapokalsel\\sekolah\\~\\appdata\\roaming\\undetected_chromedriver\\undetected\\chromedriver-win32\\chromedriver.exe' -> 'C:\\laragon\\www\\dapokalsel\\sekolah\\~\\appdata\\roaming\\undetected_chromedriver\\undetected_chromedriver.exe'
Traceback (most recent call last):
  File "C:\laragon\www\dapokalsel\sekolah\import_url_kabupaten.pyw", line 92, in setup_driver
    temp_dir = tempfile.gettempdir()
  File "C:\laragon\bin\python\python-3.10\lib\site-packages\undetected_chromedriver\__init__.py", line 258, in __init__
    self.patcher.auto()
  File "C:\laragon\bin\python\python-3.10\lib\site-packages\undetected_chromedriver\patcher.py", line 178, in auto
    self.unzip_package(self.fetch_package())
  File "C:\laragon\bin\python\python-3.10\lib\site-packages\undetected_chromedriver\patcher.py", line 310, in unzip_package
    os.rename(os.path.join(self.zip_path, exe_path), self.executable_path)
FileExistsError: [WinError 183] Cannot create a file when that file already exists: 'C:\\laragon\\www\\dapokalsel\\sekolah\\~\\appdata\\roaming\\undetected_chromedriver\\undetected\\chromedriver-win32\\chromedriver.exe' -> 'C:\\laragon\\www\\dapokalsel\\sekolah\\~\\appdata\\roaming\\undetected_chromedriver\\undetected_chromedriver.exe'
2025-10-26 22:20:22,544 - ERROR - Error on attempt 227: Failed to setup driver
Traceback (most recent call last):
  File "C:\laragon\www\dapokalsel\sekolah\import_url_kabupaten.pyw", line 388, in process_url_induk
    logger.warning(f"Row {idx} missing data: kode={kode}, nama={nama}, url={full_url}")
Exception: Failed to setup driver
2025-10-26 22:20:22,544 - INFO - Retry attempt 228/300...
2025-10-26 22:20:37,548 - INFO - Setting up Chrome driver...
2025-10-26 22:20:37,548 - INFO - Using profile directory: C:\laragon\www\dapokalsel\chrome_profile
2025-10-26 22:20:37,548 - INFO - Initializing undetected Chrome driver...
2025-10-26 22:20:43,595 - ERROR - Failed to setup driver: [WinError 183] Cannot create a file when that file already exists: 'C:\\laragon\\www\\dapokalsel\\sekolah\\~\\appdata\\roaming\\undetected_chromedriver\\undetected\\chromedriver-win32\\chromedriver.exe' -> 'C:\\laragon\\www\\dapokalsel\\sekolah\\~\\appdata\\roaming\\undetected_chromedriver\\undetected_chromedriver.exe'
Traceback (most recent call last):
  File "C:\laragon\www\dapokalsel\sekolah\import_url_kabupaten.pyw", line 92, in setup_driver
    temp_dir = tempfile.gettempdir()
  File "C:\laragon\bin\python\python-3.10\lib\site-packages\undetected_chromedriver\__init__.py", line 258, in __init__
    self.patcher.auto()
  File "C:\laragon\bin\python\python-3.10\lib\site-packages\undetected_chromedriver\patcher.py", line 178, in auto
    self.unzip_package(self.fetch_package())
  File "C:\laragon\bin\python\python-3.10\lib\site-packages\undetected_chromedriver\patcher.py", line 310, in unzip_package
    os.rename(os.path.join(self.zip_path, exe_path), self.executable_path)
FileExistsError: [WinError 183] Cannot create a file when that file already exists: 'C:\\laragon\\www\\dapokalsel\\sekolah\\~\\appdata\\roaming\\undetected_chromedriver\\undetected\\chromedriver-win32\\chromedriver.exe' -> 'C:\\laragon\\www\\dapokalsel\\sekolah\\~\\appdata\\roaming\\undetected_chromedriver\\undetected_chromedriver.exe'
2025-10-26 22:20:43,595 - ERROR - Error on attempt 228: Failed to setup driver
Traceback (most recent call last):
  File "C:\laragon\www\dapokalsel\sekolah\import_url_kabupaten.pyw", line 388, in process_url_induk
    logger.warning(f"Row {idx} missing data: kode={kode}, nama={nama}, url={full_url}")
Exception: Failed to setup driver
2025-10-26 22:20:43,595 - INFO - Retry attempt 229/300...
2025-10-26 22:20:58,605 - INFO - Setting up Chrome driver...
2025-10-26 22:20:58,608 - INFO - Using profile directory: C:\laragon\www\dapokalsel\chrome_profile
2025-10-26 22:20:58,608 - INFO - Initializing undetected Chrome driver...
2025-10-26 22:21:04,032 - INFO - patching driver executable C:\laragon\www\dapokalsel\sekolah\~\appdata\roaming\undetected_chromedriver\undetected_chromedriver.exe
2025-10-26 22:21:04,141 - ERROR - Failed to setup driver: Binary Location Must be a String
Traceback (most recent call last):
  File "C:\laragon\www\dapokalsel\sekolah\import_url_kabupaten.pyw", line 92, in setup_driver
    temp_dir = tempfile.gettempdir()
  File "C:\laragon\bin\python\python-3.10\lib\site-packages\undetected_chromedriver\__init__.py", line 372, in __init__
    options.binary_location = (
  File "C:\laragon\bin\python\python-3.10\lib\site-packages\selenium\webdriver\chromium\options.py", line 52, in binary_location
    raise TypeError(self.BINARY_LOCATION_ERROR)
TypeError: Binary Location Must be a String
2025-10-26 22:21:04,141 - ERROR - Error on attempt 229: Failed to setup driver
Traceback (most recent call last):
  File "C:\laragon\www\dapokalsel\sekolah\import_url_kabupaten.pyw", line 388, in process_url_induk
    logger.warning(f"Row {idx} missing data: kode={kode}, nama={nama}, url={full_url}")
Exception: Failed to setup driver
2025-10-26 22:21:04,141 - INFO - Retry attempt 230/300...
2025-10-26 22:21:19,142 - INFO - Setting up Chrome driver...
2025-10-26 22:21:19,142 - INFO - Using profile directory: C:\laragon\www\dapokalsel\chrome_profile
2025-10-26 22:21:19,142 - INFO - Initializing undetected Chrome driver...
2025-10-26 22:21:28,789 - ERROR - Failed to setup driver: [WinError 183] Cannot create a file when that file already exists: 'C:\\laragon\\www\\dapokalsel\\sekolah\\~\\appdata\\roaming\\undetected_chromedriver\\undetected\\chromedriver-win32\\chromedriver.exe' -> 'C:\\laragon\\www\\dapokalsel\\sekolah\\~\\appdata\\roaming\\undetected_chromedriver\\undetected_chromedriver.exe'
Traceback (most recent call last):
  File "C:\laragon\www\dapokalsel\sekolah\import_url_kabupaten.pyw", line 92, in setup_driver
    temp_dir = tempfile.gettempdir()
  File "C:\laragon\bin\python\python-3.10\lib\site-packages\undetected_chromedriver\__init__.py", line 258, in __init__
    self.patcher.auto()
  File "C:\laragon\bin\python\python-3.10\lib\site-packages\undetected_chromedriver\patcher.py", line 178, in auto
    self.unzip_package(self.fetch_package())
  File "C:\laragon\bin\python\python-3.10\lib\site-packages\undetected_chromedriver\patcher.py", line 310, in unzip_package
    os.rename(os.path.join(self.zip_path, exe_path), self.executable_path)
FileExistsError: [WinError 183] Cannot create a file when that file already exists: 'C:\\laragon\\www\\dapokalsel\\sekolah\\~\\appdata\\roaming\\undetected_chromedriver\\undetected\\chromedriver-win32\\chromedriver.exe' -> 'C:\\laragon\\www\\dapokalsel\\sekolah\\~\\appdata\\roaming\\undetected_chromedriver\\undetected_chromedriver.exe'
2025-10-26 22:21:28,789 - ERROR - Error on attempt 230: Failed to setup driver
Traceback (most recent call last):
  File "C:\laragon\www\dapokalsel\sekolah\import_url_kabupaten.pyw", line 388, in process_url_induk
    logger.warning(f"Row {idx} missing data: kode={kode}, nama={nama}, url={full_url}")
Exception: Failed to setup driver
2025-10-26 22:21:28,789 - INFO - Retry attempt 231/300...
2025-10-26 22:21:43,790 - INFO - Setting up Chrome driver...
2025-10-26 22:21:43,790 - INFO - Using profile directory: C:\laragon\www\dapokalsel\chrome_profile
2025-10-26 22:21:43,791 - INFO - Initializing undetected Chrome driver...
2025-10-26 22:21:51,250 - INFO - patching driver executable C:\laragon\www\dapokalsel\sekolah\~\appdata\roaming\undetected_chromedriver\undetected_chromedriver.exe
2025-10-26 22:21:51,374 - ERROR - Failed to setup driver: Binary Location Must be a String
Traceback (most recent call last):
  File "C:\laragon\www\dapokalsel\sekolah\import_url_kabupaten.pyw", line 92, in setup_driver
    temp_dir = tempfile.gettempdir()
  File "C:\laragon\bin\python\python-3.10\lib\site-packages\undetected_chromedriver\__init__.py", line 372, in __init__
    options.binary_location = (
  File "C:\laragon\bin\python\python-3.10\lib\site-packages\selenium\webdriver\chromium\options.py", line 52, in binary_location
    raise TypeError(self.BINARY_LOCATION_ERROR)
TypeError: Binary Location Must be a String
2025-10-26 22:21:51,376 - ERROR - Error on attempt 231: Failed to setup driver
Traceback (most recent call last):
  File "C:\laragon\www\dapokalsel\sekolah\import_url_kabupaten.pyw", line 388, in process_url_induk
    logger.warning(f"Row {idx} missing data: kode={kode}, nama={nama}, url={full_url}")
Exception: Failed to setup driver
2025-10-26 22:21:51,377 - INFO - Retry attempt 232/300...
2025-10-26 22:22:06,387 - INFO - Setting up Chrome driver...
2025-10-26 22:22:06,388 - INFO - Using profile directory: C:\laragon\www\dapokalsel\chrome_profile
2025-10-26 22:22:06,389 - INFO - Initializing undetected Chrome driver...
2025-10-26 22:22:15,298 - INFO - patching driver executable C:\laragon\www\dapokalsel\sekolah\~\appdata\roaming\undetected_chromedriver\undetected_chromedriver.exe
2025-10-26 22:22:15,407 - ERROR - Failed to setup driver: Binary Location Must be a String
Traceback (most recent call last):
  File "C:\laragon\www\dapokalsel\sekolah\import_url_kabupaten.pyw", line 92, in setup_driver
    temp_dir = tempfile.gettempdir()
  File "C:\laragon\bin\python\python-3.10\lib\site-packages\undetected_chromedriver\__init__.py", line 372, in __init__
    options.binary_location = (
  File "C:\laragon\bin\python\python-3.10\lib\site-packages\selenium\webdriver\chromium\options.py", line 52, in binary_location
    raise TypeError(self.BINARY_LOCATION_ERROR)
TypeError: Binary Location Must be a String
2025-10-26 22:22:15,407 - ERROR - Error on attempt 232: Failed to setup driver
Traceback (most recent call last):
  File "C:\laragon\www\dapokalsel\sekolah\import_url_kabupaten.pyw", line 388, in process_url_induk
    logger.warning(f"Row {idx} missing data: kode={kode}, nama={nama}, url={full_url}")
Exception: Failed to setup driver
2025-10-26 22:22:15,407 - INFO - Retry attempt 233/300...
2025-10-26 22:22:30,418 - INFO - Setting up Chrome driver...
2025-10-26 22:22:30,418 - INFO - Using profile directory: C:\laragon\www\dapokalsel\chrome_profile
2025-10-26 22:22:30,419 - INFO - Initializing undetected Chrome driver...
2025-10-26 22:22:45,171 - INFO - patching driver executable C:\laragon\www\dapokalsel\sekolah\~\appdata\roaming\undetected_chromedriver\undetected_chromedriver.exe
2025-10-26 22:22:45,262 - ERROR - Failed to setup driver: Binary Location Must be a String
Traceback (most recent call last):
  File "C:\laragon\www\dapokalsel\sekolah\import_url_kabupaten.pyw", line 92, in setup_driver
    temp_dir = tempfile.gettempdir()
  File "C:\laragon\bin\python\python-3.10\lib\site-packages\undetected_chromedriver\__init__.py", line 372, in __init__
    options.binary_location = (
  File "C:\laragon\bin\python\python-3.10\lib\site-packages\selenium\webdriver\chromium\options.py", line 52, in binary_location
    raise TypeError(self.BINARY_LOCATION_ERROR)
TypeError: Binary Location Must be a String
2025-10-26 22:22:45,262 - ERROR - Error on attempt 233: Failed to setup driver
Traceback (most recent call last):
  File "C:\laragon\www\dapokalsel\sekolah\import_url_kabupaten.pyw", line 388, in process_url_induk
    logger.warning(f"Row {idx} missing data: kode={kode}, nama={nama}, url={full_url}")
Exception: Failed to setup driver
2025-10-26 22:22:45,262 - INFO - Retry attempt 234/300...
2025-10-26 22:23:00,266 - INFO - Setting up Chrome driver...
2025-10-26 22:23:00,270 - INFO - Using profile directory: C:\laragon\www\dapokalsel\chrome_profile
2025-10-26 22:23:00,270 - INFO - Initializing undetected Chrome driver...
2025-10-26 22:23:07,179 - INFO - patching driver executable C:\laragon\www\dapokalsel\sekolah\~\appdata\roaming\undetected_chromedriver\undetected_chromedriver.exe
2025-10-26 22:23:07,260 - ERROR - Failed to setup driver: Binary Location Must be a String
Traceback (most recent call last):
  File "C:\laragon\www\dapokalsel\sekolah\import_url_kabupaten.pyw", line 92, in setup_driver
    temp_dir = tempfile.gettempdir()
  File "C:\laragon\bin\python\python-3.10\lib\site-packages\undetected_chromedriver\__init__.py", line 372, in __init__
    options.binary_location = (
  File "C:\laragon\bin\python\python-3.10\lib\site-packages\selenium\webdriver\chromium\options.py", line 52, in binary_location
    raise TypeError(self.BINARY_LOCATION_ERROR)
TypeError: Binary Location Must be a String
2025-10-26 22:23:07,260 - ERROR - Error on attempt 234: Failed to setup driver
Traceback (most recent call last):
  File "C:\laragon\www\dapokalsel\sekolah\import_url_kabupaten.pyw", line 388, in process_url_induk
    logger.warning(f"Row {idx} missing data: kode={kode}, nama={nama}, url={full_url}")
Exception: Failed to setup driver
2025-10-26 22:23:07,275 - INFO - Retry attempt 235/300...
2025-10-26 22:23:22,281 - INFO - Setting up Chrome driver...
2025-10-26 22:23:22,283 - INFO - Using profile directory: C:\laragon\www\dapokalsel\chrome_profile
2025-10-26 22:23:22,283 - INFO - Initializing undetected Chrome driver...
2025-10-26 22:23:28,366 - ERROR - Failed to setup driver: [WinError 183] Cannot create a file when that file already exists: 'C:\\laragon\\www\\dapokalsel\\sekolah\\~\\appdata\\roaming\\undetected_chromedriver\\undetected\\chromedriver-win32\\chromedriver.exe' -> 'C:\\laragon\\www\\dapokalsel\\sekolah\\~\\appdata\\roaming\\undetected_chromedriver\\undetected_chromedriver.exe'
Traceback (most recent call last):
  File "C:\laragon\www\dapokalsel\sekolah\import_url_kabupaten.pyw", line 92, in setup_driver
    temp_dir = tempfile.gettempdir()
  File "C:\laragon\bin\python\python-3.10\lib\site-packages\undetected_chromedriver\__init__.py", line 258, in __init__
    self.patcher.auto()
  File "C:\laragon\bin\python\python-3.10\lib\site-packages\undetected_chromedriver\patcher.py", line 178, in auto
    self.unzip_package(self.fetch_package())
  File "C:\laragon\bin\python\python-3.10\lib\site-packages\undetected_chromedriver\patcher.py", line 310, in unzip_package
    os.rename(os.path.join(self.zip_path, exe_path), self.executable_path)
FileExistsError: [WinError 183] Cannot create a file when that file already exists: 'C:\\laragon\\www\\dapokalsel\\sekolah\\~\\appdata\\roaming\\undetected_chromedriver\\undetected\\chromedriver-win32\\chromedriver.exe' -> 'C:\\laragon\\www\\dapokalsel\\sekolah\\~\\appdata\\roaming\\undetected_chromedriver\\undetected_chromedriver.exe'
2025-10-26 22:23:28,366 - ERROR - Error on attempt 235: Failed to setup driver
Traceback (most recent call last):
  File "C:\laragon\www\dapokalsel\sekolah\import_url_kabupaten.pyw", line 388, in process_url_induk
    logger.warning(f"Row {idx} missing data: kode={kode}, nama={nama}, url={full_url}")
Exception: Failed to setup driver
2025-10-26 22:23:28,366 - INFO - Retry attempt 236/300...
2025-10-26 22:23:43,376 - INFO - Setting up Chrome driver...
2025-10-26 22:23:43,376 - INFO - Using profile directory: C:\laragon\www\dapokalsel\chrome_profile
2025-10-26 22:23:43,376 - INFO - Initializing undetected Chrome driver...
2025-10-26 22:23:54,781 - ERROR - Failed to setup driver: [WinError 183] Cannot create a file when that file already exists: 'C:\\laragon\\www\\dapokalsel\\sekolah\\~\\appdata\\roaming\\undetected_chromedriver\\undetected\\chromedriver-win32\\chromedriver.exe' -> 'C:\\laragon\\www\\dapokalsel\\sekolah\\~\\appdata\\roaming\\undetected_chromedriver\\undetected_chromedriver.exe'
Traceback (most recent call last):
  File "C:\laragon\www\dapokalsel\sekolah\import_url_kabupaten.pyw", line 92, in setup_driver
    temp_dir = tempfile.gettempdir()
  File "C:\laragon\bin\python\python-3.10\lib\site-packages\undetected_chromedriver\__init__.py", line 258, in __init__
    self.patcher.auto()
  File "C:\laragon\bin\python\python-3.10\lib\site-packages\undetected_chromedriver\patcher.py", line 178, in auto
    self.unzip_package(self.fetch_package())
  File "C:\laragon\bin\python\python-3.10\lib\site-packages\undetected_chromedriver\patcher.py", line 310, in unzip_package
    os.rename(os.path.join(self.zip_path, exe_path), self.executable_path)
FileExistsError: [WinError 183] Cannot create a file when that file already exists: 'C:\\laragon\\www\\dapokalsel\\sekolah\\~\\appdata\\roaming\\undetected_chromedriver\\undetected\\chromedriver-win32\\chromedriver.exe' -> 'C:\\laragon\\www\\dapokalsel\\sekolah\\~\\appdata\\roaming\\undetected_chromedriver\\undetected_chromedriver.exe'
2025-10-26 22:23:54,781 - ERROR - Error on attempt 236: Failed to setup driver
Traceback (most recent call last):
  File "C:\laragon\www\dapokalsel\sekolah\import_url_kabupaten.pyw", line 388, in process_url_induk
    logger.warning(f"Row {idx} missing data: kode={kode}, nama={nama}, url={full_url}")
Exception: Failed to setup driver
2025-10-26 22:23:54,781 - INFO - Retry attempt 237/300...
2025-10-26 22:24:09,782 - INFO - Setting up Chrome driver...
2025-10-26 22:24:09,782 - INFO - Using profile directory: C:\laragon\www\dapokalsel\chrome_profile
2025-10-26 22:24:09,782 - INFO - Initializing undetected Chrome driver...
2025-10-26 22:24:16,430 - ERROR - Failed to setup driver: [WinError 183] Cannot create a file when that file already exists: 'C:\\laragon\\www\\dapokalsel\\sekolah\\~\\appdata\\roaming\\undetected_chromedriver\\undetected\\chromedriver-win32\\chromedriver.exe' -> 'C:\\laragon\\www\\dapokalsel\\sekolah\\~\\appdata\\roaming\\undetected_chromedriver\\undetected_chromedriver.exe'
Traceback (most recent call last):
  File "C:\laragon\www\dapokalsel\sekolah\import_url_kabupaten.pyw", line 92, in setup_driver
    temp_dir = tempfile.gettempdir()
  File "C:\laragon\bin\python\python-3.10\lib\site-packages\undetected_chromedriver\__init__.py", line 258, in __init__
    self.patcher.auto()
  File "C:\laragon\bin\python\python-3.10\lib\site-packages\undetected_chromedriver\patcher.py", line 178, in auto
    self.unzip_package(self.fetch_package())
  File "C:\laragon\bin\python\python-3.10\lib\site-packages\undetected_chromedriver\patcher.py", line 310, in unzip_package
    os.rename(os.path.join(self.zip_path, exe_path), self.executable_path)
FileExistsError: [WinError 183] Cannot create a file when that file already exists: 'C:\\laragon\\www\\dapokalsel\\sekolah\\~\\appdata\\roaming\\undetected_chromedriver\\undetected\\chromedriver-win32\\chromedriver.exe' -> 'C:\\laragon\\www\\dapokalsel\\sekolah\\~\\appdata\\roaming\\undetected_chromedriver\\undetected_chromedriver.exe'
2025-10-26 22:24:16,430 - ERROR - Error on attempt 237: Failed to setup driver
Traceback (most recent call last):
  File "C:\laragon\www\dapokalsel\sekolah\import_url_kabupaten.pyw", line 388, in process_url_induk
    logger.warning(f"Row {idx} missing data: kode={kode}, nama={nama}, url={full_url}")
Exception: Failed to setup driver
2025-10-26 22:24:16,430 - INFO - Retry attempt 238/300...
2025-10-26 22:24:31,442 - INFO - Setting up Chrome driver...
2025-10-26 22:24:31,444 - INFO - Using profile directory: C:\laragon\www\dapokalsel\chrome_profile
2025-10-26 22:24:31,444 - INFO - Initializing undetected Chrome driver...
2025-10-26 22:24:38,750 - INFO - patching driver executable C:\laragon\www\dapokalsel\sekolah\~\appdata\roaming\undetected_chromedriver\undetected_chromedriver.exe
2025-10-26 22:24:38,880 - ERROR - Failed to setup driver: Binary Location Must be a String
Traceback (most recent call last):
  File "C:\laragon\www\dapokalsel\sekolah\import_url_kabupaten.pyw", line 92, in setup_driver
    temp_dir = tempfile.gettempdir()
  File "C:\laragon\bin\python\python-3.10\lib\site-packages\undetected_chromedriver\__init__.py", line 372, in __init__
    options.binary_location = (
  File "C:\laragon\bin\python\python-3.10\lib\site-packages\selenium\webdriver\chromium\options.py", line 52, in binary_location
    raise TypeError(self.BINARY_LOCATION_ERROR)
TypeError: Binary Location Must be a String
2025-10-26 22:24:38,880 - ERROR - Error on attempt 238: Failed to setup driver
Traceback (most recent call last):
  File "C:\laragon\www\dapokalsel\sekolah\import_url_kabupaten.pyw", line 388, in process_url_induk
    logger.warning(f"Row {idx} missing data: kode={kode}, nama={nama}, url={full_url}")
Exception: Failed to setup driver
2025-10-26 22:24:38,880 - INFO - Retry attempt 239/300...
2025-10-26 22:24:53,891 - INFO - Setting up Chrome driver...
2025-10-26 22:24:53,891 - INFO - Using profile directory: C:\laragon\www\dapokalsel\chrome_profile
2025-10-26 22:24:53,891 - INFO - Initializing undetected Chrome driver...
2025-10-26 22:25:09,438 - ERROR - Failed to setup driver: [WinError 183] Cannot create a file when that file already exists: 'C:\\laragon\\www\\dapokalsel\\sekolah\\~\\appdata\\roaming\\undetected_chromedriver\\undetected\\chromedriver-win32\\chromedriver.exe' -> 'C:\\laragon\\www\\dapokalsel\\sekolah\\~\\appdata\\roaming\\undetected_chromedriver\\undetected_chromedriver.exe'
Traceback (most recent call last):
  File "C:\laragon\www\dapokalsel\sekolah\import_url_kabupaten.pyw", line 92, in setup_driver
    temp_dir = tempfile.gettempdir()
  File "C:\laragon\bin\python\python-3.10\lib\site-packages\undetected_chromedriver\__init__.py", line 258, in __init__
    self.patcher.auto()
  File "C:\laragon\bin\python\python-3.10\lib\site-packages\undetected_chromedriver\patcher.py", line 178, in auto
    self.unzip_package(self.fetch_package())
  File "C:\laragon\bin\python\python-3.10\lib\site-packages\undetected_chromedriver\patcher.py", line 310, in unzip_package
    os.rename(os.path.join(self.zip_path, exe_path), self.executable_path)
FileExistsError: [WinError 183] Cannot create a file when that file already exists: 'C:\\laragon\\www\\dapokalsel\\sekolah\\~\\appdata\\roaming\\undetected_chromedriver\\undetected\\chromedriver-win32\\chromedriver.exe' -> 'C:\\laragon\\www\\dapokalsel\\sekolah\\~\\appdata\\roaming\\undetected_chromedriver\\undetected_chromedriver.exe'
2025-10-26 22:25:09,438 - ERROR - Error on attempt 239: Failed to setup driver
Traceback (most recent call last):
  File "C:\laragon\www\dapokalsel\sekolah\import_url_kabupaten.pyw", line 388, in process_url_induk
    logger.warning(f"Row {idx} missing data: kode={kode}, nama={nama}, url={full_url}")
Exception: Failed to setup driver
2025-10-26 22:25:09,438 - INFO - Retry attempt 240/300...
2025-10-26 22:25:24,443 - INFO - Setting up Chrome driver...
2025-10-26 22:25:24,444 - INFO - Using profile directory: C:\laragon\www\dapokalsel\chrome_profile
2025-10-26 22:25:24,445 - INFO - Initializing undetected Chrome driver...
2025-10-26 22:25:31,110 - INFO - patching driver executable C:\laragon\www\dapokalsel\sekolah\~\appdata\roaming\undetected_chromedriver\undetected_chromedriver.exe
2025-10-26 22:25:31,210 - ERROR - Failed to setup driver: Binary Location Must be a String
Traceback (most recent call last):
  File "C:\laragon\www\dapokalsel\sekolah\import_url_kabupaten.pyw", line 92, in setup_driver
    temp_dir = tempfile.gettempdir()
  File "C:\laragon\bin\python\python-3.10\lib\site-packages\undetected_chromedriver\__init__.py", line 372, in __init__
    options.binary_location = (
  File "C:\laragon\bin\python\python-3.10\lib\site-packages\selenium\webdriver\chromium\options.py", line 52, in binary_location
    raise TypeError(self.BINARY_LOCATION_ERROR)
TypeError: Binary Location Must be a String
2025-10-26 22:25:31,211 - ERROR - Error on attempt 240: Failed to setup driver
Traceback (most recent call last):
  File "C:\laragon\www\dapokalsel\sekolah\import_url_kabupaten.pyw", line 388, in process_url_induk
    logger.warning(f"Row {idx} missing data: kode={kode}, nama={nama}, url={full_url}")
Exception: Failed to setup driver
2025-10-26 22:25:31,212 - INFO - Retry attempt 241/300...
2025-10-26 22:25:46,212 - INFO - Setting up Chrome driver...
2025-10-26 22:25:46,213 - INFO - Using profile directory: C:\laragon\www\dapokalsel\chrome_profile
2025-10-26 22:25:46,214 - INFO - Initializing undetected Chrome driver...
2025-10-26 22:25:52,292 - INFO - patching driver executable C:\laragon\www\dapokalsel\sekolah\~\appdata\roaming\undetected_chromedriver\undetected_chromedriver.exe
2025-10-26 22:25:52,413 - ERROR - Failed to setup driver: Binary Location Must be a String
Traceback (most recent call last):
  File "C:\laragon\www\dapokalsel\sekolah\import_url_kabupaten.pyw", line 92, in setup_driver
    temp_dir = tempfile.gettempdir()
  File "C:\laragon\bin\python\python-3.10\lib\site-packages\undetected_chromedriver\__init__.py", line 372, in __init__
    options.binary_location = (
  File "C:\laragon\bin\python\python-3.10\lib\site-packages\selenium\webdriver\chromium\options.py", line 52, in binary_location
    raise TypeError(self.BINARY_LOCATION_ERROR)
TypeError: Binary Location Must be a String
2025-10-26 22:25:52,414 - ERROR - Error on attempt 241: Failed to setup driver
Traceback (most recent call last):
  File "C:\laragon\www\dapokalsel\sekolah\import_url_kabupaten.pyw", line 388, in process_url_induk
    logger.warning(f"Row {idx} missing data: kode={kode}, nama={nama}, url={full_url}")
Exception: Failed to setup driver
2025-10-26 22:25:52,414 - INFO - Retry attempt 242/300...
2025-10-26 22:26:07,420 - INFO - Setting up Chrome driver...
2025-10-26 22:26:07,420 - INFO - Using profile directory: C:\laragon\www\dapokalsel\chrome_profile
2025-10-26 22:26:07,420 - INFO - Initializing undetected Chrome driver...
2025-10-26 22:26:16,790 - INFO - patching driver executable C:\laragon\www\dapokalsel\sekolah\~\appdata\roaming\undetected_chromedriver\undetected_chromedriver.exe
2025-10-26 22:26:16,875 - ERROR - Failed to setup driver: Binary Location Must be a String
Traceback (most recent call last):
  File "C:\laragon\www\dapokalsel\sekolah\import_url_kabupaten.pyw", line 92, in setup_driver
    temp_dir = tempfile.gettempdir()
  File "C:\laragon\bin\python\python-3.10\lib\site-packages\undetected_chromedriver\__init__.py", line 372, in __init__
    options.binary_location = (
  File "C:\laragon\bin\python\python-3.10\lib\site-packages\selenium\webdriver\chromium\options.py", line 52, in binary_location
    raise TypeError(self.BINARY_LOCATION_ERROR)
TypeError: Binary Location Must be a String
2025-10-26 22:26:16,875 - ERROR - Error on attempt 242: Failed to setup driver
Traceback (most recent call last):
  File "C:\laragon\www\dapokalsel\sekolah\import_url_kabupaten.pyw", line 388, in process_url_induk
    logger.warning(f"Row {idx} missing data: kode={kode}, nama={nama}, url={full_url}")
Exception: Failed to setup driver
2025-10-26 22:26:16,875 - INFO - Retry attempt 243/300...
2025-10-26 22:26:31,875 - INFO - Setting up Chrome driver...
2025-10-26 22:26:31,875 - INFO - Using profile directory: C:\laragon\www\dapokalsel\chrome_profile
2025-10-26 22:26:31,875 - INFO - Initializing undetected Chrome driver...
2025-10-26 22:26:42,272 - ERROR - Failed to setup driver: [WinError 183] Cannot create a file when that file already exists: 'C:\\laragon\\www\\dapokalsel\\sekolah\\~\\appdata\\roaming\\undetected_chromedriver\\undetected\\chromedriver-win32\\chromedriver.exe' -> 'C:\\laragon\\www\\dapokalsel\\sekolah\\~\\appdata\\roaming\\undetected_chromedriver\\undetected_chromedriver.exe'
Traceback (most recent call last):
  File "C:\laragon\www\dapokalsel\sekolah\import_url_kabupaten.pyw", line 92, in setup_driver
    temp_dir = tempfile.gettempdir()
  File "C:\laragon\bin\python\python-3.10\lib\site-packages\undetected_chromedriver\__init__.py", line 258, in __init__
    self.patcher.auto()
  File "C:\laragon\bin\python\python-3.10\lib\site-packages\undetected_chromedriver\patcher.py", line 178, in auto
    self.unzip_package(self.fetch_package())
  File "C:\laragon\bin\python\python-3.10\lib\site-packages\undetected_chromedriver\patcher.py", line 310, in unzip_package
    os.rename(os.path.join(self.zip_path, exe_path), self.executable_path)
FileExistsError: [WinError 183] Cannot create a file when that file already exists: 'C:\\laragon\\www\\dapokalsel\\sekolah\\~\\appdata\\roaming\\undetected_chromedriver\\undetected\\chromedriver-win32\\chromedriver.exe' -> 'C:\\laragon\\www\\dapokalsel\\sekolah\\~\\appdata\\roaming\\undetected_chromedriver\\undetected_chromedriver.exe'
2025-10-26 22:26:42,272 - ERROR - Error on attempt 243: Failed to setup driver
Traceback (most recent call last):
  File "C:\laragon\www\dapokalsel\sekolah\import_url_kabupaten.pyw", line 388, in process_url_induk
    logger.warning(f"Row {idx} missing data: kode={kode}, nama={nama}, url={full_url}")
Exception: Failed to setup driver
2025-10-26 22:26:42,272 - INFO - Retry attempt 244/300...
2025-10-26 22:26:57,281 - INFO - Setting up Chrome driver...
2025-10-26 22:26:57,281 - INFO - Using profile directory: C:\laragon\www\dapokalsel\chrome_profile
2025-10-26 22:26:57,281 - INFO - Initializing undetected Chrome driver...
2025-10-26 22:27:04,487 - ERROR - Failed to setup driver: [WinError 183] Cannot create a file when that file already exists: 'C:\\laragon\\www\\dapokalsel\\sekolah\\~\\appdata\\roaming\\undetected_chromedriver\\undetected\\chromedriver-win32\\chromedriver.exe' -> 'C:\\laragon\\www\\dapokalsel\\sekolah\\~\\appdata\\roaming\\undetected_chromedriver\\undetected_chromedriver.exe'
Traceback (most recent call last):
  File "C:\laragon\www\dapokalsel\sekolah\import_url_kabupaten.pyw", line 92, in setup_driver
    temp_dir = tempfile.gettempdir()
  File "C:\laragon\bin\python\python-3.10\lib\site-packages\undetected_chromedriver\__init__.py", line 258, in __init__
    self.patcher.auto()
  File "C:\laragon\bin\python\python-3.10\lib\site-packages\undetected_chromedriver\patcher.py", line 178, in auto
    self.unzip_package(self.fetch_package())
  File "C:\laragon\bin\python\python-3.10\lib\site-packages\undetected_chromedriver\patcher.py", line 310, in unzip_package
    os.rename(os.path.join(self.zip_path, exe_path), self.executable_path)
FileExistsError: [WinError 183] Cannot create a file when that file already exists: 'C:\\laragon\\www\\dapokalsel\\sekolah\\~\\appdata\\roaming\\undetected_chromedriver\\undetected\\chromedriver-win32\\chromedriver.exe' -> 'C:\\laragon\\www\\dapokalsel\\sekolah\\~\\appdata\\roaming\\undetected_chromedriver\\undetected_chromedriver.exe'
2025-10-26 22:27:04,487 - ERROR - Error on attempt 244: Failed to setup driver
Traceback (most recent call last):
  File "C:\laragon\www\dapokalsel\sekolah\import_url_kabupaten.pyw", line 388, in process_url_induk
    logger.warning(f"Row {idx} missing data: kode={kode}, nama={nama}, url={full_url}")
Exception: Failed to setup driver
2025-10-26 22:27:04,487 - INFO - Retry attempt 245/300...
2025-10-26 22:27:19,493 - INFO - Setting up Chrome driver...
2025-10-26 22:27:19,493 - INFO - Using profile directory: C:\laragon\www\dapokalsel\chrome_profile
2025-10-26 22:27:19,493 - INFO - Initializing undetected Chrome driver...
2025-10-26 22:27:27,301 - INFO - patching driver executable C:\laragon\www\dapokalsel\sekolah\~\appdata\roaming\undetected_chromedriver\undetected_chromedriver.exe
2025-10-26 22:27:27,401 - ERROR - Failed to setup driver: Binary Location Must be a String
Traceback (most recent call last):
  File "C:\laragon\www\dapokalsel\sekolah\import_url_kabupaten.pyw", line 92, in setup_driver
    temp_dir = tempfile.gettempdir()
  File "C:\laragon\bin\python\python-3.10\lib\site-packages\undetected_chromedriver\__init__.py", line 372, in __init__
    options.binary_location = (
  File "C:\laragon\bin\python\python-3.10\lib\site-packages\selenium\webdriver\chromium\options.py", line 52, in binary_location
    raise TypeError(self.BINARY_LOCATION_ERROR)
TypeError: Binary Location Must be a String
2025-10-26 22:27:27,401 - ERROR - Error on attempt 245: Failed to setup driver
Traceback (most recent call last):
  File "C:\laragon\www\dapokalsel\sekolah\import_url_kabupaten.pyw", line 388, in process_url_induk
    logger.warning(f"Row {idx} missing data: kode={kode}, nama={nama}, url={full_url}")
Exception: Failed to setup driver
2025-10-26 22:27:27,401 - INFO - Retry attempt 246/300...
2025-10-26 22:27:42,402 - INFO - Setting up Chrome driver...
2025-10-26 22:27:42,402 - INFO - Using profile directory: C:\laragon\www\dapokalsel\chrome_profile
2025-10-26 22:27:42,402 - INFO - Initializing undetected Chrome driver...
2025-10-26 22:27:50,711 - ERROR - Failed to setup driver: [WinError 183] Cannot create a file when that file already exists: 'C:\\laragon\\www\\dapokalsel\\sekolah\\~\\appdata\\roaming\\undetected_chromedriver\\undetected\\chromedriver-win32\\chromedriver.exe' -> 'C:\\laragon\\www\\dapokalsel\\sekolah\\~\\appdata\\roaming\\undetected_chromedriver\\undetected_chromedriver.exe'
Traceback (most recent call last):
  File "C:\laragon\www\dapokalsel\sekolah\import_url_kabupaten.pyw", line 92, in setup_driver
    temp_dir = tempfile.gettempdir()
  File "C:\laragon\bin\python\python-3.10\lib\site-packages\undetected_chromedriver\__init__.py", line 258, in __init__
    self.patcher.auto()
  File "C:\laragon\bin\python\python-3.10\lib\site-packages\undetected_chromedriver\patcher.py", line 178, in auto
    self.unzip_package(self.fetch_package())
  File "C:\laragon\bin\python\python-3.10\lib\site-packages\undetected_chromedriver\patcher.py", line 310, in unzip_package
    os.rename(os.path.join(self.zip_path, exe_path), self.executable_path)
FileExistsError: [WinError 183] Cannot create a file when that file already exists: 'C:\\laragon\\www\\dapokalsel\\sekolah\\~\\appdata\\roaming\\undetected_chromedriver\\undetected\\chromedriver-win32\\chromedriver.exe' -> 'C:\\laragon\\www\\dapokalsel\\sekolah\\~\\appdata\\roaming\\undetected_chromedriver\\undetected_chromedriver.exe'
2025-10-26 22:27:50,712 - ERROR - Error on attempt 246: Failed to setup driver
Traceback (most recent call last):
  File "C:\laragon\www\dapokalsel\sekolah\import_url_kabupaten.pyw", line 388, in process_url_induk
    logger.warning(f"Row {idx} missing data: kode={kode}, nama={nama}, url={full_url}")
Exception: Failed to setup driver
2025-10-26 22:27:50,712 - INFO - Retry attempt 247/300...
2025-10-26 22:28:05,712 - INFO - Setting up Chrome driver...
2025-10-26 22:28:05,712 - INFO - Using profile directory: C:\laragon\www\dapokalsel\chrome_profile
2025-10-26 22:28:05,712 - INFO - Initializing undetected Chrome driver...
2025-10-26 22:28:13,753 - ERROR - Failed to setup driver: [WinError 183] Cannot create a file when that file already exists: 'C:\\laragon\\www\\dapokalsel\\sekolah\\~\\appdata\\roaming\\undetected_chromedriver\\undetected\\chromedriver-win32\\chromedriver.exe' -> 'C:\\laragon\\www\\dapokalsel\\sekolah\\~\\appdata\\roaming\\undetected_chromedriver\\undetected_chromedriver.exe'
Traceback (most recent call last):
  File "C:\laragon\www\dapokalsel\sekolah\import_url_kabupaten.pyw", line 92, in setup_driver
    temp_dir = tempfile.gettempdir()
  File "C:\laragon\bin\python\python-3.10\lib\site-packages\undetected_chromedriver\__init__.py", line 258, in __init__
    self.patcher.auto()
  File "C:\laragon\bin\python\python-3.10\lib\site-packages\undetected_chromedriver\patcher.py", line 178, in auto
    self.unzip_package(self.fetch_package())
  File "C:\laragon\bin\python\python-3.10\lib\site-packages\undetected_chromedriver\patcher.py", line 310, in unzip_package
    os.rename(os.path.join(self.zip_path, exe_path), self.executable_path)
FileExistsError: [WinError 183] Cannot create a file when that file already exists: 'C:\\laragon\\www\\dapokalsel\\sekolah\\~\\appdata\\roaming\\undetected_chromedriver\\undetected\\chromedriver-win32\\chromedriver.exe' -> 'C:\\laragon\\www\\dapokalsel\\sekolah\\~\\appdata\\roaming\\undetected_chromedriver\\undetected_chromedriver.exe'
2025-10-26 22:28:13,753 - ERROR - Error on attempt 247: Failed to setup driver
Traceback (most recent call last):
  File "C:\laragon\www\dapokalsel\sekolah\import_url_kabupaten.pyw", line 388, in process_url_induk
    logger.warning(f"Row {idx} missing data: kode={kode}, nama={nama}, url={full_url}")
Exception: Failed to setup driver
2025-10-26 22:28:13,753 - INFO - Retry attempt 248/300...
2025-10-26 22:28:28,755 - INFO - Setting up Chrome driver...
2025-10-26 22:28:28,755 - INFO - Using profile directory: C:\laragon\www\dapokalsel\chrome_profile
2025-10-26 22:28:28,755 - INFO - Initializing undetected Chrome driver...
2025-10-26 22:28:32,765 - INFO - patching driver executable C:\laragon\www\dapokalsel\sekolah\~\appdata\roaming\undetected_chromedriver\undetected_chromedriver.exe
2025-10-26 22:28:32,901 - ERROR - Failed to setup driver: Binary Location Must be a String
Traceback (most recent call last):
  File "C:\laragon\www\dapokalsel\sekolah\import_url_kabupaten.pyw", line 92, in setup_driver
    temp_dir = tempfile.gettempdir()
  File "C:\laragon\bin\python\python-3.10\lib\site-packages\undetected_chromedriver\__init__.py", line 372, in __init__
    options.binary_location = (
  File "C:\laragon\bin\python\python-3.10\lib\site-packages\selenium\webdriver\chromium\options.py", line 52, in binary_location
    raise TypeError(self.BINARY_LOCATION_ERROR)
TypeError: Binary Location Must be a String
2025-10-26 22:28:32,902 - ERROR - Error on attempt 248: Failed to setup driver
Traceback (most recent call last):
  File "C:\laragon\www\dapokalsel\sekolah\import_url_kabupaten.pyw", line 388, in process_url_induk
    logger.warning(f"Row {idx} missing data: kode={kode}, nama={nama}, url={full_url}")
Exception: Failed to setup driver
2025-10-26 22:28:32,902 - INFO - Retry attempt 249/300...
2025-10-26 22:28:47,902 - INFO - Setting up Chrome driver...
2025-10-26 22:28:47,902 - INFO - Using profile directory: C:\laragon\www\dapokalsel\chrome_profile
2025-10-26 22:28:47,902 - INFO - Initializing undetected Chrome driver...
2025-10-26 22:28:57,788 - INFO - patching driver executable C:\laragon\www\dapokalsel\sekolah\~\appdata\roaming\undetected_chromedriver\undetected_chromedriver.exe
2025-10-26 22:28:58,319 - ERROR - Failed to setup driver: Binary Location Must be a String
Traceback (most recent call last):
  File "C:\laragon\www\dapokalsel\sekolah\import_url_kabupaten.pyw", line 92, in setup_driver
    temp_dir = tempfile.gettempdir()
  File "C:\laragon\bin\python\python-3.10\lib\site-packages\undetected_chromedriver\__init__.py", line 372, in __init__
    options.binary_location = (
  File "C:\laragon\bin\python\python-3.10\lib\site-packages\selenium\webdriver\chromium\options.py", line 52, in binary_location
    raise TypeError(self.BINARY_LOCATION_ERROR)
TypeError: Binary Location Must be a String
2025-10-26 22:28:58,319 - ERROR - Error on attempt 249: Failed to setup driver
Traceback (most recent call last):
  File "C:\laragon\www\dapokalsel\sekolah\import_url_kabupaten.pyw", line 388, in process_url_induk
    logger.warning(f"Row {idx} missing data: kode={kode}, nama={nama}, url={full_url}")
Exception: Failed to setup driver
2025-10-26 22:28:58,320 - INFO - Retry attempt 250/300...
2025-10-26 22:29:13,320 - INFO - Setting up Chrome driver...
2025-10-26 22:29:13,320 - INFO - Using profile directory: C:\laragon\www\dapokalsel\chrome_profile
2025-10-26 22:29:13,320 - INFO - Initializing undetected Chrome driver...
2025-10-26 22:29:24,788 - ERROR - Failed to setup driver: [WinError 183] Cannot create a file when that file already exists: 'C:\\laragon\\www\\dapokalsel\\sekolah\\~\\appdata\\roaming\\undetected_chromedriver\\undetected\\chromedriver-win32\\chromedriver.exe' -> 'C:\\laragon\\www\\dapokalsel\\sekolah\\~\\appdata\\roaming\\undetected_chromedriver\\undetected_chromedriver.exe'
Traceback (most recent call last):
  File "C:\laragon\www\dapokalsel\sekolah\import_url_kabupaten.pyw", line 92, in setup_driver
    temp_dir = tempfile.gettempdir()
  File "C:\laragon\bin\python\python-3.10\lib\site-packages\undetected_chromedriver\__init__.py", line 258, in __init__
    self.patcher.auto()
  File "C:\laragon\bin\python\python-3.10\lib\site-packages\undetected_chromedriver\patcher.py", line 178, in auto
    self.unzip_package(self.fetch_package())
  File "C:\laragon\bin\python\python-3.10\lib\site-packages\undetected_chromedriver\patcher.py", line 310, in unzip_package
    os.rename(os.path.join(self.zip_path, exe_path), self.executable_path)
FileExistsError: [WinError 183] Cannot create a file when that file already exists: 'C:\\laragon\\www\\dapokalsel\\sekolah\\~\\appdata\\roaming\\undetected_chromedriver\\undetected\\chromedriver-win32\\chromedriver.exe' -> 'C:\\laragon\\www\\dapokalsel\\sekolah\\~\\appdata\\roaming\\undetected_chromedriver\\undetected_chromedriver.exe'
2025-10-26 22:29:24,789 - ERROR - Error on attempt 250: Failed to setup driver
Traceback (most recent call last):
  File "C:\laragon\www\dapokalsel\sekolah\import_url_kabupaten.pyw", line 388, in process_url_induk
    logger.warning(f"Row {idx} missing data: kode={kode}, nama={nama}, url={full_url}")
Exception: Failed to setup driver
2025-10-26 22:29:24,789 - INFO - Retry attempt 251/300...
2025-10-26 22:29:39,790 - INFO - Setting up Chrome driver...
2025-10-26 22:29:39,790 - INFO - Using profile directory: C:\laragon\www\dapokalsel\chrome_profile
2025-10-26 22:29:39,790 - INFO - Initializing undetected Chrome driver...
2025-10-26 22:29:45,384 - INFO - patching driver executable C:\laragon\www\dapokalsel\sekolah\~\appdata\roaming\undetected_chromedriver\undetected_chromedriver.exe
2025-10-26 22:29:45,494 - ERROR - Failed to setup driver: Binary Location Must be a String
Traceback (most recent call last):
  File "C:\laragon\www\dapokalsel\sekolah\import_url_kabupaten.pyw", line 92, in setup_driver
    temp_dir = tempfile.gettempdir()
  File "C:\laragon\bin\python\python-3.10\lib\site-packages\undetected_chromedriver\__init__.py", line 372, in __init__
    options.binary_location = (
  File "C:\laragon\bin\python\python-3.10\lib\site-packages\selenium\webdriver\chromium\options.py", line 52, in binary_location
    raise TypeError(self.BINARY_LOCATION_ERROR)
TypeError: Binary Location Must be a String
2025-10-26 22:29:45,495 - ERROR - Error on attempt 251: Failed to setup driver
Traceback (most recent call last):
  File "C:\laragon\www\dapokalsel\sekolah\import_url_kabupaten.pyw", line 388, in process_url_induk
    logger.warning(f"Row {idx} missing data: kode={kode}, nama={nama}, url={full_url}")
Exception: Failed to setup driver
2025-10-26 22:29:45,496 - INFO - Retry attempt 252/300...
2025-10-26 22:30:00,497 - INFO - Setting up Chrome driver...
2025-10-26 22:30:00,497 - INFO - Using profile directory: C:\laragon\www\dapokalsel\chrome_profile
2025-10-26 22:30:00,497 - INFO - Initializing undetected Chrome driver...
2025-10-26 22:30:25,869 - ERROR - Failed to setup driver: [WinError 183] Cannot create a file when that file already exists: 'C:\\laragon\\www\\dapokalsel\\sekolah\\~\\appdata\\roaming\\undetected_chromedriver\\undetected\\chromedriver-win32\\chromedriver.exe' -> 'C:\\laragon\\www\\dapokalsel\\sekolah\\~\\appdata\\roaming\\undetected_chromedriver\\undetected_chromedriver.exe'
Traceback (most recent call last):
  File "C:\laragon\www\dapokalsel\sekolah\import_url_kabupaten.pyw", line 92, in setup_driver
    temp_dir = tempfile.gettempdir()
  File "C:\laragon\bin\python\python-3.10\lib\site-packages\undetected_chromedriver\__init__.py", line 258, in __init__
    self.patcher.auto()
  File "C:\laragon\bin\python\python-3.10\lib\site-packages\undetected_chromedriver\patcher.py", line 178, in auto
    self.unzip_package(self.fetch_package())
  File "C:\laragon\bin\python\python-3.10\lib\site-packages\undetected_chromedriver\patcher.py", line 310, in unzip_package
    os.rename(os.path.join(self.zip_path, exe_path), self.executable_path)
FileExistsError: [WinError 183] Cannot create a file when that file already exists: 'C:\\laragon\\www\\dapokalsel\\sekolah\\~\\appdata\\roaming\\undetected_chromedriver\\undetected\\chromedriver-win32\\chromedriver.exe' -> 'C:\\laragon\\www\\dapokalsel\\sekolah\\~\\appdata\\roaming\\undetected_chromedriver\\undetected_chromedriver.exe'
2025-10-26 22:30:25,870 - ERROR - Error on attempt 252: Failed to setup driver
Traceback (most recent call last):
  File "C:\laragon\www\dapokalsel\sekolah\import_url_kabupaten.pyw", line 388, in process_url_induk
    logger.warning(f"Row {idx} missing data: kode={kode}, nama={nama}, url={full_url}")
Exception: Failed to setup driver
2025-10-26 22:30:25,870 - INFO - Retry attempt 253/300...
2025-10-26 22:30:40,871 - INFO - Setting up Chrome driver...
2025-10-26 22:30:40,871 - INFO - Using profile directory: C:\laragon\www\dapokalsel\chrome_profile
2025-10-26 22:30:40,871 - INFO - Initializing undetected Chrome driver...
2025-10-26 22:30:53,367 - ERROR - Failed to setup driver: [WinError 32] The process cannot access the file because it is being used by another process: 'C:\\laragon\\www\\dapokalsel\\sekolah\\~\\appdata\\roaming\\undetected_chromedriver\\undetected\\chromedriver-win32\\chromedriver.exe' -> 'C:\\laragon\\www\\dapokalsel\\sekolah\\~\\appdata\\roaming\\undetected_chromedriver\\undetected_chromedriver.exe'
Traceback (most recent call last):
  File "C:\laragon\www\dapokalsel\sekolah\import_url_kabupaten.pyw", line 92, in setup_driver
    temp_dir = tempfile.gettempdir()
  File "C:\laragon\bin\python\python-3.10\lib\site-packages\undetected_chromedriver\__init__.py", line 258, in __init__
    self.patcher.auto()
  File "C:\laragon\bin\python\python-3.10\lib\site-packages\undetected_chromedriver\patcher.py", line 178, in auto
    self.unzip_package(self.fetch_package())
  File "C:\laragon\bin\python\python-3.10\lib\site-packages\undetected_chromedriver\patcher.py", line 310, in unzip_package
    os.rename(os.path.join(self.zip_path, exe_path), self.executable_path)
PermissionError: [WinError 32] The process cannot access the file because it is being used by another process: 'C:\\laragon\\www\\dapokalsel\\sekolah\\~\\appdata\\roaming\\undetected_chromedriver\\undetected\\chromedriver-win32\\chromedriver.exe' -> 'C:\\laragon\\www\\dapokalsel\\sekolah\\~\\appdata\\roaming\\undetected_chromedriver\\undetected_chromedriver.exe'
2025-10-26 22:30:53,368 - ERROR - Error on attempt 253: Failed to setup driver
Traceback (most recent call last):
  File "C:\laragon\www\dapokalsel\sekolah\import_url_kabupaten.pyw", line 388, in process_url_induk
    logger.warning(f"Row {idx} missing data: kode={kode}, nama={nama}, url={full_url}")
Exception: Failed to setup driver
2025-10-26 22:30:53,368 - INFO - Retry attempt 254/300...
2025-10-26 22:31:08,368 - INFO - Setting up Chrome driver...
2025-10-26 22:31:08,368 - INFO - Using profile directory: C:\laragon\www\dapokalsel\chrome_profile
2025-10-26 22:31:08,368 - INFO - Initializing undetected Chrome driver...
2025-10-26 22:31:15,035 - ERROR - Failed to setup driver: [WinError 183] Cannot create a file when that file already exists: 'C:\\laragon\\www\\dapokalsel\\sekolah\\~\\appdata\\roaming\\undetected_chromedriver\\undetected\\chromedriver-win32\\chromedriver.exe' -> 'C:\\laragon\\www\\dapokalsel\\sekolah\\~\\appdata\\roaming\\undetected_chromedriver\\undetected_chromedriver.exe'
Traceback (most recent call last):
  File "C:\laragon\www\dapokalsel\sekolah\import_url_kabupaten.pyw", line 92, in setup_driver
    temp_dir = tempfile.gettempdir()
  File "C:\laragon\bin\python\python-3.10\lib\site-packages\undetected_chromedriver\__init__.py", line 258, in __init__
    self.patcher.auto()
  File "C:\laragon\bin\python\python-3.10\lib\site-packages\undetected_chromedriver\patcher.py", line 178, in auto
    self.unzip_package(self.fetch_package())
  File "C:\laragon\bin\python\python-3.10\lib\site-packages\undetected_chromedriver\patcher.py", line 310, in unzip_package
    os.rename(os.path.join(self.zip_path, exe_path), self.executable_path)
FileExistsError: [WinError 183] Cannot create a file when that file already exists: 'C:\\laragon\\www\\dapokalsel\\sekolah\\~\\appdata\\roaming\\undetected_chromedriver\\undetected\\chromedriver-win32\\chromedriver.exe' -> 'C:\\laragon\\www\\dapokalsel\\sekolah\\~\\appdata\\roaming\\undetected_chromedriver\\undetected_chromedriver.exe'
2025-10-26 22:31:15,036 - ERROR - Error on attempt 254: Failed to setup driver
Traceback (most recent call last):
  File "C:\laragon\www\dapokalsel\sekolah\import_url_kabupaten.pyw", line 388, in process_url_induk
    logger.warning(f"Row {idx} missing data: kode={kode}, nama={nama}, url={full_url}")
Exception: Failed to setup driver
2025-10-26 22:31:15,037 - INFO - Retry attempt 255/300...
2025-10-26 22:31:30,037 - INFO - Setting up Chrome driver...
2025-10-26 22:31:30,037 - INFO - Using profile directory: C:\laragon\www\dapokalsel\chrome_profile
2025-10-26 22:31:30,037 - INFO - Initializing undetected Chrome driver...
2025-10-26 22:31:38,892 - ERROR - Failed to setup driver: [WinError 32] The process cannot access the file because it is being used by another process: 'C:\\laragon\\www\\dapokalsel\\sekolah\\~\\appdata\\roaming\\undetected_chromedriver\\undetected\\chromedriver-win32\\chromedriver.exe' -> 'C:\\laragon\\www\\dapokalsel\\sekolah\\~\\appdata\\roaming\\undetected_chromedriver\\undetected_chromedriver.exe'
Traceback (most recent call last):
  File "C:\laragon\www\dapokalsel\sekolah\import_url_kabupaten.pyw", line 92, in setup_driver
    temp_dir = tempfile.gettempdir()
  File "C:\laragon\bin\python\python-3.10\lib\site-packages\undetected_chromedriver\__init__.py", line 258, in __init__
    self.patcher.auto()
  File "C:\laragon\bin\python\python-3.10\lib\site-packages\undetected_chromedriver\patcher.py", line 178, in auto
    self.unzip_package(self.fetch_package())
  File "C:\laragon\bin\python\python-3.10\lib\site-packages\undetected_chromedriver\patcher.py", line 310, in unzip_package
    os.rename(os.path.join(self.zip_path, exe_path), self.executable_path)
PermissionError: [WinError 32] The process cannot access the file because it is being used by another process: 'C:\\laragon\\www\\dapokalsel\\sekolah\\~\\appdata\\roaming\\undetected_chromedriver\\undetected\\chromedriver-win32\\chromedriver.exe' -> 'C:\\laragon\\www\\dapokalsel\\sekolah\\~\\appdata\\roaming\\undetected_chromedriver\\undetected_chromedriver.exe'
2025-10-26 22:31:39,431 - ERROR - Error on attempt 255: Failed to setup driver
Traceback (most recent call last):
  File "C:\laragon\www\dapokalsel\sekolah\import_url_kabupaten.pyw", line 388, in process_url_induk
    logger.warning(f"Row {idx} missing data: kode={kode}, nama={nama}, url={full_url}")
Exception: Failed to setup driver
2025-10-26 22:31:39,533 - INFO - Retry attempt 256/300...
2025-10-26 22:31:54,533 - INFO - Setting up Chrome driver...
2025-10-26 22:31:54,565 - INFO - Using profile directory: C:\laragon\www\dapokalsel\chrome_profile
2025-10-26 22:31:54,565 - INFO - Initializing undetected Chrome driver...
2025-10-26 22:32:05,592 - ERROR - Failed to setup driver: [WinError 145] The directory is not empty: 'C:\\laragon\\www\\dapokalsel\\sekolah\\~\\appdata\\roaming\\undetected_chromedriver\\undetected'
Traceback (most recent call last):
  File "C:\laragon\www\dapokalsel\sekolah\import_url_kabupaten.pyw", line 92, in setup_driver
    temp_dir = tempfile.gettempdir()
  File "C:\laragon\bin\python\python-3.10\lib\site-packages\undetected_chromedriver\__init__.py", line 258, in __init__
    self.patcher.auto()
  File "C:\laragon\bin\python\python-3.10\lib\site-packages\undetected_chromedriver\patcher.py", line 178, in auto
    self.unzip_package(self.fetch_package())
  File "C:\laragon\bin\python\python-3.10\lib\site-packages\undetected_chromedriver\patcher.py", line 312, in unzip_package
    shutil.rmtree(self.zip_path)
  File "C:\laragon\bin\python\python-3.10\lib\shutil.py", line 749, in rmtree
    return _rmtree_unsafe(path, onerror)
  File "C:\laragon\bin\python\python-3.10\lib\shutil.py", line 623, in _rmtree_unsafe
    onerror(os.rmdir, path, sys.exc_info())
  File "C:\laragon\bin\python\python-3.10\lib\shutil.py", line 621, in _rmtree_unsafe
    os.rmdir(path)
OSError: [WinError 145] The directory is not empty: 'C:\\laragon\\www\\dapokalsel\\sekolah\\~\\appdata\\roaming\\undetected_chromedriver\\undetected'
2025-10-26 22:32:05,943 - ERROR - Error on attempt 256: Failed to setup driver
Traceback (most recent call last):
  File "C:\laragon\www\dapokalsel\sekolah\import_url_kabupaten.pyw", line 388, in process_url_induk
    logger.warning(f"Row {idx} missing data: kode={kode}, nama={nama}, url={full_url}")
Exception: Failed to setup driver
2025-10-26 22:32:06,046 - INFO - Retry attempt 257/300...
2025-10-26 22:32:21,047 - INFO - Setting up Chrome driver...
2025-10-26 22:32:21,113 - INFO - Using profile directory: C:\laragon\www\dapokalsel\chrome_profile
2025-10-26 22:32:21,114 - INFO - Initializing undetected Chrome driver...
2025-10-26 22:32:21,689 - ERROR - Failed to setup driver: Binary Location Must be a String
Traceback (most recent call last):
  File "C:\laragon\www\dapokalsel\sekolah\import_url_kabupaten.pyw", line 92, in setup_driver
    temp_dir = tempfile.gettempdir()
  File "C:\laragon\bin\python\python-3.10\lib\site-packages\undetected_chromedriver\__init__.py", line 372, in __init__
    options.binary_location = (
  File "C:\laragon\bin\python\python-3.10\lib\site-packages\selenium\webdriver\chromium\options.py", line 52, in binary_location
    raise TypeError(self.BINARY_LOCATION_ERROR)
TypeError: Binary Location Must be a String
2025-10-26 22:32:21,965 - ERROR - Error on attempt 257: Failed to setup driver
Traceback (most recent call last):
  File "C:\laragon\www\dapokalsel\sekolah\import_url_kabupaten.pyw", line 388, in process_url_induk
    logger.warning(f"Row {idx} missing data: kode={kode}, nama={nama}, url={full_url}")
Exception: Failed to setup driver
2025-10-26 22:32:22,144 - INFO - Retry attempt 258/300...
2025-10-26 22:32:37,145 - INFO - Setting up Chrome driver...
2025-10-26 22:32:37,231 - INFO - Using profile directory: C:\laragon\www\dapokalsel\chrome_profile
2025-10-26 22:32:37,231 - INFO - Initializing undetected Chrome driver...
2025-10-26 22:32:56,713 - ERROR - Failed to setup driver: [WinError 183] Cannot create a file when that file already exists: 'C:\\laragon\\www\\dapokalsel\\sekolah\\~\\appdata\\roaming\\undetected_chromedriver\\undetected\\chromedriver-win32\\chromedriver.exe' -> 'C:\\laragon\\www\\dapokalsel\\sekolah\\~\\appdata\\roaming\\undetected_chromedriver\\undetected_chromedriver.exe'
Traceback (most recent call last):
  File "C:\laragon\www\dapokalsel\sekolah\import_url_kabupaten.pyw", line 92, in setup_driver
    temp_dir = tempfile.gettempdir()
  File "C:\laragon\bin\python\python-3.10\lib\site-packages\undetected_chromedriver\__init__.py", line 258, in __init__
    self.patcher.auto()
  File "C:\laragon\bin\python\python-3.10\lib\site-packages\undetected_chromedriver\patcher.py", line 178, in auto
    self.unzip_package(self.fetch_package())
  File "C:\laragon\bin\python\python-3.10\lib\site-packages\undetected_chromedriver\patcher.py", line 310, in unzip_package
    os.rename(os.path.join(self.zip_path, exe_path), self.executable_path)
FileExistsError: [WinError 183] Cannot create a file when that file already exists: 'C:\\laragon\\www\\dapokalsel\\sekolah\\~\\appdata\\roaming\\undetected_chromedriver\\undetected\\chromedriver-win32\\chromedriver.exe' -> 'C:\\laragon\\www\\dapokalsel\\sekolah\\~\\appdata\\roaming\\undetected_chromedriver\\undetected_chromedriver.exe'
2025-10-26 22:32:57,370 - ERROR - Error on attempt 258: Failed to setup driver
Traceback (most recent call last):
  File "C:\laragon\www\dapokalsel\sekolah\import_url_kabupaten.pyw", line 388, in process_url_induk
    logger.warning(f"Row {idx} missing data: kode={kode}, nama={nama}, url={full_url}")
Exception: Failed to setup driver
2025-10-26 22:32:57,473 - INFO - Retry attempt 259/300...
2025-10-26 22:33:12,473 - INFO - Setting up Chrome driver...
2025-10-26 22:33:12,572 - INFO - Using profile directory: C:\laragon\www\dapokalsel\chrome_profile
2025-10-26 22:33:12,572 - INFO - Initializing undetected Chrome driver...
2025-10-26 22:33:21,779 - ERROR - Failed to setup driver: [WinError 183] Cannot create a file when that file already exists: 'C:\\laragon\\www\\dapokalsel\\sekolah\\~\\appdata\\roaming\\undetected_chromedriver\\undetected\\chromedriver-win32\\chromedriver.exe' -> 'C:\\laragon\\www\\dapokalsel\\sekolah\\~\\appdata\\roaming\\undetected_chromedriver\\undetected_chromedriver.exe'
Traceback (most recent call last):
  File "C:\laragon\www\dapokalsel\sekolah\import_url_kabupaten.pyw", line 92, in setup_driver
    temp_dir = tempfile.gettempdir()
  File "C:\laragon\bin\python\python-3.10\lib\site-packages\undetected_chromedriver\__init__.py", line 258, in __init__
    self.patcher.auto()
  File "C:\laragon\bin\python\python-3.10\lib\site-packages\undetected_chromedriver\patcher.py", line 178, in auto
    self.unzip_package(self.fetch_package())
  File "C:\laragon\bin\python\python-3.10\lib\site-packages\undetected_chromedriver\patcher.py", line 310, in unzip_package
    os.rename(os.path.join(self.zip_path, exe_path), self.executable_path)
FileExistsError: [WinError 183] Cannot create a file when that file already exists: 'C:\\laragon\\www\\dapokalsel\\sekolah\\~\\appdata\\roaming\\undetected_chromedriver\\undetected\\chromedriver-win32\\chromedriver.exe' -> 'C:\\laragon\\www\\dapokalsel\\sekolah\\~\\appdata\\roaming\\undetected_chromedriver\\undetected_chromedriver.exe'
2025-10-26 22:33:22,057 - ERROR - Error on attempt 259: Failed to setup driver
Traceback (most recent call last):
  File "C:\laragon\www\dapokalsel\sekolah\import_url_kabupaten.pyw", line 388, in process_url_induk
    logger.warning(f"Row {idx} missing data: kode={kode}, nama={nama}, url={full_url}")
Exception: Failed to setup driver
2025-10-26 22:33:22,156 - INFO - Retry attempt 260/300...
2025-10-26 22:33:37,156 - INFO - Setting up Chrome driver...
2025-10-26 22:33:37,184 - INFO - Using profile directory: C:\laragon\www\dapokalsel\chrome_profile
2025-10-26 22:33:37,184 - INFO - Initializing undetected Chrome driver...
2025-10-26 22:33:50,095 - INFO - patching driver executable C:\laragon\www\dapokalsel\sekolah\~\appdata\roaming\undetected_chromedriver\undetected_chromedriver.exe
2025-10-26 22:33:50,694 - ERROR - Failed to setup driver: Binary Location Must be a String
Traceback (most recent call last):
  File "C:\laragon\www\dapokalsel\sekolah\import_url_kabupaten.pyw", line 92, in setup_driver
    temp_dir = tempfile.gettempdir()
  File "C:\laragon\bin\python\python-3.10\lib\site-packages\undetected_chromedriver\__init__.py", line 372, in __init__
    options.binary_location = (
  File "C:\laragon\bin\python\python-3.10\lib\site-packages\selenium\webdriver\chromium\options.py", line 52, in binary_location
    raise TypeError(self.BINARY_LOCATION_ERROR)
TypeError: Binary Location Must be a String
2025-10-26 22:33:51,047 - ERROR - Error on attempt 260: Failed to setup driver
Traceback (most recent call last):
  File "C:\laragon\www\dapokalsel\sekolah\import_url_kabupaten.pyw", line 388, in process_url_induk
    logger.warning(f"Row {idx} missing data: kode={kode}, nama={nama}, url={full_url}")
Exception: Failed to setup driver
2025-10-26 22:33:51,132 - INFO - Retry attempt 261/300...
2025-10-26 22:34:06,132 - INFO - Setting up Chrome driver...
2025-10-26 22:34:06,132 - INFO - Using profile directory: C:\laragon\www\dapokalsel\chrome_profile
2025-10-26 22:34:06,132 - INFO - Initializing undetected Chrome driver...
2025-10-26 22:34:18,016 - ERROR - Failed to setup driver: [WinError 183] Cannot create a file when that file already exists: 'C:\\laragon\\www\\dapokalsel\\sekolah\\~\\appdata\\roaming\\undetected_chromedriver\\undetected\\chromedriver-win32\\chromedriver.exe' -> 'C:\\laragon\\www\\dapokalsel\\sekolah\\~\\appdata\\roaming\\undetected_chromedriver\\undetected_chromedriver.exe'
Traceback (most recent call last):
  File "C:\laragon\www\dapokalsel\sekolah\import_url_kabupaten.pyw", line 92, in setup_driver
    temp_dir = tempfile.gettempdir()
  File "C:\laragon\bin\python\python-3.10\lib\site-packages\undetected_chromedriver\__init__.py", line 258, in __init__
    self.patcher.auto()
  File "C:\laragon\bin\python\python-3.10\lib\site-packages\undetected_chromedriver\patcher.py", line 178, in auto
    self.unzip_package(self.fetch_package())
  File "C:\laragon\bin\python\python-3.10\lib\site-packages\undetected_chromedriver\patcher.py", line 310, in unzip_package
    os.rename(os.path.join(self.zip_path, exe_path), self.executable_path)
FileExistsError: [WinError 183] Cannot create a file when that file already exists: 'C:\\laragon\\www\\dapokalsel\\sekolah\\~\\appdata\\roaming\\undetected_chromedriver\\undetected\\chromedriver-win32\\chromedriver.exe' -> 'C:\\laragon\\www\\dapokalsel\\sekolah\\~\\appdata\\roaming\\undetected_chromedriver\\undetected_chromedriver.exe'
2025-10-26 22:34:18,017 - ERROR - Error on attempt 261: Failed to setup driver
Traceback (most recent call last):
  File "C:\laragon\www\dapokalsel\sekolah\import_url_kabupaten.pyw", line 388, in process_url_induk
    logger.warning(f"Row {idx} missing data: kode={kode}, nama={nama}, url={full_url}")
Exception: Failed to setup driver
2025-10-26 22:34:18,017 - INFO - Retry attempt 262/300...
2025-10-26 22:34:33,017 - INFO - Setting up Chrome driver...
2025-10-26 22:34:33,017 - INFO - Using profile directory: C:\laragon\www\dapokalsel\chrome_profile
2025-10-26 22:34:33,017 - INFO - Initializing undetected Chrome driver...
2025-10-26 22:34:41,167 - INFO - patching driver executable C:\laragon\www\dapokalsel\sekolah\~\appdata\roaming\undetected_chromedriver\undetected_chromedriver.exe
2025-10-26 22:34:41,261 - ERROR - Failed to setup driver: Binary Location Must be a String
Traceback (most recent call last):
  File "C:\laragon\www\dapokalsel\sekolah\import_url_kabupaten.pyw", line 92, in setup_driver
    temp_dir = tempfile.gettempdir()
  File "C:\laragon\bin\python\python-3.10\lib\site-packages\undetected_chromedriver\__init__.py", line 372, in __init__
    options.binary_location = (
  File "C:\laragon\bin\python\python-3.10\lib\site-packages\selenium\webdriver\chromium\options.py", line 52, in binary_location
    raise TypeError(self.BINARY_LOCATION_ERROR)
TypeError: Binary Location Must be a String
2025-10-26 22:34:41,261 - ERROR - Error on attempt 262: Failed to setup driver
Traceback (most recent call last):
  File "C:\laragon\www\dapokalsel\sekolah\import_url_kabupaten.pyw", line 388, in process_url_induk
    logger.warning(f"Row {idx} missing data: kode={kode}, nama={nama}, url={full_url}")
Exception: Failed to setup driver
2025-10-26 22:34:41,261 - INFO - Retry attempt 263/300...
2025-10-26 22:34:56,263 - INFO - Setting up Chrome driver...
2025-10-26 22:34:56,264 - INFO - Using profile directory: C:\laragon\www\dapokalsel\chrome_profile
2025-10-26 22:34:56,265 - INFO - Initializing undetected Chrome driver...
2025-10-26 22:35:04,281 - INFO - patching driver executable C:\laragon\www\dapokalsel\sekolah\~\appdata\roaming\undetected_chromedriver\undetected_chromedriver.exe
2025-10-26 22:35:04,401 - ERROR - Failed to setup driver: Binary Location Must be a String
Traceback (most recent call last):
  File "C:\laragon\www\dapokalsel\sekolah\import_url_kabupaten.pyw", line 92, in setup_driver
    temp_dir = tempfile.gettempdir()
  File "C:\laragon\bin\python\python-3.10\lib\site-packages\undetected_chromedriver\__init__.py", line 372, in __init__
    options.binary_location = (
  File "C:\laragon\bin\python\python-3.10\lib\site-packages\selenium\webdriver\chromium\options.py", line 52, in binary_location
    raise TypeError(self.BINARY_LOCATION_ERROR)
TypeError: Binary Location Must be a String
2025-10-26 22:35:04,402 - ERROR - Error on attempt 263: Failed to setup driver
Traceback (most recent call last):
  File "C:\laragon\www\dapokalsel\sekolah\import_url_kabupaten.pyw", line 388, in process_url_induk
    logger.warning(f"Row {idx} missing data: kode={kode}, nama={nama}, url={full_url}")
Exception: Failed to setup driver
2025-10-26 22:35:04,402 - INFO - Retry attempt 264/300...
2025-10-26 22:35:19,403 - INFO - Setting up Chrome driver...
2025-10-26 22:35:19,404 - INFO - Using profile directory: C:\laragon\www\dapokalsel\chrome_profile
2025-10-26 22:35:19,404 - INFO - Initializing undetected Chrome driver...
2025-10-26 22:35:32,965 - ERROR - Failed to setup driver: [WinError 183] Cannot create a file when that file already exists: 'C:\\laragon\\www\\dapokalsel\\sekolah\\~\\appdata\\roaming\\undetected_chromedriver\\undetected\\chromedriver-win32\\chromedriver.exe' -> 'C:\\laragon\\www\\dapokalsel\\sekolah\\~\\appdata\\roaming\\undetected_chromedriver\\undetected_chromedriver.exe'
Traceback (most recent call last):
  File "C:\laragon\www\dapokalsel\sekolah\import_url_kabupaten.pyw", line 92, in setup_driver
    temp_dir = tempfile.gettempdir()
  File "C:\laragon\bin\python\python-3.10\lib\site-packages\undetected_chromedriver\__init__.py", line 258, in __init__
    self.patcher.auto()
  File "C:\laragon\bin\python\python-3.10\lib\site-packages\undetected_chromedriver\patcher.py", line 178, in auto
    self.unzip_package(self.fetch_package())
  File "C:\laragon\bin\python\python-3.10\lib\site-packages\undetected_chromedriver\patcher.py", line 310, in unzip_package
    os.rename(os.path.join(self.zip_path, exe_path), self.executable_path)
FileExistsError: [WinError 183] Cannot create a file when that file already exists: 'C:\\laragon\\www\\dapokalsel\\sekolah\\~\\appdata\\roaming\\undetected_chromedriver\\undetected\\chromedriver-win32\\chromedriver.exe' -> 'C:\\laragon\\www\\dapokalsel\\sekolah\\~\\appdata\\roaming\\undetected_chromedriver\\undetected_chromedriver.exe'
2025-10-26 22:35:32,965 - ERROR - Error on attempt 264: Failed to setup driver
Traceback (most recent call last):
  File "C:\laragon\www\dapokalsel\sekolah\import_url_kabupaten.pyw", line 388, in process_url_induk
    logger.warning(f"Row {idx} missing data: kode={kode}, nama={nama}, url={full_url}")
Exception: Failed to setup driver
2025-10-26 22:35:32,965 - INFO - Retry attempt 265/300...
2025-10-26 22:35:47,966 - INFO - Setting up Chrome driver...
2025-10-26 22:35:47,966 - INFO - Using profile directory: C:\laragon\www\dapokalsel\chrome_profile
2025-10-26 22:35:47,966 - INFO - Initializing undetected Chrome driver...
2025-10-26 22:36:04,942 - ERROR - Failed to setup driver: [WinError 183] Cannot create a file when that file already exists: 'C:\\laragon\\www\\dapokalsel\\sekolah\\~\\appdata\\roaming\\undetected_chromedriver\\undetected\\chromedriver-win32\\chromedriver.exe' -> 'C:\\laragon\\www\\dapokalsel\\sekolah\\~\\appdata\\roaming\\undetected_chromedriver\\undetected_chromedriver.exe'
Traceback (most recent call last):
  File "C:\laragon\www\dapokalsel\sekolah\import_url_kabupaten.pyw", line 92, in setup_driver
    temp_dir = tempfile.gettempdir()
  File "C:\laragon\bin\python\python-3.10\lib\site-packages\undetected_chromedriver\__init__.py", line 258, in __init__
    self.patcher.auto()
  File "C:\laragon\bin\python\python-3.10\lib\site-packages\undetected_chromedriver\patcher.py", line 178, in auto
    self.unzip_package(self.fetch_package())
  File "C:\laragon\bin\python\python-3.10\lib\site-packages\undetected_chromedriver\patcher.py", line 310, in unzip_package
    os.rename(os.path.join(self.zip_path, exe_path), self.executable_path)
FileExistsError: [WinError 183] Cannot create a file when that file already exists: 'C:\\laragon\\www\\dapokalsel\\sekolah\\~\\appdata\\roaming\\undetected_chromedriver\\undetected\\chromedriver-win32\\chromedriver.exe' -> 'C:\\laragon\\www\\dapokalsel\\sekolah\\~\\appdata\\roaming\\undetected_chromedriver\\undetected_chromedriver.exe'
2025-10-26 22:36:04,943 - ERROR - Error on attempt 265: Failed to setup driver
Traceback (most recent call last):
  File "C:\laragon\www\dapokalsel\sekolah\import_url_kabupaten.pyw", line 388, in process_url_induk
    logger.warning(f"Row {idx} missing data: kode={kode}, nama={nama}, url={full_url}")
Exception: Failed to setup driver
2025-10-26 22:36:04,943 - INFO - Retry attempt 266/300...
2025-10-26 22:36:19,943 - INFO - Setting up Chrome driver...
2025-10-26 22:36:19,943 - INFO - Using profile directory: C:\laragon\www\dapokalsel\chrome_profile
2025-10-26 22:36:19,943 - INFO - Initializing undetected Chrome driver...
2025-10-26 22:36:32,778 - ERROR - Failed to setup driver: [WinError 183] Cannot create a file when that file already exists: 'C:\\laragon\\www\\dapokalsel\\sekolah\\~\\appdata\\roaming\\undetected_chromedriver\\undetected\\chromedriver-win32\\chromedriver.exe' -> 'C:\\laragon\\www\\dapokalsel\\sekolah\\~\\appdata\\roaming\\undetected_chromedriver\\undetected_chromedriver.exe'
Traceback (most recent call last):
  File "C:\laragon\www\dapokalsel\sekolah\import_url_kabupaten.pyw", line 92, in setup_driver
    temp_dir = tempfile.gettempdir()
  File "C:\laragon\bin\python\python-3.10\lib\site-packages\undetected_chromedriver\__init__.py", line 258, in __init__
    self.patcher.auto()
  File "C:\laragon\bin\python\python-3.10\lib\site-packages\undetected_chromedriver\patcher.py", line 178, in auto
    self.unzip_package(self.fetch_package())
  File "C:\laragon\bin\python\python-3.10\lib\site-packages\undetected_chromedriver\patcher.py", line 310, in unzip_package
    os.rename(os.path.join(self.zip_path, exe_path), self.executable_path)
FileExistsError: [WinError 183] Cannot create a file when that file already exists: 'C:\\laragon\\www\\dapokalsel\\sekolah\\~\\appdata\\roaming\\undetected_chromedriver\\undetected\\chromedriver-win32\\chromedriver.exe' -> 'C:\\laragon\\www\\dapokalsel\\sekolah\\~\\appdata\\roaming\\undetected_chromedriver\\undetected_chromedriver.exe'
2025-10-26 22:36:32,780 - ERROR - Error on attempt 266: Failed to setup driver
Traceback (most recent call last):
  File "C:\laragon\www\dapokalsel\sekolah\import_url_kabupaten.pyw", line 388, in process_url_induk
    logger.warning(f"Row {idx} missing data: kode={kode}, nama={nama}, url={full_url}")
Exception: Failed to setup driver
2025-10-26 22:36:32,781 - INFO - Retry attempt 267/300...
2025-10-26 22:36:47,782 - INFO - Setting up Chrome driver...
2025-10-26 22:36:47,782 - INFO - Using profile directory: C:\laragon\www\dapokalsel\chrome_profile
2025-10-26 22:36:47,782 - INFO - Initializing undetected Chrome driver...
2025-10-26 22:36:56,186 - ERROR - Failed to setup driver: [WinError 183] Cannot create a file when that file already exists: 'C:\\laragon\\www\\dapokalsel\\sekolah\\~\\appdata\\roaming\\undetected_chromedriver\\undetected\\chromedriver-win32\\chromedriver.exe' -> 'C:\\laragon\\www\\dapokalsel\\sekolah\\~\\appdata\\roaming\\undetected_chromedriver\\undetected_chromedriver.exe'
Traceback (most recent call last):
  File "C:\laragon\www\dapokalsel\sekolah\import_url_kabupaten.pyw", line 92, in setup_driver
    temp_dir = tempfile.gettempdir()
  File "C:\laragon\bin\python\python-3.10\lib\site-packages\undetected_chromedriver\__init__.py", line 258, in __init__
    self.patcher.auto()
  File "C:\laragon\bin\python\python-3.10\lib\site-packages\undetected_chromedriver\patcher.py", line 178, in auto
    self.unzip_package(self.fetch_package())
  File "C:\laragon\bin\python\python-3.10\lib\site-packages\undetected_chromedriver\patcher.py", line 310, in unzip_package
    os.rename(os.path.join(self.zip_path, exe_path), self.executable_path)
FileExistsError: [WinError 183] Cannot create a file when that file already exists: 'C:\\laragon\\www\\dapokalsel\\sekolah\\~\\appdata\\roaming\\undetected_chromedriver\\undetected\\chromedriver-win32\\chromedriver.exe' -> 'C:\\laragon\\www\\dapokalsel\\sekolah\\~\\appdata\\roaming\\undetected_chromedriver\\undetected_chromedriver.exe'
2025-10-26 22:36:56,187 - ERROR - Error on attempt 267: Failed to setup driver
Traceback (most recent call last):
  File "C:\laragon\www\dapokalsel\sekolah\import_url_kabupaten.pyw", line 388, in process_url_induk
    logger.warning(f"Row {idx} missing data: kode={kode}, nama={nama}, url={full_url}")
Exception: Failed to setup driver
2025-10-26 22:36:56,187 - INFO - Retry attempt 268/300...
2025-10-26 22:37:11,188 - INFO - Setting up Chrome driver...
2025-10-26 22:37:11,188 - INFO - Using profile directory: C:\laragon\www\dapokalsel\chrome_profile
2025-10-26 22:37:11,188 - INFO - Initializing undetected Chrome driver...
2025-10-26 22:37:19,287 - INFO - patching driver executable C:\laragon\www\dapokalsel\sekolah\~\appdata\roaming\undetected_chromedriver\undetected_chromedriver.exe
2025-10-26 22:37:19,673 - ERROR - Failed to setup driver: Binary Location Must be a String
Traceback (most recent call last):
  File "C:\laragon\www\dapokalsel\sekolah\import_url_kabupaten.pyw", line 92, in setup_driver
    temp_dir = tempfile.gettempdir()
  File "C:\laragon\bin\python\python-3.10\lib\site-packages\undetected_chromedriver\__init__.py", line 372, in __init__
    options.binary_location = (
  File "C:\laragon\bin\python\python-3.10\lib\site-packages\selenium\webdriver\chromium\options.py", line 52, in binary_location
    raise TypeError(self.BINARY_LOCATION_ERROR)
TypeError: Binary Location Must be a String
2025-10-26 22:37:19,673 - ERROR - Error on attempt 268: Failed to setup driver
Traceback (most recent call last):
  File "C:\laragon\www\dapokalsel\sekolah\import_url_kabupaten.pyw", line 388, in process_url_induk
    logger.warning(f"Row {idx} missing data: kode={kode}, nama={nama}, url={full_url}")
Exception: Failed to setup driver
2025-10-26 22:37:19,674 - INFO - Retry attempt 269/300...
2025-10-26 22:37:34,674 - INFO - Setting up Chrome driver...
2025-10-26 22:37:34,675 - INFO - Using profile directory: C:\laragon\www\dapokalsel\chrome_profile
2025-10-26 22:37:34,675 - INFO - Initializing undetected Chrome driver...
2025-10-26 22:37:39,737 - INFO - patching driver executable C:\laragon\www\dapokalsel\sekolah\~\appdata\roaming\undetected_chromedriver\undetected_chromedriver.exe
2025-10-26 22:37:39,871 - ERROR - Failed to setup driver: Binary Location Must be a String
Traceback (most recent call last):
  File "C:\laragon\www\dapokalsel\sekolah\import_url_kabupaten.pyw", line 92, in setup_driver
    temp_dir = tempfile.gettempdir()
  File "C:\laragon\bin\python\python-3.10\lib\site-packages\undetected_chromedriver\__init__.py", line 372, in __init__
    options.binary_location = (
  File "C:\laragon\bin\python\python-3.10\lib\site-packages\selenium\webdriver\chromium\options.py", line 52, in binary_location
    raise TypeError(self.BINARY_LOCATION_ERROR)
TypeError: Binary Location Must be a String
2025-10-26 22:37:39,872 - ERROR - Error on attempt 269: Failed to setup driver
Traceback (most recent call last):
  File "C:\laragon\www\dapokalsel\sekolah\import_url_kabupaten.pyw", line 388, in process_url_induk
    logger.warning(f"Row {idx} missing data: kode={kode}, nama={nama}, url={full_url}")
Exception: Failed to setup driver
2025-10-26 22:37:39,872 - INFO - Retry attempt 270/300...
2025-10-26 22:37:54,873 - INFO - Setting up Chrome driver...
2025-10-26 22:37:54,873 - INFO - Using profile directory: C:\laragon\www\dapokalsel\chrome_profile
2025-10-26 22:37:54,873 - INFO - Initializing undetected Chrome driver...
2025-10-26 22:37:59,240 - INFO - patching driver executable C:\laragon\www\dapokalsel\sekolah\~\appdata\roaming\undetected_chromedriver\undetected_chromedriver.exe
2025-10-26 22:38:00,089 - ERROR - Failed to setup driver: Binary Location Must be a String
Traceback (most recent call last):
  File "C:\laragon\www\dapokalsel\sekolah\import_url_kabupaten.pyw", line 92, in setup_driver
    temp_dir = tempfile.gettempdir()
  File "C:\laragon\bin\python\python-3.10\lib\site-packages\undetected_chromedriver\__init__.py", line 372, in __init__
    options.binary_location = (
  File "C:\laragon\bin\python\python-3.10\lib\site-packages\selenium\webdriver\chromium\options.py", line 52, in binary_location
    raise TypeError(self.BINARY_LOCATION_ERROR)
TypeError: Binary Location Must be a String
2025-10-26 22:38:00,090 - ERROR - Error on attempt 270: Failed to setup driver
Traceback (most recent call last):
  File "C:\laragon\www\dapokalsel\sekolah\import_url_kabupaten.pyw", line 388, in process_url_induk
    logger.warning(f"Row {idx} missing data: kode={kode}, nama={nama}, url={full_url}")
Exception: Failed to setup driver
2025-10-26 22:38:00,090 - INFO - Retry attempt 271/300...
2025-10-26 22:38:15,090 - INFO - Setting up Chrome driver...
2025-10-26 22:38:15,091 - INFO - Using profile directory: C:\laragon\www\dapokalsel\chrome_profile
2025-10-26 22:38:15,091 - INFO - Initializing undetected Chrome driver...
2025-10-26 22:38:25,646 - INFO - patching driver executable C:\laragon\www\dapokalsel\sekolah\~\appdata\roaming\undetected_chromedriver\undetected_chromedriver.exe
2025-10-26 22:38:25,854 - ERROR - Failed to setup driver: Binary Location Must be a String
Traceback (most recent call last):
  File "C:\laragon\www\dapokalsel\sekolah\import_url_kabupaten.pyw", line 92, in setup_driver
    temp_dir = tempfile.gettempdir()
  File "C:\laragon\bin\python\python-3.10\lib\site-packages\undetected_chromedriver\__init__.py", line 372, in __init__
    options.binary_location = (
  File "C:\laragon\bin\python\python-3.10\lib\site-packages\selenium\webdriver\chromium\options.py", line 52, in binary_location
    raise TypeError(self.BINARY_LOCATION_ERROR)
TypeError: Binary Location Must be a String
2025-10-26 22:38:25,855 - ERROR - Error on attempt 271: Failed to setup driver
Traceback (most recent call last):
  File "C:\laragon\www\dapokalsel\sekolah\import_url_kabupaten.pyw", line 388, in process_url_induk
    logger.warning(f"Row {idx} missing data: kode={kode}, nama={nama}, url={full_url}")
Exception: Failed to setup driver
2025-10-26 22:38:25,856 - INFO - Retry attempt 272/300...
2025-10-26 22:38:40,856 - INFO - Setting up Chrome driver...
2025-10-26 22:38:40,856 - INFO - Using profile directory: C:\laragon\www\dapokalsel\chrome_profile
2025-10-26 22:38:40,856 - INFO - Initializing undetected Chrome driver...
2025-10-26 22:38:53,588 - INFO - patching driver executable C:\laragon\www\dapokalsel\sekolah\~\appdata\roaming\undetected_chromedriver\undetected_chromedriver.exe
2025-10-26 22:38:53,788 - ERROR - Failed to setup driver: Binary Location Must be a String
Traceback (most recent call last):
  File "C:\laragon\www\dapokalsel\sekolah\import_url_kabupaten.pyw", line 92, in setup_driver
    temp_dir = tempfile.gettempdir()
  File "C:\laragon\bin\python\python-3.10\lib\site-packages\undetected_chromedriver\__init__.py", line 372, in __init__
    options.binary_location = (
  File "C:\laragon\bin\python\python-3.10\lib\site-packages\selenium\webdriver\chromium\options.py", line 52, in binary_location
    raise TypeError(self.BINARY_LOCATION_ERROR)
TypeError: Binary Location Must be a String
2025-10-26 22:38:53,789 - ERROR - Error on attempt 272: Failed to setup driver
Traceback (most recent call last):
  File "C:\laragon\www\dapokalsel\sekolah\import_url_kabupaten.pyw", line 388, in process_url_induk
    logger.warning(f"Row {idx} missing data: kode={kode}, nama={nama}, url={full_url}")
Exception: Failed to setup driver
2025-10-26 22:38:53,789 - INFO - Retry attempt 273/300...
2025-10-26 22:39:08,790 - INFO - Setting up Chrome driver...
2025-10-26 22:39:08,790 - INFO - Using profile directory: C:\laragon\www\dapokalsel\chrome_profile
2025-10-26 22:39:08,791 - INFO - Initializing undetected Chrome driver...
2025-10-26 22:39:14,734 - INFO - patching driver executable C:\laragon\www\dapokalsel\sekolah\~\appdata\roaming\undetected_chromedriver\undetected_chromedriver.exe
2025-10-26 22:39:14,812 - ERROR - Failed to setup driver: Binary Location Must be a String
Traceback (most recent call last):
  File "C:\laragon\www\dapokalsel\sekolah\import_url_kabupaten.pyw", line 92, in setup_driver
    temp_dir = tempfile.gettempdir()
  File "C:\laragon\bin\python\python-3.10\lib\site-packages\undetected_chromedriver\__init__.py", line 372, in __init__
    options.binary_location = (
  File "C:\laragon\bin\python\python-3.10\lib\site-packages\selenium\webdriver\chromium\options.py", line 52, in binary_location
    raise TypeError(self.BINARY_LOCATION_ERROR)
TypeError: Binary Location Must be a String
2025-10-26 22:39:14,813 - ERROR - Error on attempt 273: Failed to setup driver
Traceback (most recent call last):
  File "C:\laragon\www\dapokalsel\sekolah\import_url_kabupaten.pyw", line 388, in process_url_induk
    logger.warning(f"Row {idx} missing data: kode={kode}, nama={nama}, url={full_url}")
Exception: Failed to setup driver
2025-10-26 22:39:14,813 - INFO - Retry attempt 274/300...
2025-10-26 22:39:29,814 - INFO - Setting up Chrome driver...
2025-10-26 22:39:29,814 - INFO - Using profile directory: C:\laragon\www\dapokalsel\chrome_profile
2025-10-26 22:39:29,814 - INFO - Initializing undetected Chrome driver...
2025-10-26 22:39:36,327 - INFO - patching driver executable C:\laragon\www\dapokalsel\sekolah\~\appdata\roaming\undetected_chromedriver\undetected_chromedriver.exe
2025-10-26 22:39:36,496 - ERROR - Failed to setup driver: Binary Location Must be a String
Traceback (most recent call last):
  File "C:\laragon\www\dapokalsel\sekolah\import_url_kabupaten.pyw", line 92, in setup_driver
    temp_dir = tempfile.gettempdir()
  File "C:\laragon\bin\python\python-3.10\lib\site-packages\undetected_chromedriver\__init__.py", line 372, in __init__
    options.binary_location = (
  File "C:\laragon\bin\python\python-3.10\lib\site-packages\selenium\webdriver\chromium\options.py", line 52, in binary_location
    raise TypeError(self.BINARY_LOCATION_ERROR)
TypeError: Binary Location Must be a String
2025-10-26 22:39:36,497 - ERROR - Error on attempt 274: Failed to setup driver
Traceback (most recent call last):
  File "C:\laragon\www\dapokalsel\sekolah\import_url_kabupaten.pyw", line 388, in process_url_induk
    logger.warning(f"Row {idx} missing data: kode={kode}, nama={nama}, url={full_url}")
Exception: Failed to setup driver
2025-10-26 22:39:36,498 - INFO - Retry attempt 275/300...
2025-10-26 22:39:51,498 - INFO - Setting up Chrome driver...
2025-10-26 22:39:51,836 - INFO - Using profile directory: C:\laragon\www\dapokalsel\chrome_profile
2025-10-26 22:39:51,836 - INFO - Initializing undetected Chrome driver...
2025-10-26 22:40:03,230 - INFO - patching driver executable C:\laragon\www\dapokalsel\sekolah\~\appdata\roaming\undetected_chromedriver\undetected_chromedriver.exe
2025-10-26 22:40:03,756 - ERROR - Failed to setup driver: Binary Location Must be a String
Traceback (most recent call last):
  File "C:\laragon\www\dapokalsel\sekolah\import_url_kabupaten.pyw", line 92, in setup_driver
    temp_dir = tempfile.gettempdir()
  File "C:\laragon\bin\python\python-3.10\lib\site-packages\undetected_chromedriver\__init__.py", line 372, in __init__
    options.binary_location = (
  File "C:\laragon\bin\python\python-3.10\lib\site-packages\selenium\webdriver\chromium\options.py", line 52, in binary_location
    raise TypeError(self.BINARY_LOCATION_ERROR)
TypeError: Binary Location Must be a String
2025-10-26 22:40:03,974 - ERROR - Error on attempt 275: Failed to setup driver
Traceback (most recent call last):
  File "C:\laragon\www\dapokalsel\sekolah\import_url_kabupaten.pyw", line 388, in process_url_induk
    logger.warning(f"Row {idx} missing data: kode={kode}, nama={nama}, url={full_url}")
Exception: Failed to setup driver
2025-10-26 22:40:04,070 - INFO - Retry attempt 276/300...
2025-10-26 22:40:19,070 - INFO - Setting up Chrome driver...
2025-10-26 22:40:19,097 - INFO - Using profile directory: C:\laragon\www\dapokalsel\chrome_profile
2025-10-26 22:40:19,097 - INFO - Initializing undetected Chrome driver...
2025-10-26 22:40:35,204 - ERROR - Failed to setup driver: [WinError 183] Cannot create a file when that file already exists: 'C:\\laragon\\www\\dapokalsel\\sekolah\\~\\appdata\\roaming\\undetected_chromedriver\\undetected\\chromedriver-win32\\chromedriver.exe' -> 'C:\\laragon\\www\\dapokalsel\\sekolah\\~\\appdata\\roaming\\undetected_chromedriver\\undetected_chromedriver.exe'
Traceback (most recent call last):
  File "C:\laragon\www\dapokalsel\sekolah\import_url_kabupaten.pyw", line 92, in setup_driver
    temp_dir = tempfile.gettempdir()
  File "C:\laragon\bin\python\python-3.10\lib\site-packages\undetected_chromedriver\__init__.py", line 258, in __init__
    self.patcher.auto()
  File "C:\laragon\bin\python\python-3.10\lib\site-packages\undetected_chromedriver\patcher.py", line 178, in auto
    self.unzip_package(self.fetch_package())
  File "C:\laragon\bin\python\python-3.10\lib\site-packages\undetected_chromedriver\patcher.py", line 310, in unzip_package
    os.rename(os.path.join(self.zip_path, exe_path), self.executable_path)
FileExistsError: [WinError 183] Cannot create a file when that file already exists: 'C:\\laragon\\www\\dapokalsel\\sekolah\\~\\appdata\\roaming\\undetected_chromedriver\\undetected\\chromedriver-win32\\chromedriver.exe' -> 'C:\\laragon\\www\\dapokalsel\\sekolah\\~\\appdata\\roaming\\undetected_chromedriver\\undetected_chromedriver.exe'
2025-10-26 22:40:35,528 - ERROR - Error on attempt 276: Failed to setup driver
Traceback (most recent call last):
  File "C:\laragon\www\dapokalsel\sekolah\import_url_kabupaten.pyw", line 388, in process_url_induk
    logger.warning(f"Row {idx} missing data: kode={kode}, nama={nama}, url={full_url}")
Exception: Failed to setup driver
2025-10-26 22:40:35,760 - INFO - Retry attempt 277/300...
2025-10-26 22:40:50,760 - INFO - Setting up Chrome driver...
2025-10-26 22:40:50,846 - INFO - Using profile directory: C:\laragon\www\dapokalsel\chrome_profile
2025-10-26 22:40:50,846 - INFO - Initializing undetected Chrome driver...
2025-10-26 22:41:02,726 - ERROR - Failed to setup driver: [WinError 32] The process cannot access the file because it is being used by another process: 'C:\\laragon\\www\\dapokalsel\\sekolah\\~\\appdata\\roaming\\undetected_chromedriver\\undetected\\chromedriver-win32\\chromedriver.exe'
Traceback (most recent call last):
  File "C:\laragon\www\dapokalsel\sekolah\import_url_kabupaten.pyw", line 92, in setup_driver
    temp_dir = tempfile.gettempdir()
  File "C:\laragon\bin\python\python-3.10\lib\site-packages\undetected_chromedriver\__init__.py", line 258, in __init__
    self.patcher.auto()
  File "C:\laragon\bin\python\python-3.10\lib\site-packages\undetected_chromedriver\patcher.py", line 178, in auto
    self.unzip_package(self.fetch_package())
  File "C:\laragon\bin\python\python-3.10\lib\site-packages\undetected_chromedriver\patcher.py", line 312, in unzip_package
    shutil.rmtree(self.zip_path)
  File "C:\laragon\bin\python\python-3.10\lib\shutil.py", line 749, in rmtree
    return _rmtree_unsafe(path, onerror)
  File "C:\laragon\bin\python\python-3.10\lib\shutil.py", line 614, in _rmtree_unsafe
    _rmtree_unsafe(fullname, onerror)
  File "C:\laragon\bin\python\python-3.10\lib\shutil.py", line 619, in _rmtree_unsafe
    onerror(os.unlink, fullname, sys.exc_info())
  File "C:\laragon\bin\python\python-3.10\lib\shutil.py", line 617, in _rmtree_unsafe
    os.unlink(fullname)
PermissionError: [WinError 32] The process cannot access the file because it is being used by another process: 'C:\\laragon\\www\\dapokalsel\\sekolah\\~\\appdata\\roaming\\undetected_chromedriver\\undetected\\chromedriver-win32\\chromedriver.exe'
2025-10-26 22:41:02,896 - ERROR - Error on attempt 277: Failed to setup driver
Traceback (most recent call last):
  File "C:\laragon\www\dapokalsel\sekolah\import_url_kabupaten.pyw", line 388, in process_url_induk
    logger.warning(f"Row {idx} missing data: kode={kode}, nama={nama}, url={full_url}")
Exception: Failed to setup driver
2025-10-26 22:41:02,897 - INFO - Retry attempt 278/300...
2025-10-26 22:41:17,898 - INFO - Setting up Chrome driver...
2025-10-26 22:41:17,905 - INFO - Using profile directory: C:\laragon\www\dapokalsel\chrome_profile
2025-10-26 22:41:17,905 - INFO - Initializing undetected Chrome driver...
2025-10-26 22:41:30,278 - ERROR - Failed to setup driver: [WinError 183] Cannot create a file when that file already exists: 'C:\\laragon\\www\\dapokalsel\\sekolah\\~\\appdata\\roaming\\undetected_chromedriver\\undetected\\chromedriver-win32\\chromedriver.exe' -> 'C:\\laragon\\www\\dapokalsel\\sekolah\\~\\appdata\\roaming\\undetected_chromedriver\\undetected_chromedriver.exe'
Traceback (most recent call last):
  File "C:\laragon\www\dapokalsel\sekolah\import_url_kabupaten.pyw", line 92, in setup_driver
    temp_dir = tempfile.gettempdir()
  File "C:\laragon\bin\python\python-3.10\lib\site-packages\undetected_chromedriver\__init__.py", line 258, in __init__
    self.patcher.auto()
  File "C:\laragon\bin\python\python-3.10\lib\site-packages\undetected_chromedriver\patcher.py", line 178, in auto
    self.unzip_package(self.fetch_package())
  File "C:\laragon\bin\python\python-3.10\lib\site-packages\undetected_chromedriver\patcher.py", line 310, in unzip_package
    os.rename(os.path.join(self.zip_path, exe_path), self.executable_path)
FileExistsError: [WinError 183] Cannot create a file when that file already exists: 'C:\\laragon\\www\\dapokalsel\\sekolah\\~\\appdata\\roaming\\undetected_chromedriver\\undetected\\chromedriver-win32\\chromedriver.exe' -> 'C:\\laragon\\www\\dapokalsel\\sekolah\\~\\appdata\\roaming\\undetected_chromedriver\\undetected_chromedriver.exe'
2025-10-26 22:41:30,666 - ERROR - Error on attempt 278: Failed to setup driver
Traceback (most recent call last):
  File "C:\laragon\www\dapokalsel\sekolah\import_url_kabupaten.pyw", line 388, in process_url_induk
    logger.warning(f"Row {idx} missing data: kode={kode}, nama={nama}, url={full_url}")
Exception: Failed to setup driver
2025-10-26 22:41:30,871 - INFO - Retry attempt 279/300...
2025-10-26 22:41:45,871 - INFO - Setting up Chrome driver...
2025-10-26 22:41:46,030 - INFO - Using profile directory: C:\laragon\www\dapokalsel\chrome_profile
2025-10-26 22:41:46,030 - INFO - Initializing undetected Chrome driver...
2025-10-26 22:42:00,442 - ERROR - Failed to setup driver: [WinError 2] The system cannot find the file specified: 'C:\\laragon\\www\\dapokalsel\\sekolah\\~\\appdata\\roaming\\undetected_chromedriver\\undetected_chromedriver.exe'
Traceback (most recent call last):
  File "C:\laragon\www\dapokalsel\sekolah\import_url_kabupaten.pyw", line 92, in setup_driver
    temp_dir = tempfile.gettempdir()
  File "C:\laragon\bin\python\python-3.10\lib\site-packages\undetected_chromedriver\__init__.py", line 258, in __init__
    self.patcher.auto()
  File "C:\laragon\bin\python\python-3.10\lib\site-packages\undetected_chromedriver\patcher.py", line 178, in auto
    self.unzip_package(self.fetch_package())
  File "C:\laragon\bin\python\python-3.10\lib\site-packages\undetected_chromedriver\patcher.py", line 313, in unzip_package
    os.chmod(self.executable_path, 0o755)
FileNotFoundError: [WinError 2] The system cannot find the file specified: 'C:\\laragon\\www\\dapokalsel\\sekolah\\~\\appdata\\roaming\\undetected_chromedriver\\undetected_chromedriver.exe'
2025-10-26 22:42:01,150 - ERROR - Error on attempt 279: Failed to setup driver
Traceback (most recent call last):
  File "C:\laragon\www\dapokalsel\sekolah\import_url_kabupaten.pyw", line 388, in process_url_induk
    logger.warning(f"Row {idx} missing data: kode={kode}, nama={nama}, url={full_url}")
Exception: Failed to setup driver
2025-10-26 22:42:01,252 - INFO - Retry attempt 280/300...
2025-10-26 22:42:16,252 - INFO - Setting up Chrome driver...
2025-10-26 22:42:16,290 - INFO - Using profile directory: C:\laragon\www\dapokalsel\chrome_profile
2025-10-26 22:42:16,291 - INFO - Initializing undetected Chrome driver...
2025-10-26 22:42:30,588 - INFO - patching driver executable C:\laragon\www\dapokalsel\sekolah\~\appdata\roaming\undetected_chromedriver\undetected_chromedriver.exe
2025-10-26 22:42:31,632 - ERROR - Failed to setup driver: Binary Location Must be a String
Traceback (most recent call last):
  File "C:\laragon\www\dapokalsel\sekolah\import_url_kabupaten.pyw", line 92, in setup_driver
    temp_dir = tempfile.gettempdir()
  File "C:\laragon\bin\python\python-3.10\lib\site-packages\undetected_chromedriver\__init__.py", line 372, in __init__
    options.binary_location = (
  File "C:\laragon\bin\python\python-3.10\lib\site-packages\selenium\webdriver\chromium\options.py", line 52, in binary_location
    raise TypeError(self.BINARY_LOCATION_ERROR)
TypeError: Binary Location Must be a String
2025-10-26 22:42:32,103 - ERROR - Error on attempt 280: Failed to setup driver
Traceback (most recent call last):
  File "C:\laragon\www\dapokalsel\sekolah\import_url_kabupaten.pyw", line 388, in process_url_induk
    logger.warning(f"Row {idx} missing data: kode={kode}, nama={nama}, url={full_url}")
Exception: Failed to setup driver
2025-10-26 22:42:32,262 - INFO - Retry attempt 281/300...
2025-10-26 22:42:47,263 - INFO - Setting up Chrome driver...
2025-10-26 22:42:47,855 - INFO - Using profile directory: C:\laragon\www\dapokalsel\chrome_profile
2025-10-26 22:42:47,855 - INFO - Initializing undetected Chrome driver...
2025-10-26 22:42:55,482 - INFO - patching driver executable C:\laragon\www\dapokalsel\sekolah\~\appdata\roaming\undetected_chromedriver\undetected_chromedriver.exe
2025-10-26 22:42:55,634 - ERROR - Failed to setup driver: Binary Location Must be a String
Traceback (most recent call last):
  File "C:\laragon\www\dapokalsel\sekolah\import_url_kabupaten.pyw", line 92, in setup_driver
    temp_dir = tempfile.gettempdir()
  File "C:\laragon\bin\python\python-3.10\lib\site-packages\undetected_chromedriver\__init__.py", line 372, in __init__
    options.binary_location = (
  File "C:\laragon\bin\python\python-3.10\lib\site-packages\selenium\webdriver\chromium\options.py", line 52, in binary_location
    raise TypeError(self.BINARY_LOCATION_ERROR)
TypeError: Binary Location Must be a String
2025-10-26 22:42:55,635 - ERROR - Error on attempt 281: Failed to setup driver
Traceback (most recent call last):
  File "C:\laragon\www\dapokalsel\sekolah\import_url_kabupaten.pyw", line 388, in process_url_induk
    logger.warning(f"Row {idx} missing data: kode={kode}, nama={nama}, url={full_url}")
Exception: Failed to setup driver
2025-10-26 22:42:55,636 - INFO - Retry attempt 282/300...
2025-10-26 22:43:10,637 - INFO - Setting up Chrome driver...
2025-10-26 22:43:10,637 - INFO - Using profile directory: C:\laragon\www\dapokalsel\chrome_profile
2025-10-26 22:43:10,637 - INFO - Initializing undetected Chrome driver...
2025-10-26 22:43:14,080 - INFO - patching driver executable C:\laragon\www\dapokalsel\sekolah\~\appdata\roaming\undetected_chromedriver\undetected_chromedriver.exe
2025-10-26 22:43:14,224 - ERROR - Failed to setup driver: Binary Location Must be a String
Traceback (most recent call last):
  File "C:\laragon\www\dapokalsel\sekolah\import_url_kabupaten.pyw", line 92, in setup_driver
    temp_dir = tempfile.gettempdir()
  File "C:\laragon\bin\python\python-3.10\lib\site-packages\undetected_chromedriver\__init__.py", line 372, in __init__
    options.binary_location = (
  File "C:\laragon\bin\python\python-3.10\lib\site-packages\selenium\webdriver\chromium\options.py", line 52, in binary_location
    raise TypeError(self.BINARY_LOCATION_ERROR)
TypeError: Binary Location Must be a String
2025-10-26 22:43:14,225 - ERROR - Error on attempt 282: Failed to setup driver
Traceback (most recent call last):
  File "C:\laragon\www\dapokalsel\sekolah\import_url_kabupaten.pyw", line 388, in process_url_induk
    logger.warning(f"Row {idx} missing data: kode={kode}, nama={nama}, url={full_url}")
Exception: Failed to setup driver
2025-10-26 22:43:14,225 - INFO - Retry attempt 283/300...
2025-10-26 22:43:29,225 - INFO - Setting up Chrome driver...
2025-10-26 22:43:29,225 - INFO - Using profile directory: C:\laragon\www\dapokalsel\chrome_profile
2025-10-26 22:43:29,225 - INFO - Initializing undetected Chrome driver...
2025-10-26 22:43:42,305 - ERROR - Failed to setup driver: [WinError 183] Cannot create a file when that file already exists: 'C:\\laragon\\www\\dapokalsel\\sekolah\\~\\appdata\\roaming\\undetected_chromedriver\\undetected\\chromedriver-win32\\chromedriver.exe' -> 'C:\\laragon\\www\\dapokalsel\\sekolah\\~\\appdata\\roaming\\undetected_chromedriver\\undetected_chromedriver.exe'
Traceback (most recent call last):
  File "C:\laragon\www\dapokalsel\sekolah\import_url_kabupaten.pyw", line 92, in setup_driver
    temp_dir = tempfile.gettempdir()
  File "C:\laragon\bin\python\python-3.10\lib\site-packages\undetected_chromedriver\__init__.py", line 258, in __init__
    self.patcher.auto()
  File "C:\laragon\bin\python\python-3.10\lib\site-packages\undetected_chromedriver\patcher.py", line 178, in auto
    self.unzip_package(self.fetch_package())
  File "C:\laragon\bin\python\python-3.10\lib\site-packages\undetected_chromedriver\patcher.py", line 310, in unzip_package
    os.rename(os.path.join(self.zip_path, exe_path), self.executable_path)
FileExistsError: [WinError 183] Cannot create a file when that file already exists: 'C:\\laragon\\www\\dapokalsel\\sekolah\\~\\appdata\\roaming\\undetected_chromedriver\\undetected\\chromedriver-win32\\chromedriver.exe' -> 'C:\\laragon\\www\\dapokalsel\\sekolah\\~\\appdata\\roaming\\undetected_chromedriver\\undetected_chromedriver.exe'
2025-10-26 22:43:42,306 - ERROR - Error on attempt 283: Failed to setup driver
Traceback (most recent call last):
  File "C:\laragon\www\dapokalsel\sekolah\import_url_kabupaten.pyw", line 388, in process_url_induk
    logger.warning(f"Row {idx} missing data: kode={kode}, nama={nama}, url={full_url}")
Exception: Failed to setup driver
2025-10-26 22:43:42,306 - INFO - Retry attempt 284/300...
2025-10-26 22:43:57,307 - INFO - Setting up Chrome driver...
2025-10-26 22:43:57,307 - INFO - Using profile directory: C:\laragon\www\dapokalsel\chrome_profile
2025-10-26 22:43:57,307 - INFO - Initializing undetected Chrome driver...
2025-10-26 22:44:01,294 - INFO - patching driver executable C:\laragon\www\dapokalsel\sekolah\~\appdata\roaming\undetected_chromedriver\undetected_chromedriver.exe
2025-10-26 22:44:01,378 - ERROR - Failed to setup driver: Binary Location Must be a String
Traceback (most recent call last):
  File "C:\laragon\www\dapokalsel\sekolah\import_url_kabupaten.pyw", line 92, in setup_driver
    temp_dir = tempfile.gettempdir()
  File "C:\laragon\bin\python\python-3.10\lib\site-packages\undetected_chromedriver\__init__.py", line 372, in __init__
    options.binary_location = (
  File "C:\laragon\bin\python\python-3.10\lib\site-packages\selenium\webdriver\chromium\options.py", line 52, in binary_location
    raise TypeError(self.BINARY_LOCATION_ERROR)
TypeError: Binary Location Must be a String
2025-10-26 22:44:01,379 - ERROR - Error on attempt 284: Failed to setup driver
Traceback (most recent call last):
  File "C:\laragon\www\dapokalsel\sekolah\import_url_kabupaten.pyw", line 388, in process_url_induk
    logger.warning(f"Row {idx} missing data: kode={kode}, nama={nama}, url={full_url}")
Exception: Failed to setup driver
2025-10-26 22:44:01,379 - INFO - Retry attempt 285/300...
2025-10-26 22:44:16,379 - INFO - Setting up Chrome driver...
2025-10-26 22:44:16,379 - INFO - Using profile directory: C:\laragon\www\dapokalsel\chrome_profile
2025-10-26 22:44:16,379 - INFO - Initializing undetected Chrome driver...
2025-10-26 22:44:24,697 - ERROR - Failed to setup driver: [WinError 183] Cannot create a file when that file already exists: 'C:\\laragon\\www\\dapokalsel\\sekolah\\~\\appdata\\roaming\\undetected_chromedriver\\undetected\\chromedriver-win32\\chromedriver.exe' -> 'C:\\laragon\\www\\dapokalsel\\sekolah\\~\\appdata\\roaming\\undetected_chromedriver\\undetected_chromedriver.exe'
Traceback (most recent call last):
  File "C:\laragon\www\dapokalsel\sekolah\import_url_kabupaten.pyw", line 92, in setup_driver
    temp_dir = tempfile.gettempdir()
  File "C:\laragon\bin\python\python-3.10\lib\site-packages\undetected_chromedriver\__init__.py", line 258, in __init__
    self.patcher.auto()
  File "C:\laragon\bin\python\python-3.10\lib\site-packages\undetected_chromedriver\patcher.py", line 178, in auto
    self.unzip_package(self.fetch_package())
  File "C:\laragon\bin\python\python-3.10\lib\site-packages\undetected_chromedriver\patcher.py", line 310, in unzip_package
    os.rename(os.path.join(self.zip_path, exe_path), self.executable_path)
FileExistsError: [WinError 183] Cannot create a file when that file already exists: 'C:\\laragon\\www\\dapokalsel\\sekolah\\~\\appdata\\roaming\\undetected_chromedriver\\undetected\\chromedriver-win32\\chromedriver.exe' -> 'C:\\laragon\\www\\dapokalsel\\sekolah\\~\\appdata\\roaming\\undetected_chromedriver\\undetected_chromedriver.exe'
2025-10-26 22:44:24,697 - ERROR - Error on attempt 285: Failed to setup driver
Traceback (most recent call last):
  File "C:\laragon\www\dapokalsel\sekolah\import_url_kabupaten.pyw", line 388, in process_url_induk
    logger.warning(f"Row {idx} missing data: kode={kode}, nama={nama}, url={full_url}")
Exception: Failed to setup driver
2025-10-26 22:44:24,698 - INFO - Retry attempt 286/300...
2025-10-26 22:44:39,699 - INFO - Setting up Chrome driver...
2025-10-26 22:44:39,699 - INFO - Using profile directory: C:\laragon\www\dapokalsel\chrome_profile
2025-10-26 22:44:39,699 - INFO - Initializing undetected Chrome driver...
2025-10-26 22:44:44,800 - ERROR - Failed to setup driver: [WinError 183] Cannot create a file when that file already exists: 'C:\\laragon\\www\\dapokalsel\\sekolah\\~\\appdata\\roaming\\undetected_chromedriver\\undetected\\chromedriver-win32\\chromedriver.exe' -> 'C:\\laragon\\www\\dapokalsel\\sekolah\\~\\appdata\\roaming\\undetected_chromedriver\\undetected_chromedriver.exe'
Traceback (most recent call last):
  File "C:\laragon\www\dapokalsel\sekolah\import_url_kabupaten.pyw", line 92, in setup_driver
    temp_dir = tempfile.gettempdir()
  File "C:\laragon\bin\python\python-3.10\lib\site-packages\undetected_chromedriver\__init__.py", line 258, in __init__
    self.patcher.auto()
  File "C:\laragon\bin\python\python-3.10\lib\site-packages\undetected_chromedriver\patcher.py", line 178, in auto
    self.unzip_package(self.fetch_package())
  File "C:\laragon\bin\python\python-3.10\lib\site-packages\undetected_chromedriver\patcher.py", line 310, in unzip_package
    os.rename(os.path.join(self.zip_path, exe_path), self.executable_path)
FileExistsError: [WinError 183] Cannot create a file when that file already exists: 'C:\\laragon\\www\\dapokalsel\\sekolah\\~\\appdata\\roaming\\undetected_chromedriver\\undetected\\chromedriver-win32\\chromedriver.exe' -> 'C:\\laragon\\www\\dapokalsel\\sekolah\\~\\appdata\\roaming\\undetected_chromedriver\\undetected_chromedriver.exe'
2025-10-26 22:44:44,800 - ERROR - Error on attempt 286: Failed to setup driver
Traceback (most recent call last):
  File "C:\laragon\www\dapokalsel\sekolah\import_url_kabupaten.pyw", line 388, in process_url_induk
    logger.warning(f"Row {idx} missing data: kode={kode}, nama={nama}, url={full_url}")
Exception: Failed to setup driver
2025-10-26 22:44:44,801 - INFO - Retry attempt 287/300...
2025-10-26 22:44:59,801 - INFO - Setting up Chrome driver...
2025-10-26 22:44:59,885 - INFO - Using profile directory: C:\laragon\www\dapokalsel\chrome_profile
2025-10-26 22:44:59,885 - INFO - Initializing undetected Chrome driver...
2025-10-26 22:45:16,736 - ERROR - Failed to setup driver: [WinError 183] Cannot create a file when that file already exists: 'C:\\laragon\\www\\dapokalsel\\sekolah\\~\\appdata\\roaming\\undetected_chromedriver\\undetected\\chromedriver-win32\\chromedriver.exe' -> 'C:\\laragon\\www\\dapokalsel\\sekolah\\~\\appdata\\roaming\\undetected_chromedriver\\undetected_chromedriver.exe'
Traceback (most recent call last):
  File "C:\laragon\www\dapokalsel\sekolah\import_url_kabupaten.pyw", line 92, in setup_driver
    temp_dir = tempfile.gettempdir()
  File "C:\laragon\bin\python\python-3.10\lib\site-packages\undetected_chromedriver\__init__.py", line 258, in __init__
    self.patcher.auto()
  File "C:\laragon\bin\python\python-3.10\lib\site-packages\undetected_chromedriver\patcher.py", line 178, in auto
    self.unzip_package(self.fetch_package())
  File "C:\laragon\bin\python\python-3.10\lib\site-packages\undetected_chromedriver\patcher.py", line 310, in unzip_package
    os.rename(os.path.join(self.zip_path, exe_path), self.executable_path)
FileExistsError: [WinError 183] Cannot create a file when that file already exists: 'C:\\laragon\\www\\dapokalsel\\sekolah\\~\\appdata\\roaming\\undetected_chromedriver\\undetected\\chromedriver-win32\\chromedriver.exe' -> 'C:\\laragon\\www\\dapokalsel\\sekolah\\~\\appdata\\roaming\\undetected_chromedriver\\undetected_chromedriver.exe'
2025-10-26 22:45:16,787 - ERROR - Error on attempt 287: Failed to setup driver
Traceback (most recent call last):
  File "C:\laragon\www\dapokalsel\sekolah\import_url_kabupaten.pyw", line 388, in process_url_induk
    logger.warning(f"Row {idx} missing data: kode={kode}, nama={nama}, url={full_url}")
Exception: Failed to setup driver
2025-10-26 22:45:16,867 - INFO - Retry attempt 288/300...
2025-10-26 22:45:31,868 - INFO - Setting up Chrome driver...
2025-10-26 22:45:32,042 - INFO - Using profile directory: C:\laragon\www\dapokalsel\chrome_profile
2025-10-26 22:45:32,043 - INFO - Initializing undetected Chrome driver...
2025-10-26 22:45:42,963 - INFO - patching driver executable C:\laragon\www\dapokalsel\sekolah\~\appdata\roaming\undetected_chromedriver\undetected_chromedriver.exe
2025-10-26 22:45:43,320 - ERROR - Failed to setup driver: Binary Location Must be a String
Traceback (most recent call last):
  File "C:\laragon\www\dapokalsel\sekolah\import_url_kabupaten.pyw", line 92, in setup_driver
    temp_dir = tempfile.gettempdir()
  File "C:\laragon\bin\python\python-3.10\lib\site-packages\undetected_chromedriver\__init__.py", line 372, in __init__
    options.binary_location = (
  File "C:\laragon\bin\python\python-3.10\lib\site-packages\selenium\webdriver\chromium\options.py", line 52, in binary_location
    raise TypeError(self.BINARY_LOCATION_ERROR)
TypeError: Binary Location Must be a String
2025-10-26 22:45:43,694 - ERROR - Error on attempt 288: Failed to setup driver
Traceback (most recent call last):
  File "C:\laragon\www\dapokalsel\sekolah\import_url_kabupaten.pyw", line 388, in process_url_induk
    logger.warning(f"Row {idx} missing data: kode={kode}, nama={nama}, url={full_url}")
Exception: Failed to setup driver
2025-10-26 22:45:43,746 - INFO - Retry attempt 289/300...
2025-10-26 22:45:58,747 - INFO - Setting up Chrome driver...
2025-10-26 22:45:58,851 - INFO - Using profile directory: C:\laragon\www\dapokalsel\chrome_profile
2025-10-26 22:45:58,851 - INFO - Initializing undetected Chrome driver...
2025-10-26 22:46:10,447 - INFO - patching driver executable C:\laragon\www\dapokalsel\sekolah\~\appdata\roaming\undetected_chromedriver\undetected_chromedriver.exe
2025-10-26 22:46:11,130 - ERROR - Failed to setup driver: Binary Location Must be a String
Traceback (most recent call last):
  File "C:\laragon\www\dapokalsel\sekolah\import_url_kabupaten.pyw", line 92, in setup_driver
    temp_dir = tempfile.gettempdir()
  File "C:\laragon\bin\python\python-3.10\lib\site-packages\undetected_chromedriver\__init__.py", line 372, in __init__
    options.binary_location = (
  File "C:\laragon\bin\python\python-3.10\lib\site-packages\selenium\webdriver\chromium\options.py", line 52, in binary_location
    raise TypeError(self.BINARY_LOCATION_ERROR)
TypeError: Binary Location Must be a String
2025-10-26 22:46:11,206 - ERROR - Error on attempt 289: Failed to setup driver
Traceback (most recent call last):
  File "C:\laragon\www\dapokalsel\sekolah\import_url_kabupaten.pyw", line 388, in process_url_induk
    logger.warning(f"Row {idx} missing data: kode={kode}, nama={nama}, url={full_url}")
Exception: Failed to setup driver
2025-10-26 22:46:11,206 - INFO - Retry attempt 290/300...
2025-10-26 22:46:26,208 - INFO - Setting up Chrome driver...
2025-10-26 22:46:26,216 - INFO - Using profile directory: C:\laragon\www\dapokalsel\chrome_profile
2025-10-26 22:46:26,216 - INFO - Initializing undetected Chrome driver...
2025-10-26 22:46:38,599 - ERROR - Failed to setup driver: [WinError 183] Cannot create a file when that file already exists: 'C:\\laragon\\www\\dapokalsel\\sekolah\\~\\appdata\\roaming\\undetected_chromedriver\\undetected\\chromedriver-win32\\chromedriver.exe' -> 'C:\\laragon\\www\\dapokalsel\\sekolah\\~\\appdata\\roaming\\undetected_chromedriver\\undetected_chromedriver.exe'
Traceback (most recent call last):
  File "C:\laragon\www\dapokalsel\sekolah\import_url_kabupaten.pyw", line 92, in setup_driver
    temp_dir = tempfile.gettempdir()
  File "C:\laragon\bin\python\python-3.10\lib\site-packages\undetected_chromedriver\__init__.py", line 258, in __init__
    self.patcher.auto()
  File "C:\laragon\bin\python\python-3.10\lib\site-packages\undetected_chromedriver\patcher.py", line 178, in auto
    self.unzip_package(self.fetch_package())
  File "C:\laragon\bin\python\python-3.10\lib\site-packages\undetected_chromedriver\patcher.py", line 310, in unzip_package
    os.rename(os.path.join(self.zip_path, exe_path), self.executable_path)
FileExistsError: [WinError 183] Cannot create a file when that file already exists: 'C:\\laragon\\www\\dapokalsel\\sekolah\\~\\appdata\\roaming\\undetected_chromedriver\\undetected\\chromedriver-win32\\chromedriver.exe' -> 'C:\\laragon\\www\\dapokalsel\\sekolah\\~\\appdata\\roaming\\undetected_chromedriver\\undetected_chromedriver.exe'
2025-10-26 22:46:38,600 - ERROR - Error on attempt 290: Failed to setup driver
Traceback (most recent call last):
  File "C:\laragon\www\dapokalsel\sekolah\import_url_kabupaten.pyw", line 388, in process_url_induk
    logger.warning(f"Row {idx} missing data: kode={kode}, nama={nama}, url={full_url}")
Exception: Failed to setup driver
2025-10-26 22:46:38,601 - INFO - Retry attempt 291/300...
2025-10-26 22:46:53,601 - INFO - Setting up Chrome driver...
2025-10-26 22:46:53,649 - INFO - Using profile directory: C:\laragon\www\dapokalsel\chrome_profile
2025-10-26 22:46:53,649 - INFO - Initializing undetected Chrome driver...
2025-10-26 22:47:03,955 - ERROR - Failed to setup driver: [WinError 32] The process cannot access the file because it is being used by another process: 'C:\\laragon\\www\\dapokalsel\\sekolah\\~\\appdata\\roaming\\undetected_chromedriver\\undetected\\chromedriver-win32\\chromedriver.exe' -> 'C:\\laragon\\www\\dapokalsel\\sekolah\\~\\appdata\\roaming\\undetected_chromedriver\\undetected_chromedriver.exe'
Traceback (most recent call last):
  File "C:\laragon\www\dapokalsel\sekolah\import_url_kabupaten.pyw", line 92, in setup_driver
    temp_dir = tempfile.gettempdir()
  File "C:\laragon\bin\python\python-3.10\lib\site-packages\undetected_chromedriver\__init__.py", line 258, in __init__
    self.patcher.auto()
  File "C:\laragon\bin\python\python-3.10\lib\site-packages\undetected_chromedriver\patcher.py", line 178, in auto
    self.unzip_package(self.fetch_package())
  File "C:\laragon\bin\python\python-3.10\lib\site-packages\undetected_chromedriver\patcher.py", line 310, in unzip_package
    os.rename(os.path.join(self.zip_path, exe_path), self.executable_path)
PermissionError: [WinError 32] The process cannot access the file because it is being used by another process: 'C:\\laragon\\www\\dapokalsel\\sekolah\\~\\appdata\\roaming\\undetected_chromedriver\\undetected\\chromedriver-win32\\chromedriver.exe' -> 'C:\\laragon\\www\\dapokalsel\\sekolah\\~\\appdata\\roaming\\undetected_chromedriver\\undetected_chromedriver.exe'
2025-10-26 22:47:04,279 - ERROR - Error on attempt 291: Failed to setup driver
Traceback (most recent call last):
  File "C:\laragon\www\dapokalsel\sekolah\import_url_kabupaten.pyw", line 388, in process_url_induk
    logger.warning(f"Row {idx} missing data: kode={kode}, nama={nama}, url={full_url}")
Exception: Failed to setup driver
2025-10-26 22:47:04,360 - INFO - Retry attempt 292/300...
2025-10-26 22:47:19,360 - INFO - Setting up Chrome driver...
2025-10-26 22:47:19,361 - INFO - Using profile directory: C:\laragon\www\dapokalsel\chrome_profile
2025-10-26 22:47:19,361 - INFO - Initializing undetected Chrome driver...
2025-10-26 22:47:29,249 - ERROR - Failed to setup driver: [WinError 183] Cannot create a file when that file already exists: 'C:\\laragon\\www\\dapokalsel\\sekolah\\~\\appdata\\roaming\\undetected_chromedriver\\undetected\\chromedriver-win32\\chromedriver.exe' -> 'C:\\laragon\\www\\dapokalsel\\sekolah\\~\\appdata\\roaming\\undetected_chromedriver\\undetected_chromedriver.exe'
Traceback (most recent call last):
  File "C:\laragon\www\dapokalsel\sekolah\import_url_kabupaten.pyw", line 92, in setup_driver
    temp_dir = tempfile.gettempdir()
  File "C:\laragon\bin\python\python-3.10\lib\site-packages\undetected_chromedriver\__init__.py", line 258, in __init__
    self.patcher.auto()
  File "C:\laragon\bin\python\python-3.10\lib\site-packages\undetected_chromedriver\patcher.py", line 178, in auto
    self.unzip_package(self.fetch_package())
  File "C:\laragon\bin\python\python-3.10\lib\site-packages\undetected_chromedriver\patcher.py", line 310, in unzip_package
    os.rename(os.path.join(self.zip_path, exe_path), self.executable_path)
FileExistsError: [WinError 183] Cannot create a file when that file already exists: 'C:\\laragon\\www\\dapokalsel\\sekolah\\~\\appdata\\roaming\\undetected_chromedriver\\undetected\\chromedriver-win32\\chromedriver.exe' -> 'C:\\laragon\\www\\dapokalsel\\sekolah\\~\\appdata\\roaming\\undetected_chromedriver\\undetected_chromedriver.exe'
2025-10-26 22:47:29,250 - ERROR - Error on attempt 292: Failed to setup driver
Traceback (most recent call last):
  File "C:\laragon\www\dapokalsel\sekolah\import_url_kabupaten.pyw", line 388, in process_url_induk
    logger.warning(f"Row {idx} missing data: kode={kode}, nama={nama}, url={full_url}")
Exception: Failed to setup driver
2025-10-26 22:47:29,250 - INFO - Retry attempt 293/300...
2025-10-26 22:47:44,250 - INFO - Setting up Chrome driver...
2025-10-26 22:47:44,251 - INFO - Using profile directory: C:\laragon\www\dapokalsel\chrome_profile
2025-10-26 22:47:44,251 - INFO - Initializing undetected Chrome driver...
2025-10-26 22:47:54,145 - INFO - patching driver executable C:\laragon\www\dapokalsel\sekolah\~\appdata\roaming\undetected_chromedriver\undetected_chromedriver.exe
2025-10-26 22:47:54,562 - ERROR - Failed to setup driver: Binary Location Must be a String
Traceback (most recent call last):
  File "C:\laragon\www\dapokalsel\sekolah\import_url_kabupaten.pyw", line 92, in setup_driver
    temp_dir = tempfile.gettempdir()
  File "C:\laragon\bin\python\python-3.10\lib\site-packages\undetected_chromedriver\__init__.py", line 372, in __init__
    options.binary_location = (
  File "C:\laragon\bin\python\python-3.10\lib\site-packages\selenium\webdriver\chromium\options.py", line 52, in binary_location
    raise TypeError(self.BINARY_LOCATION_ERROR)
TypeError: Binary Location Must be a String
2025-10-26 22:47:54,563 - ERROR - Error on attempt 293: Failed to setup driver
Traceback (most recent call last):
  File "C:\laragon\www\dapokalsel\sekolah\import_url_kabupaten.pyw", line 388, in process_url_induk
    logger.warning(f"Row {idx} missing data: kode={kode}, nama={nama}, url={full_url}")
Exception: Failed to setup driver
2025-10-26 22:47:54,563 - INFO - Retry attempt 294/300...
2025-10-26 22:48:09,563 - INFO - Setting up Chrome driver...
2025-10-26 22:48:09,563 - INFO - Using profile directory: C:\laragon\www\dapokalsel\chrome_profile
2025-10-26 22:48:09,563 - INFO - Initializing undetected Chrome driver...
2025-10-26 22:48:21,166 - INFO - patching driver executable C:\laragon\www\dapokalsel\sekolah\~\appdata\roaming\undetected_chromedriver\undetected_chromedriver.exe
2025-10-26 22:48:21,247 - ERROR - Failed to setup driver: Binary Location Must be a String
Traceback (most recent call last):
  File "C:\laragon\www\dapokalsel\sekolah\import_url_kabupaten.pyw", line 92, in setup_driver
    temp_dir = tempfile.gettempdir()
  File "C:\laragon\bin\python\python-3.10\lib\site-packages\undetected_chromedriver\__init__.py", line 372, in __init__
    options.binary_location = (
  File "C:\laragon\bin\python\python-3.10\lib\site-packages\selenium\webdriver\chromium\options.py", line 52, in binary_location
    raise TypeError(self.BINARY_LOCATION_ERROR)
TypeError: Binary Location Must be a String
2025-10-26 22:48:21,249 - ERROR - Error on attempt 294: Failed to setup driver
Traceback (most recent call last):
  File "C:\laragon\www\dapokalsel\sekolah\import_url_kabupaten.pyw", line 388, in process_url_induk
    logger.warning(f"Row {idx} missing data: kode={kode}, nama={nama}, url={full_url}")
Exception: Failed to setup driver
2025-10-26 22:48:21,249 - INFO - Retry attempt 295/300...
2025-10-26 22:48:36,250 - INFO - Setting up Chrome driver...
2025-10-26 22:48:36,251 - INFO - Using profile directory: C:\laragon\www\dapokalsel\chrome_profile
2025-10-26 22:48:36,251 - INFO - Initializing undetected Chrome driver...
2025-10-26 22:48:41,002 - INFO - patching driver executable C:\laragon\www\dapokalsel\sekolah\~\appdata\roaming\undetected_chromedriver\undetected_chromedriver.exe
2025-10-26 22:48:41,077 - ERROR - Failed to setup driver: Binary Location Must be a String
Traceback (most recent call last):
  File "C:\laragon\www\dapokalsel\sekolah\import_url_kabupaten.pyw", line 92, in setup_driver
    temp_dir = tempfile.gettempdir()
  File "C:\laragon\bin\python\python-3.10\lib\site-packages\undetected_chromedriver\__init__.py", line 372, in __init__
    options.binary_location = (
  File "C:\laragon\bin\python\python-3.10\lib\site-packages\selenium\webdriver\chromium\options.py", line 52, in binary_location
    raise TypeError(self.BINARY_LOCATION_ERROR)
TypeError: Binary Location Must be a String
2025-10-26 22:48:41,078 - ERROR - Error on attempt 295: Failed to setup driver
Traceback (most recent call last):
  File "C:\laragon\www\dapokalsel\sekolah\import_url_kabupaten.pyw", line 388, in process_url_induk
    logger.warning(f"Row {idx} missing data: kode={kode}, nama={nama}, url={full_url}")
Exception: Failed to setup driver
2025-10-26 22:48:41,078 - INFO - Retry attempt 296/300...
2025-10-26 22:48:56,078 - INFO - Setting up Chrome driver...
2025-10-26 22:48:56,078 - INFO - Using profile directory: C:\laragon\www\dapokalsel\chrome_profile
2025-10-26 22:48:56,078 - INFO - Initializing undetected Chrome driver...
2025-10-26 22:49:02,618 - INFO - patching driver executable C:\laragon\www\dapokalsel\sekolah\~\appdata\roaming\undetected_chromedriver\undetected_chromedriver.exe
2025-10-26 22:49:02,696 - ERROR - Failed to setup driver: Binary Location Must be a String
Traceback (most recent call last):
  File "C:\laragon\www\dapokalsel\sekolah\import_url_kabupaten.pyw", line 92, in setup_driver
    temp_dir = tempfile.gettempdir()
  File "C:\laragon\bin\python\python-3.10\lib\site-packages\undetected_chromedriver\__init__.py", line 372, in __init__
    options.binary_location = (
  File "C:\laragon\bin\python\python-3.10\lib\site-packages\selenium\webdriver\chromium\options.py", line 52, in binary_location
    raise TypeError(self.BINARY_LOCATION_ERROR)
TypeError: Binary Location Must be a String
2025-10-26 22:49:02,696 - ERROR - Error on attempt 296: Failed to setup driver
Traceback (most recent call last):
  File "C:\laragon\www\dapokalsel\sekolah\import_url_kabupaten.pyw", line 388, in process_url_induk
    logger.warning(f"Row {idx} missing data: kode={kode}, nama={nama}, url={full_url}")
Exception: Failed to setup driver
2025-10-26 22:49:02,697 - INFO - Retry attempt 297/300...
2025-10-26 22:49:17,698 - INFO - Setting up Chrome driver...
2025-10-26 22:49:18,009 - INFO - Using profile directory: C:\laragon\www\dapokalsel\chrome_profile
2025-10-26 22:49:18,010 - INFO - Initializing undetected Chrome driver...
2025-10-26 22:49:31,244 - INFO - patching driver executable C:\laragon\www\dapokalsel\sekolah\~\appdata\roaming\undetected_chromedriver\undetected_chromedriver.exe
2025-10-26 22:49:31,676 - ERROR - Failed to setup driver: Binary Location Must be a String
Traceback (most recent call last):
  File "C:\laragon\www\dapokalsel\sekolah\import_url_kabupaten.pyw", line 92, in setup_driver
    temp_dir = tempfile.gettempdir()
  File "C:\laragon\bin\python\python-3.10\lib\site-packages\undetected_chromedriver\__init__.py", line 372, in __init__
    options.binary_location = (
  File "C:\laragon\bin\python\python-3.10\lib\site-packages\selenium\webdriver\chromium\options.py", line 52, in binary_location
    raise TypeError(self.BINARY_LOCATION_ERROR)
TypeError: Binary Location Must be a String
2025-10-26 22:49:32,010 - ERROR - Error on attempt 297: Failed to setup driver
Traceback (most recent call last):
  File "C:\laragon\www\dapokalsel\sekolah\import_url_kabupaten.pyw", line 388, in process_url_induk
    logger.warning(f"Row {idx} missing data: kode={kode}, nama={nama}, url={full_url}")
Exception: Failed to setup driver
2025-10-26 22:49:32,011 - INFO - Retry attempt 298/300...
2025-10-26 22:49:47,012 - INFO - Setting up Chrome driver...
2025-10-26 22:49:47,126 - INFO - Using profile directory: C:\laragon\www\dapokalsel\chrome_profile
2025-10-26 22:49:47,126 - INFO - Initializing undetected Chrome driver...
2025-10-26 22:49:59,845 - INFO - patching driver executable C:\laragon\www\dapokalsel\sekolah\~\appdata\roaming\undetected_chromedriver\undetected_chromedriver.exe
2025-10-26 22:50:00,700 - ERROR - Failed to setup driver: Binary Location Must be a String
Traceback (most recent call last):
  File "C:\laragon\www\dapokalsel\sekolah\import_url_kabupaten.pyw", line 92, in setup_driver
    temp_dir = tempfile.gettempdir()
  File "C:\laragon\bin\python\python-3.10\lib\site-packages\undetected_chromedriver\__init__.py", line 372, in __init__
    options.binary_location = (
  File "C:\laragon\bin\python\python-3.10\lib\site-packages\selenium\webdriver\chromium\options.py", line 52, in binary_location
    raise TypeError(self.BINARY_LOCATION_ERROR)
TypeError: Binary Location Must be a String
2025-10-26 22:50:01,691 - ERROR - Error on attempt 298: Failed to setup driver
Traceback (most recent call last):
  File "C:\laragon\www\dapokalsel\sekolah\import_url_kabupaten.pyw", line 388, in process_url_induk
    logger.warning(f"Row {idx} missing data: kode={kode}, nama={nama}, url={full_url}")
Exception: Failed to setup driver
2025-10-26 22:50:01,693 - INFO - Retry attempt 299/300...
2025-10-26 22:50:16,694 - INFO - Setting up Chrome driver...
2025-10-26 22:50:17,150 - INFO - Using profile directory: C:\laragon\www\dapokalsel\chrome_profile
2025-10-26 22:50:17,150 - INFO - Initializing undetected Chrome driver...
2025-10-26 22:50:29,922 - ERROR - Failed to setup driver: [WinError 183] Cannot create a file when that file already exists: 'C:\\laragon\\www\\dapokalsel\\sekolah\\~\\appdata\\roaming\\undetected_chromedriver\\undetected\\chromedriver-win32\\chromedriver.exe' -> 'C:\\laragon\\www\\dapokalsel\\sekolah\\~\\appdata\\roaming\\undetected_chromedriver\\undetected_chromedriver.exe'
Traceback (most recent call last):
  File "C:\laragon\www\dapokalsel\sekolah\import_url_kabupaten.pyw", line 92, in setup_driver
    temp_dir = tempfile.gettempdir()
  File "C:\laragon\bin\python\python-3.10\lib\site-packages\undetected_chromedriver\__init__.py", line 258, in __init__
    self.patcher.auto()
  File "C:\laragon\bin\python\python-3.10\lib\site-packages\undetected_chromedriver\patcher.py", line 178, in auto
    self.unzip_package(self.fetch_package())
  File "C:\laragon\bin\python\python-3.10\lib\site-packages\undetected_chromedriver\patcher.py", line 310, in unzip_package
    os.rename(os.path.join(self.zip_path, exe_path), self.executable_path)
FileExistsError: [WinError 183] Cannot create a file when that file already exists: 'C:\\laragon\\www\\dapokalsel\\sekolah\\~\\appdata\\roaming\\undetected_chromedriver\\undetected\\chromedriver-win32\\chromedriver.exe' -> 'C:\\laragon\\www\\dapokalsel\\sekolah\\~\\appdata\\roaming\\undetected_chromedriver\\undetected_chromedriver.exe'
2025-10-26 22:50:29,923 - ERROR - Error on attempt 299: Failed to setup driver
Traceback (most recent call last):
  File "C:\laragon\www\dapokalsel\sekolah\import_url_kabupaten.pyw", line 388, in process_url_induk
    logger.warning(f"Row {idx} missing data: kode={kode}, nama={nama}, url={full_url}")
Exception: Failed to setup driver
2025-10-26 22:50:30,118 - INFO - Retry attempt 300/300...
2025-10-26 22:50:45,118 - INFO - Setting up Chrome driver...
2025-10-26 22:50:45,143 - INFO - Using profile directory: C:\laragon\www\dapokalsel\chrome_profile
2025-10-26 22:50:45,143 - INFO - Initializing undetected Chrome driver...
2025-10-26 22:50:58,702 - ERROR - Failed to setup driver: [WinError 32] The process cannot access the file because it is being used by another process: 'C:\\laragon\\www\\dapokalsel\\sekolah\\~\\appdata\\roaming\\undetected_chromedriver\\undetected\\chromedriver-win32\\THIRD_PARTY_NOTICES.chromedriver'
Traceback (most recent call last):
  File "C:\laragon\www\dapokalsel\sekolah\import_url_kabupaten.pyw", line 92, in setup_driver
    temp_dir = tempfile.gettempdir()
  File "C:\laragon\bin\python\python-3.10\lib\site-packages\undetected_chromedriver\__init__.py", line 258, in __init__
    self.patcher.auto()
  File "C:\laragon\bin\python\python-3.10\lib\site-packages\undetected_chromedriver\patcher.py", line 178, in auto
    self.unzip_package(self.fetch_package())
  File "C:\laragon\bin\python\python-3.10\lib\site-packages\undetected_chromedriver\patcher.py", line 312, in unzip_package
    shutil.rmtree(self.zip_path)
  File "C:\laragon\bin\python\python-3.10\lib\shutil.py", line 749, in rmtree
    return _rmtree_unsafe(path, onerror)
  File "C:\laragon\bin\python\python-3.10\lib\shutil.py", line 614, in _rmtree_unsafe
    _rmtree_unsafe(fullname, onerror)
  File "C:\laragon\bin\python\python-3.10\lib\shutil.py", line 619, in _rmtree_unsafe
    onerror(os.unlink, fullname, sys.exc_info())
  File "C:\laragon\bin\python\python-3.10\lib\shutil.py", line 617, in _rmtree_unsafe
    os.unlink(fullname)
PermissionError: [WinError 32] The process cannot access the file because it is being used by another process: 'C:\\laragon\\www\\dapokalsel\\sekolah\\~\\appdata\\roaming\\undetected_chromedriver\\undetected\\chromedriver-win32\\THIRD_PARTY_NOTICES.chromedriver'
2025-10-26 22:50:59,047 - ERROR - Error on attempt 300: Failed to setup driver
Traceback (most recent call last):
  File "C:\laragon\www\dapokalsel\sekolah\import_url_kabupaten.pyw", line 388, in process_url_induk
    logger.warning(f"Row {idx} missing data: kode={kode}, nama={nama}, url={full_url}")
Exception: Failed to setup driver
2025-10-26 22:51:05,883 - INFO - Updated log entry, affected rows: 1
--- Logging error ---
Traceback (most recent call last):
  File "C:\laragon\bin\python\python-3.10\lib\logging\__init__.py", line 1103, in emit
    stream.write(msg + self.terminator)
  File "C:\laragon\bin\python\python-3.10\lib\encodings\cp1252.py", line 19, in encode
    return codecs.charmap_encode(input,self.errors,encoding_table)[0]
UnicodeEncodeError: 'charmap' codec can't encode character '\u274c' in position 34: character maps to <undefined>
Call stack:
  File "C:\laragon\www\dapokalsel\sekolah\import_url_kabupaten.pyw", line 491, in <module>
    parser.add_argument('--max_retries', type=int, default=5, help='Maximum retry attempts')
  File "C:\laragon\www\dapokalsel\sekolah\import_url_kabupaten.pyw", line 465, in main
    # Log final result
  File "C:\laragon\www\dapokalsel\sekolah\import_url_kabupaten.pyw", line 429, in process_url_induk
    logger.info(f"Retry attempt {retry_count + 1}/{max_retries}...")
Message: '\u274c FAILED: Kabupaten processing for URL Induk ID 5 after 300 attempts'
Arguments: ()
2025-10-26 22:51:06,572 - INFO - 
================================================================================
2025-10-26 22:51:06,604 - INFO - KABUPATEN IMPORT SUMMARY
2025-10-26 22:51:06,604 - INFO - ================================================================================
2025-10-26 22:51:06,604 - INFO - Total URL Induk Processed: 1
2025-10-26 22:51:06,604 - INFO - Successful: 0
2025-10-26 22:51:06,605 - INFO - Failed: 1
2025-10-26 22:51:06,605 - INFO - ================================================================================
--- Logging error ---
Traceback (most recent call last):
  File "C:\laragon\bin\python\python-3.10\lib\logging\__init__.py", line 1103, in emit
    stream.write(msg + self.terminator)
  File "C:\laragon\bin\python\python-3.10\lib\encodings\cp1252.py", line 19, in encode
    return codecs.charmap_encode(input,self.errors,encoding_table)[0]
UnicodeEncodeError: 'charmap' codec can't encode character '\u274c' in position 34: character maps to <undefined>
Call stack:
  File "C:\laragon\www\dapokalsel\sekolah\import_url_kabupaten.pyw", line 491, in <module>
    parser.add_argument('--max_retries', type=int, default=5, help='Maximum retry attempts')
  File "C:\laragon\www\dapokalsel\sekolah\import_url_kabupaten.pyw", line 480, in main
    # MAIN FUNCTION
Message: '\u274c Kabupaten import completed with failures'
Arguments: ()
