2025-10-26 14:06:34,169 - INFO - Logging diinisialisasi ke: C:\laragon\www\dapokalsel\logs\kabupaten_import.log
2025-10-26 14:06:34,170 - INFO - Project root: C:\laragon\www\dapokalsel
2025-10-26 14:06:34,170 - INFO - === MEMULAI IMPORT KABUPATEN ===
2025-10-26 14:06:34,171 - INFO - Args: Namespace(url_induk_id=5, max_retries=300, user_id=1)
2025-10-26 14:06:34,203 - INFO - Ditemukan 1 URL induk aktif
2025-10-26 14:06:34,203 - INFO - Memproses URL Induk ID: 5 | URL: https://dapo.kemendikdasmen.go.id/sp/1/150000
2025-10-26 14:06:34,219 - INFO - Membuat log DB ID: 164
2025-10-26 14:06:34,266 - INFO - Memulai setup driver...
2025-10-26 14:06:34,267 - INFO - Menggunakan User Data Directory: C:\laragon\www\dapokalsel\chrome_profile
2025-10-26 14:06:34,267 - INFO - Menginisialisasi uc.Chrome()...
2025-10-26 14:06:37,180 - INFO - patching driver executable C:\laragon\www\dapokalsel\sekolah\~\appdata\roaming\undetected_chromedriver\undetected_chromedriver.exe
2025-10-26 14:06:37,269 - ERROR - GAGAL total saat setup driver: Binary Location Must be a String
Traceback (most recent call last):
  File "C:\laragon\www\dapokalsel\sekolah\import_url_kabupaten.pyw", line 80, in setup_driver
    driver = uc.Chrome(
  File "C:\laragon\bin\python\python-3.10\lib\site-packages\undetected_chromedriver\__init__.py", line 372, in __init__
    options.binary_location = (
  File "C:\laragon\bin\python\python-3.10\lib\site-packages\selenium\webdriver\chromium\options.py", line 52, in binary_location
    raise TypeError(self.BINARY_LOCATION_ERROR)
TypeError: Binary Location Must be a String
2025-10-26 14:06:37,307 - ERROR - Error pada percobaan 1: Gagal total setup driver. Cek log di atas.
Traceback (most recent call last):
  File "C:\laragon\www\dapokalsel\sekolah\import_url_kabupaten.pyw", line 285, in process_url_induk
    raise Exception("Gagal total setup driver. Cek log di atas.")
Exception: Gagal total setup driver. Cek log di atas.
2025-10-26 14:06:37,307 - INFO - Percobaan ulang 2/300...
2025-10-26 14:06:52,313 - INFO - Memulai setup driver...
2025-10-26 14:06:52,313 - INFO - Menggunakan User Data Directory: C:\laragon\www\dapokalsel\chrome_profile
2025-10-26 14:06:52,313 - INFO - Menginisialisasi uc.Chrome()...
2025-10-26 14:06:55,926 - INFO - patching driver executable C:\laragon\www\dapokalsel\sekolah\~\appdata\roaming\undetected_chromedriver\undetected_chromedriver.exe
2025-10-26 14:06:56,030 - ERROR - GAGAL total saat setup driver: Binary Location Must be a String
Traceback (most recent call last):
  File "C:\laragon\www\dapokalsel\sekolah\import_url_kabupaten.pyw", line 80, in setup_driver
    driver = uc.Chrome(
  File "C:\laragon\bin\python\python-3.10\lib\site-packages\undetected_chromedriver\__init__.py", line 372, in __init__
    options.binary_location = (
  File "C:\laragon\bin\python\python-3.10\lib\site-packages\selenium\webdriver\chromium\options.py", line 52, in binary_location
    raise TypeError(self.BINARY_LOCATION_ERROR)
TypeError: Binary Location Must be a String
2025-10-26 14:06:56,031 - ERROR - Error pada percobaan 2: Gagal total setup driver. Cek log di atas.
Traceback (most recent call last):
  File "C:\laragon\www\dapokalsel\sekolah\import_url_kabupaten.pyw", line 285, in process_url_induk
    raise Exception("Gagal total setup driver. Cek log di atas.")
Exception: Gagal total setup driver. Cek log di atas.
2025-10-26 14:06:56,031 - INFO - Percobaan ulang 3/300...
2025-10-26 14:07:11,032 - INFO - Memulai setup driver...
2025-10-26 14:07:11,033 - INFO - Menggunakan User Data Directory: C:\laragon\www\dapokalsel\chrome_profile
2025-10-26 14:07:11,034 - INFO - Menginisialisasi uc.Chrome()...
2025-10-26 14:07:14,609 - INFO - patching driver executable C:\laragon\www\dapokalsel\sekolah\~\appdata\roaming\undetected_chromedriver\undetected_chromedriver.exe
2025-10-26 14:07:14,692 - ERROR - GAGAL total saat setup driver: Binary Location Must be a String
Traceback (most recent call last):
  File "C:\laragon\www\dapokalsel\sekolah\import_url_kabupaten.pyw", line 80, in setup_driver
    driver = uc.Chrome(
  File "C:\laragon\bin\python\python-3.10\lib\site-packages\undetected_chromedriver\__init__.py", line 372, in __init__
    options.binary_location = (
  File "C:\laragon\bin\python\python-3.10\lib\site-packages\selenium\webdriver\chromium\options.py", line 52, in binary_location
    raise TypeError(self.BINARY_LOCATION_ERROR)
TypeError: Binary Location Must be a String
2025-10-26 14:07:14,692 - ERROR - Error pada percobaan 3: Gagal total setup driver. Cek log di atas.
Traceback (most recent call last):
  File "C:\laragon\www\dapokalsel\sekolah\import_url_kabupaten.pyw", line 285, in process_url_induk
    raise Exception("Gagal total setup driver. Cek log di atas.")
Exception: Gagal total setup driver. Cek log di atas.
2025-10-26 14:07:14,692 - INFO - Percobaan ulang 4/300...
2025-10-26 14:07:29,695 - INFO - Memulai setup driver...
2025-10-26 14:07:29,695 - INFO - Menggunakan User Data Directory: C:\laragon\www\dapokalsel\chrome_profile
2025-10-26 14:07:29,695 - INFO - Menginisialisasi uc.Chrome()...
2025-10-26 14:07:33,009 - INFO - patching driver executable C:\laragon\www\dapokalsel\sekolah\~\appdata\roaming\undetected_chromedriver\undetected_chromedriver.exe
2025-10-26 14:07:33,095 - ERROR - GAGAL total saat setup driver: Binary Location Must be a String
Traceback (most recent call last):
  File "C:\laragon\www\dapokalsel\sekolah\import_url_kabupaten.pyw", line 80, in setup_driver
    driver = uc.Chrome(
  File "C:\laragon\bin\python\python-3.10\lib\site-packages\undetected_chromedriver\__init__.py", line 372, in __init__
    options.binary_location = (
  File "C:\laragon\bin\python\python-3.10\lib\site-packages\selenium\webdriver\chromium\options.py", line 52, in binary_location
    raise TypeError(self.BINARY_LOCATION_ERROR)
TypeError: Binary Location Must be a String
2025-10-26 14:07:33,096 - ERROR - Error pada percobaan 4: Gagal total setup driver. Cek log di atas.
Traceback (most recent call last):
  File "C:\laragon\www\dapokalsel\sekolah\import_url_kabupaten.pyw", line 285, in process_url_induk
    raise Exception("Gagal total setup driver. Cek log di atas.")
Exception: Gagal total setup driver. Cek log di atas.
2025-10-26 14:07:33,096 - INFO - Percobaan ulang 5/300...
2025-10-26 14:07:48,107 - INFO - Memulai setup driver...
2025-10-26 14:07:48,107 - INFO - Menggunakan User Data Directory: C:\laragon\www\dapokalsel\chrome_profile
2025-10-26 14:07:48,107 - INFO - Menginisialisasi uc.Chrome()...
2025-10-26 14:07:51,623 - INFO - patching driver executable C:\laragon\www\dapokalsel\sekolah\~\appdata\roaming\undetected_chromedriver\undetected_chromedriver.exe
2025-10-26 14:07:51,707 - ERROR - GAGAL total saat setup driver: Binary Location Must be a String
Traceback (most recent call last):
  File "C:\laragon\www\dapokalsel\sekolah\import_url_kabupaten.pyw", line 80, in setup_driver
    driver = uc.Chrome(
  File "C:\laragon\bin\python\python-3.10\lib\site-packages\undetected_chromedriver\__init__.py", line 372, in __init__
    options.binary_location = (
  File "C:\laragon\bin\python\python-3.10\lib\site-packages\selenium\webdriver\chromium\options.py", line 52, in binary_location
    raise TypeError(self.BINARY_LOCATION_ERROR)
TypeError: Binary Location Must be a String
2025-10-26 14:07:51,707 - ERROR - Error pada percobaan 5: Gagal total setup driver. Cek log di atas.
Traceback (most recent call last):
  File "C:\laragon\www\dapokalsel\sekolah\import_url_kabupaten.pyw", line 285, in process_url_induk
    raise Exception("Gagal total setup driver. Cek log di atas.")
Exception: Gagal total setup driver. Cek log di atas.
2025-10-26 14:07:51,707 - INFO - Percobaan ulang 6/300...
2025-10-26 14:08:06,716 - INFO - Memulai setup driver...
2025-10-26 14:08:06,718 - INFO - Menggunakan User Data Directory: C:\laragon\www\dapokalsel\chrome_profile
2025-10-26 14:08:06,719 - INFO - Menginisialisasi uc.Chrome()...
2025-10-26 14:08:10,568 - INFO - patching driver executable C:\laragon\www\dapokalsel\sekolah\~\appdata\roaming\undetected_chromedriver\undetected_chromedriver.exe
2025-10-26 14:08:10,639 - ERROR - GAGAL total saat setup driver: Binary Location Must be a String
Traceback (most recent call last):
  File "C:\laragon\www\dapokalsel\sekolah\import_url_kabupaten.pyw", line 80, in setup_driver
    driver = uc.Chrome(
  File "C:\laragon\bin\python\python-3.10\lib\site-packages\undetected_chromedriver\__init__.py", line 372, in __init__
    options.binary_location = (
  File "C:\laragon\bin\python\python-3.10\lib\site-packages\selenium\webdriver\chromium\options.py", line 52, in binary_location
    raise TypeError(self.BINARY_LOCATION_ERROR)
TypeError: Binary Location Must be a String
2025-10-26 14:08:10,639 - ERROR - Error pada percobaan 6: Gagal total setup driver. Cek log di atas.
Traceback (most recent call last):
  File "C:\laragon\www\dapokalsel\sekolah\import_url_kabupaten.pyw", line 285, in process_url_induk
    raise Exception("Gagal total setup driver. Cek log di atas.")
Exception: Gagal total setup driver. Cek log di atas.
2025-10-26 14:08:10,639 - INFO - Percobaan ulang 7/300...
2025-10-26 14:08:25,640 - INFO - Memulai setup driver...
2025-10-26 14:08:25,641 - INFO - Menggunakan User Data Directory: C:\laragon\www\dapokalsel\chrome_profile
2025-10-26 14:08:25,641 - INFO - Menginisialisasi uc.Chrome()...
2025-10-26 14:08:30,758 - INFO - patching driver executable C:\laragon\www\dapokalsel\sekolah\~\appdata\roaming\undetected_chromedriver\undetected_chromedriver.exe
2025-10-26 14:08:30,875 - ERROR - GAGAL total saat setup driver: Binary Location Must be a String
Traceback (most recent call last):
  File "C:\laragon\www\dapokalsel\sekolah\import_url_kabupaten.pyw", line 80, in setup_driver
    driver = uc.Chrome(
  File "C:\laragon\bin\python\python-3.10\lib\site-packages\undetected_chromedriver\__init__.py", line 372, in __init__
    options.binary_location = (
  File "C:\laragon\bin\python\python-3.10\lib\site-packages\selenium\webdriver\chromium\options.py", line 52, in binary_location
    raise TypeError(self.BINARY_LOCATION_ERROR)
TypeError: Binary Location Must be a String
2025-10-26 14:08:30,876 - ERROR - Error pada percobaan 7: Gagal total setup driver. Cek log di atas.
Traceback (most recent call last):
  File "C:\laragon\www\dapokalsel\sekolah\import_url_kabupaten.pyw", line 285, in process_url_induk
    raise Exception("Gagal total setup driver. Cek log di atas.")
Exception: Gagal total setup driver. Cek log di atas.
2025-10-26 14:08:30,876 - INFO - Percobaan ulang 8/300...
2025-10-26 14:08:45,882 - INFO - Memulai setup driver...
2025-10-26 14:08:45,882 - INFO - Menggunakan User Data Directory: C:\laragon\www\dapokalsel\chrome_profile
2025-10-26 14:08:45,882 - INFO - Menginisialisasi uc.Chrome()...
2025-10-26 14:08:48,954 - INFO - patching driver executable C:\laragon\www\dapokalsel\sekolah\~\appdata\roaming\undetected_chromedriver\undetected_chromedriver.exe
2025-10-26 14:08:49,037 - ERROR - GAGAL total saat setup driver: Binary Location Must be a String
Traceback (most recent call last):
  File "C:\laragon\www\dapokalsel\sekolah\import_url_kabupaten.pyw", line 80, in setup_driver
    driver = uc.Chrome(
  File "C:\laragon\bin\python\python-3.10\lib\site-packages\undetected_chromedriver\__init__.py", line 372, in __init__
    options.binary_location = (
  File "C:\laragon\bin\python\python-3.10\lib\site-packages\selenium\webdriver\chromium\options.py", line 52, in binary_location
    raise TypeError(self.BINARY_LOCATION_ERROR)
TypeError: Binary Location Must be a String
2025-10-26 14:08:49,037 - ERROR - Error pada percobaan 8: Gagal total setup driver. Cek log di atas.
Traceback (most recent call last):
  File "C:\laragon\www\dapokalsel\sekolah\import_url_kabupaten.pyw", line 285, in process_url_induk
    raise Exception("Gagal total setup driver. Cek log di atas.")
Exception: Gagal total setup driver. Cek log di atas.
2025-10-26 14:08:49,037 - INFO - Percobaan ulang 9/300...
2025-10-26 14:09:04,039 - INFO - Memulai setup driver...
2025-10-26 14:09:04,041 - INFO - Menggunakan User Data Directory: C:\laragon\www\dapokalsel\chrome_profile
2025-10-26 14:09:04,041 - INFO - Menginisialisasi uc.Chrome()...
2025-10-26 14:09:07,023 - INFO - patching driver executable C:\laragon\www\dapokalsel\sekolah\~\appdata\roaming\undetected_chromedriver\undetected_chromedriver.exe
2025-10-26 14:09:07,107 - ERROR - GAGAL total saat setup driver: Binary Location Must be a String
Traceback (most recent call last):
  File "C:\laragon\www\dapokalsel\sekolah\import_url_kabupaten.pyw", line 80, in setup_driver
    driver = uc.Chrome(
  File "C:\laragon\bin\python\python-3.10\lib\site-packages\undetected_chromedriver\__init__.py", line 372, in __init__
    options.binary_location = (
  File "C:\laragon\bin\python\python-3.10\lib\site-packages\selenium\webdriver\chromium\options.py", line 52, in binary_location
    raise TypeError(self.BINARY_LOCATION_ERROR)
TypeError: Binary Location Must be a String
2025-10-26 14:09:07,107 - ERROR - Error pada percobaan 9: Gagal total setup driver. Cek log di atas.
Traceback (most recent call last):
  File "C:\laragon\www\dapokalsel\sekolah\import_url_kabupaten.pyw", line 285, in process_url_induk
    raise Exception("Gagal total setup driver. Cek log di atas.")
Exception: Gagal total setup driver. Cek log di atas.
2025-10-26 14:09:07,108 - INFO - Percobaan ulang 10/300...
2025-10-26 14:09:22,118 - INFO - Memulai setup driver...
2025-10-26 14:09:22,118 - INFO - Menggunakan User Data Directory: C:\laragon\www\dapokalsel\chrome_profile
2025-10-26 14:09:22,118 - INFO - Menginisialisasi uc.Chrome()...
2025-10-26 14:09:25,952 - INFO - patching driver executable C:\laragon\www\dapokalsel\sekolah\~\appdata\roaming\undetected_chromedriver\undetected_chromedriver.exe
2025-10-26 14:09:26,041 - ERROR - GAGAL total saat setup driver: Binary Location Must be a String
Traceback (most recent call last):
  File "C:\laragon\www\dapokalsel\sekolah\import_url_kabupaten.pyw", line 80, in setup_driver
    driver = uc.Chrome(
  File "C:\laragon\bin\python\python-3.10\lib\site-packages\undetected_chromedriver\__init__.py", line 372, in __init__
    options.binary_location = (
  File "C:\laragon\bin\python\python-3.10\lib\site-packages\selenium\webdriver\chromium\options.py", line 52, in binary_location
    raise TypeError(self.BINARY_LOCATION_ERROR)
TypeError: Binary Location Must be a String
2025-10-26 14:09:26,042 - ERROR - Error pada percobaan 10: Gagal total setup driver. Cek log di atas.
Traceback (most recent call last):
  File "C:\laragon\www\dapokalsel\sekolah\import_url_kabupaten.pyw", line 285, in process_url_induk
    raise Exception("Gagal total setup driver. Cek log di atas.")
Exception: Gagal total setup driver. Cek log di atas.
2025-10-26 14:09:26,042 - INFO - Percobaan ulang 11/300...
2025-10-26 14:09:41,051 - INFO - Memulai setup driver...
2025-10-26 14:09:41,051 - INFO - Menggunakan User Data Directory: C:\laragon\www\dapokalsel\chrome_profile
2025-10-26 14:09:41,051 - INFO - Menginisialisasi uc.Chrome()...
2025-10-26 14:09:44,183 - INFO - patching driver executable C:\laragon\www\dapokalsel\sekolah\~\appdata\roaming\undetected_chromedriver\undetected_chromedriver.exe
2025-10-26 14:09:44,268 - ERROR - GAGAL total saat setup driver: Binary Location Must be a String
Traceback (most recent call last):
  File "C:\laragon\www\dapokalsel\sekolah\import_url_kabupaten.pyw", line 80, in setup_driver
    driver = uc.Chrome(
  File "C:\laragon\bin\python\python-3.10\lib\site-packages\undetected_chromedriver\__init__.py", line 372, in __init__
    options.binary_location = (
  File "C:\laragon\bin\python\python-3.10\lib\site-packages\selenium\webdriver\chromium\options.py", line 52, in binary_location
    raise TypeError(self.BINARY_LOCATION_ERROR)
TypeError: Binary Location Must be a String
2025-10-26 14:09:44,268 - ERROR - Error pada percobaan 11: Gagal total setup driver. Cek log di atas.
Traceback (most recent call last):
  File "C:\laragon\www\dapokalsel\sekolah\import_url_kabupaten.pyw", line 285, in process_url_induk
    raise Exception("Gagal total setup driver. Cek log di atas.")
Exception: Gagal total setup driver. Cek log di atas.
2025-10-26 14:09:44,268 - INFO - Percobaan ulang 12/300...
2025-10-26 14:09:59,269 - INFO - Memulai setup driver...
2025-10-26 14:09:59,270 - INFO - Menggunakan User Data Directory: C:\laragon\www\dapokalsel\chrome_profile
2025-10-26 14:09:59,271 - INFO - Menginisialisasi uc.Chrome()...
2025-10-26 14:10:02,233 - INFO - patching driver executable C:\laragon\www\dapokalsel\sekolah\~\appdata\roaming\undetected_chromedriver\undetected_chromedriver.exe
2025-10-26 14:10:02,333 - ERROR - GAGAL total saat setup driver: Binary Location Must be a String
Traceback (most recent call last):
  File "C:\laragon\www\dapokalsel\sekolah\import_url_kabupaten.pyw", line 80, in setup_driver
    driver = uc.Chrome(
  File "C:\laragon\bin\python\python-3.10\lib\site-packages\undetected_chromedriver\__init__.py", line 372, in __init__
    options.binary_location = (
  File "C:\laragon\bin\python\python-3.10\lib\site-packages\selenium\webdriver\chromium\options.py", line 52, in binary_location
    raise TypeError(self.BINARY_LOCATION_ERROR)
TypeError: Binary Location Must be a String
2025-10-26 14:10:02,333 - ERROR - Error pada percobaan 12: Gagal total setup driver. Cek log di atas.
Traceback (most recent call last):
  File "C:\laragon\www\dapokalsel\sekolah\import_url_kabupaten.pyw", line 285, in process_url_induk
    raise Exception("Gagal total setup driver. Cek log di atas.")
Exception: Gagal total setup driver. Cek log di atas.
2025-10-26 14:10:02,333 - INFO - Percobaan ulang 13/300...
2025-10-26 14:10:17,334 - INFO - Memulai setup driver...
2025-10-26 14:10:17,339 - INFO - Menggunakan User Data Directory: C:\laragon\www\dapokalsel\chrome_profile
2025-10-26 14:10:17,339 - INFO - Menginisialisasi uc.Chrome()...
2025-10-26 14:10:21,064 - INFO - patching driver executable C:\laragon\www\dapokalsel\sekolah\~\appdata\roaming\undetected_chromedriver\undetected_chromedriver.exe
2025-10-26 14:10:21,147 - ERROR - GAGAL total saat setup driver: Binary Location Must be a String
Traceback (most recent call last):
  File "C:\laragon\www\dapokalsel\sekolah\import_url_kabupaten.pyw", line 80, in setup_driver
    driver = uc.Chrome(
  File "C:\laragon\bin\python\python-3.10\lib\site-packages\undetected_chromedriver\__init__.py", line 372, in __init__
    options.binary_location = (
  File "C:\laragon\bin\python\python-3.10\lib\site-packages\selenium\webdriver\chromium\options.py", line 52, in binary_location
    raise TypeError(self.BINARY_LOCATION_ERROR)
TypeError: Binary Location Must be a String
2025-10-26 14:10:21,147 - ERROR - Error pada percobaan 13: Gagal total setup driver. Cek log di atas.
Traceback (most recent call last):
  File "C:\laragon\www\dapokalsel\sekolah\import_url_kabupaten.pyw", line 285, in process_url_induk
    raise Exception("Gagal total setup driver. Cek log di atas.")
Exception: Gagal total setup driver. Cek log di atas.
2025-10-26 14:10:21,147 - INFO - Percobaan ulang 14/300...
2025-10-26 14:10:36,148 - INFO - Memulai setup driver...
2025-10-26 14:10:36,148 - INFO - Menggunakan User Data Directory: C:\laragon\www\dapokalsel\chrome_profile
2025-10-26 14:10:36,148 - INFO - Menginisialisasi uc.Chrome()...
2025-10-26 14:10:39,751 - INFO - patching driver executable C:\laragon\www\dapokalsel\sekolah\~\appdata\roaming\undetected_chromedriver\undetected_chromedriver.exe
2025-10-26 14:10:39,831 - ERROR - GAGAL total saat setup driver: Binary Location Must be a String
Traceback (most recent call last):
  File "C:\laragon\www\dapokalsel\sekolah\import_url_kabupaten.pyw", line 80, in setup_driver
    driver = uc.Chrome(
  File "C:\laragon\bin\python\python-3.10\lib\site-packages\undetected_chromedriver\__init__.py", line 372, in __init__
    options.binary_location = (
  File "C:\laragon\bin\python\python-3.10\lib\site-packages\selenium\webdriver\chromium\options.py", line 52, in binary_location
    raise TypeError(self.BINARY_LOCATION_ERROR)
TypeError: Binary Location Must be a String
2025-10-26 14:10:39,831 - ERROR - Error pada percobaan 14: Gagal total setup driver. Cek log di atas.
Traceback (most recent call last):
  File "C:\laragon\www\dapokalsel\sekolah\import_url_kabupaten.pyw", line 285, in process_url_induk
    raise Exception("Gagal total setup driver. Cek log di atas.")
Exception: Gagal total setup driver. Cek log di atas.
2025-10-26 14:10:39,831 - INFO - Percobaan ulang 15/300...
2025-10-26 14:10:54,832 - INFO - Memulai setup driver...
2025-10-26 14:10:54,832 - INFO - Menggunakan User Data Directory: C:\laragon\www\dapokalsel\chrome_profile
2025-10-26 14:10:54,832 - INFO - Menginisialisasi uc.Chrome()...
2025-10-26 14:10:58,397 - INFO - patching driver executable C:\laragon\www\dapokalsel\sekolah\~\appdata\roaming\undetected_chromedriver\undetected_chromedriver.exe
2025-10-26 14:10:58,480 - ERROR - GAGAL total saat setup driver: Binary Location Must be a String
Traceback (most recent call last):
  File "C:\laragon\www\dapokalsel\sekolah\import_url_kabupaten.pyw", line 80, in setup_driver
    driver = uc.Chrome(
  File "C:\laragon\bin\python\python-3.10\lib\site-packages\undetected_chromedriver\__init__.py", line 372, in __init__
    options.binary_location = (
  File "C:\laragon\bin\python\python-3.10\lib\site-packages\selenium\webdriver\chromium\options.py", line 52, in binary_location
    raise TypeError(self.BINARY_LOCATION_ERROR)
TypeError: Binary Location Must be a String
2025-10-26 14:10:58,480 - ERROR - Error pada percobaan 15: Gagal total setup driver. Cek log di atas.
Traceback (most recent call last):
  File "C:\laragon\www\dapokalsel\sekolah\import_url_kabupaten.pyw", line 285, in process_url_induk
    raise Exception("Gagal total setup driver. Cek log di atas.")
Exception: Gagal total setup driver. Cek log di atas.
2025-10-26 14:10:58,480 - INFO - Percobaan ulang 16/300...
2025-10-26 14:11:13,481 - INFO - Memulai setup driver...
2025-10-26 14:11:13,481 - INFO - Menggunakan User Data Directory: C:\laragon\www\dapokalsel\chrome_profile
2025-10-26 14:11:13,481 - INFO - Menginisialisasi uc.Chrome()...
2025-10-26 14:11:16,443 - INFO - patching driver executable C:\laragon\www\dapokalsel\sekolah\~\appdata\roaming\undetected_chromedriver\undetected_chromedriver.exe
2025-10-26 14:11:16,512 - ERROR - GAGAL total saat setup driver: Binary Location Must be a String
Traceback (most recent call last):
  File "C:\laragon\www\dapokalsel\sekolah\import_url_kabupaten.pyw", line 80, in setup_driver
    driver = uc.Chrome(
  File "C:\laragon\bin\python\python-3.10\lib\site-packages\undetected_chromedriver\__init__.py", line 372, in __init__
    options.binary_location = (
  File "C:\laragon\bin\python\python-3.10\lib\site-packages\selenium\webdriver\chromium\options.py", line 52, in binary_location
    raise TypeError(self.BINARY_LOCATION_ERROR)
TypeError: Binary Location Must be a String
2025-10-26 14:11:16,512 - ERROR - Error pada percobaan 16: Gagal total setup driver. Cek log di atas.
Traceback (most recent call last):
  File "C:\laragon\www\dapokalsel\sekolah\import_url_kabupaten.pyw", line 285, in process_url_induk
    raise Exception("Gagal total setup driver. Cek log di atas.")
Exception: Gagal total setup driver. Cek log di atas.
2025-10-26 14:11:16,512 - INFO - Percobaan ulang 17/300...
2025-10-26 14:11:31,528 - INFO - Memulai setup driver...
2025-10-26 14:11:31,529 - INFO - Menggunakan User Data Directory: C:\laragon\www\dapokalsel\chrome_profile
2025-10-26 14:11:31,529 - INFO - Menginisialisasi uc.Chrome()...
2025-10-26 14:11:35,127 - INFO - patching driver executable C:\laragon\www\dapokalsel\sekolah\~\appdata\roaming\undetected_chromedriver\undetected_chromedriver.exe
2025-10-26 14:11:35,225 - ERROR - GAGAL total saat setup driver: Binary Location Must be a String
Traceback (most recent call last):
  File "C:\laragon\www\dapokalsel\sekolah\import_url_kabupaten.pyw", line 80, in setup_driver
    driver = uc.Chrome(
  File "C:\laragon\bin\python\python-3.10\lib\site-packages\undetected_chromedriver\__init__.py", line 372, in __init__
    options.binary_location = (
  File "C:\laragon\bin\python\python-3.10\lib\site-packages\selenium\webdriver\chromium\options.py", line 52, in binary_location
    raise TypeError(self.BINARY_LOCATION_ERROR)
TypeError: Binary Location Must be a String
2025-10-26 14:11:35,225 - ERROR - Error pada percobaan 17: Gagal total setup driver. Cek log di atas.
Traceback (most recent call last):
  File "C:\laragon\www\dapokalsel\sekolah\import_url_kabupaten.pyw", line 285, in process_url_induk
    raise Exception("Gagal total setup driver. Cek log di atas.")
Exception: Gagal total setup driver. Cek log di atas.
2025-10-26 14:11:35,228 - INFO - Percobaan ulang 18/300...
2025-10-26 14:11:50,228 - INFO - Memulai setup driver...
2025-10-26 14:11:50,229 - INFO - Menggunakan User Data Directory: C:\laragon\www\dapokalsel\chrome_profile
2025-10-26 14:11:50,229 - INFO - Menginisialisasi uc.Chrome()...
2025-10-26 14:11:53,826 - INFO - patching driver executable C:\laragon\www\dapokalsel\sekolah\~\appdata\roaming\undetected_chromedriver\undetected_chromedriver.exe
2025-10-26 14:11:53,911 - ERROR - GAGAL total saat setup driver: Binary Location Must be a String
Traceback (most recent call last):
  File "C:\laragon\www\dapokalsel\sekolah\import_url_kabupaten.pyw", line 80, in setup_driver
    driver = uc.Chrome(
  File "C:\laragon\bin\python\python-3.10\lib\site-packages\undetected_chromedriver\__init__.py", line 372, in __init__
    options.binary_location = (
  File "C:\laragon\bin\python\python-3.10\lib\site-packages\selenium\webdriver\chromium\options.py", line 52, in binary_location
    raise TypeError(self.BINARY_LOCATION_ERROR)
TypeError: Binary Location Must be a String
2025-10-26 14:11:53,911 - ERROR - Error pada percobaan 18: Gagal total setup driver. Cek log di atas.
Traceback (most recent call last):
  File "C:\laragon\www\dapokalsel\sekolah\import_url_kabupaten.pyw", line 285, in process_url_induk
    raise Exception("Gagal total setup driver. Cek log di atas.")
Exception: Gagal total setup driver. Cek log di atas.
2025-10-26 14:11:53,911 - INFO - Percobaan ulang 19/300...
2025-10-26 14:12:08,925 - INFO - Memulai setup driver...
2025-10-26 14:12:08,925 - INFO - Menggunakan User Data Directory: C:\laragon\www\dapokalsel\chrome_profile
2025-10-26 14:12:08,925 - INFO - Menginisialisasi uc.Chrome()...
2025-10-26 14:12:17,976 - INFO - patching driver executable C:\laragon\www\dapokalsel\sekolah\~\appdata\roaming\undetected_chromedriver\undetected_chromedriver.exe
2025-10-26 14:12:18,060 - ERROR - GAGAL total saat setup driver: Binary Location Must be a String
Traceback (most recent call last):
  File "C:\laragon\www\dapokalsel\sekolah\import_url_kabupaten.pyw", line 80, in setup_driver
    driver = uc.Chrome(
  File "C:\laragon\bin\python\python-3.10\lib\site-packages\undetected_chromedriver\__init__.py", line 372, in __init__
    options.binary_location = (
  File "C:\laragon\bin\python\python-3.10\lib\site-packages\selenium\webdriver\chromium\options.py", line 52, in binary_location
    raise TypeError(self.BINARY_LOCATION_ERROR)
TypeError: Binary Location Must be a String
2025-10-26 14:12:18,075 - ERROR - Error pada percobaan 19: Gagal total setup driver. Cek log di atas.
Traceback (most recent call last):
  File "C:\laragon\www\dapokalsel\sekolah\import_url_kabupaten.pyw", line 285, in process_url_induk
    raise Exception("Gagal total setup driver. Cek log di atas.")
Exception: Gagal total setup driver. Cek log di atas.
2025-10-26 14:12:18,075 - INFO - Percobaan ulang 20/300...
2025-10-26 14:12:33,079 - INFO - Memulai setup driver...
2025-10-26 14:12:33,080 - INFO - Menggunakan User Data Directory: C:\laragon\www\dapokalsel\chrome_profile
2025-10-26 14:12:33,081 - INFO - Menginisialisasi uc.Chrome()...
2025-10-26 14:12:41,173 - INFO - patching driver executable C:\laragon\www\dapokalsel\sekolah\~\appdata\roaming\undetected_chromedriver\undetected_chromedriver.exe
2025-10-26 14:12:41,260 - ERROR - GAGAL total saat setup driver: Binary Location Must be a String
Traceback (most recent call last):
  File "C:\laragon\www\dapokalsel\sekolah\import_url_kabupaten.pyw", line 80, in setup_driver
    driver = uc.Chrome(
  File "C:\laragon\bin\python\python-3.10\lib\site-packages\undetected_chromedriver\__init__.py", line 372, in __init__
    options.binary_location = (
  File "C:\laragon\bin\python\python-3.10\lib\site-packages\selenium\webdriver\chromium\options.py", line 52, in binary_location
    raise TypeError(self.BINARY_LOCATION_ERROR)
TypeError: Binary Location Must be a String
2025-10-26 14:12:41,261 - ERROR - Error pada percobaan 20: Gagal total setup driver. Cek log di atas.
Traceback (most recent call last):
  File "C:\laragon\www\dapokalsel\sekolah\import_url_kabupaten.pyw", line 285, in process_url_induk
    raise Exception("Gagal total setup driver. Cek log di atas.")
Exception: Gagal total setup driver. Cek log di atas.
2025-10-26 14:12:41,261 - INFO - Percobaan ulang 21/300...
2025-10-26 14:12:56,269 - INFO - Memulai setup driver...
2025-10-26 14:12:56,269 - INFO - Menggunakan User Data Directory: C:\laragon\www\dapokalsel\chrome_profile
2025-10-26 14:12:56,269 - INFO - Menginisialisasi uc.Chrome()...
2025-10-26 14:12:59,827 - INFO - patching driver executable C:\laragon\www\dapokalsel\sekolah\~\appdata\roaming\undetected_chromedriver\undetected_chromedriver.exe
2025-10-26 14:12:59,905 - ERROR - GAGAL total saat setup driver: Binary Location Must be a String
Traceback (most recent call last):
  File "C:\laragon\www\dapokalsel\sekolah\import_url_kabupaten.pyw", line 80, in setup_driver
    driver = uc.Chrome(
  File "C:\laragon\bin\python\python-3.10\lib\site-packages\undetected_chromedriver\__init__.py", line 372, in __init__
    options.binary_location = (
  File "C:\laragon\bin\python\python-3.10\lib\site-packages\selenium\webdriver\chromium\options.py", line 52, in binary_location
    raise TypeError(self.BINARY_LOCATION_ERROR)
TypeError: Binary Location Must be a String
2025-10-26 14:12:59,905 - ERROR - Error pada percobaan 21: Gagal total setup driver. Cek log di atas.
Traceback (most recent call last):
  File "C:\laragon\www\dapokalsel\sekolah\import_url_kabupaten.pyw", line 285, in process_url_induk
    raise Exception("Gagal total setup driver. Cek log di atas.")
Exception: Gagal total setup driver. Cek log di atas.
2025-10-26 14:12:59,905 - INFO - Percobaan ulang 22/300...
2025-10-26 14:13:14,907 - INFO - Memulai setup driver...
2025-10-26 14:13:14,907 - INFO - Menggunakan User Data Directory: C:\laragon\www\dapokalsel\chrome_profile
2025-10-26 14:13:14,907 - INFO - Menginisialisasi uc.Chrome()...
2025-10-26 14:13:18,062 - INFO - patching driver executable C:\laragon\www\dapokalsel\sekolah\~\appdata\roaming\undetected_chromedriver\undetected_chromedriver.exe
2025-10-26 14:13:18,138 - ERROR - GAGAL total saat setup driver: Binary Location Must be a String
Traceback (most recent call last):
  File "C:\laragon\www\dapokalsel\sekolah\import_url_kabupaten.pyw", line 80, in setup_driver
    driver = uc.Chrome(
  File "C:\laragon\bin\python\python-3.10\lib\site-packages\undetected_chromedriver\__init__.py", line 372, in __init__
    options.binary_location = (
  File "C:\laragon\bin\python\python-3.10\lib\site-packages\selenium\webdriver\chromium\options.py", line 52, in binary_location
    raise TypeError(self.BINARY_LOCATION_ERROR)
TypeError: Binary Location Must be a String
2025-10-26 14:13:18,138 - ERROR - Error pada percobaan 22: Gagal total setup driver. Cek log di atas.
Traceback (most recent call last):
  File "C:\laragon\www\dapokalsel\sekolah\import_url_kabupaten.pyw", line 285, in process_url_induk
    raise Exception("Gagal total setup driver. Cek log di atas.")
Exception: Gagal total setup driver. Cek log di atas.
2025-10-26 14:13:18,138 - INFO - Percobaan ulang 23/300...
2025-10-26 14:13:33,142 - INFO - Memulai setup driver...
2025-10-26 14:13:33,144 - INFO - Menggunakan User Data Directory: C:\laragon\www\dapokalsel\chrome_profile
2025-10-26 14:13:33,145 - INFO - Menginisialisasi uc.Chrome()...
2025-10-26 14:13:36,260 - INFO - patching driver executable C:\laragon\www\dapokalsel\sekolah\~\appdata\roaming\undetected_chromedriver\undetected_chromedriver.exe
2025-10-26 14:13:36,337 - ERROR - GAGAL total saat setup driver: Binary Location Must be a String
Traceback (most recent call last):
  File "C:\laragon\www\dapokalsel\sekolah\import_url_kabupaten.pyw", line 80, in setup_driver
    driver = uc.Chrome(
  File "C:\laragon\bin\python\python-3.10\lib\site-packages\undetected_chromedriver\__init__.py", line 372, in __init__
    options.binary_location = (
  File "C:\laragon\bin\python\python-3.10\lib\site-packages\selenium\webdriver\chromium\options.py", line 52, in binary_location
    raise TypeError(self.BINARY_LOCATION_ERROR)
TypeError: Binary Location Must be a String
2025-10-26 14:13:36,337 - ERROR - Error pada percobaan 23: Gagal total setup driver. Cek log di atas.
Traceback (most recent call last):
  File "C:\laragon\www\dapokalsel\sekolah\import_url_kabupaten.pyw", line 285, in process_url_induk
    raise Exception("Gagal total setup driver. Cek log di atas.")
Exception: Gagal total setup driver. Cek log di atas.
2025-10-26 14:13:36,337 - INFO - Percobaan ulang 24/300...
2025-10-26 14:13:51,353 - INFO - Memulai setup driver...
2025-10-26 14:13:51,353 - INFO - Menggunakan User Data Directory: C:\laragon\www\dapokalsel\chrome_profile
2025-10-26 14:13:51,353 - INFO - Menginisialisasi uc.Chrome()...
2025-10-26 14:13:55,066 - INFO - patching driver executable C:\laragon\www\dapokalsel\sekolah\~\appdata\roaming\undetected_chromedriver\undetected_chromedriver.exe
2025-10-26 14:13:55,135 - ERROR - GAGAL total saat setup driver: Binary Location Must be a String
Traceback (most recent call last):
  File "C:\laragon\www\dapokalsel\sekolah\import_url_kabupaten.pyw", line 80, in setup_driver
    driver = uc.Chrome(
  File "C:\laragon\bin\python\python-3.10\lib\site-packages\undetected_chromedriver\__init__.py", line 372, in __init__
    options.binary_location = (
  File "C:\laragon\bin\python\python-3.10\lib\site-packages\selenium\webdriver\chromium\options.py", line 52, in binary_location
    raise TypeError(self.BINARY_LOCATION_ERROR)
TypeError: Binary Location Must be a String
2025-10-26 14:13:55,135 - ERROR - Error pada percobaan 24: Gagal total setup driver. Cek log di atas.
Traceback (most recent call last):
  File "C:\laragon\www\dapokalsel\sekolah\import_url_kabupaten.pyw", line 285, in process_url_induk
    raise Exception("Gagal total setup driver. Cek log di atas.")
Exception: Gagal total setup driver. Cek log di atas.
2025-10-26 14:13:55,150 - INFO - Percobaan ulang 25/300...
2025-10-26 14:14:10,152 - INFO - Memulai setup driver...
2025-10-26 14:14:10,152 - INFO - Menggunakan User Data Directory: C:\laragon\www\dapokalsel\chrome_profile
2025-10-26 14:14:10,152 - INFO - Menginisialisasi uc.Chrome()...
2025-10-26 14:14:14,339 - INFO - patching driver executable C:\laragon\www\dapokalsel\sekolah\~\appdata\roaming\undetected_chromedriver\undetected_chromedriver.exe
2025-10-26 14:14:14,419 - ERROR - GAGAL total saat setup driver: Binary Location Must be a String
Traceback (most recent call last):
  File "C:\laragon\www\dapokalsel\sekolah\import_url_kabupaten.pyw", line 80, in setup_driver
    driver = uc.Chrome(
  File "C:\laragon\bin\python\python-3.10\lib\site-packages\undetected_chromedriver\__init__.py", line 372, in __init__
    options.binary_location = (
  File "C:\laragon\bin\python\python-3.10\lib\site-packages\selenium\webdriver\chromium\options.py", line 52, in binary_location
    raise TypeError(self.BINARY_LOCATION_ERROR)
TypeError: Binary Location Must be a String
2025-10-26 14:14:14,419 - ERROR - Error pada percobaan 25: Gagal total setup driver. Cek log di atas.
Traceback (most recent call last):
  File "C:\laragon\www\dapokalsel\sekolah\import_url_kabupaten.pyw", line 285, in process_url_induk
    raise Exception("Gagal total setup driver. Cek log di atas.")
Exception: Gagal total setup driver. Cek log di atas.
2025-10-26 14:14:14,419 - INFO - Percobaan ulang 26/300...
2025-10-26 14:14:29,420 - INFO - Memulai setup driver...
2025-10-26 14:14:29,424 - INFO - Menggunakan User Data Directory: C:\laragon\www\dapokalsel\chrome_profile
2025-10-26 14:14:29,425 - INFO - Menginisialisasi uc.Chrome()...
2025-10-26 14:14:33,548 - INFO - patching driver executable C:\laragon\www\dapokalsel\sekolah\~\appdata\roaming\undetected_chromedriver\undetected_chromedriver.exe
2025-10-26 14:14:33,637 - ERROR - GAGAL total saat setup driver: Binary Location Must be a String
Traceback (most recent call last):
  File "C:\laragon\www\dapokalsel\sekolah\import_url_kabupaten.pyw", line 80, in setup_driver
    driver = uc.Chrome(
  File "C:\laragon\bin\python\python-3.10\lib\site-packages\undetected_chromedriver\__init__.py", line 372, in __init__
    options.binary_location = (
  File "C:\laragon\bin\python\python-3.10\lib\site-packages\selenium\webdriver\chromium\options.py", line 52, in binary_location
    raise TypeError(self.BINARY_LOCATION_ERROR)
TypeError: Binary Location Must be a String
2025-10-26 14:14:33,638 - ERROR - Error pada percobaan 26: Gagal total setup driver. Cek log di atas.
Traceback (most recent call last):
  File "C:\laragon\www\dapokalsel\sekolah\import_url_kabupaten.pyw", line 285, in process_url_induk
    raise Exception("Gagal total setup driver. Cek log di atas.")
Exception: Gagal total setup driver. Cek log di atas.
2025-10-26 14:14:33,638 - INFO - Percobaan ulang 27/300...
2025-10-26 14:14:48,652 - INFO - Memulai setup driver...
2025-10-26 14:14:48,652 - INFO - Menggunakan User Data Directory: C:\laragon\www\dapokalsel\chrome_profile
2025-10-26 14:14:48,652 - INFO - Menginisialisasi uc.Chrome()...
2025-10-26 14:14:51,718 - INFO - patching driver executable C:\laragon\www\dapokalsel\sekolah\~\appdata\roaming\undetected_chromedriver\undetected_chromedriver.exe
2025-10-26 14:14:51,829 - ERROR - GAGAL total saat setup driver: Binary Location Must be a String
Traceback (most recent call last):
  File "C:\laragon\www\dapokalsel\sekolah\import_url_kabupaten.pyw", line 80, in setup_driver
    driver = uc.Chrome(
  File "C:\laragon\bin\python\python-3.10\lib\site-packages\undetected_chromedriver\__init__.py", line 372, in __init__
    options.binary_location = (
  File "C:\laragon\bin\python\python-3.10\lib\site-packages\selenium\webdriver\chromium\options.py", line 52, in binary_location
    raise TypeError(self.BINARY_LOCATION_ERROR)
TypeError: Binary Location Must be a String
2025-10-26 14:14:51,829 - ERROR - Error pada percobaan 27: Gagal total setup driver. Cek log di atas.
Traceback (most recent call last):
  File "C:\laragon\www\dapokalsel\sekolah\import_url_kabupaten.pyw", line 285, in process_url_induk
    raise Exception("Gagal total setup driver. Cek log di atas.")
Exception: Gagal total setup driver. Cek log di atas.
2025-10-26 14:14:51,829 - INFO - Percobaan ulang 28/300...
2025-10-26 14:15:06,831 - INFO - Memulai setup driver...
2025-10-26 14:15:06,831 - INFO - Menggunakan User Data Directory: C:\laragon\www\dapokalsel\chrome_profile
2025-10-26 14:15:06,832 - INFO - Menginisialisasi uc.Chrome()...
2025-10-26 14:15:11,165 - INFO - patching driver executable C:\laragon\www\dapokalsel\sekolah\~\appdata\roaming\undetected_chromedriver\undetected_chromedriver.exe
2025-10-26 14:15:11,233 - ERROR - GAGAL total saat setup driver: Binary Location Must be a String
Traceback (most recent call last):
  File "C:\laragon\www\dapokalsel\sekolah\import_url_kabupaten.pyw", line 80, in setup_driver
    driver = uc.Chrome(
  File "C:\laragon\bin\python\python-3.10\lib\site-packages\undetected_chromedriver\__init__.py", line 372, in __init__
    options.binary_location = (
  File "C:\laragon\bin\python\python-3.10\lib\site-packages\selenium\webdriver\chromium\options.py", line 52, in binary_location
    raise TypeError(self.BINARY_LOCATION_ERROR)
TypeError: Binary Location Must be a String
2025-10-26 14:15:11,233 - ERROR - Error pada percobaan 28: Gagal total setup driver. Cek log di atas.
Traceback (most recent call last):
  File "C:\laragon\www\dapokalsel\sekolah\import_url_kabupaten.pyw", line 285, in process_url_induk
    raise Exception("Gagal total setup driver. Cek log di atas.")
Exception: Gagal total setup driver. Cek log di atas.
2025-10-26 14:15:11,233 - INFO - Percobaan ulang 29/300...
2025-10-26 14:15:26,251 - INFO - Memulai setup driver...
2025-10-26 14:15:26,251 - INFO - Menggunakan User Data Directory: C:\laragon\www\dapokalsel\chrome_profile
2025-10-26 14:15:26,251 - INFO - Menginisialisasi uc.Chrome()...
2025-10-26 14:15:30,044 - INFO - patching driver executable C:\laragon\www\dapokalsel\sekolah\~\appdata\roaming\undetected_chromedriver\undetected_chromedriver.exe
2025-10-26 14:15:30,164 - ERROR - GAGAL total saat setup driver: Binary Location Must be a String
Traceback (most recent call last):
  File "C:\laragon\www\dapokalsel\sekolah\import_url_kabupaten.pyw", line 80, in setup_driver
    driver = uc.Chrome(
  File "C:\laragon\bin\python\python-3.10\lib\site-packages\undetected_chromedriver\__init__.py", line 372, in __init__
    options.binary_location = (
  File "C:\laragon\bin\python\python-3.10\lib\site-packages\selenium\webdriver\chromium\options.py", line 52, in binary_location
    raise TypeError(self.BINARY_LOCATION_ERROR)
TypeError: Binary Location Must be a String
2025-10-26 14:15:30,165 - ERROR - Error pada percobaan 29: Gagal total setup driver. Cek log di atas.
Traceback (most recent call last):
  File "C:\laragon\www\dapokalsel\sekolah\import_url_kabupaten.pyw", line 285, in process_url_induk
    raise Exception("Gagal total setup driver. Cek log di atas.")
Exception: Gagal total setup driver. Cek log di atas.
2025-10-26 14:15:30,167 - INFO - Percobaan ulang 30/300...
2025-10-26 14:15:45,182 - INFO - Memulai setup driver...
2025-10-26 14:15:45,182 - INFO - Menggunakan User Data Directory: C:\laragon\www\dapokalsel\chrome_profile
2025-10-26 14:15:45,182 - INFO - Menginisialisasi uc.Chrome()...
2025-10-26 14:15:51,096 - INFO - patching driver executable C:\laragon\www\dapokalsel\sekolah\~\appdata\roaming\undetected_chromedriver\undetected_chromedriver.exe
2025-10-26 14:15:51,180 - ERROR - GAGAL total saat setup driver: Binary Location Must be a String
Traceback (most recent call last):
  File "C:\laragon\www\dapokalsel\sekolah\import_url_kabupaten.pyw", line 80, in setup_driver
    driver = uc.Chrome(
  File "C:\laragon\bin\python\python-3.10\lib\site-packages\undetected_chromedriver\__init__.py", line 372, in __init__
    options.binary_location = (
  File "C:\laragon\bin\python\python-3.10\lib\site-packages\selenium\webdriver\chromium\options.py", line 52, in binary_location
    raise TypeError(self.BINARY_LOCATION_ERROR)
TypeError: Binary Location Must be a String
2025-10-26 14:15:51,180 - ERROR - Error pada percobaan 30: Gagal total setup driver. Cek log di atas.
Traceback (most recent call last):
  File "C:\laragon\www\dapokalsel\sekolah\import_url_kabupaten.pyw", line 285, in process_url_induk
    raise Exception("Gagal total setup driver. Cek log di atas.")
Exception: Gagal total setup driver. Cek log di atas.
2025-10-26 14:15:51,180 - INFO - Percobaan ulang 31/300...
2025-10-26 14:16:06,191 - INFO - Memulai setup driver...
2025-10-26 14:16:06,191 - INFO - Menggunakan User Data Directory: C:\laragon\www\dapokalsel\chrome_profile
2025-10-26 14:16:06,191 - INFO - Menginisialisasi uc.Chrome()...
2025-10-26 14:16:09,844 - INFO - patching driver executable C:\laragon\www\dapokalsel\sekolah\~\appdata\roaming\undetected_chromedriver\undetected_chromedriver.exe
2025-10-26 14:16:09,927 - ERROR - GAGAL total saat setup driver: Binary Location Must be a String
Traceback (most recent call last):
  File "C:\laragon\www\dapokalsel\sekolah\import_url_kabupaten.pyw", line 80, in setup_driver
    driver = uc.Chrome(
  File "C:\laragon\bin\python\python-3.10\lib\site-packages\undetected_chromedriver\__init__.py", line 372, in __init__
    options.binary_location = (
  File "C:\laragon\bin\python\python-3.10\lib\site-packages\selenium\webdriver\chromium\options.py", line 52, in binary_location
    raise TypeError(self.BINARY_LOCATION_ERROR)
TypeError: Binary Location Must be a String
2025-10-26 14:16:09,927 - ERROR - Error pada percobaan 31: Gagal total setup driver. Cek log di atas.
Traceback (most recent call last):
  File "C:\laragon\www\dapokalsel\sekolah\import_url_kabupaten.pyw", line 285, in process_url_induk
    raise Exception("Gagal total setup driver. Cek log di atas.")
Exception: Gagal total setup driver. Cek log di atas.
2025-10-26 14:16:09,927 - INFO - Percobaan ulang 32/300...
2025-10-26 14:16:24,929 - INFO - Memulai setup driver...
2025-10-26 14:16:24,929 - INFO - Menggunakan User Data Directory: C:\laragon\www\dapokalsel\chrome_profile
2025-10-26 14:16:24,929 - INFO - Menginisialisasi uc.Chrome()...
2025-10-26 14:16:29,582 - INFO - patching driver executable C:\laragon\www\dapokalsel\sekolah\~\appdata\roaming\undetected_chromedriver\undetected_chromedriver.exe
2025-10-26 14:16:29,665 - ERROR - GAGAL total saat setup driver: Binary Location Must be a String
Traceback (most recent call last):
  File "C:\laragon\www\dapokalsel\sekolah\import_url_kabupaten.pyw", line 80, in setup_driver
    driver = uc.Chrome(
  File "C:\laragon\bin\python\python-3.10\lib\site-packages\undetected_chromedriver\__init__.py", line 372, in __init__
    options.binary_location = (
  File "C:\laragon\bin\python\python-3.10\lib\site-packages\selenium\webdriver\chromium\options.py", line 52, in binary_location
    raise TypeError(self.BINARY_LOCATION_ERROR)
TypeError: Binary Location Must be a String
2025-10-26 14:16:29,665 - ERROR - Error pada percobaan 32: Gagal total setup driver. Cek log di atas.
Traceback (most recent call last):
  File "C:\laragon\www\dapokalsel\sekolah\import_url_kabupaten.pyw", line 285, in process_url_induk
    raise Exception("Gagal total setup driver. Cek log di atas.")
Exception: Gagal total setup driver. Cek log di atas.
2025-10-26 14:16:29,665 - INFO - Percobaan ulang 33/300...
2025-10-26 14:16:44,673 - INFO - Memulai setup driver...
2025-10-26 14:16:44,673 - INFO - Menggunakan User Data Directory: C:\laragon\www\dapokalsel\chrome_profile
2025-10-26 14:16:44,673 - INFO - Menginisialisasi uc.Chrome()...
2025-10-26 14:16:47,576 - INFO - patching driver executable C:\laragon\www\dapokalsel\sekolah\~\appdata\roaming\undetected_chromedriver\undetected_chromedriver.exe
2025-10-26 14:16:47,661 - ERROR - GAGAL total saat setup driver: Binary Location Must be a String
Traceback (most recent call last):
  File "C:\laragon\www\dapokalsel\sekolah\import_url_kabupaten.pyw", line 80, in setup_driver
    driver = uc.Chrome(
  File "C:\laragon\bin\python\python-3.10\lib\site-packages\undetected_chromedriver\__init__.py", line 372, in __init__
    options.binary_location = (
  File "C:\laragon\bin\python\python-3.10\lib\site-packages\selenium\webdriver\chromium\options.py", line 52, in binary_location
    raise TypeError(self.BINARY_LOCATION_ERROR)
TypeError: Binary Location Must be a String
2025-10-26 14:16:47,661 - ERROR - Error pada percobaan 33: Gagal total setup driver. Cek log di atas.
Traceback (most recent call last):
  File "C:\laragon\www\dapokalsel\sekolah\import_url_kabupaten.pyw", line 285, in process_url_induk
    raise Exception("Gagal total setup driver. Cek log di atas.")
Exception: Gagal total setup driver. Cek log di atas.
2025-10-26 14:16:47,661 - INFO - Percobaan ulang 34/300...
2025-10-26 14:17:02,661 - INFO - Memulai setup driver...
2025-10-26 14:17:02,662 - INFO - Menggunakan User Data Directory: C:\laragon\www\dapokalsel\chrome_profile
2025-10-26 14:17:02,662 - INFO - Menginisialisasi uc.Chrome()...
2025-10-26 14:17:06,028 - INFO - patching driver executable C:\laragon\www\dapokalsel\sekolah\~\appdata\roaming\undetected_chromedriver\undetected_chromedriver.exe
2025-10-26 14:17:06,110 - ERROR - GAGAL total saat setup driver: Binary Location Must be a String
Traceback (most recent call last):
  File "C:\laragon\www\dapokalsel\sekolah\import_url_kabupaten.pyw", line 80, in setup_driver
    driver = uc.Chrome(
  File "C:\laragon\bin\python\python-3.10\lib\site-packages\undetected_chromedriver\__init__.py", line 372, in __init__
    options.binary_location = (
  File "C:\laragon\bin\python\python-3.10\lib\site-packages\selenium\webdriver\chromium\options.py", line 52, in binary_location
    raise TypeError(self.BINARY_LOCATION_ERROR)
TypeError: Binary Location Must be a String
2025-10-26 14:17:06,110 - ERROR - Error pada percobaan 34: Gagal total setup driver. Cek log di atas.
Traceback (most recent call last):
  File "C:\laragon\www\dapokalsel\sekolah\import_url_kabupaten.pyw", line 285, in process_url_induk
    raise Exception("Gagal total setup driver. Cek log di atas.")
Exception: Gagal total setup driver. Cek log di atas.
2025-10-26 14:17:06,110 - INFO - Percobaan ulang 35/300...
2025-10-26 14:17:21,125 - INFO - Memulai setup driver...
2025-10-26 14:17:21,125 - INFO - Menggunakan User Data Directory: C:\laragon\www\dapokalsel\chrome_profile
2025-10-26 14:17:21,125 - INFO - Menginisialisasi uc.Chrome()...
2025-10-26 14:17:24,083 - INFO - patching driver executable C:\laragon\www\dapokalsel\sekolah\~\appdata\roaming\undetected_chromedriver\undetected_chromedriver.exe
2025-10-26 14:17:24,161 - ERROR - GAGAL total saat setup driver: Binary Location Must be a String
Traceback (most recent call last):
  File "C:\laragon\www\dapokalsel\sekolah\import_url_kabupaten.pyw", line 80, in setup_driver
    driver = uc.Chrome(
  File "C:\laragon\bin\python\python-3.10\lib\site-packages\undetected_chromedriver\__init__.py", line 372, in __init__
    options.binary_location = (
  File "C:\laragon\bin\python\python-3.10\lib\site-packages\selenium\webdriver\chromium\options.py", line 52, in binary_location
    raise TypeError(self.BINARY_LOCATION_ERROR)
TypeError: Binary Location Must be a String
2025-10-26 14:17:24,161 - ERROR - Error pada percobaan 35: Gagal total setup driver. Cek log di atas.
Traceback (most recent call last):
  File "C:\laragon\www\dapokalsel\sekolah\import_url_kabupaten.pyw", line 285, in process_url_induk
    raise Exception("Gagal total setup driver. Cek log di atas.")
Exception: Gagal total setup driver. Cek log di atas.
2025-10-26 14:17:24,175 - INFO - Percobaan ulang 36/300...
2025-10-26 14:17:39,189 - INFO - Memulai setup driver...
2025-10-26 14:17:39,192 - INFO - Menggunakan User Data Directory: C:\laragon\www\dapokalsel\chrome_profile
2025-10-26 14:17:39,192 - INFO - Menginisialisasi uc.Chrome()...
2025-10-26 14:17:42,258 - INFO - patching driver executable C:\laragon\www\dapokalsel\sekolah\~\appdata\roaming\undetected_chromedriver\undetected_chromedriver.exe
2025-10-26 14:17:42,341 - ERROR - GAGAL total saat setup driver: Binary Location Must be a String
Traceback (most recent call last):
  File "C:\laragon\www\dapokalsel\sekolah\import_url_kabupaten.pyw", line 80, in setup_driver
    driver = uc.Chrome(
  File "C:\laragon\bin\python\python-3.10\lib\site-packages\undetected_chromedriver\__init__.py", line 372, in __init__
    options.binary_location = (
  File "C:\laragon\bin\python\python-3.10\lib\site-packages\selenium\webdriver\chromium\options.py", line 52, in binary_location
    raise TypeError(self.BINARY_LOCATION_ERROR)
TypeError: Binary Location Must be a String
2025-10-26 14:17:42,341 - ERROR - Error pada percobaan 36: Gagal total setup driver. Cek log di atas.
Traceback (most recent call last):
  File "C:\laragon\www\dapokalsel\sekolah\import_url_kabupaten.pyw", line 285, in process_url_induk
    raise Exception("Gagal total setup driver. Cek log di atas.")
Exception: Gagal total setup driver. Cek log di atas.
2025-10-26 14:17:42,341 - INFO - Percobaan ulang 37/300...
2025-10-26 14:17:57,343 - INFO - Memulai setup driver...
2025-10-26 14:17:57,343 - INFO - Menggunakan User Data Directory: C:\laragon\www\dapokalsel\chrome_profile
2025-10-26 14:17:57,343 - INFO - Menginisialisasi uc.Chrome()...
2025-10-26 14:18:01,073 - INFO - patching driver executable C:\laragon\www\dapokalsel\sekolah\~\appdata\roaming\undetected_chromedriver\undetected_chromedriver.exe
2025-10-26 14:18:01,157 - ERROR - GAGAL total saat setup driver: Binary Location Must be a String
Traceback (most recent call last):
  File "C:\laragon\www\dapokalsel\sekolah\import_url_kabupaten.pyw", line 80, in setup_driver
    driver = uc.Chrome(
  File "C:\laragon\bin\python\python-3.10\lib\site-packages\undetected_chromedriver\__init__.py", line 372, in __init__
    options.binary_location = (
  File "C:\laragon\bin\python\python-3.10\lib\site-packages\selenium\webdriver\chromium\options.py", line 52, in binary_location
    raise TypeError(self.BINARY_LOCATION_ERROR)
TypeError: Binary Location Must be a String
2025-10-26 14:18:01,157 - ERROR - Error pada percobaan 37: Gagal total setup driver. Cek log di atas.
Traceback (most recent call last):
  File "C:\laragon\www\dapokalsel\sekolah\import_url_kabupaten.pyw", line 285, in process_url_induk
    raise Exception("Gagal total setup driver. Cek log di atas.")
Exception: Gagal total setup driver. Cek log di atas.
2025-10-26 14:18:01,157 - INFO - Percobaan ulang 38/300...
2025-10-26 14:18:16,173 - INFO - Memulai setup driver...
2025-10-26 14:18:16,173 - INFO - Menggunakan User Data Directory: C:\laragon\www\dapokalsel\chrome_profile
2025-10-26 14:18:16,173 - INFO - Menginisialisasi uc.Chrome()...
2025-10-26 14:18:19,655 - INFO - patching driver executable C:\laragon\www\dapokalsel\sekolah\~\appdata\roaming\undetected_chromedriver\undetected_chromedriver.exe
2025-10-26 14:18:19,739 - ERROR - GAGAL total saat setup driver: Binary Location Must be a String
Traceback (most recent call last):
  File "C:\laragon\www\dapokalsel\sekolah\import_url_kabupaten.pyw", line 80, in setup_driver
    driver = uc.Chrome(
  File "C:\laragon\bin\python\python-3.10\lib\site-packages\undetected_chromedriver\__init__.py", line 372, in __init__
    options.binary_location = (
  File "C:\laragon\bin\python\python-3.10\lib\site-packages\selenium\webdriver\chromium\options.py", line 52, in binary_location
    raise TypeError(self.BINARY_LOCATION_ERROR)
TypeError: Binary Location Must be a String
2025-10-26 14:18:19,739 - ERROR - Error pada percobaan 38: Gagal total setup driver. Cek log di atas.
Traceback (most recent call last):
  File "C:\laragon\www\dapokalsel\sekolah\import_url_kabupaten.pyw", line 285, in process_url_induk
    raise Exception("Gagal total setup driver. Cek log di atas.")
Exception: Gagal total setup driver. Cek log di atas.
2025-10-26 14:18:19,739 - INFO - Percobaan ulang 39/300...
2025-10-26 14:18:34,740 - INFO - Memulai setup driver...
2025-10-26 14:18:34,740 - INFO - Menggunakan User Data Directory: C:\laragon\www\dapokalsel\chrome_profile
2025-10-26 14:18:34,741 - INFO - Menginisialisasi uc.Chrome()...
2025-10-26 14:18:38,381 - INFO - patching driver executable C:\laragon\www\dapokalsel\sekolah\~\appdata\roaming\undetected_chromedriver\undetected_chromedriver.exe
2025-10-26 14:18:38,471 - ERROR - GAGAL total saat setup driver: Binary Location Must be a String
Traceback (most recent call last):
  File "C:\laragon\www\dapokalsel\sekolah\import_url_kabupaten.pyw", line 80, in setup_driver
    driver = uc.Chrome(
  File "C:\laragon\bin\python\python-3.10\lib\site-packages\undetected_chromedriver\__init__.py", line 372, in __init__
    options.binary_location = (
  File "C:\laragon\bin\python\python-3.10\lib\site-packages\selenium\webdriver\chromium\options.py", line 52, in binary_location
    raise TypeError(self.BINARY_LOCATION_ERROR)
TypeError: Binary Location Must be a String
2025-10-26 14:18:38,471 - ERROR - Error pada percobaan 39: Gagal total setup driver. Cek log di atas.
Traceback (most recent call last):
  File "C:\laragon\www\dapokalsel\sekolah\import_url_kabupaten.pyw", line 285, in process_url_induk
    raise Exception("Gagal total setup driver. Cek log di atas.")
Exception: Gagal total setup driver. Cek log di atas.
2025-10-26 14:18:38,471 - INFO - Percobaan ulang 40/300...
2025-10-26 14:18:53,484 - INFO - Memulai setup driver...
2025-10-26 14:18:53,484 - INFO - Menggunakan User Data Directory: C:\laragon\www\dapokalsel\chrome_profile
2025-10-26 14:18:53,484 - INFO - Menginisialisasi uc.Chrome()...
2025-10-26 14:18:56,620 - INFO - patching driver executable C:\laragon\www\dapokalsel\sekolah\~\appdata\roaming\undetected_chromedriver\undetected_chromedriver.exe
2025-10-26 14:18:56,703 - ERROR - GAGAL total saat setup driver: Binary Location Must be a String
Traceback (most recent call last):
  File "C:\laragon\www\dapokalsel\sekolah\import_url_kabupaten.pyw", line 80, in setup_driver
    driver = uc.Chrome(
  File "C:\laragon\bin\python\python-3.10\lib\site-packages\undetected_chromedriver\__init__.py", line 372, in __init__
    options.binary_location = (
  File "C:\laragon\bin\python\python-3.10\lib\site-packages\selenium\webdriver\chromium\options.py", line 52, in binary_location
    raise TypeError(self.BINARY_LOCATION_ERROR)
TypeError: Binary Location Must be a String
2025-10-26 14:18:56,703 - ERROR - Error pada percobaan 40: Gagal total setup driver. Cek log di atas.
Traceback (most recent call last):
  File "C:\laragon\www\dapokalsel\sekolah\import_url_kabupaten.pyw", line 285, in process_url_induk
    raise Exception("Gagal total setup driver. Cek log di atas.")
Exception: Gagal total setup driver. Cek log di atas.
2025-10-26 14:18:56,703 - INFO - Percobaan ulang 41/300...
2025-10-26 14:19:11,710 - INFO - Memulai setup driver...
2025-10-26 14:19:11,710 - INFO - Menggunakan User Data Directory: C:\laragon\www\dapokalsel\chrome_profile
2025-10-26 14:19:11,710 - INFO - Menginisialisasi uc.Chrome()...
2025-10-26 14:19:15,934 - INFO - patching driver executable C:\laragon\www\dapokalsel\sekolah\~\appdata\roaming\undetected_chromedriver\undetected_chromedriver.exe
2025-10-26 14:19:16,027 - ERROR - GAGAL total saat setup driver: Binary Location Must be a String
Traceback (most recent call last):
  File "C:\laragon\www\dapokalsel\sekolah\import_url_kabupaten.pyw", line 80, in setup_driver
    driver = uc.Chrome(
  File "C:\laragon\bin\python\python-3.10\lib\site-packages\undetected_chromedriver\__init__.py", line 372, in __init__
    options.binary_location = (
  File "C:\laragon\bin\python\python-3.10\lib\site-packages\selenium\webdriver\chromium\options.py", line 52, in binary_location
    raise TypeError(self.BINARY_LOCATION_ERROR)
TypeError: Binary Location Must be a String
2025-10-26 14:19:16,027 - ERROR - Error pada percobaan 41: Gagal total setup driver. Cek log di atas.
Traceback (most recent call last):
  File "C:\laragon\www\dapokalsel\sekolah\import_url_kabupaten.pyw", line 285, in process_url_induk
    raise Exception("Gagal total setup driver. Cek log di atas.")
Exception: Gagal total setup driver. Cek log di atas.
2025-10-26 14:19:16,027 - INFO - Percobaan ulang 42/300...
2025-10-26 14:19:31,027 - INFO - Memulai setup driver...
2025-10-26 14:19:31,027 - INFO - Menggunakan User Data Directory: C:\laragon\www\dapokalsel\chrome_profile
2025-10-26 14:19:31,027 - INFO - Menginisialisasi uc.Chrome()...
2025-10-26 14:19:34,210 - INFO - patching driver executable C:\laragon\www\dapokalsel\sekolah\~\appdata\roaming\undetected_chromedriver\undetected_chromedriver.exe
2025-10-26 14:19:34,302 - ERROR - GAGAL total saat setup driver: Binary Location Must be a String
Traceback (most recent call last):
  File "C:\laragon\www\dapokalsel\sekolah\import_url_kabupaten.pyw", line 80, in setup_driver
    driver = uc.Chrome(
  File "C:\laragon\bin\python\python-3.10\lib\site-packages\undetected_chromedriver\__init__.py", line 372, in __init__
    options.binary_location = (
  File "C:\laragon\bin\python\python-3.10\lib\site-packages\selenium\webdriver\chromium\options.py", line 52, in binary_location
    raise TypeError(self.BINARY_LOCATION_ERROR)
TypeError: Binary Location Must be a String
2025-10-26 14:19:34,302 - ERROR - Error pada percobaan 42: Gagal total setup driver. Cek log di atas.
Traceback (most recent call last):
  File "C:\laragon\www\dapokalsel\sekolah\import_url_kabupaten.pyw", line 285, in process_url_induk
    raise Exception("Gagal total setup driver. Cek log di atas.")
Exception: Gagal total setup driver. Cek log di atas.
2025-10-26 14:19:34,302 - INFO - Percobaan ulang 43/300...
2025-10-26 14:19:49,302 - INFO - Memulai setup driver...
2025-10-26 14:19:49,303 - INFO - Menggunakan User Data Directory: C:\laragon\www\dapokalsel\chrome_profile
2025-10-26 14:19:49,303 - INFO - Menginisialisasi uc.Chrome()...
2025-10-26 14:19:53,051 - INFO - patching driver executable C:\laragon\www\dapokalsel\sekolah\~\appdata\roaming\undetected_chromedriver\undetected_chromedriver.exe
2025-10-26 14:19:53,149 - ERROR - GAGAL total saat setup driver: Binary Location Must be a String
Traceback (most recent call last):
  File "C:\laragon\www\dapokalsel\sekolah\import_url_kabupaten.pyw", line 80, in setup_driver
    driver = uc.Chrome(
  File "C:\laragon\bin\python\python-3.10\lib\site-packages\undetected_chromedriver\__init__.py", line 372, in __init__
    options.binary_location = (
  File "C:\laragon\bin\python\python-3.10\lib\site-packages\selenium\webdriver\chromium\options.py", line 52, in binary_location
    raise TypeError(self.BINARY_LOCATION_ERROR)
TypeError: Binary Location Must be a String
2025-10-26 14:19:53,149 - ERROR - Error pada percobaan 43: Gagal total setup driver. Cek log di atas.
Traceback (most recent call last):
  File "C:\laragon\www\dapokalsel\sekolah\import_url_kabupaten.pyw", line 285, in process_url_induk
    raise Exception("Gagal total setup driver. Cek log di atas.")
Exception: Gagal total setup driver. Cek log di atas.
2025-10-26 14:19:53,149 - INFO - Percobaan ulang 44/300...
2025-10-26 14:20:08,149 - INFO - Memulai setup driver...
2025-10-26 14:20:08,152 - INFO - Menggunakan User Data Directory: C:\laragon\www\dapokalsel\chrome_profile
2025-10-26 14:20:08,153 - INFO - Menginisialisasi uc.Chrome()...
2025-10-26 14:20:11,166 - INFO - patching driver executable C:\laragon\www\dapokalsel\sekolah\~\appdata\roaming\undetected_chromedriver\undetected_chromedriver.exe
2025-10-26 14:20:11,233 - ERROR - GAGAL total saat setup driver: Binary Location Must be a String
Traceback (most recent call last):
  File "C:\laragon\www\dapokalsel\sekolah\import_url_kabupaten.pyw", line 80, in setup_driver
    driver = uc.Chrome(
  File "C:\laragon\bin\python\python-3.10\lib\site-packages\undetected_chromedriver\__init__.py", line 372, in __init__
    options.binary_location = (
  File "C:\laragon\bin\python\python-3.10\lib\site-packages\selenium\webdriver\chromium\options.py", line 52, in binary_location
    raise TypeError(self.BINARY_LOCATION_ERROR)
TypeError: Binary Location Must be a String
2025-10-26 14:20:11,248 - ERROR - Error pada percobaan 44: Gagal total setup driver. Cek log di atas.
Traceback (most recent call last):
  File "C:\laragon\www\dapokalsel\sekolah\import_url_kabupaten.pyw", line 285, in process_url_induk
    raise Exception("Gagal total setup driver. Cek log di atas.")
Exception: Gagal total setup driver. Cek log di atas.
2025-10-26 14:20:11,249 - INFO - Percobaan ulang 45/300...
2025-10-26 14:20:26,257 - INFO - Memulai setup driver...
2025-10-26 14:20:26,257 - INFO - Menggunakan User Data Directory: C:\laragon\www\dapokalsel\chrome_profile
2025-10-26 14:20:26,257 - INFO - Menginisialisasi uc.Chrome()...
2025-10-26 14:20:29,221 - INFO - patching driver executable C:\laragon\www\dapokalsel\sekolah\~\appdata\roaming\undetected_chromedriver\undetected_chromedriver.exe
2025-10-26 14:20:29,299 - ERROR - GAGAL total saat setup driver: Binary Location Must be a String
Traceback (most recent call last):
  File "C:\laragon\www\dapokalsel\sekolah\import_url_kabupaten.pyw", line 80, in setup_driver
    driver = uc.Chrome(
  File "C:\laragon\bin\python\python-3.10\lib\site-packages\undetected_chromedriver\__init__.py", line 372, in __init__
    options.binary_location = (
  File "C:\laragon\bin\python\python-3.10\lib\site-packages\selenium\webdriver\chromium\options.py", line 52, in binary_location
    raise TypeError(self.BINARY_LOCATION_ERROR)
TypeError: Binary Location Must be a String
2025-10-26 14:20:29,299 - ERROR - Error pada percobaan 45: Gagal total setup driver. Cek log di atas.
Traceback (most recent call last):
  File "C:\laragon\www\dapokalsel\sekolah\import_url_kabupaten.pyw", line 285, in process_url_induk
    raise Exception("Gagal total setup driver. Cek log di atas.")
Exception: Gagal total setup driver. Cek log di atas.
2025-10-26 14:20:29,299 - INFO - Percobaan ulang 46/300...
2025-10-26 14:20:44,304 - INFO - Memulai setup driver...
2025-10-26 14:20:44,304 - INFO - Menggunakan User Data Directory: C:\laragon\www\dapokalsel\chrome_profile
2025-10-26 14:20:44,304 - INFO - Menginisialisasi uc.Chrome()...
2025-10-26 14:20:47,714 - INFO - patching driver executable C:\laragon\www\dapokalsel\sekolah\~\appdata\roaming\undetected_chromedriver\undetected_chromedriver.exe
2025-10-26 14:20:47,811 - ERROR - GAGAL total saat setup driver: Binary Location Must be a String
Traceback (most recent call last):
  File "C:\laragon\www\dapokalsel\sekolah\import_url_kabupaten.pyw", line 80, in setup_driver
    driver = uc.Chrome(
  File "C:\laragon\bin\python\python-3.10\lib\site-packages\undetected_chromedriver\__init__.py", line 372, in __init__
    options.binary_location = (
  File "C:\laragon\bin\python\python-3.10\lib\site-packages\selenium\webdriver\chromium\options.py", line 52, in binary_location
    raise TypeError(self.BINARY_LOCATION_ERROR)
TypeError: Binary Location Must be a String
2025-10-26 14:20:47,811 - ERROR - Error pada percobaan 46: Gagal total setup driver. Cek log di atas.
Traceback (most recent call last):
  File "C:\laragon\www\dapokalsel\sekolah\import_url_kabupaten.pyw", line 285, in process_url_induk
    raise Exception("Gagal total setup driver. Cek log di atas.")
Exception: Gagal total setup driver. Cek log di atas.
2025-10-26 14:20:47,811 - INFO - Percobaan ulang 47/300...
2025-10-26 14:21:02,816 - INFO - Memulai setup driver...
2025-10-26 14:21:02,816 - INFO - Menggunakan User Data Directory: C:\laragon\www\dapokalsel\chrome_profile
2025-10-26 14:21:02,816 - INFO - Menginisialisasi uc.Chrome()...
2025-10-26 14:21:05,780 - INFO - patching driver executable C:\laragon\www\dapokalsel\sekolah\~\appdata\roaming\undetected_chromedriver\undetected_chromedriver.exe
2025-10-26 14:21:05,880 - ERROR - GAGAL total saat setup driver: Binary Location Must be a String
Traceback (most recent call last):
  File "C:\laragon\www\dapokalsel\sekolah\import_url_kabupaten.pyw", line 80, in setup_driver
    driver = uc.Chrome(
  File "C:\laragon\bin\python\python-3.10\lib\site-packages\undetected_chromedriver\__init__.py", line 372, in __init__
    options.binary_location = (
  File "C:\laragon\bin\python\python-3.10\lib\site-packages\selenium\webdriver\chromium\options.py", line 52, in binary_location
    raise TypeError(self.BINARY_LOCATION_ERROR)
TypeError: Binary Location Must be a String
2025-10-26 14:21:05,880 - ERROR - Error pada percobaan 47: Gagal total setup driver. Cek log di atas.
Traceback (most recent call last):
  File "C:\laragon\www\dapokalsel\sekolah\import_url_kabupaten.pyw", line 285, in process_url_induk
    raise Exception("Gagal total setup driver. Cek log di atas.")
Exception: Gagal total setup driver. Cek log di atas.
2025-10-26 14:21:05,880 - INFO - Percobaan ulang 48/300...
2025-10-26 14:21:20,881 - INFO - Memulai setup driver...
2025-10-26 14:21:20,881 - INFO - Menggunakan User Data Directory: C:\laragon\www\dapokalsel\chrome_profile
2025-10-26 14:21:20,881 - INFO - Menginisialisasi uc.Chrome()...
2025-10-26 14:21:24,692 - INFO - patching driver executable C:\laragon\www\dapokalsel\sekolah\~\appdata\roaming\undetected_chromedriver\undetected_chromedriver.exe
2025-10-26 14:21:24,793 - ERROR - GAGAL total saat setup driver: Binary Location Must be a String
Traceback (most recent call last):
  File "C:\laragon\www\dapokalsel\sekolah\import_url_kabupaten.pyw", line 80, in setup_driver
    driver = uc.Chrome(
  File "C:\laragon\bin\python\python-3.10\lib\site-packages\undetected_chromedriver\__init__.py", line 372, in __init__
    options.binary_location = (
  File "C:\laragon\bin\python\python-3.10\lib\site-packages\selenium\webdriver\chromium\options.py", line 52, in binary_location
    raise TypeError(self.BINARY_LOCATION_ERROR)
TypeError: Binary Location Must be a String
2025-10-26 14:21:24,793 - ERROR - Error pada percobaan 48: Gagal total setup driver. Cek log di atas.
Traceback (most recent call last):
  File "C:\laragon\www\dapokalsel\sekolah\import_url_kabupaten.pyw", line 285, in process_url_induk
    raise Exception("Gagal total setup driver. Cek log di atas.")
Exception: Gagal total setup driver. Cek log di atas.
2025-10-26 14:21:24,793 - INFO - Percobaan ulang 49/300...
2025-10-26 14:21:39,804 - INFO - Memulai setup driver...
2025-10-26 14:21:39,804 - INFO - Menggunakan User Data Directory: C:\laragon\www\dapokalsel\chrome_profile
2025-10-26 14:21:39,804 - INFO - Menginisialisasi uc.Chrome()...
2025-10-26 14:21:43,195 - INFO - patching driver executable C:\laragon\www\dapokalsel\sekolah\~\appdata\roaming\undetected_chromedriver\undetected_chromedriver.exe
2025-10-26 14:21:43,280 - ERROR - GAGAL total saat setup driver: Binary Location Must be a String
Traceback (most recent call last):
  File "C:\laragon\www\dapokalsel\sekolah\import_url_kabupaten.pyw", line 80, in setup_driver
    driver = uc.Chrome(
  File "C:\laragon\bin\python\python-3.10\lib\site-packages\undetected_chromedriver\__init__.py", line 372, in __init__
    options.binary_location = (
  File "C:\laragon\bin\python\python-3.10\lib\site-packages\selenium\webdriver\chromium\options.py", line 52, in binary_location
    raise TypeError(self.BINARY_LOCATION_ERROR)
TypeError: Binary Location Must be a String
2025-10-26 14:21:43,281 - ERROR - Error pada percobaan 49: Gagal total setup driver. Cek log di atas.
Traceback (most recent call last):
  File "C:\laragon\www\dapokalsel\sekolah\import_url_kabupaten.pyw", line 285, in process_url_induk
    raise Exception("Gagal total setup driver. Cek log di atas.")
Exception: Gagal total setup driver. Cek log di atas.
2025-10-26 14:21:43,281 - INFO - Percobaan ulang 50/300...
2025-10-26 14:21:58,294 - INFO - Memulai setup driver...
2025-10-26 14:21:58,294 - INFO - Menggunakan User Data Directory: C:\laragon\www\dapokalsel\chrome_profile
2025-10-26 14:21:58,294 - INFO - Menginisialisasi uc.Chrome()...
2025-10-26 14:22:02,937 - INFO - patching driver executable C:\laragon\www\dapokalsel\sekolah\~\appdata\roaming\undetected_chromedriver\undetected_chromedriver.exe
2025-10-26 14:22:03,026 - ERROR - GAGAL total saat setup driver: Binary Location Must be a String
Traceback (most recent call last):
  File "C:\laragon\www\dapokalsel\sekolah\import_url_kabupaten.pyw", line 80, in setup_driver
    driver = uc.Chrome(
  File "C:\laragon\bin\python\python-3.10\lib\site-packages\undetected_chromedriver\__init__.py", line 372, in __init__
    options.binary_location = (
  File "C:\laragon\bin\python\python-3.10\lib\site-packages\selenium\webdriver\chromium\options.py", line 52, in binary_location
    raise TypeError(self.BINARY_LOCATION_ERROR)
TypeError: Binary Location Must be a String
2025-10-26 14:22:03,026 - ERROR - Error pada percobaan 50: Gagal total setup driver. Cek log di atas.
Traceback (most recent call last):
  File "C:\laragon\www\dapokalsel\sekolah\import_url_kabupaten.pyw", line 285, in process_url_induk
    raise Exception("Gagal total setup driver. Cek log di atas.")
Exception: Gagal total setup driver. Cek log di atas.
2025-10-26 14:22:03,026 - INFO - Percobaan ulang 51/300...
2025-10-26 14:22:18,026 - INFO - Memulai setup driver...
2025-10-26 14:22:18,027 - INFO - Menggunakan User Data Directory: C:\laragon\www\dapokalsel\chrome_profile
2025-10-26 14:22:18,031 - INFO - Menginisialisasi uc.Chrome()...
2025-10-26 14:22:21,286 - INFO - patching driver executable C:\laragon\www\dapokalsel\sekolah\~\appdata\roaming\undetected_chromedriver\undetected_chromedriver.exe
2025-10-26 14:22:21,358 - ERROR - GAGAL total saat setup driver: Binary Location Must be a String
Traceback (most recent call last):
  File "C:\laragon\www\dapokalsel\sekolah\import_url_kabupaten.pyw", line 80, in setup_driver
    driver = uc.Chrome(
  File "C:\laragon\bin\python\python-3.10\lib\site-packages\undetected_chromedriver\__init__.py", line 372, in __init__
    options.binary_location = (
  File "C:\laragon\bin\python\python-3.10\lib\site-packages\selenium\webdriver\chromium\options.py", line 52, in binary_location
    raise TypeError(self.BINARY_LOCATION_ERROR)
TypeError: Binary Location Must be a String
2025-10-26 14:22:21,358 - ERROR - Error pada percobaan 51: Gagal total setup driver. Cek log di atas.
Traceback (most recent call last):
  File "C:\laragon\www\dapokalsel\sekolah\import_url_kabupaten.pyw", line 285, in process_url_induk
    raise Exception("Gagal total setup driver. Cek log di atas.")
Exception: Gagal total setup driver. Cek log di atas.
2025-10-26 14:22:21,374 - INFO - Percobaan ulang 52/300...
2025-10-26 14:22:36,374 - INFO - Memulai setup driver...
2025-10-26 14:22:36,375 - INFO - Menggunakan User Data Directory: C:\laragon\www\dapokalsel\chrome_profile
2025-10-26 14:22:36,375 - INFO - Menginisialisasi uc.Chrome()...
2025-10-26 14:22:39,909 - INFO - patching driver executable C:\laragon\www\dapokalsel\sekolah\~\appdata\roaming\undetected_chromedriver\undetected_chromedriver.exe
2025-10-26 14:22:39,995 - ERROR - GAGAL total saat setup driver: Binary Location Must be a String
Traceback (most recent call last):
  File "C:\laragon\www\dapokalsel\sekolah\import_url_kabupaten.pyw", line 80, in setup_driver
    driver = uc.Chrome(
  File "C:\laragon\bin\python\python-3.10\lib\site-packages\undetected_chromedriver\__init__.py", line 372, in __init__
    options.binary_location = (
  File "C:\laragon\bin\python\python-3.10\lib\site-packages\selenium\webdriver\chromium\options.py", line 52, in binary_location
    raise TypeError(self.BINARY_LOCATION_ERROR)
TypeError: Binary Location Must be a String
2025-10-26 14:22:39,995 - ERROR - Error pada percobaan 52: Gagal total setup driver. Cek log di atas.
Traceback (most recent call last):
  File "C:\laragon\www\dapokalsel\sekolah\import_url_kabupaten.pyw", line 285, in process_url_induk
    raise Exception("Gagal total setup driver. Cek log di atas.")
Exception: Gagal total setup driver. Cek log di atas.
2025-10-26 14:22:39,996 - INFO - Percobaan ulang 53/300...
2025-10-26 14:22:54,997 - INFO - Memulai setup driver...
2025-10-26 14:22:54,997 - INFO - Menggunakan User Data Directory: C:\laragon\www\dapokalsel\chrome_profile
2025-10-26 14:22:54,997 - INFO - Menginisialisasi uc.Chrome()...
2025-10-26 14:22:59,381 - INFO - patching driver executable C:\laragon\www\dapokalsel\sekolah\~\appdata\roaming\undetected_chromedriver\undetected_chromedriver.exe
2025-10-26 14:22:59,477 - ERROR - GAGAL total saat setup driver: Binary Location Must be a String
Traceback (most recent call last):
  File "C:\laragon\www\dapokalsel\sekolah\import_url_kabupaten.pyw", line 80, in setup_driver
    driver = uc.Chrome(
  File "C:\laragon\bin\python\python-3.10\lib\site-packages\undetected_chromedriver\__init__.py", line 372, in __init__
    options.binary_location = (
  File "C:\laragon\bin\python\python-3.10\lib\site-packages\selenium\webdriver\chromium\options.py", line 52, in binary_location
    raise TypeError(self.BINARY_LOCATION_ERROR)
TypeError: Binary Location Must be a String
2025-10-26 14:22:59,478 - ERROR - Error pada percobaan 53: Gagal total setup driver. Cek log di atas.
Traceback (most recent call last):
  File "C:\laragon\www\dapokalsel\sekolah\import_url_kabupaten.pyw", line 285, in process_url_induk
    raise Exception("Gagal total setup driver. Cek log di atas.")
Exception: Gagal total setup driver. Cek log di atas.
2025-10-26 14:22:59,478 - INFO - Percobaan ulang 54/300...
2025-10-26 14:23:14,489 - INFO - Memulai setup driver...
2025-10-26 14:23:14,489 - INFO - Menggunakan User Data Directory: C:\laragon\www\dapokalsel\chrome_profile
2025-10-26 14:23:14,489 - INFO - Menginisialisasi uc.Chrome()...
2025-10-26 14:23:17,388 - INFO - patching driver executable C:\laragon\www\dapokalsel\sekolah\~\appdata\roaming\undetected_chromedriver\undetected_chromedriver.exe
2025-10-26 14:23:17,473 - ERROR - GAGAL total saat setup driver: Binary Location Must be a String
Traceback (most recent call last):
  File "C:\laragon\www\dapokalsel\sekolah\import_url_kabupaten.pyw", line 80, in setup_driver
    driver = uc.Chrome(
  File "C:\laragon\bin\python\python-3.10\lib\site-packages\undetected_chromedriver\__init__.py", line 372, in __init__
    options.binary_location = (
  File "C:\laragon\bin\python\python-3.10\lib\site-packages\selenium\webdriver\chromium\options.py", line 52, in binary_location
    raise TypeError(self.BINARY_LOCATION_ERROR)
TypeError: Binary Location Must be a String
2025-10-26 14:23:17,473 - ERROR - Error pada percobaan 54: Gagal total setup driver. Cek log di atas.
Traceback (most recent call last):
  File "C:\laragon\www\dapokalsel\sekolah\import_url_kabupaten.pyw", line 285, in process_url_induk
    raise Exception("Gagal total setup driver. Cek log di atas.")
Exception: Gagal total setup driver. Cek log di atas.
2025-10-26 14:23:17,473 - INFO - Percobaan ulang 55/300...
2025-10-26 14:23:32,476 - INFO - Memulai setup driver...
2025-10-26 14:23:32,476 - INFO - Menggunakan User Data Directory: C:\laragon\www\dapokalsel\chrome_profile
2025-10-26 14:23:32,476 - INFO - Menginisialisasi uc.Chrome()...
2025-10-26 14:23:35,655 - INFO - patching driver executable C:\laragon\www\dapokalsel\sekolah\~\appdata\roaming\undetected_chromedriver\undetected_chromedriver.exe
2025-10-26 14:23:35,753 - ERROR - GAGAL total saat setup driver: Binary Location Must be a String
Traceback (most recent call last):
  File "C:\laragon\www\dapokalsel\sekolah\import_url_kabupaten.pyw", line 80, in setup_driver
    driver = uc.Chrome(
  File "C:\laragon\bin\python\python-3.10\lib\site-packages\undetected_chromedriver\__init__.py", line 372, in __init__
    options.binary_location = (
  File "C:\laragon\bin\python\python-3.10\lib\site-packages\selenium\webdriver\chromium\options.py", line 52, in binary_location
    raise TypeError(self.BINARY_LOCATION_ERROR)
TypeError: Binary Location Must be a String
2025-10-26 14:23:35,753 - ERROR - Error pada percobaan 55: Gagal total setup driver. Cek log di atas.
Traceback (most recent call last):
  File "C:\laragon\www\dapokalsel\sekolah\import_url_kabupaten.pyw", line 285, in process_url_induk
    raise Exception("Gagal total setup driver. Cek log di atas.")
Exception: Gagal total setup driver. Cek log di atas.
2025-10-26 14:23:35,753 - INFO - Percobaan ulang 56/300...
2025-10-26 14:23:50,753 - INFO - Memulai setup driver...
2025-10-26 14:23:50,757 - INFO - Menggunakan User Data Directory: C:\laragon\www\dapokalsel\chrome_profile
2025-10-26 14:23:50,757 - INFO - Menginisialisasi uc.Chrome()...
2025-10-26 14:23:53,671 - INFO - patching driver executable C:\laragon\www\dapokalsel\sekolah\~\appdata\roaming\undetected_chromedriver\undetected_chromedriver.exe
2025-10-26 14:23:53,769 - ERROR - GAGAL total saat setup driver: Binary Location Must be a String
Traceback (most recent call last):
  File "C:\laragon\www\dapokalsel\sekolah\import_url_kabupaten.pyw", line 80, in setup_driver
    driver = uc.Chrome(
  File "C:\laragon\bin\python\python-3.10\lib\site-packages\undetected_chromedriver\__init__.py", line 372, in __init__
    options.binary_location = (
  File "C:\laragon\bin\python\python-3.10\lib\site-packages\selenium\webdriver\chromium\options.py", line 52, in binary_location
    raise TypeError(self.BINARY_LOCATION_ERROR)
TypeError: Binary Location Must be a String
2025-10-26 14:23:53,769 - ERROR - Error pada percobaan 56: Gagal total setup driver. Cek log di atas.
Traceback (most recent call last):
  File "C:\laragon\www\dapokalsel\sekolah\import_url_kabupaten.pyw", line 285, in process_url_induk
    raise Exception("Gagal total setup driver. Cek log di atas.")
Exception: Gagal total setup driver. Cek log di atas.
2025-10-26 14:23:53,769 - INFO - Percobaan ulang 57/300...
2025-10-26 14:24:08,770 - INFO - Memulai setup driver...
2025-10-26 14:24:08,770 - INFO - Menggunakan User Data Directory: C:\laragon\www\dapokalsel\chrome_profile
2025-10-26 14:24:08,771 - INFO - Menginisialisasi uc.Chrome()...
2025-10-26 14:24:12,287 - INFO - patching driver executable C:\laragon\www\dapokalsel\sekolah\~\appdata\roaming\undetected_chromedriver\undetected_chromedriver.exe
2025-10-26 14:24:12,379 - ERROR - GAGAL total saat setup driver: Binary Location Must be a String
Traceback (most recent call last):
  File "C:\laragon\www\dapokalsel\sekolah\import_url_kabupaten.pyw", line 80, in setup_driver
    driver = uc.Chrome(
  File "C:\laragon\bin\python\python-3.10\lib\site-packages\undetected_chromedriver\__init__.py", line 372, in __init__
    options.binary_location = (
  File "C:\laragon\bin\python\python-3.10\lib\site-packages\selenium\webdriver\chromium\options.py", line 52, in binary_location
    raise TypeError(self.BINARY_LOCATION_ERROR)
TypeError: Binary Location Must be a String
2025-10-26 14:24:12,380 - ERROR - Error pada percobaan 57: Gagal total setup driver. Cek log di atas.
Traceback (most recent call last):
  File "C:\laragon\www\dapokalsel\sekolah\import_url_kabupaten.pyw", line 285, in process_url_induk
    raise Exception("Gagal total setup driver. Cek log di atas.")
Exception: Gagal total setup driver. Cek log di atas.
2025-10-26 14:24:12,380 - INFO - Percobaan ulang 58/300...
2025-10-26 14:24:27,385 - INFO - Memulai setup driver...
2025-10-26 14:24:27,390 - INFO - Menggunakan User Data Directory: C:\laragon\www\dapokalsel\chrome_profile
2025-10-26 14:24:27,392 - INFO - Menginisialisasi uc.Chrome()...
2025-10-26 14:24:30,301 - INFO - patching driver executable C:\laragon\www\dapokalsel\sekolah\~\appdata\roaming\undetected_chromedriver\undetected_chromedriver.exe
2025-10-26 14:24:30,397 - ERROR - GAGAL total saat setup driver: Binary Location Must be a String
Traceback (most recent call last):
  File "C:\laragon\www\dapokalsel\sekolah\import_url_kabupaten.pyw", line 80, in setup_driver
    driver = uc.Chrome(
  File "C:\laragon\bin\python\python-3.10\lib\site-packages\undetected_chromedriver\__init__.py", line 372, in __init__
    options.binary_location = (
  File "C:\laragon\bin\python\python-3.10\lib\site-packages\selenium\webdriver\chromium\options.py", line 52, in binary_location
    raise TypeError(self.BINARY_LOCATION_ERROR)
TypeError: Binary Location Must be a String
2025-10-26 14:24:30,397 - ERROR - Error pada percobaan 58: Gagal total setup driver. Cek log di atas.
Traceback (most recent call last):
  File "C:\laragon\www\dapokalsel\sekolah\import_url_kabupaten.pyw", line 285, in process_url_induk
    raise Exception("Gagal total setup driver. Cek log di atas.")
Exception: Gagal total setup driver. Cek log di atas.
2025-10-26 14:24:30,398 - INFO - Percobaan ulang 59/300...
2025-10-26 14:24:45,402 - INFO - Memulai setup driver...
2025-10-26 14:24:45,402 - INFO - Menggunakan User Data Directory: C:\laragon\www\dapokalsel\chrome_profile
2025-10-26 14:24:45,402 - INFO - Menginisialisasi uc.Chrome()...
2025-10-26 14:24:48,879 - INFO - patching driver executable C:\laragon\www\dapokalsel\sekolah\~\appdata\roaming\undetected_chromedriver\undetected_chromedriver.exe
2025-10-26 14:24:48,976 - ERROR - GAGAL total saat setup driver: Binary Location Must be a String
Traceback (most recent call last):
  File "C:\laragon\www\dapokalsel\sekolah\import_url_kabupaten.pyw", line 80, in setup_driver
    driver = uc.Chrome(
  File "C:\laragon\bin\python\python-3.10\lib\site-packages\undetected_chromedriver\__init__.py", line 372, in __init__
    options.binary_location = (
  File "C:\laragon\bin\python\python-3.10\lib\site-packages\selenium\webdriver\chromium\options.py", line 52, in binary_location
    raise TypeError(self.BINARY_LOCATION_ERROR)
TypeError: Binary Location Must be a String
2025-10-26 14:24:48,976 - ERROR - Error pada percobaan 59: Gagal total setup driver. Cek log di atas.
Traceback (most recent call last):
  File "C:\laragon\www\dapokalsel\sekolah\import_url_kabupaten.pyw", line 285, in process_url_induk
    raise Exception("Gagal total setup driver. Cek log di atas.")
Exception: Gagal total setup driver. Cek log di atas.
2025-10-26 14:24:48,976 - INFO - Percobaan ulang 60/300...
2025-10-26 14:25:03,991 - INFO - Memulai setup driver...
2025-10-26 14:25:03,991 - INFO - Menggunakan User Data Directory: C:\laragon\www\dapokalsel\chrome_profile
2025-10-26 14:25:03,991 - INFO - Menginisialisasi uc.Chrome()...
2025-10-26 14:25:07,783 - INFO - patching driver executable C:\laragon\www\dapokalsel\sekolah\~\appdata\roaming\undetected_chromedriver\undetected_chromedriver.exe
2025-10-26 14:25:07,882 - ERROR - GAGAL total saat setup driver: Binary Location Must be a String
Traceback (most recent call last):
  File "C:\laragon\www\dapokalsel\sekolah\import_url_kabupaten.pyw", line 80, in setup_driver
    driver = uc.Chrome(
  File "C:\laragon\bin\python\python-3.10\lib\site-packages\undetected_chromedriver\__init__.py", line 372, in __init__
    options.binary_location = (
  File "C:\laragon\bin\python\python-3.10\lib\site-packages\selenium\webdriver\chromium\options.py", line 52, in binary_location
    raise TypeError(self.BINARY_LOCATION_ERROR)
TypeError: Binary Location Must be a String
2025-10-26 14:25:07,882 - ERROR - Error pada percobaan 60: Gagal total setup driver. Cek log di atas.
Traceback (most recent call last):
  File "C:\laragon\www\dapokalsel\sekolah\import_url_kabupaten.pyw", line 285, in process_url_induk
    raise Exception("Gagal total setup driver. Cek log di atas.")
Exception: Gagal total setup driver. Cek log di atas.
2025-10-26 14:25:07,882 - INFO - Percobaan ulang 61/300...
2025-10-26 14:25:22,882 - INFO - Memulai setup driver...
2025-10-26 14:25:22,882 - INFO - Menggunakan User Data Directory: C:\laragon\www\dapokalsel\chrome_profile
2025-10-26 14:25:22,882 - INFO - Menginisialisasi uc.Chrome()...
2025-10-26 14:25:25,716 - INFO - patching driver executable C:\laragon\www\dapokalsel\sekolah\~\appdata\roaming\undetected_chromedriver\undetected_chromedriver.exe
2025-10-26 14:25:25,782 - ERROR - GAGAL total saat setup driver: Binary Location Must be a String
Traceback (most recent call last):
  File "C:\laragon\www\dapokalsel\sekolah\import_url_kabupaten.pyw", line 80, in setup_driver
    driver = uc.Chrome(
  File "C:\laragon\bin\python\python-3.10\lib\site-packages\undetected_chromedriver\__init__.py", line 372, in __init__
    options.binary_location = (
  File "C:\laragon\bin\python\python-3.10\lib\site-packages\selenium\webdriver\chromium\options.py", line 52, in binary_location
    raise TypeError(self.BINARY_LOCATION_ERROR)
TypeError: Binary Location Must be a String
2025-10-26 14:25:25,799 - ERROR - Error pada percobaan 61: Gagal total setup driver. Cek log di atas.
Traceback (most recent call last):
  File "C:\laragon\www\dapokalsel\sekolah\import_url_kabupaten.pyw", line 285, in process_url_induk
    raise Exception("Gagal total setup driver. Cek log di atas.")
Exception: Gagal total setup driver. Cek log di atas.
2025-10-26 14:25:25,799 - INFO - Percobaan ulang 62/300...
2025-10-26 14:25:40,813 - INFO - Memulai setup driver...
2025-10-26 14:25:40,813 - INFO - Menggunakan User Data Directory: C:\laragon\www\dapokalsel\chrome_profile
2025-10-26 14:25:40,813 - INFO - Menginisialisasi uc.Chrome()...
2025-10-26 14:25:44,498 - INFO - patching driver executable C:\laragon\www\dapokalsel\sekolah\~\appdata\roaming\undetected_chromedriver\undetected_chromedriver.exe
2025-10-26 14:25:44,580 - ERROR - GAGAL total saat setup driver: Binary Location Must be a String
Traceback (most recent call last):
  File "C:\laragon\www\dapokalsel\sekolah\import_url_kabupaten.pyw", line 80, in setup_driver
    driver = uc.Chrome(
  File "C:\laragon\bin\python\python-3.10\lib\site-packages\undetected_chromedriver\__init__.py", line 372, in __init__
    options.binary_location = (
  File "C:\laragon\bin\python\python-3.10\lib\site-packages\selenium\webdriver\chromium\options.py", line 52, in binary_location
    raise TypeError(self.BINARY_LOCATION_ERROR)
TypeError: Binary Location Must be a String
2025-10-26 14:25:44,580 - ERROR - Error pada percobaan 62: Gagal total setup driver. Cek log di atas.
Traceback (most recent call last):
  File "C:\laragon\www\dapokalsel\sekolah\import_url_kabupaten.pyw", line 285, in process_url_induk
    raise Exception("Gagal total setup driver. Cek log di atas.")
Exception: Gagal total setup driver. Cek log di atas.
2025-10-26 14:25:44,580 - INFO - Percobaan ulang 63/300...
2025-10-26 14:25:59,586 - INFO - Memulai setup driver...
2025-10-26 14:25:59,586 - INFO - Menggunakan User Data Directory: C:\laragon\www\dapokalsel\chrome_profile
2025-10-26 14:25:59,586 - INFO - Menginisialisasi uc.Chrome()...
2025-10-26 14:26:03,681 - INFO - patching driver executable C:\laragon\www\dapokalsel\sekolah\~\appdata\roaming\undetected_chromedriver\undetected_chromedriver.exe
2025-10-26 14:26:03,764 - ERROR - GAGAL total saat setup driver: Binary Location Must be a String
Traceback (most recent call last):
  File "C:\laragon\www\dapokalsel\sekolah\import_url_kabupaten.pyw", line 80, in setup_driver
    driver = uc.Chrome(
  File "C:\laragon\bin\python\python-3.10\lib\site-packages\undetected_chromedriver\__init__.py", line 372, in __init__
    options.binary_location = (
  File "C:\laragon\bin\python\python-3.10\lib\site-packages\selenium\webdriver\chromium\options.py", line 52, in binary_location
    raise TypeError(self.BINARY_LOCATION_ERROR)
TypeError: Binary Location Must be a String
2025-10-26 14:26:03,764 - ERROR - Error pada percobaan 63: Gagal total setup driver. Cek log di atas.
Traceback (most recent call last):
  File "C:\laragon\www\dapokalsel\sekolah\import_url_kabupaten.pyw", line 285, in process_url_induk
    raise Exception("Gagal total setup driver. Cek log di atas.")
Exception: Gagal total setup driver. Cek log di atas.
2025-10-26 14:26:03,764 - INFO - Percobaan ulang 64/300...
2025-10-26 14:26:18,765 - INFO - Memulai setup driver...
2025-10-26 14:26:18,765 - INFO - Menggunakan User Data Directory: C:\laragon\www\dapokalsel\chrome_profile
2025-10-26 14:26:18,765 - INFO - Menginisialisasi uc.Chrome()...
2025-10-26 14:26:22,570 - INFO - patching driver executable C:\laragon\www\dapokalsel\sekolah\~\appdata\roaming\undetected_chromedriver\undetected_chromedriver.exe
2025-10-26 14:26:22,662 - ERROR - GAGAL total saat setup driver: Binary Location Must be a String
Traceback (most recent call last):
  File "C:\laragon\www\dapokalsel\sekolah\import_url_kabupaten.pyw", line 80, in setup_driver
    driver = uc.Chrome(
  File "C:\laragon\bin\python\python-3.10\lib\site-packages\undetected_chromedriver\__init__.py", line 372, in __init__
    options.binary_location = (
  File "C:\laragon\bin\python\python-3.10\lib\site-packages\selenium\webdriver\chromium\options.py", line 52, in binary_location
    raise TypeError(self.BINARY_LOCATION_ERROR)
TypeError: Binary Location Must be a String
2025-10-26 14:26:22,662 - ERROR - Error pada percobaan 64: Gagal total setup driver. Cek log di atas.
Traceback (most recent call last):
  File "C:\laragon\www\dapokalsel\sekolah\import_url_kabupaten.pyw", line 285, in process_url_induk
    raise Exception("Gagal total setup driver. Cek log di atas.")
Exception: Gagal total setup driver. Cek log di atas.
2025-10-26 14:26:22,662 - INFO - Percobaan ulang 65/300...
2025-10-26 14:26:37,664 - INFO - Memulai setup driver...
2025-10-26 14:26:37,668 - INFO - Menggunakan User Data Directory: C:\laragon\www\dapokalsel\chrome_profile
2025-10-26 14:26:37,669 - INFO - Menginisialisasi uc.Chrome()...
2025-10-26 14:26:41,411 - INFO - patching driver executable C:\laragon\www\dapokalsel\sekolah\~\appdata\roaming\undetected_chromedriver\undetected_chromedriver.exe
2025-10-26 14:26:41,495 - ERROR - GAGAL total saat setup driver: Binary Location Must be a String
Traceback (most recent call last):
  File "C:\laragon\www\dapokalsel\sekolah\import_url_kabupaten.pyw", line 80, in setup_driver
    driver = uc.Chrome(
  File "C:\laragon\bin\python\python-3.10\lib\site-packages\undetected_chromedriver\__init__.py", line 372, in __init__
    options.binary_location = (
  File "C:\laragon\bin\python\python-3.10\lib\site-packages\selenium\webdriver\chromium\options.py", line 52, in binary_location
    raise TypeError(self.BINARY_LOCATION_ERROR)
TypeError: Binary Location Must be a String
2025-10-26 14:26:41,495 - ERROR - Error pada percobaan 65: Gagal total setup driver. Cek log di atas.
Traceback (most recent call last):
  File "C:\laragon\www\dapokalsel\sekolah\import_url_kabupaten.pyw", line 285, in process_url_induk
    raise Exception("Gagal total setup driver. Cek log di atas.")
Exception: Gagal total setup driver. Cek log di atas.
2025-10-26 14:26:41,495 - INFO - Percobaan ulang 66/300...
2025-10-26 14:26:56,507 - INFO - Memulai setup driver...
2025-10-26 14:26:56,507 - INFO - Menggunakan User Data Directory: C:\laragon\www\dapokalsel\chrome_profile
2025-10-26 14:26:56,507 - INFO - Menginisialisasi uc.Chrome()...
2025-10-26 14:26:59,438 - INFO - patching driver executable C:\laragon\www\dapokalsel\sekolah\~\appdata\roaming\undetected_chromedriver\undetected_chromedriver.exe
2025-10-26 14:26:59,527 - ERROR - GAGAL total saat setup driver: Binary Location Must be a String
Traceback (most recent call last):
  File "C:\laragon\www\dapokalsel\sekolah\import_url_kabupaten.pyw", line 80, in setup_driver
    driver = uc.Chrome(
  File "C:\laragon\bin\python\python-3.10\lib\site-packages\undetected_chromedriver\__init__.py", line 372, in __init__
    options.binary_location = (
  File "C:\laragon\bin\python\python-3.10\lib\site-packages\selenium\webdriver\chromium\options.py", line 52, in binary_location
    raise TypeError(self.BINARY_LOCATION_ERROR)
TypeError: Binary Location Must be a String
2025-10-26 14:26:59,527 - ERROR - Error pada percobaan 66: Gagal total setup driver. Cek log di atas.
Traceback (most recent call last):
  File "C:\laragon\www\dapokalsel\sekolah\import_url_kabupaten.pyw", line 285, in process_url_induk
    raise Exception("Gagal total setup driver. Cek log di atas.")
Exception: Gagal total setup driver. Cek log di atas.
2025-10-26 14:26:59,527 - INFO - Percobaan ulang 67/300...
2025-10-26 14:27:14,538 - INFO - Memulai setup driver...
2025-10-26 14:27:14,538 - INFO - Menggunakan User Data Directory: C:\laragon\www\dapokalsel\chrome_profile
2025-10-26 14:27:14,538 - INFO - Menginisialisasi uc.Chrome()...
2025-10-26 14:27:17,663 - INFO - patching driver executable C:\laragon\www\dapokalsel\sekolah\~\appdata\roaming\undetected_chromedriver\undetected_chromedriver.exe
2025-10-26 14:27:17,747 - ERROR - GAGAL total saat setup driver: Binary Location Must be a String
Traceback (most recent call last):
  File "C:\laragon\www\dapokalsel\sekolah\import_url_kabupaten.pyw", line 80, in setup_driver
    driver = uc.Chrome(
  File "C:\laragon\bin\python\python-3.10\lib\site-packages\undetected_chromedriver\__init__.py", line 372, in __init__
    options.binary_location = (
  File "C:\laragon\bin\python\python-3.10\lib\site-packages\selenium\webdriver\chromium\options.py", line 52, in binary_location
    raise TypeError(self.BINARY_LOCATION_ERROR)
TypeError: Binary Location Must be a String
2025-10-26 14:27:17,748 - ERROR - Error pada percobaan 67: Gagal total setup driver. Cek log di atas.
Traceback (most recent call last):
  File "C:\laragon\www\dapokalsel\sekolah\import_url_kabupaten.pyw", line 285, in process_url_induk
    raise Exception("Gagal total setup driver. Cek log di atas.")
Exception: Gagal total setup driver. Cek log di atas.
2025-10-26 14:27:17,749 - INFO - Percobaan ulang 68/300...
2025-10-26 14:27:32,749 - INFO - Memulai setup driver...
2025-10-26 14:27:32,749 - INFO - Menggunakan User Data Directory: C:\laragon\www\dapokalsel\chrome_profile
2025-10-26 14:27:32,749 - INFO - Menginisialisasi uc.Chrome()...
2025-10-26 14:27:35,842 - INFO - patching driver executable C:\laragon\www\dapokalsel\sekolah\~\appdata\roaming\undetected_chromedriver\undetected_chromedriver.exe
2025-10-26 14:27:35,939 - ERROR - GAGAL total saat setup driver: Binary Location Must be a String
Traceback (most recent call last):
  File "C:\laragon\www\dapokalsel\sekolah\import_url_kabupaten.pyw", line 80, in setup_driver
    driver = uc.Chrome(
  File "C:\laragon\bin\python\python-3.10\lib\site-packages\undetected_chromedriver\__init__.py", line 372, in __init__
    options.binary_location = (
  File "C:\laragon\bin\python\python-3.10\lib\site-packages\selenium\webdriver\chromium\options.py", line 52, in binary_location
    raise TypeError(self.BINARY_LOCATION_ERROR)
TypeError: Binary Location Must be a String
2025-10-26 14:27:35,939 - ERROR - Error pada percobaan 68: Gagal total setup driver. Cek log di atas.
Traceback (most recent call last):
  File "C:\laragon\www\dapokalsel\sekolah\import_url_kabupaten.pyw", line 285, in process_url_induk
    raise Exception("Gagal total setup driver. Cek log di atas.")
Exception: Gagal total setup driver. Cek log di atas.
2025-10-26 14:27:35,939 - INFO - Percobaan ulang 69/300...
2025-10-26 14:27:50,952 - INFO - Memulai setup driver...
2025-10-26 14:27:50,952 - INFO - Menggunakan User Data Directory: C:\laragon\www\dapokalsel\chrome_profile
2025-10-26 14:27:50,952 - INFO - Menginisialisasi uc.Chrome()...
2025-10-26 14:27:54,088 - INFO - patching driver executable C:\laragon\www\dapokalsel\sekolah\~\appdata\roaming\undetected_chromedriver\undetected_chromedriver.exe
2025-10-26 14:27:54,157 - ERROR - GAGAL total saat setup driver: Binary Location Must be a String
Traceback (most recent call last):
  File "C:\laragon\www\dapokalsel\sekolah\import_url_kabupaten.pyw", line 80, in setup_driver
    driver = uc.Chrome(
  File "C:\laragon\bin\python\python-3.10\lib\site-packages\undetected_chromedriver\__init__.py", line 372, in __init__
    options.binary_location = (
  File "C:\laragon\bin\python\python-3.10\lib\site-packages\selenium\webdriver\chromium\options.py", line 52, in binary_location
    raise TypeError(self.BINARY_LOCATION_ERROR)
TypeError: Binary Location Must be a String
2025-10-26 14:27:54,157 - ERROR - Error pada percobaan 69: Gagal total setup driver. Cek log di atas.
Traceback (most recent call last):
  File "C:\laragon\www\dapokalsel\sekolah\import_url_kabupaten.pyw", line 285, in process_url_induk
    raise Exception("Gagal total setup driver. Cek log di atas.")
Exception: Gagal total setup driver. Cek log di atas.
2025-10-26 14:27:54,157 - INFO - Percobaan ulang 70/300...
2025-10-26 14:28:09,158 - INFO - Memulai setup driver...
2025-10-26 14:28:09,159 - INFO - Menggunakan User Data Directory: C:\laragon\www\dapokalsel\chrome_profile
2025-10-26 14:28:09,159 - INFO - Menginisialisasi uc.Chrome()...
2025-10-26 14:28:12,656 - INFO - patching driver executable C:\laragon\www\dapokalsel\sekolah\~\appdata\roaming\undetected_chromedriver\undetected_chromedriver.exe
2025-10-26 14:28:12,872 - ERROR - GAGAL total saat setup driver: Binary Location Must be a String
Traceback (most recent call last):
  File "C:\laragon\www\dapokalsel\sekolah\import_url_kabupaten.pyw", line 80, in setup_driver
    driver = uc.Chrome(
  File "C:\laragon\bin\python\python-3.10\lib\site-packages\undetected_chromedriver\__init__.py", line 372, in __init__
    options.binary_location = (
  File "C:\laragon\bin\python\python-3.10\lib\site-packages\selenium\webdriver\chromium\options.py", line 52, in binary_location
    raise TypeError(self.BINARY_LOCATION_ERROR)
TypeError: Binary Location Must be a String
2025-10-26 14:28:12,872 - ERROR - Error pada percobaan 70: Gagal total setup driver. Cek log di atas.
Traceback (most recent call last):
  File "C:\laragon\www\dapokalsel\sekolah\import_url_kabupaten.pyw", line 285, in process_url_induk
    raise Exception("Gagal total setup driver. Cek log di atas.")
Exception: Gagal total setup driver. Cek log di atas.
2025-10-26 14:28:12,872 - INFO - Percobaan ulang 71/300...
2025-10-26 14:28:27,873 - INFO - Memulai setup driver...
2025-10-26 14:28:27,874 - INFO - Menggunakan User Data Directory: C:\laragon\www\dapokalsel\chrome_profile
2025-10-26 14:28:27,874 - INFO - Menginisialisasi uc.Chrome()...
2025-10-26 14:28:31,038 - INFO - patching driver executable C:\laragon\www\dapokalsel\sekolah\~\appdata\roaming\undetected_chromedriver\undetected_chromedriver.exe
2025-10-26 14:28:31,130 - ERROR - GAGAL total saat setup driver: Binary Location Must be a String
Traceback (most recent call last):
  File "C:\laragon\www\dapokalsel\sekolah\import_url_kabupaten.pyw", line 80, in setup_driver
    driver = uc.Chrome(
  File "C:\laragon\bin\python\python-3.10\lib\site-packages\undetected_chromedriver\__init__.py", line 372, in __init__
    options.binary_location = (
  File "C:\laragon\bin\python\python-3.10\lib\site-packages\selenium\webdriver\chromium\options.py", line 52, in binary_location
    raise TypeError(self.BINARY_LOCATION_ERROR)
TypeError: Binary Location Must be a String
2025-10-26 14:28:31,131 - ERROR - Error pada percobaan 71: Gagal total setup driver. Cek log di atas.
Traceback (most recent call last):
  File "C:\laragon\www\dapokalsel\sekolah\import_url_kabupaten.pyw", line 285, in process_url_induk
    raise Exception("Gagal total setup driver. Cek log di atas.")
Exception: Gagal total setup driver. Cek log di atas.
2025-10-26 14:28:31,132 - INFO - Percobaan ulang 72/300...
2025-10-26 14:28:46,138 - INFO - Memulai setup driver...
2025-10-26 14:28:46,138 - INFO - Menggunakan User Data Directory: C:\laragon\www\dapokalsel\chrome_profile
2025-10-26 14:28:46,138 - INFO - Menginisialisasi uc.Chrome()...
2025-10-26 14:28:49,455 - INFO - patching driver executable C:\laragon\www\dapokalsel\sekolah\~\appdata\roaming\undetected_chromedriver\undetected_chromedriver.exe
2025-10-26 14:28:49,536 - ERROR - GAGAL total saat setup driver: Binary Location Must be a String
Traceback (most recent call last):
  File "C:\laragon\www\dapokalsel\sekolah\import_url_kabupaten.pyw", line 80, in setup_driver
    driver = uc.Chrome(
  File "C:\laragon\bin\python\python-3.10\lib\site-packages\undetected_chromedriver\__init__.py", line 372, in __init__
    options.binary_location = (
  File "C:\laragon\bin\python\python-3.10\lib\site-packages\selenium\webdriver\chromium\options.py", line 52, in binary_location
    raise TypeError(self.BINARY_LOCATION_ERROR)
TypeError: Binary Location Must be a String
2025-10-26 14:28:49,536 - ERROR - Error pada percobaan 72: Gagal total setup driver. Cek log di atas.
Traceback (most recent call last):
  File "C:\laragon\www\dapokalsel\sekolah\import_url_kabupaten.pyw", line 285, in process_url_induk
    raise Exception("Gagal total setup driver. Cek log di atas.")
Exception: Gagal total setup driver. Cek log di atas.
2025-10-26 14:28:49,538 - INFO - Percobaan ulang 73/300...
2025-10-26 14:29:04,539 - INFO - Memulai setup driver...
2025-10-26 14:29:04,539 - INFO - Menggunakan User Data Directory: C:\laragon\www\dapokalsel\chrome_profile
2025-10-26 14:29:04,540 - INFO - Menginisialisasi uc.Chrome()...
2025-10-26 14:29:07,537 - INFO - patching driver executable C:\laragon\www\dapokalsel\sekolah\~\appdata\roaming\undetected_chromedriver\undetected_chromedriver.exe
2025-10-26 14:29:07,637 - ERROR - GAGAL total saat setup driver: Binary Location Must be a String
Traceback (most recent call last):
  File "C:\laragon\www\dapokalsel\sekolah\import_url_kabupaten.pyw", line 80, in setup_driver
    driver = uc.Chrome(
  File "C:\laragon\bin\python\python-3.10\lib\site-packages\undetected_chromedriver\__init__.py", line 372, in __init__
    options.binary_location = (
  File "C:\laragon\bin\python\python-3.10\lib\site-packages\selenium\webdriver\chromium\options.py", line 52, in binary_location
    raise TypeError(self.BINARY_LOCATION_ERROR)
TypeError: Binary Location Must be a String
2025-10-26 14:29:07,637 - ERROR - Error pada percobaan 73: Gagal total setup driver. Cek log di atas.
Traceback (most recent call last):
  File "C:\laragon\www\dapokalsel\sekolah\import_url_kabupaten.pyw", line 285, in process_url_induk
    raise Exception("Gagal total setup driver. Cek log di atas.")
Exception: Gagal total setup driver. Cek log di atas.
2025-10-26 14:29:07,637 - INFO - Percobaan ulang 74/300...
2025-10-26 14:29:22,648 - INFO - Memulai setup driver...
2025-10-26 14:29:22,648 - INFO - Menggunakan User Data Directory: C:\laragon\www\dapokalsel\chrome_profile
2025-10-26 14:29:22,648 - INFO - Menginisialisasi uc.Chrome()...
2025-10-26 14:29:25,636 - INFO - patching driver executable C:\laragon\www\dapokalsel\sekolah\~\appdata\roaming\undetected_chromedriver\undetected_chromedriver.exe
2025-10-26 14:29:25,717 - ERROR - GAGAL total saat setup driver: Binary Location Must be a String
Traceback (most recent call last):
  File "C:\laragon\www\dapokalsel\sekolah\import_url_kabupaten.pyw", line 80, in setup_driver
    driver = uc.Chrome(
  File "C:\laragon\bin\python\python-3.10\lib\site-packages\undetected_chromedriver\__init__.py", line 372, in __init__
    options.binary_location = (
  File "C:\laragon\bin\python\python-3.10\lib\site-packages\selenium\webdriver\chromium\options.py", line 52, in binary_location
    raise TypeError(self.BINARY_LOCATION_ERROR)
TypeError: Binary Location Must be a String
2025-10-26 14:29:25,717 - ERROR - Error pada percobaan 74: Gagal total setup driver. Cek log di atas.
Traceback (most recent call last):
  File "C:\laragon\www\dapokalsel\sekolah\import_url_kabupaten.pyw", line 285, in process_url_induk
    raise Exception("Gagal total setup driver. Cek log di atas.")
Exception: Gagal total setup driver. Cek log di atas.
2025-10-26 14:29:25,717 - INFO - Percobaan ulang 75/300...
2025-10-26 14:29:40,717 - INFO - Memulai setup driver...
2025-10-26 14:29:40,720 - INFO - Menggunakan User Data Directory: C:\laragon\www\dapokalsel\chrome_profile
2025-10-26 14:29:40,721 - INFO - Menginisialisasi uc.Chrome()...
2025-10-26 14:29:43,867 - INFO - patching driver executable C:\laragon\www\dapokalsel\sekolah\~\appdata\roaming\undetected_chromedriver\undetected_chromedriver.exe
2025-10-26 14:29:43,951 - ERROR - GAGAL total saat setup driver: Binary Location Must be a String
Traceback (most recent call last):
  File "C:\laragon\www\dapokalsel\sekolah\import_url_kabupaten.pyw", line 80, in setup_driver
    driver = uc.Chrome(
  File "C:\laragon\bin\python\python-3.10\lib\site-packages\undetected_chromedriver\__init__.py", line 372, in __init__
    options.binary_location = (
  File "C:\laragon\bin\python\python-3.10\lib\site-packages\selenium\webdriver\chromium\options.py", line 52, in binary_location
    raise TypeError(self.BINARY_LOCATION_ERROR)
TypeError: Binary Location Must be a String
2025-10-26 14:29:43,951 - ERROR - Error pada percobaan 75: Gagal total setup driver. Cek log di atas.
Traceback (most recent call last):
  File "C:\laragon\www\dapokalsel\sekolah\import_url_kabupaten.pyw", line 285, in process_url_induk
    raise Exception("Gagal total setup driver. Cek log di atas.")
Exception: Gagal total setup driver. Cek log di atas.
2025-10-26 14:29:43,951 - INFO - Percobaan ulang 76/300...
2025-10-26 14:29:58,952 - INFO - Memulai setup driver...
2025-10-26 14:29:58,952 - INFO - Menggunakan User Data Directory: C:\laragon\www\dapokalsel\chrome_profile
2025-10-26 14:29:58,952 - INFO - Menginisialisasi uc.Chrome()...
2025-10-26 14:30:02,250 - INFO - patching driver executable C:\laragon\www\dapokalsel\sekolah\~\appdata\roaming\undetected_chromedriver\undetected_chromedriver.exe
2025-10-26 14:30:02,334 - ERROR - GAGAL total saat setup driver: Binary Location Must be a String
Traceback (most recent call last):
  File "C:\laragon\www\dapokalsel\sekolah\import_url_kabupaten.pyw", line 80, in setup_driver
    driver = uc.Chrome(
  File "C:\laragon\bin\python\python-3.10\lib\site-packages\undetected_chromedriver\__init__.py", line 372, in __init__
    options.binary_location = (
  File "C:\laragon\bin\python\python-3.10\lib\site-packages\selenium\webdriver\chromium\options.py", line 52, in binary_location
    raise TypeError(self.BINARY_LOCATION_ERROR)
TypeError: Binary Location Must be a String
2025-10-26 14:30:02,334 - ERROR - Error pada percobaan 76: Gagal total setup driver. Cek log di atas.
Traceback (most recent call last):
  File "C:\laragon\www\dapokalsel\sekolah\import_url_kabupaten.pyw", line 285, in process_url_induk
    raise Exception("Gagal total setup driver. Cek log di atas.")
Exception: Gagal total setup driver. Cek log di atas.
2025-10-26 14:30:02,334 - INFO - Percobaan ulang 77/300...
2025-10-26 14:30:17,349 - INFO - Memulai setup driver...
2025-10-26 14:30:17,350 - INFO - Menggunakan User Data Directory: C:\laragon\www\dapokalsel\chrome_profile
2025-10-26 14:30:17,350 - INFO - Menginisialisasi uc.Chrome()...
2025-10-26 14:30:20,599 - INFO - patching driver executable C:\laragon\www\dapokalsel\sekolah\~\appdata\roaming\undetected_chromedriver\undetected_chromedriver.exe
2025-10-26 14:30:20,740 - ERROR - GAGAL total saat setup driver: Binary Location Must be a String
Traceback (most recent call last):
  File "C:\laragon\www\dapokalsel\sekolah\import_url_kabupaten.pyw", line 80, in setup_driver
    driver = uc.Chrome(
  File "C:\laragon\bin\python\python-3.10\lib\site-packages\undetected_chromedriver\__init__.py", line 372, in __init__
    options.binary_location = (
  File "C:\laragon\bin\python\python-3.10\lib\site-packages\selenium\webdriver\chromium\options.py", line 52, in binary_location
    raise TypeError(self.BINARY_LOCATION_ERROR)
TypeError: Binary Location Must be a String
2025-10-26 14:30:20,741 - ERROR - Error pada percobaan 77: Gagal total setup driver. Cek log di atas.
Traceback (most recent call last):
  File "C:\laragon\www\dapokalsel\sekolah\import_url_kabupaten.pyw", line 285, in process_url_induk
    raise Exception("Gagal total setup driver. Cek log di atas.")
Exception: Gagal total setup driver. Cek log di atas.
2025-10-26 14:30:20,741 - INFO - Percobaan ulang 78/300...
2025-10-26 14:30:35,748 - INFO - Memulai setup driver...
2025-10-26 14:30:35,748 - INFO - Menggunakan User Data Directory: C:\laragon\www\dapokalsel\chrome_profile
2025-10-26 14:30:35,752 - INFO - Menginisialisasi uc.Chrome()...
2025-10-26 14:30:38,947 - INFO - patching driver executable C:\laragon\www\dapokalsel\sekolah\~\appdata\roaming\undetected_chromedriver\undetected_chromedriver.exe
2025-10-26 14:30:39,039 - ERROR - GAGAL total saat setup driver: Binary Location Must be a String
Traceback (most recent call last):
  File "C:\laragon\www\dapokalsel\sekolah\import_url_kabupaten.pyw", line 80, in setup_driver
    driver = uc.Chrome(
  File "C:\laragon\bin\python\python-3.10\lib\site-packages\undetected_chromedriver\__init__.py", line 372, in __init__
    options.binary_location = (
  File "C:\laragon\bin\python\python-3.10\lib\site-packages\selenium\webdriver\chromium\options.py", line 52, in binary_location
    raise TypeError(self.BINARY_LOCATION_ERROR)
TypeError: Binary Location Must be a String
2025-10-26 14:30:39,040 - ERROR - Error pada percobaan 78: Gagal total setup driver. Cek log di atas.
Traceback (most recent call last):
  File "C:\laragon\www\dapokalsel\sekolah\import_url_kabupaten.pyw", line 285, in process_url_induk
    raise Exception("Gagal total setup driver. Cek log di atas.")
Exception: Gagal total setup driver. Cek log di atas.
2025-10-26 14:30:39,040 - INFO - Percobaan ulang 79/300...
2025-10-26 14:30:54,044 - INFO - Memulai setup driver...
2025-10-26 14:30:54,046 - INFO - Menggunakan User Data Directory: C:\laragon\www\dapokalsel\chrome_profile
2025-10-26 14:30:54,047 - INFO - Menginisialisasi uc.Chrome()...
2025-10-26 14:30:57,422 - INFO - patching driver executable C:\laragon\www\dapokalsel\sekolah\~\appdata\roaming\undetected_chromedriver\undetected_chromedriver.exe
2025-10-26 14:30:57,479 - ERROR - GAGAL total saat setup driver: Binary Location Must be a String
Traceback (most recent call last):
  File "C:\laragon\www\dapokalsel\sekolah\import_url_kabupaten.pyw", line 80, in setup_driver
    driver = uc.Chrome(
  File "C:\laragon\bin\python\python-3.10\lib\site-packages\undetected_chromedriver\__init__.py", line 372, in __init__
    options.binary_location = (
  File "C:\laragon\bin\python\python-3.10\lib\site-packages\selenium\webdriver\chromium\options.py", line 52, in binary_location
    raise TypeError(self.BINARY_LOCATION_ERROR)
TypeError: Binary Location Must be a String
2025-10-26 14:30:57,495 - ERROR - Error pada percobaan 79: Gagal total setup driver. Cek log di atas.
Traceback (most recent call last):
  File "C:\laragon\www\dapokalsel\sekolah\import_url_kabupaten.pyw", line 285, in process_url_induk
    raise Exception("Gagal total setup driver. Cek log di atas.")
Exception: Gagal total setup driver. Cek log di atas.
2025-10-26 14:30:57,495 - INFO - Percobaan ulang 80/300...
2025-10-26 14:31:12,507 - INFO - Memulai setup driver...
2025-10-26 14:31:12,507 - INFO - Menggunakan User Data Directory: C:\laragon\www\dapokalsel\chrome_profile
2025-10-26 14:31:12,507 - INFO - Menginisialisasi uc.Chrome()...
2025-10-26 14:31:15,947 - INFO - patching driver executable C:\laragon\www\dapokalsel\sekolah\~\appdata\roaming\undetected_chromedriver\undetected_chromedriver.exe
2025-10-26 14:31:16,052 - ERROR - GAGAL total saat setup driver: Binary Location Must be a String
Traceback (most recent call last):
  File "C:\laragon\www\dapokalsel\sekolah\import_url_kabupaten.pyw", line 80, in setup_driver
    driver = uc.Chrome(
  File "C:\laragon\bin\python\python-3.10\lib\site-packages\undetected_chromedriver\__init__.py", line 372, in __init__
    options.binary_location = (
  File "C:\laragon\bin\python\python-3.10\lib\site-packages\selenium\webdriver\chromium\options.py", line 52, in binary_location
    raise TypeError(self.BINARY_LOCATION_ERROR)
TypeError: Binary Location Must be a String
2025-10-26 14:31:16,052 - ERROR - Error pada percobaan 80: Gagal total setup driver. Cek log di atas.
Traceback (most recent call last):
  File "C:\laragon\www\dapokalsel\sekolah\import_url_kabupaten.pyw", line 285, in process_url_induk
    raise Exception("Gagal total setup driver. Cek log di atas.")
Exception: Gagal total setup driver. Cek log di atas.
2025-10-26 14:31:16,052 - INFO - Percobaan ulang 81/300...
2025-10-26 14:31:31,052 - INFO - Memulai setup driver...
2025-10-26 14:31:31,052 - INFO - Menggunakan User Data Directory: C:\laragon\www\dapokalsel\chrome_profile
2025-10-26 14:31:31,052 - INFO - Menginisialisasi uc.Chrome()...
2025-10-26 14:31:34,000 - INFO - patching driver executable C:\laragon\www\dapokalsel\sekolah\~\appdata\roaming\undetected_chromedriver\undetected_chromedriver.exe
2025-10-26 14:31:34,085 - ERROR - GAGAL total saat setup driver: Binary Location Must be a String
Traceback (most recent call last):
  File "C:\laragon\www\dapokalsel\sekolah\import_url_kabupaten.pyw", line 80, in setup_driver
    driver = uc.Chrome(
  File "C:\laragon\bin\python\python-3.10\lib\site-packages\undetected_chromedriver\__init__.py", line 372, in __init__
    options.binary_location = (
  File "C:\laragon\bin\python\python-3.10\lib\site-packages\selenium\webdriver\chromium\options.py", line 52, in binary_location
    raise TypeError(self.BINARY_LOCATION_ERROR)
TypeError: Binary Location Must be a String
2025-10-26 14:31:34,086 - ERROR - Error pada percobaan 81: Gagal total setup driver. Cek log di atas.
Traceback (most recent call last):
  File "C:\laragon\www\dapokalsel\sekolah\import_url_kabupaten.pyw", line 285, in process_url_induk
    raise Exception("Gagal total setup driver. Cek log di atas.")
Exception: Gagal total setup driver. Cek log di atas.
2025-10-26 14:31:34,086 - INFO - Percobaan ulang 82/300...
2025-10-26 14:31:49,094 - INFO - Memulai setup driver...
2025-10-26 14:31:49,094 - INFO - Menggunakan User Data Directory: C:\laragon\www\dapokalsel\chrome_profile
2025-10-26 14:31:49,094 - INFO - Menginisialisasi uc.Chrome()...
2025-10-26 14:31:52,223 - INFO - patching driver executable C:\laragon\www\dapokalsel\sekolah\~\appdata\roaming\undetected_chromedriver\undetected_chromedriver.exe
2025-10-26 14:31:52,291 - ERROR - GAGAL total saat setup driver: Binary Location Must be a String
Traceback (most recent call last):
  File "C:\laragon\www\dapokalsel\sekolah\import_url_kabupaten.pyw", line 80, in setup_driver
    driver = uc.Chrome(
  File "C:\laragon\bin\python\python-3.10\lib\site-packages\undetected_chromedriver\__init__.py", line 372, in __init__
    options.binary_location = (
  File "C:\laragon\bin\python\python-3.10\lib\site-packages\selenium\webdriver\chromium\options.py", line 52, in binary_location
    raise TypeError(self.BINARY_LOCATION_ERROR)
TypeError: Binary Location Must be a String
2025-10-26 14:31:52,291 - ERROR - Error pada percobaan 82: Gagal total setup driver. Cek log di atas.
Traceback (most recent call last):
  File "C:\laragon\www\dapokalsel\sekolah\import_url_kabupaten.pyw", line 285, in process_url_induk
    raise Exception("Gagal total setup driver. Cek log di atas.")
Exception: Gagal total setup driver. Cek log di atas.
2025-10-26 14:31:52,291 - INFO - Percobaan ulang 83/300...
2025-10-26 14:32:07,306 - INFO - Memulai setup driver...
2025-10-26 14:32:07,307 - INFO - Menggunakan User Data Directory: C:\laragon\www\dapokalsel\chrome_profile
2025-10-26 14:32:07,307 - INFO - Menginisialisasi uc.Chrome()...
2025-10-26 14:32:10,882 - INFO - patching driver executable C:\laragon\www\dapokalsel\sekolah\~\appdata\roaming\undetected_chromedriver\undetected_chromedriver.exe
2025-10-26 14:32:10,944 - ERROR - GAGAL total saat setup driver: Binary Location Must be a String
Traceback (most recent call last):
  File "C:\laragon\www\dapokalsel\sekolah\import_url_kabupaten.pyw", line 80, in setup_driver
    driver = uc.Chrome(
  File "C:\laragon\bin\python\python-3.10\lib\site-packages\undetected_chromedriver\__init__.py", line 372, in __init__
    options.binary_location = (
  File "C:\laragon\bin\python\python-3.10\lib\site-packages\selenium\webdriver\chromium\options.py", line 52, in binary_location
    raise TypeError(self.BINARY_LOCATION_ERROR)
TypeError: Binary Location Must be a String
2025-10-26 14:32:10,944 - ERROR - Error pada percobaan 83: Gagal total setup driver. Cek log di atas.
Traceback (most recent call last):
  File "C:\laragon\www\dapokalsel\sekolah\import_url_kabupaten.pyw", line 285, in process_url_induk
    raise Exception("Gagal total setup driver. Cek log di atas.")
Exception: Gagal total setup driver. Cek log di atas.
2025-10-26 14:32:10,944 - INFO - Percobaan ulang 84/300...
2025-10-26 14:32:25,959 - INFO - Memulai setup driver...
2025-10-26 14:32:25,959 - INFO - Menggunakan User Data Directory: C:\laragon\www\dapokalsel\chrome_profile
2025-10-26 14:32:25,959 - INFO - Menginisialisasi uc.Chrome()...
2025-10-26 14:32:28,819 - INFO - patching driver executable C:\laragon\www\dapokalsel\sekolah\~\appdata\roaming\undetected_chromedriver\undetected_chromedriver.exe
2025-10-26 14:32:28,897 - ERROR - GAGAL total saat setup driver: Binary Location Must be a String
Traceback (most recent call last):
  File "C:\laragon\www\dapokalsel\sekolah\import_url_kabupaten.pyw", line 80, in setup_driver
    driver = uc.Chrome(
  File "C:\laragon\bin\python\python-3.10\lib\site-packages\undetected_chromedriver\__init__.py", line 372, in __init__
    options.binary_location = (
  File "C:\laragon\bin\python\python-3.10\lib\site-packages\selenium\webdriver\chromium\options.py", line 52, in binary_location
    raise TypeError(self.BINARY_LOCATION_ERROR)
TypeError: Binary Location Must be a String
2025-10-26 14:32:28,897 - ERROR - Error pada percobaan 84: Gagal total setup driver. Cek log di atas.
Traceback (most recent call last):
  File "C:\laragon\www\dapokalsel\sekolah\import_url_kabupaten.pyw", line 285, in process_url_induk
    raise Exception("Gagal total setup driver. Cek log di atas.")
Exception: Gagal total setup driver. Cek log di atas.
2025-10-26 14:32:28,897 - INFO - Percobaan ulang 85/300...
2025-10-26 14:32:43,898 - INFO - Memulai setup driver...
2025-10-26 14:32:43,898 - INFO - Menggunakan User Data Directory: C:\laragon\www\dapokalsel\chrome_profile
2025-10-26 14:32:43,898 - INFO - Menginisialisasi uc.Chrome()...
2025-10-26 14:32:47,521 - INFO - patching driver executable C:\laragon\www\dapokalsel\sekolah\~\appdata\roaming\undetected_chromedriver\undetected_chromedriver.exe
2025-10-26 14:32:47,600 - ERROR - GAGAL total saat setup driver: Binary Location Must be a String
Traceback (most recent call last):
  File "C:\laragon\www\dapokalsel\sekolah\import_url_kabupaten.pyw", line 80, in setup_driver
    driver = uc.Chrome(
  File "C:\laragon\bin\python\python-3.10\lib\site-packages\undetected_chromedriver\__init__.py", line 372, in __init__
    options.binary_location = (
  File "C:\laragon\bin\python\python-3.10\lib\site-packages\selenium\webdriver\chromium\options.py", line 52, in binary_location
    raise TypeError(self.BINARY_LOCATION_ERROR)
TypeError: Binary Location Must be a String
2025-10-26 14:32:47,600 - ERROR - Error pada percobaan 85: Gagal total setup driver. Cek log di atas.
Traceback (most recent call last):
  File "C:\laragon\www\dapokalsel\sekolah\import_url_kabupaten.pyw", line 285, in process_url_induk
    raise Exception("Gagal total setup driver. Cek log di atas.")
Exception: Gagal total setup driver. Cek log di atas.
2025-10-26 14:32:47,600 - INFO - Percobaan ulang 86/300...
2025-10-26 14:33:02,601 - INFO - Memulai setup driver...
2025-10-26 14:33:02,601 - INFO - Menggunakan User Data Directory: C:\laragon\www\dapokalsel\chrome_profile
2025-10-26 14:33:02,601 - INFO - Menginisialisasi uc.Chrome()...
2025-10-26 14:33:05,620 - INFO - patching driver executable C:\laragon\www\dapokalsel\sekolah\~\appdata\roaming\undetected_chromedriver\undetected_chromedriver.exe
2025-10-26 14:33:05,694 - ERROR - GAGAL total saat setup driver: Binary Location Must be a String
Traceback (most recent call last):
  File "C:\laragon\www\dapokalsel\sekolah\import_url_kabupaten.pyw", line 80, in setup_driver
    driver = uc.Chrome(
  File "C:\laragon\bin\python\python-3.10\lib\site-packages\undetected_chromedriver\__init__.py", line 372, in __init__
    options.binary_location = (
  File "C:\laragon\bin\python\python-3.10\lib\site-packages\selenium\webdriver\chromium\options.py", line 52, in binary_location
    raise TypeError(self.BINARY_LOCATION_ERROR)
TypeError: Binary Location Must be a String
2025-10-26 14:33:05,694 - ERROR - Error pada percobaan 86: Gagal total setup driver. Cek log di atas.
Traceback (most recent call last):
  File "C:\laragon\www\dapokalsel\sekolah\import_url_kabupaten.pyw", line 285, in process_url_induk
    raise Exception("Gagal total setup driver. Cek log di atas.")
Exception: Gagal total setup driver. Cek log di atas.
2025-10-26 14:33:05,694 - INFO - Percobaan ulang 87/300...
2025-10-26 14:33:20,694 - INFO - Memulai setup driver...
2025-10-26 14:33:20,694 - INFO - Menggunakan User Data Directory: C:\laragon\www\dapokalsel\chrome_profile
2025-10-26 14:33:20,694 - INFO - Menginisialisasi uc.Chrome()...
2025-10-26 14:33:23,739 - INFO - patching driver executable C:\laragon\www\dapokalsel\sekolah\~\appdata\roaming\undetected_chromedriver\undetected_chromedriver.exe
2025-10-26 14:33:23,839 - ERROR - GAGAL total saat setup driver: Binary Location Must be a String
Traceback (most recent call last):
  File "C:\laragon\www\dapokalsel\sekolah\import_url_kabupaten.pyw", line 80, in setup_driver
    driver = uc.Chrome(
  File "C:\laragon\bin\python\python-3.10\lib\site-packages\undetected_chromedriver\__init__.py", line 372, in __init__
    options.binary_location = (
  File "C:\laragon\bin\python\python-3.10\lib\site-packages\selenium\webdriver\chromium\options.py", line 52, in binary_location
    raise TypeError(self.BINARY_LOCATION_ERROR)
TypeError: Binary Location Must be a String
2025-10-26 14:33:23,840 - ERROR - Error pada percobaan 87: Gagal total setup driver. Cek log di atas.
Traceback (most recent call last):
  File "C:\laragon\www\dapokalsel\sekolah\import_url_kabupaten.pyw", line 285, in process_url_induk
    raise Exception("Gagal total setup driver. Cek log di atas.")
Exception: Gagal total setup driver. Cek log di atas.
2025-10-26 14:33:23,841 - INFO - Percobaan ulang 88/300...
2025-10-26 14:33:38,842 - INFO - Memulai setup driver...
2025-10-26 14:33:38,842 - INFO - Menggunakan User Data Directory: C:\laragon\www\dapokalsel\chrome_profile
2025-10-26 14:33:38,842 - INFO - Menginisialisasi uc.Chrome()...
2025-10-26 14:33:42,488 - INFO - patching driver executable C:\laragon\www\dapokalsel\sekolah\~\appdata\roaming\undetected_chromedriver\undetected_chromedriver.exe
2025-10-26 14:33:42,584 - ERROR - GAGAL total saat setup driver: Binary Location Must be a String
Traceback (most recent call last):
  File "C:\laragon\www\dapokalsel\sekolah\import_url_kabupaten.pyw", line 80, in setup_driver
    driver = uc.Chrome(
  File "C:\laragon\bin\python\python-3.10\lib\site-packages\undetected_chromedriver\__init__.py", line 372, in __init__
    options.binary_location = (
  File "C:\laragon\bin\python\python-3.10\lib\site-packages\selenium\webdriver\chromium\options.py", line 52, in binary_location
    raise TypeError(self.BINARY_LOCATION_ERROR)
TypeError: Binary Location Must be a String
2025-10-26 14:33:42,585 - ERROR - Error pada percobaan 88: Gagal total setup driver. Cek log di atas.
Traceback (most recent call last):
  File "C:\laragon\www\dapokalsel\sekolah\import_url_kabupaten.pyw", line 285, in process_url_induk
    raise Exception("Gagal total setup driver. Cek log di atas.")
Exception: Gagal total setup driver. Cek log di atas.
2025-10-26 14:33:42,585 - INFO - Percobaan ulang 89/300...
2025-10-26 14:33:57,585 - INFO - Memulai setup driver...
2025-10-26 14:33:57,585 - INFO - Menggunakan User Data Directory: C:\laragon\www\dapokalsel\chrome_profile
2025-10-26 14:33:57,585 - INFO - Menginisialisasi uc.Chrome()...
2025-10-26 14:34:01,136 - INFO - patching driver executable C:\laragon\www\dapokalsel\sekolah\~\appdata\roaming\undetected_chromedriver\undetected_chromedriver.exe
2025-10-26 14:34:01,220 - ERROR - GAGAL total saat setup driver: Binary Location Must be a String
Traceback (most recent call last):
  File "C:\laragon\www\dapokalsel\sekolah\import_url_kabupaten.pyw", line 80, in setup_driver
    driver = uc.Chrome(
  File "C:\laragon\bin\python\python-3.10\lib\site-packages\undetected_chromedriver\__init__.py", line 372, in __init__
    options.binary_location = (
  File "C:\laragon\bin\python\python-3.10\lib\site-packages\selenium\webdriver\chromium\options.py", line 52, in binary_location
    raise TypeError(self.BINARY_LOCATION_ERROR)
TypeError: Binary Location Must be a String
2025-10-26 14:34:01,220 - ERROR - Error pada percobaan 89: Gagal total setup driver. Cek log di atas.
Traceback (most recent call last):
  File "C:\laragon\www\dapokalsel\sekolah\import_url_kabupaten.pyw", line 285, in process_url_induk
    raise Exception("Gagal total setup driver. Cek log di atas.")
Exception: Gagal total setup driver. Cek log di atas.
2025-10-26 14:34:01,220 - INFO - Percobaan ulang 90/300...
2025-10-26 14:34:16,235 - INFO - Memulai setup driver...
2025-10-26 14:34:16,235 - INFO - Menggunakan User Data Directory: C:\laragon\www\dapokalsel\chrome_profile
2025-10-26 14:34:16,235 - INFO - Menginisialisasi uc.Chrome()...
2025-10-26 14:34:19,862 - INFO - patching driver executable C:\laragon\www\dapokalsel\sekolah\~\appdata\roaming\undetected_chromedriver\undetected_chromedriver.exe
2025-10-26 14:34:19,948 - ERROR - GAGAL total saat setup driver: Binary Location Must be a String
Traceback (most recent call last):
  File "C:\laragon\www\dapokalsel\sekolah\import_url_kabupaten.pyw", line 80, in setup_driver
    driver = uc.Chrome(
  File "C:\laragon\bin\python\python-3.10\lib\site-packages\undetected_chromedriver\__init__.py", line 372, in __init__
    options.binary_location = (
  File "C:\laragon\bin\python\python-3.10\lib\site-packages\selenium\webdriver\chromium\options.py", line 52, in binary_location
    raise TypeError(self.BINARY_LOCATION_ERROR)
TypeError: Binary Location Must be a String
2025-10-26 14:34:19,949 - ERROR - Error pada percobaan 90: Gagal total setup driver. Cek log di atas.
Traceback (most recent call last):
  File "C:\laragon\www\dapokalsel\sekolah\import_url_kabupaten.pyw", line 285, in process_url_induk
    raise Exception("Gagal total setup driver. Cek log di atas.")
Exception: Gagal total setup driver. Cek log di atas.
2025-10-26 14:34:19,949 - INFO - Percobaan ulang 91/300...
2025-10-26 14:34:34,949 - INFO - Memulai setup driver...
2025-10-26 14:34:34,949 - INFO - Menggunakan User Data Directory: C:\laragon\www\dapokalsel\chrome_profile
2025-10-26 14:34:34,949 - INFO - Menginisialisasi uc.Chrome()...
2025-10-26 14:34:37,959 - INFO - patching driver executable C:\laragon\www\dapokalsel\sekolah\~\appdata\roaming\undetected_chromedriver\undetected_chromedriver.exe
2025-10-26 14:34:38,053 - ERROR - GAGAL total saat setup driver: Binary Location Must be a String
Traceback (most recent call last):
  File "C:\laragon\www\dapokalsel\sekolah\import_url_kabupaten.pyw", line 80, in setup_driver
    driver = uc.Chrome(
  File "C:\laragon\bin\python\python-3.10\lib\site-packages\undetected_chromedriver\__init__.py", line 372, in __init__
    options.binary_location = (
  File "C:\laragon\bin\python\python-3.10\lib\site-packages\selenium\webdriver\chromium\options.py", line 52, in binary_location
    raise TypeError(self.BINARY_LOCATION_ERROR)
TypeError: Binary Location Must be a String
2025-10-26 14:34:38,053 - ERROR - Error pada percobaan 91: Gagal total setup driver. Cek log di atas.
Traceback (most recent call last):
  File "C:\laragon\www\dapokalsel\sekolah\import_url_kabupaten.pyw", line 285, in process_url_induk
    raise Exception("Gagal total setup driver. Cek log di atas.")
Exception: Gagal total setup driver. Cek log di atas.
2025-10-26 14:34:38,053 - INFO - Percobaan ulang 92/300...
2025-10-26 14:34:53,054 - INFO - Memulai setup driver...
2025-10-26 14:34:53,054 - INFO - Menggunakan User Data Directory: C:\laragon\www\dapokalsel\chrome_profile
2025-10-26 14:34:53,054 - INFO - Menginisialisasi uc.Chrome()...
2025-10-26 14:34:55,976 - INFO - patching driver executable C:\laragon\www\dapokalsel\sekolah\~\appdata\roaming\undetected_chromedriver\undetected_chromedriver.exe
2025-10-26 14:34:56,088 - ERROR - GAGAL total saat setup driver: Binary Location Must be a String
Traceback (most recent call last):
  File "C:\laragon\www\dapokalsel\sekolah\import_url_kabupaten.pyw", line 80, in setup_driver
    driver = uc.Chrome(
  File "C:\laragon\bin\python\python-3.10\lib\site-packages\undetected_chromedriver\__init__.py", line 372, in __init__
    options.binary_location = (
  File "C:\laragon\bin\python\python-3.10\lib\site-packages\selenium\webdriver\chromium\options.py", line 52, in binary_location
    raise TypeError(self.BINARY_LOCATION_ERROR)
TypeError: Binary Location Must be a String
2025-10-26 14:34:56,088 - ERROR - Error pada percobaan 92: Gagal total setup driver. Cek log di atas.
Traceback (most recent call last):
  File "C:\laragon\www\dapokalsel\sekolah\import_url_kabupaten.pyw", line 285, in process_url_induk
    raise Exception("Gagal total setup driver. Cek log di atas.")
Exception: Gagal total setup driver. Cek log di atas.
2025-10-26 14:34:56,088 - INFO - Percobaan ulang 93/300...
2025-10-26 14:35:11,100 - INFO - Memulai setup driver...
2025-10-26 14:35:11,100 - INFO - Menggunakan User Data Directory: C:\laragon\www\dapokalsel\chrome_profile
2025-10-26 14:35:11,100 - INFO - Menginisialisasi uc.Chrome()...
2025-10-26 14:35:14,569 - INFO - patching driver executable C:\laragon\www\dapokalsel\sekolah\~\appdata\roaming\undetected_chromedriver\undetected_chromedriver.exe
2025-10-26 14:35:14,656 - ERROR - GAGAL total saat setup driver: Binary Location Must be a String
Traceback (most recent call last):
  File "C:\laragon\www\dapokalsel\sekolah\import_url_kabupaten.pyw", line 80, in setup_driver
    driver = uc.Chrome(
  File "C:\laragon\bin\python\python-3.10\lib\site-packages\undetected_chromedriver\__init__.py", line 372, in __init__
    options.binary_location = (
  File "C:\laragon\bin\python\python-3.10\lib\site-packages\selenium\webdriver\chromium\options.py", line 52, in binary_location
    raise TypeError(self.BINARY_LOCATION_ERROR)
TypeError: Binary Location Must be a String
2025-10-26 14:35:14,657 - ERROR - Error pada percobaan 93: Gagal total setup driver. Cek log di atas.
Traceback (most recent call last):
  File "C:\laragon\www\dapokalsel\sekolah\import_url_kabupaten.pyw", line 285, in process_url_induk
    raise Exception("Gagal total setup driver. Cek log di atas.")
Exception: Gagal total setup driver. Cek log di atas.
2025-10-26 14:35:14,657 - INFO - Percobaan ulang 94/300...
2025-10-26 14:35:29,658 - INFO - Memulai setup driver...
2025-10-26 14:35:29,659 - INFO - Menggunakan User Data Directory: C:\laragon\www\dapokalsel\chrome_profile
2025-10-26 14:35:29,660 - INFO - Menginisialisasi uc.Chrome()...
2025-10-26 14:35:32,850 - INFO - patching driver executable C:\laragon\www\dapokalsel\sekolah\~\appdata\roaming\undetected_chromedriver\undetected_chromedriver.exe
2025-10-26 14:35:32,928 - ERROR - GAGAL total saat setup driver: Binary Location Must be a String
Traceback (most recent call last):
  File "C:\laragon\www\dapokalsel\sekolah\import_url_kabupaten.pyw", line 80, in setup_driver
    driver = uc.Chrome(
  File "C:\laragon\bin\python\python-3.10\lib\site-packages\undetected_chromedriver\__init__.py", line 372, in __init__
    options.binary_location = (
  File "C:\laragon\bin\python\python-3.10\lib\site-packages\selenium\webdriver\chromium\options.py", line 52, in binary_location
    raise TypeError(self.BINARY_LOCATION_ERROR)
TypeError: Binary Location Must be a String
2025-10-26 14:35:32,929 - ERROR - Error pada percobaan 94: Gagal total setup driver. Cek log di atas.
Traceback (most recent call last):
  File "C:\laragon\www\dapokalsel\sekolah\import_url_kabupaten.pyw", line 285, in process_url_induk
    raise Exception("Gagal total setup driver. Cek log di atas.")
Exception: Gagal total setup driver. Cek log di atas.
2025-10-26 14:35:32,929 - INFO - Percobaan ulang 95/300...
2025-10-26 14:35:47,929 - INFO - Memulai setup driver...
2025-10-26 14:35:47,930 - INFO - Menggunakan User Data Directory: C:\laragon\www\dapokalsel\chrome_profile
2025-10-26 14:35:47,930 - INFO - Menginisialisasi uc.Chrome()...
2025-10-26 14:35:51,112 - INFO - patching driver executable C:\laragon\www\dapokalsel\sekolah\~\appdata\roaming\undetected_chromedriver\undetected_chromedriver.exe
2025-10-26 14:35:51,174 - ERROR - GAGAL total saat setup driver: Binary Location Must be a String
Traceback (most recent call last):
  File "C:\laragon\www\dapokalsel\sekolah\import_url_kabupaten.pyw", line 80, in setup_driver
    driver = uc.Chrome(
  File "C:\laragon\bin\python\python-3.10\lib\site-packages\undetected_chromedriver\__init__.py", line 372, in __init__
    options.binary_location = (
  File "C:\laragon\bin\python\python-3.10\lib\site-packages\selenium\webdriver\chromium\options.py", line 52, in binary_location
    raise TypeError(self.BINARY_LOCATION_ERROR)
TypeError: Binary Location Must be a String
2025-10-26 14:35:51,174 - ERROR - Error pada percobaan 95: Gagal total setup driver. Cek log di atas.
Traceback (most recent call last):
  File "C:\laragon\www\dapokalsel\sekolah\import_url_kabupaten.pyw", line 285, in process_url_induk
    raise Exception("Gagal total setup driver. Cek log di atas.")
Exception: Gagal total setup driver. Cek log di atas.
2025-10-26 14:35:51,174 - INFO - Percobaan ulang 96/300...
2025-10-26 14:36:06,179 - INFO - Memulai setup driver...
2025-10-26 14:36:06,179 - INFO - Menggunakan User Data Directory: C:\laragon\www\dapokalsel\chrome_profile
2025-10-26 14:36:06,179 - INFO - Menginisialisasi uc.Chrome()...
2025-10-26 14:36:09,429 - INFO - patching driver executable C:\laragon\www\dapokalsel\sekolah\~\appdata\roaming\undetected_chromedriver\undetected_chromedriver.exe
2025-10-26 14:36:09,492 - ERROR - GAGAL total saat setup driver: Binary Location Must be a String
Traceback (most recent call last):
  File "C:\laragon\www\dapokalsel\sekolah\import_url_kabupaten.pyw", line 80, in setup_driver
    driver = uc.Chrome(
  File "C:\laragon\bin\python\python-3.10\lib\site-packages\undetected_chromedriver\__init__.py", line 372, in __init__
    options.binary_location = (
  File "C:\laragon\bin\python\python-3.10\lib\site-packages\selenium\webdriver\chromium\options.py", line 52, in binary_location
    raise TypeError(self.BINARY_LOCATION_ERROR)
TypeError: Binary Location Must be a String
2025-10-26 14:36:09,492 - ERROR - Error pada percobaan 96: Gagal total setup driver. Cek log di atas.
Traceback (most recent call last):
  File "C:\laragon\www\dapokalsel\sekolah\import_url_kabupaten.pyw", line 285, in process_url_induk
    raise Exception("Gagal total setup driver. Cek log di atas.")
Exception: Gagal total setup driver. Cek log di atas.
2025-10-26 14:36:09,492 - INFO - Percobaan ulang 97/300...
2025-10-26 14:36:24,492 - INFO - Memulai setup driver...
2025-10-26 14:36:24,494 - INFO - Menggunakan User Data Directory: C:\laragon\www\dapokalsel\chrome_profile
2025-10-26 14:36:24,494 - INFO - Menginisialisasi uc.Chrome()...
2025-10-26 14:36:27,414 - INFO - patching driver executable C:\laragon\www\dapokalsel\sekolah\~\appdata\roaming\undetected_chromedriver\undetected_chromedriver.exe
2025-10-26 14:36:27,491 - ERROR - GAGAL total saat setup driver: Binary Location Must be a String
Traceback (most recent call last):
  File "C:\laragon\www\dapokalsel\sekolah\import_url_kabupaten.pyw", line 80, in setup_driver
    driver = uc.Chrome(
  File "C:\laragon\bin\python\python-3.10\lib\site-packages\undetected_chromedriver\__init__.py", line 372, in __init__
    options.binary_location = (
  File "C:\laragon\bin\python\python-3.10\lib\site-packages\selenium\webdriver\chromium\options.py", line 52, in binary_location
    raise TypeError(self.BINARY_LOCATION_ERROR)
TypeError: Binary Location Must be a String
2025-10-26 14:36:27,491 - ERROR - Error pada percobaan 97: Gagal total setup driver. Cek log di atas.
Traceback (most recent call last):
  File "C:\laragon\www\dapokalsel\sekolah\import_url_kabupaten.pyw", line 285, in process_url_induk
    raise Exception("Gagal total setup driver. Cek log di atas.")
Exception: Gagal total setup driver. Cek log di atas.
2025-10-26 14:36:27,491 - INFO - Percobaan ulang 98/300...
2025-10-26 14:36:42,506 - INFO - Memulai setup driver...
2025-10-26 14:36:42,506 - INFO - Menggunakan User Data Directory: C:\laragon\www\dapokalsel\chrome_profile
2025-10-26 14:36:42,506 - INFO - Menginisialisasi uc.Chrome()...
2025-10-26 14:36:46,475 - INFO - patching driver executable C:\laragon\www\dapokalsel\sekolah\~\appdata\roaming\undetected_chromedriver\undetected_chromedriver.exe
2025-10-26 14:36:46,553 - ERROR - GAGAL total saat setup driver: Binary Location Must be a String
Traceback (most recent call last):
  File "C:\laragon\www\dapokalsel\sekolah\import_url_kabupaten.pyw", line 80, in setup_driver
    driver = uc.Chrome(
  File "C:\laragon\bin\python\python-3.10\lib\site-packages\undetected_chromedriver\__init__.py", line 372, in __init__
    options.binary_location = (
  File "C:\laragon\bin\python\python-3.10\lib\site-packages\selenium\webdriver\chromium\options.py", line 52, in binary_location
    raise TypeError(self.BINARY_LOCATION_ERROR)
TypeError: Binary Location Must be a String
2025-10-26 14:36:46,553 - ERROR - Error pada percobaan 98: Gagal total setup driver. Cek log di atas.
Traceback (most recent call last):
  File "C:\laragon\www\dapokalsel\sekolah\import_url_kabupaten.pyw", line 285, in process_url_induk
    raise Exception("Gagal total setup driver. Cek log di atas.")
Exception: Gagal total setup driver. Cek log di atas.
2025-10-26 14:36:46,553 - INFO - Percobaan ulang 99/300...
2025-10-26 14:37:01,554 - INFO - Memulai setup driver...
2025-10-26 14:37:01,554 - INFO - Menggunakan User Data Directory: C:\laragon\www\dapokalsel\chrome_profile
2025-10-26 14:37:01,554 - INFO - Menginisialisasi uc.Chrome()...
2025-10-26 14:37:04,460 - INFO - patching driver executable C:\laragon\www\dapokalsel\sekolah\~\appdata\roaming\undetected_chromedriver\undetected_chromedriver.exe
2025-10-26 14:37:04,538 - ERROR - GAGAL total saat setup driver: Binary Location Must be a String
Traceback (most recent call last):
  File "C:\laragon\www\dapokalsel\sekolah\import_url_kabupaten.pyw", line 80, in setup_driver
    driver = uc.Chrome(
  File "C:\laragon\bin\python\python-3.10\lib\site-packages\undetected_chromedriver\__init__.py", line 372, in __init__
    options.binary_location = (
  File "C:\laragon\bin\python\python-3.10\lib\site-packages\selenium\webdriver\chromium\options.py", line 52, in binary_location
    raise TypeError(self.BINARY_LOCATION_ERROR)
TypeError: Binary Location Must be a String
2025-10-26 14:37:04,538 - ERROR - Error pada percobaan 99: Gagal total setup driver. Cek log di atas.
Traceback (most recent call last):
  File "C:\laragon\www\dapokalsel\sekolah\import_url_kabupaten.pyw", line 285, in process_url_induk
    raise Exception("Gagal total setup driver. Cek log di atas.")
Exception: Gagal total setup driver. Cek log di atas.
2025-10-26 14:37:04,538 - INFO - Percobaan ulang 100/300...
2025-10-26 14:37:19,554 - INFO - Memulai setup driver...
2025-10-26 14:37:19,554 - INFO - Menggunakan User Data Directory: C:\laragon\www\dapokalsel\chrome_profile
2025-10-26 14:37:19,554 - INFO - Menginisialisasi uc.Chrome()...
2025-10-26 14:37:25,169 - INFO - patching driver executable C:\laragon\www\dapokalsel\sekolah\~\appdata\roaming\undetected_chromedriver\undetected_chromedriver.exe
2025-10-26 14:37:25,248 - ERROR - GAGAL total saat setup driver: Binary Location Must be a String
Traceback (most recent call last):
  File "C:\laragon\www\dapokalsel\sekolah\import_url_kabupaten.pyw", line 80, in setup_driver
    driver = uc.Chrome(
  File "C:\laragon\bin\python\python-3.10\lib\site-packages\undetected_chromedriver\__init__.py", line 372, in __init__
    options.binary_location = (
  File "C:\laragon\bin\python\python-3.10\lib\site-packages\selenium\webdriver\chromium\options.py", line 52, in binary_location
    raise TypeError(self.BINARY_LOCATION_ERROR)
TypeError: Binary Location Must be a String
2025-10-26 14:37:25,248 - ERROR - Error pada percobaan 100: Gagal total setup driver. Cek log di atas.
Traceback (most recent call last):
  File "C:\laragon\www\dapokalsel\sekolah\import_url_kabupaten.pyw", line 285, in process_url_induk
    raise Exception("Gagal total setup driver. Cek log di atas.")
Exception: Gagal total setup driver. Cek log di atas.
2025-10-26 14:37:25,248 - INFO - Percobaan ulang 101/300...
2025-10-26 14:37:40,248 - INFO - Memulai setup driver...
2025-10-26 14:37:40,249 - INFO - Menggunakan User Data Directory: C:\laragon\www\dapokalsel\chrome_profile
2025-10-26 14:37:40,249 - INFO - Menginisialisasi uc.Chrome()...
2025-10-26 14:37:43,892 - INFO - patching driver executable C:\laragon\www\dapokalsel\sekolah\~\appdata\roaming\undetected_chromedriver\undetected_chromedriver.exe
2025-10-26 14:37:43,960 - ERROR - GAGAL total saat setup driver: Binary Location Must be a String
Traceback (most recent call last):
  File "C:\laragon\www\dapokalsel\sekolah\import_url_kabupaten.pyw", line 80, in setup_driver
    driver = uc.Chrome(
  File "C:\laragon\bin\python\python-3.10\lib\site-packages\undetected_chromedriver\__init__.py", line 372, in __init__
    options.binary_location = (
  File "C:\laragon\bin\python\python-3.10\lib\site-packages\selenium\webdriver\chromium\options.py", line 52, in binary_location
    raise TypeError(self.BINARY_LOCATION_ERROR)
TypeError: Binary Location Must be a String
2025-10-26 14:37:43,960 - ERROR - Error pada percobaan 101: Gagal total setup driver. Cek log di atas.
Traceback (most recent call last):
  File "C:\laragon\www\dapokalsel\sekolah\import_url_kabupaten.pyw", line 285, in process_url_induk
    raise Exception("Gagal total setup driver. Cek log di atas.")
Exception: Gagal total setup driver. Cek log di atas.
2025-10-26 14:37:43,960 - INFO - Percobaan ulang 102/300...
2025-10-26 14:37:58,976 - INFO - Memulai setup driver...
2025-10-26 14:37:58,976 - INFO - Menggunakan User Data Directory: C:\laragon\www\dapokalsel\chrome_profile
2025-10-26 14:37:58,976 - INFO - Menginisialisasi uc.Chrome()...
2025-10-26 14:38:02,694 - INFO - patching driver executable C:\laragon\www\dapokalsel\sekolah\~\appdata\roaming\undetected_chromedriver\undetected_chromedriver.exe
2025-10-26 14:38:02,772 - ERROR - GAGAL total saat setup driver: Binary Location Must be a String
Traceback (most recent call last):
  File "C:\laragon\www\dapokalsel\sekolah\import_url_kabupaten.pyw", line 80, in setup_driver
    driver = uc.Chrome(
  File "C:\laragon\bin\python\python-3.10\lib\site-packages\undetected_chromedriver\__init__.py", line 372, in __init__
    options.binary_location = (
  File "C:\laragon\bin\python\python-3.10\lib\site-packages\selenium\webdriver\chromium\options.py", line 52, in binary_location
    raise TypeError(self.BINARY_LOCATION_ERROR)
TypeError: Binary Location Must be a String
2025-10-26 14:38:02,772 - ERROR - Error pada percobaan 102: Gagal total setup driver. Cek log di atas.
Traceback (most recent call last):
  File "C:\laragon\www\dapokalsel\sekolah\import_url_kabupaten.pyw", line 285, in process_url_induk
    raise Exception("Gagal total setup driver. Cek log di atas.")
Exception: Gagal total setup driver. Cek log di atas.
2025-10-26 14:38:02,772 - INFO - Percobaan ulang 103/300...
2025-10-26 14:38:17,788 - INFO - Memulai setup driver...
2025-10-26 14:38:17,788 - INFO - Menggunakan User Data Directory: C:\laragon\www\dapokalsel\chrome_profile
2025-10-26 14:38:17,788 - INFO - Menginisialisasi uc.Chrome()...
2025-10-26 14:38:21,443 - INFO - patching driver executable C:\laragon\www\dapokalsel\sekolah\~\appdata\roaming\undetected_chromedriver\undetected_chromedriver.exe
2025-10-26 14:38:21,522 - ERROR - GAGAL total saat setup driver: Binary Location Must be a String
Traceback (most recent call last):
  File "C:\laragon\www\dapokalsel\sekolah\import_url_kabupaten.pyw", line 80, in setup_driver
    driver = uc.Chrome(
  File "C:\laragon\bin\python\python-3.10\lib\site-packages\undetected_chromedriver\__init__.py", line 372, in __init__
    options.binary_location = (
  File "C:\laragon\bin\python\python-3.10\lib\site-packages\selenium\webdriver\chromium\options.py", line 52, in binary_location
    raise TypeError(self.BINARY_LOCATION_ERROR)
TypeError: Binary Location Must be a String
2025-10-26 14:38:21,538 - ERROR - Error pada percobaan 103: Gagal total setup driver. Cek log di atas.
Traceback (most recent call last):
  File "C:\laragon\www\dapokalsel\sekolah\import_url_kabupaten.pyw", line 285, in process_url_induk
    raise Exception("Gagal total setup driver. Cek log di atas.")
Exception: Gagal total setup driver. Cek log di atas.
2025-10-26 14:38:21,538 - INFO - Percobaan ulang 104/300...
2025-10-26 14:38:36,539 - INFO - Memulai setup driver...
2025-10-26 14:38:36,539 - INFO - Menggunakan User Data Directory: C:\laragon\www\dapokalsel\chrome_profile
2025-10-26 14:38:36,539 - INFO - Menginisialisasi uc.Chrome()...
2025-10-26 14:38:40,056 - INFO - patching driver executable C:\laragon\www\dapokalsel\sekolah\~\appdata\roaming\undetected_chromedriver\undetected_chromedriver.exe
2025-10-26 14:38:40,142 - ERROR - GAGAL total saat setup driver: Binary Location Must be a String
Traceback (most recent call last):
  File "C:\laragon\www\dapokalsel\sekolah\import_url_kabupaten.pyw", line 80, in setup_driver
    driver = uc.Chrome(
  File "C:\laragon\bin\python\python-3.10\lib\site-packages\undetected_chromedriver\__init__.py", line 372, in __init__
    options.binary_location = (
  File "C:\laragon\bin\python\python-3.10\lib\site-packages\selenium\webdriver\chromium\options.py", line 52, in binary_location
    raise TypeError(self.BINARY_LOCATION_ERROR)
TypeError: Binary Location Must be a String
2025-10-26 14:38:40,143 - ERROR - Error pada percobaan 104: Gagal total setup driver. Cek log di atas.
Traceback (most recent call last):
  File "C:\laragon\www\dapokalsel\sekolah\import_url_kabupaten.pyw", line 285, in process_url_induk
    raise Exception("Gagal total setup driver. Cek log di atas.")
Exception: Gagal total setup driver. Cek log di atas.
2025-10-26 14:38:40,144 - INFO - Percobaan ulang 105/300...
2025-10-26 14:38:55,145 - INFO - Memulai setup driver...
2025-10-26 14:38:55,145 - INFO - Menggunakan User Data Directory: C:\laragon\www\dapokalsel\chrome_profile
2025-10-26 14:38:55,145 - INFO - Menginisialisasi uc.Chrome()...
2025-10-26 14:38:58,160 - INFO - patching driver executable C:\laragon\www\dapokalsel\sekolah\~\appdata\roaming\undetected_chromedriver\undetected_chromedriver.exe
2025-10-26 14:38:58,225 - ERROR - GAGAL total saat setup driver: Binary Location Must be a String
Traceback (most recent call last):
  File "C:\laragon\www\dapokalsel\sekolah\import_url_kabupaten.pyw", line 80, in setup_driver
    driver = uc.Chrome(
  File "C:\laragon\bin\python\python-3.10\lib\site-packages\undetected_chromedriver\__init__.py", line 372, in __init__
    options.binary_location = (
  File "C:\laragon\bin\python\python-3.10\lib\site-packages\selenium\webdriver\chromium\options.py", line 52, in binary_location
    raise TypeError(self.BINARY_LOCATION_ERROR)
TypeError: Binary Location Must be a String
2025-10-26 14:38:58,225 - ERROR - Error pada percobaan 105: Gagal total setup driver. Cek log di atas.
Traceback (most recent call last):
  File "C:\laragon\www\dapokalsel\sekolah\import_url_kabupaten.pyw", line 285, in process_url_induk
    raise Exception("Gagal total setup driver. Cek log di atas.")
Exception: Gagal total setup driver. Cek log di atas.
2025-10-26 14:38:58,225 - INFO - Percobaan ulang 106/300...
2025-10-26 14:39:13,226 - INFO - Memulai setup driver...
2025-10-26 14:39:13,226 - INFO - Menggunakan User Data Directory: C:\laragon\www\dapokalsel\chrome_profile
2025-10-26 14:39:13,226 - INFO - Menginisialisasi uc.Chrome()...
2025-10-26 14:39:16,866 - INFO - patching driver executable C:\laragon\www\dapokalsel\sekolah\~\appdata\roaming\undetected_chromedriver\undetected_chromedriver.exe
2025-10-26 14:39:16,929 - ERROR - GAGAL total saat setup driver: Binary Location Must be a String
Traceback (most recent call last):
  File "C:\laragon\www\dapokalsel\sekolah\import_url_kabupaten.pyw", line 80, in setup_driver
    driver = uc.Chrome(
  File "C:\laragon\bin\python\python-3.10\lib\site-packages\undetected_chromedriver\__init__.py", line 372, in __init__
    options.binary_location = (
  File "C:\laragon\bin\python\python-3.10\lib\site-packages\selenium\webdriver\chromium\options.py", line 52, in binary_location
    raise TypeError(self.BINARY_LOCATION_ERROR)
TypeError: Binary Location Must be a String
2025-10-26 14:39:16,929 - ERROR - Error pada percobaan 106: Gagal total setup driver. Cek log di atas.
Traceback (most recent call last):
  File "C:\laragon\www\dapokalsel\sekolah\import_url_kabupaten.pyw", line 285, in process_url_induk
    raise Exception("Gagal total setup driver. Cek log di atas.")
Exception: Gagal total setup driver. Cek log di atas.
2025-10-26 14:39:16,929 - INFO - Percobaan ulang 107/300...
2025-10-26 14:39:31,929 - INFO - Memulai setup driver...
2025-10-26 14:39:31,929 - INFO - Menggunakan User Data Directory: C:\laragon\www\dapokalsel\chrome_profile
2025-10-26 14:39:31,929 - INFO - Menginisialisasi uc.Chrome()...
2025-10-26 14:39:35,244 - INFO - patching driver executable C:\laragon\www\dapokalsel\sekolah\~\appdata\roaming\undetected_chromedriver\undetected_chromedriver.exe
2025-10-26 14:39:35,337 - ERROR - GAGAL total saat setup driver: Binary Location Must be a String
Traceback (most recent call last):
  File "C:\laragon\www\dapokalsel\sekolah\import_url_kabupaten.pyw", line 80, in setup_driver
    driver = uc.Chrome(
  File "C:\laragon\bin\python\python-3.10\lib\site-packages\undetected_chromedriver\__init__.py", line 372, in __init__
    options.binary_location = (
  File "C:\laragon\bin\python\python-3.10\lib\site-packages\selenium\webdriver\chromium\options.py", line 52, in binary_location
    raise TypeError(self.BINARY_LOCATION_ERROR)
TypeError: Binary Location Must be a String
2025-10-26 14:39:35,337 - ERROR - Error pada percobaan 107: Gagal total setup driver. Cek log di atas.
Traceback (most recent call last):
  File "C:\laragon\www\dapokalsel\sekolah\import_url_kabupaten.pyw", line 285, in process_url_induk
    raise Exception("Gagal total setup driver. Cek log di atas.")
Exception: Gagal total setup driver. Cek log di atas.
2025-10-26 14:39:35,337 - INFO - Percobaan ulang 108/300...
2025-10-26 14:39:50,351 - INFO - Memulai setup driver...
2025-10-26 14:39:50,351 - INFO - Menggunakan User Data Directory: C:\laragon\www\dapokalsel\chrome_profile
2025-10-26 14:39:50,351 - INFO - Menginisialisasi uc.Chrome()...
2025-10-26 14:39:53,835 - INFO - patching driver executable C:\laragon\www\dapokalsel\sekolah\~\appdata\roaming\undetected_chromedriver\undetected_chromedriver.exe
2025-10-26 14:39:53,913 - ERROR - GAGAL total saat setup driver: Binary Location Must be a String
Traceback (most recent call last):
  File "C:\laragon\www\dapokalsel\sekolah\import_url_kabupaten.pyw", line 80, in setup_driver
    driver = uc.Chrome(
  File "C:\laragon\bin\python\python-3.10\lib\site-packages\undetected_chromedriver\__init__.py", line 372, in __init__
    options.binary_location = (
  File "C:\laragon\bin\python\python-3.10\lib\site-packages\selenium\webdriver\chromium\options.py", line 52, in binary_location
    raise TypeError(self.BINARY_LOCATION_ERROR)
TypeError: Binary Location Must be a String
2025-10-26 14:39:53,913 - ERROR - Error pada percobaan 108: Gagal total setup driver. Cek log di atas.
Traceback (most recent call last):
  File "C:\laragon\www\dapokalsel\sekolah\import_url_kabupaten.pyw", line 285, in process_url_induk
    raise Exception("Gagal total setup driver. Cek log di atas.")
Exception: Gagal total setup driver. Cek log di atas.
2025-10-26 14:39:53,913 - INFO - Percobaan ulang 109/300...
2025-10-26 14:40:08,913 - INFO - Memulai setup driver...
2025-10-26 14:40:08,913 - INFO - Menggunakan User Data Directory: C:\laragon\www\dapokalsel\chrome_profile
2025-10-26 14:40:08,913 - INFO - Menginisialisasi uc.Chrome()...
2025-10-26 14:40:14,725 - INFO - patching driver executable C:\laragon\www\dapokalsel\sekolah\~\appdata\roaming\undetected_chromedriver\undetected_chromedriver.exe
2025-10-26 14:40:14,819 - ERROR - GAGAL total saat setup driver: Binary Location Must be a String
Traceback (most recent call last):
  File "C:\laragon\www\dapokalsel\sekolah\import_url_kabupaten.pyw", line 80, in setup_driver
    driver = uc.Chrome(
  File "C:\laragon\bin\python\python-3.10\lib\site-packages\undetected_chromedriver\__init__.py", line 372, in __init__
    options.binary_location = (
  File "C:\laragon\bin\python\python-3.10\lib\site-packages\selenium\webdriver\chromium\options.py", line 52, in binary_location
    raise TypeError(self.BINARY_LOCATION_ERROR)
TypeError: Binary Location Must be a String
2025-10-26 14:40:14,819 - ERROR - Error pada percobaan 109: Gagal total setup driver. Cek log di atas.
Traceback (most recent call last):
  File "C:\laragon\www\dapokalsel\sekolah\import_url_kabupaten.pyw", line 285, in process_url_induk
    raise Exception("Gagal total setup driver. Cek log di atas.")
Exception: Gagal total setup driver. Cek log di atas.
2025-10-26 14:40:14,819 - INFO - Percobaan ulang 110/300...
2025-10-26 14:40:29,835 - INFO - Memulai setup driver...
2025-10-26 14:40:29,835 - INFO - Menggunakan User Data Directory: C:\laragon\www\dapokalsel\chrome_profile
2025-10-26 14:40:29,835 - INFO - Menginisialisasi uc.Chrome()...
2025-10-26 14:40:35,726 - INFO - patching driver executable C:\laragon\www\dapokalsel\sekolah\~\appdata\roaming\undetected_chromedriver\undetected_chromedriver.exe
2025-10-26 14:40:35,804 - ERROR - GAGAL total saat setup driver: Binary Location Must be a String
Traceback (most recent call last):
  File "C:\laragon\www\dapokalsel\sekolah\import_url_kabupaten.pyw", line 80, in setup_driver
    driver = uc.Chrome(
  File "C:\laragon\bin\python\python-3.10\lib\site-packages\undetected_chromedriver\__init__.py", line 372, in __init__
    options.binary_location = (
  File "C:\laragon\bin\python\python-3.10\lib\site-packages\selenium\webdriver\chromium\options.py", line 52, in binary_location
    raise TypeError(self.BINARY_LOCATION_ERROR)
TypeError: Binary Location Must be a String
2025-10-26 14:40:35,804 - ERROR - Error pada percobaan 110: Gagal total setup driver. Cek log di atas.
Traceback (most recent call last):
  File "C:\laragon\www\dapokalsel\sekolah\import_url_kabupaten.pyw", line 285, in process_url_induk
    raise Exception("Gagal total setup driver. Cek log di atas.")
Exception: Gagal total setup driver. Cek log di atas.
2025-10-26 14:40:35,804 - INFO - Percobaan ulang 111/300...
2025-10-26 14:40:50,804 - INFO - Memulai setup driver...
2025-10-26 14:40:50,804 - INFO - Menggunakan User Data Directory: C:\laragon\www\dapokalsel\chrome_profile
2025-10-26 14:40:50,805 - INFO - Menginisialisasi uc.Chrome()...
2025-10-26 14:40:53,882 - INFO - patching driver executable C:\laragon\www\dapokalsel\sekolah\~\appdata\roaming\undetected_chromedriver\undetected_chromedriver.exe
2025-10-26 14:40:53,968 - ERROR - GAGAL total saat setup driver: Binary Location Must be a String
Traceback (most recent call last):
  File "C:\laragon\www\dapokalsel\sekolah\import_url_kabupaten.pyw", line 80, in setup_driver
    driver = uc.Chrome(
  File "C:\laragon\bin\python\python-3.10\lib\site-packages\undetected_chromedriver\__init__.py", line 372, in __init__
    options.binary_location = (
  File "C:\laragon\bin\python\python-3.10\lib\site-packages\selenium\webdriver\chromium\options.py", line 52, in binary_location
    raise TypeError(self.BINARY_LOCATION_ERROR)
TypeError: Binary Location Must be a String
2025-10-26 14:40:53,969 - ERROR - Error pada percobaan 111: Gagal total setup driver. Cek log di atas.
Traceback (most recent call last):
  File "C:\laragon\www\dapokalsel\sekolah\import_url_kabupaten.pyw", line 285, in process_url_induk
    raise Exception("Gagal total setup driver. Cek log di atas.")
Exception: Gagal total setup driver. Cek log di atas.
2025-10-26 14:40:53,969 - INFO - Percobaan ulang 112/300...
2025-10-26 14:41:08,969 - INFO - Memulai setup driver...
2025-10-26 14:41:08,969 - INFO - Menggunakan User Data Directory: C:\laragon\www\dapokalsel\chrome_profile
2025-10-26 14:41:08,970 - INFO - Menginisialisasi uc.Chrome()...
2025-10-26 14:41:12,082 - INFO - patching driver executable C:\laragon\www\dapokalsel\sekolah\~\appdata\roaming\undetected_chromedriver\undetected_chromedriver.exe
2025-10-26 14:41:12,163 - ERROR - GAGAL total saat setup driver: Binary Location Must be a String
Traceback (most recent call last):
  File "C:\laragon\www\dapokalsel\sekolah\import_url_kabupaten.pyw", line 80, in setup_driver
    driver = uc.Chrome(
  File "C:\laragon\bin\python\python-3.10\lib\site-packages\undetected_chromedriver\__init__.py", line 372, in __init__
    options.binary_location = (
  File "C:\laragon\bin\python\python-3.10\lib\site-packages\selenium\webdriver\chromium\options.py", line 52, in binary_location
    raise TypeError(self.BINARY_LOCATION_ERROR)
TypeError: Binary Location Must be a String
2025-10-26 14:41:12,163 - ERROR - Error pada percobaan 112: Gagal total setup driver. Cek log di atas.
Traceback (most recent call last):
  File "C:\laragon\www\dapokalsel\sekolah\import_url_kabupaten.pyw", line 285, in process_url_induk
    raise Exception("Gagal total setup driver. Cek log di atas.")
Exception: Gagal total setup driver. Cek log di atas.
2025-10-26 14:41:12,163 - INFO - Percobaan ulang 113/300...
2025-10-26 14:41:27,164 - INFO - Memulai setup driver...
2025-10-26 14:41:27,164 - INFO - Menggunakan User Data Directory: C:\laragon\www\dapokalsel\chrome_profile
2025-10-26 14:41:27,165 - INFO - Menginisialisasi uc.Chrome()...
2025-10-26 14:41:30,549 - INFO - patching driver executable C:\laragon\www\dapokalsel\sekolah\~\appdata\roaming\undetected_chromedriver\undetected_chromedriver.exe
2025-10-26 14:41:30,632 - ERROR - GAGAL total saat setup driver: Binary Location Must be a String
Traceback (most recent call last):
  File "C:\laragon\www\dapokalsel\sekolah\import_url_kabupaten.pyw", line 80, in setup_driver
    driver = uc.Chrome(
  File "C:\laragon\bin\python\python-3.10\lib\site-packages\undetected_chromedriver\__init__.py", line 372, in __init__
    options.binary_location = (
  File "C:\laragon\bin\python\python-3.10\lib\site-packages\selenium\webdriver\chromium\options.py", line 52, in binary_location
    raise TypeError(self.BINARY_LOCATION_ERROR)
TypeError: Binary Location Must be a String
2025-10-26 14:41:30,632 - ERROR - Error pada percobaan 113: Gagal total setup driver. Cek log di atas.
Traceback (most recent call last):
  File "C:\laragon\www\dapokalsel\sekolah\import_url_kabupaten.pyw", line 285, in process_url_induk
    raise Exception("Gagal total setup driver. Cek log di atas.")
Exception: Gagal total setup driver. Cek log di atas.
2025-10-26 14:41:30,632 - INFO - Percobaan ulang 114/300...
2025-10-26 14:41:45,647 - INFO - Memulai setup driver...
2025-10-26 14:41:45,647 - INFO - Menggunakan User Data Directory: C:\laragon\www\dapokalsel\chrome_profile
2025-10-26 14:41:45,647 - INFO - Menginisialisasi uc.Chrome()...
2025-10-26 14:41:48,538 - INFO - patching driver executable C:\laragon\www\dapokalsel\sekolah\~\appdata\roaming\undetected_chromedriver\undetected_chromedriver.exe
2025-10-26 14:41:48,600 - ERROR - GAGAL total saat setup driver: Binary Location Must be a String
Traceback (most recent call last):
  File "C:\laragon\www\dapokalsel\sekolah\import_url_kabupaten.pyw", line 80, in setup_driver
    driver = uc.Chrome(
  File "C:\laragon\bin\python\python-3.10\lib\site-packages\undetected_chromedriver\__init__.py", line 372, in __init__
    options.binary_location = (
  File "C:\laragon\bin\python\python-3.10\lib\site-packages\selenium\webdriver\chromium\options.py", line 52, in binary_location
    raise TypeError(self.BINARY_LOCATION_ERROR)
TypeError: Binary Location Must be a String
2025-10-26 14:41:48,600 - ERROR - Error pada percobaan 114: Gagal total setup driver. Cek log di atas.
Traceback (most recent call last):
  File "C:\laragon\www\dapokalsel\sekolah\import_url_kabupaten.pyw", line 285, in process_url_induk
    raise Exception("Gagal total setup driver. Cek log di atas.")
Exception: Gagal total setup driver. Cek log di atas.
2025-10-26 14:41:48,600 - INFO - Percobaan ulang 115/300...
2025-10-26 14:42:03,605 - INFO - Memulai setup driver...
2025-10-26 14:42:03,605 - INFO - Menggunakan User Data Directory: C:\laragon\www\dapokalsel\chrome_profile
2025-10-26 14:42:03,605 - INFO - Menginisialisasi uc.Chrome()...
2025-10-26 14:42:07,313 - INFO - patching driver executable C:\laragon\www\dapokalsel\sekolah\~\appdata\roaming\undetected_chromedriver\undetected_chromedriver.exe
2025-10-26 14:42:07,397 - ERROR - GAGAL total saat setup driver: Binary Location Must be a String
Traceback (most recent call last):
  File "C:\laragon\www\dapokalsel\sekolah\import_url_kabupaten.pyw", line 80, in setup_driver
    driver = uc.Chrome(
  File "C:\laragon\bin\python\python-3.10\lib\site-packages\undetected_chromedriver\__init__.py", line 372, in __init__
    options.binary_location = (
  File "C:\laragon\bin\python\python-3.10\lib\site-packages\selenium\webdriver\chromium\options.py", line 52, in binary_location
    raise TypeError(self.BINARY_LOCATION_ERROR)
TypeError: Binary Location Must be a String
2025-10-26 14:42:07,397 - ERROR - Error pada percobaan 115: Gagal total setup driver. Cek log di atas.
Traceback (most recent call last):
  File "C:\laragon\www\dapokalsel\sekolah\import_url_kabupaten.pyw", line 285, in process_url_induk
    raise Exception("Gagal total setup driver. Cek log di atas.")
Exception: Gagal total setup driver. Cek log di atas.
2025-10-26 14:42:07,397 - INFO - Percobaan ulang 116/300...
2025-10-26 14:42:22,413 - INFO - Memulai setup driver...
2025-10-26 14:42:22,413 - INFO - Menggunakan User Data Directory: C:\laragon\www\dapokalsel\chrome_profile
2025-10-26 14:42:22,413 - INFO - Menginisialisasi uc.Chrome()...
2025-10-26 14:42:25,335 - INFO - patching driver executable C:\laragon\www\dapokalsel\sekolah\~\appdata\roaming\undetected_chromedriver\undetected_chromedriver.exe
2025-10-26 14:42:25,397 - ERROR - GAGAL total saat setup driver: Binary Location Must be a String
Traceback (most recent call last):
  File "C:\laragon\www\dapokalsel\sekolah\import_url_kabupaten.pyw", line 80, in setup_driver
    driver = uc.Chrome(
  File "C:\laragon\bin\python\python-3.10\lib\site-packages\undetected_chromedriver\__init__.py", line 372, in __init__
    options.binary_location = (
  File "C:\laragon\bin\python\python-3.10\lib\site-packages\selenium\webdriver\chromium\options.py", line 52, in binary_location
    raise TypeError(self.BINARY_LOCATION_ERROR)
TypeError: Binary Location Must be a String
2025-10-26 14:42:25,397 - ERROR - Error pada percobaan 116: Gagal total setup driver. Cek log di atas.
Traceback (most recent call last):
  File "C:\laragon\www\dapokalsel\sekolah\import_url_kabupaten.pyw", line 285, in process_url_induk
    raise Exception("Gagal total setup driver. Cek log di atas.")
Exception: Gagal total setup driver. Cek log di atas.
2025-10-26 14:42:25,397 - INFO - Percobaan ulang 117/300...
2025-10-26 14:42:40,398 - INFO - Memulai setup driver...
2025-10-26 14:42:40,398 - INFO - Menggunakan User Data Directory: C:\laragon\www\dapokalsel\chrome_profile
2025-10-26 14:42:40,398 - INFO - Menginisialisasi uc.Chrome()...
2025-10-26 14:42:43,288 - INFO - patching driver executable C:\laragon\www\dapokalsel\sekolah\~\appdata\roaming\undetected_chromedriver\undetected_chromedriver.exe
2025-10-26 14:42:43,374 - ERROR - GAGAL total saat setup driver: Binary Location Must be a String
Traceback (most recent call last):
  File "C:\laragon\www\dapokalsel\sekolah\import_url_kabupaten.pyw", line 80, in setup_driver
    driver = uc.Chrome(
  File "C:\laragon\bin\python\python-3.10\lib\site-packages\undetected_chromedriver\__init__.py", line 372, in __init__
    options.binary_location = (
  File "C:\laragon\bin\python\python-3.10\lib\site-packages\selenium\webdriver\chromium\options.py", line 52, in binary_location
    raise TypeError(self.BINARY_LOCATION_ERROR)
TypeError: Binary Location Must be a String
2025-10-26 14:42:43,375 - ERROR - Error pada percobaan 117: Gagal total setup driver. Cek log di atas.
Traceback (most recent call last):
  File "C:\laragon\www\dapokalsel\sekolah\import_url_kabupaten.pyw", line 285, in process_url_induk
    raise Exception("Gagal total setup driver. Cek log di atas.")
Exception: Gagal total setup driver. Cek log di atas.
2025-10-26 14:42:43,375 - INFO - Percobaan ulang 118/300...
2025-10-26 14:42:58,375 - INFO - Memulai setup driver...
2025-10-26 14:42:58,375 - INFO - Menggunakan User Data Directory: C:\laragon\www\dapokalsel\chrome_profile
2025-10-26 14:42:58,375 - INFO - Menginisialisasi uc.Chrome()...
2025-10-26 14:43:01,240 - INFO - patching driver executable C:\laragon\www\dapokalsel\sekolah\~\appdata\roaming\undetected_chromedriver\undetected_chromedriver.exe
2025-10-26 14:43:01,320 - ERROR - GAGAL total saat setup driver: Binary Location Must be a String
Traceback (most recent call last):
  File "C:\laragon\www\dapokalsel\sekolah\import_url_kabupaten.pyw", line 80, in setup_driver
    driver = uc.Chrome(
  File "C:\laragon\bin\python\python-3.10\lib\site-packages\undetected_chromedriver\__init__.py", line 372, in __init__
    options.binary_location = (
  File "C:\laragon\bin\python\python-3.10\lib\site-packages\selenium\webdriver\chromium\options.py", line 52, in binary_location
    raise TypeError(self.BINARY_LOCATION_ERROR)
TypeError: Binary Location Must be a String
2025-10-26 14:43:01,320 - ERROR - Error pada percobaan 118: Gagal total setup driver. Cek log di atas.
Traceback (most recent call last):
  File "C:\laragon\www\dapokalsel\sekolah\import_url_kabupaten.pyw", line 285, in process_url_induk
    raise Exception("Gagal total setup driver. Cek log di atas.")
Exception: Gagal total setup driver. Cek log di atas.
2025-10-26 14:43:01,320 - INFO - Percobaan ulang 119/300...
2025-10-26 14:43:16,321 - INFO - Memulai setup driver...
2025-10-26 14:43:16,321 - INFO - Menggunakan User Data Directory: C:\laragon\www\dapokalsel\chrome_profile
2025-10-26 14:43:16,322 - INFO - Menginisialisasi uc.Chrome()...
2025-10-26 14:43:20,183 - INFO - patching driver executable C:\laragon\www\dapokalsel\sekolah\~\appdata\roaming\undetected_chromedriver\undetected_chromedriver.exe
2025-10-26 14:43:20,272 - ERROR - GAGAL total saat setup driver: Binary Location Must be a String
Traceback (most recent call last):
  File "C:\laragon\www\dapokalsel\sekolah\import_url_kabupaten.pyw", line 80, in setup_driver
    driver = uc.Chrome(
  File "C:\laragon\bin\python\python-3.10\lib\site-packages\undetected_chromedriver\__init__.py", line 372, in __init__
    options.binary_location = (
  File "C:\laragon\bin\python\python-3.10\lib\site-packages\selenium\webdriver\chromium\options.py", line 52, in binary_location
    raise TypeError(self.BINARY_LOCATION_ERROR)
TypeError: Binary Location Must be a String
2025-10-26 14:43:20,272 - ERROR - Error pada percobaan 119: Gagal total setup driver. Cek log di atas.
Traceback (most recent call last):
  File "C:\laragon\www\dapokalsel\sekolah\import_url_kabupaten.pyw", line 285, in process_url_induk
    raise Exception("Gagal total setup driver. Cek log di atas.")
Exception: Gagal total setup driver. Cek log di atas.
2025-10-26 14:43:20,272 - INFO - Percobaan ulang 120/300...
2025-10-26 14:43:35,288 - INFO - Memulai setup driver...
2025-10-26 14:43:35,288 - INFO - Menggunakan User Data Directory: C:\laragon\www\dapokalsel\chrome_profile
2025-10-26 14:43:35,288 - INFO - Menginisialisasi uc.Chrome()...
2025-10-26 14:43:38,194 - INFO - patching driver executable C:\laragon\www\dapokalsel\sekolah\~\appdata\roaming\undetected_chromedriver\undetected_chromedriver.exe
2025-10-26 14:43:38,288 - ERROR - GAGAL total saat setup driver: Binary Location Must be a String
Traceback (most recent call last):
  File "C:\laragon\www\dapokalsel\sekolah\import_url_kabupaten.pyw", line 80, in setup_driver
    driver = uc.Chrome(
  File "C:\laragon\bin\python\python-3.10\lib\site-packages\undetected_chromedriver\__init__.py", line 372, in __init__
    options.binary_location = (
  File "C:\laragon\bin\python\python-3.10\lib\site-packages\selenium\webdriver\chromium\options.py", line 52, in binary_location
    raise TypeError(self.BINARY_LOCATION_ERROR)
TypeError: Binary Location Must be a String
2025-10-26 14:43:38,288 - ERROR - Error pada percobaan 120: Gagal total setup driver. Cek log di atas.
Traceback (most recent call last):
  File "C:\laragon\www\dapokalsel\sekolah\import_url_kabupaten.pyw", line 285, in process_url_induk
    raise Exception("Gagal total setup driver. Cek log di atas.")
Exception: Gagal total setup driver. Cek log di atas.
2025-10-26 14:43:38,288 - INFO - Percobaan ulang 121/300...
2025-10-26 14:43:53,303 - INFO - Memulai setup driver...
2025-10-26 14:43:53,303 - INFO - Menggunakan User Data Directory: C:\laragon\www\dapokalsel\chrome_profile
2025-10-26 14:43:53,303 - INFO - Menginisialisasi uc.Chrome()...
2025-10-26 14:43:56,171 - INFO - patching driver executable C:\laragon\www\dapokalsel\sekolah\~\appdata\roaming\undetected_chromedriver\undetected_chromedriver.exe
2025-10-26 14:43:56,273 - ERROR - GAGAL total saat setup driver: Binary Location Must be a String
Traceback (most recent call last):
  File "C:\laragon\www\dapokalsel\sekolah\import_url_kabupaten.pyw", line 80, in setup_driver
    driver = uc.Chrome(
  File "C:\laragon\bin\python\python-3.10\lib\site-packages\undetected_chromedriver\__init__.py", line 372, in __init__
    options.binary_location = (
  File "C:\laragon\bin\python\python-3.10\lib\site-packages\selenium\webdriver\chromium\options.py", line 52, in binary_location
    raise TypeError(self.BINARY_LOCATION_ERROR)
TypeError: Binary Location Must be a String
2025-10-26 14:43:56,273 - ERROR - Error pada percobaan 121: Gagal total setup driver. Cek log di atas.
Traceback (most recent call last):
  File "C:\laragon\www\dapokalsel\sekolah\import_url_kabupaten.pyw", line 285, in process_url_induk
    raise Exception("Gagal total setup driver. Cek log di atas.")
Exception: Gagal total setup driver. Cek log di atas.
2025-10-26 14:43:56,273 - INFO - Percobaan ulang 122/300...
2025-10-26 14:44:11,288 - INFO - Memulai setup driver...
2025-10-26 14:44:11,288 - INFO - Menggunakan User Data Directory: C:\laragon\www\dapokalsel\chrome_profile
2025-10-26 14:44:11,288 - INFO - Menginisialisasi uc.Chrome()...
2025-10-26 14:44:14,663 - INFO - patching driver executable C:\laragon\www\dapokalsel\sekolah\~\appdata\roaming\undetected_chromedriver\undetected_chromedriver.exe
2025-10-26 14:44:14,756 - ERROR - GAGAL total saat setup driver: Binary Location Must be a String
Traceback (most recent call last):
  File "C:\laragon\www\dapokalsel\sekolah\import_url_kabupaten.pyw", line 80, in setup_driver
    driver = uc.Chrome(
  File "C:\laragon\bin\python\python-3.10\lib\site-packages\undetected_chromedriver\__init__.py", line 372, in __init__
    options.binary_location = (
  File "C:\laragon\bin\python\python-3.10\lib\site-packages\selenium\webdriver\chromium\options.py", line 52, in binary_location
    raise TypeError(self.BINARY_LOCATION_ERROR)
TypeError: Binary Location Must be a String
2025-10-26 14:44:14,756 - ERROR - Error pada percobaan 122: Gagal total setup driver. Cek log di atas.
Traceback (most recent call last):
  File "C:\laragon\www\dapokalsel\sekolah\import_url_kabupaten.pyw", line 285, in process_url_induk
    raise Exception("Gagal total setup driver. Cek log di atas.")
Exception: Gagal total setup driver. Cek log di atas.
2025-10-26 14:44:14,756 - INFO - Percobaan ulang 123/300...
2025-10-26 14:44:29,757 - INFO - Memulai setup driver...
2025-10-26 14:44:29,757 - INFO - Menggunakan User Data Directory: C:\laragon\www\dapokalsel\chrome_profile
2025-10-26 14:44:29,757 - INFO - Menginisialisasi uc.Chrome()...
2025-10-26 14:44:32,835 - INFO - patching driver executable C:\laragon\www\dapokalsel\sekolah\~\appdata\roaming\undetected_chromedriver\undetected_chromedriver.exe
2025-10-26 14:44:32,913 - ERROR - GAGAL total saat setup driver: Binary Location Must be a String
Traceback (most recent call last):
  File "C:\laragon\www\dapokalsel\sekolah\import_url_kabupaten.pyw", line 80, in setup_driver
    driver = uc.Chrome(
  File "C:\laragon\bin\python\python-3.10\lib\site-packages\undetected_chromedriver\__init__.py", line 372, in __init__
    options.binary_location = (
  File "C:\laragon\bin\python\python-3.10\lib\site-packages\selenium\webdriver\chromium\options.py", line 52, in binary_location
    raise TypeError(self.BINARY_LOCATION_ERROR)
TypeError: Binary Location Must be a String
2025-10-26 14:44:32,913 - ERROR - Error pada percobaan 123: Gagal total setup driver. Cek log di atas.
Traceback (most recent call last):
  File "C:\laragon\www\dapokalsel\sekolah\import_url_kabupaten.pyw", line 285, in process_url_induk
    raise Exception("Gagal total setup driver. Cek log di atas.")
Exception: Gagal total setup driver. Cek log di atas.
2025-10-26 14:44:32,913 - INFO - Percobaan ulang 124/300...
2025-10-26 14:44:47,913 - INFO - Memulai setup driver...
2025-10-26 14:44:47,913 - INFO - Menggunakan User Data Directory: C:\laragon\www\dapokalsel\chrome_profile
2025-10-26 14:44:47,913 - INFO - Menginisialisasi uc.Chrome()...
2025-10-26 14:44:51,483 - INFO - patching driver executable C:\laragon\www\dapokalsel\sekolah\~\appdata\roaming\undetected_chromedriver\undetected_chromedriver.exe
2025-10-26 14:44:51,569 - ERROR - GAGAL total saat setup driver: Binary Location Must be a String
Traceback (most recent call last):
  File "C:\laragon\www\dapokalsel\sekolah\import_url_kabupaten.pyw", line 80, in setup_driver
    driver = uc.Chrome(
  File "C:\laragon\bin\python\python-3.10\lib\site-packages\undetected_chromedriver\__init__.py", line 372, in __init__
    options.binary_location = (
  File "C:\laragon\bin\python\python-3.10\lib\site-packages\selenium\webdriver\chromium\options.py", line 52, in binary_location
    raise TypeError(self.BINARY_LOCATION_ERROR)
TypeError: Binary Location Must be a String
2025-10-26 14:44:51,569 - ERROR - Error pada percobaan 124: Gagal total setup driver. Cek log di atas.
Traceback (most recent call last):
  File "C:\laragon\www\dapokalsel\sekolah\import_url_kabupaten.pyw", line 285, in process_url_induk
    raise Exception("Gagal total setup driver. Cek log di atas.")
Exception: Gagal total setup driver. Cek log di atas.
2025-10-26 14:44:51,569 - INFO - Percobaan ulang 125/300...
2025-10-26 14:45:06,570 - INFO - Memulai setup driver...
2025-10-26 14:45:06,570 - INFO - Menggunakan User Data Directory: C:\laragon\www\dapokalsel\chrome_profile
2025-10-26 14:45:06,571 - INFO - Menginisialisasi uc.Chrome()...
2025-10-26 14:45:09,944 - INFO - patching driver executable C:\laragon\www\dapokalsel\sekolah\~\appdata\roaming\undetected_chromedriver\undetected_chromedriver.exe
2025-10-26 14:45:10,006 - ERROR - GAGAL total saat setup driver: Binary Location Must be a String
Traceback (most recent call last):
  File "C:\laragon\www\dapokalsel\sekolah\import_url_kabupaten.pyw", line 80, in setup_driver
    driver = uc.Chrome(
  File "C:\laragon\bin\python\python-3.10\lib\site-packages\undetected_chromedriver\__init__.py", line 372, in __init__
    options.binary_location = (
  File "C:\laragon\bin\python\python-3.10\lib\site-packages\selenium\webdriver\chromium\options.py", line 52, in binary_location
    raise TypeError(self.BINARY_LOCATION_ERROR)
TypeError: Binary Location Must be a String
2025-10-26 14:45:10,006 - ERROR - Error pada percobaan 125: Gagal total setup driver. Cek log di atas.
Traceback (most recent call last):
  File "C:\laragon\www\dapokalsel\sekolah\import_url_kabupaten.pyw", line 285, in process_url_induk
    raise Exception("Gagal total setup driver. Cek log di atas.")
Exception: Gagal total setup driver. Cek log di atas.
2025-10-26 14:45:10,006 - INFO - Percobaan ulang 126/300...
2025-10-26 14:45:25,022 - INFO - Memulai setup driver...
2025-10-26 14:45:25,022 - INFO - Menggunakan User Data Directory: C:\laragon\www\dapokalsel\chrome_profile
2025-10-26 14:45:25,022 - INFO - Menginisialisasi uc.Chrome()...
2025-10-26 14:45:30,694 - INFO - patching driver executable C:\laragon\www\dapokalsel\sekolah\~\appdata\roaming\undetected_chromedriver\undetected_chromedriver.exe
2025-10-26 14:45:30,773 - ERROR - GAGAL total saat setup driver: Binary Location Must be a String
Traceback (most recent call last):
  File "C:\laragon\www\dapokalsel\sekolah\import_url_kabupaten.pyw", line 80, in setup_driver
    driver = uc.Chrome(
  File "C:\laragon\bin\python\python-3.10\lib\site-packages\undetected_chromedriver\__init__.py", line 372, in __init__
    options.binary_location = (
  File "C:\laragon\bin\python\python-3.10\lib\site-packages\selenium\webdriver\chromium\options.py", line 52, in binary_location
    raise TypeError(self.BINARY_LOCATION_ERROR)
TypeError: Binary Location Must be a String
2025-10-26 14:45:30,774 - ERROR - Error pada percobaan 126: Gagal total setup driver. Cek log di atas.
Traceback (most recent call last):
  File "C:\laragon\www\dapokalsel\sekolah\import_url_kabupaten.pyw", line 285, in process_url_induk
    raise Exception("Gagal total setup driver. Cek log di atas.")
Exception: Gagal total setup driver. Cek log di atas.
2025-10-26 14:45:30,774 - INFO - Percobaan ulang 127/300...
2025-10-26 14:45:45,788 - INFO - Memulai setup driver...
2025-10-26 14:45:45,788 - INFO - Menggunakan User Data Directory: C:\laragon\www\dapokalsel\chrome_profile
2025-10-26 14:45:45,788 - INFO - Menginisialisasi uc.Chrome()...
2025-10-26 14:45:49,554 - INFO - patching driver executable C:\laragon\www\dapokalsel\sekolah\~\appdata\roaming\undetected_chromedriver\undetected_chromedriver.exe
2025-10-26 14:45:49,632 - ERROR - GAGAL total saat setup driver: Binary Location Must be a String
Traceback (most recent call last):
  File "C:\laragon\www\dapokalsel\sekolah\import_url_kabupaten.pyw", line 80, in setup_driver
    driver = uc.Chrome(
  File "C:\laragon\bin\python\python-3.10\lib\site-packages\undetected_chromedriver\__init__.py", line 372, in __init__
    options.binary_location = (
  File "C:\laragon\bin\python\python-3.10\lib\site-packages\selenium\webdriver\chromium\options.py", line 52, in binary_location
    raise TypeError(self.BINARY_LOCATION_ERROR)
TypeError: Binary Location Must be a String
2025-10-26 14:45:49,632 - ERROR - Error pada percobaan 127: Gagal total setup driver. Cek log di atas.
Traceback (most recent call last):
  File "C:\laragon\www\dapokalsel\sekolah\import_url_kabupaten.pyw", line 285, in process_url_induk
    raise Exception("Gagal total setup driver. Cek log di atas.")
Exception: Gagal total setup driver. Cek log di atas.
2025-10-26 14:45:49,632 - INFO - Percobaan ulang 128/300...
2025-10-26 14:46:04,647 - INFO - Memulai setup driver...
2025-10-26 14:46:04,647 - INFO - Menggunakan User Data Directory: C:\laragon\www\dapokalsel\chrome_profile
2025-10-26 14:46:04,647 - INFO - Menginisialisasi uc.Chrome()...
2025-10-26 14:46:07,771 - INFO - patching driver executable C:\laragon\www\dapokalsel\sekolah\~\appdata\roaming\undetected_chromedriver\undetected_chromedriver.exe
2025-10-26 14:46:07,866 - ERROR - GAGAL total saat setup driver: Binary Location Must be a String
Traceback (most recent call last):
  File "C:\laragon\www\dapokalsel\sekolah\import_url_kabupaten.pyw", line 80, in setup_driver
    driver = uc.Chrome(
  File "C:\laragon\bin\python\python-3.10\lib\site-packages\undetected_chromedriver\__init__.py", line 372, in __init__
    options.binary_location = (
  File "C:\laragon\bin\python\python-3.10\lib\site-packages\selenium\webdriver\chromium\options.py", line 52, in binary_location
    raise TypeError(self.BINARY_LOCATION_ERROR)
TypeError: Binary Location Must be a String
2025-10-26 14:46:07,866 - ERROR - Error pada percobaan 128: Gagal total setup driver. Cek log di atas.
Traceback (most recent call last):
  File "C:\laragon\www\dapokalsel\sekolah\import_url_kabupaten.pyw", line 285, in process_url_induk
    raise Exception("Gagal total setup driver. Cek log di atas.")
Exception: Gagal total setup driver. Cek log di atas.
2025-10-26 14:46:07,866 - INFO - Percobaan ulang 129/300...
2025-10-26 14:46:22,882 - INFO - Memulai setup driver...
2025-10-26 14:46:22,882 - INFO - Menggunakan User Data Directory: C:\laragon\www\dapokalsel\chrome_profile
2025-10-26 14:46:22,882 - INFO - Menginisialisasi uc.Chrome()...
2025-10-26 14:46:26,022 - INFO - patching driver executable C:\laragon\www\dapokalsel\sekolah\~\appdata\roaming\undetected_chromedriver\undetected_chromedriver.exe
2025-10-26 14:46:26,110 - ERROR - GAGAL total saat setup driver: Binary Location Must be a String
Traceback (most recent call last):
  File "C:\laragon\www\dapokalsel\sekolah\import_url_kabupaten.pyw", line 80, in setup_driver
    driver = uc.Chrome(
  File "C:\laragon\bin\python\python-3.10\lib\site-packages\undetected_chromedriver\__init__.py", line 372, in __init__
    options.binary_location = (
  File "C:\laragon\bin\python\python-3.10\lib\site-packages\selenium\webdriver\chromium\options.py", line 52, in binary_location
    raise TypeError(self.BINARY_LOCATION_ERROR)
TypeError: Binary Location Must be a String
2025-10-26 14:46:26,110 - ERROR - Error pada percobaan 129: Gagal total setup driver. Cek log di atas.
Traceback (most recent call last):
  File "C:\laragon\www\dapokalsel\sekolah\import_url_kabupaten.pyw", line 285, in process_url_induk
    raise Exception("Gagal total setup driver. Cek log di atas.")
Exception: Gagal total setup driver. Cek log di atas.
2025-10-26 14:46:26,110 - INFO - Percobaan ulang 130/300...
2025-10-26 14:46:41,125 - INFO - Memulai setup driver...
2025-10-26 14:46:41,125 - INFO - Menggunakan User Data Directory: C:\laragon\www\dapokalsel\chrome_profile
2025-10-26 14:46:41,125 - INFO - Menginisialisasi uc.Chrome()...
2025-10-26 14:46:44,051 - INFO - patching driver executable C:\laragon\www\dapokalsel\sekolah\~\appdata\roaming\undetected_chromedriver\undetected_chromedriver.exe
2025-10-26 14:46:44,133 - ERROR - GAGAL total saat setup driver: Binary Location Must be a String
Traceback (most recent call last):
  File "C:\laragon\www\dapokalsel\sekolah\import_url_kabupaten.pyw", line 80, in setup_driver
    driver = uc.Chrome(
  File "C:\laragon\bin\python\python-3.10\lib\site-packages\undetected_chromedriver\__init__.py", line 372, in __init__
    options.binary_location = (
  File "C:\laragon\bin\python\python-3.10\lib\site-packages\selenium\webdriver\chromium\options.py", line 52, in binary_location
    raise TypeError(self.BINARY_LOCATION_ERROR)
TypeError: Binary Location Must be a String
2025-10-26 14:46:44,134 - ERROR - Error pada percobaan 130: Gagal total setup driver. Cek log di atas.
Traceback (most recent call last):
  File "C:\laragon\www\dapokalsel\sekolah\import_url_kabupaten.pyw", line 285, in process_url_induk
    raise Exception("Gagal total setup driver. Cek log di atas.")
Exception: Gagal total setup driver. Cek log di atas.
2025-10-26 14:46:44,135 - INFO - Percobaan ulang 131/300...
2025-10-26 14:46:59,136 - INFO - Memulai setup driver...
2025-10-26 14:46:59,136 - INFO - Menggunakan User Data Directory: C:\laragon\www\dapokalsel\chrome_profile
2025-10-26 14:46:59,136 - INFO - Menginisialisasi uc.Chrome()...
2025-10-26 14:47:03,077 - INFO - patching driver executable C:\laragon\www\dapokalsel\sekolah\~\appdata\roaming\undetected_chromedriver\undetected_chromedriver.exe
2025-10-26 14:47:03,155 - ERROR - GAGAL total saat setup driver: Binary Location Must be a String
Traceback (most recent call last):
  File "C:\laragon\www\dapokalsel\sekolah\import_url_kabupaten.pyw", line 80, in setup_driver
    driver = uc.Chrome(
  File "C:\laragon\bin\python\python-3.10\lib\site-packages\undetected_chromedriver\__init__.py", line 372, in __init__
    options.binary_location = (
  File "C:\laragon\bin\python\python-3.10\lib\site-packages\selenium\webdriver\chromium\options.py", line 52, in binary_location
    raise TypeError(self.BINARY_LOCATION_ERROR)
TypeError: Binary Location Must be a String
2025-10-26 14:47:03,155 - ERROR - Error pada percobaan 131: Gagal total setup driver. Cek log di atas.
Traceback (most recent call last):
  File "C:\laragon\www\dapokalsel\sekolah\import_url_kabupaten.pyw", line 285, in process_url_induk
    raise Exception("Gagal total setup driver. Cek log di atas.")
Exception: Gagal total setup driver. Cek log di atas.
2025-10-26 14:47:03,155 - INFO - Percobaan ulang 132/300...
2025-10-26 14:47:18,163 - INFO - Memulai setup driver...
2025-10-26 14:47:18,163 - INFO - Menggunakan User Data Directory: C:\laragon\www\dapokalsel\chrome_profile
2025-10-26 14:47:18,163 - INFO - Menginisialisasi uc.Chrome()...
2025-10-26 14:47:21,491 - INFO - patching driver executable C:\laragon\www\dapokalsel\sekolah\~\appdata\roaming\undetected_chromedriver\undetected_chromedriver.exe
2025-10-26 14:47:21,569 - ERROR - GAGAL total saat setup driver: Binary Location Must be a String
Traceback (most recent call last):
  File "C:\laragon\www\dapokalsel\sekolah\import_url_kabupaten.pyw", line 80, in setup_driver
    driver = uc.Chrome(
  File "C:\laragon\bin\python\python-3.10\lib\site-packages\undetected_chromedriver\__init__.py", line 372, in __init__
    options.binary_location = (
  File "C:\laragon\bin\python\python-3.10\lib\site-packages\selenium\webdriver\chromium\options.py", line 52, in binary_location
    raise TypeError(self.BINARY_LOCATION_ERROR)
TypeError: Binary Location Must be a String
2025-10-26 14:47:21,569 - ERROR - Error pada percobaan 132: Gagal total setup driver. Cek log di atas.
Traceback (most recent call last):
  File "C:\laragon\www\dapokalsel\sekolah\import_url_kabupaten.pyw", line 285, in process_url_induk
    raise Exception("Gagal total setup driver. Cek log di atas.")
Exception: Gagal total setup driver. Cek log di atas.
2025-10-26 14:47:21,569 - INFO - Percobaan ulang 133/300...
2025-10-26 14:47:36,585 - INFO - Memulai setup driver...
2025-10-26 14:47:36,585 - INFO - Menggunakan User Data Directory: C:\laragon\www\dapokalsel\chrome_profile
2025-10-26 14:47:36,585 - INFO - Menginisialisasi uc.Chrome()...
2025-10-26 14:47:39,710 - INFO - patching driver executable C:\laragon\www\dapokalsel\sekolah\~\appdata\roaming\undetected_chromedriver\undetected_chromedriver.exe
2025-10-26 14:47:39,788 - ERROR - GAGAL total saat setup driver: Binary Location Must be a String
Traceback (most recent call last):
  File "C:\laragon\www\dapokalsel\sekolah\import_url_kabupaten.pyw", line 80, in setup_driver
    driver = uc.Chrome(
  File "C:\laragon\bin\python\python-3.10\lib\site-packages\undetected_chromedriver\__init__.py", line 372, in __init__
    options.binary_location = (
  File "C:\laragon\bin\python\python-3.10\lib\site-packages\selenium\webdriver\chromium\options.py", line 52, in binary_location
    raise TypeError(self.BINARY_LOCATION_ERROR)
TypeError: Binary Location Must be a String
2025-10-26 14:47:39,788 - ERROR - Error pada percobaan 133: Gagal total setup driver. Cek log di atas.
Traceback (most recent call last):
  File "C:\laragon\www\dapokalsel\sekolah\import_url_kabupaten.pyw", line 285, in process_url_induk
    raise Exception("Gagal total setup driver. Cek log di atas.")
Exception: Gagal total setup driver. Cek log di atas.
2025-10-26 14:47:39,788 - INFO - Percobaan ulang 134/300...
2025-10-26 14:47:54,803 - INFO - Memulai setup driver...
2025-10-26 14:47:54,803 - INFO - Menggunakan User Data Directory: C:\laragon\www\dapokalsel\chrome_profile
2025-10-26 14:47:54,803 - INFO - Menginisialisasi uc.Chrome()...
2025-10-26 14:48:03,890 - ERROR - GAGAL total saat setup driver: [WinError 183] Cannot create a file when that file already exists: 'C:\\laragon\\www\\dapokalsel\\sekolah\\~\\appdata\\roaming\\undetected_chromedriver\\undetected\\chromedriver-win32\\chromedriver.exe' -> 'C:\\laragon\\www\\dapokalsel\\sekolah\\~\\appdata\\roaming\\undetected_chromedriver\\undetected_chromedriver.exe'
Traceback (most recent call last):
  File "C:\laragon\www\dapokalsel\sekolah\import_url_kabupaten.pyw", line 80, in setup_driver
    driver = uc.Chrome(
  File "C:\laragon\bin\python\python-3.10\lib\site-packages\undetected_chromedriver\__init__.py", line 258, in __init__
    self.patcher.auto()
  File "C:\laragon\bin\python\python-3.10\lib\site-packages\undetected_chromedriver\patcher.py", line 178, in auto
    self.unzip_package(self.fetch_package())
  File "C:\laragon\bin\python\python-3.10\lib\site-packages\undetected_chromedriver\patcher.py", line 310, in unzip_package
    os.rename(os.path.join(self.zip_path, exe_path), self.executable_path)
FileExistsError: [WinError 183] Cannot create a file when that file already exists: 'C:\\laragon\\www\\dapokalsel\\sekolah\\~\\appdata\\roaming\\undetected_chromedriver\\undetected\\chromedriver-win32\\chromedriver.exe' -> 'C:\\laragon\\www\\dapokalsel\\sekolah\\~\\appdata\\roaming\\undetected_chromedriver\\undetected_chromedriver.exe'
2025-10-26 14:48:03,914 - ERROR - Error pada percobaan 134: Gagal total setup driver. Cek log di atas.
Traceback (most recent call last):
  File "C:\laragon\www\dapokalsel\sekolah\import_url_kabupaten.pyw", line 285, in process_url_induk
    raise Exception("Gagal total setup driver. Cek log di atas.")
Exception: Gagal total setup driver. Cek log di atas.
2025-10-26 14:48:03,914 - INFO - Percobaan ulang 135/300...
2025-10-26 14:48:18,929 - INFO - Memulai setup driver...
2025-10-26 14:48:18,929 - INFO - Menggunakan User Data Directory: C:\laragon\www\dapokalsel\chrome_profile
2025-10-26 14:48:18,929 - INFO - Menginisialisasi uc.Chrome()...
2025-10-26 14:48:24,054 - INFO - patching driver executable C:\laragon\www\dapokalsel\sekolah\~\appdata\roaming\undetected_chromedriver\undetected_chromedriver.exe
2025-10-26 14:48:24,134 - ERROR - GAGAL total saat setup driver: Binary Location Must be a String
Traceback (most recent call last):
  File "C:\laragon\www\dapokalsel\sekolah\import_url_kabupaten.pyw", line 80, in setup_driver
    driver = uc.Chrome(
  File "C:\laragon\bin\python\python-3.10\lib\site-packages\undetected_chromedriver\__init__.py", line 372, in __init__
    options.binary_location = (
  File "C:\laragon\bin\python\python-3.10\lib\site-packages\selenium\webdriver\chromium\options.py", line 52, in binary_location
    raise TypeError(self.BINARY_LOCATION_ERROR)
TypeError: Binary Location Must be a String
2025-10-26 14:48:24,135 - ERROR - Error pada percobaan 135: Gagal total setup driver. Cek log di atas.
Traceback (most recent call last):
  File "C:\laragon\www\dapokalsel\sekolah\import_url_kabupaten.pyw", line 285, in process_url_induk
    raise Exception("Gagal total setup driver. Cek log di atas.")
Exception: Gagal total setup driver. Cek log di atas.
2025-10-26 14:48:24,135 - INFO - Percobaan ulang 136/300...
2025-10-26 14:48:39,135 - INFO - Memulai setup driver...
2025-10-26 14:48:39,135 - INFO - Menggunakan User Data Directory: C:\laragon\www\dapokalsel\chrome_profile
2025-10-26 14:48:39,135 - INFO - Menginisialisasi uc.Chrome()...
2025-10-26 14:48:42,772 - INFO - patching driver executable C:\laragon\www\dapokalsel\sekolah\~\appdata\roaming\undetected_chromedriver\undetected_chromedriver.exe
2025-10-26 14:48:42,850 - ERROR - GAGAL total saat setup driver: Binary Location Must be a String
Traceback (most recent call last):
  File "C:\laragon\www\dapokalsel\sekolah\import_url_kabupaten.pyw", line 80, in setup_driver
    driver = uc.Chrome(
  File "C:\laragon\bin\python\python-3.10\lib\site-packages\undetected_chromedriver\__init__.py", line 372, in __init__
    options.binary_location = (
  File "C:\laragon\bin\python\python-3.10\lib\site-packages\selenium\webdriver\chromium\options.py", line 52, in binary_location
    raise TypeError(self.BINARY_LOCATION_ERROR)
TypeError: Binary Location Must be a String
2025-10-26 14:48:42,866 - ERROR - Error pada percobaan 136: Gagal total setup driver. Cek log di atas.
Traceback (most recent call last):
  File "C:\laragon\www\dapokalsel\sekolah\import_url_kabupaten.pyw", line 285, in process_url_induk
    raise Exception("Gagal total setup driver. Cek log di atas.")
Exception: Gagal total setup driver. Cek log di atas.
2025-10-26 14:48:42,866 - INFO - Percobaan ulang 137/300...
2025-10-26 14:48:57,867 - INFO - Memulai setup driver...
2025-10-26 14:48:57,867 - INFO - Menggunakan User Data Directory: C:\laragon\www\dapokalsel\chrome_profile
2025-10-26 14:48:57,867 - INFO - Menginisialisasi uc.Chrome()...
2025-10-26 14:49:01,476 - INFO - patching driver executable C:\laragon\www\dapokalsel\sekolah\~\appdata\roaming\undetected_chromedriver\undetected_chromedriver.exe
2025-10-26 14:49:01,554 - ERROR - GAGAL total saat setup driver: Binary Location Must be a String
Traceback (most recent call last):
  File "C:\laragon\www\dapokalsel\sekolah\import_url_kabupaten.pyw", line 80, in setup_driver
    driver = uc.Chrome(
  File "C:\laragon\bin\python\python-3.10\lib\site-packages\undetected_chromedriver\__init__.py", line 372, in __init__
    options.binary_location = (
  File "C:\laragon\bin\python\python-3.10\lib\site-packages\selenium\webdriver\chromium\options.py", line 52, in binary_location
    raise TypeError(self.BINARY_LOCATION_ERROR)
TypeError: Binary Location Must be a String
2025-10-26 14:49:01,554 - ERROR - Error pada percobaan 137: Gagal total setup driver. Cek log di atas.
Traceback (most recent call last):
  File "C:\laragon\www\dapokalsel\sekolah\import_url_kabupaten.pyw", line 285, in process_url_induk
    raise Exception("Gagal total setup driver. Cek log di atas.")
Exception: Gagal total setup driver. Cek log di atas.
2025-10-26 14:49:01,554 - INFO - Percobaan ulang 138/300...
2025-10-26 14:49:16,554 - INFO - Memulai setup driver...
2025-10-26 14:49:16,554 - INFO - Menggunakan User Data Directory: C:\laragon\www\dapokalsel\chrome_profile
2025-10-26 14:49:16,554 - INFO - Menginisialisasi uc.Chrome()...
2025-10-26 14:49:19,725 - INFO - patching driver executable C:\laragon\www\dapokalsel\sekolah\~\appdata\roaming\undetected_chromedriver\undetected_chromedriver.exe
2025-10-26 14:49:19,803 - ERROR - GAGAL total saat setup driver: Binary Location Must be a String
Traceback (most recent call last):
  File "C:\laragon\www\dapokalsel\sekolah\import_url_kabupaten.pyw", line 80, in setup_driver
    driver = uc.Chrome(
  File "C:\laragon\bin\python\python-3.10\lib\site-packages\undetected_chromedriver\__init__.py", line 372, in __init__
    options.binary_location = (
  File "C:\laragon\bin\python\python-3.10\lib\site-packages\selenium\webdriver\chromium\options.py", line 52, in binary_location
    raise TypeError(self.BINARY_LOCATION_ERROR)
TypeError: Binary Location Must be a String
2025-10-26 14:49:19,803 - ERROR - Error pada percobaan 138: Gagal total setup driver. Cek log di atas.
Traceback (most recent call last):
  File "C:\laragon\www\dapokalsel\sekolah\import_url_kabupaten.pyw", line 285, in process_url_induk
    raise Exception("Gagal total setup driver. Cek log di atas.")
Exception: Gagal total setup driver. Cek log di atas.
2025-10-26 14:49:19,803 - INFO - Percobaan ulang 139/300...
2025-10-26 14:49:34,804 - INFO - Memulai setup driver...
2025-10-26 14:49:34,804 - INFO - Menggunakan User Data Directory: C:\laragon\www\dapokalsel\chrome_profile
2025-10-26 14:49:34,804 - INFO - Menginisialisasi uc.Chrome()...
2025-10-26 14:49:37,976 - INFO - patching driver executable C:\laragon\www\dapokalsel\sekolah\~\appdata\roaming\undetected_chromedriver\undetected_chromedriver.exe
2025-10-26 14:49:38,054 - ERROR - GAGAL total saat setup driver: Binary Location Must be a String
Traceback (most recent call last):
  File "C:\laragon\www\dapokalsel\sekolah\import_url_kabupaten.pyw", line 80, in setup_driver
    driver = uc.Chrome(
  File "C:\laragon\bin\python\python-3.10\lib\site-packages\undetected_chromedriver\__init__.py", line 372, in __init__
    options.binary_location = (
  File "C:\laragon\bin\python\python-3.10\lib\site-packages\selenium\webdriver\chromium\options.py", line 52, in binary_location
    raise TypeError(self.BINARY_LOCATION_ERROR)
TypeError: Binary Location Must be a String
2025-10-26 14:49:38,054 - ERROR - Error pada percobaan 139: Gagal total setup driver. Cek log di atas.
Traceback (most recent call last):
  File "C:\laragon\www\dapokalsel\sekolah\import_url_kabupaten.pyw", line 285, in process_url_induk
    raise Exception("Gagal total setup driver. Cek log di atas.")
Exception: Gagal total setup driver. Cek log di atas.
2025-10-26 14:49:38,054 - INFO - Percobaan ulang 140/300...
2025-10-26 14:49:53,066 - INFO - Memulai setup driver...
2025-10-26 14:49:53,066 - INFO - Menggunakan User Data Directory: C:\laragon\www\dapokalsel\chrome_profile
2025-10-26 14:49:53,066 - INFO - Menginisialisasi uc.Chrome()...
2025-10-26 14:49:56,569 - INFO - patching driver executable C:\laragon\www\dapokalsel\sekolah\~\appdata\roaming\undetected_chromedriver\undetected_chromedriver.exe
2025-10-26 14:49:56,663 - ERROR - GAGAL total saat setup driver: Binary Location Must be a String
Traceback (most recent call last):
  File "C:\laragon\www\dapokalsel\sekolah\import_url_kabupaten.pyw", line 80, in setup_driver
    driver = uc.Chrome(
  File "C:\laragon\bin\python\python-3.10\lib\site-packages\undetected_chromedriver\__init__.py", line 372, in __init__
    options.binary_location = (
  File "C:\laragon\bin\python\python-3.10\lib\site-packages\selenium\webdriver\chromium\options.py", line 52, in binary_location
    raise TypeError(self.BINARY_LOCATION_ERROR)
TypeError: Binary Location Must be a String
2025-10-26 14:49:56,663 - ERROR - Error pada percobaan 140: Gagal total setup driver. Cek log di atas.
Traceback (most recent call last):
  File "C:\laragon\www\dapokalsel\sekolah\import_url_kabupaten.pyw", line 285, in process_url_induk
    raise Exception("Gagal total setup driver. Cek log di atas.")
Exception: Gagal total setup driver. Cek log di atas.
2025-10-26 14:49:56,663 - INFO - Percobaan ulang 141/300...
2025-10-26 14:50:11,663 - INFO - Memulai setup driver...
2025-10-26 14:50:11,663 - INFO - Menggunakan User Data Directory: C:\laragon\www\dapokalsel\chrome_profile
2025-10-26 14:50:11,663 - INFO - Menginisialisasi uc.Chrome()...
2025-10-26 14:50:14,834 - INFO - patching driver executable C:\laragon\www\dapokalsel\sekolah\~\appdata\roaming\undetected_chromedriver\undetected_chromedriver.exe
2025-10-26 14:50:14,913 - ERROR - GAGAL total saat setup driver: Binary Location Must be a String
Traceback (most recent call last):
  File "C:\laragon\www\dapokalsel\sekolah\import_url_kabupaten.pyw", line 80, in setup_driver
    driver = uc.Chrome(
  File "C:\laragon\bin\python\python-3.10\lib\site-packages\undetected_chromedriver\__init__.py", line 372, in __init__
    options.binary_location = (
  File "C:\laragon\bin\python\python-3.10\lib\site-packages\selenium\webdriver\chromium\options.py", line 52, in binary_location
    raise TypeError(self.BINARY_LOCATION_ERROR)
TypeError: Binary Location Must be a String
2025-10-26 14:50:14,913 - ERROR - Error pada percobaan 141: Gagal total setup driver. Cek log di atas.
Traceback (most recent call last):
  File "C:\laragon\www\dapokalsel\sekolah\import_url_kabupaten.pyw", line 285, in process_url_induk
    raise Exception("Gagal total setup driver. Cek log di atas.")
Exception: Gagal total setup driver. Cek log di atas.
2025-10-26 14:50:14,913 - INFO - Percobaan ulang 142/300...
2025-10-26 14:50:29,914 - INFO - Memulai setup driver...
2025-10-26 14:50:29,914 - INFO - Menggunakan User Data Directory: C:\laragon\www\dapokalsel\chrome_profile
2025-10-26 14:50:29,914 - INFO - Menginisialisasi uc.Chrome()...
2025-10-26 14:50:32,803 - INFO - patching driver executable C:\laragon\www\dapokalsel\sekolah\~\appdata\roaming\undetected_chromedriver\undetected_chromedriver.exe
2025-10-26 14:50:32,885 - ERROR - GAGAL total saat setup driver: Binary Location Must be a String
Traceback (most recent call last):
  File "C:\laragon\www\dapokalsel\sekolah\import_url_kabupaten.pyw", line 80, in setup_driver
    driver = uc.Chrome(
  File "C:\laragon\bin\python\python-3.10\lib\site-packages\undetected_chromedriver\__init__.py", line 372, in __init__
    options.binary_location = (
  File "C:\laragon\bin\python\python-3.10\lib\site-packages\selenium\webdriver\chromium\options.py", line 52, in binary_location
    raise TypeError(self.BINARY_LOCATION_ERROR)
TypeError: Binary Location Must be a String
2025-10-26 14:50:32,886 - ERROR - Error pada percobaan 142: Gagal total setup driver. Cek log di atas.
Traceback (most recent call last):
  File "C:\laragon\www\dapokalsel\sekolah\import_url_kabupaten.pyw", line 285, in process_url_induk
    raise Exception("Gagal total setup driver. Cek log di atas.")
Exception: Gagal total setup driver. Cek log di atas.
2025-10-26 14:50:32,886 - INFO - Percobaan ulang 143/300...
2025-10-26 14:50:47,886 - INFO - Memulai setup driver...
2025-10-26 14:50:47,887 - INFO - Menggunakan User Data Directory: C:\laragon\www\dapokalsel\chrome_profile
2025-10-26 14:50:47,887 - INFO - Menginisialisasi uc.Chrome()...
2025-10-26 14:50:50,733 - INFO - patching driver executable C:\laragon\www\dapokalsel\sekolah\~\appdata\roaming\undetected_chromedriver\undetected_chromedriver.exe
2025-10-26 14:50:50,803 - ERROR - GAGAL total saat setup driver: Binary Location Must be a String
Traceback (most recent call last):
  File "C:\laragon\www\dapokalsel\sekolah\import_url_kabupaten.pyw", line 80, in setup_driver
    driver = uc.Chrome(
  File "C:\laragon\bin\python\python-3.10\lib\site-packages\undetected_chromedriver\__init__.py", line 372, in __init__
    options.binary_location = (
  File "C:\laragon\bin\python\python-3.10\lib\site-packages\selenium\webdriver\chromium\options.py", line 52, in binary_location
    raise TypeError(self.BINARY_LOCATION_ERROR)
TypeError: Binary Location Must be a String
2025-10-26 14:50:50,803 - ERROR - Error pada percobaan 143: Gagal total setup driver. Cek log di atas.
Traceback (most recent call last):
  File "C:\laragon\www\dapokalsel\sekolah\import_url_kabupaten.pyw", line 285, in process_url_induk
    raise Exception("Gagal total setup driver. Cek log di atas.")
Exception: Gagal total setup driver. Cek log di atas.
2025-10-26 14:50:50,803 - INFO - Percobaan ulang 144/300...
2025-10-26 14:51:05,807 - INFO - Memulai setup driver...
2025-10-26 14:51:05,807 - INFO - Menggunakan User Data Directory: C:\laragon\www\dapokalsel\chrome_profile
2025-10-26 14:51:05,807 - INFO - Menginisialisasi uc.Chrome()...
2025-10-26 14:51:08,694 - INFO - patching driver executable C:\laragon\www\dapokalsel\sekolah\~\appdata\roaming\undetected_chromedriver\undetected_chromedriver.exe
2025-10-26 14:51:08,776 - ERROR - GAGAL total saat setup driver: Binary Location Must be a String
Traceback (most recent call last):
  File "C:\laragon\www\dapokalsel\sekolah\import_url_kabupaten.pyw", line 80, in setup_driver
    driver = uc.Chrome(
  File "C:\laragon\bin\python\python-3.10\lib\site-packages\undetected_chromedriver\__init__.py", line 372, in __init__
    options.binary_location = (
  File "C:\laragon\bin\python\python-3.10\lib\site-packages\selenium\webdriver\chromium\options.py", line 52, in binary_location
    raise TypeError(self.BINARY_LOCATION_ERROR)
TypeError: Binary Location Must be a String
2025-10-26 14:51:08,777 - ERROR - Error pada percobaan 144: Gagal total setup driver. Cek log di atas.
Traceback (most recent call last):
  File "C:\laragon\www\dapokalsel\sekolah\import_url_kabupaten.pyw", line 285, in process_url_induk
    raise Exception("Gagal total setup driver. Cek log di atas.")
Exception: Gagal total setup driver. Cek log di atas.
2025-10-26 14:51:08,778 - INFO - Percobaan ulang 145/300...
2025-10-26 14:51:23,790 - INFO - Memulai setup driver...
2025-10-26 14:51:23,790 - INFO - Menggunakan User Data Directory: C:\laragon\www\dapokalsel\chrome_profile
2025-10-26 14:51:23,790 - INFO - Menginisialisasi uc.Chrome()...
2025-10-26 14:51:26,929 - INFO - patching driver executable C:\laragon\www\dapokalsel\sekolah\~\appdata\roaming\undetected_chromedriver\undetected_chromedriver.exe
2025-10-26 14:51:27,016 - ERROR - GAGAL total saat setup driver: Binary Location Must be a String
Traceback (most recent call last):
  File "C:\laragon\www\dapokalsel\sekolah\import_url_kabupaten.pyw", line 80, in setup_driver
    driver = uc.Chrome(
  File "C:\laragon\bin\python\python-3.10\lib\site-packages\undetected_chromedriver\__init__.py", line 372, in __init__
    options.binary_location = (
  File "C:\laragon\bin\python\python-3.10\lib\site-packages\selenium\webdriver\chromium\options.py", line 52, in binary_location
    raise TypeError(self.BINARY_LOCATION_ERROR)
TypeError: Binary Location Must be a String
2025-10-26 14:51:27,016 - ERROR - Error pada percobaan 145: Gagal total setup driver. Cek log di atas.
Traceback (most recent call last):
  File "C:\laragon\www\dapokalsel\sekolah\import_url_kabupaten.pyw", line 285, in process_url_induk
    raise Exception("Gagal total setup driver. Cek log di atas.")
Exception: Gagal total setup driver. Cek log di atas.
2025-10-26 14:51:27,017 - INFO - Percobaan ulang 146/300...
2025-10-26 14:51:42,018 - INFO - Memulai setup driver...
2025-10-26 14:51:42,018 - INFO - Menggunakan User Data Directory: C:\laragon\www\dapokalsel\chrome_profile
2025-10-26 14:51:42,018 - INFO - Menginisialisasi uc.Chrome()...
2025-10-26 14:51:45,237 - INFO - patching driver executable C:\laragon\www\dapokalsel\sekolah\~\appdata\roaming\undetected_chromedriver\undetected_chromedriver.exe
2025-10-26 14:51:45,304 - ERROR - GAGAL total saat setup driver: Binary Location Must be a String
Traceback (most recent call last):
  File "C:\laragon\www\dapokalsel\sekolah\import_url_kabupaten.pyw", line 80, in setup_driver
    driver = uc.Chrome(
  File "C:\laragon\bin\python\python-3.10\lib\site-packages\undetected_chromedriver\__init__.py", line 372, in __init__
    options.binary_location = (
  File "C:\laragon\bin\python\python-3.10\lib\site-packages\selenium\webdriver\chromium\options.py", line 52, in binary_location
    raise TypeError(self.BINARY_LOCATION_ERROR)
TypeError: Binary Location Must be a String
2025-10-26 14:51:45,304 - ERROR - Error pada percobaan 146: Gagal total setup driver. Cek log di atas.
Traceback (most recent call last):
  File "C:\laragon\www\dapokalsel\sekolah\import_url_kabupaten.pyw", line 285, in process_url_induk
    raise Exception("Gagal total setup driver. Cek log di atas.")
Exception: Gagal total setup driver. Cek log di atas.
2025-10-26 14:51:45,304 - INFO - Percobaan ulang 147/300...
2025-10-26 14:52:00,319 - INFO - Memulai setup driver...
2025-10-26 14:52:00,319 - INFO - Menggunakan User Data Directory: C:\laragon\www\dapokalsel\chrome_profile
2025-10-26 14:52:00,319 - INFO - Menginisialisasi uc.Chrome()...
2025-10-26 14:52:03,978 - INFO - patching driver executable C:\laragon\www\dapokalsel\sekolah\~\appdata\roaming\undetected_chromedriver\undetected_chromedriver.exe
2025-10-26 14:52:04,044 - ERROR - GAGAL total saat setup driver: Binary Location Must be a String
Traceback (most recent call last):
  File "C:\laragon\www\dapokalsel\sekolah\import_url_kabupaten.pyw", line 80, in setup_driver
    driver = uc.Chrome(
  File "C:\laragon\bin\python\python-3.10\lib\site-packages\undetected_chromedriver\__init__.py", line 372, in __init__
    options.binary_location = (
  File "C:\laragon\bin\python\python-3.10\lib\site-packages\selenium\webdriver\chromium\options.py", line 52, in binary_location
    raise TypeError(self.BINARY_LOCATION_ERROR)
TypeError: Binary Location Must be a String
2025-10-26 14:52:04,044 - ERROR - Error pada percobaan 147: Gagal total setup driver. Cek log di atas.
Traceback (most recent call last):
  File "C:\laragon\www\dapokalsel\sekolah\import_url_kabupaten.pyw", line 285, in process_url_induk
    raise Exception("Gagal total setup driver. Cek log di atas.")
Exception: Gagal total setup driver. Cek log di atas.
2025-10-26 14:52:04,044 - INFO - Percobaan ulang 148/300...
2025-10-26 14:52:19,045 - INFO - Memulai setup driver...
2025-10-26 14:52:19,045 - INFO - Menggunakan User Data Directory: C:\laragon\www\dapokalsel\chrome_profile
2025-10-26 14:52:19,045 - INFO - Menginisialisasi uc.Chrome()...
2025-10-26 14:52:22,491 - INFO - patching driver executable C:\laragon\www\dapokalsel\sekolah\~\appdata\roaming\undetected_chromedriver\undetected_chromedriver.exe
2025-10-26 14:52:22,569 - ERROR - GAGAL total saat setup driver: Binary Location Must be a String
Traceback (most recent call last):
  File "C:\laragon\www\dapokalsel\sekolah\import_url_kabupaten.pyw", line 80, in setup_driver
    driver = uc.Chrome(
  File "C:\laragon\bin\python\python-3.10\lib\site-packages\undetected_chromedriver\__init__.py", line 372, in __init__
    options.binary_location = (
  File "C:\laragon\bin\python\python-3.10\lib\site-packages\selenium\webdriver\chromium\options.py", line 52, in binary_location
    raise TypeError(self.BINARY_LOCATION_ERROR)
TypeError: Binary Location Must be a String
2025-10-26 14:52:22,569 - ERROR - Error pada percobaan 148: Gagal total setup driver. Cek log di atas.
Traceback (most recent call last):
  File "C:\laragon\www\dapokalsel\sekolah\import_url_kabupaten.pyw", line 285, in process_url_induk
    raise Exception("Gagal total setup driver. Cek log di atas.")
Exception: Gagal total setup driver. Cek log di atas.
2025-10-26 14:52:22,569 - INFO - Percobaan ulang 149/300...
2025-10-26 14:52:37,570 - INFO - Memulai setup driver...
2025-10-26 14:52:37,570 - INFO - Menggunakan User Data Directory: C:\laragon\www\dapokalsel\chrome_profile
2025-10-26 14:52:37,570 - INFO - Menginisialisasi uc.Chrome()...
2025-10-26 14:52:41,460 - INFO - patching driver executable C:\laragon\www\dapokalsel\sekolah\~\appdata\roaming\undetected_chromedriver\undetected_chromedriver.exe
2025-10-26 14:52:41,553 - ERROR - GAGAL total saat setup driver: Binary Location Must be a String
Traceback (most recent call last):
  File "C:\laragon\www\dapokalsel\sekolah\import_url_kabupaten.pyw", line 80, in setup_driver
    driver = uc.Chrome(
  File "C:\laragon\bin\python\python-3.10\lib\site-packages\undetected_chromedriver\__init__.py", line 372, in __init__
    options.binary_location = (
  File "C:\laragon\bin\python\python-3.10\lib\site-packages\selenium\webdriver\chromium\options.py", line 52, in binary_location
    raise TypeError(self.BINARY_LOCATION_ERROR)
TypeError: Binary Location Must be a String
2025-10-26 14:52:41,553 - ERROR - Error pada percobaan 149: Gagal total setup driver. Cek log di atas.
Traceback (most recent call last):
  File "C:\laragon\www\dapokalsel\sekolah\import_url_kabupaten.pyw", line 285, in process_url_induk
    raise Exception("Gagal total setup driver. Cek log di atas.")
Exception: Gagal total setup driver. Cek log di atas.
2025-10-26 14:52:41,553 - INFO - Percobaan ulang 150/300...
2025-10-26 14:52:56,554 - INFO - Memulai setup driver...
2025-10-26 14:52:56,554 - INFO - Menggunakan User Data Directory: C:\laragon\www\dapokalsel\chrome_profile
2025-10-26 14:52:56,554 - INFO - Menginisialisasi uc.Chrome()...
2025-10-26 14:52:59,548 - INFO - patching driver executable C:\laragon\www\dapokalsel\sekolah\~\appdata\roaming\undetected_chromedriver\undetected_chromedriver.exe
2025-10-26 14:52:59,616 - ERROR - GAGAL total saat setup driver: Binary Location Must be a String
Traceback (most recent call last):
  File "C:\laragon\www\dapokalsel\sekolah\import_url_kabupaten.pyw", line 80, in setup_driver
    driver = uc.Chrome(
  File "C:\laragon\bin\python\python-3.10\lib\site-packages\undetected_chromedriver\__init__.py", line 372, in __init__
    options.binary_location = (
  File "C:\laragon\bin\python\python-3.10\lib\site-packages\selenium\webdriver\chromium\options.py", line 52, in binary_location
    raise TypeError(self.BINARY_LOCATION_ERROR)
TypeError: Binary Location Must be a String
2025-10-26 14:52:59,616 - ERROR - Error pada percobaan 150: Gagal total setup driver. Cek log di atas.
Traceback (most recent call last):
  File "C:\laragon\www\dapokalsel\sekolah\import_url_kabupaten.pyw", line 285, in process_url_induk
    raise Exception("Gagal total setup driver. Cek log di atas.")
Exception: Gagal total setup driver. Cek log di atas.
2025-10-26 14:52:59,616 - INFO - Percobaan ulang 151/300...
2025-10-26 14:53:14,617 - INFO - Memulai setup driver...
2025-10-26 14:53:14,617 - INFO - Menggunakan User Data Directory: C:\laragon\www\dapokalsel\chrome_profile
2025-10-26 14:53:14,617 - INFO - Menginisialisasi uc.Chrome()...
2025-10-26 14:53:17,476 - INFO - patching driver executable C:\laragon\www\dapokalsel\sekolah\~\appdata\roaming\undetected_chromedriver\undetected_chromedriver.exe
2025-10-26 14:53:17,554 - ERROR - GAGAL total saat setup driver: Binary Location Must be a String
Traceback (most recent call last):
  File "C:\laragon\www\dapokalsel\sekolah\import_url_kabupaten.pyw", line 80, in setup_driver
    driver = uc.Chrome(
  File "C:\laragon\bin\python\python-3.10\lib\site-packages\undetected_chromedriver\__init__.py", line 372, in __init__
    options.binary_location = (
  File "C:\laragon\bin\python\python-3.10\lib\site-packages\selenium\webdriver\chromium\options.py", line 52, in binary_location
    raise TypeError(self.BINARY_LOCATION_ERROR)
TypeError: Binary Location Must be a String
2025-10-26 14:53:17,554 - ERROR - Error pada percobaan 151: Gagal total setup driver. Cek log di atas.
Traceback (most recent call last):
  File "C:\laragon\www\dapokalsel\sekolah\import_url_kabupaten.pyw", line 285, in process_url_induk
    raise Exception("Gagal total setup driver. Cek log di atas.")
Exception: Gagal total setup driver. Cek log di atas.
2025-10-26 14:53:17,554 - INFO - Percobaan ulang 152/300...
2025-10-26 14:53:32,554 - INFO - Memulai setup driver...
2025-10-26 14:53:32,554 - INFO - Menggunakan User Data Directory: C:\laragon\www\dapokalsel\chrome_profile
2025-10-26 14:53:32,554 - INFO - Menginisialisasi uc.Chrome()...
2025-10-26 14:53:35,460 - INFO - patching driver executable C:\laragon\www\dapokalsel\sekolah\~\appdata\roaming\undetected_chromedriver\undetected_chromedriver.exe
2025-10-26 14:53:35,538 - ERROR - GAGAL total saat setup driver: Binary Location Must be a String
Traceback (most recent call last):
  File "C:\laragon\www\dapokalsel\sekolah\import_url_kabupaten.pyw", line 80, in setup_driver
    driver = uc.Chrome(
  File "C:\laragon\bin\python\python-3.10\lib\site-packages\undetected_chromedriver\__init__.py", line 372, in __init__
    options.binary_location = (
  File "C:\laragon\bin\python\python-3.10\lib\site-packages\selenium\webdriver\chromium\options.py", line 52, in binary_location
    raise TypeError(self.BINARY_LOCATION_ERROR)
TypeError: Binary Location Must be a String
2025-10-26 14:53:35,538 - ERROR - Error pada percobaan 152: Gagal total setup driver. Cek log di atas.
Traceback (most recent call last):
  File "C:\laragon\www\dapokalsel\sekolah\import_url_kabupaten.pyw", line 285, in process_url_induk
    raise Exception("Gagal total setup driver. Cek log di atas.")
Exception: Gagal total setup driver. Cek log di atas.
2025-10-26 14:53:35,538 - INFO - Percobaan ulang 153/300...
2025-10-26 14:53:50,538 - INFO - Memulai setup driver...
2025-10-26 14:53:50,538 - INFO - Menggunakan User Data Directory: C:\laragon\www\dapokalsel\chrome_profile
2025-10-26 14:53:50,538 - INFO - Menginisialisasi uc.Chrome()...
2025-10-26 14:53:53,670 - INFO - patching driver executable C:\laragon\www\dapokalsel\sekolah\~\appdata\roaming\undetected_chromedriver\undetected_chromedriver.exe
2025-10-26 14:53:53,750 - ERROR - GAGAL total saat setup driver: Binary Location Must be a String
Traceback (most recent call last):
  File "C:\laragon\www\dapokalsel\sekolah\import_url_kabupaten.pyw", line 80, in setup_driver
    driver = uc.Chrome(
  File "C:\laragon\bin\python\python-3.10\lib\site-packages\undetected_chromedriver\__init__.py", line 372, in __init__
    options.binary_location = (
  File "C:\laragon\bin\python\python-3.10\lib\site-packages\selenium\webdriver\chromium\options.py", line 52, in binary_location
    raise TypeError(self.BINARY_LOCATION_ERROR)
TypeError: Binary Location Must be a String
2025-10-26 14:53:53,750 - ERROR - Error pada percobaan 153: Gagal total setup driver. Cek log di atas.
Traceback (most recent call last):
  File "C:\laragon\www\dapokalsel\sekolah\import_url_kabupaten.pyw", line 285, in process_url_induk
    raise Exception("Gagal total setup driver. Cek log di atas.")
Exception: Gagal total setup driver. Cek log di atas.
2025-10-26 14:53:53,751 - INFO - Percobaan ulang 154/300...
2025-10-26 14:54:08,757 - INFO - Memulai setup driver...
2025-10-26 14:54:08,757 - INFO - Menggunakan User Data Directory: C:\laragon\www\dapokalsel\chrome_profile
2025-10-26 14:54:08,757 - INFO - Menginisialisasi uc.Chrome()...
2025-10-26 14:54:12,101 - INFO - patching driver executable C:\laragon\www\dapokalsel\sekolah\~\appdata\roaming\undetected_chromedriver\undetected_chromedriver.exe
2025-10-26 14:54:12,179 - ERROR - GAGAL total saat setup driver: Binary Location Must be a String
Traceback (most recent call last):
  File "C:\laragon\www\dapokalsel\sekolah\import_url_kabupaten.pyw", line 80, in setup_driver
    driver = uc.Chrome(
  File "C:\laragon\bin\python\python-3.10\lib\site-packages\undetected_chromedriver\__init__.py", line 372, in __init__
    options.binary_location = (
  File "C:\laragon\bin\python\python-3.10\lib\site-packages\selenium\webdriver\chromium\options.py", line 52, in binary_location
    raise TypeError(self.BINARY_LOCATION_ERROR)
TypeError: Binary Location Must be a String
2025-10-26 14:54:12,179 - ERROR - Error pada percobaan 154: Gagal total setup driver. Cek log di atas.
Traceback (most recent call last):
  File "C:\laragon\www\dapokalsel\sekolah\import_url_kabupaten.pyw", line 285, in process_url_induk
    raise Exception("Gagal total setup driver. Cek log di atas.")
Exception: Gagal total setup driver. Cek log di atas.
2025-10-26 14:54:12,179 - INFO - Percobaan ulang 155/300...
2025-10-26 14:54:27,180 - INFO - Memulai setup driver...
2025-10-26 14:54:27,180 - INFO - Menggunakan User Data Directory: C:\laragon\www\dapokalsel\chrome_profile
2025-10-26 14:54:27,180 - INFO - Menginisialisasi uc.Chrome()...
2025-10-26 14:54:30,695 - INFO - patching driver executable C:\laragon\www\dapokalsel\sekolah\~\appdata\roaming\undetected_chromedriver\undetected_chromedriver.exe
2025-10-26 14:54:30,757 - ERROR - GAGAL total saat setup driver: Binary Location Must be a String
Traceback (most recent call last):
  File "C:\laragon\www\dapokalsel\sekolah\import_url_kabupaten.pyw", line 80, in setup_driver
    driver = uc.Chrome(
  File "C:\laragon\bin\python\python-3.10\lib\site-packages\undetected_chromedriver\__init__.py", line 372, in __init__
    options.binary_location = (
  File "C:\laragon\bin\python\python-3.10\lib\site-packages\selenium\webdriver\chromium\options.py", line 52, in binary_location
    raise TypeError(self.BINARY_LOCATION_ERROR)
TypeError: Binary Location Must be a String
2025-10-26 14:54:30,757 - ERROR - Error pada percobaan 155: Gagal total setup driver. Cek log di atas.
Traceback (most recent call last):
  File "C:\laragon\www\dapokalsel\sekolah\import_url_kabupaten.pyw", line 285, in process_url_induk
    raise Exception("Gagal total setup driver. Cek log di atas.")
Exception: Gagal total setup driver. Cek log di atas.
2025-10-26 14:54:30,757 - INFO - Percobaan ulang 156/300...
2025-10-26 14:54:45,758 - INFO - Memulai setup driver...
2025-10-26 14:54:45,758 - INFO - Menggunakan User Data Directory: C:\laragon\www\dapokalsel\chrome_profile
2025-10-26 14:54:45,758 - INFO - Menginisialisasi uc.Chrome()...
2025-10-26 14:54:48,632 - INFO - patching driver executable C:\laragon\www\dapokalsel\sekolah\~\appdata\roaming\undetected_chromedriver\undetected_chromedriver.exe
2025-10-26 14:54:48,694 - ERROR - GAGAL total saat setup driver: Binary Location Must be a String
Traceback (most recent call last):
  File "C:\laragon\www\dapokalsel\sekolah\import_url_kabupaten.pyw", line 80, in setup_driver
    driver = uc.Chrome(
  File "C:\laragon\bin\python\python-3.10\lib\site-packages\undetected_chromedriver\__init__.py", line 372, in __init__
    options.binary_location = (
  File "C:\laragon\bin\python\python-3.10\lib\site-packages\selenium\webdriver\chromium\options.py", line 52, in binary_location
    raise TypeError(self.BINARY_LOCATION_ERROR)
TypeError: Binary Location Must be a String
2025-10-26 14:54:48,694 - ERROR - Error pada percobaan 156: Gagal total setup driver. Cek log di atas.
Traceback (most recent call last):
  File "C:\laragon\www\dapokalsel\sekolah\import_url_kabupaten.pyw", line 285, in process_url_induk
    raise Exception("Gagal total setup driver. Cek log di atas.")
Exception: Gagal total setup driver. Cek log di atas.
2025-10-26 14:54:48,694 - INFO - Percobaan ulang 157/300...
2025-10-26 14:55:03,695 - INFO - Memulai setup driver...
2025-10-26 14:55:03,695 - INFO - Menggunakan User Data Directory: C:\laragon\www\dapokalsel\chrome_profile
2025-10-26 14:55:03,695 - INFO - Menginisialisasi uc.Chrome()...
2025-10-26 14:55:07,663 - INFO - patching driver executable C:\laragon\www\dapokalsel\sekolah\~\appdata\roaming\undetected_chromedriver\undetected_chromedriver.exe
2025-10-26 14:55:07,756 - ERROR - GAGAL total saat setup driver: Binary Location Must be a String
Traceback (most recent call last):
  File "C:\laragon\www\dapokalsel\sekolah\import_url_kabupaten.pyw", line 80, in setup_driver
    driver = uc.Chrome(
  File "C:\laragon\bin\python\python-3.10\lib\site-packages\undetected_chromedriver\__init__.py", line 372, in __init__
    options.binary_location = (
  File "C:\laragon\bin\python\python-3.10\lib\site-packages\selenium\webdriver\chromium\options.py", line 52, in binary_location
    raise TypeError(self.BINARY_LOCATION_ERROR)
TypeError: Binary Location Must be a String
2025-10-26 14:55:07,757 - ERROR - Error pada percobaan 157: Gagal total setup driver. Cek log di atas.
Traceback (most recent call last):
  File "C:\laragon\www\dapokalsel\sekolah\import_url_kabupaten.pyw", line 285, in process_url_induk
    raise Exception("Gagal total setup driver. Cek log di atas.")
Exception: Gagal total setup driver. Cek log di atas.
2025-10-26 14:55:07,757 - INFO - Percobaan ulang 158/300...
2025-10-26 14:55:22,757 - INFO - Memulai setup driver...
2025-10-26 14:55:22,757 - INFO - Menggunakan User Data Directory: C:\laragon\www\dapokalsel\chrome_profile
2025-10-26 14:55:22,757 - INFO - Menginisialisasi uc.Chrome()...
2025-10-26 14:55:25,960 - INFO - patching driver executable C:\laragon\www\dapokalsel\sekolah\~\appdata\roaming\undetected_chromedriver\undetected_chromedriver.exe
2025-10-26 14:55:26,034 - ERROR - GAGAL total saat setup driver: Binary Location Must be a String
Traceback (most recent call last):
  File "C:\laragon\www\dapokalsel\sekolah\import_url_kabupaten.pyw", line 80, in setup_driver
    driver = uc.Chrome(
  File "C:\laragon\bin\python\python-3.10\lib\site-packages\undetected_chromedriver\__init__.py", line 372, in __init__
    options.binary_location = (
  File "C:\laragon\bin\python\python-3.10\lib\site-packages\selenium\webdriver\chromium\options.py", line 52, in binary_location
    raise TypeError(self.BINARY_LOCATION_ERROR)
TypeError: Binary Location Must be a String
2025-10-26 14:55:26,034 - ERROR - Error pada percobaan 158: Gagal total setup driver. Cek log di atas.
Traceback (most recent call last):
  File "C:\laragon\www\dapokalsel\sekolah\import_url_kabupaten.pyw", line 285, in process_url_induk
    raise Exception("Gagal total setup driver. Cek log di atas.")
Exception: Gagal total setup driver. Cek log di atas.
2025-10-26 14:55:26,034 - INFO - Percobaan ulang 159/300...
2025-10-26 14:55:41,049 - INFO - Memulai setup driver...
2025-10-26 14:55:41,049 - INFO - Menggunakan User Data Directory: C:\laragon\www\dapokalsel\chrome_profile
2025-10-26 14:55:41,049 - INFO - Menginisialisasi uc.Chrome()...
2025-10-26 14:55:44,064 - INFO - patching driver executable C:\laragon\www\dapokalsel\sekolah\~\appdata\roaming\undetected_chromedriver\undetected_chromedriver.exe
2025-10-26 14:55:44,139 - ERROR - GAGAL total saat setup driver: Binary Location Must be a String
Traceback (most recent call last):
  File "C:\laragon\www\dapokalsel\sekolah\import_url_kabupaten.pyw", line 80, in setup_driver
    driver = uc.Chrome(
  File "C:\laragon\bin\python\python-3.10\lib\site-packages\undetected_chromedriver\__init__.py", line 372, in __init__
    options.binary_location = (
  File "C:\laragon\bin\python\python-3.10\lib\site-packages\selenium\webdriver\chromium\options.py", line 52, in binary_location
    raise TypeError(self.BINARY_LOCATION_ERROR)
TypeError: Binary Location Must be a String
2025-10-26 14:55:44,139 - ERROR - Error pada percobaan 159: Gagal total setup driver. Cek log di atas.
Traceback (most recent call last):
  File "C:\laragon\www\dapokalsel\sekolah\import_url_kabupaten.pyw", line 285, in process_url_induk
    raise Exception("Gagal total setup driver. Cek log di atas.")
Exception: Gagal total setup driver. Cek log di atas.
2025-10-26 14:55:44,139 - INFO - Percobaan ulang 160/300...
2025-10-26 14:55:59,147 - INFO - Memulai setup driver...
2025-10-26 14:55:59,147 - INFO - Menggunakan User Data Directory: C:\laragon\www\dapokalsel\chrome_profile
2025-10-26 14:55:59,147 - INFO - Menginisialisasi uc.Chrome()...
2025-10-26 14:56:02,027 - INFO - patching driver executable C:\laragon\www\dapokalsel\sekolah\~\appdata\roaming\undetected_chromedriver\undetected_chromedriver.exe
2025-10-26 14:56:02,103 - ERROR - GAGAL total saat setup driver: Binary Location Must be a String
Traceback (most recent call last):
  File "C:\laragon\www\dapokalsel\sekolah\import_url_kabupaten.pyw", line 80, in setup_driver
    driver = uc.Chrome(
  File "C:\laragon\bin\python\python-3.10\lib\site-packages\undetected_chromedriver\__init__.py", line 372, in __init__
    options.binary_location = (
  File "C:\laragon\bin\python\python-3.10\lib\site-packages\selenium\webdriver\chromium\options.py", line 52, in binary_location
    raise TypeError(self.BINARY_LOCATION_ERROR)
TypeError: Binary Location Must be a String
2025-10-26 14:56:02,104 - ERROR - Error pada percobaan 160: Gagal total setup driver. Cek log di atas.
Traceback (most recent call last):
  File "C:\laragon\www\dapokalsel\sekolah\import_url_kabupaten.pyw", line 285, in process_url_induk
    raise Exception("Gagal total setup driver. Cek log di atas.")
Exception: Gagal total setup driver. Cek log di atas.
2025-10-26 14:56:02,104 - INFO - Percobaan ulang 161/300...
2025-10-26 14:56:17,116 - INFO - Memulai setup driver...
2025-10-26 14:56:17,116 - INFO - Menggunakan User Data Directory: C:\laragon\www\dapokalsel\chrome_profile
2025-10-26 14:56:17,116 - INFO - Menginisialisasi uc.Chrome()...
2025-10-26 14:56:20,211 - INFO - patching driver executable C:\laragon\www\dapokalsel\sekolah\~\appdata\roaming\undetected_chromedriver\undetected_chromedriver.exe
2025-10-26 14:56:20,273 - ERROR - GAGAL total saat setup driver: Binary Location Must be a String
Traceback (most recent call last):
  File "C:\laragon\www\dapokalsel\sekolah\import_url_kabupaten.pyw", line 80, in setup_driver
    driver = uc.Chrome(
  File "C:\laragon\bin\python\python-3.10\lib\site-packages\undetected_chromedriver\__init__.py", line 372, in __init__
    options.binary_location = (
  File "C:\laragon\bin\python\python-3.10\lib\site-packages\selenium\webdriver\chromium\options.py", line 52, in binary_location
    raise TypeError(self.BINARY_LOCATION_ERROR)
TypeError: Binary Location Must be a String
2025-10-26 14:56:20,288 - ERROR - Error pada percobaan 161: Gagal total setup driver. Cek log di atas.
Traceback (most recent call last):
  File "C:\laragon\www\dapokalsel\sekolah\import_url_kabupaten.pyw", line 285, in process_url_induk
    raise Exception("Gagal total setup driver. Cek log di atas.")
Exception: Gagal total setup driver. Cek log di atas.
2025-10-26 14:56:20,288 - INFO - Percobaan ulang 162/300...
2025-10-26 14:56:35,304 - INFO - Memulai setup driver...
2025-10-26 14:56:35,304 - INFO - Menggunakan User Data Directory: C:\laragon\www\dapokalsel\chrome_profile
2025-10-26 14:56:35,304 - INFO - Menginisialisasi uc.Chrome()...
2025-10-26 14:56:38,413 - INFO - patching driver executable C:\laragon\www\dapokalsel\sekolah\~\appdata\roaming\undetected_chromedriver\undetected_chromedriver.exe
2025-10-26 14:56:38,491 - ERROR - GAGAL total saat setup driver: Binary Location Must be a String
Traceback (most recent call last):
  File "C:\laragon\www\dapokalsel\sekolah\import_url_kabupaten.pyw", line 80, in setup_driver
    driver = uc.Chrome(
  File "C:\laragon\bin\python\python-3.10\lib\site-packages\undetected_chromedriver\__init__.py", line 372, in __init__
    options.binary_location = (
  File "C:\laragon\bin\python\python-3.10\lib\site-packages\selenium\webdriver\chromium\options.py", line 52, in binary_location
    raise TypeError(self.BINARY_LOCATION_ERROR)
TypeError: Binary Location Must be a String
2025-10-26 14:56:38,492 - ERROR - Error pada percobaan 162: Gagal total setup driver. Cek log di atas.
Traceback (most recent call last):
  File "C:\laragon\www\dapokalsel\sekolah\import_url_kabupaten.pyw", line 285, in process_url_induk
    raise Exception("Gagal total setup driver. Cek log di atas.")
Exception: Gagal total setup driver. Cek log di atas.
2025-10-26 14:56:38,492 - INFO - Percobaan ulang 163/300...
2025-10-26 14:56:53,492 - INFO - Memulai setup driver...
2025-10-26 14:56:53,492 - INFO - Menggunakan User Data Directory: C:\laragon\www\dapokalsel\chrome_profile
2025-10-26 14:56:53,492 - INFO - Menginisialisasi uc.Chrome()...
2025-10-26 14:56:56,460 - INFO - patching driver executable C:\laragon\www\dapokalsel\sekolah\~\appdata\roaming\undetected_chromedriver\undetected_chromedriver.exe
2025-10-26 14:56:56,547 - ERROR - GAGAL total saat setup driver: Binary Location Must be a String
Traceback (most recent call last):
  File "C:\laragon\www\dapokalsel\sekolah\import_url_kabupaten.pyw", line 80, in setup_driver
    driver = uc.Chrome(
  File "C:\laragon\bin\python\python-3.10\lib\site-packages\undetected_chromedriver\__init__.py", line 372, in __init__
    options.binary_location = (
  File "C:\laragon\bin\python\python-3.10\lib\site-packages\selenium\webdriver\chromium\options.py", line 52, in binary_location
    raise TypeError(self.BINARY_LOCATION_ERROR)
TypeError: Binary Location Must be a String
2025-10-26 14:56:56,548 - ERROR - Error pada percobaan 163: Gagal total setup driver. Cek log di atas.
Traceback (most recent call last):
  File "C:\laragon\www\dapokalsel\sekolah\import_url_kabupaten.pyw", line 285, in process_url_induk
    raise Exception("Gagal total setup driver. Cek log di atas.")
Exception: Gagal total setup driver. Cek log di atas.
2025-10-26 14:56:56,548 - INFO - Percobaan ulang 164/300...
2025-10-26 14:57:11,554 - INFO - Memulai setup driver...
2025-10-26 14:57:11,554 - INFO - Menggunakan User Data Directory: C:\laragon\www\dapokalsel\chrome_profile
2025-10-26 14:57:11,554 - INFO - Menginisialisasi uc.Chrome()...
2025-10-26 14:57:14,460 - INFO - patching driver executable C:\laragon\www\dapokalsel\sekolah\~\appdata\roaming\undetected_chromedriver\undetected_chromedriver.exe
2025-10-26 14:57:14,538 - ERROR - GAGAL total saat setup driver: Binary Location Must be a String
Traceback (most recent call last):
  File "C:\laragon\www\dapokalsel\sekolah\import_url_kabupaten.pyw", line 80, in setup_driver
    driver = uc.Chrome(
  File "C:\laragon\bin\python\python-3.10\lib\site-packages\undetected_chromedriver\__init__.py", line 372, in __init__
    options.binary_location = (
  File "C:\laragon\bin\python\python-3.10\lib\site-packages\selenium\webdriver\chromium\options.py", line 52, in binary_location
    raise TypeError(self.BINARY_LOCATION_ERROR)
TypeError: Binary Location Must be a String
2025-10-26 14:57:14,538 - ERROR - Error pada percobaan 164: Gagal total setup driver. Cek log di atas.
Traceback (most recent call last):
  File "C:\laragon\www\dapokalsel\sekolah\import_url_kabupaten.pyw", line 285, in process_url_induk
    raise Exception("Gagal total setup driver. Cek log di atas.")
Exception: Gagal total setup driver. Cek log di atas.
2025-10-26 14:57:14,538 - INFO - Percobaan ulang 165/300...
2025-10-26 14:57:29,539 - INFO - Memulai setup driver...
2025-10-26 14:57:29,539 - INFO - Menggunakan User Data Directory: C:\laragon\www\dapokalsel\chrome_profile
2025-10-26 14:57:29,539 - INFO - Menginisialisasi uc.Chrome()...
2025-10-26 14:57:32,960 - INFO - patching driver executable C:\laragon\www\dapokalsel\sekolah\~\appdata\roaming\undetected_chromedriver\undetected_chromedriver.exe
2025-10-26 14:57:33,039 - ERROR - GAGAL total saat setup driver: Binary Location Must be a String
Traceback (most recent call last):
  File "C:\laragon\www\dapokalsel\sekolah\import_url_kabupaten.pyw", line 80, in setup_driver
    driver = uc.Chrome(
  File "C:\laragon\bin\python\python-3.10\lib\site-packages\undetected_chromedriver\__init__.py", line 372, in __init__
    options.binary_location = (
  File "C:\laragon\bin\python\python-3.10\lib\site-packages\selenium\webdriver\chromium\options.py", line 52, in binary_location
    raise TypeError(self.BINARY_LOCATION_ERROR)
TypeError: Binary Location Must be a String
2025-10-26 14:57:33,040 - ERROR - Error pada percobaan 165: Gagal total setup driver. Cek log di atas.
Traceback (most recent call last):
  File "C:\laragon\www\dapokalsel\sekolah\import_url_kabupaten.pyw", line 285, in process_url_induk
    raise Exception("Gagal total setup driver. Cek log di atas.")
Exception: Gagal total setup driver. Cek log di atas.
2025-10-26 14:57:33,040 - INFO - Percobaan ulang 166/300...
2025-10-26 14:57:48,042 - INFO - Memulai setup driver...
2025-10-26 14:57:48,042 - INFO - Menggunakan User Data Directory: C:\laragon\www\dapokalsel\chrome_profile
2025-10-26 14:57:48,042 - INFO - Menginisialisasi uc.Chrome()...
2025-10-26 14:57:51,131 - INFO - patching driver executable C:\laragon\www\dapokalsel\sekolah\~\appdata\roaming\undetected_chromedriver\undetected_chromedriver.exe
2025-10-26 14:57:51,194 - ERROR - GAGAL total saat setup driver: Binary Location Must be a String
Traceback (most recent call last):
  File "C:\laragon\www\dapokalsel\sekolah\import_url_kabupaten.pyw", line 80, in setup_driver
    driver = uc.Chrome(
  File "C:\laragon\bin\python\python-3.10\lib\site-packages\undetected_chromedriver\__init__.py", line 372, in __init__
    options.binary_location = (
  File "C:\laragon\bin\python\python-3.10\lib\site-packages\selenium\webdriver\chromium\options.py", line 52, in binary_location
    raise TypeError(self.BINARY_LOCATION_ERROR)
TypeError: Binary Location Must be a String
2025-10-26 14:57:51,194 - ERROR - Error pada percobaan 166: Gagal total setup driver. Cek log di atas.
Traceback (most recent call last):
  File "C:\laragon\www\dapokalsel\sekolah\import_url_kabupaten.pyw", line 285, in process_url_induk
    raise Exception("Gagal total setup driver. Cek log di atas.")
Exception: Gagal total setup driver. Cek log di atas.
2025-10-26 14:57:51,194 - INFO - Percobaan ulang 167/300...
2025-10-26 14:58:06,195 - INFO - Memulai setup driver...
2025-10-26 14:58:06,195 - INFO - Menggunakan User Data Directory: C:\laragon\www\dapokalsel\chrome_profile
2025-10-26 14:58:06,195 - INFO - Menginisialisasi uc.Chrome()...
2025-10-26 14:58:09,195 - INFO - patching driver executable C:\laragon\www\dapokalsel\sekolah\~\appdata\roaming\undetected_chromedriver\undetected_chromedriver.exe
2025-10-26 14:58:09,272 - ERROR - GAGAL total saat setup driver: Binary Location Must be a String
Traceback (most recent call last):
  File "C:\laragon\www\dapokalsel\sekolah\import_url_kabupaten.pyw", line 80, in setup_driver
    driver = uc.Chrome(
  File "C:\laragon\bin\python\python-3.10\lib\site-packages\undetected_chromedriver\__init__.py", line 372, in __init__
    options.binary_location = (
  File "C:\laragon\bin\python\python-3.10\lib\site-packages\selenium\webdriver\chromium\options.py", line 52, in binary_location
    raise TypeError(self.BINARY_LOCATION_ERROR)
TypeError: Binary Location Must be a String
2025-10-26 14:58:09,272 - ERROR - Error pada percobaan 167: Gagal total setup driver. Cek log di atas.
Traceback (most recent call last):
  File "C:\laragon\www\dapokalsel\sekolah\import_url_kabupaten.pyw", line 285, in process_url_induk
    raise Exception("Gagal total setup driver. Cek log di atas.")
Exception: Gagal total setup driver. Cek log di atas.
2025-10-26 14:58:09,272 - INFO - Percobaan ulang 168/300...
2025-10-26 14:58:24,288 - INFO - Memulai setup driver...
2025-10-26 14:58:24,288 - INFO - Menggunakan User Data Directory: C:\laragon\www\dapokalsel\chrome_profile
2025-10-26 14:58:24,288 - INFO - Menginisialisasi uc.Chrome()...
2025-10-26 14:58:29,553 - INFO - patching driver executable C:\laragon\www\dapokalsel\sekolah\~\appdata\roaming\undetected_chromedriver\undetected_chromedriver.exe
2025-10-26 14:58:29,632 - ERROR - GAGAL total saat setup driver: Binary Location Must be a String
Traceback (most recent call last):
  File "C:\laragon\www\dapokalsel\sekolah\import_url_kabupaten.pyw", line 80, in setup_driver
    driver = uc.Chrome(
  File "C:\laragon\bin\python\python-3.10\lib\site-packages\undetected_chromedriver\__init__.py", line 372, in __init__
    options.binary_location = (
  File "C:\laragon\bin\python\python-3.10\lib\site-packages\selenium\webdriver\chromium\options.py", line 52, in binary_location
    raise TypeError(self.BINARY_LOCATION_ERROR)
TypeError: Binary Location Must be a String
2025-10-26 14:58:29,632 - ERROR - Error pada percobaan 168: Gagal total setup driver. Cek log di atas.
Traceback (most recent call last):
  File "C:\laragon\www\dapokalsel\sekolah\import_url_kabupaten.pyw", line 285, in process_url_induk
    raise Exception("Gagal total setup driver. Cek log di atas.")
Exception: Gagal total setup driver. Cek log di atas.
2025-10-26 14:58:29,632 - INFO - Percobaan ulang 169/300...
2025-10-26 14:58:44,647 - INFO - Memulai setup driver...
2025-10-26 14:58:44,647 - INFO - Menggunakan User Data Directory: C:\laragon\www\dapokalsel\chrome_profile
2025-10-26 14:58:44,647 - INFO - Menginisialisasi uc.Chrome()...
2025-10-26 14:58:48,180 - INFO - patching driver executable C:\laragon\www\dapokalsel\sekolah\~\appdata\roaming\undetected_chromedriver\undetected_chromedriver.exe
2025-10-26 14:58:48,241 - ERROR - GAGAL total saat setup driver: Binary Location Must be a String
Traceback (most recent call last):
  File "C:\laragon\www\dapokalsel\sekolah\import_url_kabupaten.pyw", line 80, in setup_driver
    driver = uc.Chrome(
  File "C:\laragon\bin\python\python-3.10\lib\site-packages\undetected_chromedriver\__init__.py", line 372, in __init__
    options.binary_location = (
  File "C:\laragon\bin\python\python-3.10\lib\site-packages\selenium\webdriver\chromium\options.py", line 52, in binary_location
    raise TypeError(self.BINARY_LOCATION_ERROR)
TypeError: Binary Location Must be a String
2025-10-26 14:58:48,241 - ERROR - Error pada percobaan 169: Gagal total setup driver. Cek log di atas.
Traceback (most recent call last):
  File "C:\laragon\www\dapokalsel\sekolah\import_url_kabupaten.pyw", line 285, in process_url_induk
    raise Exception("Gagal total setup driver. Cek log di atas.")
Exception: Gagal total setup driver. Cek log di atas.
2025-10-26 14:58:48,241 - INFO - Percobaan ulang 170/300...
2025-10-26 14:59:03,242 - INFO - Memulai setup driver...
2025-10-26 14:59:03,242 - INFO - Menggunakan User Data Directory: C:\laragon\www\dapokalsel\chrome_profile
2025-10-26 14:59:03,242 - INFO - Menginisialisasi uc.Chrome()...
2025-10-26 14:59:06,147 - INFO - patching driver executable C:\laragon\www\dapokalsel\sekolah\~\appdata\roaming\undetected_chromedriver\undetected_chromedriver.exe
2025-10-26 14:59:06,225 - ERROR - GAGAL total saat setup driver: Binary Location Must be a String
Traceback (most recent call last):
  File "C:\laragon\www\dapokalsel\sekolah\import_url_kabupaten.pyw", line 80, in setup_driver
    driver = uc.Chrome(
  File "C:\laragon\bin\python\python-3.10\lib\site-packages\undetected_chromedriver\__init__.py", line 372, in __init__
    options.binary_location = (
  File "C:\laragon\bin\python\python-3.10\lib\site-packages\selenium\webdriver\chromium\options.py", line 52, in binary_location
    raise TypeError(self.BINARY_LOCATION_ERROR)
TypeError: Binary Location Must be a String
2025-10-26 14:59:06,225 - ERROR - Error pada percobaan 170: Gagal total setup driver. Cek log di atas.
Traceback (most recent call last):
  File "C:\laragon\www\dapokalsel\sekolah\import_url_kabupaten.pyw", line 285, in process_url_induk
    raise Exception("Gagal total setup driver. Cek log di atas.")
Exception: Gagal total setup driver. Cek log di atas.
2025-10-26 14:59:06,225 - INFO - Percobaan ulang 171/300...
2025-10-26 14:59:21,226 - INFO - Memulai setup driver...
2025-10-26 14:59:21,226 - INFO - Menggunakan User Data Directory: C:\laragon\www\dapokalsel\chrome_profile
2025-10-26 14:59:21,226 - INFO - Menginisialisasi uc.Chrome()...
2025-10-26 14:59:24,068 - INFO - patching driver executable C:\laragon\www\dapokalsel\sekolah\~\appdata\roaming\undetected_chromedriver\undetected_chromedriver.exe
2025-10-26 14:59:24,140 - ERROR - GAGAL total saat setup driver: Binary Location Must be a String
Traceback (most recent call last):
  File "C:\laragon\www\dapokalsel\sekolah\import_url_kabupaten.pyw", line 80, in setup_driver
    driver = uc.Chrome(
  File "C:\laragon\bin\python\python-3.10\lib\site-packages\undetected_chromedriver\__init__.py", line 372, in __init__
    options.binary_location = (
  File "C:\laragon\bin\python\python-3.10\lib\site-packages\selenium\webdriver\chromium\options.py", line 52, in binary_location
    raise TypeError(self.BINARY_LOCATION_ERROR)
TypeError: Binary Location Must be a String
2025-10-26 14:59:24,141 - ERROR - Error pada percobaan 171: Gagal total setup driver. Cek log di atas.
Traceback (most recent call last):
  File "C:\laragon\www\dapokalsel\sekolah\import_url_kabupaten.pyw", line 285, in process_url_induk
    raise Exception("Gagal total setup driver. Cek log di atas.")
Exception: Gagal total setup driver. Cek log di atas.
2025-10-26 14:59:24,141 - INFO - Percobaan ulang 172/300...
2025-10-26 14:59:39,149 - INFO - Memulai setup driver...
2025-10-26 14:59:39,149 - INFO - Menggunakan User Data Directory: C:\laragon\www\dapokalsel\chrome_profile
2025-10-26 14:59:39,149 - INFO - Menginisialisasi uc.Chrome()...
2025-10-26 14:59:42,804 - INFO - patching driver executable C:\laragon\www\dapokalsel\sekolah\~\appdata\roaming\undetected_chromedriver\undetected_chromedriver.exe
2025-10-26 14:59:42,882 - ERROR - GAGAL total saat setup driver: Binary Location Must be a String
Traceback (most recent call last):
  File "C:\laragon\www\dapokalsel\sekolah\import_url_kabupaten.pyw", line 80, in setup_driver
    driver = uc.Chrome(
  File "C:\laragon\bin\python\python-3.10\lib\site-packages\undetected_chromedriver\__init__.py", line 372, in __init__
    options.binary_location = (
  File "C:\laragon\bin\python\python-3.10\lib\site-packages\selenium\webdriver\chromium\options.py", line 52, in binary_location
    raise TypeError(self.BINARY_LOCATION_ERROR)
TypeError: Binary Location Must be a String
2025-10-26 14:59:42,882 - ERROR - Error pada percobaan 172: Gagal total setup driver. Cek log di atas.
Traceback (most recent call last):
  File "C:\laragon\www\dapokalsel\sekolah\import_url_kabupaten.pyw", line 285, in process_url_induk
    raise Exception("Gagal total setup driver. Cek log di atas.")
Exception: Gagal total setup driver. Cek log di atas.
2025-10-26 14:59:42,882 - INFO - Percobaan ulang 173/300...
2025-10-26 14:59:57,882 - INFO - Memulai setup driver...
2025-10-26 14:59:57,882 - INFO - Menggunakan User Data Directory: C:\laragon\www\dapokalsel\chrome_profile
2025-10-26 14:59:57,882 - INFO - Menginisialisasi uc.Chrome()...
2025-10-26 15:00:01,428 - INFO - patching driver executable C:\laragon\www\dapokalsel\sekolah\~\appdata\roaming\undetected_chromedriver\undetected_chromedriver.exe
2025-10-26 15:00:01,491 - ERROR - GAGAL total saat setup driver: Binary Location Must be a String
Traceback (most recent call last):
  File "C:\laragon\www\dapokalsel\sekolah\import_url_kabupaten.pyw", line 80, in setup_driver
    driver = uc.Chrome(
  File "C:\laragon\bin\python\python-3.10\lib\site-packages\undetected_chromedriver\__init__.py", line 372, in __init__
    options.binary_location = (
  File "C:\laragon\bin\python\python-3.10\lib\site-packages\selenium\webdriver\chromium\options.py", line 52, in binary_location
    raise TypeError(self.BINARY_LOCATION_ERROR)
TypeError: Binary Location Must be a String
2025-10-26 15:00:01,491 - ERROR - Error pada percobaan 173: Gagal total setup driver. Cek log di atas.
Traceback (most recent call last):
  File "C:\laragon\www\dapokalsel\sekolah\import_url_kabupaten.pyw", line 285, in process_url_induk
    raise Exception("Gagal total setup driver. Cek log di atas.")
Exception: Gagal total setup driver. Cek log di atas.
2025-10-26 15:00:01,491 - INFO - Percobaan ulang 174/300...
2025-10-26 15:00:16,492 - INFO - Memulai setup driver...
2025-10-26 15:00:16,492 - INFO - Menggunakan User Data Directory: C:\laragon\www\dapokalsel\chrome_profile
2025-10-26 15:00:16,492 - INFO - Menginisialisasi uc.Chrome()...
2025-10-26 15:00:19,757 - INFO - patching driver executable C:\laragon\www\dapokalsel\sekolah\~\appdata\roaming\undetected_chromedriver\undetected_chromedriver.exe
2025-10-26 15:00:19,835 - ERROR - GAGAL total saat setup driver: Binary Location Must be a String
Traceback (most recent call last):
  File "C:\laragon\www\dapokalsel\sekolah\import_url_kabupaten.pyw", line 80, in setup_driver
    driver = uc.Chrome(
  File "C:\laragon\bin\python\python-3.10\lib\site-packages\undetected_chromedriver\__init__.py", line 372, in __init__
    options.binary_location = (
  File "C:\laragon\bin\python\python-3.10\lib\site-packages\selenium\webdriver\chromium\options.py", line 52, in binary_location
    raise TypeError(self.BINARY_LOCATION_ERROR)
TypeError: Binary Location Must be a String
2025-10-26 15:00:19,835 - ERROR - Error pada percobaan 174: Gagal total setup driver. Cek log di atas.
Traceback (most recent call last):
  File "C:\laragon\www\dapokalsel\sekolah\import_url_kabupaten.pyw", line 285, in process_url_induk
    raise Exception("Gagal total setup driver. Cek log di atas.")
Exception: Gagal total setup driver. Cek log di atas.
2025-10-26 15:00:19,835 - INFO - Percobaan ulang 175/300...
2025-10-26 15:00:34,835 - INFO - Memulai setup driver...
2025-10-26 15:00:34,835 - INFO - Menggunakan User Data Directory: C:\laragon\www\dapokalsel\chrome_profile
2025-10-26 15:00:34,835 - INFO - Menginisialisasi uc.Chrome()...
2025-10-26 15:00:37,725 - INFO - patching driver executable C:\laragon\www\dapokalsel\sekolah\~\appdata\roaming\undetected_chromedriver\undetected_chromedriver.exe
2025-10-26 15:00:37,810 - ERROR - GAGAL total saat setup driver: Binary Location Must be a String
Traceback (most recent call last):
  File "C:\laragon\www\dapokalsel\sekolah\import_url_kabupaten.pyw", line 80, in setup_driver
    driver = uc.Chrome(
  File "C:\laragon\bin\python\python-3.10\lib\site-packages\undetected_chromedriver\__init__.py", line 372, in __init__
    options.binary_location = (
  File "C:\laragon\bin\python\python-3.10\lib\site-packages\selenium\webdriver\chromium\options.py", line 52, in binary_location
    raise TypeError(self.BINARY_LOCATION_ERROR)
TypeError: Binary Location Must be a String
2025-10-26 15:00:37,811 - ERROR - Error pada percobaan 175: Gagal total setup driver. Cek log di atas.
Traceback (most recent call last):
  File "C:\laragon\www\dapokalsel\sekolah\import_url_kabupaten.pyw", line 285, in process_url_induk
    raise Exception("Gagal total setup driver. Cek log di atas.")
Exception: Gagal total setup driver. Cek log di atas.
2025-10-26 15:00:37,811 - INFO - Percobaan ulang 176/300...
2025-10-26 15:00:52,819 - INFO - Memulai setup driver...
2025-10-26 15:00:52,819 - INFO - Menggunakan User Data Directory: C:\laragon\www\dapokalsel\chrome_profile
2025-10-26 15:00:52,819 - INFO - Menginisialisasi uc.Chrome()...
2025-10-26 15:00:55,830 - INFO - patching driver executable C:\laragon\www\dapokalsel\sekolah\~\appdata\roaming\undetected_chromedriver\undetected_chromedriver.exe
2025-10-26 15:00:55,897 - ERROR - GAGAL total saat setup driver: Binary Location Must be a String
Traceback (most recent call last):
  File "C:\laragon\www\dapokalsel\sekolah\import_url_kabupaten.pyw", line 80, in setup_driver
    driver = uc.Chrome(
  File "C:\laragon\bin\python\python-3.10\lib\site-packages\undetected_chromedriver\__init__.py", line 372, in __init__
    options.binary_location = (
  File "C:\laragon\bin\python\python-3.10\lib\site-packages\selenium\webdriver\chromium\options.py", line 52, in binary_location
    raise TypeError(self.BINARY_LOCATION_ERROR)
TypeError: Binary Location Must be a String
2025-10-26 15:00:55,897 - ERROR - Error pada percobaan 176: Gagal total setup driver. Cek log di atas.
Traceback (most recent call last):
  File "C:\laragon\www\dapokalsel\sekolah\import_url_kabupaten.pyw", line 285, in process_url_induk
    raise Exception("Gagal total setup driver. Cek log di atas.")
Exception: Gagal total setup driver. Cek log di atas.
2025-10-26 15:00:55,897 - INFO - Percobaan ulang 177/300...
2025-10-26 15:01:10,898 - INFO - Memulai setup driver...
2025-10-26 15:01:10,898 - INFO - Menggunakan User Data Directory: C:\laragon\www\dapokalsel\chrome_profile
2025-10-26 15:01:10,899 - INFO - Menginisialisasi uc.Chrome()...
2025-10-26 15:01:14,523 - INFO - patching driver executable C:\laragon\www\dapokalsel\sekolah\~\appdata\roaming\undetected_chromedriver\undetected_chromedriver.exe
2025-10-26 15:01:14,585 - ERROR - GAGAL total saat setup driver: Binary Location Must be a String
Traceback (most recent call last):
  File "C:\laragon\www\dapokalsel\sekolah\import_url_kabupaten.pyw", line 80, in setup_driver
    driver = uc.Chrome(
  File "C:\laragon\bin\python\python-3.10\lib\site-packages\undetected_chromedriver\__init__.py", line 372, in __init__
    options.binary_location = (
  File "C:\laragon\bin\python\python-3.10\lib\site-packages\selenium\webdriver\chromium\options.py", line 52, in binary_location
    raise TypeError(self.BINARY_LOCATION_ERROR)
TypeError: Binary Location Must be a String
2025-10-26 15:01:14,585 - ERROR - Error pada percobaan 177: Gagal total setup driver. Cek log di atas.
Traceback (most recent call last):
  File "C:\laragon\www\dapokalsel\sekolah\import_url_kabupaten.pyw", line 285, in process_url_induk
    raise Exception("Gagal total setup driver. Cek log di atas.")
Exception: Gagal total setup driver. Cek log di atas.
2025-10-26 15:01:14,585 - INFO - Percobaan ulang 178/300...
2025-10-26 15:01:29,601 - INFO - Memulai setup driver...
2025-10-26 15:01:29,602 - INFO - Menggunakan User Data Directory: C:\laragon\www\dapokalsel\chrome_profile
2025-10-26 15:01:29,603 - INFO - Menginisialisasi uc.Chrome()...
2025-10-26 15:01:33,280 - INFO - patching driver executable C:\laragon\www\dapokalsel\sekolah\~\appdata\roaming\undetected_chromedriver\undetected_chromedriver.exe
2025-10-26 15:01:33,351 - ERROR - GAGAL total saat setup driver: Binary Location Must be a String
Traceback (most recent call last):
  File "C:\laragon\www\dapokalsel\sekolah\import_url_kabupaten.pyw", line 80, in setup_driver
    driver = uc.Chrome(
  File "C:\laragon\bin\python\python-3.10\lib\site-packages\undetected_chromedriver\__init__.py", line 372, in __init__
    options.binary_location = (
  File "C:\laragon\bin\python\python-3.10\lib\site-packages\selenium\webdriver\chromium\options.py", line 52, in binary_location
    raise TypeError(self.BINARY_LOCATION_ERROR)
TypeError: Binary Location Must be a String
2025-10-26 15:01:33,351 - ERROR - Error pada percobaan 178: Gagal total setup driver. Cek log di atas.
Traceback (most recent call last):
  File "C:\laragon\www\dapokalsel\sekolah\import_url_kabupaten.pyw", line 285, in process_url_induk
    raise Exception("Gagal total setup driver. Cek log di atas.")
Exception: Gagal total setup driver. Cek log di atas.
2025-10-26 15:01:33,351 - INFO - Percobaan ulang 179/300...
2025-10-26 15:01:48,352 - INFO - Memulai setup driver...
2025-10-26 15:01:48,353 - INFO - Menggunakan User Data Directory: C:\laragon\www\dapokalsel\chrome_profile
2025-10-26 15:01:48,353 - INFO - Menginisialisasi uc.Chrome()...
2025-10-26 15:01:52,014 - INFO - patching driver executable C:\laragon\www\dapokalsel\sekolah\~\appdata\roaming\undetected_chromedriver\undetected_chromedriver.exe
2025-10-26 15:01:52,077 - ERROR - GAGAL total saat setup driver: Binary Location Must be a String
Traceback (most recent call last):
  File "C:\laragon\www\dapokalsel\sekolah\import_url_kabupaten.pyw", line 80, in setup_driver
    driver = uc.Chrome(
  File "C:\laragon\bin\python\python-3.10\lib\site-packages\undetected_chromedriver\__init__.py", line 372, in __init__
    options.binary_location = (
  File "C:\laragon\bin\python\python-3.10\lib\site-packages\selenium\webdriver\chromium\options.py", line 52, in binary_location
    raise TypeError(self.BINARY_LOCATION_ERROR)
TypeError: Binary Location Must be a String
2025-10-26 15:01:52,077 - ERROR - Error pada percobaan 179: Gagal total setup driver. Cek log di atas.
Traceback (most recent call last):
  File "C:\laragon\www\dapokalsel\sekolah\import_url_kabupaten.pyw", line 285, in process_url_induk
    raise Exception("Gagal total setup driver. Cek log di atas.")
Exception: Gagal total setup driver. Cek log di atas.
2025-10-26 15:01:52,077 - INFO - Percobaan ulang 180/300...
2025-10-26 15:02:07,091 - INFO - Memulai setup driver...
2025-10-26 15:02:07,091 - INFO - Menggunakan User Data Directory: C:\laragon\www\dapokalsel\chrome_profile
2025-10-26 15:02:07,091 - INFO - Menginisialisasi uc.Chrome()...
2025-10-26 15:02:11,569 - INFO - patching driver executable C:\laragon\www\dapokalsel\sekolah\~\appdata\roaming\undetected_chromedriver\undetected_chromedriver.exe
2025-10-26 15:02:11,647 - ERROR - GAGAL total saat setup driver: Binary Location Must be a String
Traceback (most recent call last):
  File "C:\laragon\www\dapokalsel\sekolah\import_url_kabupaten.pyw", line 80, in setup_driver
    driver = uc.Chrome(
  File "C:\laragon\bin\python\python-3.10\lib\site-packages\undetected_chromedriver\__init__.py", line 372, in __init__
    options.binary_location = (
  File "C:\laragon\bin\python\python-3.10\lib\site-packages\selenium\webdriver\chromium\options.py", line 52, in binary_location
    raise TypeError(self.BINARY_LOCATION_ERROR)
TypeError: Binary Location Must be a String
2025-10-26 15:02:11,647 - ERROR - Error pada percobaan 180: Gagal total setup driver. Cek log di atas.
Traceback (most recent call last):
  File "C:\laragon\www\dapokalsel\sekolah\import_url_kabupaten.pyw", line 285, in process_url_induk
    raise Exception("Gagal total setup driver. Cek log di atas.")
Exception: Gagal total setup driver. Cek log di atas.
2025-10-26 15:02:11,647 - INFO - Percobaan ulang 181/300...
2025-10-26 15:02:26,647 - INFO - Memulai setup driver...
2025-10-26 15:02:26,647 - INFO - Menggunakan User Data Directory: C:\laragon\www\dapokalsel\chrome_profile
2025-10-26 15:02:26,647 - INFO - Menginisialisasi uc.Chrome()...
2025-10-26 15:02:29,733 - INFO - patching driver executable C:\laragon\www\dapokalsel\sekolah\~\appdata\roaming\undetected_chromedriver\undetected_chromedriver.exe
2025-10-26 15:02:29,804 - ERROR - GAGAL total saat setup driver: Binary Location Must be a String
Traceback (most recent call last):
  File "C:\laragon\www\dapokalsel\sekolah\import_url_kabupaten.pyw", line 80, in setup_driver
    driver = uc.Chrome(
  File "C:\laragon\bin\python\python-3.10\lib\site-packages\undetected_chromedriver\__init__.py", line 372, in __init__
    options.binary_location = (
  File "C:\laragon\bin\python\python-3.10\lib\site-packages\selenium\webdriver\chromium\options.py", line 52, in binary_location
    raise TypeError(self.BINARY_LOCATION_ERROR)
TypeError: Binary Location Must be a String
2025-10-26 15:02:29,804 - ERROR - Error pada percobaan 181: Gagal total setup driver. Cek log di atas.
Traceback (most recent call last):
  File "C:\laragon\www\dapokalsel\sekolah\import_url_kabupaten.pyw", line 285, in process_url_induk
    raise Exception("Gagal total setup driver. Cek log di atas.")
Exception: Gagal total setup driver. Cek log di atas.
2025-10-26 15:02:29,804 - INFO - Percobaan ulang 182/300...
2025-10-26 15:02:44,805 - INFO - Memulai setup driver...
2025-10-26 15:02:44,805 - INFO - Menggunakan User Data Directory: C:\laragon\www\dapokalsel\chrome_profile
2025-10-26 15:02:44,805 - INFO - Menginisialisasi uc.Chrome()...
2025-10-26 15:02:48,010 - INFO - patching driver executable C:\laragon\www\dapokalsel\sekolah\~\appdata\roaming\undetected_chromedriver\undetected_chromedriver.exe
2025-10-26 15:02:48,098 - ERROR - GAGAL total saat setup driver: Binary Location Must be a String
Traceback (most recent call last):
  File "C:\laragon\www\dapokalsel\sekolah\import_url_kabupaten.pyw", line 80, in setup_driver
    driver = uc.Chrome(
  File "C:\laragon\bin\python\python-3.10\lib\site-packages\undetected_chromedriver\__init__.py", line 372, in __init__
    options.binary_location = (
  File "C:\laragon\bin\python\python-3.10\lib\site-packages\selenium\webdriver\chromium\options.py", line 52, in binary_location
    raise TypeError(self.BINARY_LOCATION_ERROR)
TypeError: Binary Location Must be a String
2025-10-26 15:02:48,099 - ERROR - Error pada percobaan 182: Gagal total setup driver. Cek log di atas.
Traceback (most recent call last):
  File "C:\laragon\www\dapokalsel\sekolah\import_url_kabupaten.pyw", line 285, in process_url_induk
    raise Exception("Gagal total setup driver. Cek log di atas.")
Exception: Gagal total setup driver. Cek log di atas.
2025-10-26 15:02:48,099 - INFO - Percobaan ulang 183/300...
2025-10-26 15:03:03,099 - INFO - Memulai setup driver...
2025-10-26 15:03:03,100 - INFO - Menggunakan User Data Directory: C:\laragon\www\dapokalsel\chrome_profile
2025-10-26 15:03:03,100 - INFO - Menginisialisasi uc.Chrome()...
2025-10-26 15:03:06,601 - INFO - patching driver executable C:\laragon\www\dapokalsel\sekolah\~\appdata\roaming\undetected_chromedriver\undetected_chromedriver.exe
2025-10-26 15:03:06,692 - ERROR - GAGAL total saat setup driver: Binary Location Must be a String
Traceback (most recent call last):
  File "C:\laragon\www\dapokalsel\sekolah\import_url_kabupaten.pyw", line 80, in setup_driver
    driver = uc.Chrome(
  File "C:\laragon\bin\python\python-3.10\lib\site-packages\undetected_chromedriver\__init__.py", line 372, in __init__
    options.binary_location = (
  File "C:\laragon\bin\python\python-3.10\lib\site-packages\selenium\webdriver\chromium\options.py", line 52, in binary_location
    raise TypeError(self.BINARY_LOCATION_ERROR)
TypeError: Binary Location Must be a String
2025-10-26 15:03:06,693 - ERROR - Error pada percobaan 183: Gagal total setup driver. Cek log di atas.
Traceback (most recent call last):
  File "C:\laragon\www\dapokalsel\sekolah\import_url_kabupaten.pyw", line 285, in process_url_induk
    raise Exception("Gagal total setup driver. Cek log di atas.")
Exception: Gagal total setup driver. Cek log di atas.
2025-10-26 15:03:06,693 - INFO - Percobaan ulang 184/300...
2025-10-26 15:03:21,694 - INFO - Memulai setup driver...
2025-10-26 15:03:21,694 - INFO - Menggunakan User Data Directory: C:\laragon\www\dapokalsel\chrome_profile
2025-10-26 15:03:21,694 - INFO - Menginisialisasi uc.Chrome()...
2025-10-26 15:03:25,350 - INFO - patching driver executable C:\laragon\www\dapokalsel\sekolah\~\appdata\roaming\undetected_chromedriver\undetected_chromedriver.exe
2025-10-26 15:03:25,427 - ERROR - GAGAL total saat setup driver: Binary Location Must be a String
Traceback (most recent call last):
  File "C:\laragon\www\dapokalsel\sekolah\import_url_kabupaten.pyw", line 80, in setup_driver
    driver = uc.Chrome(
  File "C:\laragon\bin\python\python-3.10\lib\site-packages\undetected_chromedriver\__init__.py", line 372, in __init__
    options.binary_location = (
  File "C:\laragon\bin\python\python-3.10\lib\site-packages\selenium\webdriver\chromium\options.py", line 52, in binary_location
    raise TypeError(self.BINARY_LOCATION_ERROR)
TypeError: Binary Location Must be a String
2025-10-26 15:03:25,428 - ERROR - Error pada percobaan 184: Gagal total setup driver. Cek log di atas.
Traceback (most recent call last):
  File "C:\laragon\www\dapokalsel\sekolah\import_url_kabupaten.pyw", line 285, in process_url_induk
    raise Exception("Gagal total setup driver. Cek log di atas.")
Exception: Gagal total setup driver. Cek log di atas.
2025-10-26 15:03:25,428 - INFO - Percobaan ulang 185/300...
2025-10-26 15:03:40,429 - INFO - Memulai setup driver...
2025-10-26 15:03:40,429 - INFO - Menggunakan User Data Directory: C:\laragon\www\dapokalsel\chrome_profile
2025-10-26 15:03:40,429 - INFO - Menginisialisasi uc.Chrome()...
2025-10-26 15:03:43,288 - INFO - patching driver executable C:\laragon\www\dapokalsel\sekolah\~\appdata\roaming\undetected_chromedriver\undetected_chromedriver.exe
2025-10-26 15:03:43,366 - ERROR - GAGAL total saat setup driver: Binary Location Must be a String
Traceback (most recent call last):
  File "C:\laragon\www\dapokalsel\sekolah\import_url_kabupaten.pyw", line 80, in setup_driver
    driver = uc.Chrome(
  File "C:\laragon\bin\python\python-3.10\lib\site-packages\undetected_chromedriver\__init__.py", line 372, in __init__
    options.binary_location = (
  File "C:\laragon\bin\python\python-3.10\lib\site-packages\selenium\webdriver\chromium\options.py", line 52, in binary_location
    raise TypeError(self.BINARY_LOCATION_ERROR)
TypeError: Binary Location Must be a String
2025-10-26 15:03:43,366 - ERROR - Error pada percobaan 185: Gagal total setup driver. Cek log di atas.
Traceback (most recent call last):
  File "C:\laragon\www\dapokalsel\sekolah\import_url_kabupaten.pyw", line 285, in process_url_induk
    raise Exception("Gagal total setup driver. Cek log di atas.")
Exception: Gagal total setup driver. Cek log di atas.
2025-10-26 15:03:43,366 - INFO - Percobaan ulang 186/300...
2025-10-26 15:03:58,366 - INFO - Memulai setup driver...
2025-10-26 15:03:58,366 - INFO - Menggunakan User Data Directory: C:\laragon\www\dapokalsel\chrome_profile
2025-10-26 15:03:58,366 - INFO - Menginisialisasi uc.Chrome()...
2025-10-26 15:04:01,350 - INFO - patching driver executable C:\laragon\www\dapokalsel\sekolah\~\appdata\roaming\undetected_chromedriver\undetected_chromedriver.exe
2025-10-26 15:04:01,413 - ERROR - GAGAL total saat setup driver: Binary Location Must be a String
Traceback (most recent call last):
  File "C:\laragon\www\dapokalsel\sekolah\import_url_kabupaten.pyw", line 80, in setup_driver
    driver = uc.Chrome(
  File "C:\laragon\bin\python\python-3.10\lib\site-packages\undetected_chromedriver\__init__.py", line 372, in __init__
    options.binary_location = (
  File "C:\laragon\bin\python\python-3.10\lib\site-packages\selenium\webdriver\chromium\options.py", line 52, in binary_location
    raise TypeError(self.BINARY_LOCATION_ERROR)
TypeError: Binary Location Must be a String
2025-10-26 15:04:01,413 - ERROR - Error pada percobaan 186: Gagal total setup driver. Cek log di atas.
Traceback (most recent call last):
  File "C:\laragon\www\dapokalsel\sekolah\import_url_kabupaten.pyw", line 285, in process_url_induk
    raise Exception("Gagal total setup driver. Cek log di atas.")
Exception: Gagal total setup driver. Cek log di atas.
2025-10-26 15:04:01,429 - INFO - Percobaan ulang 187/300...
2025-10-26 15:04:16,429 - INFO - Memulai setup driver...
2025-10-26 15:04:16,429 - INFO - Menggunakan User Data Directory: C:\laragon\www\dapokalsel\chrome_profile
2025-10-26 15:04:16,429 - INFO - Menginisialisasi uc.Chrome()...
2025-10-26 15:04:19,835 - INFO - patching driver executable C:\laragon\www\dapokalsel\sekolah\~\appdata\roaming\undetected_chromedriver\undetected_chromedriver.exe
2025-10-26 15:04:19,898 - ERROR - GAGAL total saat setup driver: Binary Location Must be a String
Traceback (most recent call last):
  File "C:\laragon\www\dapokalsel\sekolah\import_url_kabupaten.pyw", line 80, in setup_driver
    driver = uc.Chrome(
  File "C:\laragon\bin\python\python-3.10\lib\site-packages\undetected_chromedriver\__init__.py", line 372, in __init__
    options.binary_location = (
  File "C:\laragon\bin\python\python-3.10\lib\site-packages\selenium\webdriver\chromium\options.py", line 52, in binary_location
    raise TypeError(self.BINARY_LOCATION_ERROR)
TypeError: Binary Location Must be a String
2025-10-26 15:04:19,898 - ERROR - Error pada percobaan 187: Gagal total setup driver. Cek log di atas.
Traceback (most recent call last):
  File "C:\laragon\www\dapokalsel\sekolah\import_url_kabupaten.pyw", line 285, in process_url_induk
    raise Exception("Gagal total setup driver. Cek log di atas.")
Exception: Gagal total setup driver. Cek log di atas.
2025-10-26 15:04:19,898 - INFO - Percobaan ulang 188/300...
2025-10-26 15:04:34,899 - INFO - Memulai setup driver...
2025-10-26 15:04:34,899 - INFO - Menggunakan User Data Directory: C:\laragon\www\dapokalsel\chrome_profile
2025-10-26 15:04:34,899 - INFO - Menginisialisasi uc.Chrome()...
2025-10-26 15:04:37,911 - INFO - patching driver executable C:\laragon\www\dapokalsel\sekolah\~\appdata\roaming\undetected_chromedriver\undetected_chromedriver.exe
2025-10-26 15:04:37,995 - ERROR - GAGAL total saat setup driver: Binary Location Must be a String
Traceback (most recent call last):
  File "C:\laragon\www\dapokalsel\sekolah\import_url_kabupaten.pyw", line 80, in setup_driver
    driver = uc.Chrome(
  File "C:\laragon\bin\python\python-3.10\lib\site-packages\undetected_chromedriver\__init__.py", line 372, in __init__
    options.binary_location = (
  File "C:\laragon\bin\python\python-3.10\lib\site-packages\selenium\webdriver\chromium\options.py", line 52, in binary_location
    raise TypeError(self.BINARY_LOCATION_ERROR)
TypeError: Binary Location Must be a String
2025-10-26 15:04:37,996 - ERROR - Error pada percobaan 188: Gagal total setup driver. Cek log di atas.
Traceback (most recent call last):
  File "C:\laragon\www\dapokalsel\sekolah\import_url_kabupaten.pyw", line 285, in process_url_induk
    raise Exception("Gagal total setup driver. Cek log di atas.")
Exception: Gagal total setup driver. Cek log di atas.
2025-10-26 15:04:37,996 - INFO - Percobaan ulang 189/300...
2025-10-26 15:04:53,002 - INFO - Memulai setup driver...
2025-10-26 15:04:53,002 - INFO - Menggunakan User Data Directory: C:\laragon\www\dapokalsel\chrome_profile
2025-10-26 15:04:53,002 - INFO - Menginisialisasi uc.Chrome()...
2025-10-26 15:04:56,210 - INFO - patching driver executable C:\laragon\www\dapokalsel\sekolah\~\appdata\roaming\undetected_chromedriver\undetected_chromedriver.exe
2025-10-26 15:04:56,288 - ERROR - GAGAL total saat setup driver: Binary Location Must be a String
Traceback (most recent call last):
  File "C:\laragon\www\dapokalsel\sekolah\import_url_kabupaten.pyw", line 80, in setup_driver
    driver = uc.Chrome(
  File "C:\laragon\bin\python\python-3.10\lib\site-packages\undetected_chromedriver\__init__.py", line 372, in __init__
    options.binary_location = (
  File "C:\laragon\bin\python\python-3.10\lib\site-packages\selenium\webdriver\chromium\options.py", line 52, in binary_location
    raise TypeError(self.BINARY_LOCATION_ERROR)
TypeError: Binary Location Must be a String
2025-10-26 15:04:56,288 - ERROR - Error pada percobaan 189: Gagal total setup driver. Cek log di atas.
Traceback (most recent call last):
  File "C:\laragon\www\dapokalsel\sekolah\import_url_kabupaten.pyw", line 285, in process_url_induk
    raise Exception("Gagal total setup driver. Cek log di atas.")
Exception: Gagal total setup driver. Cek log di atas.
2025-10-26 15:04:56,288 - INFO - Percobaan ulang 190/300...
2025-10-26 15:05:11,288 - INFO - Memulai setup driver...
2025-10-26 15:05:11,288 - INFO - Menggunakan User Data Directory: C:\laragon\www\dapokalsel\chrome_profile
2025-10-26 15:05:11,288 - INFO - Menginisialisasi uc.Chrome()...
2025-10-26 15:05:14,158 - INFO - patching driver executable C:\laragon\www\dapokalsel\sekolah\~\appdata\roaming\undetected_chromedriver\undetected_chromedriver.exe
2025-10-26 15:05:14,225 - ERROR - GAGAL total saat setup driver: Binary Location Must be a String
Traceback (most recent call last):
  File "C:\laragon\www\dapokalsel\sekolah\import_url_kabupaten.pyw", line 80, in setup_driver
    driver = uc.Chrome(
  File "C:\laragon\bin\python\python-3.10\lib\site-packages\undetected_chromedriver\__init__.py", line 372, in __init__
    options.binary_location = (
  File "C:\laragon\bin\python\python-3.10\lib\site-packages\selenium\webdriver\chromium\options.py", line 52, in binary_location
    raise TypeError(self.BINARY_LOCATION_ERROR)
TypeError: Binary Location Must be a String
2025-10-26 15:05:14,225 - ERROR - Error pada percobaan 190: Gagal total setup driver. Cek log di atas.
Traceback (most recent call last):
  File "C:\laragon\www\dapokalsel\sekolah\import_url_kabupaten.pyw", line 285, in process_url_induk
    raise Exception("Gagal total setup driver. Cek log di atas.")
Exception: Gagal total setup driver. Cek log di atas.
2025-10-26 15:05:14,225 - INFO - Percobaan ulang 191/300...
2025-10-26 15:05:29,239 - INFO - Memulai setup driver...
2025-10-26 15:05:29,239 - INFO - Menggunakan User Data Directory: C:\laragon\www\dapokalsel\chrome_profile
2025-10-26 15:05:29,242 - INFO - Menginisialisasi uc.Chrome()...
2025-10-26 15:05:32,096 - INFO - patching driver executable C:\laragon\www\dapokalsel\sekolah\~\appdata\roaming\undetected_chromedriver\undetected_chromedriver.exe
2025-10-26 15:05:32,158 - ERROR - GAGAL total saat setup driver: Binary Location Must be a String
Traceback (most recent call last):
  File "C:\laragon\www\dapokalsel\sekolah\import_url_kabupaten.pyw", line 80, in setup_driver
    driver = uc.Chrome(
  File "C:\laragon\bin\python\python-3.10\lib\site-packages\undetected_chromedriver\__init__.py", line 372, in __init__
    options.binary_location = (
  File "C:\laragon\bin\python\python-3.10\lib\site-packages\selenium\webdriver\chromium\options.py", line 52, in binary_location
    raise TypeError(self.BINARY_LOCATION_ERROR)
TypeError: Binary Location Must be a String
2025-10-26 15:05:32,158 - ERROR - Error pada percobaan 191: Gagal total setup driver. Cek log di atas.
Traceback (most recent call last):
  File "C:\laragon\www\dapokalsel\sekolah\import_url_kabupaten.pyw", line 285, in process_url_induk
    raise Exception("Gagal total setup driver. Cek log di atas.")
Exception: Gagal total setup driver. Cek log di atas.
2025-10-26 15:05:32,158 - INFO - Percobaan ulang 192/300...
2025-10-26 15:05:47,158 - INFO - Memulai setup driver...
2025-10-26 15:05:47,159 - INFO - Menggunakan User Data Directory: C:\laragon\www\dapokalsel\chrome_profile
2025-10-26 15:05:47,160 - INFO - Menginisialisasi uc.Chrome()...
2025-10-26 15:05:52,132 - INFO - patching driver executable C:\laragon\www\dapokalsel\sekolah\~\appdata\roaming\undetected_chromedriver\undetected_chromedriver.exe
2025-10-26 15:05:52,226 - ERROR - GAGAL total saat setup driver: Binary Location Must be a String
Traceback (most recent call last):
  File "C:\laragon\www\dapokalsel\sekolah\import_url_kabupaten.pyw", line 80, in setup_driver
    driver = uc.Chrome(
  File "C:\laragon\bin\python\python-3.10\lib\site-packages\undetected_chromedriver\__init__.py", line 372, in __init__
    options.binary_location = (
  File "C:\laragon\bin\python\python-3.10\lib\site-packages\selenium\webdriver\chromium\options.py", line 52, in binary_location
    raise TypeError(self.BINARY_LOCATION_ERROR)
TypeError: Binary Location Must be a String
2025-10-26 15:05:52,226 - ERROR - Error pada percobaan 192: Gagal total setup driver. Cek log di atas.
Traceback (most recent call last):
  File "C:\laragon\www\dapokalsel\sekolah\import_url_kabupaten.pyw", line 285, in process_url_induk
    raise Exception("Gagal total setup driver. Cek log di atas.")
Exception: Gagal total setup driver. Cek log di atas.
2025-10-26 15:05:52,226 - INFO - Percobaan ulang 193/300...
2025-10-26 15:06:07,227 - INFO - Memulai setup driver...
2025-10-26 15:06:07,227 - INFO - Menggunakan User Data Directory: C:\laragon\www\dapokalsel\chrome_profile
2025-10-26 15:06:07,227 - INFO - Menginisialisasi uc.Chrome()...
2025-10-26 15:06:10,225 - INFO - patching driver executable C:\laragon\www\dapokalsel\sekolah\~\appdata\roaming\undetected_chromedriver\undetected_chromedriver.exe
2025-10-26 15:06:10,303 - ERROR - GAGAL total saat setup driver: Binary Location Must be a String
Traceback (most recent call last):
  File "C:\laragon\www\dapokalsel\sekolah\import_url_kabupaten.pyw", line 80, in setup_driver
    driver = uc.Chrome(
  File "C:\laragon\bin\python\python-3.10\lib\site-packages\undetected_chromedriver\__init__.py", line 372, in __init__
    options.binary_location = (
  File "C:\laragon\bin\python\python-3.10\lib\site-packages\selenium\webdriver\chromium\options.py", line 52, in binary_location
    raise TypeError(self.BINARY_LOCATION_ERROR)
TypeError: Binary Location Must be a String
2025-10-26 15:06:10,303 - ERROR - Error pada percobaan 193: Gagal total setup driver. Cek log di atas.
Traceback (most recent call last):
  File "C:\laragon\www\dapokalsel\sekolah\import_url_kabupaten.pyw", line 285, in process_url_induk
    raise Exception("Gagal total setup driver. Cek log di atas.")
Exception: Gagal total setup driver. Cek log di atas.
2025-10-26 15:06:10,303 - INFO - Percobaan ulang 194/300...
2025-10-26 15:06:25,303 - INFO - Memulai setup driver...
2025-10-26 15:06:25,303 - INFO - Menggunakan User Data Directory: C:\laragon\www\dapokalsel\chrome_profile
2025-10-26 15:06:25,303 - INFO - Menginisialisasi uc.Chrome()...
2025-10-26 15:06:28,182 - INFO - patching driver executable C:\laragon\www\dapokalsel\sekolah\~\appdata\roaming\undetected_chromedriver\undetected_chromedriver.exe
2025-10-26 15:06:28,256 - ERROR - GAGAL total saat setup driver: Binary Location Must be a String
Traceback (most recent call last):
  File "C:\laragon\www\dapokalsel\sekolah\import_url_kabupaten.pyw", line 80, in setup_driver
    driver = uc.Chrome(
  File "C:\laragon\bin\python\python-3.10\lib\site-packages\undetected_chromedriver\__init__.py", line 372, in __init__
    options.binary_location = (
  File "C:\laragon\bin\python\python-3.10\lib\site-packages\selenium\webdriver\chromium\options.py", line 52, in binary_location
    raise TypeError(self.BINARY_LOCATION_ERROR)
TypeError: Binary Location Must be a String
2025-10-26 15:06:28,256 - ERROR - Error pada percobaan 194: Gagal total setup driver. Cek log di atas.
Traceback (most recent call last):
  File "C:\laragon\www\dapokalsel\sekolah\import_url_kabupaten.pyw", line 285, in process_url_induk
    raise Exception("Gagal total setup driver. Cek log di atas.")
Exception: Gagal total setup driver. Cek log di atas.
2025-10-26 15:06:28,256 - INFO - Percobaan ulang 195/300...
2025-10-26 15:06:43,256 - INFO - Memulai setup driver...
2025-10-26 15:06:43,256 - INFO - Menggunakan User Data Directory: C:\laragon\www\dapokalsel\chrome_profile
2025-10-26 15:06:43,256 - INFO - Menginisialisasi uc.Chrome()...
2025-10-26 15:06:46,124 - INFO - patching driver executable C:\laragon\www\dapokalsel\sekolah\~\appdata\roaming\undetected_chromedriver\undetected_chromedriver.exe
2025-10-26 15:06:46,210 - ERROR - GAGAL total saat setup driver: Binary Location Must be a String
Traceback (most recent call last):
  File "C:\laragon\www\dapokalsel\sekolah\import_url_kabupaten.pyw", line 80, in setup_driver
    driver = uc.Chrome(
  File "C:\laragon\bin\python\python-3.10\lib\site-packages\undetected_chromedriver\__init__.py", line 372, in __init__
    options.binary_location = (
  File "C:\laragon\bin\python\python-3.10\lib\site-packages\selenium\webdriver\chromium\options.py", line 52, in binary_location
    raise TypeError(self.BINARY_LOCATION_ERROR)
TypeError: Binary Location Must be a String
2025-10-26 15:06:46,210 - ERROR - Error pada percobaan 195: Gagal total setup driver. Cek log di atas.
Traceback (most recent call last):
  File "C:\laragon\www\dapokalsel\sekolah\import_url_kabupaten.pyw", line 285, in process_url_induk
    raise Exception("Gagal total setup driver. Cek log di atas.")
Exception: Gagal total setup driver. Cek log di atas.
2025-10-26 15:06:46,210 - INFO - Percobaan ulang 196/300...
2025-10-26 15:07:01,220 - INFO - Memulai setup driver...
2025-10-26 15:07:01,220 - INFO - Menggunakan User Data Directory: C:\laragon\www\dapokalsel\chrome_profile
2025-10-26 15:07:01,220 - INFO - Menginisialisasi uc.Chrome()...
2025-10-26 15:07:04,647 - INFO - patching driver executable C:\laragon\www\dapokalsel\sekolah\~\appdata\roaming\undetected_chromedriver\undetected_chromedriver.exe
2025-10-26 15:07:04,710 - ERROR - GAGAL total saat setup driver: Binary Location Must be a String
Traceback (most recent call last):
  File "C:\laragon\www\dapokalsel\sekolah\import_url_kabupaten.pyw", line 80, in setup_driver
    driver = uc.Chrome(
  File "C:\laragon\bin\python\python-3.10\lib\site-packages\undetected_chromedriver\__init__.py", line 372, in __init__
    options.binary_location = (
  File "C:\laragon\bin\python\python-3.10\lib\site-packages\selenium\webdriver\chromium\options.py", line 52, in binary_location
    raise TypeError(self.BINARY_LOCATION_ERROR)
TypeError: Binary Location Must be a String
2025-10-26 15:07:04,710 - ERROR - Error pada percobaan 196: Gagal total setup driver. Cek log di atas.
Traceback (most recent call last):
  File "C:\laragon\www\dapokalsel\sekolah\import_url_kabupaten.pyw", line 285, in process_url_induk
    raise Exception("Gagal total setup driver. Cek log di atas.")
Exception: Gagal total setup driver. Cek log di atas.
2025-10-26 15:07:04,710 - INFO - Percobaan ulang 197/300...
2025-10-26 15:07:19,710 - INFO - Memulai setup driver...
2025-10-26 15:07:19,710 - INFO - Menggunakan User Data Directory: C:\laragon\www\dapokalsel\chrome_profile
2025-10-26 15:07:19,710 - INFO - Menginisialisasi uc.Chrome()...
2025-10-26 15:07:23,185 - INFO - patching driver executable C:\laragon\www\dapokalsel\sekolah\~\appdata\roaming\undetected_chromedriver\undetected_chromedriver.exe
2025-10-26 15:07:23,273 - ERROR - GAGAL total saat setup driver: Binary Location Must be a String
Traceback (most recent call last):
  File "C:\laragon\www\dapokalsel\sekolah\import_url_kabupaten.pyw", line 80, in setup_driver
    driver = uc.Chrome(
  File "C:\laragon\bin\python\python-3.10\lib\site-packages\undetected_chromedriver\__init__.py", line 372, in __init__
    options.binary_location = (
  File "C:\laragon\bin\python\python-3.10\lib\site-packages\selenium\webdriver\chromium\options.py", line 52, in binary_location
    raise TypeError(self.BINARY_LOCATION_ERROR)
TypeError: Binary Location Must be a String
2025-10-26 15:07:23,273 - ERROR - Error pada percobaan 197: Gagal total setup driver. Cek log di atas.
Traceback (most recent call last):
  File "C:\laragon\www\dapokalsel\sekolah\import_url_kabupaten.pyw", line 285, in process_url_induk
    raise Exception("Gagal total setup driver. Cek log di atas.")
Exception: Gagal total setup driver. Cek log di atas.
2025-10-26 15:07:23,273 - INFO - Percobaan ulang 198/300...
2025-10-26 15:07:38,273 - INFO - Memulai setup driver...
2025-10-26 15:07:38,273 - INFO - Menggunakan User Data Directory: C:\laragon\www\dapokalsel\chrome_profile
2025-10-26 15:07:38,273 - INFO - Menginisialisasi uc.Chrome()...
2025-10-26 15:07:41,429 - INFO - patching driver executable C:\laragon\www\dapokalsel\sekolah\~\appdata\roaming\undetected_chromedriver\undetected_chromedriver.exe
2025-10-26 15:07:41,507 - ERROR - GAGAL total saat setup driver: Binary Location Must be a String
Traceback (most recent call last):
  File "C:\laragon\www\dapokalsel\sekolah\import_url_kabupaten.pyw", line 80, in setup_driver
    driver = uc.Chrome(
  File "C:\laragon\bin\python\python-3.10\lib\site-packages\undetected_chromedriver\__init__.py", line 372, in __init__
    options.binary_location = (
  File "C:\laragon\bin\python\python-3.10\lib\site-packages\selenium\webdriver\chromium\options.py", line 52, in binary_location
    raise TypeError(self.BINARY_LOCATION_ERROR)
TypeError: Binary Location Must be a String
2025-10-26 15:07:41,507 - ERROR - Error pada percobaan 198: Gagal total setup driver. Cek log di atas.
Traceback (most recent call last):
  File "C:\laragon\www\dapokalsel\sekolah\import_url_kabupaten.pyw", line 285, in process_url_induk
    raise Exception("Gagal total setup driver. Cek log di atas.")
Exception: Gagal total setup driver. Cek log di atas.
2025-10-26 15:07:41,507 - INFO - Percobaan ulang 199/300...
2025-10-26 15:07:56,507 - INFO - Memulai setup driver...
2025-10-26 15:07:56,507 - INFO - Menggunakan User Data Directory: C:\laragon\www\dapokalsel\chrome_profile
2025-10-26 15:07:56,507 - INFO - Menginisialisasi uc.Chrome()...
2025-10-26 15:07:59,444 - INFO - patching driver executable C:\laragon\www\dapokalsel\sekolah\~\appdata\roaming\undetected_chromedriver\undetected_chromedriver.exe
2025-10-26 15:07:59,538 - ERROR - GAGAL total saat setup driver: Binary Location Must be a String
Traceback (most recent call last):
  File "C:\laragon\www\dapokalsel\sekolah\import_url_kabupaten.pyw", line 80, in setup_driver
    driver = uc.Chrome(
  File "C:\laragon\bin\python\python-3.10\lib\site-packages\undetected_chromedriver\__init__.py", line 372, in __init__
    options.binary_location = (
  File "C:\laragon\bin\python\python-3.10\lib\site-packages\selenium\webdriver\chromium\options.py", line 52, in binary_location
    raise TypeError(self.BINARY_LOCATION_ERROR)
TypeError: Binary Location Must be a String
2025-10-26 15:07:59,538 - ERROR - Error pada percobaan 199: Gagal total setup driver. Cek log di atas.
Traceback (most recent call last):
  File "C:\laragon\www\dapokalsel\sekolah\import_url_kabupaten.pyw", line 285, in process_url_induk
    raise Exception("Gagal total setup driver. Cek log di atas.")
Exception: Gagal total setup driver. Cek log di atas.
2025-10-26 15:07:59,538 - INFO - Percobaan ulang 200/300...
2025-10-26 15:08:14,539 - INFO - Memulai setup driver...
2025-10-26 15:08:14,539 - INFO - Menggunakan User Data Directory: C:\laragon\www\dapokalsel\chrome_profile
2025-10-26 15:08:14,539 - INFO - Menginisialisasi uc.Chrome()...
2025-10-26 15:08:17,467 - INFO - patching driver executable C:\laragon\www\dapokalsel\sekolah\~\appdata\roaming\undetected_chromedriver\undetected_chromedriver.exe
2025-10-26 15:08:17,538 - ERROR - GAGAL total saat setup driver: Binary Location Must be a String
Traceback (most recent call last):
  File "C:\laragon\www\dapokalsel\sekolah\import_url_kabupaten.pyw", line 80, in setup_driver
    driver = uc.Chrome(
  File "C:\laragon\bin\python\python-3.10\lib\site-packages\undetected_chromedriver\__init__.py", line 372, in __init__
    options.binary_location = (
  File "C:\laragon\bin\python\python-3.10\lib\site-packages\selenium\webdriver\chromium\options.py", line 52, in binary_location
    raise TypeError(self.BINARY_LOCATION_ERROR)
TypeError: Binary Location Must be a String
2025-10-26 15:08:17,538 - ERROR - Error pada percobaan 200: Gagal total setup driver. Cek log di atas.
Traceback (most recent call last):
  File "C:\laragon\www\dapokalsel\sekolah\import_url_kabupaten.pyw", line 285, in process_url_induk
    raise Exception("Gagal total setup driver. Cek log di atas.")
Exception: Gagal total setup driver. Cek log di atas.
2025-10-26 15:08:17,538 - INFO - Percobaan ulang 201/300...
2025-10-26 15:08:32,538 - INFO - Memulai setup driver...
2025-10-26 15:08:32,538 - INFO - Menggunakan User Data Directory: C:\laragon\www\dapokalsel\chrome_profile
2025-10-26 15:08:32,538 - INFO - Menginisialisasi uc.Chrome()...
2025-10-26 15:08:35,444 - INFO - patching driver executable C:\laragon\www\dapokalsel\sekolah\~\appdata\roaming\undetected_chromedriver\undetected_chromedriver.exe
2025-10-26 15:08:35,526 - ERROR - GAGAL total saat setup driver: Binary Location Must be a String
Traceback (most recent call last):
  File "C:\laragon\www\dapokalsel\sekolah\import_url_kabupaten.pyw", line 80, in setup_driver
    driver = uc.Chrome(
  File "C:\laragon\bin\python\python-3.10\lib\site-packages\undetected_chromedriver\__init__.py", line 372, in __init__
    options.binary_location = (
  File "C:\laragon\bin\python\python-3.10\lib\site-packages\selenium\webdriver\chromium\options.py", line 52, in binary_location
    raise TypeError(self.BINARY_LOCATION_ERROR)
TypeError: Binary Location Must be a String
2025-10-26 15:08:35,527 - ERROR - Error pada percobaan 201: Gagal total setup driver. Cek log di atas.
Traceback (most recent call last):
  File "C:\laragon\www\dapokalsel\sekolah\import_url_kabupaten.pyw", line 285, in process_url_induk
    raise Exception("Gagal total setup driver. Cek log di atas.")
Exception: Gagal total setup driver. Cek log di atas.
2025-10-26 15:08:35,527 - INFO - Percobaan ulang 202/300...
2025-10-26 15:08:50,539 - INFO - Memulai setup driver...
2025-10-26 15:08:50,539 - INFO - Menggunakan User Data Directory: C:\laragon\www\dapokalsel\chrome_profile
2025-10-26 15:08:50,539 - INFO - Menginisialisasi uc.Chrome()...
2025-10-26 15:08:53,412 - INFO - patching driver executable C:\laragon\www\dapokalsel\sekolah\~\appdata\roaming\undetected_chromedriver\undetected_chromedriver.exe
2025-10-26 15:08:53,491 - ERROR - GAGAL total saat setup driver: Binary Location Must be a String
Traceback (most recent call last):
  File "C:\laragon\www\dapokalsel\sekolah\import_url_kabupaten.pyw", line 80, in setup_driver
    driver = uc.Chrome(
  File "C:\laragon\bin\python\python-3.10\lib\site-packages\undetected_chromedriver\__init__.py", line 372, in __init__
    options.binary_location = (
  File "C:\laragon\bin\python\python-3.10\lib\site-packages\selenium\webdriver\chromium\options.py", line 52, in binary_location
    raise TypeError(self.BINARY_LOCATION_ERROR)
TypeError: Binary Location Must be a String
2025-10-26 15:08:53,491 - ERROR - Error pada percobaan 202: Gagal total setup driver. Cek log di atas.
Traceback (most recent call last):
  File "C:\laragon\www\dapokalsel\sekolah\import_url_kabupaten.pyw", line 285, in process_url_induk
    raise Exception("Gagal total setup driver. Cek log di atas.")
Exception: Gagal total setup driver. Cek log di atas.
2025-10-26 15:08:53,491 - INFO - Percobaan ulang 203/300...
2025-10-26 15:09:08,491 - INFO - Memulai setup driver...
2025-10-26 15:09:08,491 - INFO - Menggunakan User Data Directory: C:\laragon\www\dapokalsel\chrome_profile
2025-10-26 15:09:08,491 - INFO - Menginisialisasi uc.Chrome()...
2025-10-26 15:09:11,507 - INFO - patching driver executable C:\laragon\www\dapokalsel\sekolah\~\appdata\roaming\undetected_chromedriver\undetected_chromedriver.exe
2025-10-26 15:09:11,585 - ERROR - GAGAL total saat setup driver: Binary Location Must be a String
Traceback (most recent call last):
  File "C:\laragon\www\dapokalsel\sekolah\import_url_kabupaten.pyw", line 80, in setup_driver
    driver = uc.Chrome(
  File "C:\laragon\bin\python\python-3.10\lib\site-packages\undetected_chromedriver\__init__.py", line 372, in __init__
    options.binary_location = (
  File "C:\laragon\bin\python\python-3.10\lib\site-packages\selenium\webdriver\chromium\options.py", line 52, in binary_location
    raise TypeError(self.BINARY_LOCATION_ERROR)
TypeError: Binary Location Must be a String
2025-10-26 15:09:11,585 - ERROR - Error pada percobaan 203: Gagal total setup driver. Cek log di atas.
Traceback (most recent call last):
  File "C:\laragon\www\dapokalsel\sekolah\import_url_kabupaten.pyw", line 285, in process_url_induk
    raise Exception("Gagal total setup driver. Cek log di atas.")
Exception: Gagal total setup driver. Cek log di atas.
2025-10-26 15:09:11,585 - INFO - Percobaan ulang 204/300...
2025-10-26 15:09:26,588 - INFO - Memulai setup driver...
2025-10-26 15:09:26,588 - INFO - Menggunakan User Data Directory: C:\laragon\www\dapokalsel\chrome_profile
2025-10-26 15:09:26,589 - INFO - Menginisialisasi uc.Chrome()...
2025-10-26 15:09:29,929 - INFO - patching driver executable C:\laragon\www\dapokalsel\sekolah\~\appdata\roaming\undetected_chromedriver\undetected_chromedriver.exe
2025-10-26 15:09:30,007 - ERROR - GAGAL total saat setup driver: Binary Location Must be a String
Traceback (most recent call last):
  File "C:\laragon\www\dapokalsel\sekolah\import_url_kabupaten.pyw", line 80, in setup_driver
    driver = uc.Chrome(
  File "C:\laragon\bin\python\python-3.10\lib\site-packages\undetected_chromedriver\__init__.py", line 372, in __init__
    options.binary_location = (
  File "C:\laragon\bin\python\python-3.10\lib\site-packages\selenium\webdriver\chromium\options.py", line 52, in binary_location
    raise TypeError(self.BINARY_LOCATION_ERROR)
TypeError: Binary Location Must be a String
2025-10-26 15:09:30,007 - ERROR - Error pada percobaan 204: Gagal total setup driver. Cek log di atas.
Traceback (most recent call last):
  File "C:\laragon\www\dapokalsel\sekolah\import_url_kabupaten.pyw", line 285, in process_url_induk
    raise Exception("Gagal total setup driver. Cek log di atas.")
Exception: Gagal total setup driver. Cek log di atas.
2025-10-26 15:09:30,008 - INFO - Percobaan ulang 205/300...
2025-10-26 15:09:45,008 - INFO - Memulai setup driver...
2025-10-26 15:09:45,008 - INFO - Menggunakan User Data Directory: C:\laragon\www\dapokalsel\chrome_profile
2025-10-26 15:09:45,008 - INFO - Menginisialisasi uc.Chrome()...
2025-10-26 15:09:48,009 - INFO - patching driver executable C:\laragon\www\dapokalsel\sekolah\~\appdata\roaming\undetected_chromedriver\undetected_chromedriver.exe
2025-10-26 15:09:48,084 - ERROR - GAGAL total saat setup driver: Binary Location Must be a String
Traceback (most recent call last):
  File "C:\laragon\www\dapokalsel\sekolah\import_url_kabupaten.pyw", line 80, in setup_driver
    driver = uc.Chrome(
  File "C:\laragon\bin\python\python-3.10\lib\site-packages\undetected_chromedriver\__init__.py", line 372, in __init__
    options.binary_location = (
  File "C:\laragon\bin\python\python-3.10\lib\site-packages\selenium\webdriver\chromium\options.py", line 52, in binary_location
    raise TypeError(self.BINARY_LOCATION_ERROR)
TypeError: Binary Location Must be a String
2025-10-26 15:09:48,084 - ERROR - Error pada percobaan 205: Gagal total setup driver. Cek log di atas.
Traceback (most recent call last):
  File "C:\laragon\www\dapokalsel\sekolah\import_url_kabupaten.pyw", line 285, in process_url_induk
    raise Exception("Gagal total setup driver. Cek log di atas.")
Exception: Gagal total setup driver. Cek log di atas.
2025-10-26 15:09:48,084 - INFO - Percobaan ulang 206/300...
2025-10-26 15:10:03,099 - INFO - Memulai setup driver...
2025-10-26 15:10:03,099 - INFO - Menggunakan User Data Directory: C:\laragon\www\dapokalsel\chrome_profile
2025-10-26 15:10:03,099 - INFO - Menginisialisasi uc.Chrome()...
2025-10-26 15:10:06,163 - INFO - patching driver executable C:\laragon\www\dapokalsel\sekolah\~\appdata\roaming\undetected_chromedriver\undetected_chromedriver.exe
2025-10-26 15:10:06,248 - ERROR - GAGAL total saat setup driver: Binary Location Must be a String
Traceback (most recent call last):
  File "C:\laragon\www\dapokalsel\sekolah\import_url_kabupaten.pyw", line 80, in setup_driver
    driver = uc.Chrome(
  File "C:\laragon\bin\python\python-3.10\lib\site-packages\undetected_chromedriver\__init__.py", line 372, in __init__
    options.binary_location = (
  File "C:\laragon\bin\python\python-3.10\lib\site-packages\selenium\webdriver\chromium\options.py", line 52, in binary_location
    raise TypeError(self.BINARY_LOCATION_ERROR)
TypeError: Binary Location Must be a String
2025-10-26 15:10:06,249 - ERROR - Error pada percobaan 206: Gagal total setup driver. Cek log di atas.
Traceback (most recent call last):
  File "C:\laragon\www\dapokalsel\sekolah\import_url_kabupaten.pyw", line 285, in process_url_induk
    raise Exception("Gagal total setup driver. Cek log di atas.")
Exception: Gagal total setup driver. Cek log di atas.
2025-10-26 15:10:06,249 - INFO - Percobaan ulang 207/300...
2025-10-26 15:10:21,257 - INFO - Memulai setup driver...
2025-10-26 15:10:21,257 - INFO - Menggunakan User Data Directory: C:\laragon\www\dapokalsel\chrome_profile
2025-10-26 15:10:21,257 - INFO - Menginisialisasi uc.Chrome()...
2025-10-26 15:10:24,569 - INFO - patching driver executable C:\laragon\www\dapokalsel\sekolah\~\appdata\roaming\undetected_chromedriver\undetected_chromedriver.exe
2025-10-26 15:10:24,659 - ERROR - GAGAL total saat setup driver: Binary Location Must be a String
Traceback (most recent call last):
  File "C:\laragon\www\dapokalsel\sekolah\import_url_kabupaten.pyw", line 80, in setup_driver
    driver = uc.Chrome(
  File "C:\laragon\bin\python\python-3.10\lib\site-packages\undetected_chromedriver\__init__.py", line 372, in __init__
    options.binary_location = (
  File "C:\laragon\bin\python\python-3.10\lib\site-packages\selenium\webdriver\chromium\options.py", line 52, in binary_location
    raise TypeError(self.BINARY_LOCATION_ERROR)
TypeError: Binary Location Must be a String
2025-10-26 15:10:24,660 - ERROR - Error pada percobaan 207: Gagal total setup driver. Cek log di atas.
Traceback (most recent call last):
  File "C:\laragon\www\dapokalsel\sekolah\import_url_kabupaten.pyw", line 285, in process_url_induk
    raise Exception("Gagal total setup driver. Cek log di atas.")
Exception: Gagal total setup driver. Cek log di atas.
2025-10-26 15:10:24,660 - INFO - Percobaan ulang 208/300...
2025-10-26 15:10:39,660 - INFO - Memulai setup driver...
2025-10-26 15:10:39,661 - INFO - Menggunakan User Data Directory: C:\laragon\www\dapokalsel\chrome_profile
2025-10-26 15:10:39,661 - INFO - Menginisialisasi uc.Chrome()...
2025-10-26 15:10:43,085 - INFO - patching driver executable C:\laragon\www\dapokalsel\sekolah\~\appdata\roaming\undetected_chromedriver\undetected_chromedriver.exe
2025-10-26 15:10:43,147 - ERROR - GAGAL total saat setup driver: Binary Location Must be a String
Traceback (most recent call last):
  File "C:\laragon\www\dapokalsel\sekolah\import_url_kabupaten.pyw", line 80, in setup_driver
    driver = uc.Chrome(
  File "C:\laragon\bin\python\python-3.10\lib\site-packages\undetected_chromedriver\__init__.py", line 372, in __init__
    options.binary_location = (
  File "C:\laragon\bin\python\python-3.10\lib\site-packages\selenium\webdriver\chromium\options.py", line 52, in binary_location
    raise TypeError(self.BINARY_LOCATION_ERROR)
TypeError: Binary Location Must be a String
2025-10-26 15:10:43,163 - ERROR - Error pada percobaan 208: Gagal total setup driver. Cek log di atas.
Traceback (most recent call last):
  File "C:\laragon\www\dapokalsel\sekolah\import_url_kabupaten.pyw", line 285, in process_url_induk
    raise Exception("Gagal total setup driver. Cek log di atas.")
Exception: Gagal total setup driver. Cek log di atas.
2025-10-26 15:10:43,163 - INFO - Percobaan ulang 209/300...
2025-10-26 15:10:58,163 - INFO - Memulai setup driver...
2025-10-26 15:10:58,164 - INFO - Menggunakan User Data Directory: C:\laragon\www\dapokalsel\chrome_profile
2025-10-26 15:10:58,164 - INFO - Menginisialisasi uc.Chrome()...
2025-10-26 15:11:01,663 - INFO - patching driver executable C:\laragon\www\dapokalsel\sekolah\~\appdata\roaming\undetected_chromedriver\undetected_chromedriver.exe
2025-10-26 15:11:01,743 - ERROR - GAGAL total saat setup driver: Binary Location Must be a String
Traceback (most recent call last):
  File "C:\laragon\www\dapokalsel\sekolah\import_url_kabupaten.pyw", line 80, in setup_driver
    driver = uc.Chrome(
  File "C:\laragon\bin\python\python-3.10\lib\site-packages\undetected_chromedriver\__init__.py", line 372, in __init__
    options.binary_location = (
  File "C:\laragon\bin\python\python-3.10\lib\site-packages\selenium\webdriver\chromium\options.py", line 52, in binary_location
    raise TypeError(self.BINARY_LOCATION_ERROR)
TypeError: Binary Location Must be a String
2025-10-26 15:11:01,744 - ERROR - Error pada percobaan 209: Gagal total setup driver. Cek log di atas.
Traceback (most recent call last):
  File "C:\laragon\www\dapokalsel\sekolah\import_url_kabupaten.pyw", line 285, in process_url_induk
    raise Exception("Gagal total setup driver. Cek log di atas.")
Exception: Gagal total setup driver. Cek log di atas.
2025-10-26 15:11:01,744 - INFO - Percobaan ulang 210/300...
2025-10-26 15:11:16,744 - INFO - Memulai setup driver...
2025-10-26 15:11:16,745 - INFO - Menggunakan User Data Directory: C:\laragon\www\dapokalsel\chrome_profile
2025-10-26 15:11:16,746 - INFO - Menginisialisasi uc.Chrome()...
2025-10-26 15:11:20,204 - INFO - patching driver executable C:\laragon\www\dapokalsel\sekolah\~\appdata\roaming\undetected_chromedriver\undetected_chromedriver.exe
2025-10-26 15:11:20,273 - ERROR - GAGAL total saat setup driver: Binary Location Must be a String
Traceback (most recent call last):
  File "C:\laragon\www\dapokalsel\sekolah\import_url_kabupaten.pyw", line 80, in setup_driver
    driver = uc.Chrome(
  File "C:\laragon\bin\python\python-3.10\lib\site-packages\undetected_chromedriver\__init__.py", line 372, in __init__
    options.binary_location = (
  File "C:\laragon\bin\python\python-3.10\lib\site-packages\selenium\webdriver\chromium\options.py", line 52, in binary_location
    raise TypeError(self.BINARY_LOCATION_ERROR)
TypeError: Binary Location Must be a String
2025-10-26 15:11:20,273 - ERROR - Error pada percobaan 210: Gagal total setup driver. Cek log di atas.
Traceback (most recent call last):
  File "C:\laragon\www\dapokalsel\sekolah\import_url_kabupaten.pyw", line 285, in process_url_induk
    raise Exception("Gagal total setup driver. Cek log di atas.")
Exception: Gagal total setup driver. Cek log di atas.
2025-10-26 15:11:20,273 - INFO - Percobaan ulang 211/300...
2025-10-26 15:11:35,288 - INFO - Memulai setup driver...
2025-10-26 15:11:35,288 - INFO - Menggunakan User Data Directory: C:\laragon\www\dapokalsel\chrome_profile
2025-10-26 15:11:35,288 - INFO - Menginisialisasi uc.Chrome()...
2025-10-26 15:11:38,949 - INFO - patching driver executable C:\laragon\www\dapokalsel\sekolah\~\appdata\roaming\undetected_chromedriver\undetected_chromedriver.exe
2025-10-26 15:11:39,028 - ERROR - GAGAL total saat setup driver: Binary Location Must be a String
Traceback (most recent call last):
  File "C:\laragon\www\dapokalsel\sekolah\import_url_kabupaten.pyw", line 80, in setup_driver
    driver = uc.Chrome(
  File "C:\laragon\bin\python\python-3.10\lib\site-packages\undetected_chromedriver\__init__.py", line 372, in __init__
    options.binary_location = (
  File "C:\laragon\bin\python\python-3.10\lib\site-packages\selenium\webdriver\chromium\options.py", line 52, in binary_location
    raise TypeError(self.BINARY_LOCATION_ERROR)
TypeError: Binary Location Must be a String
2025-10-26 15:11:39,028 - ERROR - Error pada percobaan 211: Gagal total setup driver. Cek log di atas.
Traceback (most recent call last):
  File "C:\laragon\www\dapokalsel\sekolah\import_url_kabupaten.pyw", line 285, in process_url_induk
    raise Exception("Gagal total setup driver. Cek log di atas.")
Exception: Gagal total setup driver. Cek log di atas.
2025-10-26 15:11:39,029 - INFO - Percobaan ulang 212/300...
2025-10-26 15:11:54,029 - INFO - Memulai setup driver...
2025-10-26 15:11:54,029 - INFO - Menggunakan User Data Directory: C:\laragon\www\dapokalsel\chrome_profile
2025-10-26 15:11:54,029 - INFO - Menginisialisasi uc.Chrome()...
2025-10-26 15:11:57,538 - INFO - patching driver executable C:\laragon\www\dapokalsel\sekolah\~\appdata\roaming\undetected_chromedriver\undetected_chromedriver.exe
2025-10-26 15:11:57,616 - ERROR - GAGAL total saat setup driver: Binary Location Must be a String
Traceback (most recent call last):
  File "C:\laragon\www\dapokalsel\sekolah\import_url_kabupaten.pyw", line 80, in setup_driver
    driver = uc.Chrome(
  File "C:\laragon\bin\python\python-3.10\lib\site-packages\undetected_chromedriver\__init__.py", line 372, in __init__
    options.binary_location = (
  File "C:\laragon\bin\python\python-3.10\lib\site-packages\selenium\webdriver\chromium\options.py", line 52, in binary_location
    raise TypeError(self.BINARY_LOCATION_ERROR)
TypeError: Binary Location Must be a String
2025-10-26 15:11:57,616 - ERROR - Error pada percobaan 212: Gagal total setup driver. Cek log di atas.
Traceback (most recent call last):
  File "C:\laragon\www\dapokalsel\sekolah\import_url_kabupaten.pyw", line 285, in process_url_induk
    raise Exception("Gagal total setup driver. Cek log di atas.")
Exception: Gagal total setup driver. Cek log di atas.
2025-10-26 15:11:57,616 - INFO - Percobaan ulang 213/300...
2025-10-26 15:12:12,617 - INFO - Memulai setup driver...
2025-10-26 15:12:12,617 - INFO - Menggunakan User Data Directory: C:\laragon\www\dapokalsel\chrome_profile
2025-10-26 15:12:12,617 - INFO - Menginisialisasi uc.Chrome()...
2025-10-26 15:12:15,471 - INFO - patching driver executable C:\laragon\www\dapokalsel\sekolah\~\appdata\roaming\undetected_chromedriver\undetected_chromedriver.exe
2025-10-26 15:12:15,538 - ERROR - GAGAL total saat setup driver: Binary Location Must be a String
Traceback (most recent call last):
  File "C:\laragon\www\dapokalsel\sekolah\import_url_kabupaten.pyw", line 80, in setup_driver
    driver = uc.Chrome(
  File "C:\laragon\bin\python\python-3.10\lib\site-packages\undetected_chromedriver\__init__.py", line 372, in __init__
    options.binary_location = (
  File "C:\laragon\bin\python\python-3.10\lib\site-packages\selenium\webdriver\chromium\options.py", line 52, in binary_location
    raise TypeError(self.BINARY_LOCATION_ERROR)
TypeError: Binary Location Must be a String
2025-10-26 15:12:15,538 - ERROR - Error pada percobaan 213: Gagal total setup driver. Cek log di atas.
Traceback (most recent call last):
  File "C:\laragon\www\dapokalsel\sekolah\import_url_kabupaten.pyw", line 285, in process_url_induk
    raise Exception("Gagal total setup driver. Cek log di atas.")
Exception: Gagal total setup driver. Cek log di atas.
2025-10-26 15:12:15,538 - INFO - Percobaan ulang 214/300...
2025-10-26 15:12:30,539 - INFO - Memulai setup driver...
2025-10-26 15:12:30,539 - INFO - Menggunakan User Data Directory: C:\laragon\www\dapokalsel\chrome_profile
2025-10-26 15:12:30,539 - INFO - Menginisialisasi uc.Chrome()...
2025-10-26 15:12:34,304 - INFO - patching driver executable C:\laragon\www\dapokalsel\sekolah\~\appdata\roaming\undetected_chromedriver\undetected_chromedriver.exe
2025-10-26 15:12:34,382 - ERROR - GAGAL total saat setup driver: Binary Location Must be a String
Traceback (most recent call last):
  File "C:\laragon\www\dapokalsel\sekolah\import_url_kabupaten.pyw", line 80, in setup_driver
    driver = uc.Chrome(
  File "C:\laragon\bin\python\python-3.10\lib\site-packages\undetected_chromedriver\__init__.py", line 372, in __init__
    options.binary_location = (
  File "C:\laragon\bin\python\python-3.10\lib\site-packages\selenium\webdriver\chromium\options.py", line 52, in binary_location
    raise TypeError(self.BINARY_LOCATION_ERROR)
TypeError: Binary Location Must be a String
2025-10-26 15:12:34,382 - ERROR - Error pada percobaan 214: Gagal total setup driver. Cek log di atas.
Traceback (most recent call last):
  File "C:\laragon\www\dapokalsel\sekolah\import_url_kabupaten.pyw", line 285, in process_url_induk
    raise Exception("Gagal total setup driver. Cek log di atas.")
Exception: Gagal total setup driver. Cek log di atas.
2025-10-26 15:12:34,382 - INFO - Percobaan ulang 215/300...
2025-10-26 15:12:49,382 - INFO - Memulai setup driver...
2025-10-26 15:12:49,382 - INFO - Menggunakan User Data Directory: C:\laragon\www\dapokalsel\chrome_profile
2025-10-26 15:12:49,382 - INFO - Menginisialisasi uc.Chrome()...
2025-10-26 15:12:52,989 - INFO - patching driver executable C:\laragon\www\dapokalsel\sekolah\~\appdata\roaming\undetected_chromedriver\undetected_chromedriver.exe
2025-10-26 15:12:53,058 - ERROR - GAGAL total saat setup driver: Binary Location Must be a String
Traceback (most recent call last):
  File "C:\laragon\www\dapokalsel\sekolah\import_url_kabupaten.pyw", line 80, in setup_driver
    driver = uc.Chrome(
  File "C:\laragon\bin\python\python-3.10\lib\site-packages\undetected_chromedriver\__init__.py", line 372, in __init__
    options.binary_location = (
  File "C:\laragon\bin\python\python-3.10\lib\site-packages\selenium\webdriver\chromium\options.py", line 52, in binary_location
    raise TypeError(self.BINARY_LOCATION_ERROR)
TypeError: Binary Location Must be a String
2025-10-26 15:12:53,058 - ERROR - Error pada percobaan 215: Gagal total setup driver. Cek log di atas.
Traceback (most recent call last):
  File "C:\laragon\www\dapokalsel\sekolah\import_url_kabupaten.pyw", line 285, in process_url_induk
    raise Exception("Gagal total setup driver. Cek log di atas.")
Exception: Gagal total setup driver. Cek log di atas.
2025-10-26 15:12:53,058 - INFO - Percobaan ulang 216/300...
2025-10-26 15:13:08,058 - INFO - Memulai setup driver...
2025-10-26 15:13:08,058 - INFO - Menggunakan User Data Directory: C:\laragon\www\dapokalsel\chrome_profile
2025-10-26 15:13:08,058 - INFO - Menginisialisasi uc.Chrome()...
2025-10-26 15:13:10,936 - INFO - patching driver executable C:\laragon\www\dapokalsel\sekolah\~\appdata\roaming\undetected_chromedriver\undetected_chromedriver.exe
2025-10-26 15:13:11,016 - ERROR - GAGAL total saat setup driver: Binary Location Must be a String
Traceback (most recent call last):
  File "C:\laragon\www\dapokalsel\sekolah\import_url_kabupaten.pyw", line 80, in setup_driver
    driver = uc.Chrome(
  File "C:\laragon\bin\python\python-3.10\lib\site-packages\undetected_chromedriver\__init__.py", line 372, in __init__
    options.binary_location = (
  File "C:\laragon\bin\python\python-3.10\lib\site-packages\selenium\webdriver\chromium\options.py", line 52, in binary_location
    raise TypeError(self.BINARY_LOCATION_ERROR)
TypeError: Binary Location Must be a String
2025-10-26 15:13:11,017 - ERROR - Error pada percobaan 216: Gagal total setup driver. Cek log di atas.
Traceback (most recent call last):
  File "C:\laragon\www\dapokalsel\sekolah\import_url_kabupaten.pyw", line 285, in process_url_induk
    raise Exception("Gagal total setup driver. Cek log di atas.")
Exception: Gagal total setup driver. Cek log di atas.
2025-10-26 15:13:11,017 - INFO - Percobaan ulang 217/300...
2025-10-26 15:13:26,017 - INFO - Memulai setup driver...
2025-10-26 15:13:26,018 - INFO - Menggunakan User Data Directory: C:\laragon\www\dapokalsel\chrome_profile
2025-10-26 15:13:26,018 - INFO - Menginisialisasi uc.Chrome()...
2025-10-26 15:13:30,012 - INFO - patching driver executable C:\laragon\www\dapokalsel\sekolah\~\appdata\roaming\undetected_chromedriver\undetected_chromedriver.exe
2025-10-26 15:13:30,117 - ERROR - GAGAL total saat setup driver: Binary Location Must be a String
Traceback (most recent call last):
  File "C:\laragon\www\dapokalsel\sekolah\import_url_kabupaten.pyw", line 80, in setup_driver
    driver = uc.Chrome(
  File "C:\laragon\bin\python\python-3.10\lib\site-packages\undetected_chromedriver\__init__.py", line 372, in __init__
    options.binary_location = (
  File "C:\laragon\bin\python\python-3.10\lib\site-packages\selenium\webdriver\chromium\options.py", line 52, in binary_location
    raise TypeError(self.BINARY_LOCATION_ERROR)
TypeError: Binary Location Must be a String
2025-10-26 15:13:30,117 - ERROR - Error pada percobaan 217: Gagal total setup driver. Cek log di atas.
Traceback (most recent call last):
  File "C:\laragon\www\dapokalsel\sekolah\import_url_kabupaten.pyw", line 285, in process_url_induk
    raise Exception("Gagal total setup driver. Cek log di atas.")
Exception: Gagal total setup driver. Cek log di atas.
2025-10-26 15:13:30,117 - INFO - Percobaan ulang 218/300...
2025-10-26 15:13:45,132 - INFO - Memulai setup driver...
2025-10-26 15:13:45,132 - INFO - Menggunakan User Data Directory: C:\laragon\www\dapokalsel\chrome_profile
2025-10-26 15:13:45,132 - INFO - Menginisialisasi uc.Chrome()...
2025-10-26 15:13:48,276 - INFO - patching driver executable C:\laragon\www\dapokalsel\sekolah\~\appdata\roaming\undetected_chromedriver\undetected_chromedriver.exe
2025-10-26 15:13:48,367 - ERROR - GAGAL total saat setup driver: Binary Location Must be a String
Traceback (most recent call last):
  File "C:\laragon\www\dapokalsel\sekolah\import_url_kabupaten.pyw", line 80, in setup_driver
    driver = uc.Chrome(
  File "C:\laragon\bin\python\python-3.10\lib\site-packages\undetected_chromedriver\__init__.py", line 372, in __init__
    options.binary_location = (
  File "C:\laragon\bin\python\python-3.10\lib\site-packages\selenium\webdriver\chromium\options.py", line 52, in binary_location
    raise TypeError(self.BINARY_LOCATION_ERROR)
TypeError: Binary Location Must be a String
2025-10-26 15:13:48,367 - ERROR - Error pada percobaan 218: Gagal total setup driver. Cek log di atas.
Traceback (most recent call last):
  File "C:\laragon\www\dapokalsel\sekolah\import_url_kabupaten.pyw", line 285, in process_url_induk
    raise Exception("Gagal total setup driver. Cek log di atas.")
Exception: Gagal total setup driver. Cek log di atas.
2025-10-26 15:13:48,367 - INFO - Percobaan ulang 219/300...
2025-10-26 15:14:03,382 - INFO - Memulai setup driver...
2025-10-26 15:14:03,382 - INFO - Menggunakan User Data Directory: C:\laragon\www\dapokalsel\chrome_profile
2025-10-26 15:14:03,382 - INFO - Menginisialisasi uc.Chrome()...
2025-10-26 15:14:06,397 - INFO - patching driver executable C:\laragon\www\dapokalsel\sekolah\~\appdata\roaming\undetected_chromedriver\undetected_chromedriver.exe
2025-10-26 15:14:06,475 - ERROR - GAGAL total saat setup driver: Binary Location Must be a String
Traceback (most recent call last):
  File "C:\laragon\www\dapokalsel\sekolah\import_url_kabupaten.pyw", line 80, in setup_driver
    driver = uc.Chrome(
  File "C:\laragon\bin\python\python-3.10\lib\site-packages\undetected_chromedriver\__init__.py", line 372, in __init__
    options.binary_location = (
  File "C:\laragon\bin\python\python-3.10\lib\site-packages\selenium\webdriver\chromium\options.py", line 52, in binary_location
    raise TypeError(self.BINARY_LOCATION_ERROR)
TypeError: Binary Location Must be a String
2025-10-26 15:14:06,475 - ERROR - Error pada percobaan 219: Gagal total setup driver. Cek log di atas.
Traceback (most recent call last):
  File "C:\laragon\www\dapokalsel\sekolah\import_url_kabupaten.pyw", line 285, in process_url_induk
    raise Exception("Gagal total setup driver. Cek log di atas.")
Exception: Gagal total setup driver. Cek log di atas.
2025-10-26 15:14:06,475 - INFO - Percobaan ulang 220/300...
2025-10-26 15:14:21,475 - INFO - Memulai setup driver...
2025-10-26 15:14:21,475 - INFO - Menggunakan User Data Directory: C:\laragon\www\dapokalsel\chrome_profile
2025-10-26 15:14:21,475 - INFO - Menginisialisasi uc.Chrome()...
2025-10-26 15:14:26,288 - INFO - patching driver executable C:\laragon\www\dapokalsel\sekolah\~\appdata\roaming\undetected_chromedriver\undetected_chromedriver.exe
2025-10-26 15:14:26,366 - ERROR - GAGAL total saat setup driver: Binary Location Must be a String
Traceback (most recent call last):
  File "C:\laragon\www\dapokalsel\sekolah\import_url_kabupaten.pyw", line 80, in setup_driver
    driver = uc.Chrome(
  File "C:\laragon\bin\python\python-3.10\lib\site-packages\undetected_chromedriver\__init__.py", line 372, in __init__
    options.binary_location = (
  File "C:\laragon\bin\python\python-3.10\lib\site-packages\selenium\webdriver\chromium\options.py", line 52, in binary_location
    raise TypeError(self.BINARY_LOCATION_ERROR)
TypeError: Binary Location Must be a String
2025-10-26 15:14:26,366 - ERROR - Error pada percobaan 220: Gagal total setup driver. Cek log di atas.
Traceback (most recent call last):
  File "C:\laragon\www\dapokalsel\sekolah\import_url_kabupaten.pyw", line 285, in process_url_induk
    raise Exception("Gagal total setup driver. Cek log di atas.")
Exception: Gagal total setup driver. Cek log di atas.
2025-10-26 15:14:26,366 - INFO - Percobaan ulang 221/300...
2025-10-26 15:14:41,367 - INFO - Memulai setup driver...
2025-10-26 15:14:41,367 - INFO - Menggunakan User Data Directory: C:\laragon\www\dapokalsel\chrome_profile
2025-10-26 15:14:41,367 - INFO - Menginisialisasi uc.Chrome()...
2025-10-26 15:14:44,713 - INFO - patching driver executable C:\laragon\www\dapokalsel\sekolah\~\appdata\roaming\undetected_chromedriver\undetected_chromedriver.exe
2025-10-26 15:14:44,794 - ERROR - GAGAL total saat setup driver: Binary Location Must be a String
Traceback (most recent call last):
  File "C:\laragon\www\dapokalsel\sekolah\import_url_kabupaten.pyw", line 80, in setup_driver
    driver = uc.Chrome(
  File "C:\laragon\bin\python\python-3.10\lib\site-packages\undetected_chromedriver\__init__.py", line 372, in __init__
    options.binary_location = (
  File "C:\laragon\bin\python\python-3.10\lib\site-packages\selenium\webdriver\chromium\options.py", line 52, in binary_location
    raise TypeError(self.BINARY_LOCATION_ERROR)
TypeError: Binary Location Must be a String
2025-10-26 15:14:44,795 - ERROR - Error pada percobaan 221: Gagal total setup driver. Cek log di atas.
Traceback (most recent call last):
  File "C:\laragon\www\dapokalsel\sekolah\import_url_kabupaten.pyw", line 285, in process_url_induk
    raise Exception("Gagal total setup driver. Cek log di atas.")
Exception: Gagal total setup driver. Cek log di atas.
2025-10-26 15:14:44,795 - INFO - Percobaan ulang 222/300...
2025-10-26 15:14:59,805 - INFO - Memulai setup driver...
2025-10-26 15:14:59,805 - INFO - Menggunakan User Data Directory: C:\laragon\www\dapokalsel\chrome_profile
2025-10-26 15:14:59,805 - INFO - Menginisialisasi uc.Chrome()...
2025-10-26 15:15:03,161 - INFO - patching driver executable C:\laragon\www\dapokalsel\sekolah\~\appdata\roaming\undetected_chromedriver\undetected_chromedriver.exe
2025-10-26 15:15:03,242 - ERROR - GAGAL total saat setup driver: Binary Location Must be a String
Traceback (most recent call last):
  File "C:\laragon\www\dapokalsel\sekolah\import_url_kabupaten.pyw", line 80, in setup_driver
    driver = uc.Chrome(
  File "C:\laragon\bin\python\python-3.10\lib\site-packages\undetected_chromedriver\__init__.py", line 372, in __init__
    options.binary_location = (
  File "C:\laragon\bin\python\python-3.10\lib\site-packages\selenium\webdriver\chromium\options.py", line 52, in binary_location
    raise TypeError(self.BINARY_LOCATION_ERROR)
TypeError: Binary Location Must be a String
2025-10-26 15:15:03,242 - ERROR - Error pada percobaan 222: Gagal total setup driver. Cek log di atas.
Traceback (most recent call last):
  File "C:\laragon\www\dapokalsel\sekolah\import_url_kabupaten.pyw", line 285, in process_url_induk
    raise Exception("Gagal total setup driver. Cek log di atas.")
Exception: Gagal total setup driver. Cek log di atas.
2025-10-26 15:15:03,242 - INFO - Percobaan ulang 223/300...
2025-10-26 15:15:18,257 - INFO - Memulai setup driver...
2025-10-26 15:15:18,257 - INFO - Menggunakan User Data Directory: C:\laragon\www\dapokalsel\chrome_profile
2025-10-26 15:15:18,257 - INFO - Menginisialisasi uc.Chrome()...
2025-10-26 15:15:21,688 - INFO - patching driver executable C:\laragon\www\dapokalsel\sekolah\~\appdata\roaming\undetected_chromedriver\undetected_chromedriver.exe
2025-10-26 15:15:21,757 - ERROR - GAGAL total saat setup driver: Binary Location Must be a String
Traceback (most recent call last):
  File "C:\laragon\www\dapokalsel\sekolah\import_url_kabupaten.pyw", line 80, in setup_driver
    driver = uc.Chrome(
  File "C:\laragon\bin\python\python-3.10\lib\site-packages\undetected_chromedriver\__init__.py", line 372, in __init__
    options.binary_location = (
  File "C:\laragon\bin\python\python-3.10\lib\site-packages\selenium\webdriver\chromium\options.py", line 52, in binary_location
    raise TypeError(self.BINARY_LOCATION_ERROR)
TypeError: Binary Location Must be a String
2025-10-26 15:15:21,757 - ERROR - Error pada percobaan 223: Gagal total setup driver. Cek log di atas.
Traceback (most recent call last):
  File "C:\laragon\www\dapokalsel\sekolah\import_url_kabupaten.pyw", line 285, in process_url_induk
    raise Exception("Gagal total setup driver. Cek log di atas.")
Exception: Gagal total setup driver. Cek log di atas.
2025-10-26 15:15:21,757 - INFO - Percobaan ulang 224/300...
2025-10-26 15:15:36,772 - INFO - Memulai setup driver...
2025-10-26 15:15:36,772 - INFO - Menggunakan User Data Directory: C:\laragon\www\dapokalsel\chrome_profile
2025-10-26 15:15:36,772 - INFO - Menginisialisasi uc.Chrome()...
2025-10-26 15:15:40,049 - INFO - patching driver executable C:\laragon\www\dapokalsel\sekolah\~\appdata\roaming\undetected_chromedriver\undetected_chromedriver.exe
2025-10-26 15:15:40,116 - ERROR - GAGAL total saat setup driver: Binary Location Must be a String
Traceback (most recent call last):
  File "C:\laragon\www\dapokalsel\sekolah\import_url_kabupaten.pyw", line 80, in setup_driver
    driver = uc.Chrome(
  File "C:\laragon\bin\python\python-3.10\lib\site-packages\undetected_chromedriver\__init__.py", line 372, in __init__
    options.binary_location = (
  File "C:\laragon\bin\python\python-3.10\lib\site-packages\selenium\webdriver\chromium\options.py", line 52, in binary_location
    raise TypeError(self.BINARY_LOCATION_ERROR)
TypeError: Binary Location Must be a String
2025-10-26 15:15:40,116 - ERROR - Error pada percobaan 224: Gagal total setup driver. Cek log di atas.
Traceback (most recent call last):
  File "C:\laragon\www\dapokalsel\sekolah\import_url_kabupaten.pyw", line 285, in process_url_induk
    raise Exception("Gagal total setup driver. Cek log di atas.")
Exception: Gagal total setup driver. Cek log di atas.
2025-10-26 15:15:40,116 - INFO - Percobaan ulang 225/300...
2025-10-26 15:15:55,129 - INFO - Memulai setup driver...
2025-10-26 15:15:55,129 - INFO - Menggunakan User Data Directory: C:\laragon\www\dapokalsel\chrome_profile
2025-10-26 15:15:55,129 - INFO - Menginisialisasi uc.Chrome()...
2025-10-26 15:15:58,127 - INFO - patching driver executable C:\laragon\www\dapokalsel\sekolah\~\appdata\roaming\undetected_chromedriver\undetected_chromedriver.exe
2025-10-26 15:15:58,205 - ERROR - GAGAL total saat setup driver: Binary Location Must be a String
Traceback (most recent call last):
  File "C:\laragon\www\dapokalsel\sekolah\import_url_kabupaten.pyw", line 80, in setup_driver
    driver = uc.Chrome(
  File "C:\laragon\bin\python\python-3.10\lib\site-packages\undetected_chromedriver\__init__.py", line 372, in __init__
    options.binary_location = (
  File "C:\laragon\bin\python\python-3.10\lib\site-packages\selenium\webdriver\chromium\options.py", line 52, in binary_location
    raise TypeError(self.BINARY_LOCATION_ERROR)
TypeError: Binary Location Must be a String
2025-10-26 15:15:58,221 - ERROR - Error pada percobaan 225: Gagal total setup driver. Cek log di atas.
Traceback (most recent call last):
  File "C:\laragon\www\dapokalsel\sekolah\import_url_kabupaten.pyw", line 285, in process_url_induk
    raise Exception("Gagal total setup driver. Cek log di atas.")
Exception: Gagal total setup driver. Cek log di atas.
2025-10-26 15:15:58,221 - INFO - Percobaan ulang 226/300...
2025-10-26 15:16:13,226 - INFO - Memulai setup driver...
2025-10-26 15:16:13,226 - INFO - Menggunakan User Data Directory: C:\laragon\www\dapokalsel\chrome_profile
2025-10-26 15:16:13,226 - INFO - Menginisialisasi uc.Chrome()...
2025-10-26 15:16:16,142 - INFO - patching driver executable C:\laragon\www\dapokalsel\sekolah\~\appdata\roaming\undetected_chromedriver\undetected_chromedriver.exe
2025-10-26 15:16:16,227 - ERROR - GAGAL total saat setup driver: Binary Location Must be a String
Traceback (most recent call last):
  File "C:\laragon\www\dapokalsel\sekolah\import_url_kabupaten.pyw", line 80, in setup_driver
    driver = uc.Chrome(
  File "C:\laragon\bin\python\python-3.10\lib\site-packages\undetected_chromedriver\__init__.py", line 372, in __init__
    options.binary_location = (
  File "C:\laragon\bin\python\python-3.10\lib\site-packages\selenium\webdriver\chromium\options.py", line 52, in binary_location
    raise TypeError(self.BINARY_LOCATION_ERROR)
TypeError: Binary Location Must be a String
2025-10-26 15:16:16,227 - ERROR - Error pada percobaan 226: Gagal total setup driver. Cek log di atas.
Traceback (most recent call last):
  File "C:\laragon\www\dapokalsel\sekolah\import_url_kabupaten.pyw", line 285, in process_url_induk
    raise Exception("Gagal total setup driver. Cek log di atas.")
Exception: Gagal total setup driver. Cek log di atas.
2025-10-26 15:16:16,228 - INFO - Percobaan ulang 227/300...
2025-10-26 15:16:31,228 - INFO - Memulai setup driver...
2025-10-26 15:16:31,228 - INFO - Menggunakan User Data Directory: C:\laragon\www\dapokalsel\chrome_profile
2025-10-26 15:16:31,228 - INFO - Menginisialisasi uc.Chrome()...
2025-10-26 15:16:34,328 - INFO - patching driver executable C:\laragon\www\dapokalsel\sekolah\~\appdata\roaming\undetected_chromedriver\undetected_chromedriver.exe
2025-10-26 15:16:34,433 - ERROR - GAGAL total saat setup driver: Binary Location Must be a String
Traceback (most recent call last):
  File "C:\laragon\www\dapokalsel\sekolah\import_url_kabupaten.pyw", line 80, in setup_driver
    driver = uc.Chrome(
  File "C:\laragon\bin\python\python-3.10\lib\site-packages\undetected_chromedriver\__init__.py", line 372, in __init__
    options.binary_location = (
  File "C:\laragon\bin\python\python-3.10\lib\site-packages\selenium\webdriver\chromium\options.py", line 52, in binary_location
    raise TypeError(self.BINARY_LOCATION_ERROR)
TypeError: Binary Location Must be a String
2025-10-26 15:16:34,434 - ERROR - Error pada percobaan 227: Gagal total setup driver. Cek log di atas.
Traceback (most recent call last):
  File "C:\laragon\www\dapokalsel\sekolah\import_url_kabupaten.pyw", line 285, in process_url_induk
    raise Exception("Gagal total setup driver. Cek log di atas.")
Exception: Gagal total setup driver. Cek log di atas.
2025-10-26 15:16:34,435 - INFO - Percobaan ulang 228/300...
2025-10-26 15:16:49,435 - INFO - Memulai setup driver...
2025-10-26 15:16:49,435 - INFO - Menggunakan User Data Directory: C:\laragon\www\dapokalsel\chrome_profile
2025-10-26 15:16:49,435 - INFO - Menginisialisasi uc.Chrome()...
2025-10-26 15:16:53,117 - INFO - patching driver executable C:\laragon\www\dapokalsel\sekolah\~\appdata\roaming\undetected_chromedriver\undetected_chromedriver.exe
2025-10-26 15:16:53,210 - ERROR - GAGAL total saat setup driver: Binary Location Must be a String
Traceback (most recent call last):
  File "C:\laragon\www\dapokalsel\sekolah\import_url_kabupaten.pyw", line 80, in setup_driver
    driver = uc.Chrome(
  File "C:\laragon\bin\python\python-3.10\lib\site-packages\undetected_chromedriver\__init__.py", line 372, in __init__
    options.binary_location = (
  File "C:\laragon\bin\python\python-3.10\lib\site-packages\selenium\webdriver\chromium\options.py", line 52, in binary_location
    raise TypeError(self.BINARY_LOCATION_ERROR)
TypeError: Binary Location Must be a String
2025-10-26 15:16:53,210 - ERROR - Error pada percobaan 228: Gagal total setup driver. Cek log di atas.
Traceback (most recent call last):
  File "C:\laragon\www\dapokalsel\sekolah\import_url_kabupaten.pyw", line 285, in process_url_induk
    raise Exception("Gagal total setup driver. Cek log di atas.")
Exception: Gagal total setup driver. Cek log di atas.
2025-10-26 15:16:53,210 - INFO - Percobaan ulang 229/300...
2025-10-26 15:17:08,226 - INFO - Memulai setup driver...
2025-10-26 15:17:08,226 - INFO - Menggunakan User Data Directory: C:\laragon\www\dapokalsel\chrome_profile
2025-10-26 15:17:08,226 - INFO - Menginisialisasi uc.Chrome()...
2025-10-26 15:17:11,507 - INFO - patching driver executable C:\laragon\www\dapokalsel\sekolah\~\appdata\roaming\undetected_chromedriver\undetected_chromedriver.exe
2025-10-26 15:17:11,585 - ERROR - GAGAL total saat setup driver: Binary Location Must be a String
Traceback (most recent call last):
  File "C:\laragon\www\dapokalsel\sekolah\import_url_kabupaten.pyw", line 80, in setup_driver
    driver = uc.Chrome(
  File "C:\laragon\bin\python\python-3.10\lib\site-packages\undetected_chromedriver\__init__.py", line 372, in __init__
    options.binary_location = (
  File "C:\laragon\bin\python\python-3.10\lib\site-packages\selenium\webdriver\chromium\options.py", line 52, in binary_location
    raise TypeError(self.BINARY_LOCATION_ERROR)
TypeError: Binary Location Must be a String
2025-10-26 15:17:11,585 - ERROR - Error pada percobaan 229: Gagal total setup driver. Cek log di atas.
Traceback (most recent call last):
  File "C:\laragon\www\dapokalsel\sekolah\import_url_kabupaten.pyw", line 285, in process_url_induk
    raise Exception("Gagal total setup driver. Cek log di atas.")
Exception: Gagal total setup driver. Cek log di atas.
2025-10-26 15:17:11,585 - INFO - Percobaan ulang 230/300...
2025-10-26 15:17:26,586 - INFO - Memulai setup driver...
2025-10-26 15:17:26,586 - INFO - Menggunakan User Data Directory: C:\laragon\www\dapokalsel\chrome_profile
2025-10-26 15:17:26,586 - INFO - Menginisialisasi uc.Chrome()...
2025-10-26 15:17:30,225 - INFO - patching driver executable C:\laragon\www\dapokalsel\sekolah\~\appdata\roaming\undetected_chromedriver\undetected_chromedriver.exe
2025-10-26 15:17:30,303 - ERROR - GAGAL total saat setup driver: Binary Location Must be a String
Traceback (most recent call last):
  File "C:\laragon\www\dapokalsel\sekolah\import_url_kabupaten.pyw", line 80, in setup_driver
    driver = uc.Chrome(
  File "C:\laragon\bin\python\python-3.10\lib\site-packages\undetected_chromedriver\__init__.py", line 372, in __init__
    options.binary_location = (
  File "C:\laragon\bin\python\python-3.10\lib\site-packages\selenium\webdriver\chromium\options.py", line 52, in binary_location
    raise TypeError(self.BINARY_LOCATION_ERROR)
TypeError: Binary Location Must be a String
2025-10-26 15:17:30,303 - ERROR - Error pada percobaan 230: Gagal total setup driver. Cek log di atas.
Traceback (most recent call last):
  File "C:\laragon\www\dapokalsel\sekolah\import_url_kabupaten.pyw", line 285, in process_url_induk
    raise Exception("Gagal total setup driver. Cek log di atas.")
Exception: Gagal total setup driver. Cek log di atas.
2025-10-26 15:17:30,303 - INFO - Percobaan ulang 231/300...
2025-10-26 15:17:45,305 - INFO - Memulai setup driver...
2025-10-26 15:17:45,305 - INFO - Menggunakan User Data Directory: C:\laragon\www\dapokalsel\chrome_profile
2025-10-26 15:17:45,305 - INFO - Menginisialisasi uc.Chrome()...
2025-10-26 15:17:48,522 - INFO - patching driver executable C:\laragon\www\dapokalsel\sekolah\~\appdata\roaming\undetected_chromedriver\undetected_chromedriver.exe
2025-10-26 15:17:48,603 - ERROR - GAGAL total saat setup driver: Binary Location Must be a String
Traceback (most recent call last):
  File "C:\laragon\www\dapokalsel\sekolah\import_url_kabupaten.pyw", line 80, in setup_driver
    driver = uc.Chrome(
  File "C:\laragon\bin\python\python-3.10\lib\site-packages\undetected_chromedriver\__init__.py", line 372, in __init__
    options.binary_location = (
  File "C:\laragon\bin\python\python-3.10\lib\site-packages\selenium\webdriver\chromium\options.py", line 52, in binary_location
    raise TypeError(self.BINARY_LOCATION_ERROR)
TypeError: Binary Location Must be a String
2025-10-26 15:17:48,604 - ERROR - Error pada percobaan 231: Gagal total setup driver. Cek log di atas.
Traceback (most recent call last):
  File "C:\laragon\www\dapokalsel\sekolah\import_url_kabupaten.pyw", line 285, in process_url_induk
    raise Exception("Gagal total setup driver. Cek log di atas.")
Exception: Gagal total setup driver. Cek log di atas.
2025-10-26 15:17:48,604 - INFO - Percobaan ulang 232/300...
2025-10-26 15:18:03,617 - INFO - Memulai setup driver...
2025-10-26 15:18:03,617 - INFO - Menggunakan User Data Directory: C:\laragon\www\dapokalsel\chrome_profile
2025-10-26 15:18:03,617 - INFO - Menginisialisasi uc.Chrome()...
2025-10-26 15:18:07,288 - INFO - patching driver executable C:\laragon\www\dapokalsel\sekolah\~\appdata\roaming\undetected_chromedriver\undetected_chromedriver.exe
2025-10-26 15:18:07,350 - ERROR - GAGAL total saat setup driver: Binary Location Must be a String
Traceback (most recent call last):
  File "C:\laragon\www\dapokalsel\sekolah\import_url_kabupaten.pyw", line 80, in setup_driver
    driver = uc.Chrome(
  File "C:\laragon\bin\python\python-3.10\lib\site-packages\undetected_chromedriver\__init__.py", line 372, in __init__
    options.binary_location = (
  File "C:\laragon\bin\python\python-3.10\lib\site-packages\selenium\webdriver\chromium\options.py", line 52, in binary_location
    raise TypeError(self.BINARY_LOCATION_ERROR)
TypeError: Binary Location Must be a String
2025-10-26 15:18:07,350 - ERROR - Error pada percobaan 232: Gagal total setup driver. Cek log di atas.
Traceback (most recent call last):
  File "C:\laragon\www\dapokalsel\sekolah\import_url_kabupaten.pyw", line 285, in process_url_induk
    raise Exception("Gagal total setup driver. Cek log di atas.")
Exception: Gagal total setup driver. Cek log di atas.
2025-10-26 15:18:07,350 - INFO - Percobaan ulang 233/300...
2025-10-26 15:18:22,350 - INFO - Memulai setup driver...
2025-10-26 15:18:22,352 - INFO - Menggunakan User Data Directory: C:\laragon\www\dapokalsel\chrome_profile
2025-10-26 15:18:22,353 - INFO - Menginisialisasi uc.Chrome()...
2025-10-26 15:18:25,946 - INFO - patching driver executable C:\laragon\www\dapokalsel\sekolah\~\appdata\roaming\undetected_chromedriver\undetected_chromedriver.exe
2025-10-26 15:18:26,022 - ERROR - GAGAL total saat setup driver: Binary Location Must be a String
Traceback (most recent call last):
  File "C:\laragon\www\dapokalsel\sekolah\import_url_kabupaten.pyw", line 80, in setup_driver
    driver = uc.Chrome(
  File "C:\laragon\bin\python\python-3.10\lib\site-packages\undetected_chromedriver\__init__.py", line 372, in __init__
    options.binary_location = (
  File "C:\laragon\bin\python\python-3.10\lib\site-packages\selenium\webdriver\chromium\options.py", line 52, in binary_location
    raise TypeError(self.BINARY_LOCATION_ERROR)
TypeError: Binary Location Must be a String
2025-10-26 15:18:26,023 - ERROR - Error pada percobaan 233: Gagal total setup driver. Cek log di atas.
Traceback (most recent call last):
  File "C:\laragon\www\dapokalsel\sekolah\import_url_kabupaten.pyw", line 285, in process_url_induk
    raise Exception("Gagal total setup driver. Cek log di atas.")
Exception: Gagal total setup driver. Cek log di atas.
2025-10-26 15:18:26,023 - INFO - Percobaan ulang 234/300...
2025-10-26 15:18:41,024 - INFO - Memulai setup driver...
2025-10-26 15:18:41,024 - INFO - Menggunakan User Data Directory: C:\laragon\www\dapokalsel\chrome_profile
2025-10-26 15:18:41,025 - INFO - Menginisialisasi uc.Chrome()...
2025-10-26 15:18:43,990 - INFO - patching driver executable C:\laragon\www\dapokalsel\sekolah\~\appdata\roaming\undetected_chromedriver\undetected_chromedriver.exe
2025-10-26 15:18:44,069 - ERROR - GAGAL total saat setup driver: Binary Location Must be a String
Traceback (most recent call last):
  File "C:\laragon\www\dapokalsel\sekolah\import_url_kabupaten.pyw", line 80, in setup_driver
    driver = uc.Chrome(
  File "C:\laragon\bin\python\python-3.10\lib\site-packages\undetected_chromedriver\__init__.py", line 372, in __init__
    options.binary_location = (
  File "C:\laragon\bin\python\python-3.10\lib\site-packages\selenium\webdriver\chromium\options.py", line 52, in binary_location
    raise TypeError(self.BINARY_LOCATION_ERROR)
TypeError: Binary Location Must be a String
2025-10-26 15:18:44,069 - ERROR - Error pada percobaan 234: Gagal total setup driver. Cek log di atas.
Traceback (most recent call last):
  File "C:\laragon\www\dapokalsel\sekolah\import_url_kabupaten.pyw", line 285, in process_url_induk
    raise Exception("Gagal total setup driver. Cek log di atas.")
Exception: Gagal total setup driver. Cek log di atas.
2025-10-26 15:18:44,069 - INFO - Percobaan ulang 235/300...
2025-10-26 15:18:59,069 - INFO - Memulai setup driver...
2025-10-26 15:18:59,069 - INFO - Menggunakan User Data Directory: C:\laragon\www\dapokalsel\chrome_profile
2025-10-26 15:18:59,069 - INFO - Menginisialisasi uc.Chrome()...
2025-10-26 15:19:02,119 - INFO - patching driver executable C:\laragon\www\dapokalsel\sekolah\~\appdata\roaming\undetected_chromedriver\undetected_chromedriver.exe
2025-10-26 15:19:02,195 - ERROR - GAGAL total saat setup driver: Binary Location Must be a String
Traceback (most recent call last):
  File "C:\laragon\www\dapokalsel\sekolah\import_url_kabupaten.pyw", line 80, in setup_driver
    driver = uc.Chrome(
  File "C:\laragon\bin\python\python-3.10\lib\site-packages\undetected_chromedriver\__init__.py", line 372, in __init__
    options.binary_location = (
  File "C:\laragon\bin\python\python-3.10\lib\site-packages\selenium\webdriver\chromium\options.py", line 52, in binary_location
    raise TypeError(self.BINARY_LOCATION_ERROR)
TypeError: Binary Location Must be a String
2025-10-26 15:19:02,195 - ERROR - Error pada percobaan 235: Gagal total setup driver. Cek log di atas.
Traceback (most recent call last):
  File "C:\laragon\www\dapokalsel\sekolah\import_url_kabupaten.pyw", line 285, in process_url_induk
    raise Exception("Gagal total setup driver. Cek log di atas.")
Exception: Gagal total setup driver. Cek log di atas.
2025-10-26 15:19:02,195 - INFO - Percobaan ulang 236/300...
2025-10-26 15:19:17,195 - INFO - Memulai setup driver...
2025-10-26 15:19:17,195 - INFO - Menggunakan User Data Directory: C:\laragon\www\dapokalsel\chrome_profile
2025-10-26 15:19:17,195 - INFO - Menginisialisasi uc.Chrome()...
2025-10-26 15:19:20,210 - INFO - patching driver executable C:\laragon\www\dapokalsel\sekolah\~\appdata\roaming\undetected_chromedriver\undetected_chromedriver.exe
2025-10-26 15:19:20,294 - ERROR - GAGAL total saat setup driver: Binary Location Must be a String
Traceback (most recent call last):
  File "C:\laragon\www\dapokalsel\sekolah\import_url_kabupaten.pyw", line 80, in setup_driver
    driver = uc.Chrome(
  File "C:\laragon\bin\python\python-3.10\lib\site-packages\undetected_chromedriver\__init__.py", line 372, in __init__
    options.binary_location = (
  File "C:\laragon\bin\python\python-3.10\lib\site-packages\selenium\webdriver\chromium\options.py", line 52, in binary_location
    raise TypeError(self.BINARY_LOCATION_ERROR)
TypeError: Binary Location Must be a String
2025-10-26 15:19:20,295 - ERROR - Error pada percobaan 236: Gagal total setup driver. Cek log di atas.
Traceback (most recent call last):
  File "C:\laragon\www\dapokalsel\sekolah\import_url_kabupaten.pyw", line 285, in process_url_induk
    raise Exception("Gagal total setup driver. Cek log di atas.")
Exception: Gagal total setup driver. Cek log di atas.
2025-10-26 15:19:20,295 - INFO - Percobaan ulang 237/300...
2025-10-26 15:19:35,304 - INFO - Memulai setup driver...
2025-10-26 15:19:35,304 - INFO - Menggunakan User Data Directory: C:\laragon\www\dapokalsel\chrome_profile
2025-10-26 15:19:35,304 - INFO - Menginisialisasi uc.Chrome()...
2025-10-26 15:19:38,585 - INFO - patching driver executable C:\laragon\www\dapokalsel\sekolah\~\appdata\roaming\undetected_chromedriver\undetected_chromedriver.exe
2025-10-26 15:19:38,663 - ERROR - GAGAL total saat setup driver: Binary Location Must be a String
Traceback (most recent call last):
  File "C:\laragon\www\dapokalsel\sekolah\import_url_kabupaten.pyw", line 80, in setup_driver
    driver = uc.Chrome(
  File "C:\laragon\bin\python\python-3.10\lib\site-packages\undetected_chromedriver\__init__.py", line 372, in __init__
    options.binary_location = (
  File "C:\laragon\bin\python\python-3.10\lib\site-packages\selenium\webdriver\chromium\options.py", line 52, in binary_location
    raise TypeError(self.BINARY_LOCATION_ERROR)
TypeError: Binary Location Must be a String
2025-10-26 15:19:38,663 - ERROR - Error pada percobaan 237: Gagal total setup driver. Cek log di atas.
Traceback (most recent call last):
  File "C:\laragon\www\dapokalsel\sekolah\import_url_kabupaten.pyw", line 285, in process_url_induk
    raise Exception("Gagal total setup driver. Cek log di atas.")
Exception: Gagal total setup driver. Cek log di atas.
2025-10-26 15:19:38,663 - INFO - Percobaan ulang 238/300...
2025-10-26 15:19:53,663 - INFO - Memulai setup driver...
2025-10-26 15:19:53,663 - INFO - Menggunakan User Data Directory: C:\laragon\www\dapokalsel\chrome_profile
2025-10-26 15:19:53,663 - INFO - Menginisialisasi uc.Chrome()...
2025-10-26 15:19:57,085 - INFO - patching driver executable C:\laragon\www\dapokalsel\sekolah\~\appdata\roaming\undetected_chromedriver\undetected_chromedriver.exe
2025-10-26 15:19:57,148 - ERROR - GAGAL total saat setup driver: Binary Location Must be a String
Traceback (most recent call last):
  File "C:\laragon\www\dapokalsel\sekolah\import_url_kabupaten.pyw", line 80, in setup_driver
    driver = uc.Chrome(
  File "C:\laragon\bin\python\python-3.10\lib\site-packages\undetected_chromedriver\__init__.py", line 372, in __init__
    options.binary_location = (
  File "C:\laragon\bin\python\python-3.10\lib\site-packages\selenium\webdriver\chromium\options.py", line 52, in binary_location
    raise TypeError(self.BINARY_LOCATION_ERROR)
TypeError: Binary Location Must be a String
2025-10-26 15:19:57,162 - ERROR - Error pada percobaan 238: Gagal total setup driver. Cek log di atas.
Traceback (most recent call last):
  File "C:\laragon\www\dapokalsel\sekolah\import_url_kabupaten.pyw", line 285, in process_url_induk
    raise Exception("Gagal total setup driver. Cek log di atas.")
Exception: Gagal total setup driver. Cek log di atas.
2025-10-26 15:19:57,162 - INFO - Percobaan ulang 239/300...
2025-10-26 15:20:12,163 - INFO - Memulai setup driver...
2025-10-26 15:20:12,163 - INFO - Menggunakan User Data Directory: C:\laragon\www\dapokalsel\chrome_profile
2025-10-26 15:20:12,163 - INFO - Menginisialisasi uc.Chrome()...
2025-10-26 15:20:15,725 - INFO - patching driver executable C:\laragon\www\dapokalsel\sekolah\~\appdata\roaming\undetected_chromedriver\undetected_chromedriver.exe
2025-10-26 15:20:15,808 - ERROR - GAGAL total saat setup driver: Binary Location Must be a String
Traceback (most recent call last):
  File "C:\laragon\www\dapokalsel\sekolah\import_url_kabupaten.pyw", line 80, in setup_driver
    driver = uc.Chrome(
  File "C:\laragon\bin\python\python-3.10\lib\site-packages\undetected_chromedriver\__init__.py", line 372, in __init__
    options.binary_location = (
  File "C:\laragon\bin\python\python-3.10\lib\site-packages\selenium\webdriver\chromium\options.py", line 52, in binary_location
    raise TypeError(self.BINARY_LOCATION_ERROR)
TypeError: Binary Location Must be a String
2025-10-26 15:20:15,808 - ERROR - Error pada percobaan 239: Gagal total setup driver. Cek log di atas.
Traceback (most recent call last):
  File "C:\laragon\www\dapokalsel\sekolah\import_url_kabupaten.pyw", line 285, in process_url_induk
    raise Exception("Gagal total setup driver. Cek log di atas.")
Exception: Gagal total setup driver. Cek log di atas.
2025-10-26 15:20:15,808 - INFO - Percobaan ulang 240/300...
2025-10-26 15:20:30,820 - INFO - Memulai setup driver...
2025-10-26 15:20:30,820 - INFO - Menggunakan User Data Directory: C:\laragon\www\dapokalsel\chrome_profile
2025-10-26 15:20:30,820 - INFO - Menginisialisasi uc.Chrome()...
2025-10-26 15:20:34,179 - INFO - patching driver executable C:\laragon\www\dapokalsel\sekolah\~\appdata\roaming\undetected_chromedriver\undetected_chromedriver.exe
2025-10-26 15:20:34,267 - ERROR - GAGAL total saat setup driver: Binary Location Must be a String
Traceback (most recent call last):
  File "C:\laragon\www\dapokalsel\sekolah\import_url_kabupaten.pyw", line 80, in setup_driver
    driver = uc.Chrome(
  File "C:\laragon\bin\python\python-3.10\lib\site-packages\undetected_chromedriver\__init__.py", line 372, in __init__
    options.binary_location = (
  File "C:\laragon\bin\python\python-3.10\lib\site-packages\selenium\webdriver\chromium\options.py", line 52, in binary_location
    raise TypeError(self.BINARY_LOCATION_ERROR)
TypeError: Binary Location Must be a String
2025-10-26 15:20:34,267 - ERROR - Error pada percobaan 240: Gagal total setup driver. Cek log di atas.
Traceback (most recent call last):
  File "C:\laragon\www\dapokalsel\sekolah\import_url_kabupaten.pyw", line 285, in process_url_induk
    raise Exception("Gagal total setup driver. Cek log di atas.")
Exception: Gagal total setup driver. Cek log di atas.
2025-10-26 15:20:34,267 - INFO - Percobaan ulang 241/300...
2025-10-26 15:20:49,268 - INFO - Memulai setup driver...
2025-10-26 15:20:49,268 - INFO - Menggunakan User Data Directory: C:\laragon\www\dapokalsel\chrome_profile
2025-10-26 15:20:49,268 - INFO - Menginisialisasi uc.Chrome()...
2025-10-26 15:20:52,175 - INFO - patching driver executable C:\laragon\www\dapokalsel\sekolah\~\appdata\roaming\undetected_chromedriver\undetected_chromedriver.exe
2025-10-26 15:20:52,263 - ERROR - GAGAL total saat setup driver: Binary Location Must be a String
Traceback (most recent call last):
  File "C:\laragon\www\dapokalsel\sekolah\import_url_kabupaten.pyw", line 80, in setup_driver
    driver = uc.Chrome(
  File "C:\laragon\bin\python\python-3.10\lib\site-packages\undetected_chromedriver\__init__.py", line 372, in __init__
    options.binary_location = (
  File "C:\laragon\bin\python\python-3.10\lib\site-packages\selenium\webdriver\chromium\options.py", line 52, in binary_location
    raise TypeError(self.BINARY_LOCATION_ERROR)
TypeError: Binary Location Must be a String
2025-10-26 15:20:52,264 - ERROR - Error pada percobaan 241: Gagal total setup driver. Cek log di atas.
Traceback (most recent call last):
  File "C:\laragon\www\dapokalsel\sekolah\import_url_kabupaten.pyw", line 285, in process_url_induk
    raise Exception("Gagal total setup driver. Cek log di atas.")
Exception: Gagal total setup driver. Cek log di atas.
2025-10-26 15:20:52,264 - INFO - Percobaan ulang 242/300...
2025-10-26 15:21:07,269 - INFO - Memulai setup driver...
2025-10-26 15:21:07,269 - INFO - Menggunakan User Data Directory: C:\laragon\www\dapokalsel\chrome_profile
2025-10-26 15:21:07,269 - INFO - Menginisialisasi uc.Chrome()...
2025-10-26 15:21:10,607 - INFO - patching driver executable C:\laragon\www\dapokalsel\sekolah\~\appdata\roaming\undetected_chromedriver\undetected_chromedriver.exe
2025-10-26 15:21:10,686 - ERROR - GAGAL total saat setup driver: Binary Location Must be a String
Traceback (most recent call last):
  File "C:\laragon\www\dapokalsel\sekolah\import_url_kabupaten.pyw", line 80, in setup_driver
    driver = uc.Chrome(
  File "C:\laragon\bin\python\python-3.10\lib\site-packages\undetected_chromedriver\__init__.py", line 372, in __init__
    options.binary_location = (
  File "C:\laragon\bin\python\python-3.10\lib\site-packages\selenium\webdriver\chromium\options.py", line 52, in binary_location
    raise TypeError(self.BINARY_LOCATION_ERROR)
TypeError: Binary Location Must be a String
2025-10-26 15:21:10,687 - ERROR - Error pada percobaan 242: Gagal total setup driver. Cek log di atas.
Traceback (most recent call last):
  File "C:\laragon\www\dapokalsel\sekolah\import_url_kabupaten.pyw", line 285, in process_url_induk
    raise Exception("Gagal total setup driver. Cek log di atas.")
Exception: Gagal total setup driver. Cek log di atas.
2025-10-26 15:21:10,687 - INFO - Percobaan ulang 243/300...
2025-10-26 15:21:25,694 - INFO - Memulai setup driver...
2025-10-26 15:21:25,694 - INFO - Menggunakan User Data Directory: C:\laragon\www\dapokalsel\chrome_profile
2025-10-26 15:21:25,694 - INFO - Menginisialisasi uc.Chrome()...
2025-10-26 15:21:28,671 - INFO - patching driver executable C:\laragon\www\dapokalsel\sekolah\~\appdata\roaming\undetected_chromedriver\undetected_chromedriver.exe
2025-10-26 15:21:28,734 - ERROR - GAGAL total saat setup driver: Binary Location Must be a String
Traceback (most recent call last):
  File "C:\laragon\www\dapokalsel\sekolah\import_url_kabupaten.pyw", line 80, in setup_driver
    driver = uc.Chrome(
  File "C:\laragon\bin\python\python-3.10\lib\site-packages\undetected_chromedriver\__init__.py", line 372, in __init__
    options.binary_location = (
  File "C:\laragon\bin\python\python-3.10\lib\site-packages\selenium\webdriver\chromium\options.py", line 52, in binary_location
    raise TypeError(self.BINARY_LOCATION_ERROR)
TypeError: Binary Location Must be a String
2025-10-26 15:21:28,749 - ERROR - Error pada percobaan 243: Gagal total setup driver. Cek log di atas.
Traceback (most recent call last):
  File "C:\laragon\www\dapokalsel\sekolah\import_url_kabupaten.pyw", line 285, in process_url_induk
    raise Exception("Gagal total setup driver. Cek log di atas.")
Exception: Gagal total setup driver. Cek log di atas.
2025-10-26 15:21:28,749 - INFO - Percobaan ulang 244/300...
2025-10-26 15:21:43,750 - INFO - Memulai setup driver...
2025-10-26 15:21:43,751 - INFO - Menggunakan User Data Directory: C:\laragon\www\dapokalsel\chrome_profile
2025-10-26 15:21:43,751 - INFO - Menginisialisasi uc.Chrome()...
2025-10-26 15:21:47,507 - INFO - patching driver executable C:\laragon\www\dapokalsel\sekolah\~\appdata\roaming\undetected_chromedriver\undetected_chromedriver.exe
2025-10-26 15:21:47,585 - ERROR - GAGAL total saat setup driver: Binary Location Must be a String
Traceback (most recent call last):
  File "C:\laragon\www\dapokalsel\sekolah\import_url_kabupaten.pyw", line 80, in setup_driver
    driver = uc.Chrome(
  File "C:\laragon\bin\python\python-3.10\lib\site-packages\undetected_chromedriver\__init__.py", line 372, in __init__
    options.binary_location = (
  File "C:\laragon\bin\python\python-3.10\lib\site-packages\selenium\webdriver\chromium\options.py", line 52, in binary_location
    raise TypeError(self.BINARY_LOCATION_ERROR)
TypeError: Binary Location Must be a String
2025-10-26 15:21:47,585 - ERROR - Error pada percobaan 244: Gagal total setup driver. Cek log di atas.
Traceback (most recent call last):
  File "C:\laragon\www\dapokalsel\sekolah\import_url_kabupaten.pyw", line 285, in process_url_induk
    raise Exception("Gagal total setup driver. Cek log di atas.")
Exception: Gagal total setup driver. Cek log di atas.
2025-10-26 15:21:47,585 - INFO - Percobaan ulang 245/300...
2025-10-26 15:22:02,586 - INFO - Memulai setup driver...
2025-10-26 15:22:02,586 - INFO - Menggunakan User Data Directory: C:\laragon\www\dapokalsel\chrome_profile
2025-10-26 15:22:02,586 - INFO - Menginisialisasi uc.Chrome()...
2025-10-26 15:22:05,491 - INFO - patching driver executable C:\laragon\www\dapokalsel\sekolah\~\appdata\roaming\undetected_chromedriver\undetected_chromedriver.exe
2025-10-26 15:22:05,569 - ERROR - GAGAL total saat setup driver: Binary Location Must be a String
Traceback (most recent call last):
  File "C:\laragon\www\dapokalsel\sekolah\import_url_kabupaten.pyw", line 80, in setup_driver
    driver = uc.Chrome(
  File "C:\laragon\bin\python\python-3.10\lib\site-packages\undetected_chromedriver\__init__.py", line 372, in __init__
    options.binary_location = (
  File "C:\laragon\bin\python\python-3.10\lib\site-packages\selenium\webdriver\chromium\options.py", line 52, in binary_location
    raise TypeError(self.BINARY_LOCATION_ERROR)
TypeError: Binary Location Must be a String
2025-10-26 15:22:05,569 - ERROR - Error pada percobaan 245: Gagal total setup driver. Cek log di atas.
Traceback (most recent call last):
  File "C:\laragon\www\dapokalsel\sekolah\import_url_kabupaten.pyw", line 285, in process_url_induk
    raise Exception("Gagal total setup driver. Cek log di atas.")
Exception: Gagal total setup driver. Cek log di atas.
2025-10-26 15:22:05,569 - INFO - Percobaan ulang 246/300...
2025-10-26 15:22:20,569 - INFO - Memulai setup driver...
2025-10-26 15:22:20,569 - INFO - Menggunakan User Data Directory: C:\laragon\www\dapokalsel\chrome_profile
2025-10-26 15:22:20,569 - INFO - Menginisialisasi uc.Chrome()...
2025-10-26 15:22:23,553 - INFO - patching driver executable C:\laragon\www\dapokalsel\sekolah\~\appdata\roaming\undetected_chromedriver\undetected_chromedriver.exe
2025-10-26 15:22:23,632 - ERROR - GAGAL total saat setup driver: Binary Location Must be a String
Traceback (most recent call last):
  File "C:\laragon\www\dapokalsel\sekolah\import_url_kabupaten.pyw", line 80, in setup_driver
    driver = uc.Chrome(
  File "C:\laragon\bin\python\python-3.10\lib\site-packages\undetected_chromedriver\__init__.py", line 372, in __init__
    options.binary_location = (
  File "C:\laragon\bin\python\python-3.10\lib\site-packages\selenium\webdriver\chromium\options.py", line 52, in binary_location
    raise TypeError(self.BINARY_LOCATION_ERROR)
TypeError: Binary Location Must be a String
2025-10-26 15:22:23,632 - ERROR - Error pada percobaan 246: Gagal total setup driver. Cek log di atas.
Traceback (most recent call last):
  File "C:\laragon\www\dapokalsel\sekolah\import_url_kabupaten.pyw", line 285, in process_url_induk
    raise Exception("Gagal total setup driver. Cek log di atas.")
Exception: Gagal total setup driver. Cek log di atas.
2025-10-26 15:22:23,632 - INFO - Percobaan ulang 247/300...
2025-10-26 15:22:38,632 - INFO - Memulai setup driver...
2025-10-26 15:22:38,633 - INFO - Menggunakan User Data Directory: C:\laragon\www\dapokalsel\chrome_profile
2025-10-26 15:22:38,633 - INFO - Menginisialisasi uc.Chrome()...
2025-10-26 15:22:42,065 - INFO - patching driver executable C:\laragon\www\dapokalsel\sekolah\~\appdata\roaming\undetected_chromedriver\undetected_chromedriver.exe
2025-10-26 15:22:42,142 - ERROR - GAGAL total saat setup driver: Binary Location Must be a String
Traceback (most recent call last):
  File "C:\laragon\www\dapokalsel\sekolah\import_url_kabupaten.pyw", line 80, in setup_driver
    driver = uc.Chrome(
  File "C:\laragon\bin\python\python-3.10\lib\site-packages\undetected_chromedriver\__init__.py", line 372, in __init__
    options.binary_location = (
  File "C:\laragon\bin\python\python-3.10\lib\site-packages\selenium\webdriver\chromium\options.py", line 52, in binary_location
    raise TypeError(self.BINARY_LOCATION_ERROR)
TypeError: Binary Location Must be a String
2025-10-26 15:22:42,142 - ERROR - Error pada percobaan 247: Gagal total setup driver. Cek log di atas.
Traceback (most recent call last):
  File "C:\laragon\www\dapokalsel\sekolah\import_url_kabupaten.pyw", line 285, in process_url_induk
    raise Exception("Gagal total setup driver. Cek log di atas.")
Exception: Gagal total setup driver. Cek log di atas.
2025-10-26 15:22:42,143 - INFO - Percobaan ulang 248/300...
2025-10-26 15:22:57,149 - INFO - Memulai setup driver...
2025-10-26 15:22:57,149 - INFO - Menggunakan User Data Directory: C:\laragon\www\dapokalsel\chrome_profile
2025-10-26 15:22:57,149 - INFO - Menginisialisasi uc.Chrome()...
2025-10-26 15:23:00,119 - INFO - patching driver executable C:\laragon\www\dapokalsel\sekolah\~\appdata\roaming\undetected_chromedriver\undetected_chromedriver.exe
2025-10-26 15:23:00,194 - ERROR - GAGAL total saat setup driver: Binary Location Must be a String
Traceback (most recent call last):
  File "C:\laragon\www\dapokalsel\sekolah\import_url_kabupaten.pyw", line 80, in setup_driver
    driver = uc.Chrome(
  File "C:\laragon\bin\python\python-3.10\lib\site-packages\undetected_chromedriver\__init__.py", line 372, in __init__
    options.binary_location = (
  File "C:\laragon\bin\python\python-3.10\lib\site-packages\selenium\webdriver\chromium\options.py", line 52, in binary_location
    raise TypeError(self.BINARY_LOCATION_ERROR)
TypeError: Binary Location Must be a String
2025-10-26 15:23:00,194 - ERROR - Error pada percobaan 248: Gagal total setup driver. Cek log di atas.
Traceback (most recent call last):
  File "C:\laragon\www\dapokalsel\sekolah\import_url_kabupaten.pyw", line 285, in process_url_induk
    raise Exception("Gagal total setup driver. Cek log di atas.")
Exception: Gagal total setup driver. Cek log di atas.
2025-10-26 15:23:00,194 - INFO - Percobaan ulang 249/300...
2025-10-26 15:23:15,194 - INFO - Memulai setup driver...
2025-10-26 15:23:15,194 - INFO - Menggunakan User Data Directory: C:\laragon\www\dapokalsel\chrome_profile
2025-10-26 15:23:15,194 - INFO - Menginisialisasi uc.Chrome()...
2025-10-26 15:23:18,147 - INFO - patching driver executable C:\laragon\www\dapokalsel\sekolah\~\appdata\roaming\undetected_chromedriver\undetected_chromedriver.exe
2025-10-26 15:23:18,226 - ERROR - GAGAL total saat setup driver: Binary Location Must be a String
Traceback (most recent call last):
  File "C:\laragon\www\dapokalsel\sekolah\import_url_kabupaten.pyw", line 80, in setup_driver
    driver = uc.Chrome(
  File "C:\laragon\bin\python\python-3.10\lib\site-packages\undetected_chromedriver\__init__.py", line 372, in __init__
    options.binary_location = (
  File "C:\laragon\bin\python\python-3.10\lib\site-packages\selenium\webdriver\chromium\options.py", line 52, in binary_location
    raise TypeError(self.BINARY_LOCATION_ERROR)
TypeError: Binary Location Must be a String
2025-10-26 15:23:18,226 - ERROR - Error pada percobaan 249: Gagal total setup driver. Cek log di atas.
Traceback (most recent call last):
  File "C:\laragon\www\dapokalsel\sekolah\import_url_kabupaten.pyw", line 285, in process_url_induk
    raise Exception("Gagal total setup driver. Cek log di atas.")
Exception: Gagal total setup driver. Cek log di atas.
2025-10-26 15:23:18,226 - INFO - Percobaan ulang 250/300...
2025-10-26 15:23:33,227 - INFO - Memulai setup driver...
2025-10-26 15:23:33,227 - INFO - Menggunakan User Data Directory: C:\laragon\www\dapokalsel\chrome_profile
2025-10-26 15:23:33,227 - INFO - Menginisialisasi uc.Chrome()...
2025-10-26 15:23:36,179 - INFO - patching driver executable C:\laragon\www\dapokalsel\sekolah\~\appdata\roaming\undetected_chromedriver\undetected_chromedriver.exe
2025-10-26 15:23:36,257 - ERROR - GAGAL total saat setup driver: Binary Location Must be a String
Traceback (most recent call last):
  File "C:\laragon\www\dapokalsel\sekolah\import_url_kabupaten.pyw", line 80, in setup_driver
    driver = uc.Chrome(
  File "C:\laragon\bin\python\python-3.10\lib\site-packages\undetected_chromedriver\__init__.py", line 372, in __init__
    options.binary_location = (
  File "C:\laragon\bin\python\python-3.10\lib\site-packages\selenium\webdriver\chromium\options.py", line 52, in binary_location
    raise TypeError(self.BINARY_LOCATION_ERROR)
TypeError: Binary Location Must be a String
2025-10-26 15:23:36,257 - ERROR - Error pada percobaan 250: Gagal total setup driver. Cek log di atas.
Traceback (most recent call last):
  File "C:\laragon\www\dapokalsel\sekolah\import_url_kabupaten.pyw", line 285, in process_url_induk
    raise Exception("Gagal total setup driver. Cek log di atas.")
Exception: Gagal total setup driver. Cek log di atas.
2025-10-26 15:23:36,257 - INFO - Percobaan ulang 251/300...
2025-10-26 15:23:51,257 - INFO - Memulai setup driver...
2025-10-26 15:23:51,257 - INFO - Menggunakan User Data Directory: C:\laragon\www\dapokalsel\chrome_profile
2025-10-26 15:23:51,257 - INFO - Menginisialisasi uc.Chrome()...
2025-10-26 15:23:54,428 - INFO - patching driver executable C:\laragon\www\dapokalsel\sekolah\~\appdata\roaming\undetected_chromedriver\undetected_chromedriver.exe
2025-10-26 15:23:54,507 - ERROR - GAGAL total saat setup driver: Binary Location Must be a String
Traceback (most recent call last):
  File "C:\laragon\www\dapokalsel\sekolah\import_url_kabupaten.pyw", line 80, in setup_driver
    driver = uc.Chrome(
  File "C:\laragon\bin\python\python-3.10\lib\site-packages\undetected_chromedriver\__init__.py", line 372, in __init__
    options.binary_location = (
  File "C:\laragon\bin\python\python-3.10\lib\site-packages\selenium\webdriver\chromium\options.py", line 52, in binary_location
    raise TypeError(self.BINARY_LOCATION_ERROR)
TypeError: Binary Location Must be a String
2025-10-26 15:23:54,507 - ERROR - Error pada percobaan 251: Gagal total setup driver. Cek log di atas.
Traceback (most recent call last):
  File "C:\laragon\www\dapokalsel\sekolah\import_url_kabupaten.pyw", line 285, in process_url_induk
    raise Exception("Gagal total setup driver. Cek log di atas.")
Exception: Gagal total setup driver. Cek log di atas.
2025-10-26 15:23:54,507 - INFO - Percobaan ulang 252/300...
2025-10-26 15:24:09,507 - INFO - Memulai setup driver...
2025-10-26 15:24:09,507 - INFO - Menggunakan User Data Directory: C:\laragon\www\dapokalsel\chrome_profile
2025-10-26 15:24:09,507 - INFO - Menginisialisasi uc.Chrome()...
2025-10-26 15:24:12,905 - INFO - patching driver executable C:\laragon\www\dapokalsel\sekolah\~\appdata\roaming\undetected_chromedriver\undetected_chromedriver.exe
2025-10-26 15:24:12,989 - ERROR - GAGAL total saat setup driver: Binary Location Must be a String
Traceback (most recent call last):
  File "C:\laragon\www\dapokalsel\sekolah\import_url_kabupaten.pyw", line 80, in setup_driver
    driver = uc.Chrome(
  File "C:\laragon\bin\python\python-3.10\lib\site-packages\undetected_chromedriver\__init__.py", line 372, in __init__
    options.binary_location = (
  File "C:\laragon\bin\python\python-3.10\lib\site-packages\selenium\webdriver\chromium\options.py", line 52, in binary_location
    raise TypeError(self.BINARY_LOCATION_ERROR)
TypeError: Binary Location Must be a String
2025-10-26 15:24:12,990 - ERROR - Error pada percobaan 252: Gagal total setup driver. Cek log di atas.
Traceback (most recent call last):
  File "C:\laragon\www\dapokalsel\sekolah\import_url_kabupaten.pyw", line 285, in process_url_induk
    raise Exception("Gagal total setup driver. Cek log di atas.")
Exception: Gagal total setup driver. Cek log di atas.
2025-10-26 15:24:12,991 - INFO - Percobaan ulang 253/300...
2025-10-26 15:24:28,007 - INFO - Memulai setup driver...
2025-10-26 15:24:28,007 - INFO - Menggunakan User Data Directory: C:\laragon\www\dapokalsel\chrome_profile
2025-10-26 15:24:28,007 - INFO - Menginisialisasi uc.Chrome()...
2025-10-26 15:24:32,070 - INFO - patching driver executable C:\laragon\www\dapokalsel\sekolah\~\appdata\roaming\undetected_chromedriver\undetected_chromedriver.exe
2025-10-26 15:24:32,148 - ERROR - GAGAL total saat setup driver: Binary Location Must be a String
Traceback (most recent call last):
  File "C:\laragon\www\dapokalsel\sekolah\import_url_kabupaten.pyw", line 80, in setup_driver
    driver = uc.Chrome(
  File "C:\laragon\bin\python\python-3.10\lib\site-packages\undetected_chromedriver\__init__.py", line 372, in __init__
    options.binary_location = (
  File "C:\laragon\bin\python\python-3.10\lib\site-packages\selenium\webdriver\chromium\options.py", line 52, in binary_location
    raise TypeError(self.BINARY_LOCATION_ERROR)
TypeError: Binary Location Must be a String
2025-10-26 15:24:32,148 - ERROR - Error pada percobaan 253: Gagal total setup driver. Cek log di atas.
Traceback (most recent call last):
  File "C:\laragon\www\dapokalsel\sekolah\import_url_kabupaten.pyw", line 285, in process_url_induk
    raise Exception("Gagal total setup driver. Cek log di atas.")
Exception: Gagal total setup driver. Cek log di atas.
2025-10-26 15:24:32,148 - INFO - Percobaan ulang 254/300...
2025-10-26 15:24:47,163 - INFO - Memulai setup driver...
2025-10-26 15:24:47,163 - INFO - Menggunakan User Data Directory: C:\laragon\www\dapokalsel\chrome_profile
2025-10-26 15:24:47,163 - INFO - Menginisialisasi uc.Chrome()...
2025-10-26 15:24:52,304 - INFO - patching driver executable C:\laragon\www\dapokalsel\sekolah\~\appdata\roaming\undetected_chromedriver\undetected_chromedriver.exe
2025-10-26 15:24:52,387 - ERROR - GAGAL total saat setup driver: Binary Location Must be a String
Traceback (most recent call last):
  File "C:\laragon\www\dapokalsel\sekolah\import_url_kabupaten.pyw", line 80, in setup_driver
    driver = uc.Chrome(
  File "C:\laragon\bin\python\python-3.10\lib\site-packages\undetected_chromedriver\__init__.py", line 372, in __init__
    options.binary_location = (
  File "C:\laragon\bin\python\python-3.10\lib\site-packages\selenium\webdriver\chromium\options.py", line 52, in binary_location
    raise TypeError(self.BINARY_LOCATION_ERROR)
TypeError: Binary Location Must be a String
2025-10-26 15:24:52,388 - ERROR - Error pada percobaan 254: Gagal total setup driver. Cek log di atas.
Traceback (most recent call last):
  File "C:\laragon\www\dapokalsel\sekolah\import_url_kabupaten.pyw", line 285, in process_url_induk
    raise Exception("Gagal total setup driver. Cek log di atas.")
Exception: Gagal total setup driver. Cek log di atas.
2025-10-26 15:24:52,388 - INFO - Percobaan ulang 255/300...
2025-10-26 15:25:07,398 - INFO - Memulai setup driver...
2025-10-26 15:25:07,398 - INFO - Menggunakan User Data Directory: C:\laragon\www\dapokalsel\chrome_profile
2025-10-26 15:25:07,398 - INFO - Menginisialisasi uc.Chrome()...
2025-10-26 15:25:10,640 - INFO - patching driver executable C:\laragon\www\dapokalsel\sekolah\~\appdata\roaming\undetected_chromedriver\undetected_chromedriver.exe
2025-10-26 15:25:10,710 - ERROR - GAGAL total saat setup driver: Binary Location Must be a String
Traceback (most recent call last):
  File "C:\laragon\www\dapokalsel\sekolah\import_url_kabupaten.pyw", line 80, in setup_driver
    driver = uc.Chrome(
  File "C:\laragon\bin\python\python-3.10\lib\site-packages\undetected_chromedriver\__init__.py", line 372, in __init__
    options.binary_location = (
  File "C:\laragon\bin\python\python-3.10\lib\site-packages\selenium\webdriver\chromium\options.py", line 52, in binary_location
    raise TypeError(self.BINARY_LOCATION_ERROR)
TypeError: Binary Location Must be a String
2025-10-26 15:25:10,710 - ERROR - Error pada percobaan 255: Gagal total setup driver. Cek log di atas.
Traceback (most recent call last):
  File "C:\laragon\www\dapokalsel\sekolah\import_url_kabupaten.pyw", line 285, in process_url_induk
    raise Exception("Gagal total setup driver. Cek log di atas.")
Exception: Gagal total setup driver. Cek log di atas.
2025-10-26 15:25:10,710 - INFO - Percobaan ulang 256/300...
2025-10-26 15:25:25,710 - INFO - Memulai setup driver...
2025-10-26 15:25:25,710 - INFO - Menggunakan User Data Directory: C:\laragon\www\dapokalsel\chrome_profile
2025-10-26 15:25:25,710 - INFO - Menginisialisasi uc.Chrome()...
2025-10-26 15:25:28,819 - INFO - patching driver executable C:\laragon\www\dapokalsel\sekolah\~\appdata\roaming\undetected_chromedriver\undetected_chromedriver.exe
2025-10-26 15:25:28,898 - ERROR - GAGAL total saat setup driver: Binary Location Must be a String
Traceback (most recent call last):
  File "C:\laragon\www\dapokalsel\sekolah\import_url_kabupaten.pyw", line 80, in setup_driver
    driver = uc.Chrome(
  File "C:\laragon\bin\python\python-3.10\lib\site-packages\undetected_chromedriver\__init__.py", line 372, in __init__
    options.binary_location = (
  File "C:\laragon\bin\python\python-3.10\lib\site-packages\selenium\webdriver\chromium\options.py", line 52, in binary_location
    raise TypeError(self.BINARY_LOCATION_ERROR)
TypeError: Binary Location Must be a String
2025-10-26 15:25:28,898 - ERROR - Error pada percobaan 256: Gagal total setup driver. Cek log di atas.
Traceback (most recent call last):
  File "C:\laragon\www\dapokalsel\sekolah\import_url_kabupaten.pyw", line 285, in process_url_induk
    raise Exception("Gagal total setup driver. Cek log di atas.")
Exception: Gagal total setup driver. Cek log di atas.
2025-10-26 15:25:28,898 - INFO - Percobaan ulang 257/300...
2025-10-26 15:25:43,898 - INFO - Memulai setup driver...
2025-10-26 15:25:43,900 - INFO - Menggunakan User Data Directory: C:\laragon\www\dapokalsel\chrome_profile
2025-10-26 15:25:43,900 - INFO - Menginisialisasi uc.Chrome()...
2025-10-26 15:25:47,304 - INFO - patching driver executable C:\laragon\www\dapokalsel\sekolah\~\appdata\roaming\undetected_chromedriver\undetected_chromedriver.exe
2025-10-26 15:25:47,382 - ERROR - GAGAL total saat setup driver: Binary Location Must be a String
Traceback (most recent call last):
  File "C:\laragon\www\dapokalsel\sekolah\import_url_kabupaten.pyw", line 80, in setup_driver
    driver = uc.Chrome(
  File "C:\laragon\bin\python\python-3.10\lib\site-packages\undetected_chromedriver\__init__.py", line 372, in __init__
    options.binary_location = (
  File "C:\laragon\bin\python\python-3.10\lib\site-packages\selenium\webdriver\chromium\options.py", line 52, in binary_location
    raise TypeError(self.BINARY_LOCATION_ERROR)
TypeError: Binary Location Must be a String
2025-10-26 15:25:47,382 - ERROR - Error pada percobaan 257: Gagal total setup driver. Cek log di atas.
Traceback (most recent call last):
  File "C:\laragon\www\dapokalsel\sekolah\import_url_kabupaten.pyw", line 285, in process_url_induk
    raise Exception("Gagal total setup driver. Cek log di atas.")
Exception: Gagal total setup driver. Cek log di atas.
2025-10-26 15:25:47,382 - INFO - Percobaan ulang 258/300...
2025-10-26 15:26:02,382 - INFO - Memulai setup driver...
2025-10-26 15:26:02,383 - INFO - Menggunakan User Data Directory: C:\laragon\www\dapokalsel\chrome_profile
2025-10-26 15:26:02,383 - INFO - Menginisialisasi uc.Chrome()...
2025-10-26 15:26:06,226 - INFO - patching driver executable C:\laragon\www\dapokalsel\sekolah\~\appdata\roaming\undetected_chromedriver\undetected_chromedriver.exe
2025-10-26 15:26:06,304 - ERROR - GAGAL total saat setup driver: Binary Location Must be a String
Traceback (most recent call last):
  File "C:\laragon\www\dapokalsel\sekolah\import_url_kabupaten.pyw", line 80, in setup_driver
    driver = uc.Chrome(
  File "C:\laragon\bin\python\python-3.10\lib\site-packages\undetected_chromedriver\__init__.py", line 372, in __init__
    options.binary_location = (
  File "C:\laragon\bin\python\python-3.10\lib\site-packages\selenium\webdriver\chromium\options.py", line 52, in binary_location
    raise TypeError(self.BINARY_LOCATION_ERROR)
TypeError: Binary Location Must be a String
2025-10-26 15:26:06,304 - ERROR - Error pada percobaan 258: Gagal total setup driver. Cek log di atas.
Traceback (most recent call last):
  File "C:\laragon\www\dapokalsel\sekolah\import_url_kabupaten.pyw", line 285, in process_url_induk
    raise Exception("Gagal total setup driver. Cek log di atas.")
Exception: Gagal total setup driver. Cek log di atas.
2025-10-26 15:26:06,304 - INFO - Percobaan ulang 259/300...
2025-10-26 15:26:21,304 - INFO - Memulai setup driver...
2025-10-26 15:26:21,304 - INFO - Menggunakan User Data Directory: C:\laragon\www\dapokalsel\chrome_profile
2025-10-26 15:26:21,304 - INFO - Menginisialisasi uc.Chrome()...
2025-10-26 15:26:25,389 - INFO - patching driver executable C:\laragon\www\dapokalsel\sekolah\~\appdata\roaming\undetected_chromedriver\undetected_chromedriver.exe
2025-10-26 15:26:25,460 - ERROR - GAGAL total saat setup driver: Binary Location Must be a String
Traceback (most recent call last):
  File "C:\laragon\www\dapokalsel\sekolah\import_url_kabupaten.pyw", line 80, in setup_driver
    driver = uc.Chrome(
  File "C:\laragon\bin\python\python-3.10\lib\site-packages\undetected_chromedriver\__init__.py", line 372, in __init__
    options.binary_location = (
  File "C:\laragon\bin\python\python-3.10\lib\site-packages\selenium\webdriver\chromium\options.py", line 52, in binary_location
    raise TypeError(self.BINARY_LOCATION_ERROR)
TypeError: Binary Location Must be a String
2025-10-26 15:26:25,460 - ERROR - Error pada percobaan 259: Gagal total setup driver. Cek log di atas.
Traceback (most recent call last):
  File "C:\laragon\www\dapokalsel\sekolah\import_url_kabupaten.pyw", line 285, in process_url_induk
    raise Exception("Gagal total setup driver. Cek log di atas.")
Exception: Gagal total setup driver. Cek log di atas.
2025-10-26 15:26:25,460 - INFO - Percobaan ulang 260/300...
2025-10-26 15:26:40,461 - INFO - Memulai setup driver...
2025-10-26 15:26:40,461 - INFO - Menggunakan User Data Directory: C:\laragon\www\dapokalsel\chrome_profile
2025-10-26 15:26:40,461 - INFO - Menginisialisasi uc.Chrome()...
2025-10-26 15:26:44,033 - INFO - patching driver executable C:\laragon\www\dapokalsel\sekolah\~\appdata\roaming\undetected_chromedriver\undetected_chromedriver.exe
2025-10-26 15:26:44,194 - ERROR - GAGAL total saat setup driver: Binary Location Must be a String
Traceback (most recent call last):
  File "C:\laragon\www\dapokalsel\sekolah\import_url_kabupaten.pyw", line 80, in setup_driver
    driver = uc.Chrome(
  File "C:\laragon\bin\python\python-3.10\lib\site-packages\undetected_chromedriver\__init__.py", line 372, in __init__
    options.binary_location = (
  File "C:\laragon\bin\python\python-3.10\lib\site-packages\selenium\webdriver\chromium\options.py", line 52, in binary_location
    raise TypeError(self.BINARY_LOCATION_ERROR)
TypeError: Binary Location Must be a String
2025-10-26 15:26:44,194 - ERROR - Error pada percobaan 260: Gagal total setup driver. Cek log di atas.
Traceback (most recent call last):
  File "C:\laragon\www\dapokalsel\sekolah\import_url_kabupaten.pyw", line 285, in process_url_induk
    raise Exception("Gagal total setup driver. Cek log di atas.")
Exception: Gagal total setup driver. Cek log di atas.
2025-10-26 15:26:44,194 - INFO - Percobaan ulang 261/300...
2025-10-26 15:26:59,195 - INFO - Memulai setup driver...
2025-10-26 15:26:59,195 - INFO - Menggunakan User Data Directory: C:\laragon\www\dapokalsel\chrome_profile
2025-10-26 15:26:59,195 - INFO - Menginisialisasi uc.Chrome()...
2025-10-26 15:27:02,694 - INFO - patching driver executable C:\laragon\www\dapokalsel\sekolah\~\appdata\roaming\undetected_chromedriver\undetected_chromedriver.exe
2025-10-26 15:27:02,783 - ERROR - GAGAL total saat setup driver: Binary Location Must be a String
Traceback (most recent call last):
  File "C:\laragon\www\dapokalsel\sekolah\import_url_kabupaten.pyw", line 80, in setup_driver
    driver = uc.Chrome(
  File "C:\laragon\bin\python\python-3.10\lib\site-packages\undetected_chromedriver\__init__.py", line 372, in __init__
    options.binary_location = (
  File "C:\laragon\bin\python\python-3.10\lib\site-packages\selenium\webdriver\chromium\options.py", line 52, in binary_location
    raise TypeError(self.BINARY_LOCATION_ERROR)
TypeError: Binary Location Must be a String
2025-10-26 15:27:02,784 - ERROR - Error pada percobaan 261: Gagal total setup driver. Cek log di atas.
Traceback (most recent call last):
  File "C:\laragon\www\dapokalsel\sekolah\import_url_kabupaten.pyw", line 285, in process_url_induk
    raise Exception("Gagal total setup driver. Cek log di atas.")
Exception: Gagal total setup driver. Cek log di atas.
2025-10-26 15:27:02,784 - INFO - Percobaan ulang 262/300...
2025-10-26 15:27:17,784 - INFO - Memulai setup driver...
2025-10-26 15:27:17,785 - INFO - Menggunakan User Data Directory: C:\laragon\www\dapokalsel\chrome_profile
2025-10-26 15:27:17,785 - INFO - Menginisialisasi uc.Chrome()...
2025-10-26 15:27:21,135 - INFO - patching driver executable C:\laragon\www\dapokalsel\sekolah\~\appdata\roaming\undetected_chromedriver\undetected_chromedriver.exe
2025-10-26 15:27:21,194 - ERROR - GAGAL total saat setup driver: Binary Location Must be a String
Traceback (most recent call last):
  File "C:\laragon\www\dapokalsel\sekolah\import_url_kabupaten.pyw", line 80, in setup_driver
    driver = uc.Chrome(
  File "C:\laragon\bin\python\python-3.10\lib\site-packages\undetected_chromedriver\__init__.py", line 372, in __init__
    options.binary_location = (
  File "C:\laragon\bin\python\python-3.10\lib\site-packages\selenium\webdriver\chromium\options.py", line 52, in binary_location
    raise TypeError(self.BINARY_LOCATION_ERROR)
TypeError: Binary Location Must be a String
2025-10-26 15:27:21,194 - ERROR - Error pada percobaan 262: Gagal total setup driver. Cek log di atas.
Traceback (most recent call last):
  File "C:\laragon\www\dapokalsel\sekolah\import_url_kabupaten.pyw", line 285, in process_url_induk
    raise Exception("Gagal total setup driver. Cek log di atas.")
Exception: Gagal total setup driver. Cek log di atas.
2025-10-26 15:27:21,194 - INFO - Percobaan ulang 263/300...
2025-10-26 15:27:36,194 - INFO - Memulai setup driver...
2025-10-26 15:27:36,194 - INFO - Menggunakan User Data Directory: C:\laragon\www\dapokalsel\chrome_profile
2025-10-26 15:27:36,194 - INFO - Menginisialisasi uc.Chrome()...
2025-10-26 15:27:39,147 - INFO - patching driver executable C:\laragon\www\dapokalsel\sekolah\~\appdata\roaming\undetected_chromedriver\undetected_chromedriver.exe
2025-10-26 15:27:39,225 - ERROR - GAGAL total saat setup driver: Binary Location Must be a String
Traceback (most recent call last):
  File "C:\laragon\www\dapokalsel\sekolah\import_url_kabupaten.pyw", line 80, in setup_driver
    driver = uc.Chrome(
  File "C:\laragon\bin\python\python-3.10\lib\site-packages\undetected_chromedriver\__init__.py", line 372, in __init__
    options.binary_location = (
  File "C:\laragon\bin\python\python-3.10\lib\site-packages\selenium\webdriver\chromium\options.py", line 52, in binary_location
    raise TypeError(self.BINARY_LOCATION_ERROR)
TypeError: Binary Location Must be a String
2025-10-26 15:27:39,225 - ERROR - Error pada percobaan 263: Gagal total setup driver. Cek log di atas.
Traceback (most recent call last):
  File "C:\laragon\www\dapokalsel\sekolah\import_url_kabupaten.pyw", line 285, in process_url_induk
    raise Exception("Gagal total setup driver. Cek log di atas.")
Exception: Gagal total setup driver. Cek log di atas.
2025-10-26 15:27:39,225 - INFO - Percobaan ulang 264/300...
2025-10-26 15:27:54,225 - INFO - Memulai setup driver...
2025-10-26 15:27:54,225 - INFO - Menggunakan User Data Directory: C:\laragon\www\dapokalsel\chrome_profile
2025-10-26 15:27:54,225 - INFO - Menginisialisasi uc.Chrome()...
2025-10-26 15:27:57,193 - INFO - patching driver executable C:\laragon\www\dapokalsel\sekolah\~\appdata\roaming\undetected_chromedriver\undetected_chromedriver.exe
2025-10-26 15:27:57,273 - ERROR - GAGAL total saat setup driver: Binary Location Must be a String
Traceback (most recent call last):
  File "C:\laragon\www\dapokalsel\sekolah\import_url_kabupaten.pyw", line 80, in setup_driver
    driver = uc.Chrome(
  File "C:\laragon\bin\python\python-3.10\lib\site-packages\undetected_chromedriver\__init__.py", line 372, in __init__
    options.binary_location = (
  File "C:\laragon\bin\python\python-3.10\lib\site-packages\selenium\webdriver\chromium\options.py", line 52, in binary_location
    raise TypeError(self.BINARY_LOCATION_ERROR)
TypeError: Binary Location Must be a String
2025-10-26 15:27:57,273 - ERROR - Error pada percobaan 264: Gagal total setup driver. Cek log di atas.
Traceback (most recent call last):
  File "C:\laragon\www\dapokalsel\sekolah\import_url_kabupaten.pyw", line 285, in process_url_induk
    raise Exception("Gagal total setup driver. Cek log di atas.")
Exception: Gagal total setup driver. Cek log di atas.
2025-10-26 15:27:57,273 - INFO - Percobaan ulang 265/300...
2025-10-26 15:28:12,288 - INFO - Memulai setup driver...
2025-10-26 15:28:12,288 - INFO - Menggunakan User Data Directory: C:\laragon\www\dapokalsel\chrome_profile
2025-10-26 15:28:12,288 - INFO - Menginisialisasi uc.Chrome()...
2025-10-26 15:28:15,495 - INFO - patching driver executable C:\laragon\www\dapokalsel\sekolah\~\appdata\roaming\undetected_chromedriver\undetected_chromedriver.exe
2025-10-26 15:28:15,569 - ERROR - GAGAL total saat setup driver: Binary Location Must be a String
Traceback (most recent call last):
  File "C:\laragon\www\dapokalsel\sekolah\import_url_kabupaten.pyw", line 80, in setup_driver
    driver = uc.Chrome(
  File "C:\laragon\bin\python\python-3.10\lib\site-packages\undetected_chromedriver\__init__.py", line 372, in __init__
    options.binary_location = (
  File "C:\laragon\bin\python\python-3.10\lib\site-packages\selenium\webdriver\chromium\options.py", line 52, in binary_location
    raise TypeError(self.BINARY_LOCATION_ERROR)
TypeError: Binary Location Must be a String
2025-10-26 15:28:15,569 - ERROR - Error pada percobaan 265: Gagal total setup driver. Cek log di atas.
Traceback (most recent call last):
  File "C:\laragon\www\dapokalsel\sekolah\import_url_kabupaten.pyw", line 285, in process_url_induk
    raise Exception("Gagal total setup driver. Cek log di atas.")
Exception: Gagal total setup driver. Cek log di atas.
2025-10-26 15:28:15,569 - INFO - Percobaan ulang 266/300...
2025-10-26 15:28:30,569 - INFO - Memulai setup driver...
2025-10-26 15:28:30,569 - INFO - Menggunakan User Data Directory: C:\laragon\www\dapokalsel\chrome_profile
2025-10-26 15:28:30,569 - INFO - Menginisialisasi uc.Chrome()...
2025-10-26 15:28:33,412 - INFO - patching driver executable C:\laragon\www\dapokalsel\sekolah\~\appdata\roaming\undetected_chromedriver\undetected_chromedriver.exe
2025-10-26 15:28:33,491 - ERROR - GAGAL total saat setup driver: Binary Location Must be a String
Traceback (most recent call last):
  File "C:\laragon\www\dapokalsel\sekolah\import_url_kabupaten.pyw", line 80, in setup_driver
    driver = uc.Chrome(
  File "C:\laragon\bin\python\python-3.10\lib\site-packages\undetected_chromedriver\__init__.py", line 372, in __init__
    options.binary_location = (
  File "C:\laragon\bin\python\python-3.10\lib\site-packages\selenium\webdriver\chromium\options.py", line 52, in binary_location
    raise TypeError(self.BINARY_LOCATION_ERROR)
TypeError: Binary Location Must be a String
2025-10-26 15:28:33,491 - ERROR - Error pada percobaan 266: Gagal total setup driver. Cek log di atas.
Traceback (most recent call last):
  File "C:\laragon\www\dapokalsel\sekolah\import_url_kabupaten.pyw", line 285, in process_url_induk
    raise Exception("Gagal total setup driver. Cek log di atas.")
Exception: Gagal total setup driver. Cek log di atas.
2025-10-26 15:28:33,491 - INFO - Percobaan ulang 267/300...
2025-10-26 15:28:48,491 - INFO - Memulai setup driver...
2025-10-26 15:28:48,491 - INFO - Menggunakan User Data Directory: C:\laragon\www\dapokalsel\chrome_profile
2025-10-26 15:28:48,491 - INFO - Menginisialisasi uc.Chrome()...
2025-10-26 15:28:51,839 - INFO - patching driver executable C:\laragon\www\dapokalsel\sekolah\~\appdata\roaming\undetected_chromedriver\undetected_chromedriver.exe
2025-10-26 15:28:51,912 - ERROR - GAGAL total saat setup driver: Binary Location Must be a String
Traceback (most recent call last):
  File "C:\laragon\www\dapokalsel\sekolah\import_url_kabupaten.pyw", line 80, in setup_driver
    driver = uc.Chrome(
  File "C:\laragon\bin\python\python-3.10\lib\site-packages\undetected_chromedriver\__init__.py", line 372, in __init__
    options.binary_location = (
  File "C:\laragon\bin\python\python-3.10\lib\site-packages\selenium\webdriver\chromium\options.py", line 52, in binary_location
    raise TypeError(self.BINARY_LOCATION_ERROR)
TypeError: Binary Location Must be a String
2025-10-26 15:28:51,912 - ERROR - Error pada percobaan 267: Gagal total setup driver. Cek log di atas.
Traceback (most recent call last):
  File "C:\laragon\www\dapokalsel\sekolah\import_url_kabupaten.pyw", line 285, in process_url_induk
    raise Exception("Gagal total setup driver. Cek log di atas.")
Exception: Gagal total setup driver. Cek log di atas.
2025-10-26 15:28:51,912 - INFO - Percobaan ulang 268/300...
2025-10-26 15:29:06,912 - INFO - Memulai setup driver...
2025-10-26 15:29:06,912 - INFO - Menggunakan User Data Directory: C:\laragon\www\dapokalsel\chrome_profile
2025-10-26 15:29:06,912 - INFO - Menginisialisasi uc.Chrome()...
2025-10-26 15:29:09,912 - INFO - patching driver executable C:\laragon\www\dapokalsel\sekolah\~\appdata\roaming\undetected_chromedriver\undetected_chromedriver.exe
2025-10-26 15:29:10,017 - ERROR - GAGAL total saat setup driver: Binary Location Must be a String
Traceback (most recent call last):
  File "C:\laragon\www\dapokalsel\sekolah\import_url_kabupaten.pyw", line 80, in setup_driver
    driver = uc.Chrome(
  File "C:\laragon\bin\python\python-3.10\lib\site-packages\undetected_chromedriver\__init__.py", line 372, in __init__
    options.binary_location = (
  File "C:\laragon\bin\python\python-3.10\lib\site-packages\selenium\webdriver\chromium\options.py", line 52, in binary_location
    raise TypeError(self.BINARY_LOCATION_ERROR)
TypeError: Binary Location Must be a String
2025-10-26 15:29:10,018 - ERROR - Error pada percobaan 268: Gagal total setup driver. Cek log di atas.
Traceback (most recent call last):
  File "C:\laragon\www\dapokalsel\sekolah\import_url_kabupaten.pyw", line 285, in process_url_induk
    raise Exception("Gagal total setup driver. Cek log di atas.")
Exception: Gagal total setup driver. Cek log di atas.
2025-10-26 15:29:10,018 - INFO - Percobaan ulang 269/300...
2025-10-26 15:29:25,019 - INFO - Memulai setup driver...
2025-10-26 15:29:25,019 - INFO - Menggunakan User Data Directory: C:\laragon\www\dapokalsel\chrome_profile
2025-10-26 15:29:25,019 - INFO - Menginisialisasi uc.Chrome()...
2025-10-26 15:29:30,950 - INFO - patching driver executable C:\laragon\www\dapokalsel\sekolah\~\appdata\roaming\undetected_chromedriver\undetected_chromedriver.exe
2025-10-26 15:29:31,039 - ERROR - GAGAL total saat setup driver: Binary Location Must be a String
Traceback (most recent call last):
  File "C:\laragon\www\dapokalsel\sekolah\import_url_kabupaten.pyw", line 80, in setup_driver
    driver = uc.Chrome(
  File "C:\laragon\bin\python\python-3.10\lib\site-packages\undetected_chromedriver\__init__.py", line 372, in __init__
    options.binary_location = (
  File "C:\laragon\bin\python\python-3.10\lib\site-packages\selenium\webdriver\chromium\options.py", line 52, in binary_location
    raise TypeError(self.BINARY_LOCATION_ERROR)
TypeError: Binary Location Must be a String
2025-10-26 15:29:31,040 - ERROR - Error pada percobaan 269: Gagal total setup driver. Cek log di atas.
Traceback (most recent call last):
  File "C:\laragon\www\dapokalsel\sekolah\import_url_kabupaten.pyw", line 285, in process_url_induk
    raise Exception("Gagal total setup driver. Cek log di atas.")
Exception: Gagal total setup driver. Cek log di atas.
2025-10-26 15:29:31,041 - INFO - Percobaan ulang 270/300...
2025-10-26 15:29:46,041 - INFO - Memulai setup driver...
2025-10-26 15:29:46,042 - INFO - Menggunakan User Data Directory: C:\laragon\www\dapokalsel\chrome_profile
2025-10-26 15:29:46,042 - INFO - Menginisialisasi uc.Chrome()...
2025-10-26 15:29:56,938 - INFO - patching driver executable C:\laragon\www\dapokalsel\sekolah\~\appdata\roaming\undetected_chromedriver\undetected_chromedriver.exe
2025-10-26 15:29:57,024 - ERROR - GAGAL total saat setup driver: Binary Location Must be a String
Traceback (most recent call last):
  File "C:\laragon\www\dapokalsel\sekolah\import_url_kabupaten.pyw", line 80, in setup_driver
    driver = uc.Chrome(
  File "C:\laragon\bin\python\python-3.10\lib\site-packages\undetected_chromedriver\__init__.py", line 372, in __init__
    options.binary_location = (
  File "C:\laragon\bin\python\python-3.10\lib\site-packages\selenium\webdriver\chromium\options.py", line 52, in binary_location
    raise TypeError(self.BINARY_LOCATION_ERROR)
TypeError: Binary Location Must be a String
2025-10-26 15:29:57,024 - ERROR - Error pada percobaan 270: Gagal total setup driver. Cek log di atas.
Traceback (most recent call last):
  File "C:\laragon\www\dapokalsel\sekolah\import_url_kabupaten.pyw", line 285, in process_url_induk
    raise Exception("Gagal total setup driver. Cek log di atas.")
Exception: Gagal total setup driver. Cek log di atas.
2025-10-26 15:29:57,025 - INFO - Percobaan ulang 271/300...
2025-10-26 15:30:12,025 - INFO - Memulai setup driver...
2025-10-26 15:30:12,025 - INFO - Menggunakan User Data Directory: C:\laragon\www\dapokalsel\chrome_profile
2025-10-26 15:30:12,025 - INFO - Menginisialisasi uc.Chrome()...
2025-10-26 15:30:22,497 - INFO - patching driver executable C:\laragon\www\dapokalsel\sekolah\~\appdata\roaming\undetected_chromedriver\undetected_chromedriver.exe
2025-10-26 15:30:22,582 - ERROR - GAGAL total saat setup driver: Binary Location Must be a String
Traceback (most recent call last):
  File "C:\laragon\www\dapokalsel\sekolah\import_url_kabupaten.pyw", line 80, in setup_driver
    driver = uc.Chrome(
  File "C:\laragon\bin\python\python-3.10\lib\site-packages\undetected_chromedriver\__init__.py", line 372, in __init__
    options.binary_location = (
  File "C:\laragon\bin\python\python-3.10\lib\site-packages\selenium\webdriver\chromium\options.py", line 52, in binary_location
    raise TypeError(self.BINARY_LOCATION_ERROR)
TypeError: Binary Location Must be a String
2025-10-26 15:30:22,583 - ERROR - Error pada percobaan 271: Gagal total setup driver. Cek log di atas.
Traceback (most recent call last):
  File "C:\laragon\www\dapokalsel\sekolah\import_url_kabupaten.pyw", line 285, in process_url_induk
    raise Exception("Gagal total setup driver. Cek log di atas.")
Exception: Gagal total setup driver. Cek log di atas.
2025-10-26 15:30:22,583 - INFO - Percobaan ulang 272/300...
2025-10-26 15:30:37,583 - INFO - Memulai setup driver...
2025-10-26 15:30:37,584 - INFO - Menggunakan User Data Directory: C:\laragon\www\dapokalsel\chrome_profile
2025-10-26 15:30:37,584 - INFO - Menginisialisasi uc.Chrome()...
2025-10-26 15:30:48,722 - INFO - patching driver executable C:\laragon\www\dapokalsel\sekolah\~\appdata\roaming\undetected_chromedriver\undetected_chromedriver.exe
2025-10-26 15:30:48,819 - ERROR - GAGAL total saat setup driver: Binary Location Must be a String
Traceback (most recent call last):
  File "C:\laragon\www\dapokalsel\sekolah\import_url_kabupaten.pyw", line 80, in setup_driver
    driver = uc.Chrome(
  File "C:\laragon\bin\python\python-3.10\lib\site-packages\undetected_chromedriver\__init__.py", line 372, in __init__
    options.binary_location = (
  File "C:\laragon\bin\python\python-3.10\lib\site-packages\selenium\webdriver\chromium\options.py", line 52, in binary_location
    raise TypeError(self.BINARY_LOCATION_ERROR)
TypeError: Binary Location Must be a String
2025-10-26 15:30:48,820 - ERROR - Error pada percobaan 272: Gagal total setup driver. Cek log di atas.
Traceback (most recent call last):
  File "C:\laragon\www\dapokalsel\sekolah\import_url_kabupaten.pyw", line 285, in process_url_induk
    raise Exception("Gagal total setup driver. Cek log di atas.")
Exception: Gagal total setup driver. Cek log di atas.
2025-10-26 15:30:48,820 - INFO - Percobaan ulang 273/300...
2025-10-26 15:31:03,820 - INFO - Memulai setup driver...
2025-10-26 15:31:03,820 - INFO - Menggunakan User Data Directory: C:\laragon\www\dapokalsel\chrome_profile
2025-10-26 15:31:03,820 - INFO - Menginisialisasi uc.Chrome()...
2025-10-26 15:31:14,673 - INFO - patching driver executable C:\laragon\www\dapokalsel\sekolah\~\appdata\roaming\undetected_chromedriver\undetected_chromedriver.exe
2025-10-26 15:31:14,750 - ERROR - GAGAL total saat setup driver: Binary Location Must be a String
Traceback (most recent call last):
  File "C:\laragon\www\dapokalsel\sekolah\import_url_kabupaten.pyw", line 80, in setup_driver
    driver = uc.Chrome(
  File "C:\laragon\bin\python\python-3.10\lib\site-packages\undetected_chromedriver\__init__.py", line 372, in __init__
    options.binary_location = (
  File "C:\laragon\bin\python\python-3.10\lib\site-packages\selenium\webdriver\chromium\options.py", line 52, in binary_location
    raise TypeError(self.BINARY_LOCATION_ERROR)
TypeError: Binary Location Must be a String
2025-10-26 15:31:14,751 - ERROR - Error pada percobaan 273: Gagal total setup driver. Cek log di atas.
Traceback (most recent call last):
  File "C:\laragon\www\dapokalsel\sekolah\import_url_kabupaten.pyw", line 285, in process_url_induk
    raise Exception("Gagal total setup driver. Cek log di atas.")
Exception: Gagal total setup driver. Cek log di atas.
2025-10-26 15:31:14,751 - INFO - Percobaan ulang 274/300...
2025-10-26 15:31:29,751 - INFO - Memulai setup driver...
2025-10-26 15:31:29,751 - INFO - Menggunakan User Data Directory: C:\laragon\www\dapokalsel\chrome_profile
2025-10-26 15:31:29,752 - INFO - Menginisialisasi uc.Chrome()...
2025-10-26 15:31:41,170 - INFO - patching driver executable C:\laragon\www\dapokalsel\sekolah\~\appdata\roaming\undetected_chromedriver\undetected_chromedriver.exe
2025-10-26 15:31:41,258 - ERROR - GAGAL total saat setup driver: Binary Location Must be a String
Traceback (most recent call last):
  File "C:\laragon\www\dapokalsel\sekolah\import_url_kabupaten.pyw", line 80, in setup_driver
    driver = uc.Chrome(
  File "C:\laragon\bin\python\python-3.10\lib\site-packages\undetected_chromedriver\__init__.py", line 372, in __init__
    options.binary_location = (
  File "C:\laragon\bin\python\python-3.10\lib\site-packages\selenium\webdriver\chromium\options.py", line 52, in binary_location
    raise TypeError(self.BINARY_LOCATION_ERROR)
TypeError: Binary Location Must be a String
2025-10-26 15:31:41,258 - ERROR - Error pada percobaan 274: Gagal total setup driver. Cek log di atas.
Traceback (most recent call last):
  File "C:\laragon\www\dapokalsel\sekolah\import_url_kabupaten.pyw", line 285, in process_url_induk
    raise Exception("Gagal total setup driver. Cek log di atas.")
Exception: Gagal total setup driver. Cek log di atas.
2025-10-26 15:31:41,259 - INFO - Percobaan ulang 275/300...
2025-10-26 15:31:56,259 - INFO - Memulai setup driver...
2025-10-26 15:31:56,259 - INFO - Menggunakan User Data Directory: C:\laragon\www\dapokalsel\chrome_profile
2025-10-26 15:31:56,260 - INFO - Menginisialisasi uc.Chrome()...
2025-10-26 15:32:07,876 - INFO - patching driver executable C:\laragon\www\dapokalsel\sekolah\~\appdata\roaming\undetected_chromedriver\undetected_chromedriver.exe
2025-10-26 15:32:07,955 - ERROR - GAGAL total saat setup driver: Binary Location Must be a String
Traceback (most recent call last):
  File "C:\laragon\www\dapokalsel\sekolah\import_url_kabupaten.pyw", line 80, in setup_driver
    driver = uc.Chrome(
  File "C:\laragon\bin\python\python-3.10\lib\site-packages\undetected_chromedriver\__init__.py", line 372, in __init__
    options.binary_location = (
  File "C:\laragon\bin\python\python-3.10\lib\site-packages\selenium\webdriver\chromium\options.py", line 52, in binary_location
    raise TypeError(self.BINARY_LOCATION_ERROR)
TypeError: Binary Location Must be a String
2025-10-26 15:32:07,955 - ERROR - Error pada percobaan 275: Gagal total setup driver. Cek log di atas.
Traceback (most recent call last):
  File "C:\laragon\www\dapokalsel\sekolah\import_url_kabupaten.pyw", line 285, in process_url_induk
    raise Exception("Gagal total setup driver. Cek log di atas.")
Exception: Gagal total setup driver. Cek log di atas.
2025-10-26 15:32:07,956 - INFO - Percobaan ulang 276/300...
2025-10-26 15:32:22,956 - INFO - Memulai setup driver...
2025-10-26 15:32:22,956 - INFO - Menggunakan User Data Directory: C:\laragon\www\dapokalsel\chrome_profile
2025-10-26 15:32:22,956 - INFO - Menginisialisasi uc.Chrome()...
2025-10-26 15:32:35,137 - INFO - patching driver executable C:\laragon\www\dapokalsel\sekolah\~\appdata\roaming\undetected_chromedriver\undetected_chromedriver.exe
2025-10-26 15:32:35,247 - ERROR - GAGAL total saat setup driver: Binary Location Must be a String
Traceback (most recent call last):
  File "C:\laragon\www\dapokalsel\sekolah\import_url_kabupaten.pyw", line 80, in setup_driver
    driver = uc.Chrome(
  File "C:\laragon\bin\python\python-3.10\lib\site-packages\undetected_chromedriver\__init__.py", line 372, in __init__
    options.binary_location = (
  File "C:\laragon\bin\python\python-3.10\lib\site-packages\selenium\webdriver\chromium\options.py", line 52, in binary_location
    raise TypeError(self.BINARY_LOCATION_ERROR)
TypeError: Binary Location Must be a String
2025-10-26 15:32:35,247 - ERROR - Error pada percobaan 276: Gagal total setup driver. Cek log di atas.
Traceback (most recent call last):
  File "C:\laragon\www\dapokalsel\sekolah\import_url_kabupaten.pyw", line 285, in process_url_induk
    raise Exception("Gagal total setup driver. Cek log di atas.")
Exception: Gagal total setup driver. Cek log di atas.
2025-10-26 15:32:35,248 - INFO - Percobaan ulang 277/300...
2025-10-26 15:32:50,248 - INFO - Memulai setup driver...
2025-10-26 15:32:50,248 - INFO - Menggunakan User Data Directory: C:\laragon\www\dapokalsel\chrome_profile
2025-10-26 15:32:50,248 - INFO - Menginisialisasi uc.Chrome()...
2025-10-26 15:33:03,286 - INFO - patching driver executable C:\laragon\www\dapokalsel\sekolah\~\appdata\roaming\undetected_chromedriver\undetected_chromedriver.exe
2025-10-26 15:33:03,362 - ERROR - GAGAL total saat setup driver: Binary Location Must be a String
Traceback (most recent call last):
  File "C:\laragon\www\dapokalsel\sekolah\import_url_kabupaten.pyw", line 80, in setup_driver
    driver = uc.Chrome(
  File "C:\laragon\bin\python\python-3.10\lib\site-packages\undetected_chromedriver\__init__.py", line 372, in __init__
    options.binary_location = (
  File "C:\laragon\bin\python\python-3.10\lib\site-packages\selenium\webdriver\chromium\options.py", line 52, in binary_location
    raise TypeError(self.BINARY_LOCATION_ERROR)
TypeError: Binary Location Must be a String
2025-10-26 15:33:03,362 - ERROR - Error pada percobaan 277: Gagal total setup driver. Cek log di atas.
Traceback (most recent call last):
  File "C:\laragon\www\dapokalsel\sekolah\import_url_kabupaten.pyw", line 285, in process_url_induk
    raise Exception("Gagal total setup driver. Cek log di atas.")
Exception: Gagal total setup driver. Cek log di atas.
2025-10-26 15:33:03,362 - INFO - Percobaan ulang 278/300...
2025-10-26 15:33:18,363 - INFO - Memulai setup driver...
2025-10-26 15:33:18,363 - INFO - Menggunakan User Data Directory: C:\laragon\www\dapokalsel\chrome_profile
2025-10-26 15:33:18,363 - INFO - Menginisialisasi uc.Chrome()...
2025-10-26 15:33:26,162 - INFO - patching driver executable C:\laragon\www\dapokalsel\sekolah\~\appdata\roaming\undetected_chromedriver\undetected_chromedriver.exe
2025-10-26 15:33:26,241 - ERROR - GAGAL total saat setup driver: Binary Location Must be a String
Traceback (most recent call last):
  File "C:\laragon\www\dapokalsel\sekolah\import_url_kabupaten.pyw", line 80, in setup_driver
    driver = uc.Chrome(
  File "C:\laragon\bin\python\python-3.10\lib\site-packages\undetected_chromedriver\__init__.py", line 372, in __init__
    options.binary_location = (
  File "C:\laragon\bin\python\python-3.10\lib\site-packages\selenium\webdriver\chromium\options.py", line 52, in binary_location
    raise TypeError(self.BINARY_LOCATION_ERROR)
TypeError: Binary Location Must be a String
2025-10-26 15:33:26,242 - ERROR - Error pada percobaan 278: Gagal total setup driver. Cek log di atas.
Traceback (most recent call last):
  File "C:\laragon\www\dapokalsel\sekolah\import_url_kabupaten.pyw", line 285, in process_url_induk
    raise Exception("Gagal total setup driver. Cek log di atas.")
Exception: Gagal total setup driver. Cek log di atas.
2025-10-26 15:33:26,242 - INFO - Percobaan ulang 279/300...
2025-10-26 15:33:41,243 - INFO - Memulai setup driver...
2025-10-26 15:33:41,244 - INFO - Menggunakan User Data Directory: C:\laragon\www\dapokalsel\chrome_profile
2025-10-26 15:33:41,244 - INFO - Menginisialisasi uc.Chrome()...
2025-10-26 15:33:52,774 - INFO - patching driver executable C:\laragon\www\dapokalsel\sekolah\~\appdata\roaming\undetected_chromedriver\undetected_chromedriver.exe
2025-10-26 15:33:52,850 - ERROR - GAGAL total saat setup driver: Binary Location Must be a String
Traceback (most recent call last):
  File "C:\laragon\www\dapokalsel\sekolah\import_url_kabupaten.pyw", line 80, in setup_driver
    driver = uc.Chrome(
  File "C:\laragon\bin\python\python-3.10\lib\site-packages\undetected_chromedriver\__init__.py", line 372, in __init__
    options.binary_location = (
  File "C:\laragon\bin\python\python-3.10\lib\site-packages\selenium\webdriver\chromium\options.py", line 52, in binary_location
    raise TypeError(self.BINARY_LOCATION_ERROR)
TypeError: Binary Location Must be a String
2025-10-26 15:33:52,851 - ERROR - Error pada percobaan 279: Gagal total setup driver. Cek log di atas.
Traceback (most recent call last):
  File "C:\laragon\www\dapokalsel\sekolah\import_url_kabupaten.pyw", line 285, in process_url_induk
    raise Exception("Gagal total setup driver. Cek log di atas.")
Exception: Gagal total setup driver. Cek log di atas.
2025-10-26 15:33:52,851 - INFO - Percobaan ulang 280/300...
2025-10-26 15:34:07,851 - INFO - Memulai setup driver...
2025-10-26 15:34:07,851 - INFO - Menggunakan User Data Directory: C:\laragon\www\dapokalsel\chrome_profile
2025-10-26 15:34:07,852 - INFO - Menginisialisasi uc.Chrome()...
2025-10-26 15:34:17,656 - INFO - patching driver executable C:\laragon\www\dapokalsel\sekolah\~\appdata\roaming\undetected_chromedriver\undetected_chromedriver.exe
2025-10-26 15:34:17,732 - ERROR - GAGAL total saat setup driver: Binary Location Must be a String
Traceback (most recent call last):
  File "C:\laragon\www\dapokalsel\sekolah\import_url_kabupaten.pyw", line 80, in setup_driver
    driver = uc.Chrome(
  File "C:\laragon\bin\python\python-3.10\lib\site-packages\undetected_chromedriver\__init__.py", line 372, in __init__
    options.binary_location = (
  File "C:\laragon\bin\python\python-3.10\lib\site-packages\selenium\webdriver\chromium\options.py", line 52, in binary_location
    raise TypeError(self.BINARY_LOCATION_ERROR)
TypeError: Binary Location Must be a String
2025-10-26 15:34:17,733 - ERROR - Error pada percobaan 280: Gagal total setup driver. Cek log di atas.
Traceback (most recent call last):
  File "C:\laragon\www\dapokalsel\sekolah\import_url_kabupaten.pyw", line 285, in process_url_induk
    raise Exception("Gagal total setup driver. Cek log di atas.")
Exception: Gagal total setup driver. Cek log di atas.
2025-10-26 15:34:17,733 - INFO - Percobaan ulang 281/300...
2025-10-26 15:34:32,733 - INFO - Memulai setup driver...
2025-10-26 15:34:32,733 - INFO - Menggunakan User Data Directory: C:\laragon\www\dapokalsel\chrome_profile
2025-10-26 15:34:32,733 - INFO - Menginisialisasi uc.Chrome()...
2025-10-26 15:34:42,329 - INFO - patching driver executable C:\laragon\www\dapokalsel\sekolah\~\appdata\roaming\undetected_chromedriver\undetected_chromedriver.exe
2025-10-26 15:34:42,408 - ERROR - GAGAL total saat setup driver: Binary Location Must be a String
Traceback (most recent call last):
  File "C:\laragon\www\dapokalsel\sekolah\import_url_kabupaten.pyw", line 80, in setup_driver
    driver = uc.Chrome(
  File "C:\laragon\bin\python\python-3.10\lib\site-packages\undetected_chromedriver\__init__.py", line 372, in __init__
    options.binary_location = (
  File "C:\laragon\bin\python\python-3.10\lib\site-packages\selenium\webdriver\chromium\options.py", line 52, in binary_location
    raise TypeError(self.BINARY_LOCATION_ERROR)
TypeError: Binary Location Must be a String
2025-10-26 15:34:42,409 - ERROR - Error pada percobaan 281: Gagal total setup driver. Cek log di atas.
Traceback (most recent call last):
  File "C:\laragon\www\dapokalsel\sekolah\import_url_kabupaten.pyw", line 285, in process_url_induk
    raise Exception("Gagal total setup driver. Cek log di atas.")
Exception: Gagal total setup driver. Cek log di atas.
2025-10-26 15:34:42,409 - INFO - Percobaan ulang 282/300...
2025-10-26 15:34:57,410 - INFO - Memulai setup driver...
2025-10-26 15:34:57,410 - INFO - Menggunakan User Data Directory: C:\laragon\www\dapokalsel\chrome_profile
2025-10-26 15:34:57,410 - INFO - Menginisialisasi uc.Chrome()...
2025-10-26 15:35:08,592 - INFO - patching driver executable C:\laragon\www\dapokalsel\sekolah\~\appdata\roaming\undetected_chromedriver\undetected_chromedriver.exe
2025-10-26 15:35:08,676 - ERROR - GAGAL total saat setup driver: Binary Location Must be a String
Traceback (most recent call last):
  File "C:\laragon\www\dapokalsel\sekolah\import_url_kabupaten.pyw", line 80, in setup_driver
    driver = uc.Chrome(
  File "C:\laragon\bin\python\python-3.10\lib\site-packages\undetected_chromedriver\__init__.py", line 372, in __init__
    options.binary_location = (
  File "C:\laragon\bin\python\python-3.10\lib\site-packages\selenium\webdriver\chromium\options.py", line 52, in binary_location
    raise TypeError(self.BINARY_LOCATION_ERROR)
TypeError: Binary Location Must be a String
2025-10-26 15:35:08,678 - ERROR - Error pada percobaan 282: Gagal total setup driver. Cek log di atas.
Traceback (most recent call last):
  File "C:\laragon\www\dapokalsel\sekolah\import_url_kabupaten.pyw", line 285, in process_url_induk
    raise Exception("Gagal total setup driver. Cek log di atas.")
Exception: Gagal total setup driver. Cek log di atas.
2025-10-26 15:35:08,678 - INFO - Percobaan ulang 283/300...
2025-10-26 15:35:23,679 - INFO - Memulai setup driver...
2025-10-26 15:35:23,679 - INFO - Menggunakan User Data Directory: C:\laragon\www\dapokalsel\chrome_profile
2025-10-26 15:35:23,680 - INFO - Menginisialisasi uc.Chrome()...
2025-10-26 15:35:33,616 - INFO - patching driver executable C:\laragon\www\dapokalsel\sekolah\~\appdata\roaming\undetected_chromedriver\undetected_chromedriver.exe
2025-10-26 15:35:33,691 - ERROR - GAGAL total saat setup driver: Binary Location Must be a String
Traceback (most recent call last):
  File "C:\laragon\www\dapokalsel\sekolah\import_url_kabupaten.pyw", line 80, in setup_driver
    driver = uc.Chrome(
  File "C:\laragon\bin\python\python-3.10\lib\site-packages\undetected_chromedriver\__init__.py", line 372, in __init__
    options.binary_location = (
  File "C:\laragon\bin\python\python-3.10\lib\site-packages\selenium\webdriver\chromium\options.py", line 52, in binary_location
    raise TypeError(self.BINARY_LOCATION_ERROR)
TypeError: Binary Location Must be a String
2025-10-26 15:35:33,691 - ERROR - Error pada percobaan 283: Gagal total setup driver. Cek log di atas.
Traceback (most recent call last):
  File "C:\laragon\www\dapokalsel\sekolah\import_url_kabupaten.pyw", line 285, in process_url_induk
    raise Exception("Gagal total setup driver. Cek log di atas.")
Exception: Gagal total setup driver. Cek log di atas.
2025-10-26 15:35:33,692 - INFO - Percobaan ulang 284/300...
2025-10-26 15:35:48,693 - INFO - Memulai setup driver...
2025-10-26 15:35:48,693 - INFO - Menggunakan User Data Directory: C:\laragon\www\dapokalsel\chrome_profile
2025-10-26 15:35:48,693 - INFO - Menginisialisasi uc.Chrome()...
2025-10-26 15:35:59,556 - INFO - patching driver executable C:\laragon\www\dapokalsel\sekolah\~\appdata\roaming\undetected_chromedriver\undetected_chromedriver.exe
2025-10-26 15:35:59,633 - ERROR - GAGAL total saat setup driver: Binary Location Must be a String
Traceback (most recent call last):
  File "C:\laragon\www\dapokalsel\sekolah\import_url_kabupaten.pyw", line 80, in setup_driver
    driver = uc.Chrome(
  File "C:\laragon\bin\python\python-3.10\lib\site-packages\undetected_chromedriver\__init__.py", line 372, in __init__
    options.binary_location = (
  File "C:\laragon\bin\python\python-3.10\lib\site-packages\selenium\webdriver\chromium\options.py", line 52, in binary_location
    raise TypeError(self.BINARY_LOCATION_ERROR)
TypeError: Binary Location Must be a String
2025-10-26 15:35:59,634 - ERROR - Error pada percobaan 284: Gagal total setup driver. Cek log di atas.
Traceback (most recent call last):
  File "C:\laragon\www\dapokalsel\sekolah\import_url_kabupaten.pyw", line 285, in process_url_induk
    raise Exception("Gagal total setup driver. Cek log di atas.")
Exception: Gagal total setup driver. Cek log di atas.
2025-10-26 15:35:59,634 - INFO - Percobaan ulang 285/300...
2025-10-26 15:36:14,634 - INFO - Memulai setup driver...
2025-10-26 15:36:14,634 - INFO - Menggunakan User Data Directory: C:\laragon\www\dapokalsel\chrome_profile
2025-10-26 15:36:14,634 - INFO - Menginisialisasi uc.Chrome()...
2025-10-26 15:36:28,507 - INFO - patching driver executable C:\laragon\www\dapokalsel\sekolah\~\appdata\roaming\undetected_chromedriver\undetected_chromedriver.exe
2025-10-26 15:36:28,588 - ERROR - GAGAL total saat setup driver: Binary Location Must be a String
Traceback (most recent call last):
  File "C:\laragon\www\dapokalsel\sekolah\import_url_kabupaten.pyw", line 80, in setup_driver
    driver = uc.Chrome(
  File "C:\laragon\bin\python\python-3.10\lib\site-packages\undetected_chromedriver\__init__.py", line 372, in __init__
    options.binary_location = (
  File "C:\laragon\bin\python\python-3.10\lib\site-packages\selenium\webdriver\chromium\options.py", line 52, in binary_location
    raise TypeError(self.BINARY_LOCATION_ERROR)
TypeError: Binary Location Must be a String
2025-10-26 15:36:28,588 - ERROR - Error pada percobaan 285: Gagal total setup driver. Cek log di atas.
Traceback (most recent call last):
  File "C:\laragon\www\dapokalsel\sekolah\import_url_kabupaten.pyw", line 285, in process_url_induk
    raise Exception("Gagal total setup driver. Cek log di atas.")
Exception: Gagal total setup driver. Cek log di atas.
2025-10-26 15:36:28,588 - INFO - Percobaan ulang 286/300...
2025-10-26 15:36:43,589 - INFO - Memulai setup driver...
2025-10-26 15:36:43,589 - INFO - Menggunakan User Data Directory: C:\laragon\www\dapokalsel\chrome_profile
2025-10-26 15:36:43,589 - INFO - Menginisialisasi uc.Chrome()...
2025-10-26 15:36:49,505 - INFO - patching driver executable C:\laragon\www\dapokalsel\sekolah\~\appdata\roaming\undetected_chromedriver\undetected_chromedriver.exe
2025-10-26 15:36:49,582 - ERROR - GAGAL total saat setup driver: Binary Location Must be a String
Traceback (most recent call last):
  File "C:\laragon\www\dapokalsel\sekolah\import_url_kabupaten.pyw", line 80, in setup_driver
    driver = uc.Chrome(
  File "C:\laragon\bin\python\python-3.10\lib\site-packages\undetected_chromedriver\__init__.py", line 372, in __init__
    options.binary_location = (
  File "C:\laragon\bin\python\python-3.10\lib\site-packages\selenium\webdriver\chromium\options.py", line 52, in binary_location
    raise TypeError(self.BINARY_LOCATION_ERROR)
TypeError: Binary Location Must be a String
2025-10-26 15:36:49,583 - ERROR - Error pada percobaan 286: Gagal total setup driver. Cek log di atas.
Traceback (most recent call last):
  File "C:\laragon\www\dapokalsel\sekolah\import_url_kabupaten.pyw", line 285, in process_url_induk
    raise Exception("Gagal total setup driver. Cek log di atas.")
Exception: Gagal total setup driver. Cek log di atas.
2025-10-26 15:36:49,583 - INFO - Percobaan ulang 287/300...
2025-10-26 15:37:04,583 - INFO - Memulai setup driver...
2025-10-26 15:37:04,583 - INFO - Menggunakan User Data Directory: C:\laragon\www\dapokalsel\chrome_profile
2025-10-26 15:37:04,583 - INFO - Menginisialisasi uc.Chrome()...
2025-10-26 15:37:25,141 - INFO - patching driver executable C:\laragon\www\dapokalsel\sekolah\~\appdata\roaming\undetected_chromedriver\undetected_chromedriver.exe
2025-10-26 15:37:25,214 - ERROR - GAGAL total saat setup driver: Binary Location Must be a String
Traceback (most recent call last):
  File "C:\laragon\www\dapokalsel\sekolah\import_url_kabupaten.pyw", line 80, in setup_driver
    driver = uc.Chrome(
  File "C:\laragon\bin\python\python-3.10\lib\site-packages\undetected_chromedriver\__init__.py", line 372, in __init__
    options.binary_location = (
  File "C:\laragon\bin\python\python-3.10\lib\site-packages\selenium\webdriver\chromium\options.py", line 52, in binary_location
    raise TypeError(self.BINARY_LOCATION_ERROR)
TypeError: Binary Location Must be a String
2025-10-26 15:37:25,215 - ERROR - Error pada percobaan 287: Gagal total setup driver. Cek log di atas.
Traceback (most recent call last):
  File "C:\laragon\www\dapokalsel\sekolah\import_url_kabupaten.pyw", line 285, in process_url_induk
    raise Exception("Gagal total setup driver. Cek log di atas.")
Exception: Gagal total setup driver. Cek log di atas.
2025-10-26 15:37:25,215 - INFO - Percobaan ulang 288/300...
2025-10-26 15:37:40,215 - INFO - Memulai setup driver...
2025-10-26 15:37:40,216 - INFO - Menggunakan User Data Directory: C:\laragon\www\dapokalsel\chrome_profile
2025-10-26 15:37:40,216 - INFO - Menginisialisasi uc.Chrome()...
2025-10-26 15:37:47,623 - INFO - patching driver executable C:\laragon\www\dapokalsel\sekolah\~\appdata\roaming\undetected_chromedriver\undetected_chromedriver.exe
2025-10-26 15:37:47,702 - ERROR - GAGAL total saat setup driver: Binary Location Must be a String
Traceback (most recent call last):
  File "C:\laragon\www\dapokalsel\sekolah\import_url_kabupaten.pyw", line 80, in setup_driver
    driver = uc.Chrome(
  File "C:\laragon\bin\python\python-3.10\lib\site-packages\undetected_chromedriver\__init__.py", line 372, in __init__
    options.binary_location = (
  File "C:\laragon\bin\python\python-3.10\lib\site-packages\selenium\webdriver\chromium\options.py", line 52, in binary_location
    raise TypeError(self.BINARY_LOCATION_ERROR)
TypeError: Binary Location Must be a String
2025-10-26 15:37:47,703 - ERROR - Error pada percobaan 288: Gagal total setup driver. Cek log di atas.
Traceback (most recent call last):
  File "C:\laragon\www\dapokalsel\sekolah\import_url_kabupaten.pyw", line 285, in process_url_induk
    raise Exception("Gagal total setup driver. Cek log di atas.")
Exception: Gagal total setup driver. Cek log di atas.
2025-10-26 15:37:47,703 - INFO - Percobaan ulang 289/300...
2025-10-26 15:38:02,704 - INFO - Memulai setup driver...
2025-10-26 15:38:02,704 - INFO - Menggunakan User Data Directory: C:\laragon\www\dapokalsel\chrome_profile
2025-10-26 15:38:02,705 - INFO - Menginisialisasi uc.Chrome()...
2025-10-26 15:38:32,463 - INFO - patching driver executable C:\laragon\www\dapokalsel\sekolah\~\appdata\roaming\undetected_chromedriver\undetected_chromedriver.exe
2025-10-26 15:38:32,541 - ERROR - GAGAL total saat setup driver: Binary Location Must be a String
Traceback (most recent call last):
  File "C:\laragon\www\dapokalsel\sekolah\import_url_kabupaten.pyw", line 80, in setup_driver
    driver = uc.Chrome(
  File "C:\laragon\bin\python\python-3.10\lib\site-packages\undetected_chromedriver\__init__.py", line 372, in __init__
    options.binary_location = (
  File "C:\laragon\bin\python\python-3.10\lib\site-packages\selenium\webdriver\chromium\options.py", line 52, in binary_location
    raise TypeError(self.BINARY_LOCATION_ERROR)
TypeError: Binary Location Must be a String
2025-10-26 15:38:32,542 - ERROR - Error pada percobaan 289: Gagal total setup driver. Cek log di atas.
Traceback (most recent call last):
  File "C:\laragon\www\dapokalsel\sekolah\import_url_kabupaten.pyw", line 285, in process_url_induk
    raise Exception("Gagal total setup driver. Cek log di atas.")
Exception: Gagal total setup driver. Cek log di atas.
2025-10-26 15:38:32,542 - INFO - Percobaan ulang 290/300...
2025-10-26 15:38:47,542 - INFO - Memulai setup driver...
2025-10-26 15:38:47,543 - INFO - Menggunakan User Data Directory: C:\laragon\www\dapokalsel\chrome_profile
2025-10-26 15:38:47,543 - INFO - Menginisialisasi uc.Chrome()...
2025-10-26 15:38:56,037 - INFO - patching driver executable C:\laragon\www\dapokalsel\sekolah\~\appdata\roaming\undetected_chromedriver\undetected_chromedriver.exe
2025-10-26 15:38:56,113 - ERROR - GAGAL total saat setup driver: Binary Location Must be a String
Traceback (most recent call last):
  File "C:\laragon\www\dapokalsel\sekolah\import_url_kabupaten.pyw", line 80, in setup_driver
    driver = uc.Chrome(
  File "C:\laragon\bin\python\python-3.10\lib\site-packages\undetected_chromedriver\__init__.py", line 372, in __init__
    options.binary_location = (
  File "C:\laragon\bin\python\python-3.10\lib\site-packages\selenium\webdriver\chromium\options.py", line 52, in binary_location
    raise TypeError(self.BINARY_LOCATION_ERROR)
TypeError: Binary Location Must be a String
2025-10-26 15:38:56,114 - ERROR - Error pada percobaan 290: Gagal total setup driver. Cek log di atas.
Traceback (most recent call last):
  File "C:\laragon\www\dapokalsel\sekolah\import_url_kabupaten.pyw", line 285, in process_url_induk
    raise Exception("Gagal total setup driver. Cek log di atas.")
Exception: Gagal total setup driver. Cek log di atas.
2025-10-26 15:38:56,114 - INFO - Percobaan ulang 291/300...
2025-10-26 15:39:11,115 - INFO - Memulai setup driver...
2025-10-26 15:39:11,115 - INFO - Menggunakan User Data Directory: C:\laragon\www\dapokalsel\chrome_profile
2025-10-26 15:39:11,116 - INFO - Menginisialisasi uc.Chrome()...
2025-10-26 15:39:18,959 - INFO - patching driver executable C:\laragon\www\dapokalsel\sekolah\~\appdata\roaming\undetected_chromedriver\undetected_chromedriver.exe
2025-10-26 15:39:19,040 - ERROR - GAGAL total saat setup driver: Binary Location Must be a String
Traceback (most recent call last):
  File "C:\laragon\www\dapokalsel\sekolah\import_url_kabupaten.pyw", line 80, in setup_driver
    driver = uc.Chrome(
  File "C:\laragon\bin\python\python-3.10\lib\site-packages\undetected_chromedriver\__init__.py", line 372, in __init__
    options.binary_location = (
  File "C:\laragon\bin\python\python-3.10\lib\site-packages\selenium\webdriver\chromium\options.py", line 52, in binary_location
    raise TypeError(self.BINARY_LOCATION_ERROR)
TypeError: Binary Location Must be a String
2025-10-26 15:39:19,040 - ERROR - Error pada percobaan 291: Gagal total setup driver. Cek log di atas.
Traceback (most recent call last):
  File "C:\laragon\www\dapokalsel\sekolah\import_url_kabupaten.pyw", line 285, in process_url_induk
    raise Exception("Gagal total setup driver. Cek log di atas.")
Exception: Gagal total setup driver. Cek log di atas.
2025-10-26 15:39:19,041 - INFO - Percobaan ulang 292/300...
2025-10-26 15:39:34,041 - INFO - Memulai setup driver...
2025-10-26 15:39:34,041 - INFO - Menggunakan User Data Directory: C:\laragon\www\dapokalsel\chrome_profile
2025-10-26 15:39:34,041 - INFO - Menginisialisasi uc.Chrome()...
2025-10-26 15:39:43,338 - INFO - patching driver executable C:\laragon\www\dapokalsel\sekolah\~\appdata\roaming\undetected_chromedriver\undetected_chromedriver.exe
2025-10-26 15:39:43,416 - ERROR - GAGAL total saat setup driver: Binary Location Must be a String
Traceback (most recent call last):
  File "C:\laragon\www\dapokalsel\sekolah\import_url_kabupaten.pyw", line 80, in setup_driver
    driver = uc.Chrome(
  File "C:\laragon\bin\python\python-3.10\lib\site-packages\undetected_chromedriver\__init__.py", line 372, in __init__
    options.binary_location = (
  File "C:\laragon\bin\python\python-3.10\lib\site-packages\selenium\webdriver\chromium\options.py", line 52, in binary_location
    raise TypeError(self.BINARY_LOCATION_ERROR)
TypeError: Binary Location Must be a String
2025-10-26 15:39:43,417 - ERROR - Error pada percobaan 292: Gagal total setup driver. Cek log di atas.
Traceback (most recent call last):
  File "C:\laragon\www\dapokalsel\sekolah\import_url_kabupaten.pyw", line 285, in process_url_induk
    raise Exception("Gagal total setup driver. Cek log di atas.")
Exception: Gagal total setup driver. Cek log di atas.
2025-10-26 15:39:43,418 - INFO - Percobaan ulang 293/300...
2025-10-26 15:39:58,418 - INFO - Memulai setup driver...
2025-10-26 15:39:58,418 - INFO - Menggunakan User Data Directory: C:\laragon\www\dapokalsel\chrome_profile
2025-10-26 15:39:58,419 - INFO - Menginisialisasi uc.Chrome()...
2025-10-26 15:40:11,726 - INFO - patching driver executable C:\laragon\www\dapokalsel\sekolah\~\appdata\roaming\undetected_chromedriver\undetected_chromedriver.exe
2025-10-26 15:40:11,814 - ERROR - GAGAL total saat setup driver: Binary Location Must be a String
Traceback (most recent call last):
  File "C:\laragon\www\dapokalsel\sekolah\import_url_kabupaten.pyw", line 80, in setup_driver
    driver = uc.Chrome(
  File "C:\laragon\bin\python\python-3.10\lib\site-packages\undetected_chromedriver\__init__.py", line 372, in __init__
    options.binary_location = (
  File "C:\laragon\bin\python\python-3.10\lib\site-packages\selenium\webdriver\chromium\options.py", line 52, in binary_location
    raise TypeError(self.BINARY_LOCATION_ERROR)
TypeError: Binary Location Must be a String
2025-10-26 15:40:11,815 - ERROR - Error pada percobaan 293: Gagal total setup driver. Cek log di atas.
Traceback (most recent call last):
  File "C:\laragon\www\dapokalsel\sekolah\import_url_kabupaten.pyw", line 285, in process_url_induk
    raise Exception("Gagal total setup driver. Cek log di atas.")
Exception: Gagal total setup driver. Cek log di atas.
2025-10-26 15:40:11,815 - INFO - Percobaan ulang 294/300...
2025-10-26 15:40:26,816 - INFO - Memulai setup driver...
2025-10-26 15:40:26,816 - INFO - Menggunakan User Data Directory: C:\laragon\www\dapokalsel\chrome_profile
2025-10-26 15:40:26,816 - INFO - Menginisialisasi uc.Chrome()...
2025-10-26 15:40:34,235 - INFO - patching driver executable C:\laragon\www\dapokalsel\sekolah\~\appdata\roaming\undetected_chromedriver\undetected_chromedriver.exe
2025-10-26 15:40:34,314 - ERROR - GAGAL total saat setup driver: Binary Location Must be a String
Traceback (most recent call last):
  File "C:\laragon\www\dapokalsel\sekolah\import_url_kabupaten.pyw", line 80, in setup_driver
    driver = uc.Chrome(
  File "C:\laragon\bin\python\python-3.10\lib\site-packages\undetected_chromedriver\__init__.py", line 372, in __init__
    options.binary_location = (
  File "C:\laragon\bin\python\python-3.10\lib\site-packages\selenium\webdriver\chromium\options.py", line 52, in binary_location
    raise TypeError(self.BINARY_LOCATION_ERROR)
TypeError: Binary Location Must be a String
2025-10-26 15:40:34,314 - ERROR - Error pada percobaan 294: Gagal total setup driver. Cek log di atas.
Traceback (most recent call last):
  File "C:\laragon\www\dapokalsel\sekolah\import_url_kabupaten.pyw", line 285, in process_url_induk
    raise Exception("Gagal total setup driver. Cek log di atas.")
Exception: Gagal total setup driver. Cek log di atas.
2025-10-26 15:40:34,315 - INFO - Percobaan ulang 295/300...
2025-10-26 15:40:49,315 - INFO - Memulai setup driver...
2025-10-26 15:40:49,315 - INFO - Menggunakan User Data Directory: C:\laragon\www\dapokalsel\chrome_profile
2025-10-26 15:40:49,315 - INFO - Menginisialisasi uc.Chrome()...
2025-10-26 15:40:57,987 - INFO - patching driver executable C:\laragon\www\dapokalsel\sekolah\~\appdata\roaming\undetected_chromedriver\undetected_chromedriver.exe
2025-10-26 15:40:58,066 - ERROR - GAGAL total saat setup driver: Binary Location Must be a String
Traceback (most recent call last):
  File "C:\laragon\www\dapokalsel\sekolah\import_url_kabupaten.pyw", line 80, in setup_driver
    driver = uc.Chrome(
  File "C:\laragon\bin\python\python-3.10\lib\site-packages\undetected_chromedriver\__init__.py", line 372, in __init__
    options.binary_location = (
  File "C:\laragon\bin\python\python-3.10\lib\site-packages\selenium\webdriver\chromium\options.py", line 52, in binary_location
    raise TypeError(self.BINARY_LOCATION_ERROR)
TypeError: Binary Location Must be a String
2025-10-26 15:40:58,067 - ERROR - Error pada percobaan 295: Gagal total setup driver. Cek log di atas.
Traceback (most recent call last):
  File "C:\laragon\www\dapokalsel\sekolah\import_url_kabupaten.pyw", line 285, in process_url_induk
    raise Exception("Gagal total setup driver. Cek log di atas.")
Exception: Gagal total setup driver. Cek log di atas.
2025-10-26 15:40:58,067 - INFO - Percobaan ulang 296/300...
2025-10-26 15:41:13,067 - INFO - Memulai setup driver...
2025-10-26 15:41:13,067 - INFO - Menggunakan User Data Directory: C:\laragon\www\dapokalsel\chrome_profile
2025-10-26 15:41:13,067 - INFO - Menginisialisasi uc.Chrome()...
2025-10-26 15:41:20,955 - INFO - patching driver executable C:\laragon\www\dapokalsel\sekolah\~\appdata\roaming\undetected_chromedriver\undetected_chromedriver.exe
2025-10-26 15:41:21,039 - ERROR - GAGAL total saat setup driver: Binary Location Must be a String
Traceback (most recent call last):
  File "C:\laragon\www\dapokalsel\sekolah\import_url_kabupaten.pyw", line 80, in setup_driver
    driver = uc.Chrome(
  File "C:\laragon\bin\python\python-3.10\lib\site-packages\undetected_chromedriver\__init__.py", line 372, in __init__
    options.binary_location = (
  File "C:\laragon\bin\python\python-3.10\lib\site-packages\selenium\webdriver\chromium\options.py", line 52, in binary_location
    raise TypeError(self.BINARY_LOCATION_ERROR)
TypeError: Binary Location Must be a String
2025-10-26 15:41:21,040 - ERROR - Error pada percobaan 296: Gagal total setup driver. Cek log di atas.
Traceback (most recent call last):
  File "C:\laragon\www\dapokalsel\sekolah\import_url_kabupaten.pyw", line 285, in process_url_induk
    raise Exception("Gagal total setup driver. Cek log di atas.")
Exception: Gagal total setup driver. Cek log di atas.
2025-10-26 15:41:21,040 - INFO - Percobaan ulang 297/300...
2025-10-26 15:41:36,040 - INFO - Memulai setup driver...
2025-10-26 15:41:36,040 - INFO - Menggunakan User Data Directory: C:\laragon\www\dapokalsel\chrome_profile
2025-10-26 15:41:36,040 - INFO - Menginisialisasi uc.Chrome()...
2025-10-26 15:41:42,428 - INFO - patching driver executable C:\laragon\www\dapokalsel\sekolah\~\appdata\roaming\undetected_chromedriver\undetected_chromedriver.exe
2025-10-26 15:41:42,507 - ERROR - GAGAL total saat setup driver: Binary Location Must be a String
Traceback (most recent call last):
  File "C:\laragon\www\dapokalsel\sekolah\import_url_kabupaten.pyw", line 80, in setup_driver
    driver = uc.Chrome(
  File "C:\laragon\bin\python\python-3.10\lib\site-packages\undetected_chromedriver\__init__.py", line 372, in __init__
    options.binary_location = (
  File "C:\laragon\bin\python\python-3.10\lib\site-packages\selenium\webdriver\chromium\options.py", line 52, in binary_location
    raise TypeError(self.BINARY_LOCATION_ERROR)
TypeError: Binary Location Must be a String
2025-10-26 15:41:42,508 - ERROR - Error pada percobaan 297: Gagal total setup driver. Cek log di atas.
Traceback (most recent call last):
  File "C:\laragon\www\dapokalsel\sekolah\import_url_kabupaten.pyw", line 285, in process_url_induk
    raise Exception("Gagal total setup driver. Cek log di atas.")
Exception: Gagal total setup driver. Cek log di atas.
2025-10-26 15:41:42,508 - INFO - Percobaan ulang 298/300...
2025-10-26 15:41:57,509 - INFO - Memulai setup driver...
2025-10-26 15:41:57,509 - INFO - Menggunakan User Data Directory: C:\laragon\www\dapokalsel\chrome_profile
2025-10-26 15:41:57,509 - INFO - Menginisialisasi uc.Chrome()...
2025-10-26 15:42:09,041 - INFO - patching driver executable C:\laragon\www\dapokalsel\sekolah\~\appdata\roaming\undetected_chromedriver\undetected_chromedriver.exe
2025-10-26 15:42:09,121 - ERROR - GAGAL total saat setup driver: Binary Location Must be a String
Traceback (most recent call last):
  File "C:\laragon\www\dapokalsel\sekolah\import_url_kabupaten.pyw", line 80, in setup_driver
    driver = uc.Chrome(
  File "C:\laragon\bin\python\python-3.10\lib\site-packages\undetected_chromedriver\__init__.py", line 372, in __init__
    options.binary_location = (
  File "C:\laragon\bin\python\python-3.10\lib\site-packages\selenium\webdriver\chromium\options.py", line 52, in binary_location
    raise TypeError(self.BINARY_LOCATION_ERROR)
TypeError: Binary Location Must be a String
2025-10-26 15:42:09,121 - ERROR - Error pada percobaan 298: Gagal total setup driver. Cek log di atas.
Traceback (most recent call last):
  File "C:\laragon\www\dapokalsel\sekolah\import_url_kabupaten.pyw", line 285, in process_url_induk
    raise Exception("Gagal total setup driver. Cek log di atas.")
Exception: Gagal total setup driver. Cek log di atas.
2025-10-26 15:42:09,122 - INFO - Percobaan ulang 299/300...
2025-10-26 15:42:24,122 - INFO - Memulai setup driver...
2025-10-26 15:42:24,122 - INFO - Menggunakan User Data Directory: C:\laragon\www\dapokalsel\chrome_profile
2025-10-26 15:42:24,123 - INFO - Menginisialisasi uc.Chrome()...
2025-10-26 15:42:32,415 - INFO - patching driver executable C:\laragon\www\dapokalsel\sekolah\~\appdata\roaming\undetected_chromedriver\undetected_chromedriver.exe
2025-10-26 15:42:32,508 - ERROR - GAGAL total saat setup driver: Binary Location Must be a String
Traceback (most recent call last):
  File "C:\laragon\www\dapokalsel\sekolah\import_url_kabupaten.pyw", line 80, in setup_driver
    driver = uc.Chrome(
  File "C:\laragon\bin\python\python-3.10\lib\site-packages\undetected_chromedriver\__init__.py", line 372, in __init__
    options.binary_location = (
  File "C:\laragon\bin\python\python-3.10\lib\site-packages\selenium\webdriver\chromium\options.py", line 52, in binary_location
    raise TypeError(self.BINARY_LOCATION_ERROR)
TypeError: Binary Location Must be a String
2025-10-26 15:42:32,509 - ERROR - Error pada percobaan 299: Gagal total setup driver. Cek log di atas.
Traceback (most recent call last):
  File "C:\laragon\www\dapokalsel\sekolah\import_url_kabupaten.pyw", line 285, in process_url_induk
    raise Exception("Gagal total setup driver. Cek log di atas.")
Exception: Gagal total setup driver. Cek log di atas.
2025-10-26 15:42:32,510 - INFO - Percobaan ulang 300/300...
2025-10-26 15:42:47,510 - INFO - Memulai setup driver...
2025-10-26 15:42:47,510 - INFO - Menggunakan User Data Directory: C:\laragon\www\dapokalsel\chrome_profile
2025-10-26 15:42:47,510 - INFO - Menginisialisasi uc.Chrome()...
2025-10-26 15:42:57,646 - INFO - patching driver executable C:\laragon\www\dapokalsel\sekolah\~\appdata\roaming\undetected_chromedriver\undetected_chromedriver.exe
2025-10-26 15:42:57,732 - ERROR - GAGAL total saat setup driver: Binary Location Must be a String
Traceback (most recent call last):
  File "C:\laragon\www\dapokalsel\sekolah\import_url_kabupaten.pyw", line 80, in setup_driver
    driver = uc.Chrome(
  File "C:\laragon\bin\python\python-3.10\lib\site-packages\undetected_chromedriver\__init__.py", line 372, in __init__
    options.binary_location = (
  File "C:\laragon\bin\python\python-3.10\lib\site-packages\selenium\webdriver\chromium\options.py", line 52, in binary_location
    raise TypeError(self.BINARY_LOCATION_ERROR)
TypeError: Binary Location Must be a String
2025-10-26 15:42:57,732 - ERROR - Error pada percobaan 300: Gagal total setup driver. Cek log di atas.
Traceback (most recent call last):
  File "C:\laragon\www\dapokalsel\sekolah\import_url_kabupaten.pyw", line 285, in process_url_induk
    raise Exception("Gagal total setup driver. Cek log di atas.")
Exception: Gagal total setup driver. Cek log di atas.
2025-10-26 15:42:57,773 - INFO - Memperbarui log DB untuk URL Induk 5 ke status failed
--- Logging error ---
Traceback (most recent call last):
  File "C:\laragon\bin\python\python-3.10\lib\logging\__init__.py", line 1103, in emit
    stream.write(msg + self.terminator)
  File "C:\laragon\bin\python\python-3.10\lib\encodings\cp1252.py", line 19, in encode
    return codecs.charmap_encode(input,self.errors,encoding_table)[0]
UnicodeEncodeError: 'charmap' codec can't encode character '\u274c' in position 34: character maps to <undefined>
Call stack:
  File "C:\laragon\www\dapokalsel\sekolah\import_url_kabupaten.pyw", line 363, in <module>
    main()
  File "C:\laragon\www\dapokalsel\sekolah\import_url_kabupaten.pyw", line 341, in main
    if process_url_induk(logger, url_induk_data, args.max_retries, args.user_id):
  File "C:\laragon\www\dapokalsel\sekolah\import_url_kabupaten.pyw", line 315, in process_url_induk
    logger.error(f"\u274c GAGAL proses kabupaten untuk URL Induk ID {url_induk_id} setelah {max_retries} percobaan.")
Message: '\u274c GAGAL proses kabupaten untuk URL Induk ID 5 setelah 300 percobaan.'
Arguments: ()
--- Logging error ---
Traceback (most recent call last):
  File "C:\laragon\bin\python\python-3.10\lib\logging\__init__.py", line 1103, in emit
    stream.write(msg + self.terminator)
  File "C:\laragon\bin\python\python-3.10\lib\encodings\cp1252.py", line 19, in encode
    return codecs.charmap_encode(input,self.errors,encoding_table)[0]
UnicodeEncodeError: 'charmap' codec can't encode character '\u274c' in position 34: character maps to <undefined>
Call stack:
  File "C:\laragon\www\dapokalsel\sekolah\import_url_kabupaten.pyw", line 363, in <module>
    main()
  File "C:\laragon\www\dapokalsel\sekolah\import_url_kabupaten.pyw", line 341, in main
    if process_url_induk(logger, url_induk_data, args.max_retries, args.user_id):
  File "C:\laragon\www\dapokalsel\sekolah\import_url_kabupaten.pyw", line 315, in process_url_induk
    logger.error(f"\u274c GAGAL proses kabupaten untuk URL Induk ID {url_induk_id} setelah {max_retries} percobaan.")
Message: '\u274c GAGAL proses kabupaten untuk URL Induk ID 5 setelah 300 percobaan.'
Arguments: ()
2025-10-26 15:42:57,867 - INFO - === RINGKASAN IMPORT KABUPATEN ===
2025-10-26 15:42:57,867 - INFO - Total URL Induk diproses: 1
2025-10-26 15:42:57,867 - INFO - Berhasil: 0
2025-10-26 15:42:57,868 - INFO - Gagal: 1
--- Logging error ---
Traceback (most recent call last):
  File "C:\laragon\bin\python\python-3.10\lib\logging\__init__.py", line 1103, in emit
    stream.write(msg + self.terminator)
  File "C:\laragon\bin\python\python-3.10\lib\encodings\cp1252.py", line 19, in encode
    return codecs.charmap_encode(input,self.errors,encoding_table)[0]
UnicodeEncodeError: 'charmap' codec can't encode character '\u274c' in position 34: character maps to <undefined>
Call stack:
  File "C:\laragon\www\dapokalsel\sekolah\import_url_kabupaten.pyw", line 363, in <module>
    main()
  File "C:\laragon\www\dapokalsel\sekolah\import_url_kabupaten.pyw", line 352, in main
    logger.error("\u274c Import kabupaten selesai dengan kegagalan.")
Message: '\u274c Import kabupaten selesai dengan kegagalan.'
Arguments: ()
--- Logging error ---
Traceback (most recent call last):
  File "C:\laragon\bin\python\python-3.10\lib\logging\__init__.py", line 1103, in emit
    stream.write(msg + self.terminator)
  File "C:\laragon\bin\python\python-3.10\lib\encodings\cp1252.py", line 19, in encode
    return codecs.charmap_encode(input,self.errors,encoding_table)[0]
UnicodeEncodeError: 'charmap' codec can't encode character '\u274c' in position 34: character maps to <undefined>
Call stack:
  File "C:\laragon\www\dapokalsel\sekolah\import_url_kabupaten.pyw", line 363, in <module>
    main()
  File "C:\laragon\www\dapokalsel\sekolah\import_url_kabupaten.pyw", line 352, in main
    logger.error("\u274c Import kabupaten selesai dengan kegagalan.")
Message: '\u274c Import kabupaten selesai dengan kegagalan.'
Arguments: ()
