2025-10-26 21:26:19,529 - INFO - Logging initialized: C:\laragon\www\dapokalsel\logs\kabupaten_import.log
2025-10-26 21:26:19,529 - INFO - Project root: C:\laragon\www\dapokalsel
2025-10-26 21:26:19,530 - INFO - ================================================================================
2025-10-26 21:26:19,530 - INFO - STARTING KABUPATEN IMPORT
2025-10-26 21:26:19,530 - INFO - ================================================================================
2025-10-26 21:26:19,531 - INFO - Arguments: Namespace(url_induk_id=5, max_retries=300, user_id=1)
2025-10-26 21:26:19,599 - INFO - Found 1 active URL induk
2025-10-26 21:26:19,599 - INFO - 
============================================================
2025-10-26 21:26:19,599 - INFO - Processing URL Induk ID: 5
2025-10-26 21:26:19,599 - INFO - URL: https://dapo.kemendikdasmen.go.id/sp/1/150000
2025-10-26 21:26:19,599 - INFO - Description: URL Induk Dapodik - 2025-10-25 18:54:25
2025-10-26 21:26:19,599 - INFO - ============================================================
2025-10-26 21:26:19,735 - INFO - Created log entry with ID: 180
2025-10-26 21:26:19,735 - INFO - Setting up Chrome driver...
2025-10-26 21:26:19,735 - INFO - Using profile directory: C:\Windows\Temp\chrome_scraper_profile
2025-10-26 21:26:19,735 - INFO - Initializing Chrome driver (attempt 1/3)...
2025-10-26 21:26:42,844 - ERROR - Attempt 1 failed: [WinError 32] The process cannot access the file because it is being used by another process: 'C:\\laragon\\www\\dapokalsel\\sekolah\\~\\appdata\\roaming\\undetected_chromedriver\\undetected\\chromedriver-win32\\chromedriver.exe' -> 'C:\\laragon\\www\\dapokalsel\\sekolah\\~\\appdata\\roaming\\undetected_chromedriver\\undetected_chromedriver.exe'
2025-10-26 21:26:42,844 - INFO - Retrying in 5 seconds...
2025-10-26 21:26:47,844 - INFO - Initializing Chrome driver (attempt 2/3)...
2025-10-26 21:26:59,206 - ERROR - Attempt 2 failed: [WinError 183] Cannot create a file when that file already exists: 'C:\\laragon\\www\\dapokalsel\\sekolah\\~\\appdata\\roaming\\undetected_chromedriver\\undetected\\chromedriver-win32\\chromedriver.exe' -> 'C:\\laragon\\www\\dapokalsel\\sekolah\\~\\appdata\\roaming\\undetected_chromedriver\\undetected_chromedriver.exe'
2025-10-26 21:26:59,206 - INFO - Retrying in 5 seconds...
2025-10-26 21:27:04,220 - INFO - Initializing Chrome driver (attempt 3/3)...
2025-10-26 21:27:23,296 - ERROR - Attempt 3 failed: [WinError 183] Cannot create a file when that file already exists: 'C:\\laragon\\www\\dapokalsel\\sekolah\\~\\appdata\\roaming\\undetected_chromedriver\\undetected\\chromedriver-win32\\chromedriver.exe' -> 'C:\\laragon\\www\\dapokalsel\\sekolah\\~\\appdata\\roaming\\undetected_chromedriver\\undetected_chromedriver.exe'
2025-10-26 21:27:23,297 - ERROR - All attempts failed to setup driver
Traceback (most recent call last):
  File "C:\laragon\www\dapokalsel\sekolah\import_url_kabupaten.pyw", line 115, in setup_driver
    driver = uc.Chrome(
  File "C:\laragon\bin\python\python-3.10\lib\site-packages\undetected_chromedriver\__init__.py", line 258, in __init__
    self.patcher.auto()
  File "C:\laragon\bin\python\python-3.10\lib\site-packages\undetected_chromedriver\patcher.py", line 178, in auto
    self.unzip_package(self.fetch_package())
  File "C:\laragon\bin\python\python-3.10\lib\site-packages\undetected_chromedriver\patcher.py", line 310, in unzip_package
    os.rename(os.path.join(self.zip_path, exe_path), self.executable_path)
FileExistsError: [WinError 183] Cannot create a file when that file already exists: 'C:\\laragon\\www\\dapokalsel\\sekolah\\~\\appdata\\roaming\\undetected_chromedriver\\undetected\\chromedriver-win32\\chromedriver.exe' -> 'C:\\laragon\\www\\dapokalsel\\sekolah\\~\\appdata\\roaming\\undetected_chromedriver\\undetected_chromedriver.exe'
2025-10-26 21:27:23,388 - ERROR - Error on attempt 1: Failed to setup driver
Traceback (most recent call last):
  File "C:\laragon\www\dapokalsel\sekolah\import_url_kabupaten.pyw", line 435, in process_url_induk
    raise Exception("Failed to setup driver")
Exception: Failed to setup driver
2025-10-26 21:27:23,389 - INFO - Retry attempt 2/300...
2025-10-26 21:27:38,389 - INFO - Setting up Chrome driver...
2025-10-26 21:27:38,389 - INFO - Using profile directory: C:\Windows\Temp\chrome_scraper_profile
2025-10-26 21:27:38,390 - INFO - Initializing Chrome driver (attempt 1/3)...
2025-10-26 21:27:53,899 - INFO - patching driver executable C:\laragon\www\dapokalsel\sekolah\~\appdata\roaming\undetected_chromedriver\undetected_chromedriver.exe
2025-10-26 21:27:54,033 - ERROR - Attempt 1 failed: Binary Location Must be a String
2025-10-26 21:27:54,033 - INFO - Retrying in 5 seconds...
2025-10-26 21:27:59,033 - INFO - Initializing Chrome driver (attempt 2/3)...
2025-10-26 21:28:14,838 - ERROR - Attempt 2 failed: [WinError 183] Cannot create a file when that file already exists: 'C:\\laragon\\www\\dapokalsel\\sekolah\\~\\appdata\\roaming\\undetected_chromedriver\\undetected\\chromedriver-win32\\chromedriver.exe' -> 'C:\\laragon\\www\\dapokalsel\\sekolah\\~\\appdata\\roaming\\undetected_chromedriver\\undetected_chromedriver.exe'
2025-10-26 21:28:14,838 - INFO - Retrying in 5 seconds...
2025-10-26 21:28:19,838 - INFO - Initializing Chrome driver (attempt 3/3)...
2025-10-26 21:28:31,704 - INFO - patching driver executable C:\laragon\www\dapokalsel\sekolah\~\appdata\roaming\undetected_chromedriver\undetected_chromedriver.exe
2025-10-26 21:28:31,797 - ERROR - Attempt 3 failed: you cannot reuse the ChromeOptions object
2025-10-26 21:28:31,797 - ERROR - All attempts failed to setup driver
Traceback (most recent call last):
  File "C:\laragon\www\dapokalsel\sekolah\import_url_kabupaten.pyw", line 115, in setup_driver
    driver = uc.Chrome(
  File "C:\laragon\bin\python\python-3.10\lib\site-packages\undetected_chromedriver\__init__.py", line 269, in __init__
    raise RuntimeError("you cannot reuse the ChromeOptions object")
RuntimeError: you cannot reuse the ChromeOptions object
2025-10-26 21:28:31,797 - ERROR - Error on attempt 2: Failed to setup driver
Traceback (most recent call last):
  File "C:\laragon\www\dapokalsel\sekolah\import_url_kabupaten.pyw", line 435, in process_url_induk
    raise Exception("Failed to setup driver")
Exception: Failed to setup driver
2025-10-26 21:28:31,797 - INFO - Retry attempt 3/300...
2025-10-26 21:28:46,798 - INFO - Setting up Chrome driver...
2025-10-26 21:28:46,799 - INFO - Using profile directory: C:\Windows\Temp\chrome_scraper_profile
2025-10-26 21:28:46,799 - INFO - Initializing Chrome driver (attempt 1/3)...
2025-10-26 21:28:54,482 - INFO - patching driver executable C:\laragon\www\dapokalsel\sekolah\~\appdata\roaming\undetected_chromedriver\undetected_chromedriver.exe
2025-10-26 21:28:54,563 - ERROR - Attempt 1 failed: Binary Location Must be a String
2025-10-26 21:28:54,563 - INFO - Retrying in 5 seconds...
2025-10-26 21:28:59,563 - INFO - Initializing Chrome driver (attempt 2/3)...
2025-10-26 21:29:13,745 - INFO - patching driver executable C:\laragon\www\dapokalsel\sekolah\~\appdata\roaming\undetected_chromedriver\undetected_chromedriver.exe
2025-10-26 21:29:13,844 - ERROR - Attempt 2 failed: you cannot reuse the ChromeOptions object
2025-10-26 21:29:13,844 - INFO - Retrying in 5 seconds...
2025-10-26 21:29:18,844 - INFO - Initializing Chrome driver (attempt 3/3)...
2025-10-26 21:29:29,794 - INFO - patching driver executable C:\laragon\www\dapokalsel\sekolah\~\appdata\roaming\undetected_chromedriver\undetected_chromedriver.exe
2025-10-26 21:29:29,932 - ERROR - Attempt 3 failed: you cannot reuse the ChromeOptions object
2025-10-26 21:29:29,933 - ERROR - All attempts failed to setup driver
Traceback (most recent call last):
  File "C:\laragon\www\dapokalsel\sekolah\import_url_kabupaten.pyw", line 115, in setup_driver
    driver = uc.Chrome(
  File "C:\laragon\bin\python\python-3.10\lib\site-packages\undetected_chromedriver\__init__.py", line 269, in __init__
    raise RuntimeError("you cannot reuse the ChromeOptions object")
RuntimeError: you cannot reuse the ChromeOptions object
2025-10-26 21:29:29,933 - ERROR - Error on attempt 3: Failed to setup driver
Traceback (most recent call last):
  File "C:\laragon\www\dapokalsel\sekolah\import_url_kabupaten.pyw", line 435, in process_url_induk
    raise Exception("Failed to setup driver")
Exception: Failed to setup driver
2025-10-26 21:29:29,933 - INFO - Retry attempt 4/300...
2025-10-26 21:29:44,941 - INFO - Setting up Chrome driver...
2025-10-26 21:29:44,941 - INFO - Using profile directory: C:\Windows\Temp\chrome_scraper_profile
2025-10-26 21:29:44,942 - INFO - Initializing Chrome driver (attempt 1/3)...
2025-10-26 21:29:53,610 - INFO - patching driver executable C:\laragon\www\dapokalsel\sekolah\~\appdata\roaming\undetected_chromedriver\undetected_chromedriver.exe
2025-10-26 21:29:53,711 - ERROR - Attempt 1 failed: Binary Location Must be a String
2025-10-26 21:29:53,711 - INFO - Retrying in 5 seconds...
2025-10-26 21:29:58,711 - INFO - Initializing Chrome driver (attempt 2/3)...
2025-10-26 21:30:15,198 - ERROR - Attempt 2 failed: [WinError 183] Cannot create a file when that file already exists: 'C:\\laragon\\www\\dapokalsel\\sekolah\\~\\appdata\\roaming\\undetected_chromedriver\\undetected\\chromedriver-win32\\chromedriver.exe' -> 'C:\\laragon\\www\\dapokalsel\\sekolah\\~\\appdata\\roaming\\undetected_chromedriver\\undetected_chromedriver.exe'
2025-10-26 21:30:15,198 - INFO - Retrying in 5 seconds...
2025-10-26 21:30:20,208 - INFO - Initializing Chrome driver (attempt 3/3)...
2025-10-26 21:30:25,248 - INFO - patching driver executable C:\laragon\www\dapokalsel\sekolah\~\appdata\roaming\undetected_chromedriver\undetected_chromedriver.exe
2025-10-26 21:30:25,358 - ERROR - Attempt 3 failed: you cannot reuse the ChromeOptions object
2025-10-26 21:30:25,358 - ERROR - All attempts failed to setup driver
Traceback (most recent call last):
  File "C:\laragon\www\dapokalsel\sekolah\import_url_kabupaten.pyw", line 115, in setup_driver
    driver = uc.Chrome(
  File "C:\laragon\bin\python\python-3.10\lib\site-packages\undetected_chromedriver\__init__.py", line 269, in __init__
    raise RuntimeError("you cannot reuse the ChromeOptions object")
RuntimeError: you cannot reuse the ChromeOptions object
2025-10-26 21:30:25,358 - ERROR - Error on attempt 4: Failed to setup driver
Traceback (most recent call last):
  File "C:\laragon\www\dapokalsel\sekolah\import_url_kabupaten.pyw", line 435, in process_url_induk
    raise Exception("Failed to setup driver")
Exception: Failed to setup driver
2025-10-26 21:30:25,358 - INFO - Retry attempt 5/300...
2025-10-26 21:30:40,359 - INFO - Setting up Chrome driver...
2025-10-26 21:30:40,361 - INFO - Using profile directory: C:\Windows\Temp\chrome_scraper_profile
2025-10-26 21:30:40,361 - INFO - Initializing Chrome driver (attempt 1/3)...
2025-10-26 21:30:53,589 - INFO - patching driver executable C:\laragon\www\dapokalsel\sekolah\~\appdata\roaming\undetected_chromedriver\undetected_chromedriver.exe
2025-10-26 21:30:53,719 - ERROR - Attempt 1 failed: Binary Location Must be a String
2025-10-26 21:30:53,719 - INFO - Retrying in 5 seconds...
2025-10-26 21:30:58,722 - INFO - Initializing Chrome driver (attempt 2/3)...
2025-10-26 21:31:20,563 - INFO - patching driver executable C:\laragon\www\dapokalsel\sekolah\~\appdata\roaming\undetected_chromedriver\undetected_chromedriver.exe
2025-10-26 21:31:20,655 - ERROR - Attempt 2 failed: you cannot reuse the ChromeOptions object
2025-10-26 21:31:20,655 - INFO - Retrying in 5 seconds...
2025-10-26 21:31:25,669 - INFO - Initializing Chrome driver (attempt 3/3)...
2025-10-26 21:31:32,254 - ERROR - Attempt 3 failed: [WinError 183] Cannot create a file when that file already exists: 'C:\\laragon\\www\\dapokalsel\\sekolah\\~\\appdata\\roaming\\undetected_chromedriver\\undetected\\chromedriver-win32\\chromedriver.exe' -> 'C:\\laragon\\www\\dapokalsel\\sekolah\\~\\appdata\\roaming\\undetected_chromedriver\\undetected_chromedriver.exe'
2025-10-26 21:31:32,254 - ERROR - All attempts failed to setup driver
Traceback (most recent call last):
  File "C:\laragon\www\dapokalsel\sekolah\import_url_kabupaten.pyw", line 115, in setup_driver
    driver = uc.Chrome(
  File "C:\laragon\bin\python\python-3.10\lib\site-packages\undetected_chromedriver\__init__.py", line 258, in __init__
    self.patcher.auto()
  File "C:\laragon\bin\python\python-3.10\lib\site-packages\undetected_chromedriver\patcher.py", line 178, in auto
    self.unzip_package(self.fetch_package())
  File "C:\laragon\bin\python\python-3.10\lib\site-packages\undetected_chromedriver\patcher.py", line 310, in unzip_package
    os.rename(os.path.join(self.zip_path, exe_path), self.executable_path)
FileExistsError: [WinError 183] Cannot create a file when that file already exists: 'C:\\laragon\\www\\dapokalsel\\sekolah\\~\\appdata\\roaming\\undetected_chromedriver\\undetected\\chromedriver-win32\\chromedriver.exe' -> 'C:\\laragon\\www\\dapokalsel\\sekolah\\~\\appdata\\roaming\\undetected_chromedriver\\undetected_chromedriver.exe'
2025-10-26 21:31:32,254 - ERROR - Error on attempt 5: Failed to setup driver
Traceback (most recent call last):
  File "C:\laragon\www\dapokalsel\sekolah\import_url_kabupaten.pyw", line 435, in process_url_induk
    raise Exception("Failed to setup driver")
Exception: Failed to setup driver
2025-10-26 21:31:32,254 - INFO - Retry attempt 6/300...
2025-10-26 21:31:47,269 - INFO - Setting up Chrome driver...
2025-10-26 21:31:47,270 - INFO - Using profile directory: C:\Windows\Temp\chrome_scraper_profile
2025-10-26 21:31:47,270 - INFO - Initializing Chrome driver (attempt 1/3)...
2025-10-26 21:32:01,059 - ERROR - Attempt 1 failed: [WinError 183] Cannot create a file when that file already exists: 'C:\\laragon\\www\\dapokalsel\\sekolah\\~\\appdata\\roaming\\undetected_chromedriver\\undetected\\chromedriver-win32\\chromedriver.exe' -> 'C:\\laragon\\www\\dapokalsel\\sekolah\\~\\appdata\\roaming\\undetected_chromedriver\\undetected_chromedriver.exe'
2025-10-26 21:32:01,059 - INFO - Retrying in 5 seconds...
2025-10-26 21:32:06,069 - INFO - Initializing Chrome driver (attempt 2/3)...
2025-10-26 21:32:15,452 - INFO - patching driver executable C:\laragon\www\dapokalsel\sekolah\~\appdata\roaming\undetected_chromedriver\undetected_chromedriver.exe
2025-10-26 21:32:15,513 - ERROR - Attempt 2 failed: Binary Location Must be a String
2025-10-26 21:32:15,514 - INFO - Retrying in 5 seconds...
2025-10-26 21:32:20,515 - INFO - Initializing Chrome driver (attempt 3/3)...
2025-10-26 21:32:34,050 - ERROR - Attempt 3 failed: [WinError 183] Cannot create a file when that file already exists: 'C:\\laragon\\www\\dapokalsel\\sekolah\\~\\appdata\\roaming\\undetected_chromedriver\\undetected\\chromedriver-win32\\chromedriver.exe' -> 'C:\\laragon\\www\\dapokalsel\\sekolah\\~\\appdata\\roaming\\undetected_chromedriver\\undetected_chromedriver.exe'
2025-10-26 21:32:34,050 - ERROR - All attempts failed to setup driver
Traceback (most recent call last):
  File "C:\laragon\www\dapokalsel\sekolah\import_url_kabupaten.pyw", line 115, in setup_driver
    driver = uc.Chrome(
  File "C:\laragon\bin\python\python-3.10\lib\site-packages\undetected_chromedriver\__init__.py", line 258, in __init__
    self.patcher.auto()
  File "C:\laragon\bin\python\python-3.10\lib\site-packages\undetected_chromedriver\patcher.py", line 178, in auto
    self.unzip_package(self.fetch_package())
  File "C:\laragon\bin\python\python-3.10\lib\site-packages\undetected_chromedriver\patcher.py", line 310, in unzip_package
    os.rename(os.path.join(self.zip_path, exe_path), self.executable_path)
FileExistsError: [WinError 183] Cannot create a file when that file already exists: 'C:\\laragon\\www\\dapokalsel\\sekolah\\~\\appdata\\roaming\\undetected_chromedriver\\undetected\\chromedriver-win32\\chromedriver.exe' -> 'C:\\laragon\\www\\dapokalsel\\sekolah\\~\\appdata\\roaming\\undetected_chromedriver\\undetected_chromedriver.exe'
2025-10-26 21:32:34,050 - ERROR - Error on attempt 6: Failed to setup driver
Traceback (most recent call last):
  File "C:\laragon\www\dapokalsel\sekolah\import_url_kabupaten.pyw", line 435, in process_url_induk
    raise Exception("Failed to setup driver")
Exception: Failed to setup driver
2025-10-26 21:32:34,050 - INFO - Retry attempt 7/300...
2025-10-26 21:32:49,051 - INFO - Setting up Chrome driver...
2025-10-26 21:32:49,053 - INFO - Using profile directory: C:\Windows\Temp\chrome_scraper_profile
2025-10-26 21:32:49,053 - INFO - Initializing Chrome driver (attempt 1/3)...
2025-10-26 21:33:01,470 - INFO - patching driver executable C:\laragon\www\dapokalsel\sekolah\~\appdata\roaming\undetected_chromedriver\undetected_chromedriver.exe
2025-10-26 21:33:01,549 - ERROR - Attempt 1 failed: Binary Location Must be a String
2025-10-26 21:33:01,549 - INFO - Retrying in 5 seconds...
2025-10-26 21:33:06,549 - INFO - Initializing Chrome driver (attempt 2/3)...
2025-10-26 21:33:17,682 - ERROR - Attempt 2 failed: [WinError 32] The process cannot access the file because it is being used by another process: 'C:\\laragon\\www\\dapokalsel\\sekolah\\~\\appdata\\roaming\\undetected_chromedriver\\undetected\\chromedriver-win32\\chromedriver.exe' -> 'C:\\laragon\\www\\dapokalsel\\sekolah\\~\\appdata\\roaming\\undetected_chromedriver\\undetected_chromedriver.exe'
2025-10-26 21:33:17,682 - INFO - Retrying in 5 seconds...
2025-10-26 21:33:22,697 - INFO - Initializing Chrome driver (attempt 3/3)...
2025-10-26 21:33:28,031 - INFO - patching driver executable C:\laragon\www\dapokalsel\sekolah\~\appdata\roaming\undetected_chromedriver\undetected_chromedriver.exe
2025-10-26 21:33:28,131 - ERROR - Attempt 3 failed: you cannot reuse the ChromeOptions object
2025-10-26 21:33:28,131 - ERROR - All attempts failed to setup driver
Traceback (most recent call last):
  File "C:\laragon\www\dapokalsel\sekolah\import_url_kabupaten.pyw", line 115, in setup_driver
    driver = uc.Chrome(
  File "C:\laragon\bin\python\python-3.10\lib\site-packages\undetected_chromedriver\__init__.py", line 269, in __init__
    raise RuntimeError("you cannot reuse the ChromeOptions object")
RuntimeError: you cannot reuse the ChromeOptions object
2025-10-26 21:33:28,131 - ERROR - Error on attempt 7: Failed to setup driver
Traceback (most recent call last):
  File "C:\laragon\www\dapokalsel\sekolah\import_url_kabupaten.pyw", line 435, in process_url_induk
    raise Exception("Failed to setup driver")
Exception: Failed to setup driver
2025-10-26 21:33:28,131 - INFO - Retry attempt 8/300...
2025-10-26 21:33:43,131 - INFO - Setting up Chrome driver...
2025-10-26 21:33:43,133 - INFO - Using profile directory: C:\Windows\Temp\chrome_scraper_profile
2025-10-26 21:33:43,134 - INFO - Initializing Chrome driver (attempt 1/3)...
2025-10-26 21:33:49,996 - INFO - patching driver executable C:\laragon\www\dapokalsel\sekolah\~\appdata\roaming\undetected_chromedriver\undetected_chromedriver.exe
2025-10-26 21:33:50,080 - ERROR - Attempt 1 failed: Binary Location Must be a String
2025-10-26 21:33:50,080 - INFO - Retrying in 5 seconds...
2025-10-26 21:33:55,081 - INFO - Initializing Chrome driver (attempt 2/3)...
2025-10-26 21:34:04,830 - ERROR - Attempt 2 failed: [WinError 183] Cannot create a file when that file already exists: 'C:\\laragon\\www\\dapokalsel\\sekolah\\~\\appdata\\roaming\\undetected_chromedriver\\undetected\\chromedriver-win32\\chromedriver.exe' -> 'C:\\laragon\\www\\dapokalsel\\sekolah\\~\\appdata\\roaming\\undetected_chromedriver\\undetected_chromedriver.exe'
2025-10-26 21:34:04,830 - INFO - Retrying in 5 seconds...
2025-10-26 21:34:09,832 - INFO - Initializing Chrome driver (attempt 3/3)...
2025-10-26 21:34:17,686 - INFO - patching driver executable C:\laragon\www\dapokalsel\sekolah\~\appdata\roaming\undetected_chromedriver\undetected_chromedriver.exe
2025-10-26 21:34:17,795 - ERROR - Attempt 3 failed: you cannot reuse the ChromeOptions object
2025-10-26 21:34:17,795 - ERROR - All attempts failed to setup driver
Traceback (most recent call last):
  File "C:\laragon\www\dapokalsel\sekolah\import_url_kabupaten.pyw", line 115, in setup_driver
    driver = uc.Chrome(
  File "C:\laragon\bin\python\python-3.10\lib\site-packages\undetected_chromedriver\__init__.py", line 269, in __init__
    raise RuntimeError("you cannot reuse the ChromeOptions object")
RuntimeError: you cannot reuse the ChromeOptions object
2025-10-26 21:34:17,795 - ERROR - Error on attempt 8: Failed to setup driver
Traceback (most recent call last):
  File "C:\laragon\www\dapokalsel\sekolah\import_url_kabupaten.pyw", line 435, in process_url_induk
    raise Exception("Failed to setup driver")
Exception: Failed to setup driver
2025-10-26 21:34:17,795 - INFO - Retry attempt 9/300...
2025-10-26 21:34:32,795 - INFO - Setting up Chrome driver...
2025-10-26 21:34:32,798 - INFO - Using profile directory: C:\Windows\Temp\chrome_scraper_profile
2025-10-26 21:34:32,799 - INFO - Initializing Chrome driver (attempt 1/3)...
2025-10-26 21:34:39,793 - ERROR - Attempt 1 failed: [WinError 183] Cannot create a file when that file already exists: 'C:\\laragon\\www\\dapokalsel\\sekolah\\~\\appdata\\roaming\\undetected_chromedriver\\undetected\\chromedriver-win32\\chromedriver.exe' -> 'C:\\laragon\\www\\dapokalsel\\sekolah\\~\\appdata\\roaming\\undetected_chromedriver\\undetected_chromedriver.exe'
2025-10-26 21:34:39,793 - INFO - Retrying in 5 seconds...
2025-10-26 21:34:44,794 - INFO - Initializing Chrome driver (attempt 2/3)...
2025-10-26 21:34:50,266 - ERROR - Attempt 2 failed: [WinError 183] Cannot create a file when that file already exists: 'C:\\laragon\\www\\dapokalsel\\sekolah\\~\\appdata\\roaming\\undetected_chromedriver\\undetected\\chromedriver-win32\\chromedriver.exe' -> 'C:\\laragon\\www\\dapokalsel\\sekolah\\~\\appdata\\roaming\\undetected_chromedriver\\undetected_chromedriver.exe'
2025-10-26 21:34:50,267 - INFO - Retrying in 5 seconds...
2025-10-26 21:34:55,267 - INFO - Initializing Chrome driver (attempt 3/3)...
2025-10-26 21:35:06,325 - ERROR - Attempt 3 failed: [WinError 183] Cannot create a file when that file already exists: 'C:\\laragon\\www\\dapokalsel\\sekolah\\~\\appdata\\roaming\\undetected_chromedriver\\undetected\\chromedriver-win32\\chromedriver.exe' -> 'C:\\laragon\\www\\dapokalsel\\sekolah\\~\\appdata\\roaming\\undetected_chromedriver\\undetected_chromedriver.exe'
2025-10-26 21:35:06,325 - ERROR - All attempts failed to setup driver
Traceback (most recent call last):
  File "C:\laragon\www\dapokalsel\sekolah\import_url_kabupaten.pyw", line 115, in setup_driver
    driver = uc.Chrome(
  File "C:\laragon\bin\python\python-3.10\lib\site-packages\undetected_chromedriver\__init__.py", line 258, in __init__
    self.patcher.auto()
  File "C:\laragon\bin\python\python-3.10\lib\site-packages\undetected_chromedriver\patcher.py", line 178, in auto
    self.unzip_package(self.fetch_package())
  File "C:\laragon\bin\python\python-3.10\lib\site-packages\undetected_chromedriver\patcher.py", line 310, in unzip_package
    os.rename(os.path.join(self.zip_path, exe_path), self.executable_path)
FileExistsError: [WinError 183] Cannot create a file when that file already exists: 'C:\\laragon\\www\\dapokalsel\\sekolah\\~\\appdata\\roaming\\undetected_chromedriver\\undetected\\chromedriver-win32\\chromedriver.exe' -> 'C:\\laragon\\www\\dapokalsel\\sekolah\\~\\appdata\\roaming\\undetected_chromedriver\\undetected_chromedriver.exe'
2025-10-26 21:35:06,325 - ERROR - Error on attempt 9: Failed to setup driver
Traceback (most recent call last):
  File "C:\laragon\www\dapokalsel\sekolah\import_url_kabupaten.pyw", line 435, in process_url_induk
    raise Exception("Failed to setup driver")
Exception: Failed to setup driver
2025-10-26 21:35:06,325 - INFO - Retry attempt 10/300...
2025-10-26 21:35:21,340 - INFO - Setting up Chrome driver...
2025-10-26 21:35:21,341 - INFO - Using profile directory: C:\Windows\Temp\chrome_scraper_profile
2025-10-26 21:35:21,341 - INFO - Initializing Chrome driver (attempt 1/3)...
2025-10-26 21:35:35,757 - ERROR - Attempt 1 failed: [WinError 183] Cannot create a file when that file already exists: 'C:\\laragon\\www\\dapokalsel\\sekolah\\~\\appdata\\roaming\\undetected_chromedriver\\undetected\\chromedriver-win32\\chromedriver.exe' -> 'C:\\laragon\\www\\dapokalsel\\sekolah\\~\\appdata\\roaming\\undetected_chromedriver\\undetected_chromedriver.exe'
2025-10-26 21:35:35,757 - INFO - Retrying in 5 seconds...
2025-10-26 21:35:40,758 - INFO - Initializing Chrome driver (attempt 2/3)...
2025-10-26 21:35:50,971 - ERROR - Attempt 2 failed: [WinError 183] Cannot create a file when that file already exists: 'C:\\laragon\\www\\dapokalsel\\sekolah\\~\\appdata\\roaming\\undetected_chromedriver\\undetected\\chromedriver-win32\\chromedriver.exe' -> 'C:\\laragon\\www\\dapokalsel\\sekolah\\~\\appdata\\roaming\\undetected_chromedriver\\undetected_chromedriver.exe'
2025-10-26 21:35:50,972 - INFO - Retrying in 5 seconds...
2025-10-26 21:35:55,973 - INFO - Initializing Chrome driver (attempt 3/3)...
2025-10-26 21:36:03,089 - ERROR - Attempt 3 failed: [WinError 183] Cannot create a file when that file already exists: 'C:\\laragon\\www\\dapokalsel\\sekolah\\~\\appdata\\roaming\\undetected_chromedriver\\undetected\\chromedriver-win32\\chromedriver.exe' -> 'C:\\laragon\\www\\dapokalsel\\sekolah\\~\\appdata\\roaming\\undetected_chromedriver\\undetected_chromedriver.exe'
2025-10-26 21:36:03,089 - ERROR - All attempts failed to setup driver
Traceback (most recent call last):
  File "C:\laragon\www\dapokalsel\sekolah\import_url_kabupaten.pyw", line 115, in setup_driver
    driver = uc.Chrome(
  File "C:\laragon\bin\python\python-3.10\lib\site-packages\undetected_chromedriver\__init__.py", line 258, in __init__
    self.patcher.auto()
  File "C:\laragon\bin\python\python-3.10\lib\site-packages\undetected_chromedriver\patcher.py", line 178, in auto
    self.unzip_package(self.fetch_package())
  File "C:\laragon\bin\python\python-3.10\lib\site-packages\undetected_chromedriver\patcher.py", line 310, in unzip_package
    os.rename(os.path.join(self.zip_path, exe_path), self.executable_path)
FileExistsError: [WinError 183] Cannot create a file when that file already exists: 'C:\\laragon\\www\\dapokalsel\\sekolah\\~\\appdata\\roaming\\undetected_chromedriver\\undetected\\chromedriver-win32\\chromedriver.exe' -> 'C:\\laragon\\www\\dapokalsel\\sekolah\\~\\appdata\\roaming\\undetected_chromedriver\\undetected_chromedriver.exe'
2025-10-26 21:36:03,089 - ERROR - Error on attempt 10: Failed to setup driver
Traceback (most recent call last):
  File "C:\laragon\www\dapokalsel\sekolah\import_url_kabupaten.pyw", line 435, in process_url_induk
    raise Exception("Failed to setup driver")
Exception: Failed to setup driver
2025-10-26 21:36:03,089 - INFO - Retry attempt 11/300...
2025-10-26 21:36:18,106 - INFO - Setting up Chrome driver...
2025-10-26 21:36:18,107 - INFO - Using profile directory: C:\Windows\Temp\chrome_scraper_profile
2025-10-26 21:36:18,107 - INFO - Initializing Chrome driver (attempt 1/3)...
2025-10-26 21:36:28,672 - ERROR - Attempt 1 failed: [WinError 183] Cannot create a file when that file already exists: 'C:\\laragon\\www\\dapokalsel\\sekolah\\~\\appdata\\roaming\\undetected_chromedriver\\undetected\\chromedriver-win32\\chromedriver.exe' -> 'C:\\laragon\\www\\dapokalsel\\sekolah\\~\\appdata\\roaming\\undetected_chromedriver\\undetected_chromedriver.exe'
2025-10-26 21:36:28,672 - INFO - Retrying in 5 seconds...
2025-10-26 21:36:33,687 - INFO - Initializing Chrome driver (attempt 2/3)...
2025-10-26 21:36:41,795 - INFO - patching driver executable C:\laragon\www\dapokalsel\sekolah\~\appdata\roaming\undetected_chromedriver\undetected_chromedriver.exe
2025-10-26 21:36:41,892 - ERROR - Attempt 2 failed: Binary Location Must be a String
2025-10-26 21:36:41,892 - INFO - Retrying in 5 seconds...
2025-10-26 21:36:46,892 - INFO - Initializing Chrome driver (attempt 3/3)...
2025-10-26 21:36:58,220 - INFO - patching driver executable C:\laragon\www\dapokalsel\sekolah\~\appdata\roaming\undetected_chromedriver\undetected_chromedriver.exe
2025-10-26 21:36:58,333 - ERROR - Attempt 3 failed: you cannot reuse the ChromeOptions object
2025-10-26 21:36:58,333 - ERROR - All attempts failed to setup driver
Traceback (most recent call last):
  File "C:\laragon\www\dapokalsel\sekolah\import_url_kabupaten.pyw", line 115, in setup_driver
    driver = uc.Chrome(
  File "C:\laragon\bin\python\python-3.10\lib\site-packages\undetected_chromedriver\__init__.py", line 269, in __init__
    raise RuntimeError("you cannot reuse the ChromeOptions object")
RuntimeError: you cannot reuse the ChromeOptions object
2025-10-26 21:36:58,335 - ERROR - Error on attempt 11: Failed to setup driver
Traceback (most recent call last):
  File "C:\laragon\www\dapokalsel\sekolah\import_url_kabupaten.pyw", line 435, in process_url_induk
    raise Exception("Failed to setup driver")
Exception: Failed to setup driver
2025-10-26 21:36:58,335 - INFO - Retry attempt 12/300...
2025-10-26 21:37:13,339 - INFO - Setting up Chrome driver...
2025-10-26 21:37:13,340 - INFO - Using profile directory: C:\Windows\Temp\chrome_scraper_profile
2025-10-26 21:37:13,340 - INFO - Initializing Chrome driver (attempt 1/3)...
2025-10-26 21:37:21,634 - ERROR - Attempt 1 failed: [WinError 183] Cannot create a file when that file already exists: 'C:\\laragon\\www\\dapokalsel\\sekolah\\~\\appdata\\roaming\\undetected_chromedriver\\undetected\\chromedriver-win32\\chromedriver.exe' -> 'C:\\laragon\\www\\dapokalsel\\sekolah\\~\\appdata\\roaming\\undetected_chromedriver\\undetected_chromedriver.exe'
2025-10-26 21:37:21,634 - INFO - Retrying in 5 seconds...
2025-10-26 21:37:26,635 - INFO - Initializing Chrome driver (attempt 2/3)...
2025-10-26 21:37:34,334 - INFO - patching driver executable C:\laragon\www\dapokalsel\sekolah\~\appdata\roaming\undetected_chromedriver\undetected_chromedriver.exe
2025-10-26 21:37:34,451 - ERROR - Attempt 2 failed: Binary Location Must be a String
2025-10-26 21:37:34,451 - INFO - Retrying in 5 seconds...
2025-10-26 21:37:39,451 - INFO - Initializing Chrome driver (attempt 3/3)...
2025-10-26 21:37:46,491 - INFO - patching driver executable C:\laragon\www\dapokalsel\sekolah\~\appdata\roaming\undetected_chromedriver\undetected_chromedriver.exe
2025-10-26 21:37:46,566 - ERROR - Attempt 3 failed: you cannot reuse the ChromeOptions object
2025-10-26 21:37:46,566 - ERROR - All attempts failed to setup driver
Traceback (most recent call last):
  File "C:\laragon\www\dapokalsel\sekolah\import_url_kabupaten.pyw", line 115, in setup_driver
    driver = uc.Chrome(
  File "C:\laragon\bin\python\python-3.10\lib\site-packages\undetected_chromedriver\__init__.py", line 269, in __init__
    raise RuntimeError("you cannot reuse the ChromeOptions object")
RuntimeError: you cannot reuse the ChromeOptions object
2025-10-26 21:37:46,566 - ERROR - Error on attempt 12: Failed to setup driver
Traceback (most recent call last):
  File "C:\laragon\www\dapokalsel\sekolah\import_url_kabupaten.pyw", line 435, in process_url_induk
    raise Exception("Failed to setup driver")
Exception: Failed to setup driver
2025-10-26 21:37:46,566 - INFO - Retry attempt 13/300...
2025-10-26 21:38:01,568 - INFO - Setting up Chrome driver...
2025-10-26 21:38:01,570 - INFO - Using profile directory: C:\Windows\Temp\chrome_scraper_profile
2025-10-26 21:38:01,571 - INFO - Initializing Chrome driver (attempt 1/3)...
2025-10-26 21:38:08,315 - ERROR - Attempt 1 failed: [WinError 183] Cannot create a file when that file already exists: 'C:\\laragon\\www\\dapokalsel\\sekolah\\~\\appdata\\roaming\\undetected_chromedriver\\undetected\\chromedriver-win32\\chromedriver.exe' -> 'C:\\laragon\\www\\dapokalsel\\sekolah\\~\\appdata\\roaming\\undetected_chromedriver\\undetected_chromedriver.exe'
2025-10-26 21:38:08,315 - INFO - Retrying in 5 seconds...
2025-10-26 21:38:13,316 - INFO - Initializing Chrome driver (attempt 2/3)...
2025-10-26 21:38:21,704 - INFO - patching driver executable C:\laragon\www\dapokalsel\sekolah\~\appdata\roaming\undetected_chromedriver\undetected_chromedriver.exe
2025-10-26 21:38:21,805 - ERROR - Attempt 2 failed: Binary Location Must be a String
2025-10-26 21:38:21,806 - INFO - Retrying in 5 seconds...
2025-10-26 21:38:26,807 - INFO - Initializing Chrome driver (attempt 3/3)...
2025-10-26 21:38:32,797 - ERROR - Attempt 3 failed: [WinError 183] Cannot create a file when that file already exists: 'C:\\laragon\\www\\dapokalsel\\sekolah\\~\\appdata\\roaming\\undetected_chromedriver\\undetected\\chromedriver-win32\\chromedriver.exe' -> 'C:\\laragon\\www\\dapokalsel\\sekolah\\~\\appdata\\roaming\\undetected_chromedriver\\undetected_chromedriver.exe'
2025-10-26 21:38:32,797 - ERROR - All attempts failed to setup driver
Traceback (most recent call last):
  File "C:\laragon\www\dapokalsel\sekolah\import_url_kabupaten.pyw", line 115, in setup_driver
    driver = uc.Chrome(
  File "C:\laragon\bin\python\python-3.10\lib\site-packages\undetected_chromedriver\__init__.py", line 258, in __init__
    self.patcher.auto()
  File "C:\laragon\bin\python\python-3.10\lib\site-packages\undetected_chromedriver\patcher.py", line 178, in auto
    self.unzip_package(self.fetch_package())
  File "C:\laragon\bin\python\python-3.10\lib\site-packages\undetected_chromedriver\patcher.py", line 310, in unzip_package
    os.rename(os.path.join(self.zip_path, exe_path), self.executable_path)
FileExistsError: [WinError 183] Cannot create a file when that file already exists: 'C:\\laragon\\www\\dapokalsel\\sekolah\\~\\appdata\\roaming\\undetected_chromedriver\\undetected\\chromedriver-win32\\chromedriver.exe' -> 'C:\\laragon\\www\\dapokalsel\\sekolah\\~\\appdata\\roaming\\undetected_chromedriver\\undetected_chromedriver.exe'
2025-10-26 21:38:32,797 - ERROR - Error on attempt 13: Failed to setup driver
Traceback (most recent call last):
  File "C:\laragon\www\dapokalsel\sekolah\import_url_kabupaten.pyw", line 435, in process_url_induk
    raise Exception("Failed to setup driver")
Exception: Failed to setup driver
2025-10-26 21:38:32,797 - INFO - Retry attempt 14/300...
2025-10-26 21:38:47,798 - INFO - Setting up Chrome driver...
2025-10-26 21:38:47,800 - INFO - Using profile directory: C:\Windows\Temp\chrome_scraper_profile
2025-10-26 21:38:47,800 - INFO - Initializing Chrome driver (attempt 1/3)...
2025-10-26 21:38:53,490 - ERROR - Attempt 1 failed: [WinError 183] Cannot create a file when that file already exists: 'C:\\laragon\\www\\dapokalsel\\sekolah\\~\\appdata\\roaming\\undetected_chromedriver\\undetected\\chromedriver-win32\\chromedriver.exe' -> 'C:\\laragon\\www\\dapokalsel\\sekolah\\~\\appdata\\roaming\\undetected_chromedriver\\undetected_chromedriver.exe'
2025-10-26 21:38:53,490 - INFO - Retrying in 5 seconds...
2025-10-26 21:38:58,491 - INFO - Initializing Chrome driver (attempt 2/3)...
2025-10-26 21:39:06,446 - INFO - patching driver executable C:\laragon\www\dapokalsel\sekolah\~\appdata\roaming\undetected_chromedriver\undetected_chromedriver.exe
2025-10-26 21:39:06,545 - ERROR - Attempt 2 failed: Binary Location Must be a String
2025-10-26 21:39:06,546 - INFO - Retrying in 5 seconds...
2025-10-26 21:39:11,546 - INFO - Initializing Chrome driver (attempt 3/3)...
2025-10-26 21:39:15,895 - ERROR - Attempt 3 failed: [WinError 183] Cannot create a file when that file already exists: 'C:\\laragon\\www\\dapokalsel\\sekolah\\~\\appdata\\roaming\\undetected_chromedriver\\undetected\\chromedriver-win32\\chromedriver.exe' -> 'C:\\laragon\\www\\dapokalsel\\sekolah\\~\\appdata\\roaming\\undetected_chromedriver\\undetected_chromedriver.exe'
2025-10-26 21:39:15,895 - ERROR - All attempts failed to setup driver
Traceback (most recent call last):
  File "C:\laragon\www\dapokalsel\sekolah\import_url_kabupaten.pyw", line 115, in setup_driver
    driver = uc.Chrome(
  File "C:\laragon\bin\python\python-3.10\lib\site-packages\undetected_chromedriver\__init__.py", line 258, in __init__
    self.patcher.auto()
  File "C:\laragon\bin\python\python-3.10\lib\site-packages\undetected_chromedriver\patcher.py", line 178, in auto
    self.unzip_package(self.fetch_package())
  File "C:\laragon\bin\python\python-3.10\lib\site-packages\undetected_chromedriver\patcher.py", line 310, in unzip_package
    os.rename(os.path.join(self.zip_path, exe_path), self.executable_path)
FileExistsError: [WinError 183] Cannot create a file when that file already exists: 'C:\\laragon\\www\\dapokalsel\\sekolah\\~\\appdata\\roaming\\undetected_chromedriver\\undetected\\chromedriver-win32\\chromedriver.exe' -> 'C:\\laragon\\www\\dapokalsel\\sekolah\\~\\appdata\\roaming\\undetected_chromedriver\\undetected_chromedriver.exe'
2025-10-26 21:39:15,895 - ERROR - Error on attempt 14: Failed to setup driver
Traceback (most recent call last):
  File "C:\laragon\www\dapokalsel\sekolah\import_url_kabupaten.pyw", line 435, in process_url_induk
    raise Exception("Failed to setup driver")
Exception: Failed to setup driver
2025-10-26 21:39:15,895 - INFO - Retry attempt 15/300...
2025-10-26 21:39:30,896 - INFO - Setting up Chrome driver...
2025-10-26 21:39:30,898 - INFO - Using profile directory: C:\Windows\Temp\chrome_scraper_profile
2025-10-26 21:39:30,899 - INFO - Initializing Chrome driver (attempt 1/3)...
2025-10-26 21:39:39,910 - ERROR - Attempt 1 failed: [WinError 183] Cannot create a file when that file already exists: 'C:\\laragon\\www\\dapokalsel\\sekolah\\~\\appdata\\roaming\\undetected_chromedriver\\undetected\\chromedriver-win32\\chromedriver.exe' -> 'C:\\laragon\\www\\dapokalsel\\sekolah\\~\\appdata\\roaming\\undetected_chromedriver\\undetected_chromedriver.exe'
2025-10-26 21:39:39,910 - INFO - Retrying in 5 seconds...
2025-10-26 21:39:44,911 - INFO - Initializing Chrome driver (attempt 2/3)...
2025-10-26 21:39:52,039 - INFO - patching driver executable C:\laragon\www\dapokalsel\sekolah\~\appdata\roaming\undetected_chromedriver\undetected_chromedriver.exe
2025-10-26 21:39:52,125 - ERROR - Attempt 2 failed: Binary Location Must be a String
2025-10-26 21:39:52,125 - INFO - Retrying in 5 seconds...
2025-10-26 21:39:57,126 - INFO - Initializing Chrome driver (attempt 3/3)...
2025-10-26 21:40:04,959 - INFO - patching driver executable C:\laragon\www\dapokalsel\sekolah\~\appdata\roaming\undetected_chromedriver\undetected_chromedriver.exe
2025-10-26 21:40:05,060 - ERROR - Attempt 3 failed: you cannot reuse the ChromeOptions object
2025-10-26 21:40:05,060 - ERROR - All attempts failed to setup driver
Traceback (most recent call last):
  File "C:\laragon\www\dapokalsel\sekolah\import_url_kabupaten.pyw", line 115, in setup_driver
    driver = uc.Chrome(
  File "C:\laragon\bin\python\python-3.10\lib\site-packages\undetected_chromedriver\__init__.py", line 269, in __init__
    raise RuntimeError("you cannot reuse the ChromeOptions object")
RuntimeError: you cannot reuse the ChromeOptions object
2025-10-26 21:40:05,060 - ERROR - Error on attempt 15: Failed to setup driver
Traceback (most recent call last):
  File "C:\laragon\www\dapokalsel\sekolah\import_url_kabupaten.pyw", line 435, in process_url_induk
    raise Exception("Failed to setup driver")
Exception: Failed to setup driver
2025-10-26 21:40:05,074 - INFO - Retry attempt 16/300...
2025-10-26 21:40:20,075 - INFO - Setting up Chrome driver...
2025-10-26 21:40:20,077 - INFO - Using profile directory: C:\Windows\Temp\chrome_scraper_profile
2025-10-26 21:40:20,078 - INFO - Initializing Chrome driver (attempt 1/3)...
2025-10-26 21:40:24,091 - INFO - patching driver executable C:\laragon\www\dapokalsel\sekolah\~\appdata\roaming\undetected_chromedriver\undetected_chromedriver.exe
2025-10-26 21:40:24,174 - ERROR - Attempt 1 failed: Binary Location Must be a String
2025-10-26 21:40:24,174 - INFO - Retrying in 5 seconds...
2025-10-26 21:40:29,175 - INFO - Initializing Chrome driver (attempt 2/3)...
2025-10-26 21:40:41,474 - ERROR - Attempt 2 failed: [WinError 183] Cannot create a file when that file already exists: 'C:\\laragon\\www\\dapokalsel\\sekolah\\~\\appdata\\roaming\\undetected_chromedriver\\undetected\\chromedriver-win32\\chromedriver.exe' -> 'C:\\laragon\\www\\dapokalsel\\sekolah\\~\\appdata\\roaming\\undetected_chromedriver\\undetected_chromedriver.exe'
2025-10-26 21:40:41,474 - INFO - Retrying in 5 seconds...
2025-10-26 21:40:46,488 - INFO - Initializing Chrome driver (attempt 3/3)...
2025-10-26 21:40:51,825 - INFO - patching driver executable C:\laragon\www\dapokalsel\sekolah\~\appdata\roaming\undetected_chromedriver\undetected_chromedriver.exe
2025-10-26 21:40:51,907 - ERROR - Attempt 3 failed: you cannot reuse the ChromeOptions object
2025-10-26 21:40:51,907 - ERROR - All attempts failed to setup driver
Traceback (most recent call last):
  File "C:\laragon\www\dapokalsel\sekolah\import_url_kabupaten.pyw", line 115, in setup_driver
    driver = uc.Chrome(
  File "C:\laragon\bin\python\python-3.10\lib\site-packages\undetected_chromedriver\__init__.py", line 269, in __init__
    raise RuntimeError("you cannot reuse the ChromeOptions object")
RuntimeError: you cannot reuse the ChromeOptions object
2025-10-26 21:40:51,907 - ERROR - Error on attempt 16: Failed to setup driver
Traceback (most recent call last):
  File "C:\laragon\www\dapokalsel\sekolah\import_url_kabupaten.pyw", line 435, in process_url_induk
    raise Exception("Failed to setup driver")
Exception: Failed to setup driver
2025-10-26 21:40:51,907 - INFO - Retry attempt 17/300...
2025-10-26 21:41:06,907 - INFO - Setting up Chrome driver...
2025-10-26 21:41:06,907 - INFO - Using profile directory: C:\Windows\Temp\chrome_scraper_profile
2025-10-26 21:41:06,907 - INFO - Initializing Chrome driver (attempt 1/3)...
2025-10-26 21:41:20,023 - INFO - patching driver executable C:\laragon\www\dapokalsel\sekolah\~\appdata\roaming\undetected_chromedriver\undetected_chromedriver.exe
2025-10-26 21:41:20,138 - ERROR - Attempt 1 failed: Binary Location Must be a String
2025-10-26 21:41:20,138 - INFO - Retrying in 5 seconds...
2025-10-26 21:41:25,142 - INFO - Initializing Chrome driver (attempt 2/3)...
2025-10-26 21:41:40,304 - INFO - patching driver executable C:\laragon\www\dapokalsel\sekolah\~\appdata\roaming\undetected_chromedriver\undetected_chromedriver.exe
2025-10-26 21:41:40,404 - ERROR - Attempt 2 failed: you cannot reuse the ChromeOptions object
2025-10-26 21:41:40,404 - INFO - Retrying in 5 seconds...
2025-10-26 21:41:45,415 - INFO - Initializing Chrome driver (attempt 3/3)...
2025-10-26 21:41:49,936 - INFO - patching driver executable C:\laragon\www\dapokalsel\sekolah\~\appdata\roaming\undetected_chromedriver\undetected_chromedriver.exe
2025-10-26 21:41:50,019 - ERROR - Attempt 3 failed: you cannot reuse the ChromeOptions object
2025-10-26 21:41:50,020 - ERROR - All attempts failed to setup driver
Traceback (most recent call last):
  File "C:\laragon\www\dapokalsel\sekolah\import_url_kabupaten.pyw", line 115, in setup_driver
    driver = uc.Chrome(
  File "C:\laragon\bin\python\python-3.10\lib\site-packages\undetected_chromedriver\__init__.py", line 269, in __init__
    raise RuntimeError("you cannot reuse the ChromeOptions object")
RuntimeError: you cannot reuse the ChromeOptions object
2025-10-26 21:41:50,020 - ERROR - Error on attempt 17: Failed to setup driver
Traceback (most recent call last):
  File "C:\laragon\www\dapokalsel\sekolah\import_url_kabupaten.pyw", line 435, in process_url_induk
    raise Exception("Failed to setup driver")
Exception: Failed to setup driver
2025-10-26 21:41:50,020 - INFO - Retry attempt 18/300...
2025-10-26 21:42:05,021 - INFO - Setting up Chrome driver...
2025-10-26 21:42:05,023 - INFO - Using profile directory: C:\Windows\Temp\chrome_scraper_profile
2025-10-26 21:42:05,023 - INFO - Initializing Chrome driver (attempt 1/3)...
2025-10-26 21:42:18,152 - INFO - patching driver executable C:\laragon\www\dapokalsel\sekolah\~\appdata\roaming\undetected_chromedriver\undetected_chromedriver.exe
2025-10-26 21:42:18,252 - ERROR - Attempt 1 failed: Binary Location Must be a String
2025-10-26 21:42:18,252 - INFO - Retrying in 5 seconds...
2025-10-26 21:42:23,252 - INFO - Initializing Chrome driver (attempt 2/3)...
2025-10-26 21:42:31,459 - ERROR - Attempt 2 failed: [WinError 183] Cannot create a file when that file already exists: 'C:\\laragon\\www\\dapokalsel\\sekolah\\~\\appdata\\roaming\\undetected_chromedriver\\undetected\\chromedriver-win32\\chromedriver.exe' -> 'C:\\laragon\\www\\dapokalsel\\sekolah\\~\\appdata\\roaming\\undetected_chromedriver\\undetected_chromedriver.exe'
2025-10-26 21:42:31,459 - INFO - Retrying in 5 seconds...
2025-10-26 21:42:36,465 - INFO - Initializing Chrome driver (attempt 3/3)...
2025-10-26 21:42:40,884 - INFO - patching driver executable C:\laragon\www\dapokalsel\sekolah\~\appdata\roaming\undetected_chromedriver\undetected_chromedriver.exe
2025-10-26 21:42:40,967 - ERROR - Attempt 3 failed: you cannot reuse the ChromeOptions object
2025-10-26 21:42:40,967 - ERROR - All attempts failed to setup driver
Traceback (most recent call last):
  File "C:\laragon\www\dapokalsel\sekolah\import_url_kabupaten.pyw", line 115, in setup_driver
    driver = uc.Chrome(
  File "C:\laragon\bin\python\python-3.10\lib\site-packages\undetected_chromedriver\__init__.py", line 269, in __init__
    raise RuntimeError("you cannot reuse the ChromeOptions object")
RuntimeError: you cannot reuse the ChromeOptions object
2025-10-26 21:42:40,967 - ERROR - Error on attempt 18: Failed to setup driver
Traceback (most recent call last):
  File "C:\laragon\www\dapokalsel\sekolah\import_url_kabupaten.pyw", line 435, in process_url_induk
    raise Exception("Failed to setup driver")
Exception: Failed to setup driver
2025-10-26 21:42:40,967 - INFO - Retry attempt 19/300...
2025-10-26 21:42:55,967 - INFO - Setting up Chrome driver...
2025-10-26 21:42:55,968 - INFO - Using profile directory: C:\Windows\Temp\chrome_scraper_profile
2025-10-26 21:42:55,968 - INFO - Initializing Chrome driver (attempt 1/3)...
2025-10-26 21:43:03,799 - ERROR - Attempt 1 failed: [WinError 183] Cannot create a file when that file already exists: 'C:\\laragon\\www\\dapokalsel\\sekolah\\~\\appdata\\roaming\\undetected_chromedriver\\undetected\\chromedriver-win32\\chromedriver.exe' -> 'C:\\laragon\\www\\dapokalsel\\sekolah\\~\\appdata\\roaming\\undetected_chromedriver\\undetected_chromedriver.exe'
2025-10-26 21:43:03,799 - INFO - Retrying in 5 seconds...
2025-10-26 21:43:08,815 - INFO - Initializing Chrome driver (attempt 2/3)...
2025-10-26 21:47:30,268 - ERROR - Attempt 2 failed: [WinError 183] Cannot create a file when that file already exists: 'C:\\laragon\\www\\dapokalsel\\sekolah\\~\\appdata\\roaming\\undetected_chromedriver\\undetected\\chromedriver-win32\\chromedriver.exe' -> 'C:\\laragon\\www\\dapokalsel\\sekolah\\~\\appdata\\roaming\\undetected_chromedriver\\undetected_chromedriver.exe'
2025-10-26 21:47:30,268 - INFO - Retrying in 5 seconds...
2025-10-26 21:47:35,269 - INFO - Initializing Chrome driver (attempt 3/3)...
2025-10-26 21:47:40,342 - INFO - patching driver executable C:\laragon\www\dapokalsel\sekolah\~\appdata\roaming\undetected_chromedriver\undetected_chromedriver.exe
2025-10-26 21:47:40,434 - ERROR - Attempt 3 failed: Binary Location Must be a String
2025-10-26 21:47:40,434 - ERROR - All attempts failed to setup driver
Traceback (most recent call last):
  File "C:\laragon\www\dapokalsel\sekolah\import_url_kabupaten.pyw", line 115, in setup_driver
    driver = uc.Chrome(
  File "C:\laragon\bin\python\python-3.10\lib\site-packages\undetected_chromedriver\__init__.py", line 372, in __init__
    options.binary_location = (
  File "C:\laragon\bin\python\python-3.10\lib\site-packages\selenium\webdriver\chromium\options.py", line 52, in binary_location
    raise TypeError(self.BINARY_LOCATION_ERROR)
TypeError: Binary Location Must be a String
2025-10-26 21:47:40,505 - ERROR - Error on attempt 19: Failed to setup driver
Traceback (most recent call last):
  File "C:\laragon\www\dapokalsel\sekolah\import_url_kabupaten.pyw", line 435, in process_url_induk
    raise Exception("Failed to setup driver")
Exception: Failed to setup driver
2025-10-26 21:47:40,505 - INFO - Retry attempt 20/300...
2025-10-26 21:47:55,511 - INFO - Setting up Chrome driver...
2025-10-26 21:47:55,512 - INFO - Using profile directory: C:\Windows\Temp\chrome_scraper_profile
2025-10-26 21:47:55,512 - INFO - Initializing Chrome driver (attempt 1/3)...
2025-10-26 21:47:55,532 - ERROR - Attempt 1 failed: Binary Location Must be a String
2025-10-26 21:47:55,532 - INFO - Retrying in 5 seconds...
2025-10-26 21:48:00,533 - INFO - Initializing Chrome driver (attempt 2/3)...
2025-10-26 21:48:08,166 - INFO - patching driver executable C:\laragon\www\dapokalsel\sekolah\~\appdata\roaming\undetected_chromedriver\undetected_chromedriver.exe
2025-10-26 21:48:08,266 - ERROR - Attempt 2 failed: you cannot reuse the ChromeOptions object
2025-10-26 21:48:08,266 - INFO - Retrying in 5 seconds...
2025-10-26 21:48:13,269 - INFO - Initializing Chrome driver (attempt 3/3)...
2025-10-26 21:48:28,549 - ERROR - Attempt 3 failed: [WinError 183] Cannot create a file when that file already exists: 'C:\\laragon\\www\\dapokalsel\\sekolah\\~\\appdata\\roaming\\undetected_chromedriver\\undetected\\chromedriver-win32\\chromedriver.exe' -> 'C:\\laragon\\www\\dapokalsel\\sekolah\\~\\appdata\\roaming\\undetected_chromedriver\\undetected_chromedriver.exe'
2025-10-26 21:48:28,549 - ERROR - All attempts failed to setup driver
Traceback (most recent call last):
  File "C:\laragon\www\dapokalsel\sekolah\import_url_kabupaten.pyw", line 115, in setup_driver
    driver = uc.Chrome(
  File "C:\laragon\bin\python\python-3.10\lib\site-packages\undetected_chromedriver\__init__.py", line 258, in __init__
    self.patcher.auto()
  File "C:\laragon\bin\python\python-3.10\lib\site-packages\undetected_chromedriver\patcher.py", line 178, in auto
    self.unzip_package(self.fetch_package())
  File "C:\laragon\bin\python\python-3.10\lib\site-packages\undetected_chromedriver\patcher.py", line 310, in unzip_package
    os.rename(os.path.join(self.zip_path, exe_path), self.executable_path)
FileExistsError: [WinError 183] Cannot create a file when that file already exists: 'C:\\laragon\\www\\dapokalsel\\sekolah\\~\\appdata\\roaming\\undetected_chromedriver\\undetected\\chromedriver-win32\\chromedriver.exe' -> 'C:\\laragon\\www\\dapokalsel\\sekolah\\~\\appdata\\roaming\\undetected_chromedriver\\undetected_chromedriver.exe'
2025-10-26 21:48:28,549 - ERROR - Error on attempt 20: Failed to setup driver
Traceback (most recent call last):
  File "C:\laragon\www\dapokalsel\sekolah\import_url_kabupaten.pyw", line 435, in process_url_induk
    raise Exception("Failed to setup driver")
Exception: Failed to setup driver
2025-10-26 21:48:28,549 - INFO - Retry attempt 21/300...
2025-10-26 21:48:43,549 - INFO - Setting up Chrome driver...
2025-10-26 21:48:43,550 - INFO - Using profile directory: C:\Windows\Temp\chrome_scraper_profile
2025-10-26 21:48:43,551 - INFO - Initializing Chrome driver (attempt 1/3)...
2025-10-26 21:49:00,030 - ERROR - Attempt 1 failed: [WinError 183] Cannot create a file when that file already exists: 'C:\\laragon\\www\\dapokalsel\\sekolah\\~\\appdata\\roaming\\undetected_chromedriver\\undetected\\chromedriver-win32\\chromedriver.exe' -> 'C:\\laragon\\www\\dapokalsel\\sekolah\\~\\appdata\\roaming\\undetected_chromedriver\\undetected_chromedriver.exe'
2025-10-26 21:49:00,030 - INFO - Retrying in 5 seconds...
2025-10-26 21:49:05,030 - INFO - Initializing Chrome driver (attempt 2/3)...
2025-10-26 21:49:16,612 - INFO - patching driver executable C:\laragon\www\dapokalsel\sekolah\~\appdata\roaming\undetected_chromedriver\undetected_chromedriver.exe
2025-10-26 21:49:16,729 - ERROR - Attempt 2 failed: Binary Location Must be a String
2025-10-26 21:49:16,729 - INFO - Retrying in 5 seconds...
2025-10-26 21:49:21,729 - INFO - Initializing Chrome driver (attempt 3/3)...
2025-10-26 21:49:37,027 - INFO - patching driver executable C:\laragon\www\dapokalsel\sekolah\~\appdata\roaming\undetected_chromedriver\undetected_chromedriver.exe
2025-10-26 21:49:37,111 - ERROR - Attempt 3 failed: you cannot reuse the ChromeOptions object
2025-10-26 21:49:37,111 - ERROR - All attempts failed to setup driver
Traceback (most recent call last):
  File "C:\laragon\www\dapokalsel\sekolah\import_url_kabupaten.pyw", line 115, in setup_driver
    driver = uc.Chrome(
  File "C:\laragon\bin\python\python-3.10\lib\site-packages\undetected_chromedriver\__init__.py", line 269, in __init__
    raise RuntimeError("you cannot reuse the ChromeOptions object")
RuntimeError: you cannot reuse the ChromeOptions object
2025-10-26 21:49:37,128 - ERROR - Error on attempt 21: Failed to setup driver
Traceback (most recent call last):
  File "C:\laragon\www\dapokalsel\sekolah\import_url_kabupaten.pyw", line 435, in process_url_induk
    raise Exception("Failed to setup driver")
Exception: Failed to setup driver
2025-10-26 21:49:37,128 - INFO - Retry attempt 22/300...
2025-10-26 21:49:52,141 - INFO - Setting up Chrome driver...
2025-10-26 21:49:52,143 - INFO - Using profile directory: C:\Windows\Temp\chrome_scraper_profile
2025-10-26 21:49:52,143 - INFO - Initializing Chrome driver (attempt 1/3)...
2025-10-26 21:49:59,761 - INFO - patching driver executable C:\laragon\www\dapokalsel\sekolah\~\appdata\roaming\undetected_chromedriver\undetected_chromedriver.exe
2025-10-26 21:50:00,001 - ERROR - Attempt 1 failed: Binary Location Must be a String
2025-10-26 21:50:00,001 - INFO - Retrying in 5 seconds...
2025-10-26 21:50:05,007 - INFO - Initializing Chrome driver (attempt 2/3)...
2025-10-26 21:50:12,026 - ERROR - Attempt 2 failed: [WinError 183] Cannot create a file when that file already exists: 'C:\\laragon\\www\\dapokalsel\\sekolah\\~\\appdata\\roaming\\undetected_chromedriver\\undetected\\chromedriver-win32\\chromedriver.exe' -> 'C:\\laragon\\www\\dapokalsel\\sekolah\\~\\appdata\\roaming\\undetected_chromedriver\\undetected_chromedriver.exe'
2025-10-26 21:50:12,026 - INFO - Retrying in 5 seconds...
2025-10-26 21:50:17,027 - INFO - Initializing Chrome driver (attempt 3/3)...
2025-10-26 21:50:27,409 - ERROR - Attempt 3 failed: [WinError 32] The process cannot access the file because it is being used by another process: 'C:\\laragon\\www\\dapokalsel\\sekolah\\~\\appdata\\roaming\\undetected_chromedriver\\undetected\\chromedriver-win32\\chromedriver.exe' -> 'C:\\laragon\\www\\dapokalsel\\sekolah\\~\\appdata\\roaming\\undetected_chromedriver\\undetected_chromedriver.exe'
2025-10-26 21:50:27,409 - ERROR - All attempts failed to setup driver
Traceback (most recent call last):
  File "C:\laragon\www\dapokalsel\sekolah\import_url_kabupaten.pyw", line 115, in setup_driver
    driver = uc.Chrome(
  File "C:\laragon\bin\python\python-3.10\lib\site-packages\undetected_chromedriver\__init__.py", line 258, in __init__
    self.patcher.auto()
  File "C:\laragon\bin\python\python-3.10\lib\site-packages\undetected_chromedriver\patcher.py", line 178, in auto
    self.unzip_package(self.fetch_package())
  File "C:\laragon\bin\python\python-3.10\lib\site-packages\undetected_chromedriver\patcher.py", line 310, in unzip_package
    os.rename(os.path.join(self.zip_path, exe_path), self.executable_path)
PermissionError: [WinError 32] The process cannot access the file because it is being used by another process: 'C:\\laragon\\www\\dapokalsel\\sekolah\\~\\appdata\\roaming\\undetected_chromedriver\\undetected\\chromedriver-win32\\chromedriver.exe' -> 'C:\\laragon\\www\\dapokalsel\\sekolah\\~\\appdata\\roaming\\undetected_chromedriver\\undetected_chromedriver.exe'
2025-10-26 21:50:27,409 - ERROR - Error on attempt 22: Failed to setup driver
Traceback (most recent call last):
  File "C:\laragon\www\dapokalsel\sekolah\import_url_kabupaten.pyw", line 435, in process_url_induk
    raise Exception("Failed to setup driver")
Exception: Failed to setup driver
2025-10-26 21:50:27,409 - INFO - Retry attempt 23/300...
2025-10-26 21:50:42,410 - INFO - Setting up Chrome driver...
2025-10-26 21:50:42,412 - INFO - Using profile directory: C:\Windows\Temp\chrome_scraper_profile
2025-10-26 21:50:42,412 - INFO - Initializing Chrome driver (attempt 1/3)...
2025-10-26 21:50:51,281 - ERROR - Attempt 1 failed: [WinError 183] Cannot create a file when that file already exists: 'C:\\laragon\\www\\dapokalsel\\sekolah\\~\\appdata\\roaming\\undetected_chromedriver\\undetected\\chromedriver-win32\\chromedriver.exe' -> 'C:\\laragon\\www\\dapokalsel\\sekolah\\~\\appdata\\roaming\\undetected_chromedriver\\undetected_chromedriver.exe'
2025-10-26 21:50:51,281 - INFO - Retrying in 5 seconds...
2025-10-26 21:50:56,288 - INFO - Initializing Chrome driver (attempt 2/3)...
2025-10-26 21:51:01,235 - ERROR - Attempt 2 failed: [WinError 183] Cannot create a file when that file already exists: 'C:\\laragon\\www\\dapokalsel\\sekolah\\~\\appdata\\roaming\\undetected_chromedriver\\undetected\\chromedriver-win32\\chromedriver.exe' -> 'C:\\laragon\\www\\dapokalsel\\sekolah\\~\\appdata\\roaming\\undetected_chromedriver\\undetected_chromedriver.exe'
2025-10-26 21:51:01,235 - INFO - Retrying in 5 seconds...
2025-10-26 21:51:06,238 - INFO - Initializing Chrome driver (attempt 3/3)...
2025-10-26 21:51:16,406 - INFO - patching driver executable C:\laragon\www\dapokalsel\sekolah\~\appdata\roaming\undetected_chromedriver\undetected_chromedriver.exe
2025-10-26 21:51:16,489 - ERROR - Attempt 3 failed: Binary Location Must be a String
2025-10-26 21:51:16,489 - ERROR - All attempts failed to setup driver
Traceback (most recent call last):
  File "C:\laragon\www\dapokalsel\sekolah\import_url_kabupaten.pyw", line 115, in setup_driver
    driver = uc.Chrome(
  File "C:\laragon\bin\python\python-3.10\lib\site-packages\undetected_chromedriver\__init__.py", line 372, in __init__
    options.binary_location = (
  File "C:\laragon\bin\python\python-3.10\lib\site-packages\selenium\webdriver\chromium\options.py", line 52, in binary_location
    raise TypeError(self.BINARY_LOCATION_ERROR)
TypeError: Binary Location Must be a String
2025-10-26 21:51:16,489 - ERROR - Error on attempt 23: Failed to setup driver
Traceback (most recent call last):
  File "C:\laragon\www\dapokalsel\sekolah\import_url_kabupaten.pyw", line 435, in process_url_induk
    raise Exception("Failed to setup driver")
Exception: Failed to setup driver
2025-10-26 21:51:16,489 - INFO - Retry attempt 24/300...
2025-10-26 21:51:31,490 - INFO - Setting up Chrome driver...
2025-10-26 21:51:31,490 - INFO - Using profile directory: C:\Windows\Temp\chrome_scraper_profile
2025-10-26 21:51:31,491 - INFO - Initializing Chrome driver (attempt 1/3)...
2025-10-26 21:51:38,221 - INFO - patching driver executable C:\laragon\www\dapokalsel\sekolah\~\appdata\roaming\undetected_chromedriver\undetected_chromedriver.exe
2025-10-26 21:51:38,304 - ERROR - Attempt 1 failed: Binary Location Must be a String
2025-10-26 21:51:38,304 - INFO - Retrying in 5 seconds...
2025-10-26 21:51:43,305 - INFO - Initializing Chrome driver (attempt 2/3)...
2025-10-26 21:51:54,836 - INFO - patching driver executable C:\laragon\www\dapokalsel\sekolah\~\appdata\roaming\undetected_chromedriver\undetected_chromedriver.exe
2025-10-26 21:51:54,956 - ERROR - Attempt 2 failed: you cannot reuse the ChromeOptions object
2025-10-26 21:51:54,956 - INFO - Retrying in 5 seconds...
2025-10-26 21:51:59,969 - INFO - Initializing Chrome driver (attempt 3/3)...
2025-10-26 21:52:12,955 - INFO - patching driver executable C:\laragon\www\dapokalsel\sekolah\~\appdata\roaming\undetected_chromedriver\undetected_chromedriver.exe
2025-10-26 21:52:13,185 - ERROR - Attempt 3 failed: you cannot reuse the ChromeOptions object
2025-10-26 21:52:13,185 - ERROR - All attempts failed to setup driver
Traceback (most recent call last):
  File "C:\laragon\www\dapokalsel\sekolah\import_url_kabupaten.pyw", line 115, in setup_driver
    driver = uc.Chrome(
  File "C:\laragon\bin\python\python-3.10\lib\site-packages\undetected_chromedriver\__init__.py", line 269, in __init__
    raise RuntimeError("you cannot reuse the ChromeOptions object")
RuntimeError: you cannot reuse the ChromeOptions object
2025-10-26 21:52:13,186 - ERROR - Error on attempt 24: Failed to setup driver
Traceback (most recent call last):
  File "C:\laragon\www\dapokalsel\sekolah\import_url_kabupaten.pyw", line 435, in process_url_induk
    raise Exception("Failed to setup driver")
Exception: Failed to setup driver
2025-10-26 21:52:13,186 - INFO - Retry attempt 25/300...
2025-10-26 21:52:28,200 - INFO - Setting up Chrome driver...
2025-10-26 21:52:28,201 - INFO - Using profile directory: C:\Windows\Temp\chrome_scraper_profile
2025-10-26 21:52:28,201 - INFO - Initializing Chrome driver (attempt 1/3)...
2025-10-26 21:52:38,985 - ERROR - Attempt 1 failed: [WinError 183] Cannot create a file when that file already exists: 'C:\\laragon\\www\\dapokalsel\\sekolah\\~\\appdata\\roaming\\undetected_chromedriver\\undetected\\chromedriver-win32\\chromedriver.exe' -> 'C:\\laragon\\www\\dapokalsel\\sekolah\\~\\appdata\\roaming\\undetected_chromedriver\\undetected_chromedriver.exe'
2025-10-26 21:52:38,985 - INFO - Retrying in 5 seconds...
2025-10-26 21:52:43,998 - INFO - Initializing Chrome driver (attempt 2/3)...
2025-10-26 21:52:58,150 - INFO - patching driver executable C:\laragon\www\dapokalsel\sekolah\~\appdata\roaming\undetected_chromedriver\undetected_chromedriver.exe
2025-10-26 21:52:58,234 - ERROR - Attempt 2 failed: Binary Location Must be a String
2025-10-26 21:52:58,234 - INFO - Retrying in 5 seconds...
2025-10-26 21:53:03,244 - INFO - Initializing Chrome driver (attempt 3/3)...
2025-10-26 21:53:12,665 - INFO - patching driver executable C:\laragon\www\dapokalsel\sekolah\~\appdata\roaming\undetected_chromedriver\undetected_chromedriver.exe
2025-10-26 21:53:12,783 - ERROR - Attempt 3 failed: you cannot reuse the ChromeOptions object
2025-10-26 21:53:12,783 - ERROR - All attempts failed to setup driver
Traceback (most recent call last):
  File "C:\laragon\www\dapokalsel\sekolah\import_url_kabupaten.pyw", line 115, in setup_driver
    driver = uc.Chrome(
  File "C:\laragon\bin\python\python-3.10\lib\site-packages\undetected_chromedriver\__init__.py", line 269, in __init__
    raise RuntimeError("you cannot reuse the ChromeOptions object")
RuntimeError: you cannot reuse the ChromeOptions object
2025-10-26 21:53:12,783 - ERROR - Error on attempt 25: Failed to setup driver
Traceback (most recent call last):
  File "C:\laragon\www\dapokalsel\sekolah\import_url_kabupaten.pyw", line 435, in process_url_induk
    raise Exception("Failed to setup driver")
Exception: Failed to setup driver
2025-10-26 21:53:12,783 - INFO - Retry attempt 26/300...
2025-10-26 21:53:27,783 - INFO - Setting up Chrome driver...
2025-10-26 21:53:27,784 - INFO - Using profile directory: C:\Windows\Temp\chrome_scraper_profile
2025-10-26 21:53:27,784 - INFO - Initializing Chrome driver (attempt 1/3)...
2025-10-26 21:53:41,359 - ERROR - Attempt 1 failed: [WinError 183] Cannot create a file when that file already exists: 'C:\\laragon\\www\\dapokalsel\\sekolah\\~\\appdata\\roaming\\undetected_chromedriver\\undetected\\chromedriver-win32\\chromedriver.exe' -> 'C:\\laragon\\www\\dapokalsel\\sekolah\\~\\appdata\\roaming\\undetected_chromedriver\\undetected_chromedriver.exe'
2025-10-26 21:53:41,360 - INFO - Retrying in 5 seconds...
2025-10-26 21:53:46,363 - INFO - Initializing Chrome driver (attempt 2/3)...
2025-10-26 21:53:54,114 - ERROR - Attempt 2 failed: [WinError 183] Cannot create a file when that file already exists: 'C:\\laragon\\www\\dapokalsel\\sekolah\\~\\appdata\\roaming\\undetected_chromedriver\\undetected\\chromedriver-win32\\chromedriver.exe' -> 'C:\\laragon\\www\\dapokalsel\\sekolah\\~\\appdata\\roaming\\undetected_chromedriver\\undetected_chromedriver.exe'
2025-10-26 21:53:54,114 - INFO - Retrying in 5 seconds...
2025-10-26 21:53:59,114 - INFO - Initializing Chrome driver (attempt 3/3)...
2025-10-26 21:54:10,852 - ERROR - Attempt 3 failed: [WinError 183] Cannot create a file when that file already exists: 'C:\\laragon\\www\\dapokalsel\\sekolah\\~\\appdata\\roaming\\undetected_chromedriver\\undetected\\chromedriver-win32\\chromedriver.exe' -> 'C:\\laragon\\www\\dapokalsel\\sekolah\\~\\appdata\\roaming\\undetected_chromedriver\\undetected_chromedriver.exe'
2025-10-26 21:54:10,853 - ERROR - All attempts failed to setup driver
Traceback (most recent call last):
  File "C:\laragon\www\dapokalsel\sekolah\import_url_kabupaten.pyw", line 115, in setup_driver
    driver = uc.Chrome(
  File "C:\laragon\bin\python\python-3.10\lib\site-packages\undetected_chromedriver\__init__.py", line 258, in __init__
    self.patcher.auto()
  File "C:\laragon\bin\python\python-3.10\lib\site-packages\undetected_chromedriver\patcher.py", line 178, in auto
    self.unzip_package(self.fetch_package())
  File "C:\laragon\bin\python\python-3.10\lib\site-packages\undetected_chromedriver\patcher.py", line 310, in unzip_package
    os.rename(os.path.join(self.zip_path, exe_path), self.executable_path)
FileExistsError: [WinError 183] Cannot create a file when that file already exists: 'C:\\laragon\\www\\dapokalsel\\sekolah\\~\\appdata\\roaming\\undetected_chromedriver\\undetected\\chromedriver-win32\\chromedriver.exe' -> 'C:\\laragon\\www\\dapokalsel\\sekolah\\~\\appdata\\roaming\\undetected_chromedriver\\undetected_chromedriver.exe'
2025-10-26 21:54:10,853 - ERROR - Error on attempt 26: Failed to setup driver
Traceback (most recent call last):
  File "C:\laragon\www\dapokalsel\sekolah\import_url_kabupaten.pyw", line 435, in process_url_induk
    raise Exception("Failed to setup driver")
Exception: Failed to setup driver
2025-10-26 21:54:10,853 - INFO - Retry attempt 27/300...
2025-10-26 21:54:25,862 - INFO - Setting up Chrome driver...
2025-10-26 21:54:25,864 - INFO - Using profile directory: C:\Windows\Temp\chrome_scraper_profile
2025-10-26 21:54:25,864 - INFO - Initializing Chrome driver (attempt 1/3)...
2025-10-26 21:54:47,286 - INFO - patching driver executable C:\laragon\www\dapokalsel\sekolah\~\appdata\roaming\undetected_chromedriver\undetected_chromedriver.exe
2025-10-26 21:54:47,389 - ERROR - Attempt 1 failed: Binary Location Must be a String
2025-10-26 21:54:47,389 - INFO - Retrying in 5 seconds...
2025-10-26 21:54:52,392 - INFO - Initializing Chrome driver (attempt 2/3)...
2025-10-26 21:55:02,484 - ERROR - Attempt 2 failed: [WinError 183] Cannot create a file when that file already exists: 'C:\\laragon\\www\\dapokalsel\\sekolah\\~\\appdata\\roaming\\undetected_chromedriver\\undetected\\chromedriver-win32\\chromedriver.exe' -> 'C:\\laragon\\www\\dapokalsel\\sekolah\\~\\appdata\\roaming\\undetected_chromedriver\\undetected_chromedriver.exe'
2025-10-26 21:55:02,484 - INFO - Retrying in 5 seconds...
2025-10-26 21:55:07,484 - INFO - Initializing Chrome driver (attempt 3/3)...
2025-10-26 21:55:13,438 - INFO - patching driver executable C:\laragon\www\dapokalsel\sekolah\~\appdata\roaming\undetected_chromedriver\undetected_chromedriver.exe
2025-10-26 21:55:13,516 - ERROR - Attempt 3 failed: you cannot reuse the ChromeOptions object
2025-10-26 21:55:13,516 - ERROR - All attempts failed to setup driver
Traceback (most recent call last):
  File "C:\laragon\www\dapokalsel\sekolah\import_url_kabupaten.pyw", line 115, in setup_driver
    driver = uc.Chrome(
  File "C:\laragon\bin\python\python-3.10\lib\site-packages\undetected_chromedriver\__init__.py", line 269, in __init__
    raise RuntimeError("you cannot reuse the ChromeOptions object")
RuntimeError: you cannot reuse the ChromeOptions object
2025-10-26 21:55:13,516 - ERROR - Error on attempt 27: Failed to setup driver
Traceback (most recent call last):
  File "C:\laragon\www\dapokalsel\sekolah\import_url_kabupaten.pyw", line 435, in process_url_induk
    raise Exception("Failed to setup driver")
Exception: Failed to setup driver
2025-10-26 21:55:13,516 - INFO - Retry attempt 28/300...
2025-10-26 21:55:28,524 - INFO - Setting up Chrome driver...
2025-10-26 21:55:28,524 - INFO - Using profile directory: C:\Windows\Temp\chrome_scraper_profile
2025-10-26 21:55:28,524 - INFO - Initializing Chrome driver (attempt 1/3)...
2025-10-26 21:55:43,858 - ERROR - Attempt 1 failed: [WinError 183] Cannot create a file when that file already exists: 'C:\\laragon\\www\\dapokalsel\\sekolah\\~\\appdata\\roaming\\undetected_chromedriver\\undetected\\chromedriver-win32\\chromedriver.exe' -> 'C:\\laragon\\www\\dapokalsel\\sekolah\\~\\appdata\\roaming\\undetected_chromedriver\\undetected_chromedriver.exe'
2025-10-26 21:55:43,858 - INFO - Retrying in 5 seconds...
2025-10-26 21:55:48,873 - INFO - Initializing Chrome driver (attempt 2/3)...
2025-10-26 21:55:55,809 - ERROR - Attempt 2 failed: [WinError 183] Cannot create a file when that file already exists: 'C:\\laragon\\www\\dapokalsel\\sekolah\\~\\appdata\\roaming\\undetected_chromedriver\\undetected\\chromedriver-win32\\chromedriver.exe' -> 'C:\\laragon\\www\\dapokalsel\\sekolah\\~\\appdata\\roaming\\undetected_chromedriver\\undetected_chromedriver.exe'
2025-10-26 21:55:55,809 - INFO - Retrying in 5 seconds...
2025-10-26 21:56:00,810 - INFO - Initializing Chrome driver (attempt 3/3)...
2025-10-26 21:56:08,339 - INFO - patching driver executable C:\laragon\www\dapokalsel\sekolah\~\appdata\roaming\undetected_chromedriver\undetected_chromedriver.exe
2025-10-26 21:56:08,456 - ERROR - Attempt 3 failed: Binary Location Must be a String
2025-10-26 21:56:08,456 - ERROR - All attempts failed to setup driver
Traceback (most recent call last):
  File "C:\laragon\www\dapokalsel\sekolah\import_url_kabupaten.pyw", line 115, in setup_driver
    driver = uc.Chrome(
  File "C:\laragon\bin\python\python-3.10\lib\site-packages\undetected_chromedriver\__init__.py", line 372, in __init__
    options.binary_location = (
  File "C:\laragon\bin\python\python-3.10\lib\site-packages\selenium\webdriver\chromium\options.py", line 52, in binary_location
    raise TypeError(self.BINARY_LOCATION_ERROR)
TypeError: Binary Location Must be a String
2025-10-26 21:56:08,456 - ERROR - Error on attempt 28: Failed to setup driver
Traceback (most recent call last):
  File "C:\laragon\www\dapokalsel\sekolah\import_url_kabupaten.pyw", line 435, in process_url_induk
    raise Exception("Failed to setup driver")
Exception: Failed to setup driver
2025-10-26 21:56:08,456 - INFO - Retry attempt 29/300...
2025-10-26 21:56:23,469 - INFO - Setting up Chrome driver...
2025-10-26 21:56:23,469 - INFO - Using profile directory: C:\Windows\Temp\chrome_scraper_profile
2025-10-26 21:56:23,469 - INFO - Initializing Chrome driver (attempt 1/3)...
2025-10-26 21:56:35,266 - ERROR - Attempt 1 failed: [WinError 183] Cannot create a file when that file already exists: 'C:\\laragon\\www\\dapokalsel\\sekolah\\~\\appdata\\roaming\\undetected_chromedriver\\undetected\\chromedriver-win32\\chromedriver.exe' -> 'C:\\laragon\\www\\dapokalsel\\sekolah\\~\\appdata\\roaming\\undetected_chromedriver\\undetected_chromedriver.exe'
2025-10-26 21:56:35,266 - INFO - Retrying in 5 seconds...
2025-10-26 21:56:40,269 - INFO - Initializing Chrome driver (attempt 2/3)...
2025-10-26 21:56:52,220 - INFO - patching driver executable C:\laragon\www\dapokalsel\sekolah\~\appdata\roaming\undetected_chromedriver\undetected_chromedriver.exe
2025-10-26 21:56:52,304 - ERROR - Attempt 2 failed: Binary Location Must be a String
2025-10-26 21:56:52,304 - INFO - Retrying in 5 seconds...
2025-10-26 21:56:57,304 - INFO - Initializing Chrome driver (attempt 3/3)...
2025-10-26 21:57:01,903 - INFO - patching driver executable C:\laragon\www\dapokalsel\sekolah\~\appdata\roaming\undetected_chromedriver\undetected_chromedriver.exe
2025-10-26 21:57:01,987 - ERROR - Attempt 3 failed: you cannot reuse the ChromeOptions object
2025-10-26 21:57:01,987 - ERROR - All attempts failed to setup driver
Traceback (most recent call last):
  File "C:\laragon\www\dapokalsel\sekolah\import_url_kabupaten.pyw", line 115, in setup_driver
    driver = uc.Chrome(
  File "C:\laragon\bin\python\python-3.10\lib\site-packages\undetected_chromedriver\__init__.py", line 269, in __init__
    raise RuntimeError("you cannot reuse the ChromeOptions object")
RuntimeError: you cannot reuse the ChromeOptions object
2025-10-26 21:57:01,987 - ERROR - Error on attempt 29: Failed to setup driver
Traceback (most recent call last):
  File "C:\laragon\www\dapokalsel\sekolah\import_url_kabupaten.pyw", line 435, in process_url_induk
    raise Exception("Failed to setup driver")
Exception: Failed to setup driver
2025-10-26 21:57:02,001 - INFO - Retry attempt 30/300...
2025-10-26 21:57:17,001 - INFO - Setting up Chrome driver...
2025-10-26 21:57:17,005 - INFO - Using profile directory: C:\Windows\Temp\chrome_scraper_profile
2025-10-26 21:57:17,006 - INFO - Initializing Chrome driver (attempt 1/3)...
2025-10-26 21:57:31,045 - INFO - patching driver executable C:\laragon\www\dapokalsel\sekolah\~\appdata\roaming\undetected_chromedriver\undetected_chromedriver.exe
2025-10-26 21:57:31,148 - ERROR - Attempt 1 failed: Binary Location Must be a String
2025-10-26 21:57:31,149 - INFO - Retrying in 5 seconds...
2025-10-26 21:57:36,159 - INFO - Initializing Chrome driver (attempt 2/3)...
2025-10-26 21:57:49,364 - ERROR - Attempt 2 failed: [WinError 183] Cannot create a file when that file already exists: 'C:\\laragon\\www\\dapokalsel\\sekolah\\~\\appdata\\roaming\\undetected_chromedriver\\undetected\\chromedriver-win32\\chromedriver.exe' -> 'C:\\laragon\\www\\dapokalsel\\sekolah\\~\\appdata\\roaming\\undetected_chromedriver\\undetected_chromedriver.exe'
2025-10-26 21:57:49,364 - INFO - Retrying in 5 seconds...
2025-10-26 21:57:54,366 - INFO - Initializing Chrome driver (attempt 3/3)...
2025-10-26 21:58:01,785 - ERROR - Attempt 3 failed: [WinError 183] Cannot create a file when that file already exists: 'C:\\laragon\\www\\dapokalsel\\sekolah\\~\\appdata\\roaming\\undetected_chromedriver\\undetected\\chromedriver-win32\\chromedriver.exe' -> 'C:\\laragon\\www\\dapokalsel\\sekolah\\~\\appdata\\roaming\\undetected_chromedriver\\undetected_chromedriver.exe'
2025-10-26 21:58:01,785 - ERROR - All attempts failed to setup driver
Traceback (most recent call last):
  File "C:\laragon\www\dapokalsel\sekolah\import_url_kabupaten.pyw", line 115, in setup_driver
    driver = uc.Chrome(
  File "C:\laragon\bin\python\python-3.10\lib\site-packages\undetected_chromedriver\__init__.py", line 258, in __init__
    self.patcher.auto()
  File "C:\laragon\bin\python\python-3.10\lib\site-packages\undetected_chromedriver\patcher.py", line 178, in auto
    self.unzip_package(self.fetch_package())
  File "C:\laragon\bin\python\python-3.10\lib\site-packages\undetected_chromedriver\patcher.py", line 310, in unzip_package
    os.rename(os.path.join(self.zip_path, exe_path), self.executable_path)
FileExistsError: [WinError 183] Cannot create a file when that file already exists: 'C:\\laragon\\www\\dapokalsel\\sekolah\\~\\appdata\\roaming\\undetected_chromedriver\\undetected\\chromedriver-win32\\chromedriver.exe' -> 'C:\\laragon\\www\\dapokalsel\\sekolah\\~\\appdata\\roaming\\undetected_chromedriver\\undetected_chromedriver.exe'
2025-10-26 21:58:01,786 - ERROR - Error on attempt 30: Failed to setup driver
Traceback (most recent call last):
  File "C:\laragon\www\dapokalsel\sekolah\import_url_kabupaten.pyw", line 435, in process_url_induk
    raise Exception("Failed to setup driver")
Exception: Failed to setup driver
2025-10-26 21:58:01,786 - INFO - Retry attempt 31/300...
2025-10-26 21:58:16,788 - INFO - Setting up Chrome driver...
2025-10-26 21:58:16,789 - INFO - Using profile directory: C:\Windows\Temp\chrome_scraper_profile
2025-10-26 21:58:16,789 - INFO - Initializing Chrome driver (attempt 1/3)...
2025-10-26 21:58:33,931 - ERROR - Attempt 1 failed: [WinError 32] The process cannot access the file because it is being used by another process: 'C:\\laragon\\www\\dapokalsel\\sekolah\\~\\appdata\\roaming\\undetected_chromedriver\\undetected\\chromedriver-win32\\chromedriver.exe' -> 'C:\\laragon\\www\\dapokalsel\\sekolah\\~\\appdata\\roaming\\undetected_chromedriver\\undetected_chromedriver.exe'
2025-10-26 21:58:33,931 - INFO - Retrying in 5 seconds...
2025-10-26 21:58:38,932 - INFO - Initializing Chrome driver (attempt 2/3)...
2025-10-26 21:58:48,321 - ERROR - Attempt 2 failed: [WinError 32] The process cannot access the file because it is being used by another process: 'C:\\laragon\\www\\dapokalsel\\sekolah\\~\\appdata\\roaming\\undetected_chromedriver\\undetected\\chromedriver-win32\\chromedriver.exe' -> 'C:\\laragon\\www\\dapokalsel\\sekolah\\~\\appdata\\roaming\\undetected_chromedriver\\undetected_chromedriver.exe'
2025-10-26 21:58:48,321 - INFO - Retrying in 5 seconds...
2025-10-26 21:58:53,322 - INFO - Initializing Chrome driver (attempt 3/3)...
2025-10-26 21:59:01,378 - INFO - patching driver executable C:\laragon\www\dapokalsel\sekolah\~\appdata\roaming\undetected_chromedriver\undetected_chromedriver.exe
2025-10-26 21:59:01,487 - ERROR - Attempt 3 failed: Binary Location Must be a String
2025-10-26 21:59:01,487 - ERROR - All attempts failed to setup driver
Traceback (most recent call last):
  File "C:\laragon\www\dapokalsel\sekolah\import_url_kabupaten.pyw", line 115, in setup_driver
    driver = uc.Chrome(
  File "C:\laragon\bin\python\python-3.10\lib\site-packages\undetected_chromedriver\__init__.py", line 372, in __init__
    options.binary_location = (
  File "C:\laragon\bin\python\python-3.10\lib\site-packages\selenium\webdriver\chromium\options.py", line 52, in binary_location
    raise TypeError(self.BINARY_LOCATION_ERROR)
TypeError: Binary Location Must be a String
2025-10-26 21:59:01,487 - ERROR - Error on attempt 31: Failed to setup driver
Traceback (most recent call last):
  File "C:\laragon\www\dapokalsel\sekolah\import_url_kabupaten.pyw", line 435, in process_url_induk
    raise Exception("Failed to setup driver")
Exception: Failed to setup driver
2025-10-26 21:59:01,487 - INFO - Retry attempt 32/300...
2025-10-26 21:59:16,498 - INFO - Setting up Chrome driver...
2025-10-26 21:59:16,500 - INFO - Using profile directory: C:\Windows\Temp\chrome_scraper_profile
2025-10-26 21:59:16,500 - INFO - Initializing Chrome driver (attempt 1/3)...
2025-10-26 21:59:26,695 - INFO - patching driver executable C:\laragon\www\dapokalsel\sekolah\~\appdata\roaming\undetected_chromedriver\undetected_chromedriver.exe
2025-10-26 21:59:26,794 - ERROR - Attempt 1 failed: Binary Location Must be a String
2025-10-26 21:59:26,794 - INFO - Retrying in 5 seconds...
2025-10-26 21:59:31,795 - INFO - Initializing Chrome driver (attempt 2/3)...
2025-10-26 21:59:41,423 - ERROR - Attempt 2 failed: [WinError 183] Cannot create a file when that file already exists: 'C:\\laragon\\www\\dapokalsel\\sekolah\\~\\appdata\\roaming\\undetected_chromedriver\\undetected\\chromedriver-win32\\chromedriver.exe' -> 'C:\\laragon\\www\\dapokalsel\\sekolah\\~\\appdata\\roaming\\undetected_chromedriver\\undetected_chromedriver.exe'
2025-10-26 21:59:41,423 - INFO - Retrying in 5 seconds...
2025-10-26 21:59:46,424 - INFO - Initializing Chrome driver (attempt 3/3)...
2025-10-26 21:59:58,811 - ERROR - Attempt 3 failed: [WinError 183] Cannot create a file when that file already exists: 'C:\\laragon\\www\\dapokalsel\\sekolah\\~\\appdata\\roaming\\undetected_chromedriver\\undetected\\chromedriver-win32\\chromedriver.exe' -> 'C:\\laragon\\www\\dapokalsel\\sekolah\\~\\appdata\\roaming\\undetected_chromedriver\\undetected_chromedriver.exe'
2025-10-26 21:59:58,811 - ERROR - All attempts failed to setup driver
Traceback (most recent call last):
  File "C:\laragon\www\dapokalsel\sekolah\import_url_kabupaten.pyw", line 115, in setup_driver
    driver = uc.Chrome(
  File "C:\laragon\bin\python\python-3.10\lib\site-packages\undetected_chromedriver\__init__.py", line 258, in __init__
    self.patcher.auto()
  File "C:\laragon\bin\python\python-3.10\lib\site-packages\undetected_chromedriver\patcher.py", line 178, in auto
    self.unzip_package(self.fetch_package())
  File "C:\laragon\bin\python\python-3.10\lib\site-packages\undetected_chromedriver\patcher.py", line 310, in unzip_package
    os.rename(os.path.join(self.zip_path, exe_path), self.executable_path)
FileExistsError: [WinError 183] Cannot create a file when that file already exists: 'C:\\laragon\\www\\dapokalsel\\sekolah\\~\\appdata\\roaming\\undetected_chromedriver\\undetected\\chromedriver-win32\\chromedriver.exe' -> 'C:\\laragon\\www\\dapokalsel\\sekolah\\~\\appdata\\roaming\\undetected_chromedriver\\undetected_chromedriver.exe'
2025-10-26 21:59:58,811 - ERROR - Error on attempt 32: Failed to setup driver
Traceback (most recent call last):
  File "C:\laragon\www\dapokalsel\sekolah\import_url_kabupaten.pyw", line 435, in process_url_induk
    raise Exception("Failed to setup driver")
Exception: Failed to setup driver
2025-10-26 21:59:58,811 - INFO - Retry attempt 33/300...
2025-10-26 22:00:13,811 - INFO - Setting up Chrome driver...
2025-10-26 22:00:13,811 - INFO - Using profile directory: C:\Windows\Temp\chrome_scraper_profile
2025-10-26 22:00:13,812 - INFO - Initializing Chrome driver (attempt 1/3)...
2025-10-26 22:00:20,492 - INFO - patching driver executable C:\laragon\www\dapokalsel\sekolah\~\appdata\roaming\undetected_chromedriver\undetected_chromedriver.exe
2025-10-26 22:00:20,576 - ERROR - Attempt 1 failed: Binary Location Must be a String
2025-10-26 22:00:20,576 - INFO - Retrying in 5 seconds...
2025-10-26 22:00:25,576 - INFO - Initializing Chrome driver (attempt 2/3)...
2025-10-26 22:00:44,908 - INFO - patching driver executable C:\laragon\www\dapokalsel\sekolah\~\appdata\roaming\undetected_chromedriver\undetected_chromedriver.exe
2025-10-26 22:00:44,991 - ERROR - Attempt 2 failed: you cannot reuse the ChromeOptions object
2025-10-26 22:00:44,991 - INFO - Retrying in 5 seconds...
2025-10-26 22:00:49,991 - INFO - Initializing Chrome driver (attempt 3/3)...
2025-10-26 22:00:54,190 - INFO - patching driver executable C:\laragon\www\dapokalsel\sekolah\~\appdata\roaming\undetected_chromedriver\undetected_chromedriver.exe
2025-10-26 22:00:54,274 - ERROR - Attempt 3 failed: you cannot reuse the ChromeOptions object
2025-10-26 22:00:54,274 - ERROR - All attempts failed to setup driver
Traceback (most recent call last):
  File "C:\laragon\www\dapokalsel\sekolah\import_url_kabupaten.pyw", line 115, in setup_driver
    driver = uc.Chrome(
  File "C:\laragon\bin\python\python-3.10\lib\site-packages\undetected_chromedriver\__init__.py", line 269, in __init__
    raise RuntimeError("you cannot reuse the ChromeOptions object")
RuntimeError: you cannot reuse the ChromeOptions object
2025-10-26 22:00:54,274 - ERROR - Error on attempt 33: Failed to setup driver
Traceback (most recent call last):
  File "C:\laragon\www\dapokalsel\sekolah\import_url_kabupaten.pyw", line 435, in process_url_induk
    raise Exception("Failed to setup driver")
Exception: Failed to setup driver
2025-10-26 22:00:54,274 - INFO - Retry attempt 34/300...
2025-10-26 22:01:09,283 - INFO - Setting up Chrome driver...
2025-10-26 22:01:09,283 - INFO - Using profile directory: C:\Windows\Temp\chrome_scraper_profile
2025-10-26 22:01:09,283 - INFO - Initializing Chrome driver (attempt 1/3)...
2025-10-26 22:01:15,386 - ERROR - Attempt 1 failed: [WinError 183] Cannot create a file when that file already exists: 'C:\\laragon\\www\\dapokalsel\\sekolah\\~\\appdata\\roaming\\undetected_chromedriver\\undetected\\chromedriver-win32\\chromedriver.exe' -> 'C:\\laragon\\www\\dapokalsel\\sekolah\\~\\appdata\\roaming\\undetected_chromedriver\\undetected_chromedriver.exe'
2025-10-26 22:01:15,386 - INFO - Retrying in 5 seconds...
2025-10-26 22:01:20,391 - INFO - Initializing Chrome driver (attempt 2/3)...
2025-10-26 22:01:39,845 - ERROR - Attempt 2 failed: [WinError 32] The process cannot access the file because it is being used by another process: 'C:\\laragon\\www\\dapokalsel\\sekolah\\~\\appdata\\roaming\\undetected_chromedriver\\undetected\\chromedriver-win32\\chromedriver.exe' -> 'C:\\laragon\\www\\dapokalsel\\sekolah\\~\\appdata\\roaming\\undetected_chromedriver\\undetected_chromedriver.exe'
2025-10-26 22:01:39,845 - INFO - Retrying in 5 seconds...
2025-10-26 22:01:44,846 - INFO - Initializing Chrome driver (attempt 3/3)...
2025-10-26 22:01:49,805 - INFO - patching driver executable C:\laragon\www\dapokalsel\sekolah\~\appdata\roaming\undetected_chromedriver\undetected_chromedriver.exe
2025-10-26 22:01:49,921 - ERROR - Attempt 3 failed: Binary Location Must be a String
2025-10-26 22:01:49,921 - ERROR - All attempts failed to setup driver
Traceback (most recent call last):
  File "C:\laragon\www\dapokalsel\sekolah\import_url_kabupaten.pyw", line 115, in setup_driver
    driver = uc.Chrome(
  File "C:\laragon\bin\python\python-3.10\lib\site-packages\undetected_chromedriver\__init__.py", line 372, in __init__
    options.binary_location = (
  File "C:\laragon\bin\python\python-3.10\lib\site-packages\selenium\webdriver\chromium\options.py", line 52, in binary_location
    raise TypeError(self.BINARY_LOCATION_ERROR)
TypeError: Binary Location Must be a String
2025-10-26 22:01:49,921 - ERROR - Error on attempt 34: Failed to setup driver
Traceback (most recent call last):
  File "C:\laragon\www\dapokalsel\sekolah\import_url_kabupaten.pyw", line 435, in process_url_induk
    raise Exception("Failed to setup driver")
Exception: Failed to setup driver
2025-10-26 22:01:49,921 - INFO - Retry attempt 35/300...
2025-10-26 22:02:04,935 - INFO - Setting up Chrome driver...
2025-10-26 22:02:04,939 - INFO - Using profile directory: C:\Windows\Temp\chrome_scraper_profile
2025-10-26 22:02:04,940 - INFO - Initializing Chrome driver (attempt 1/3)...
2025-10-26 22:02:17,492 - ERROR - Attempt 1 failed: [WinError 183] Cannot create a file when that file already exists: 'C:\\laragon\\www\\dapokalsel\\sekolah\\~\\appdata\\roaming\\undetected_chromedriver\\undetected\\chromedriver-win32\\chromedriver.exe' -> 'C:\\laragon\\www\\dapokalsel\\sekolah\\~\\appdata\\roaming\\undetected_chromedriver\\undetected_chromedriver.exe'
2025-10-26 22:02:17,492 - INFO - Retrying in 5 seconds...
2025-10-26 22:02:22,492 - INFO - Initializing Chrome driver (attempt 2/3)...
2025-10-26 22:02:31,723 - ERROR - Attempt 2 failed: [WinError 183] Cannot create a file when that file already exists: 'C:\\laragon\\www\\dapokalsel\\sekolah\\~\\appdata\\roaming\\undetected_chromedriver\\undetected\\chromedriver-win32\\chromedriver.exe' -> 'C:\\laragon\\www\\dapokalsel\\sekolah\\~\\appdata\\roaming\\undetected_chromedriver\\undetected_chromedriver.exe'
2025-10-26 22:02:31,724 - INFO - Retrying in 5 seconds...
2025-10-26 22:02:36,735 - INFO - Initializing Chrome driver (attempt 3/3)...
2025-10-26 22:02:41,891 - INFO - patching driver executable C:\laragon\www\dapokalsel\sekolah\~\appdata\roaming\undetected_chromedriver\undetected_chromedriver.exe
2025-10-26 22:02:42,053 - ERROR - Attempt 3 failed: Binary Location Must be a String
2025-10-26 22:02:42,053 - ERROR - All attempts failed to setup driver
Traceback (most recent call last):
  File "C:\laragon\www\dapokalsel\sekolah\import_url_kabupaten.pyw", line 115, in setup_driver
    driver = uc.Chrome(
  File "C:\laragon\bin\python\python-3.10\lib\site-packages\undetected_chromedriver\__init__.py", line 372, in __init__
    options.binary_location = (
  File "C:\laragon\bin\python\python-3.10\lib\site-packages\selenium\webdriver\chromium\options.py", line 52, in binary_location
    raise TypeError(self.BINARY_LOCATION_ERROR)
TypeError: Binary Location Must be a String
2025-10-26 22:02:42,054 - ERROR - Error on attempt 35: Failed to setup driver
Traceback (most recent call last):
  File "C:\laragon\www\dapokalsel\sekolah\import_url_kabupaten.pyw", line 435, in process_url_induk
    raise Exception("Failed to setup driver")
Exception: Failed to setup driver
2025-10-26 22:02:42,054 - INFO - Retry attempt 36/300...
2025-10-26 22:02:57,054 - INFO - Setting up Chrome driver...
2025-10-26 22:02:57,055 - INFO - Using profile directory: C:\Windows\Temp\chrome_scraper_profile
2025-10-26 22:02:57,056 - INFO - Initializing Chrome driver (attempt 1/3)...
2025-10-26 22:03:07,955 - INFO - patching driver executable C:\laragon\www\dapokalsel\sekolah\~\appdata\roaming\undetected_chromedriver\undetected_chromedriver.exe
2025-10-26 22:03:08,103 - ERROR - Attempt 1 failed: Binary Location Must be a String
2025-10-26 22:03:08,103 - INFO - Retrying in 5 seconds...
2025-10-26 22:03:13,104 - INFO - Initializing Chrome driver (attempt 2/3)...
2025-10-26 22:03:22,916 - ERROR - Attempt 2 failed: [WinError 183] Cannot create a file when that file already exists: 'C:\\laragon\\www\\dapokalsel\\sekolah\\~\\appdata\\roaming\\undetected_chromedriver\\undetected\\chromedriver-win32\\chromedriver.exe' -> 'C:\\laragon\\www\\dapokalsel\\sekolah\\~\\appdata\\roaming\\undetected_chromedriver\\undetected_chromedriver.exe'
2025-10-26 22:03:22,916 - INFO - Retrying in 5 seconds...
2025-10-26 22:03:27,931 - INFO - Initializing Chrome driver (attempt 3/3)...
2025-10-26 22:03:40,465 - ERROR - Attempt 3 failed: [WinError 183] Cannot create a file when that file already exists: 'C:\\laragon\\www\\dapokalsel\\sekolah\\~\\appdata\\roaming\\undetected_chromedriver\\undetected\\chromedriver-win32\\chromedriver.exe' -> 'C:\\laragon\\www\\dapokalsel\\sekolah\\~\\appdata\\roaming\\undetected_chromedriver\\undetected_chromedriver.exe'
2025-10-26 22:03:40,465 - ERROR - All attempts failed to setup driver
Traceback (most recent call last):
  File "C:\laragon\www\dapokalsel\sekolah\import_url_kabupaten.pyw", line 115, in setup_driver
    driver = uc.Chrome(
  File "C:\laragon\bin\python\python-3.10\lib\site-packages\undetected_chromedriver\__init__.py", line 258, in __init__
    self.patcher.auto()
  File "C:\laragon\bin\python\python-3.10\lib\site-packages\undetected_chromedriver\patcher.py", line 178, in auto
    self.unzip_package(self.fetch_package())
  File "C:\laragon\bin\python\python-3.10\lib\site-packages\undetected_chromedriver\patcher.py", line 310, in unzip_package
    os.rename(os.path.join(self.zip_path, exe_path), self.executable_path)
FileExistsError: [WinError 183] Cannot create a file when that file already exists: 'C:\\laragon\\www\\dapokalsel\\sekolah\\~\\appdata\\roaming\\undetected_chromedriver\\undetected\\chromedriver-win32\\chromedriver.exe' -> 'C:\\laragon\\www\\dapokalsel\\sekolah\\~\\appdata\\roaming\\undetected_chromedriver\\undetected_chromedriver.exe'
2025-10-26 22:03:40,465 - ERROR - Error on attempt 36: Failed to setup driver
Traceback (most recent call last):
  File "C:\laragon\www\dapokalsel\sekolah\import_url_kabupaten.pyw", line 435, in process_url_induk
    raise Exception("Failed to setup driver")
Exception: Failed to setup driver
2025-10-26 22:03:40,465 - INFO - Retry attempt 37/300...
2025-10-26 22:03:55,470 - INFO - Setting up Chrome driver...
2025-10-26 22:03:55,548 - INFO - Using profile directory: C:\Windows\Temp\chrome_scraper_profile
2025-10-26 22:03:55,548 - INFO - Initializing Chrome driver (attempt 1/3)...
2025-10-26 22:04:03,799 - INFO - patching driver executable C:\laragon\www\dapokalsel\sekolah\~\appdata\roaming\undetected_chromedriver\undetected_chromedriver.exe
2025-10-26 22:04:03,914 - ERROR - Attempt 1 failed: Binary Location Must be a String
2025-10-26 22:04:03,914 - INFO - Retrying in 5 seconds...
2025-10-26 22:04:08,928 - INFO - Initializing Chrome driver (attempt 2/3)...
2025-10-26 22:04:16,112 - INFO - patching driver executable C:\laragon\www\dapokalsel\sekolah\~\appdata\roaming\undetected_chromedriver\undetected_chromedriver.exe
2025-10-26 22:04:16,179 - ERROR - Attempt 2 failed: you cannot reuse the ChromeOptions object
2025-10-26 22:04:16,179 - INFO - Retrying in 5 seconds...
2025-10-26 22:04:21,179 - INFO - Initializing Chrome driver (attempt 3/3)...
2025-10-26 22:04:34,495 - ERROR - Attempt 3 failed: [WinError 183] Cannot create a file when that file already exists: 'C:\\laragon\\www\\dapokalsel\\sekolah\\~\\appdata\\roaming\\undetected_chromedriver\\undetected\\chromedriver-win32\\chromedriver.exe' -> 'C:\\laragon\\www\\dapokalsel\\sekolah\\~\\appdata\\roaming\\undetected_chromedriver\\undetected_chromedriver.exe'
2025-10-26 22:04:34,495 - ERROR - All attempts failed to setup driver
Traceback (most recent call last):
  File "C:\laragon\www\dapokalsel\sekolah\import_url_kabupaten.pyw", line 115, in setup_driver
    driver = uc.Chrome(
  File "C:\laragon\bin\python\python-3.10\lib\site-packages\undetected_chromedriver\__init__.py", line 258, in __init__
    self.patcher.auto()
  File "C:\laragon\bin\python\python-3.10\lib\site-packages\undetected_chromedriver\patcher.py", line 178, in auto
    self.unzip_package(self.fetch_package())
  File "C:\laragon\bin\python\python-3.10\lib\site-packages\undetected_chromedriver\patcher.py", line 310, in unzip_package
    os.rename(os.path.join(self.zip_path, exe_path), self.executable_path)
FileExistsError: [WinError 183] Cannot create a file when that file already exists: 'C:\\laragon\\www\\dapokalsel\\sekolah\\~\\appdata\\roaming\\undetected_chromedriver\\undetected\\chromedriver-win32\\chromedriver.exe' -> 'C:\\laragon\\www\\dapokalsel\\sekolah\\~\\appdata\\roaming\\undetected_chromedriver\\undetected_chromedriver.exe'
2025-10-26 22:04:34,495 - ERROR - Error on attempt 37: Failed to setup driver
Traceback (most recent call last):
  File "C:\laragon\www\dapokalsel\sekolah\import_url_kabupaten.pyw", line 435, in process_url_induk
    raise Exception("Failed to setup driver")
Exception: Failed to setup driver
2025-10-26 22:04:34,495 - INFO - Retry attempt 38/300...
2025-10-26 22:04:49,501 - INFO - Setting up Chrome driver...
2025-10-26 22:04:49,501 - INFO - Using profile directory: C:\Windows\Temp\chrome_scraper_profile
2025-10-26 22:04:49,501 - INFO - Initializing Chrome driver (attempt 1/3)...
2025-10-26 22:04:58,760 - INFO - patching driver executable C:\laragon\www\dapokalsel\sekolah\~\appdata\roaming\undetected_chromedriver\undetected_chromedriver.exe
2025-10-26 22:04:58,851 - ERROR - Attempt 1 failed: Binary Location Must be a String
2025-10-26 22:04:58,851 - INFO - Retrying in 5 seconds...
2025-10-26 22:05:03,851 - INFO - Initializing Chrome driver (attempt 2/3)...
2025-10-26 22:05:10,326 - INFO - patching driver executable C:\laragon\www\dapokalsel\sekolah\~\appdata\roaming\undetected_chromedriver\undetected_chromedriver.exe
2025-10-26 22:05:10,422 - ERROR - Attempt 2 failed: you cannot reuse the ChromeOptions object
2025-10-26 22:05:10,423 - INFO - Retrying in 5 seconds...
2025-10-26 22:05:15,436 - INFO - Initializing Chrome driver (attempt 3/3)...
2025-10-26 22:05:27,448 - ERROR - Attempt 3 failed: [WinError 183] Cannot create a file when that file already exists: 'C:\\laragon\\www\\dapokalsel\\sekolah\\~\\appdata\\roaming\\undetected_chromedriver\\undetected\\chromedriver-win32\\chromedriver.exe' -> 'C:\\laragon\\www\\dapokalsel\\sekolah\\~\\appdata\\roaming\\undetected_chromedriver\\undetected_chromedriver.exe'
2025-10-26 22:05:27,449 - ERROR - All attempts failed to setup driver
Traceback (most recent call last):
  File "C:\laragon\www\dapokalsel\sekolah\import_url_kabupaten.pyw", line 115, in setup_driver
    driver = uc.Chrome(
  File "C:\laragon\bin\python\python-3.10\lib\site-packages\undetected_chromedriver\__init__.py", line 258, in __init__
    self.patcher.auto()
  File "C:\laragon\bin\python\python-3.10\lib\site-packages\undetected_chromedriver\patcher.py", line 178, in auto
    self.unzip_package(self.fetch_package())
  File "C:\laragon\bin\python\python-3.10\lib\site-packages\undetected_chromedriver\patcher.py", line 310, in unzip_package
    os.rename(os.path.join(self.zip_path, exe_path), self.executable_path)
FileExistsError: [WinError 183] Cannot create a file when that file already exists: 'C:\\laragon\\www\\dapokalsel\\sekolah\\~\\appdata\\roaming\\undetected_chromedriver\\undetected\\chromedriver-win32\\chromedriver.exe' -> 'C:\\laragon\\www\\dapokalsel\\sekolah\\~\\appdata\\roaming\\undetected_chromedriver\\undetected_chromedriver.exe'
2025-10-26 22:05:27,450 - ERROR - Error on attempt 38: Failed to setup driver
Traceback (most recent call last):
  File "C:\laragon\www\dapokalsel\sekolah\import_url_kabupaten.pyw", line 435, in process_url_induk
    raise Exception("Failed to setup driver")
Exception: Failed to setup driver
2025-10-26 22:05:27,450 - INFO - Retry attempt 39/300...
2025-10-26 22:05:42,450 - INFO - Setting up Chrome driver...
2025-10-26 22:05:42,451 - INFO - Using profile directory: C:\Windows\Temp\chrome_scraper_profile
2025-10-26 22:05:42,452 - INFO - Initializing Chrome driver (attempt 1/3)...
2025-10-26 22:05:54,274 - INFO - patching driver executable C:\laragon\www\dapokalsel\sekolah\~\appdata\roaming\undetected_chromedriver\undetected_chromedriver.exe
2025-10-26 22:05:54,374 - ERROR - Attempt 1 failed: Binary Location Must be a String
2025-10-26 22:05:54,374 - INFO - Retrying in 5 seconds...
2025-10-26 22:05:59,389 - INFO - Initializing Chrome driver (attempt 2/3)...
2025-10-26 22:06:11,669 - INFO - patching driver executable C:\laragon\www\dapokalsel\sekolah\~\appdata\roaming\undetected_chromedriver\undetected_chromedriver.exe
2025-10-26 22:06:11,772 - ERROR - Attempt 2 failed: you cannot reuse the ChromeOptions object
2025-10-26 22:06:11,772 - INFO - Retrying in 5 seconds...
2025-10-26 22:06:16,773 - INFO - Initializing Chrome driver (attempt 3/3)...
2025-10-26 22:06:26,313 - INFO - patching driver executable C:\laragon\www\dapokalsel\sekolah\~\appdata\roaming\undetected_chromedriver\undetected_chromedriver.exe
2025-10-26 22:06:26,506 - ERROR - Attempt 3 failed: you cannot reuse the ChromeOptions object
2025-10-26 22:06:26,506 - ERROR - All attempts failed to setup driver
Traceback (most recent call last):
  File "C:\laragon\www\dapokalsel\sekolah\import_url_kabupaten.pyw", line 115, in setup_driver
    driver = uc.Chrome(
  File "C:\laragon\bin\python\python-3.10\lib\site-packages\undetected_chromedriver\__init__.py", line 269, in __init__
    raise RuntimeError("you cannot reuse the ChromeOptions object")
RuntimeError: you cannot reuse the ChromeOptions object
2025-10-26 22:06:26,506 - ERROR - Error on attempt 39: Failed to setup driver
Traceback (most recent call last):
  File "C:\laragon\www\dapokalsel\sekolah\import_url_kabupaten.pyw", line 435, in process_url_induk
    raise Exception("Failed to setup driver")
Exception: Failed to setup driver
2025-10-26 22:06:26,506 - INFO - Retry attempt 40/300...
2025-10-26 22:06:41,516 - INFO - Setting up Chrome driver...
2025-10-26 22:06:41,516 - INFO - Using profile directory: C:\Windows\Temp\chrome_scraper_profile
2025-10-26 22:06:41,516 - INFO - Initializing Chrome driver (attempt 1/3)...
2025-10-26 22:06:48,489 - INFO - patching driver executable C:\laragon\www\dapokalsel\sekolah\~\appdata\roaming\undetected_chromedriver\undetected_chromedriver.exe
2025-10-26 22:06:48,571 - ERROR - Attempt 1 failed: Binary Location Must be a String
2025-10-26 22:06:48,571 - INFO - Retrying in 5 seconds...
2025-10-26 22:06:53,579 - INFO - Initializing Chrome driver (attempt 2/3)...
2025-10-26 22:07:04,220 - INFO - patching driver executable C:\laragon\www\dapokalsel\sekolah\~\appdata\roaming\undetected_chromedriver\undetected_chromedriver.exe
2025-10-26 22:07:04,304 - ERROR - Attempt 2 failed: you cannot reuse the ChromeOptions object
2025-10-26 22:07:04,304 - INFO - Retrying in 5 seconds...
2025-10-26 22:07:09,314 - INFO - Initializing Chrome driver (attempt 3/3)...
2025-10-26 22:07:15,069 - INFO - patching driver executable C:\laragon\www\dapokalsel\sekolah\~\appdata\roaming\undetected_chromedriver\undetected_chromedriver.exe
2025-10-26 22:07:15,160 - ERROR - Attempt 3 failed: you cannot reuse the ChromeOptions object
2025-10-26 22:07:15,160 - ERROR - All attempts failed to setup driver
Traceback (most recent call last):
  File "C:\laragon\www\dapokalsel\sekolah\import_url_kabupaten.pyw", line 115, in setup_driver
    driver = uc.Chrome(
  File "C:\laragon\bin\python\python-3.10\lib\site-packages\undetected_chromedriver\__init__.py", line 269, in __init__
    raise RuntimeError("you cannot reuse the ChromeOptions object")
RuntimeError: you cannot reuse the ChromeOptions object
2025-10-26 22:07:15,161 - ERROR - Error on attempt 40: Failed to setup driver
Traceback (most recent call last):
  File "C:\laragon\www\dapokalsel\sekolah\import_url_kabupaten.pyw", line 435, in process_url_induk
    raise Exception("Failed to setup driver")
Exception: Failed to setup driver
2025-10-26 22:07:15,162 - INFO - Retry attempt 41/300...
2025-10-26 22:07:30,169 - INFO - Setting up Chrome driver...
2025-10-26 22:07:30,171 - INFO - Using profile directory: C:\Windows\Temp\chrome_scraper_profile
2025-10-26 22:07:30,172 - INFO - Initializing Chrome driver (attempt 1/3)...
2025-10-26 22:07:34,220 - INFO - patching driver executable C:\laragon\www\dapokalsel\sekolah\~\appdata\roaming\undetected_chromedriver\undetected_chromedriver.exe
2025-10-26 22:07:34,302 - ERROR - Attempt 1 failed: Binary Location Must be a String
2025-10-26 22:07:34,302 - INFO - Retrying in 5 seconds...
2025-10-26 22:07:39,310 - INFO - Initializing Chrome driver (attempt 2/3)...
2025-10-26 22:07:54,201 - ERROR - Attempt 2 failed: [WinError 183] Cannot create a file when that file already exists: 'C:\\laragon\\www\\dapokalsel\\sekolah\\~\\appdata\\roaming\\undetected_chromedriver\\undetected\\chromedriver-win32\\chromedriver.exe' -> 'C:\\laragon\\www\\dapokalsel\\sekolah\\~\\appdata\\roaming\\undetected_chromedriver\\undetected_chromedriver.exe'
2025-10-26 22:07:54,201 - INFO - Retrying in 5 seconds...
2025-10-26 22:07:59,201 - INFO - Initializing Chrome driver (attempt 3/3)...
2025-10-26 22:08:06,204 - INFO - patching driver executable C:\laragon\www\dapokalsel\sekolah\~\appdata\roaming\undetected_chromedriver\undetected_chromedriver.exe
2025-10-26 22:08:06,284 - ERROR - Attempt 3 failed: you cannot reuse the ChromeOptions object
2025-10-26 22:08:06,284 - ERROR - All attempts failed to setup driver
Traceback (most recent call last):
  File "C:\laragon\www\dapokalsel\sekolah\import_url_kabupaten.pyw", line 115, in setup_driver
    driver = uc.Chrome(
  File "C:\laragon\bin\python\python-3.10\lib\site-packages\undetected_chromedriver\__init__.py", line 269, in __init__
    raise RuntimeError("you cannot reuse the ChromeOptions object")
RuntimeError: you cannot reuse the ChromeOptions object
2025-10-26 22:08:06,284 - ERROR - Error on attempt 41: Failed to setup driver
Traceback (most recent call last):
  File "C:\laragon\www\dapokalsel\sekolah\import_url_kabupaten.pyw", line 435, in process_url_induk
    raise Exception("Failed to setup driver")
Exception: Failed to setup driver
2025-10-26 22:08:06,299 - INFO - Retry attempt 42/300...
2025-10-26 22:08:21,299 - INFO - Setting up Chrome driver...
2025-10-26 22:08:21,299 - INFO - Using profile directory: C:\Windows\Temp\chrome_scraper_profile
2025-10-26 22:08:21,299 - INFO - Initializing Chrome driver (attempt 1/3)...
2025-10-26 22:08:39,399 - ERROR - Attempt 1 failed: [WinError 183] Cannot create a file when that file already exists: 'C:\\laragon\\www\\dapokalsel\\sekolah\\~\\appdata\\roaming\\undetected_chromedriver\\undetected\\chromedriver-win32\\chromedriver.exe' -> 'C:\\laragon\\www\\dapokalsel\\sekolah\\~\\appdata\\roaming\\undetected_chromedriver\\undetected_chromedriver.exe'
2025-10-26 22:08:39,399 - INFO - Retrying in 5 seconds...
2025-10-26 22:08:44,413 - INFO - Initializing Chrome driver (attempt 2/3)...
2025-10-26 22:08:50,882 - INFO - patching driver executable C:\laragon\www\dapokalsel\sekolah\~\appdata\roaming\undetected_chromedriver\undetected_chromedriver.exe
2025-10-26 22:08:50,965 - ERROR - Attempt 2 failed: Binary Location Must be a String
2025-10-26 22:08:50,965 - INFO - Retrying in 5 seconds...
2025-10-26 22:08:55,966 - INFO - Initializing Chrome driver (attempt 3/3)...
2025-10-26 22:09:17,517 - INFO - patching driver executable C:\laragon\www\dapokalsel\sekolah\~\appdata\roaming\undetected_chromedriver\undetected_chromedriver.exe
2025-10-26 22:09:17,610 - ERROR - Attempt 3 failed: you cannot reuse the ChromeOptions object
2025-10-26 22:09:17,610 - ERROR - All attempts failed to setup driver
Traceback (most recent call last):
  File "C:\laragon\www\dapokalsel\sekolah\import_url_kabupaten.pyw", line 115, in setup_driver
    driver = uc.Chrome(
  File "C:\laragon\bin\python\python-3.10\lib\site-packages\undetected_chromedriver\__init__.py", line 269, in __init__
    raise RuntimeError("you cannot reuse the ChromeOptions object")
RuntimeError: you cannot reuse the ChromeOptions object
2025-10-26 22:09:17,626 - ERROR - Error on attempt 42: Failed to setup driver
Traceback (most recent call last):
  File "C:\laragon\www\dapokalsel\sekolah\import_url_kabupaten.pyw", line 435, in process_url_induk
    raise Exception("Failed to setup driver")
Exception: Failed to setup driver
2025-10-26 22:09:17,626 - INFO - Retry attempt 43/300...
2025-10-26 22:09:32,631 - INFO - Setting up Chrome driver...
2025-10-26 22:09:32,632 - INFO - Using profile directory: C:\Windows\Temp\chrome_scraper_profile
2025-10-26 22:09:32,633 - INFO - Initializing Chrome driver (attempt 1/3)...
2025-10-26 22:09:39,676 - INFO - patching driver executable C:\laragon\www\dapokalsel\sekolah\~\appdata\roaming\undetected_chromedriver\undetected_chromedriver.exe
2025-10-26 22:09:39,876 - ERROR - Attempt 1 failed: Binary Location Must be a String
2025-10-26 22:09:39,876 - INFO - Retrying in 5 seconds...
2025-10-26 22:09:44,877 - INFO - Initializing Chrome driver (attempt 2/3)...
2025-10-26 22:10:02,327 - ERROR - Attempt 2 failed: [WinError 183] Cannot create a file when that file already exists: 'C:\\laragon\\www\\dapokalsel\\sekolah\\~\\appdata\\roaming\\undetected_chromedriver\\undetected\\chromedriver-win32\\chromedriver.exe' -> 'C:\\laragon\\www\\dapokalsel\\sekolah\\~\\appdata\\roaming\\undetected_chromedriver\\undetected_chromedriver.exe'
2025-10-26 22:10:02,327 - INFO - Retrying in 5 seconds...
2025-10-26 22:10:07,328 - INFO - Initializing Chrome driver (attempt 3/3)...
2025-10-26 22:10:12,093 - INFO - patching driver executable C:\laragon\www\dapokalsel\sekolah\~\appdata\roaming\undetected_chromedriver\undetected_chromedriver.exe
2025-10-26 22:10:12,176 - ERROR - Attempt 3 failed: you cannot reuse the ChromeOptions object
2025-10-26 22:10:12,176 - ERROR - All attempts failed to setup driver
Traceback (most recent call last):
  File "C:\laragon\www\dapokalsel\sekolah\import_url_kabupaten.pyw", line 115, in setup_driver
    driver = uc.Chrome(
  File "C:\laragon\bin\python\python-3.10\lib\site-packages\undetected_chromedriver\__init__.py", line 269, in __init__
    raise RuntimeError("you cannot reuse the ChromeOptions object")
RuntimeError: you cannot reuse the ChromeOptions object
2025-10-26 22:10:12,176 - ERROR - Error on attempt 43: Failed to setup driver
Traceback (most recent call last):
  File "C:\laragon\www\dapokalsel\sekolah\import_url_kabupaten.pyw", line 435, in process_url_induk
    raise Exception("Failed to setup driver")
Exception: Failed to setup driver
2025-10-26 22:10:12,176 - INFO - Retry attempt 44/300...
2025-10-26 22:10:27,177 - INFO - Setting up Chrome driver...
2025-10-26 22:10:27,178 - INFO - Using profile directory: C:\Windows\Temp\chrome_scraper_profile
2025-10-26 22:10:27,179 - INFO - Initializing Chrome driver (attempt 1/3)...
2025-10-26 22:10:37,206 - ERROR - Attempt 1 failed: [WinError 183] Cannot create a file when that file already exists: 'C:\\laragon\\www\\dapokalsel\\sekolah\\~\\appdata\\roaming\\undetected_chromedriver\\undetected\\chromedriver-win32\\chromedriver.exe' -> 'C:\\laragon\\www\\dapokalsel\\sekolah\\~\\appdata\\roaming\\undetected_chromedriver\\undetected_chromedriver.exe'
2025-10-26 22:10:37,206 - INFO - Retrying in 5 seconds...
2025-10-26 22:10:42,206 - INFO - Initializing Chrome driver (attempt 2/3)...
2025-10-26 22:10:54,825 - ERROR - Attempt 2 failed: [WinError 183] Cannot create a file when that file already exists: 'C:\\laragon\\www\\dapokalsel\\sekolah\\~\\appdata\\roaming\\undetected_chromedriver\\undetected\\chromedriver-win32\\chromedriver.exe' -> 'C:\\laragon\\www\\dapokalsel\\sekolah\\~\\appdata\\roaming\\undetected_chromedriver\\undetected_chromedriver.exe'
2025-10-26 22:10:54,825 - INFO - Retrying in 5 seconds...
2025-10-26 22:10:59,825 - INFO - Initializing Chrome driver (attempt 3/3)...
2025-10-26 22:11:11,933 - ERROR - Attempt 3 failed: [WinError 183] Cannot create a file when that file already exists: 'C:\\laragon\\www\\dapokalsel\\sekolah\\~\\appdata\\roaming\\undetected_chromedriver\\undetected\\chromedriver-win32\\chromedriver.exe' -> 'C:\\laragon\\www\\dapokalsel\\sekolah\\~\\appdata\\roaming\\undetected_chromedriver\\undetected_chromedriver.exe'
2025-10-26 22:11:11,933 - ERROR - All attempts failed to setup driver
Traceback (most recent call last):
  File "C:\laragon\www\dapokalsel\sekolah\import_url_kabupaten.pyw", line 115, in setup_driver
    driver = uc.Chrome(
  File "C:\laragon\bin\python\python-3.10\lib\site-packages\undetected_chromedriver\__init__.py", line 258, in __init__
    self.patcher.auto()
  File "C:\laragon\bin\python\python-3.10\lib\site-packages\undetected_chromedriver\patcher.py", line 178, in auto
    self.unzip_package(self.fetch_package())
  File "C:\laragon\bin\python\python-3.10\lib\site-packages\undetected_chromedriver\patcher.py", line 310, in unzip_package
    os.rename(os.path.join(self.zip_path, exe_path), self.executable_path)
FileExistsError: [WinError 183] Cannot create a file when that file already exists: 'C:\\laragon\\www\\dapokalsel\\sekolah\\~\\appdata\\roaming\\undetected_chromedriver\\undetected\\chromedriver-win32\\chromedriver.exe' -> 'C:\\laragon\\www\\dapokalsel\\sekolah\\~\\appdata\\roaming\\undetected_chromedriver\\undetected_chromedriver.exe'
2025-10-26 22:11:11,934 - ERROR - Error on attempt 44: Failed to setup driver
Traceback (most recent call last):
  File "C:\laragon\www\dapokalsel\sekolah\import_url_kabupaten.pyw", line 435, in process_url_induk
    raise Exception("Failed to setup driver")
Exception: Failed to setup driver
2025-10-26 22:11:11,934 - INFO - Retry attempt 45/300...
2025-10-26 22:11:26,938 - INFO - Setting up Chrome driver...
2025-10-26 22:11:26,939 - INFO - Using profile directory: C:\Windows\Temp\chrome_scraper_profile
2025-10-26 22:11:26,939 - INFO - Initializing Chrome driver (attempt 1/3)...
2025-10-26 22:11:34,906 - INFO - patching driver executable C:\laragon\www\dapokalsel\sekolah\~\appdata\roaming\undetected_chromedriver\undetected_chromedriver.exe
2025-10-26 22:11:35,023 - ERROR - Attempt 1 failed: Binary Location Must be a String
2025-10-26 22:11:35,023 - INFO - Retrying in 5 seconds...
2025-10-26 22:11:40,024 - INFO - Initializing Chrome driver (attempt 2/3)...
2025-10-26 22:11:49,852 - ERROR - Attempt 2 failed: [WinError 183] Cannot create a file when that file already exists: 'C:\\laragon\\www\\dapokalsel\\sekolah\\~\\appdata\\roaming\\undetected_chromedriver\\undetected\\chromedriver-win32\\chromedriver.exe' -> 'C:\\laragon\\www\\dapokalsel\\sekolah\\~\\appdata\\roaming\\undetected_chromedriver\\undetected_chromedriver.exe'
2025-10-26 22:11:49,852 - INFO - Retrying in 5 seconds...
2025-10-26 22:11:54,853 - INFO - Initializing Chrome driver (attempt 3/3)...
2025-10-26 22:12:09,104 - INFO - patching driver executable C:\laragon\www\dapokalsel\sekolah\~\appdata\roaming\undetected_chromedriver\undetected_chromedriver.exe
2025-10-26 22:12:09,217 - ERROR - Attempt 3 failed: you cannot reuse the ChromeOptions object
2025-10-26 22:12:09,217 - ERROR - All attempts failed to setup driver
Traceback (most recent call last):
  File "C:\laragon\www\dapokalsel\sekolah\import_url_kabupaten.pyw", line 115, in setup_driver
    driver = uc.Chrome(
  File "C:\laragon\bin\python\python-3.10\lib\site-packages\undetected_chromedriver\__init__.py", line 269, in __init__
    raise RuntimeError("you cannot reuse the ChromeOptions object")
RuntimeError: you cannot reuse the ChromeOptions object
2025-10-26 22:12:09,217 - ERROR - Error on attempt 45: Failed to setup driver
Traceback (most recent call last):
  File "C:\laragon\www\dapokalsel\sekolah\import_url_kabupaten.pyw", line 435, in process_url_induk
    raise Exception("Failed to setup driver")
Exception: Failed to setup driver
2025-10-26 22:12:09,217 - INFO - Retry attempt 46/300...
2025-10-26 22:12:24,217 - INFO - Setting up Chrome driver...
2025-10-26 22:12:24,221 - INFO - Using profile directory: C:\Windows\Temp\chrome_scraper_profile
2025-10-26 22:12:24,221 - INFO - Initializing Chrome driver (attempt 1/3)...
2025-10-26 22:12:33,292 - INFO - patching driver executable C:\laragon\www\dapokalsel\sekolah\~\appdata\roaming\undetected_chromedriver\undetected_chromedriver.exe
2025-10-26 22:12:33,407 - ERROR - Attempt 1 failed: Binary Location Must be a String
2025-10-26 22:12:33,407 - INFO - Retrying in 5 seconds...
2025-10-26 22:12:38,417 - INFO - Initializing Chrome driver (attempt 2/3)...
2025-10-26 22:12:46,693 - ERROR - Attempt 2 failed: [WinError 183] Cannot create a file when that file already exists: 'C:\\laragon\\www\\dapokalsel\\sekolah\\~\\appdata\\roaming\\undetected_chromedriver\\undetected\\chromedriver-win32\\chromedriver.exe' -> 'C:\\laragon\\www\\dapokalsel\\sekolah\\~\\appdata\\roaming\\undetected_chromedriver\\undetected_chromedriver.exe'
2025-10-26 22:12:46,694 - INFO - Retrying in 5 seconds...
2025-10-26 22:12:51,695 - INFO - Initializing Chrome driver (attempt 3/3)...
2025-10-26 22:12:58,419 - INFO - patching driver executable C:\laragon\www\dapokalsel\sekolah\~\appdata\roaming\undetected_chromedriver\undetected_chromedriver.exe
2025-10-26 22:12:58,518 - ERROR - Attempt 3 failed: you cannot reuse the ChromeOptions object
2025-10-26 22:12:58,518 - ERROR - All attempts failed to setup driver
Traceback (most recent call last):
  File "C:\laragon\www\dapokalsel\sekolah\import_url_kabupaten.pyw", line 115, in setup_driver
    driver = uc.Chrome(
  File "C:\laragon\bin\python\python-3.10\lib\site-packages\undetected_chromedriver\__init__.py", line 269, in __init__
    raise RuntimeError("you cannot reuse the ChromeOptions object")
RuntimeError: you cannot reuse the ChromeOptions object
2025-10-26 22:12:58,518 - ERROR - Error on attempt 46: Failed to setup driver
Traceback (most recent call last):
  File "C:\laragon\www\dapokalsel\sekolah\import_url_kabupaten.pyw", line 435, in process_url_induk
    raise Exception("Failed to setup driver")
Exception: Failed to setup driver
2025-10-26 22:12:58,518 - INFO - Retry attempt 47/300...
2025-10-26 22:13:13,532 - INFO - Setting up Chrome driver...
2025-10-26 22:13:13,532 - INFO - Using profile directory: C:\Windows\Temp\chrome_scraper_profile
2025-10-26 22:13:13,532 - INFO - Initializing Chrome driver (attempt 1/3)...
2025-10-26 22:13:23,150 - ERROR - Attempt 1 failed: [WinError 183] Cannot create a file when that file already exists: 'C:\\laragon\\www\\dapokalsel\\sekolah\\~\\appdata\\roaming\\undetected_chromedriver\\undetected\\chromedriver-win32\\chromedriver.exe' -> 'C:\\laragon\\www\\dapokalsel\\sekolah\\~\\appdata\\roaming\\undetected_chromedriver\\undetected_chromedriver.exe'
2025-10-26 22:13:23,150 - INFO - Retrying in 5 seconds...
2025-10-26 22:13:28,152 - INFO - Initializing Chrome driver (attempt 2/3)...
2025-10-26 22:13:35,261 - ERROR - Attempt 2 failed: [WinError 32] The process cannot access the file because it is being used by another process: 'C:\\laragon\\www\\dapokalsel\\sekolah\\~\\appdata\\roaming\\undetected_chromedriver\\undetected\\chromedriver-win32\\chromedriver.exe' -> 'C:\\laragon\\www\\dapokalsel\\sekolah\\~\\appdata\\roaming\\undetected_chromedriver\\undetected_chromedriver.exe'
2025-10-26 22:13:35,261 - INFO - Retrying in 5 seconds...
2025-10-26 22:13:40,265 - INFO - Initializing Chrome driver (attempt 3/3)...
2025-10-26 22:13:46,820 - ERROR - Attempt 3 failed: [WinError 183] Cannot create a file when that file already exists: 'C:\\laragon\\www\\dapokalsel\\sekolah\\~\\appdata\\roaming\\undetected_chromedriver\\undetected\\chromedriver-win32\\chromedriver.exe' -> 'C:\\laragon\\www\\dapokalsel\\sekolah\\~\\appdata\\roaming\\undetected_chromedriver\\undetected_chromedriver.exe'
2025-10-26 22:13:46,820 - ERROR - All attempts failed to setup driver
Traceback (most recent call last):
  File "C:\laragon\www\dapokalsel\sekolah\import_url_kabupaten.pyw", line 115, in setup_driver
    driver = uc.Chrome(
  File "C:\laragon\bin\python\python-3.10\lib\site-packages\undetected_chromedriver\__init__.py", line 258, in __init__
    self.patcher.auto()
  File "C:\laragon\bin\python\python-3.10\lib\site-packages\undetected_chromedriver\patcher.py", line 178, in auto
    self.unzip_package(self.fetch_package())
  File "C:\laragon\bin\python\python-3.10\lib\site-packages\undetected_chromedriver\patcher.py", line 310, in unzip_package
    os.rename(os.path.join(self.zip_path, exe_path), self.executable_path)
FileExistsError: [WinError 183] Cannot create a file when that file already exists: 'C:\\laragon\\www\\dapokalsel\\sekolah\\~\\appdata\\roaming\\undetected_chromedriver\\undetected\\chromedriver-win32\\chromedriver.exe' -> 'C:\\laragon\\www\\dapokalsel\\sekolah\\~\\appdata\\roaming\\undetected_chromedriver\\undetected_chromedriver.exe'
2025-10-26 22:13:46,821 - ERROR - Error on attempt 47: Failed to setup driver
Traceback (most recent call last):
  File "C:\laragon\www\dapokalsel\sekolah\import_url_kabupaten.pyw", line 435, in process_url_induk
    raise Exception("Failed to setup driver")
Exception: Failed to setup driver
2025-10-26 22:13:46,821 - INFO - Retry attempt 48/300...
2025-10-26 22:14:01,834 - INFO - Setting up Chrome driver...
2025-10-26 22:14:01,835 - INFO - Using profile directory: C:\Windows\Temp\chrome_scraper_profile
2025-10-26 22:14:01,835 - INFO - Initializing Chrome driver (attempt 1/3)...
2025-10-26 22:14:14,513 - ERROR - Attempt 1 failed: [WinError 32] The process cannot access the file because it is being used by another process: 'C:\\laragon\\www\\dapokalsel\\sekolah\\~\\appdata\\roaming\\undetected_chromedriver\\undetected\\chromedriver-win32\\chromedriver.exe' -> 'C:\\laragon\\www\\dapokalsel\\sekolah\\~\\appdata\\roaming\\undetected_chromedriver\\undetected_chromedriver.exe'
2025-10-26 22:14:14,513 - INFO - Retrying in 5 seconds...
2025-10-26 22:14:19,517 - INFO - Initializing Chrome driver (attempt 2/3)...
2025-10-26 22:14:31,624 - ERROR - Attempt 2 failed: [WinError 183] Cannot create a file when that file already exists: 'C:\\laragon\\www\\dapokalsel\\sekolah\\~\\appdata\\roaming\\undetected_chromedriver\\undetected\\chromedriver-win32\\chromedriver.exe' -> 'C:\\laragon\\www\\dapokalsel\\sekolah\\~\\appdata\\roaming\\undetected_chromedriver\\undetected_chromedriver.exe'
2025-10-26 22:14:31,625 - INFO - Retrying in 5 seconds...
2025-10-26 22:14:36,630 - INFO - Initializing Chrome driver (attempt 3/3)...
2025-10-26 22:14:44,729 - ERROR - Attempt 3 failed: [WinError 183] Cannot create a file when that file already exists: 'C:\\laragon\\www\\dapokalsel\\sekolah\\~\\appdata\\roaming\\undetected_chromedriver\\undetected\\chromedriver-win32\\chromedriver.exe' -> 'C:\\laragon\\www\\dapokalsel\\sekolah\\~\\appdata\\roaming\\undetected_chromedriver\\undetected_chromedriver.exe'
2025-10-26 22:14:44,729 - ERROR - All attempts failed to setup driver
Traceback (most recent call last):
  File "C:\laragon\www\dapokalsel\sekolah\import_url_kabupaten.pyw", line 115, in setup_driver
    driver = uc.Chrome(
  File "C:\laragon\bin\python\python-3.10\lib\site-packages\undetected_chromedriver\__init__.py", line 258, in __init__
    self.patcher.auto()
  File "C:\laragon\bin\python\python-3.10\lib\site-packages\undetected_chromedriver\patcher.py", line 178, in auto
    self.unzip_package(self.fetch_package())
  File "C:\laragon\bin\python\python-3.10\lib\site-packages\undetected_chromedriver\patcher.py", line 310, in unzip_package
    os.rename(os.path.join(self.zip_path, exe_path), self.executable_path)
FileExistsError: [WinError 183] Cannot create a file when that file already exists: 'C:\\laragon\\www\\dapokalsel\\sekolah\\~\\appdata\\roaming\\undetected_chromedriver\\undetected\\chromedriver-win32\\chromedriver.exe' -> 'C:\\laragon\\www\\dapokalsel\\sekolah\\~\\appdata\\roaming\\undetected_chromedriver\\undetected_chromedriver.exe'
2025-10-26 22:14:44,729 - ERROR - Error on attempt 48: Failed to setup driver
Traceback (most recent call last):
  File "C:\laragon\www\dapokalsel\sekolah\import_url_kabupaten.pyw", line 435, in process_url_induk
    raise Exception("Failed to setup driver")
Exception: Failed to setup driver
2025-10-26 22:14:44,729 - INFO - Retry attempt 49/300...
2025-10-26 22:14:59,735 - INFO - Setting up Chrome driver...
2025-10-26 22:14:59,735 - INFO - Using profile directory: C:\Windows\Temp\chrome_scraper_profile
2025-10-26 22:14:59,735 - INFO - Initializing Chrome driver (attempt 1/3)...
2025-10-26 22:15:04,411 - INFO - patching driver executable C:\laragon\www\dapokalsel\sekolah\~\appdata\roaming\undetected_chromedriver\undetected_chromedriver.exe
2025-10-26 22:15:04,501 - ERROR - Attempt 1 failed: Binary Location Must be a String
2025-10-26 22:15:04,508 - INFO - Retrying in 5 seconds...
2025-10-26 22:15:09,509 - INFO - Initializing Chrome driver (attempt 2/3)...
2025-10-26 22:15:20,260 - ERROR - Attempt 2 failed: [WinError 183] Cannot create a file when that file already exists: 'C:\\laragon\\www\\dapokalsel\\sekolah\\~\\appdata\\roaming\\undetected_chromedriver\\undetected\\chromedriver-win32\\chromedriver.exe' -> 'C:\\laragon\\www\\dapokalsel\\sekolah\\~\\appdata\\roaming\\undetected_chromedriver\\undetected_chromedriver.exe'
2025-10-26 22:15:20,260 - INFO - Retrying in 5 seconds...
2025-10-26 22:15:25,269 - INFO - Initializing Chrome driver (attempt 3/3)...
2025-10-26 22:15:29,906 - INFO - patching driver executable C:\laragon\www\dapokalsel\sekolah\~\appdata\roaming\undetected_chromedriver\undetected_chromedriver.exe
2025-10-26 22:15:29,993 - ERROR - Attempt 3 failed: you cannot reuse the ChromeOptions object
2025-10-26 22:15:29,993 - ERROR - All attempts failed to setup driver
Traceback (most recent call last):
  File "C:\laragon\www\dapokalsel\sekolah\import_url_kabupaten.pyw", line 115, in setup_driver
    driver = uc.Chrome(
  File "C:\laragon\bin\python\python-3.10\lib\site-packages\undetected_chromedriver\__init__.py", line 269, in __init__
    raise RuntimeError("you cannot reuse the ChromeOptions object")
RuntimeError: you cannot reuse the ChromeOptions object
2025-10-26 22:15:29,993 - ERROR - Error on attempt 49: Failed to setup driver
Traceback (most recent call last):
  File "C:\laragon\www\dapokalsel\sekolah\import_url_kabupaten.pyw", line 435, in process_url_induk
    raise Exception("Failed to setup driver")
Exception: Failed to setup driver
2025-10-26 22:15:29,993 - INFO - Retry attempt 50/300...
2025-10-26 22:15:44,993 - INFO - Setting up Chrome driver...
2025-10-26 22:15:44,994 - INFO - Using profile directory: C:\Windows\Temp\chrome_scraper_profile
2025-10-26 22:15:44,994 - INFO - Initializing Chrome driver (attempt 1/3)...
2025-10-26 22:15:53,169 - ERROR - Attempt 1 failed: [WinError 183] Cannot create a file when that file already exists: 'C:\\laragon\\www\\dapokalsel\\sekolah\\~\\appdata\\roaming\\undetected_chromedriver\\undetected\\chromedriver-win32\\chromedriver.exe' -> 'C:\\laragon\\www\\dapokalsel\\sekolah\\~\\appdata\\roaming\\undetected_chromedriver\\undetected_chromedriver.exe'
2025-10-26 22:15:53,170 - INFO - Retrying in 5 seconds...
2025-10-26 22:15:58,176 - INFO - Initializing Chrome driver (attempt 2/3)...
2025-10-26 22:16:12,340 - ERROR - Attempt 2 failed: [WinError 183] Cannot create a file when that file already exists: 'C:\\laragon\\www\\dapokalsel\\sekolah\\~\\appdata\\roaming\\undetected_chromedriver\\undetected\\chromedriver-win32\\chromedriver.exe' -> 'C:\\laragon\\www\\dapokalsel\\sekolah\\~\\appdata\\roaming\\undetected_chromedriver\\undetected_chromedriver.exe'
2025-10-26 22:16:12,340 - INFO - Retrying in 5 seconds...
2025-10-26 22:16:17,345 - INFO - Initializing Chrome driver (attempt 3/3)...
2025-10-26 22:16:27,800 - INFO - patching driver executable C:\laragon\www\dapokalsel\sekolah\~\appdata\roaming\undetected_chromedriver\undetected_chromedriver.exe
2025-10-26 22:16:27,884 - ERROR - Attempt 3 failed: Binary Location Must be a String
2025-10-26 22:16:27,884 - ERROR - All attempts failed to setup driver
Traceback (most recent call last):
  File "C:\laragon\www\dapokalsel\sekolah\import_url_kabupaten.pyw", line 115, in setup_driver
    driver = uc.Chrome(
  File "C:\laragon\bin\python\python-3.10\lib\site-packages\undetected_chromedriver\__init__.py", line 372, in __init__
    options.binary_location = (
  File "C:\laragon\bin\python\python-3.10\lib\site-packages\selenium\webdriver\chromium\options.py", line 52, in binary_location
    raise TypeError(self.BINARY_LOCATION_ERROR)
TypeError: Binary Location Must be a String
2025-10-26 22:16:27,884 - ERROR - Error on attempt 50: Failed to setup driver
Traceback (most recent call last):
  File "C:\laragon\www\dapokalsel\sekolah\import_url_kabupaten.pyw", line 435, in process_url_induk
    raise Exception("Failed to setup driver")
Exception: Failed to setup driver
2025-10-26 22:16:27,884 - INFO - Retry attempt 51/300...
2025-10-26 22:16:42,884 - INFO - Setting up Chrome driver...
2025-10-26 22:16:42,884 - INFO - Using profile directory: C:\Windows\Temp\chrome_scraper_profile
2025-10-26 22:16:42,884 - INFO - Initializing Chrome driver (attempt 1/3)...
2025-10-26 22:16:48,121 - INFO - patching driver executable C:\laragon\www\dapokalsel\sekolah\~\appdata\roaming\undetected_chromedriver\undetected_chromedriver.exe
2025-10-26 22:16:48,206 - ERROR - Attempt 1 failed: Binary Location Must be a String
2025-10-26 22:16:48,206 - INFO - Retrying in 5 seconds...
2025-10-26 22:16:53,207 - INFO - Initializing Chrome driver (attempt 2/3)...
2025-10-26 22:17:02,504 - INFO - patching driver executable C:\laragon\www\dapokalsel\sekolah\~\appdata\roaming\undetected_chromedriver\undetected_chromedriver.exe
2025-10-26 22:17:02,595 - ERROR - Attempt 2 failed: you cannot reuse the ChromeOptions object
2025-10-26 22:17:02,595 - INFO - Retrying in 5 seconds...
2025-10-26 22:17:07,611 - INFO - Initializing Chrome driver (attempt 3/3)...
2025-10-26 22:17:11,423 - INFO - patching driver executable C:\laragon\www\dapokalsel\sekolah\~\appdata\roaming\undetected_chromedriver\undetected_chromedriver.exe
2025-10-26 22:17:11,513 - ERROR - Attempt 3 failed: you cannot reuse the ChromeOptions object
2025-10-26 22:17:11,513 - ERROR - All attempts failed to setup driver
Traceback (most recent call last):
  File "C:\laragon\www\dapokalsel\sekolah\import_url_kabupaten.pyw", line 115, in setup_driver
    driver = uc.Chrome(
  File "C:\laragon\bin\python\python-3.10\lib\site-packages\undetected_chromedriver\__init__.py", line 269, in __init__
    raise RuntimeError("you cannot reuse the ChromeOptions object")
RuntimeError: you cannot reuse the ChromeOptions object
2025-10-26 22:17:11,514 - ERROR - Error on attempt 51: Failed to setup driver
Traceback (most recent call last):
  File "C:\laragon\www\dapokalsel\sekolah\import_url_kabupaten.pyw", line 435, in process_url_induk
    raise Exception("Failed to setup driver")
Exception: Failed to setup driver
2025-10-26 22:17:11,515 - INFO - Retry attempt 52/300...
2025-10-26 22:17:26,517 - INFO - Setting up Chrome driver...
2025-10-26 22:17:26,520 - INFO - Using profile directory: C:\Windows\Temp\chrome_scraper_profile
2025-10-26 22:17:26,522 - INFO - Initializing Chrome driver (attempt 1/3)...
2025-10-26 22:17:33,681 - ERROR - Attempt 1 failed: [WinError 2] The system cannot find the file specified: 'C:\\laragon\\www\\dapokalsel\\sekolah\\~\\appdata\\roaming\\undetected_chromedriver\\undetected_chromedriver.exe'
2025-10-26 22:17:33,682 - INFO - Retrying in 5 seconds...
2025-10-26 22:17:38,683 - INFO - Initializing Chrome driver (attempt 2/3)...
2025-10-26 22:17:53,498 - ERROR - Attempt 2 failed: [WinError 183] Cannot create a file when that file already exists: 'C:\\laragon\\www\\dapokalsel\\sekolah\\~\\appdata\\roaming\\undetected_chromedriver\\undetected\\chromedriver-win32\\chromedriver.exe' -> 'C:\\laragon\\www\\dapokalsel\\sekolah\\~\\appdata\\roaming\\undetected_chromedriver\\undetected_chromedriver.exe'
2025-10-26 22:17:53,498 - INFO - Retrying in 5 seconds...
2025-10-26 22:17:58,498 - INFO - Initializing Chrome driver (attempt 3/3)...
2025-10-26 22:18:04,017 - INFO - patching driver executable C:\laragon\www\dapokalsel\sekolah\~\appdata\roaming\undetected_chromedriver\undetected_chromedriver.exe
2025-10-26 22:18:04,101 - ERROR - Attempt 3 failed: Binary Location Must be a String
2025-10-26 22:18:04,101 - ERROR - All attempts failed to setup driver
Traceback (most recent call last):
  File "C:\laragon\www\dapokalsel\sekolah\import_url_kabupaten.pyw", line 115, in setup_driver
    driver = uc.Chrome(
  File "C:\laragon\bin\python\python-3.10\lib\site-packages\undetected_chromedriver\__init__.py", line 372, in __init__
    options.binary_location = (
  File "C:\laragon\bin\python\python-3.10\lib\site-packages\selenium\webdriver\chromium\options.py", line 52, in binary_location
    raise TypeError(self.BINARY_LOCATION_ERROR)
TypeError: Binary Location Must be a String
2025-10-26 22:18:04,101 - ERROR - Error on attempt 52: Failed to setup driver
Traceback (most recent call last):
  File "C:\laragon\www\dapokalsel\sekolah\import_url_kabupaten.pyw", line 435, in process_url_induk
    raise Exception("Failed to setup driver")
Exception: Failed to setup driver
2025-10-26 22:18:04,101 - INFO - Retry attempt 53/300...
2025-10-26 22:18:19,102 - INFO - Setting up Chrome driver...
2025-10-26 22:18:19,103 - INFO - Using profile directory: C:\Windows\Temp\chrome_scraper_profile
2025-10-26 22:18:19,105 - INFO - Initializing Chrome driver (attempt 1/3)...
2025-10-26 22:18:23,797 - INFO - patching driver executable C:\laragon\www\dapokalsel\sekolah\~\appdata\roaming\undetected_chromedriver\undetected_chromedriver.exe
2025-10-26 22:18:23,899 - ERROR - Attempt 1 failed: Binary Location Must be a String
2025-10-26 22:18:23,899 - INFO - Retrying in 5 seconds...
2025-10-26 22:18:28,899 - INFO - Initializing Chrome driver (attempt 2/3)...
2025-10-26 22:18:43,720 - ERROR - Attempt 2 failed: [WinError 183] Cannot create a file when that file already exists: 'C:\\laragon\\www\\dapokalsel\\sekolah\\~\\appdata\\roaming\\undetected_chromedriver\\undetected\\chromedriver-win32\\chromedriver.exe' -> 'C:\\laragon\\www\\dapokalsel\\sekolah\\~\\appdata\\roaming\\undetected_chromedriver\\undetected_chromedriver.exe'
2025-10-26 22:18:43,720 - INFO - Retrying in 5 seconds...
2025-10-26 22:18:48,732 - INFO - Initializing Chrome driver (attempt 3/3)...
2025-10-26 22:18:53,391 - INFO - patching driver executable C:\laragon\www\dapokalsel\sekolah\~\appdata\roaming\undetected_chromedriver\undetected_chromedriver.exe
2025-10-26 22:18:53,486 - ERROR - Attempt 3 failed: you cannot reuse the ChromeOptions object
2025-10-26 22:18:53,486 - ERROR - All attempts failed to setup driver
Traceback (most recent call last):
  File "C:\laragon\www\dapokalsel\sekolah\import_url_kabupaten.pyw", line 115, in setup_driver
    driver = uc.Chrome(
  File "C:\laragon\bin\python\python-3.10\lib\site-packages\undetected_chromedriver\__init__.py", line 269, in __init__
    raise RuntimeError("you cannot reuse the ChromeOptions object")
RuntimeError: you cannot reuse the ChromeOptions object
2025-10-26 22:18:53,486 - ERROR - Error on attempt 53: Failed to setup driver
Traceback (most recent call last):
  File "C:\laragon\www\dapokalsel\sekolah\import_url_kabupaten.pyw", line 435, in process_url_induk
    raise Exception("Failed to setup driver")
Exception: Failed to setup driver
2025-10-26 22:18:53,486 - INFO - Retry attempt 54/300...
2025-10-26 22:19:08,495 - INFO - Setting up Chrome driver...
2025-10-26 22:19:08,498 - INFO - Using profile directory: C:\Windows\Temp\chrome_scraper_profile
2025-10-26 22:19:08,499 - INFO - Initializing Chrome driver (attempt 1/3)...
2025-10-26 22:19:16,313 - INFO - patching driver executable C:\laragon\www\dapokalsel\sekolah\~\appdata\roaming\undetected_chromedriver\undetected_chromedriver.exe
2025-10-26 22:19:16,447 - ERROR - Attempt 1 failed: Binary Location Must be a String
2025-10-26 22:19:16,447 - INFO - Retrying in 5 seconds...
2025-10-26 22:19:21,458 - INFO - Initializing Chrome driver (attempt 2/3)...
2025-10-26 22:19:29,908 - INFO - patching driver executable C:\laragon\www\dapokalsel\sekolah\~\appdata\roaming\undetected_chromedriver\undetected_chromedriver.exe
2025-10-26 22:19:30,017 - ERROR - Attempt 2 failed: you cannot reuse the ChromeOptions object
2025-10-26 22:19:30,033 - INFO - Retrying in 5 seconds...
2025-10-26 22:19:35,033 - INFO - Initializing Chrome driver (attempt 3/3)...
2025-10-26 22:19:46,154 - INFO - patching driver executable C:\laragon\www\dapokalsel\sekolah\~\appdata\roaming\undetected_chromedriver\undetected_chromedriver.exe
2025-10-26 22:19:46,230 - ERROR - Attempt 3 failed: you cannot reuse the ChromeOptions object
2025-10-26 22:19:46,230 - ERROR - All attempts failed to setup driver
Traceback (most recent call last):
  File "C:\laragon\www\dapokalsel\sekolah\import_url_kabupaten.pyw", line 115, in setup_driver
    driver = uc.Chrome(
  File "C:\laragon\bin\python\python-3.10\lib\site-packages\undetected_chromedriver\__init__.py", line 269, in __init__
    raise RuntimeError("you cannot reuse the ChromeOptions object")
RuntimeError: you cannot reuse the ChromeOptions object
2025-10-26 22:19:46,230 - ERROR - Error on attempt 54: Failed to setup driver
Traceback (most recent call last):
  File "C:\laragon\www\dapokalsel\sekolah\import_url_kabupaten.pyw", line 435, in process_url_induk
    raise Exception("Failed to setup driver")
Exception: Failed to setup driver
2025-10-26 22:19:46,230 - INFO - Retry attempt 55/300...
2025-10-26 22:20:01,239 - INFO - Setting up Chrome driver...
2025-10-26 22:20:01,239 - INFO - Using profile directory: C:\Windows\Temp\chrome_scraper_profile
2025-10-26 22:20:01,239 - INFO - Initializing Chrome driver (attempt 1/3)...
2025-10-26 22:20:06,861 - INFO - patching driver executable C:\laragon\www\dapokalsel\sekolah\~\appdata\roaming\undetected_chromedriver\undetected_chromedriver.exe
2025-10-26 22:20:06,955 - ERROR - Attempt 1 failed: Binary Location Must be a String
2025-10-26 22:20:06,955 - INFO - Retrying in 5 seconds...
2025-10-26 22:20:11,960 - INFO - Initializing Chrome driver (attempt 2/3)...
2025-10-26 22:20:20,195 - INFO - patching driver executable C:\laragon\www\dapokalsel\sekolah\~\appdata\roaming\undetected_chromedriver\undetected_chromedriver.exe
2025-10-26 22:20:20,286 - ERROR - Attempt 2 failed: you cannot reuse the ChromeOptions object
2025-10-26 22:20:20,286 - INFO - Retrying in 5 seconds...
2025-10-26 22:20:25,288 - INFO - Initializing Chrome driver (attempt 3/3)...
2025-10-26 22:20:33,485 - ERROR - Attempt 3 failed: [WinError 183] Cannot create a file when that file already exists: 'C:\\laragon\\www\\dapokalsel\\sekolah\\~\\appdata\\roaming\\undetected_chromedriver\\undetected\\chromedriver-win32\\chromedriver.exe' -> 'C:\\laragon\\www\\dapokalsel\\sekolah\\~\\appdata\\roaming\\undetected_chromedriver\\undetected_chromedriver.exe'
2025-10-26 22:20:33,485 - ERROR - All attempts failed to setup driver
Traceback (most recent call last):
  File "C:\laragon\www\dapokalsel\sekolah\import_url_kabupaten.pyw", line 115, in setup_driver
    driver = uc.Chrome(
  File "C:\laragon\bin\python\python-3.10\lib\site-packages\undetected_chromedriver\__init__.py", line 258, in __init__
    self.patcher.auto()
  File "C:\laragon\bin\python\python-3.10\lib\site-packages\undetected_chromedriver\patcher.py", line 178, in auto
    self.unzip_package(self.fetch_package())
  File "C:\laragon\bin\python\python-3.10\lib\site-packages\undetected_chromedriver\patcher.py", line 310, in unzip_package
    os.rename(os.path.join(self.zip_path, exe_path), self.executable_path)
FileExistsError: [WinError 183] Cannot create a file when that file already exists: 'C:\\laragon\\www\\dapokalsel\\sekolah\\~\\appdata\\roaming\\undetected_chromedriver\\undetected\\chromedriver-win32\\chromedriver.exe' -> 'C:\\laragon\\www\\dapokalsel\\sekolah\\~\\appdata\\roaming\\undetected_chromedriver\\undetected_chromedriver.exe'
2025-10-26 22:20:33,485 - ERROR - Error on attempt 55: Failed to setup driver
Traceback (most recent call last):
  File "C:\laragon\www\dapokalsel\sekolah\import_url_kabupaten.pyw", line 435, in process_url_induk
    raise Exception("Failed to setup driver")
Exception: Failed to setup driver
2025-10-26 22:20:33,485 - INFO - Retry attempt 56/300...
2025-10-26 22:20:48,489 - INFO - Setting up Chrome driver...
2025-10-26 22:20:48,491 - INFO - Using profile directory: C:\Windows\Temp\chrome_scraper_profile
2025-10-26 22:20:48,493 - INFO - Initializing Chrome driver (attempt 1/3)...
2025-10-26 22:20:55,205 - INFO - patching driver executable C:\laragon\www\dapokalsel\sekolah\~\appdata\roaming\undetected_chromedriver\undetected_chromedriver.exe
2025-10-26 22:20:55,355 - ERROR - Attempt 1 failed: Binary Location Must be a String
2025-10-26 22:20:55,356 - INFO - Retrying in 5 seconds...
2025-10-26 22:21:00,357 - INFO - Initializing Chrome driver (attempt 2/3)...
2025-10-26 22:21:11,005 - INFO - patching driver executable C:\laragon\www\dapokalsel\sekolah\~\appdata\roaming\undetected_chromedriver\undetected_chromedriver.exe
2025-10-26 22:21:11,074 - ERROR - Attempt 2 failed: you cannot reuse the ChromeOptions object
2025-10-26 22:21:11,074 - INFO - Retrying in 5 seconds...
2025-10-26 22:21:16,089 - INFO - Initializing Chrome driver (attempt 3/3)...
2025-10-26 22:21:21,894 - INFO - patching driver executable C:\laragon\www\dapokalsel\sekolah\~\appdata\roaming\undetected_chromedriver\undetected_chromedriver.exe
2025-10-26 22:21:21,992 - ERROR - Attempt 3 failed: you cannot reuse the ChromeOptions object
2025-10-26 22:21:21,992 - ERROR - All attempts failed to setup driver
Traceback (most recent call last):
  File "C:\laragon\www\dapokalsel\sekolah\import_url_kabupaten.pyw", line 115, in setup_driver
    driver = uc.Chrome(
  File "C:\laragon\bin\python\python-3.10\lib\site-packages\undetected_chromedriver\__init__.py", line 269, in __init__
    raise RuntimeError("you cannot reuse the ChromeOptions object")
RuntimeError: you cannot reuse the ChromeOptions object
2025-10-26 22:21:21,993 - ERROR - Error on attempt 56: Failed to setup driver
Traceback (most recent call last):
  File "C:\laragon\www\dapokalsel\sekolah\import_url_kabupaten.pyw", line 435, in process_url_induk
    raise Exception("Failed to setup driver")
Exception: Failed to setup driver
2025-10-26 22:21:21,993 - INFO - Retry attempt 57/300...
2025-10-26 22:21:37,004 - INFO - Setting up Chrome driver...
2025-10-26 22:21:37,005 - INFO - Using profile directory: C:\Windows\Temp\chrome_scraper_profile
2025-10-26 22:21:37,005 - INFO - Initializing Chrome driver (attempt 1/3)...
2025-10-26 22:21:47,535 - INFO - patching driver executable C:\laragon\www\dapokalsel\sekolah\~\appdata\roaming\undetected_chromedriver\undetected_chromedriver.exe
2025-10-26 22:21:47,629 - ERROR - Attempt 1 failed: Binary Location Must be a String
2025-10-26 22:21:47,629 - INFO - Retrying in 5 seconds...
2025-10-26 22:21:52,652 - INFO - Initializing Chrome driver (attempt 2/3)...
2025-10-26 22:22:00,110 - ERROR - Attempt 2 failed: [WinError 183] Cannot create a file when that file already exists: 'C:\\laragon\\www\\dapokalsel\\sekolah\\~\\appdata\\roaming\\undetected_chromedriver\\undetected\\chromedriver-win32\\chromedriver.exe' -> 'C:\\laragon\\www\\dapokalsel\\sekolah\\~\\appdata\\roaming\\undetected_chromedriver\\undetected_chromedriver.exe'
2025-10-26 22:22:00,110 - INFO - Retrying in 5 seconds...
2025-10-26 22:22:05,119 - INFO - Initializing Chrome driver (attempt 3/3)...
2025-10-26 22:22:16,871 - ERROR - Attempt 3 failed: [WinError 183] Cannot create a file when that file already exists: 'C:\\laragon\\www\\dapokalsel\\sekolah\\~\\appdata\\roaming\\undetected_chromedriver\\undetected\\chromedriver-win32\\chromedriver.exe' -> 'C:\\laragon\\www\\dapokalsel\\sekolah\\~\\appdata\\roaming\\undetected_chromedriver\\undetected_chromedriver.exe'
2025-10-26 22:22:16,871 - ERROR - All attempts failed to setup driver
Traceback (most recent call last):
  File "C:\laragon\www\dapokalsel\sekolah\import_url_kabupaten.pyw", line 115, in setup_driver
    driver = uc.Chrome(
  File "C:\laragon\bin\python\python-3.10\lib\site-packages\undetected_chromedriver\__init__.py", line 258, in __init__
    self.patcher.auto()
  File "C:\laragon\bin\python\python-3.10\lib\site-packages\undetected_chromedriver\patcher.py", line 178, in auto
    self.unzip_package(self.fetch_package())
  File "C:\laragon\bin\python\python-3.10\lib\site-packages\undetected_chromedriver\patcher.py", line 310, in unzip_package
    os.rename(os.path.join(self.zip_path, exe_path), self.executable_path)
FileExistsError: [WinError 183] Cannot create a file when that file already exists: 'C:\\laragon\\www\\dapokalsel\\sekolah\\~\\appdata\\roaming\\undetected_chromedriver\\undetected\\chromedriver-win32\\chromedriver.exe' -> 'C:\\laragon\\www\\dapokalsel\\sekolah\\~\\appdata\\roaming\\undetected_chromedriver\\undetected_chromedriver.exe'
2025-10-26 22:22:16,871 - ERROR - Error on attempt 57: Failed to setup driver
Traceback (most recent call last):
  File "C:\laragon\www\dapokalsel\sekolah\import_url_kabupaten.pyw", line 435, in process_url_induk
    raise Exception("Failed to setup driver")
Exception: Failed to setup driver
2025-10-26 22:22:16,871 - INFO - Retry attempt 58/300...
2025-10-26 22:22:31,876 - INFO - Setting up Chrome driver...
2025-10-26 22:22:31,876 - INFO - Using profile directory: C:\Windows\Temp\chrome_scraper_profile
2025-10-26 22:22:31,876 - INFO - Initializing Chrome driver (attempt 1/3)...
2025-10-26 22:22:46,558 - ERROR - Attempt 1 failed: [WinError 183] Cannot create a file when that file already exists: 'C:\\laragon\\www\\dapokalsel\\sekolah\\~\\appdata\\roaming\\undetected_chromedriver\\undetected\\chromedriver-win32\\chromedriver.exe' -> 'C:\\laragon\\www\\dapokalsel\\sekolah\\~\\appdata\\roaming\\undetected_chromedriver\\undetected_chromedriver.exe'
2025-10-26 22:22:46,558 - INFO - Retrying in 5 seconds...
2025-10-26 22:22:51,563 - INFO - Initializing Chrome driver (attempt 2/3)...
2025-10-26 22:22:59,151 - INFO - patching driver executable C:\laragon\www\dapokalsel\sekolah\~\appdata\roaming\undetected_chromedriver\undetected_chromedriver.exe
2025-10-26 22:22:59,251 - ERROR - Attempt 2 failed: Binary Location Must be a String
2025-10-26 22:22:59,251 - INFO - Retrying in 5 seconds...
2025-10-26 22:23:04,252 - INFO - Initializing Chrome driver (attempt 3/3)...
2025-10-26 22:23:15,610 - INFO - patching driver executable C:\laragon\www\dapokalsel\sekolah\~\appdata\roaming\undetected_chromedriver\undetected_chromedriver.exe
2025-10-26 22:23:15,720 - ERROR - Attempt 3 failed: you cannot reuse the ChromeOptions object
2025-10-26 22:23:15,720 - ERROR - All attempts failed to setup driver
Traceback (most recent call last):
  File "C:\laragon\www\dapokalsel\sekolah\import_url_kabupaten.pyw", line 115, in setup_driver
    driver = uc.Chrome(
  File "C:\laragon\bin\python\python-3.10\lib\site-packages\undetected_chromedriver\__init__.py", line 269, in __init__
    raise RuntimeError("you cannot reuse the ChromeOptions object")
RuntimeError: you cannot reuse the ChromeOptions object
2025-10-26 22:23:15,720 - ERROR - Error on attempt 58: Failed to setup driver
Traceback (most recent call last):
  File "C:\laragon\www\dapokalsel\sekolah\import_url_kabupaten.pyw", line 435, in process_url_induk
    raise Exception("Failed to setup driver")
Exception: Failed to setup driver
2025-10-26 22:23:15,720 - INFO - Retry attempt 59/300...
2025-10-26 22:23:30,730 - INFO - Setting up Chrome driver...
2025-10-26 22:23:30,731 - INFO - Using profile directory: C:\Windows\Temp\chrome_scraper_profile
2025-10-26 22:23:30,732 - INFO - Initializing Chrome driver (attempt 1/3)...
2025-10-26 22:23:35,314 - INFO - patching driver executable C:\laragon\www\dapokalsel\sekolah\~\appdata\roaming\undetected_chromedriver\undetected_chromedriver.exe
2025-10-26 22:23:35,393 - ERROR - Attempt 1 failed: Binary Location Must be a String
2025-10-26 22:23:35,393 - INFO - Retrying in 5 seconds...
2025-10-26 22:23:40,404 - INFO - Initializing Chrome driver (attempt 2/3)...
2025-10-26 22:23:57,210 - INFO - patching driver executable C:\laragon\www\dapokalsel\sekolah\~\appdata\roaming\undetected_chromedriver\undetected_chromedriver.exe
2025-10-26 22:23:57,306 - ERROR - Attempt 2 failed: you cannot reuse the ChromeOptions object
2025-10-26 22:23:57,306 - INFO - Retrying in 5 seconds...
2025-10-26 22:24:02,307 - INFO - Initializing Chrome driver (attempt 3/3)...
2025-10-26 22:24:09,563 - INFO - patching driver executable C:\laragon\www\dapokalsel\sekolah\~\appdata\roaming\undetected_chromedriver\undetected_chromedriver.exe
2025-10-26 22:24:09,641 - ERROR - Attempt 3 failed: you cannot reuse the ChromeOptions object
2025-10-26 22:24:09,641 - ERROR - All attempts failed to setup driver
Traceback (most recent call last):
  File "C:\laragon\www\dapokalsel\sekolah\import_url_kabupaten.pyw", line 115, in setup_driver
    driver = uc.Chrome(
  File "C:\laragon\bin\python\python-3.10\lib\site-packages\undetected_chromedriver\__init__.py", line 269, in __init__
    raise RuntimeError("you cannot reuse the ChromeOptions object")
RuntimeError: you cannot reuse the ChromeOptions object
2025-10-26 22:24:09,641 - ERROR - Error on attempt 59: Failed to setup driver
Traceback (most recent call last):
  File "C:\laragon\www\dapokalsel\sekolah\import_url_kabupaten.pyw", line 435, in process_url_induk
    raise Exception("Failed to setup driver")
Exception: Failed to setup driver
2025-10-26 22:24:09,657 - INFO - Retry attempt 60/300...
2025-10-26 22:24:24,662 - INFO - Setting up Chrome driver...
2025-10-26 22:24:24,663 - INFO - Using profile directory: C:\Windows\Temp\chrome_scraper_profile
2025-10-26 22:24:24,663 - INFO - Initializing Chrome driver (attempt 1/3)...
2025-10-26 22:24:29,454 - INFO - patching driver executable C:\laragon\www\dapokalsel\sekolah\~\appdata\roaming\undetected_chromedriver\undetected_chromedriver.exe
2025-10-26 22:24:29,532 - ERROR - Attempt 1 failed: Binary Location Must be a String
2025-10-26 22:24:29,532 - INFO - Retrying in 5 seconds...
2025-10-26 22:24:34,544 - INFO - Initializing Chrome driver (attempt 2/3)...
2025-10-26 22:24:51,424 - INFO - patching driver executable C:\laragon\www\dapokalsel\sekolah\~\appdata\roaming\undetected_chromedriver\undetected_chromedriver.exe
2025-10-26 22:24:51,523 - ERROR - Attempt 2 failed: you cannot reuse the ChromeOptions object
2025-10-26 22:24:51,523 - INFO - Retrying in 5 seconds...
2025-10-26 22:24:56,526 - INFO - Initializing Chrome driver (attempt 3/3)...
2025-10-26 22:25:04,978 - INFO - patching driver executable C:\laragon\www\dapokalsel\sekolah\~\appdata\roaming\undetected_chromedriver\undetected_chromedriver.exe
2025-10-26 22:25:05,111 - ERROR - Attempt 3 failed: you cannot reuse the ChromeOptions object
2025-10-26 22:25:05,111 - ERROR - All attempts failed to setup driver
Traceback (most recent call last):
  File "C:\laragon\www\dapokalsel\sekolah\import_url_kabupaten.pyw", line 115, in setup_driver
    driver = uc.Chrome(
  File "C:\laragon\bin\python\python-3.10\lib\site-packages\undetected_chromedriver\__init__.py", line 269, in __init__
    raise RuntimeError("you cannot reuse the ChromeOptions object")
RuntimeError: you cannot reuse the ChromeOptions object
2025-10-26 22:25:05,111 - ERROR - Error on attempt 60: Failed to setup driver
Traceback (most recent call last):
  File "C:\laragon\www\dapokalsel\sekolah\import_url_kabupaten.pyw", line 435, in process_url_induk
    raise Exception("Failed to setup driver")
Exception: Failed to setup driver
2025-10-26 22:25:05,111 - INFO - Retry attempt 61/300...
2025-10-26 22:25:20,111 - INFO - Setting up Chrome driver...
2025-10-26 22:25:20,112 - INFO - Using profile directory: C:\Windows\Temp\chrome_scraper_profile
2025-10-26 22:25:20,114 - INFO - Initializing Chrome driver (attempt 1/3)...
2025-10-26 22:25:26,409 - INFO - patching driver executable C:\laragon\www\dapokalsel\sekolah\~\appdata\roaming\undetected_chromedriver\undetected_chromedriver.exe
2025-10-26 22:25:26,493 - ERROR - Attempt 1 failed: Binary Location Must be a String
2025-10-26 22:25:26,493 - INFO - Retrying in 5 seconds...
2025-10-26 22:25:31,493 - INFO - Initializing Chrome driver (attempt 2/3)...
2025-10-26 22:25:44,471 - ERROR - Attempt 2 failed: [WinError 183] Cannot create a file when that file already exists: 'C:\\laragon\\www\\dapokalsel\\sekolah\\~\\appdata\\roaming\\undetected_chromedriver\\undetected\\chromedriver-win32\\chromedriver.exe' -> 'C:\\laragon\\www\\dapokalsel\\sekolah\\~\\appdata\\roaming\\undetected_chromedriver\\undetected_chromedriver.exe'
2025-10-26 22:25:44,471 - INFO - Retrying in 5 seconds...
2025-10-26 22:25:49,472 - INFO - Initializing Chrome driver (attempt 3/3)...
2025-10-26 22:26:02,391 - ERROR - Attempt 3 failed: [WinError 183] Cannot create a file when that file already exists: 'C:\\laragon\\www\\dapokalsel\\sekolah\\~\\appdata\\roaming\\undetected_chromedriver\\undetected\\chromedriver-win32\\chromedriver.exe' -> 'C:\\laragon\\www\\dapokalsel\\sekolah\\~\\appdata\\roaming\\undetected_chromedriver\\undetected_chromedriver.exe'
2025-10-26 22:26:02,391 - ERROR - All attempts failed to setup driver
Traceback (most recent call last):
  File "C:\laragon\www\dapokalsel\sekolah\import_url_kabupaten.pyw", line 115, in setup_driver
    driver = uc.Chrome(
  File "C:\laragon\bin\python\python-3.10\lib\site-packages\undetected_chromedriver\__init__.py", line 258, in __init__
    self.patcher.auto()
  File "C:\laragon\bin\python\python-3.10\lib\site-packages\undetected_chromedriver\patcher.py", line 178, in auto
    self.unzip_package(self.fetch_package())
  File "C:\laragon\bin\python\python-3.10\lib\site-packages\undetected_chromedriver\patcher.py", line 310, in unzip_package
    os.rename(os.path.join(self.zip_path, exe_path), self.executable_path)
FileExistsError: [WinError 183] Cannot create a file when that file already exists: 'C:\\laragon\\www\\dapokalsel\\sekolah\\~\\appdata\\roaming\\undetected_chromedriver\\undetected\\chromedriver-win32\\chromedriver.exe' -> 'C:\\laragon\\www\\dapokalsel\\sekolah\\~\\appdata\\roaming\\undetected_chromedriver\\undetected_chromedriver.exe'
2025-10-26 22:26:02,391 - ERROR - Error on attempt 61: Failed to setup driver
Traceback (most recent call last):
  File "C:\laragon\www\dapokalsel\sekolah\import_url_kabupaten.pyw", line 435, in process_url_induk
    raise Exception("Failed to setup driver")
Exception: Failed to setup driver
2025-10-26 22:26:02,391 - INFO - Retry attempt 62/300...
2025-10-26 22:26:17,392 - INFO - Setting up Chrome driver...
2025-10-26 22:26:17,392 - INFO - Using profile directory: C:\Windows\Temp\chrome_scraper_profile
2025-10-26 22:26:17,392 - INFO - Initializing Chrome driver (attempt 1/3)...
2025-10-26 22:26:26,457 - ERROR - Attempt 1 failed: [WinError 183] Cannot create a file when that file already exists: 'C:\\laragon\\www\\dapokalsel\\sekolah\\~\\appdata\\roaming\\undetected_chromedriver\\undetected\\chromedriver-win32\\chromedriver.exe' -> 'C:\\laragon\\www\\dapokalsel\\sekolah\\~\\appdata\\roaming\\undetected_chromedriver\\undetected_chromedriver.exe'
2025-10-26 22:26:26,457 - INFO - Retrying in 5 seconds...
2025-10-26 22:26:31,457 - INFO - Initializing Chrome driver (attempt 2/3)...
2025-10-26 22:26:41,376 - INFO - patching driver executable C:\laragon\www\dapokalsel\sekolah\~\appdata\roaming\undetected_chromedriver\undetected_chromedriver.exe
2025-10-26 22:26:41,475 - ERROR - Attempt 2 failed: Binary Location Must be a String
2025-10-26 22:26:41,475 - INFO - Retrying in 5 seconds...
2025-10-26 22:26:46,487 - INFO - Initializing Chrome driver (attempt 3/3)...
2025-10-26 22:26:58,505 - INFO - patching driver executable C:\laragon\www\dapokalsel\sekolah\~\appdata\roaming\undetected_chromedriver\undetected_chromedriver.exe
2025-10-26 22:26:58,594 - ERROR - Attempt 3 failed: you cannot reuse the ChromeOptions object
2025-10-26 22:26:58,594 - ERROR - All attempts failed to setup driver
Traceback (most recent call last):
  File "C:\laragon\www\dapokalsel\sekolah\import_url_kabupaten.pyw", line 115, in setup_driver
    driver = uc.Chrome(
  File "C:\laragon\bin\python\python-3.10\lib\site-packages\undetected_chromedriver\__init__.py", line 269, in __init__
    raise RuntimeError("you cannot reuse the ChromeOptions object")
RuntimeError: you cannot reuse the ChromeOptions object
2025-10-26 22:26:58,594 - ERROR - Error on attempt 62: Failed to setup driver
Traceback (most recent call last):
  File "C:\laragon\www\dapokalsel\sekolah\import_url_kabupaten.pyw", line 435, in process_url_induk
    raise Exception("Failed to setup driver")
Exception: Failed to setup driver
2025-10-26 22:26:58,594 - INFO - Retry attempt 63/300...
2025-10-26 22:27:13,594 - INFO - Setting up Chrome driver...
2025-10-26 22:27:13,594 - INFO - Using profile directory: C:\Windows\Temp\chrome_scraper_profile
2025-10-26 22:27:13,594 - INFO - Initializing Chrome driver (attempt 1/3)...
2025-10-26 22:27:20,354 - INFO - patching driver executable C:\laragon\www\dapokalsel\sekolah\~\appdata\roaming\undetected_chromedriver\undetected_chromedriver.exe
2025-10-26 22:27:20,510 - ERROR - Attempt 1 failed: Binary Location Must be a String
2025-10-26 22:27:20,511 - INFO - Retrying in 5 seconds...
2025-10-26 22:27:25,516 - INFO - Initializing Chrome driver (attempt 2/3)...
2025-10-26 22:27:32,561 - INFO - patching driver executable C:\laragon\www\dapokalsel\sekolah\~\appdata\roaming\undetected_chromedriver\undetected_chromedriver.exe
2025-10-26 22:27:32,634 - ERROR - Attempt 2 failed: you cannot reuse the ChromeOptions object
2025-10-26 22:27:32,635 - INFO - Retrying in 5 seconds...
2025-10-26 22:27:37,635 - INFO - Initializing Chrome driver (attempt 3/3)...
2025-10-26 22:27:49,599 - INFO - patching driver executable C:\laragon\www\dapokalsel\sekolah\~\appdata\roaming\undetected_chromedriver\undetected_chromedriver.exe
2025-10-26 22:27:49,678 - ERROR - Attempt 3 failed: you cannot reuse the ChromeOptions object
2025-10-26 22:27:49,679 - ERROR - All attempts failed to setup driver
Traceback (most recent call last):
  File "C:\laragon\www\dapokalsel\sekolah\import_url_kabupaten.pyw", line 115, in setup_driver
    driver = uc.Chrome(
  File "C:\laragon\bin\python\python-3.10\lib\site-packages\undetected_chromedriver\__init__.py", line 269, in __init__
    raise RuntimeError("you cannot reuse the ChromeOptions object")
RuntimeError: you cannot reuse the ChromeOptions object
2025-10-26 22:27:49,681 - ERROR - Error on attempt 63: Failed to setup driver
Traceback (most recent call last):
  File "C:\laragon\www\dapokalsel\sekolah\import_url_kabupaten.pyw", line 435, in process_url_induk
    raise Exception("Failed to setup driver")
Exception: Failed to setup driver
2025-10-26 22:27:49,681 - INFO - Retry attempt 64/300...
2025-10-26 22:28:04,682 - INFO - Setting up Chrome driver...
2025-10-26 22:28:04,682 - INFO - Using profile directory: C:\Windows\Temp\chrome_scraper_profile
2025-10-26 22:28:04,683 - INFO - Initializing Chrome driver (attempt 1/3)...
2025-10-26 22:28:11,473 - INFO - patching driver executable C:\laragon\www\dapokalsel\sekolah\~\appdata\roaming\undetected_chromedriver\undetected_chromedriver.exe
2025-10-26 22:28:11,553 - ERROR - Attempt 1 failed: Binary Location Must be a String
2025-10-26 22:28:11,554 - INFO - Retrying in 5 seconds...
2025-10-26 22:28:16,554 - INFO - Initializing Chrome driver (attempt 2/3)...
2025-10-26 22:28:26,410 - ERROR - Attempt 2 failed: [WinError 183] Cannot create a file when that file already exists: 'C:\\laragon\\www\\dapokalsel\\sekolah\\~\\appdata\\roaming\\undetected_chromedriver\\undetected\\chromedriver-win32\\chromedriver.exe' -> 'C:\\laragon\\www\\dapokalsel\\sekolah\\~\\appdata\\roaming\\undetected_chromedriver\\undetected_chromedriver.exe'
2025-10-26 22:28:26,410 - INFO - Retrying in 5 seconds...
2025-10-26 22:28:31,411 - INFO - Initializing Chrome driver (attempt 3/3)...
2025-10-26 22:28:37,183 - INFO - patching driver executable C:\laragon\www\dapokalsel\sekolah\~\appdata\roaming\undetected_chromedriver\undetected_chromedriver.exe
2025-10-26 22:28:37,419 - ERROR - Attempt 3 failed: you cannot reuse the ChromeOptions object
2025-10-26 22:28:37,419 - ERROR - All attempts failed to setup driver
Traceback (most recent call last):
  File "C:\laragon\www\dapokalsel\sekolah\import_url_kabupaten.pyw", line 115, in setup_driver
    driver = uc.Chrome(
  File "C:\laragon\bin\python\python-3.10\lib\site-packages\undetected_chromedriver\__init__.py", line 269, in __init__
    raise RuntimeError("you cannot reuse the ChromeOptions object")
RuntimeError: you cannot reuse the ChromeOptions object
2025-10-26 22:28:37,420 - ERROR - Error on attempt 64: Failed to setup driver
Traceback (most recent call last):
  File "C:\laragon\www\dapokalsel\sekolah\import_url_kabupaten.pyw", line 435, in process_url_induk
    raise Exception("Failed to setup driver")
Exception: Failed to setup driver
2025-10-26 22:28:37,420 - INFO - Retry attempt 65/300...
2025-10-26 22:28:52,422 - INFO - Setting up Chrome driver...
2025-10-26 22:28:52,422 - INFO - Using profile directory: C:\Windows\Temp\chrome_scraper_profile
2025-10-26 22:28:52,422 - INFO - Initializing Chrome driver (attempt 1/3)...
2025-10-26 22:29:05,777 - ERROR - Attempt 1 failed: [WinError 183] Cannot create a file when that file already exists: 'C:\\laragon\\www\\dapokalsel\\sekolah\\~\\appdata\\roaming\\undetected_chromedriver\\undetected\\chromedriver-win32\\chromedriver.exe' -> 'C:\\laragon\\www\\dapokalsel\\sekolah\\~\\appdata\\roaming\\undetected_chromedriver\\undetected_chromedriver.exe'
2025-10-26 22:29:05,777 - INFO - Retrying in 5 seconds...
2025-10-26 22:29:10,778 - INFO - Initializing Chrome driver (attempt 2/3)...
2025-10-26 22:29:21,781 - INFO - patching driver executable C:\laragon\www\dapokalsel\sekolah\~\appdata\roaming\undetected_chromedriver\undetected_chromedriver.exe
2025-10-26 22:29:21,863 - ERROR - Attempt 2 failed: Binary Location Must be a String
2025-10-26 22:29:21,864 - INFO - Retrying in 5 seconds...
2025-10-26 22:29:26,864 - INFO - Initializing Chrome driver (attempt 3/3)...
2025-10-26 22:29:36,088 - INFO - patching driver executable C:\laragon\www\dapokalsel\sekolah\~\appdata\roaming\undetected_chromedriver\undetected_chromedriver.exe
2025-10-26 22:29:36,171 - ERROR - Attempt 3 failed: you cannot reuse the ChromeOptions object
2025-10-26 22:29:36,172 - ERROR - All attempts failed to setup driver
Traceback (most recent call last):
  File "C:\laragon\www\dapokalsel\sekolah\import_url_kabupaten.pyw", line 115, in setup_driver
    driver = uc.Chrome(
  File "C:\laragon\bin\python\python-3.10\lib\site-packages\undetected_chromedriver\__init__.py", line 269, in __init__
    raise RuntimeError("you cannot reuse the ChromeOptions object")
RuntimeError: you cannot reuse the ChromeOptions object
2025-10-26 22:29:36,172 - ERROR - Error on attempt 65: Failed to setup driver
Traceback (most recent call last):
  File "C:\laragon\www\dapokalsel\sekolah\import_url_kabupaten.pyw", line 435, in process_url_induk
    raise Exception("Failed to setup driver")
Exception: Failed to setup driver
2025-10-26 22:29:36,173 - INFO - Retry attempt 66/300...
2025-10-26 22:29:51,173 - INFO - Setting up Chrome driver...
2025-10-26 22:29:51,173 - INFO - Using profile directory: C:\Windows\Temp\chrome_scraper_profile
2025-10-26 22:29:51,173 - INFO - Initializing Chrome driver (attempt 1/3)...
2025-10-26 22:29:56,119 - INFO - patching driver executable C:\laragon\www\dapokalsel\sekolah\~\appdata\roaming\undetected_chromedriver\undetected_chromedriver.exe
2025-10-26 22:29:56,206 - ERROR - Attempt 1 failed: Binary Location Must be a String
2025-10-26 22:29:56,206 - INFO - Retrying in 5 seconds...
2025-10-26 22:30:01,207 - INFO - Initializing Chrome driver (attempt 2/3)...
2025-10-26 22:30:05,496 - INFO - patching driver executable C:\laragon\www\dapokalsel\sekolah\~\appdata\roaming\undetected_chromedriver\undetected_chromedriver.exe
2025-10-26 22:30:05,581 - ERROR - Attempt 2 failed: you cannot reuse the ChromeOptions object
2025-10-26 22:30:05,581 - INFO - Retrying in 5 seconds...
2025-10-26 22:30:10,582 - INFO - Initializing Chrome driver (attempt 3/3)...
2025-10-26 22:30:16,377 - INFO - patching driver executable C:\laragon\www\dapokalsel\sekolah\~\appdata\roaming\undetected_chromedriver\undetected_chromedriver.exe
2025-10-26 22:30:16,465 - ERROR - Attempt 3 failed: you cannot reuse the ChromeOptions object
2025-10-26 22:30:16,465 - ERROR - All attempts failed to setup driver
Traceback (most recent call last):
  File "C:\laragon\www\dapokalsel\sekolah\import_url_kabupaten.pyw", line 115, in setup_driver
    driver = uc.Chrome(
  File "C:\laragon\bin\python\python-3.10\lib\site-packages\undetected_chromedriver\__init__.py", line 269, in __init__
    raise RuntimeError("you cannot reuse the ChromeOptions object")
RuntimeError: you cannot reuse the ChromeOptions object
2025-10-26 22:30:16,465 - ERROR - Error on attempt 66: Failed to setup driver
Traceback (most recent call last):
  File "C:\laragon\www\dapokalsel\sekolah\import_url_kabupaten.pyw", line 435, in process_url_induk
    raise Exception("Failed to setup driver")
Exception: Failed to setup driver
2025-10-26 22:30:16,466 - INFO - Retry attempt 67/300...
2025-10-26 22:30:31,467 - INFO - Setting up Chrome driver...
2025-10-26 22:30:31,467 - INFO - Using profile directory: C:\Windows\Temp\chrome_scraper_profile
2025-10-26 22:30:31,467 - INFO - Initializing Chrome driver (attempt 1/3)...
2025-10-26 22:30:38,181 - INFO - patching driver executable C:\laragon\www\dapokalsel\sekolah\~\appdata\roaming\undetected_chromedriver\undetected_chromedriver.exe
2025-10-26 22:30:38,270 - ERROR - Attempt 1 failed: Binary Location Must be a String
2025-10-26 22:30:38,270 - INFO - Retrying in 5 seconds...
2025-10-26 22:30:43,270 - INFO - Initializing Chrome driver (attempt 2/3)...
2025-10-26 22:30:53,497 - INFO - patching driver executable C:\laragon\www\dapokalsel\sekolah\~\appdata\roaming\undetected_chromedriver\undetected_chromedriver.exe
2025-10-26 22:30:53,602 - ERROR - Attempt 2 failed: you cannot reuse the ChromeOptions object
2025-10-26 22:30:53,603 - INFO - Retrying in 5 seconds...
2025-10-26 22:30:58,604 - INFO - Initializing Chrome driver (attempt 3/3)...
2025-10-26 22:31:08,951 - INFO - patching driver executable C:\laragon\www\dapokalsel\sekolah\~\appdata\roaming\undetected_chromedriver\undetected_chromedriver.exe
2025-10-26 22:31:09,122 - ERROR - Attempt 3 failed: you cannot reuse the ChromeOptions object
2025-10-26 22:31:09,122 - ERROR - All attempts failed to setup driver
Traceback (most recent call last):
  File "C:\laragon\www\dapokalsel\sekolah\import_url_kabupaten.pyw", line 115, in setup_driver
    driver = uc.Chrome(
  File "C:\laragon\bin\python\python-3.10\lib\site-packages\undetected_chromedriver\__init__.py", line 269, in __init__
    raise RuntimeError("you cannot reuse the ChromeOptions object")
RuntimeError: you cannot reuse the ChromeOptions object
2025-10-26 22:31:09,123 - ERROR - Error on attempt 67: Failed to setup driver
Traceback (most recent call last):
  File "C:\laragon\www\dapokalsel\sekolah\import_url_kabupaten.pyw", line 435, in process_url_induk
    raise Exception("Failed to setup driver")
Exception: Failed to setup driver
2025-10-26 22:31:09,123 - INFO - Retry attempt 68/300...
2025-10-26 22:31:24,124 - INFO - Setting up Chrome driver...
2025-10-26 22:31:24,125 - INFO - Using profile directory: C:\Windows\Temp\chrome_scraper_profile
2025-10-26 22:31:24,125 - INFO - Initializing Chrome driver (attempt 1/3)...
2025-10-26 22:31:28,649 - INFO - patching driver executable C:\laragon\www\dapokalsel\sekolah\~\appdata\roaming\undetected_chromedriver\undetected_chromedriver.exe
2025-10-26 22:31:28,760 - ERROR - Attempt 1 failed: Binary Location Must be a String
2025-10-26 22:31:28,761 - INFO - Retrying in 5 seconds...
2025-10-26 22:31:33,761 - INFO - Initializing Chrome driver (attempt 2/3)...
2025-10-26 22:31:45,152 - ERROR - Attempt 2 failed: [WinError 183] Cannot create a file when that file already exists: 'C:\\laragon\\www\\dapokalsel\\sekolah\\~\\appdata\\roaming\\undetected_chromedriver\\undetected\\chromedriver-win32\\chromedriver.exe' -> 'C:\\laragon\\www\\dapokalsel\\sekolah\\~\\appdata\\roaming\\undetected_chromedriver\\undetected_chromedriver.exe'
2025-10-26 22:31:45,152 - INFO - Retrying in 5 seconds...
2025-10-26 22:31:50,154 - INFO - Initializing Chrome driver (attempt 3/3)...
2025-10-26 22:32:00,610 - ERROR - Attempt 3 failed: [WinError 183] Cannot create a file when that file already exists: 'C:\\laragon\\www\\dapokalsel\\sekolah\\~\\appdata\\roaming\\undetected_chromedriver\\undetected\\chromedriver-win32\\chromedriver.exe' -> 'C:\\laragon\\www\\dapokalsel\\sekolah\\~\\appdata\\roaming\\undetected_chromedriver\\undetected_chromedriver.exe'
2025-10-26 22:32:00,611 - ERROR - All attempts failed to setup driver
Traceback (most recent call last):
  File "C:\laragon\www\dapokalsel\sekolah\import_url_kabupaten.pyw", line 115, in setup_driver
    driver = uc.Chrome(
  File "C:\laragon\bin\python\python-3.10\lib\site-packages\undetected_chromedriver\__init__.py", line 258, in __init__
    self.patcher.auto()
  File "C:\laragon\bin\python\python-3.10\lib\site-packages\undetected_chromedriver\patcher.py", line 178, in auto
    self.unzip_package(self.fetch_package())
  File "C:\laragon\bin\python\python-3.10\lib\site-packages\undetected_chromedriver\patcher.py", line 310, in unzip_package
    os.rename(os.path.join(self.zip_path, exe_path), self.executable_path)
FileExistsError: [WinError 183] Cannot create a file when that file already exists: 'C:\\laragon\\www\\dapokalsel\\sekolah\\~\\appdata\\roaming\\undetected_chromedriver\\undetected\\chromedriver-win32\\chromedriver.exe' -> 'C:\\laragon\\www\\dapokalsel\\sekolah\\~\\appdata\\roaming\\undetected_chromedriver\\undetected_chromedriver.exe'
2025-10-26 22:32:00,862 - ERROR - Error on attempt 68: Failed to setup driver
Traceback (most recent call last):
  File "C:\laragon\www\dapokalsel\sekolah\import_url_kabupaten.pyw", line 435, in process_url_induk
    raise Exception("Failed to setup driver")
Exception: Failed to setup driver
2025-10-26 22:32:00,863 - INFO - Retry attempt 69/300...
2025-10-26 22:32:15,864 - INFO - Setting up Chrome driver...
2025-10-26 22:32:15,965 - INFO - Using profile directory: C:\Windows\Temp\chrome_scraper_profile
2025-10-26 22:32:15,965 - INFO - Initializing Chrome driver (attempt 1/3)...
2025-10-26 22:32:25,531 - ERROR - Attempt 1 failed: [WinError 183] Cannot create a file when that file already exists: 'C:\\laragon\\www\\dapokalsel\\sekolah\\~\\appdata\\roaming\\undetected_chromedriver\\undetected\\chromedriver-win32\\chromedriver.exe' -> 'C:\\laragon\\www\\dapokalsel\\sekolah\\~\\appdata\\roaming\\undetected_chromedriver\\undetected_chromedriver.exe'
2025-10-26 22:32:25,532 - INFO - Retrying in 5 seconds...
2025-10-26 22:32:30,534 - INFO - Initializing Chrome driver (attempt 2/3)...
2025-10-26 22:32:43,232 - ERROR - Attempt 2 failed: [WinError 2] The system cannot find the file specified: 'C:\\laragon\\www\\dapokalsel\\sekolah\\~\\appdata\\roaming\\undetected_chromedriver\\undetected_chromedriver.exe'
2025-10-26 22:32:43,233 - INFO - Retrying in 5 seconds...
2025-10-26 22:32:48,234 - INFO - Initializing Chrome driver (attempt 3/3)...
2025-10-26 22:33:00,422 - ERROR - Attempt 3 failed: [WinError 183] Cannot create a file when that file already exists: 'C:\\laragon\\www\\dapokalsel\\sekolah\\~\\appdata\\roaming\\undetected_chromedriver\\undetected\\chromedriver-win32\\chromedriver.exe' -> 'C:\\laragon\\www\\dapokalsel\\sekolah\\~\\appdata\\roaming\\undetected_chromedriver\\undetected_chromedriver.exe'
2025-10-26 22:33:00,423 - ERROR - All attempts failed to setup driver
Traceback (most recent call last):
  File "C:\laragon\www\dapokalsel\sekolah\import_url_kabupaten.pyw", line 115, in setup_driver
    driver = uc.Chrome(
  File "C:\laragon\bin\python\python-3.10\lib\site-packages\undetected_chromedriver\__init__.py", line 258, in __init__
    self.patcher.auto()
  File "C:\laragon\bin\python\python-3.10\lib\site-packages\undetected_chromedriver\patcher.py", line 178, in auto
    self.unzip_package(self.fetch_package())
  File "C:\laragon\bin\python\python-3.10\lib\site-packages\undetected_chromedriver\patcher.py", line 310, in unzip_package
    os.rename(os.path.join(self.zip_path, exe_path), self.executable_path)
FileExistsError: [WinError 183] Cannot create a file when that file already exists: 'C:\\laragon\\www\\dapokalsel\\sekolah\\~\\appdata\\roaming\\undetected_chromedriver\\undetected\\chromedriver-win32\\chromedriver.exe' -> 'C:\\laragon\\www\\dapokalsel\\sekolah\\~\\appdata\\roaming\\undetected_chromedriver\\undetected_chromedriver.exe'
2025-10-26 22:33:00,643 - ERROR - Error on attempt 69: Failed to setup driver
Traceback (most recent call last):
  File "C:\laragon\www\dapokalsel\sekolah\import_url_kabupaten.pyw", line 435, in process_url_induk
    raise Exception("Failed to setup driver")
Exception: Failed to setup driver
2025-10-26 22:33:00,766 - INFO - Retry attempt 70/300...
2025-10-26 22:33:15,768 - INFO - Setting up Chrome driver...
2025-10-26 22:33:15,791 - INFO - Using profile directory: C:\Windows\Temp\chrome_scraper_profile
2025-10-26 22:33:15,791 - INFO - Initializing Chrome driver (attempt 1/3)...
2025-10-26 22:33:29,605 - INFO - patching driver executable C:\laragon\www\dapokalsel\sekolah\~\appdata\roaming\undetected_chromedriver\undetected_chromedriver.exe
2025-10-26 22:33:30,277 - ERROR - Attempt 1 failed: Binary Location Must be a String
2025-10-26 22:33:30,277 - INFO - Retrying in 5 seconds...
2025-10-26 22:33:35,278 - INFO - Initializing Chrome driver (attempt 2/3)...
2025-10-26 22:33:57,088 - ERROR - Attempt 2 failed: [Errno 13] Permission denied: 'C:\\laragon\\www\\dapokalsel\\sekolah\\~\\appdata\\roaming\\undetected_chromedriver\\undetected\\chromedriver-win32\\chromedriver.exe'
2025-10-26 22:33:57,089 - INFO - Retrying in 5 seconds...
2025-10-26 22:34:02,089 - INFO - Initializing Chrome driver (attempt 3/3)...
2025-10-26 22:34:16,983 - ERROR - Attempt 3 failed: [WinError 183] Cannot create a file when that file already exists: 'C:\\laragon\\www\\dapokalsel\\sekolah\\~\\appdata\\roaming\\undetected_chromedriver\\undetected\\chromedriver-win32\\chromedriver.exe' -> 'C:\\laragon\\www\\dapokalsel\\sekolah\\~\\appdata\\roaming\\undetected_chromedriver\\undetected_chromedriver.exe'
2025-10-26 22:34:16,983 - ERROR - All attempts failed to setup driver
Traceback (most recent call last):
  File "C:\laragon\www\dapokalsel\sekolah\import_url_kabupaten.pyw", line 115, in setup_driver
    driver = uc.Chrome(
  File "C:\laragon\bin\python\python-3.10\lib\site-packages\undetected_chromedriver\__init__.py", line 258, in __init__
    self.patcher.auto()
  File "C:\laragon\bin\python\python-3.10\lib\site-packages\undetected_chromedriver\patcher.py", line 178, in auto
    self.unzip_package(self.fetch_package())
  File "C:\laragon\bin\python\python-3.10\lib\site-packages\undetected_chromedriver\patcher.py", line 310, in unzip_package
    os.rename(os.path.join(self.zip_path, exe_path), self.executable_path)
FileExistsError: [WinError 183] Cannot create a file when that file already exists: 'C:\\laragon\\www\\dapokalsel\\sekolah\\~\\appdata\\roaming\\undetected_chromedriver\\undetected\\chromedriver-win32\\chromedriver.exe' -> 'C:\\laragon\\www\\dapokalsel\\sekolah\\~\\appdata\\roaming\\undetected_chromedriver\\undetected_chromedriver.exe'
2025-10-26 22:34:16,984 - ERROR - Error on attempt 70: Failed to setup driver
Traceback (most recent call last):
  File "C:\laragon\www\dapokalsel\sekolah\import_url_kabupaten.pyw", line 435, in process_url_induk
    raise Exception("Failed to setup driver")
Exception: Failed to setup driver
2025-10-26 22:34:16,984 - INFO - Retry attempt 71/300...
2025-10-26 22:34:31,984 - INFO - Setting up Chrome driver...
2025-10-26 22:34:31,984 - INFO - Using profile directory: C:\Windows\Temp\chrome_scraper_profile
2025-10-26 22:34:31,984 - INFO - Initializing Chrome driver (attempt 1/3)...
2025-10-26 22:34:45,088 - INFO - patching driver executable C:\laragon\www\dapokalsel\sekolah\~\appdata\roaming\undetected_chromedriver\undetected_chromedriver.exe
2025-10-26 22:34:45,311 - ERROR - Attempt 1 failed: Binary Location Must be a String
2025-10-26 22:34:45,311 - INFO - Retrying in 5 seconds...
2025-10-26 22:34:50,311 - INFO - Initializing Chrome driver (attempt 2/3)...
2025-10-26 22:34:55,772 - ERROR - Attempt 2 failed: [WinError 183] Cannot create a file when that file already exists: 'C:\\laragon\\www\\dapokalsel\\sekolah\\~\\appdata\\roaming\\undetected_chromedriver\\undetected\\chromedriver-win32\\chromedriver.exe' -> 'C:\\laragon\\www\\dapokalsel\\sekolah\\~\\appdata\\roaming\\undetected_chromedriver\\undetected_chromedriver.exe'
2025-10-26 22:34:55,773 - INFO - Retrying in 5 seconds...
2025-10-26 22:35:00,774 - INFO - Initializing Chrome driver (attempt 3/3)...
2025-10-26 22:35:09,080 - INFO - patching driver executable C:\laragon\www\dapokalsel\sekolah\~\appdata\roaming\undetected_chromedriver\undetected_chromedriver.exe
2025-10-26 22:35:09,204 - ERROR - Attempt 3 failed: you cannot reuse the ChromeOptions object
2025-10-26 22:35:09,204 - ERROR - All attempts failed to setup driver
Traceback (most recent call last):
  File "C:\laragon\www\dapokalsel\sekolah\import_url_kabupaten.pyw", line 115, in setup_driver
    driver = uc.Chrome(
  File "C:\laragon\bin\python\python-3.10\lib\site-packages\undetected_chromedriver\__init__.py", line 269, in __init__
    raise RuntimeError("you cannot reuse the ChromeOptions object")
RuntimeError: you cannot reuse the ChromeOptions object
2025-10-26 22:35:09,205 - ERROR - Error on attempt 71: Failed to setup driver
Traceback (most recent call last):
  File "C:\laragon\www\dapokalsel\sekolah\import_url_kabupaten.pyw", line 435, in process_url_induk
    raise Exception("Failed to setup driver")
Exception: Failed to setup driver
2025-10-26 22:35:09,205 - INFO - Retry attempt 72/300...
2025-10-26 22:35:24,206 - INFO - Setting up Chrome driver...
2025-10-26 22:35:24,206 - INFO - Using profile directory: C:\Windows\Temp\chrome_scraper_profile
2025-10-26 22:35:24,206 - INFO - Initializing Chrome driver (attempt 1/3)...
2025-10-26 22:35:31,522 - INFO - patching driver executable C:\laragon\www\dapokalsel\sekolah\~\appdata\roaming\undetected_chromedriver\undetected_chromedriver.exe
2025-10-26 22:35:31,621 - ERROR - Attempt 1 failed: Binary Location Must be a String
2025-10-26 22:35:31,621 - INFO - Retrying in 5 seconds...
2025-10-26 22:35:36,622 - INFO - Initializing Chrome driver (attempt 2/3)...
2025-10-26 22:35:44,735 - ERROR - Attempt 2 failed: [WinError 183] Cannot create a file when that file already exists: 'C:\\laragon\\www\\dapokalsel\\sekolah\\~\\appdata\\roaming\\undetected_chromedriver\\undetected\\chromedriver-win32\\chromedriver.exe' -> 'C:\\laragon\\www\\dapokalsel\\sekolah\\~\\appdata\\roaming\\undetected_chromedriver\\undetected_chromedriver.exe'
2025-10-26 22:35:44,735 - INFO - Retrying in 5 seconds...
2025-10-26 22:35:49,736 - INFO - Initializing Chrome driver (attempt 3/3)...
2025-10-26 22:36:03,412 - ERROR - Attempt 3 failed: [WinError 183] Cannot create a file when that file already exists: 'C:\\laragon\\www\\dapokalsel\\sekolah\\~\\appdata\\roaming\\undetected_chromedriver\\undetected\\chromedriver-win32\\chromedriver.exe' -> 'C:\\laragon\\www\\dapokalsel\\sekolah\\~\\appdata\\roaming\\undetected_chromedriver\\undetected_chromedriver.exe'
2025-10-26 22:36:03,412 - ERROR - All attempts failed to setup driver
Traceback (most recent call last):
  File "C:\laragon\www\dapokalsel\sekolah\import_url_kabupaten.pyw", line 115, in setup_driver
    driver = uc.Chrome(
  File "C:\laragon\bin\python\python-3.10\lib\site-packages\undetected_chromedriver\__init__.py", line 258, in __init__
    self.patcher.auto()
  File "C:\laragon\bin\python\python-3.10\lib\site-packages\undetected_chromedriver\patcher.py", line 178, in auto
    self.unzip_package(self.fetch_package())
  File "C:\laragon\bin\python\python-3.10\lib\site-packages\undetected_chromedriver\patcher.py", line 310, in unzip_package
    os.rename(os.path.join(self.zip_path, exe_path), self.executable_path)
FileExistsError: [WinError 183] Cannot create a file when that file already exists: 'C:\\laragon\\www\\dapokalsel\\sekolah\\~\\appdata\\roaming\\undetected_chromedriver\\undetected\\chromedriver-win32\\chromedriver.exe' -> 'C:\\laragon\\www\\dapokalsel\\sekolah\\~\\appdata\\roaming\\undetected_chromedriver\\undetected_chromedriver.exe'
2025-10-26 22:36:03,413 - ERROR - Error on attempt 72: Failed to setup driver
Traceback (most recent call last):
  File "C:\laragon\www\dapokalsel\sekolah\import_url_kabupaten.pyw", line 435, in process_url_induk
    raise Exception("Failed to setup driver")
Exception: Failed to setup driver
2025-10-26 22:36:03,413 - INFO - Retry attempt 73/300...
2025-10-26 22:36:18,414 - INFO - Setting up Chrome driver...
2025-10-26 22:36:18,414 - INFO - Using profile directory: C:\Windows\Temp\chrome_scraper_profile
2025-10-26 22:36:18,414 - INFO - Initializing Chrome driver (attempt 1/3)...
2025-10-26 22:36:31,415 - ERROR - Attempt 1 failed: [WinError 183] Cannot create a file when that file already exists: 'C:\\laragon\\www\\dapokalsel\\sekolah\\~\\appdata\\roaming\\undetected_chromedriver\\undetected\\chromedriver-win32\\chromedriver.exe' -> 'C:\\laragon\\www\\dapokalsel\\sekolah\\~\\appdata\\roaming\\undetected_chromedriver\\undetected_chromedriver.exe'
2025-10-26 22:36:31,415 - INFO - Retrying in 5 seconds...
2025-10-26 22:36:36,416 - INFO - Initializing Chrome driver (attempt 2/3)...
2025-10-26 22:36:40,496 - INFO - patching driver executable C:\laragon\www\dapokalsel\sekolah\~\appdata\roaming\undetected_chromedriver\undetected_chromedriver.exe
2025-10-26 22:36:40,749 - ERROR - Attempt 2 failed: Binary Location Must be a String
2025-10-26 22:36:40,750 - INFO - Retrying in 5 seconds...
2025-10-26 22:36:45,751 - INFO - Initializing Chrome driver (attempt 3/3)...
2025-10-26 22:36:58,169 - ERROR - Attempt 3 failed: [WinError 183] Cannot create a file when that file already exists: 'C:\\laragon\\www\\dapokalsel\\sekolah\\~\\appdata\\roaming\\undetected_chromedriver\\undetected\\chromedriver-win32\\chromedriver.exe' -> 'C:\\laragon\\www\\dapokalsel\\sekolah\\~\\appdata\\roaming\\undetected_chromedriver\\undetected_chromedriver.exe'
2025-10-26 22:36:58,169 - ERROR - All attempts failed to setup driver
Traceback (most recent call last):
  File "C:\laragon\www\dapokalsel\sekolah\import_url_kabupaten.pyw", line 115, in setup_driver
    driver = uc.Chrome(
  File "C:\laragon\bin\python\python-3.10\lib\site-packages\undetected_chromedriver\__init__.py", line 258, in __init__
    self.patcher.auto()
  File "C:\laragon\bin\python\python-3.10\lib\site-packages\undetected_chromedriver\patcher.py", line 178, in auto
    self.unzip_package(self.fetch_package())
  File "C:\laragon\bin\python\python-3.10\lib\site-packages\undetected_chromedriver\patcher.py", line 310, in unzip_package
    os.rename(os.path.join(self.zip_path, exe_path), self.executable_path)
FileExistsError: [WinError 183] Cannot create a file when that file already exists: 'C:\\laragon\\www\\dapokalsel\\sekolah\\~\\appdata\\roaming\\undetected_chromedriver\\undetected\\chromedriver-win32\\chromedriver.exe' -> 'C:\\laragon\\www\\dapokalsel\\sekolah\\~\\appdata\\roaming\\undetected_chromedriver\\undetected_chromedriver.exe'
2025-10-26 22:36:58,170 - ERROR - Error on attempt 73: Failed to setup driver
Traceback (most recent call last):
  File "C:\laragon\www\dapokalsel\sekolah\import_url_kabupaten.pyw", line 435, in process_url_induk
    raise Exception("Failed to setup driver")
Exception: Failed to setup driver
2025-10-26 22:36:58,171 - INFO - Retry attempt 74/300...
2025-10-26 22:37:13,171 - INFO - Setting up Chrome driver...
2025-10-26 22:37:13,171 - INFO - Using profile directory: C:\Windows\Temp\chrome_scraper_profile
2025-10-26 22:37:13,171 - INFO - Initializing Chrome driver (attempt 1/3)...
2025-10-26 22:37:34,645 - ERROR - Attempt 1 failed: [WinError 183] Cannot create a file when that file already exists: 'C:\\laragon\\www\\dapokalsel\\sekolah\\~\\appdata\\roaming\\undetected_chromedriver\\undetected\\chromedriver-win32\\chromedriver.exe' -> 'C:\\laragon\\www\\dapokalsel\\sekolah\\~\\appdata\\roaming\\undetected_chromedriver\\undetected_chromedriver.exe'
2025-10-26 22:37:34,645 - INFO - Retrying in 5 seconds...
2025-10-26 22:37:39,646 - INFO - Initializing Chrome driver (attempt 2/3)...
2025-10-26 22:37:52,028 - ERROR - Attempt 2 failed: [WinError 183] Cannot create a file when that file already exists: 'C:\\laragon\\www\\dapokalsel\\sekolah\\~\\appdata\\roaming\\undetected_chromedriver\\undetected\\chromedriver-win32\\chromedriver.exe' -> 'C:\\laragon\\www\\dapokalsel\\sekolah\\~\\appdata\\roaming\\undetected_chromedriver\\undetected_chromedriver.exe'
2025-10-26 22:37:52,028 - INFO - Retrying in 5 seconds...
2025-10-26 22:37:57,029 - INFO - Initializing Chrome driver (attempt 3/3)...
2025-10-26 22:38:04,158 - ERROR - Attempt 3 failed: [WinError 183] Cannot create a file when that file already exists: 'C:\\laragon\\www\\dapokalsel\\sekolah\\~\\appdata\\roaming\\undetected_chromedriver\\undetected\\chromedriver-win32\\chromedriver.exe' -> 'C:\\laragon\\www\\dapokalsel\\sekolah\\~\\appdata\\roaming\\undetected_chromedriver\\undetected_chromedriver.exe'
2025-10-26 22:38:04,158 - ERROR - All attempts failed to setup driver
Traceback (most recent call last):
  File "C:\laragon\www\dapokalsel\sekolah\import_url_kabupaten.pyw", line 115, in setup_driver
    driver = uc.Chrome(
  File "C:\laragon\bin\python\python-3.10\lib\site-packages\undetected_chromedriver\__init__.py", line 258, in __init__
    self.patcher.auto()
  File "C:\laragon\bin\python\python-3.10\lib\site-packages\undetected_chromedriver\patcher.py", line 178, in auto
    self.unzip_package(self.fetch_package())
  File "C:\laragon\bin\python\python-3.10\lib\site-packages\undetected_chromedriver\patcher.py", line 310, in unzip_package
    os.rename(os.path.join(self.zip_path, exe_path), self.executable_path)
FileExistsError: [WinError 183] Cannot create a file when that file already exists: 'C:\\laragon\\www\\dapokalsel\\sekolah\\~\\appdata\\roaming\\undetected_chromedriver\\undetected\\chromedriver-win32\\chromedriver.exe' -> 'C:\\laragon\\www\\dapokalsel\\sekolah\\~\\appdata\\roaming\\undetected_chromedriver\\undetected_chromedriver.exe'
2025-10-26 22:38:04,159 - ERROR - Error on attempt 74: Failed to setup driver
Traceback (most recent call last):
  File "C:\laragon\www\dapokalsel\sekolah\import_url_kabupaten.pyw", line 435, in process_url_induk
    raise Exception("Failed to setup driver")
Exception: Failed to setup driver
2025-10-26 22:38:04,159 - INFO - Retry attempt 75/300...
2025-10-26 22:38:19,159 - INFO - Setting up Chrome driver...
2025-10-26 22:38:19,159 - INFO - Using profile directory: C:\Windows\Temp\chrome_scraper_profile
2025-10-26 22:38:19,159 - INFO - Initializing Chrome driver (attempt 1/3)...
2025-10-26 22:38:33,105 - ERROR - Attempt 1 failed: [WinError 183] Cannot create a file when that file already exists: 'C:\\laragon\\www\\dapokalsel\\sekolah\\~\\appdata\\roaming\\undetected_chromedriver\\undetected\\chromedriver-win32\\chromedriver.exe' -> 'C:\\laragon\\www\\dapokalsel\\sekolah\\~\\appdata\\roaming\\undetected_chromedriver\\undetected_chromedriver.exe'
2025-10-26 22:38:33,106 - INFO - Retrying in 5 seconds...
2025-10-26 22:38:38,107 - INFO - Initializing Chrome driver (attempt 2/3)...
2025-10-26 22:38:43,956 - INFO - patching driver executable C:\laragon\www\dapokalsel\sekolah\~\appdata\roaming\undetected_chromedriver\undetected_chromedriver.exe
2025-10-26 22:38:44,067 - ERROR - Attempt 2 failed: Binary Location Must be a String
2025-10-26 22:38:44,067 - INFO - Retrying in 5 seconds...
2025-10-26 22:38:49,069 - INFO - Initializing Chrome driver (attempt 3/3)...
2025-10-26 22:38:59,298 - ERROR - Attempt 3 failed: [WinError 183] Cannot create a file when that file already exists: 'C:\\laragon\\www\\dapokalsel\\sekolah\\~\\appdata\\roaming\\undetected_chromedriver\\undetected\\chromedriver-win32\\chromedriver.exe' -> 'C:\\laragon\\www\\dapokalsel\\sekolah\\~\\appdata\\roaming\\undetected_chromedriver\\undetected_chromedriver.exe'
2025-10-26 22:38:59,298 - ERROR - All attempts failed to setup driver
Traceback (most recent call last):
  File "C:\laragon\www\dapokalsel\sekolah\import_url_kabupaten.pyw", line 115, in setup_driver
    driver = uc.Chrome(
  File "C:\laragon\bin\python\python-3.10\lib\site-packages\undetected_chromedriver\__init__.py", line 258, in __init__
    self.patcher.auto()
  File "C:\laragon\bin\python\python-3.10\lib\site-packages\undetected_chromedriver\patcher.py", line 178, in auto
    self.unzip_package(self.fetch_package())
  File "C:\laragon\bin\python\python-3.10\lib\site-packages\undetected_chromedriver\patcher.py", line 310, in unzip_package
    os.rename(os.path.join(self.zip_path, exe_path), self.executable_path)
FileExistsError: [WinError 183] Cannot create a file when that file already exists: 'C:\\laragon\\www\\dapokalsel\\sekolah\\~\\appdata\\roaming\\undetected_chromedriver\\undetected\\chromedriver-win32\\chromedriver.exe' -> 'C:\\laragon\\www\\dapokalsel\\sekolah\\~\\appdata\\roaming\\undetected_chromedriver\\undetected_chromedriver.exe'
2025-10-26 22:38:59,298 - ERROR - Error on attempt 75: Failed to setup driver
Traceback (most recent call last):
  File "C:\laragon\www\dapokalsel\sekolah\import_url_kabupaten.pyw", line 435, in process_url_induk
    raise Exception("Failed to setup driver")
Exception: Failed to setup driver
2025-10-26 22:38:59,299 - INFO - Retry attempt 76/300...
2025-10-26 22:39:14,299 - INFO - Setting up Chrome driver...
2025-10-26 22:39:14,299 - INFO - Using profile directory: C:\Windows\Temp\chrome_scraper_profile
2025-10-26 22:39:14,299 - INFO - Initializing Chrome driver (attempt 1/3)...
2025-10-26 22:39:22,187 - ERROR - Attempt 1 failed: [WinError 183] Cannot create a file when that file already exists: 'C:\\laragon\\www\\dapokalsel\\sekolah\\~\\appdata\\roaming\\undetected_chromedriver\\undetected\\chromedriver-win32\\chromedriver.exe' -> 'C:\\laragon\\www\\dapokalsel\\sekolah\\~\\appdata\\roaming\\undetected_chromedriver\\undetected_chromedriver.exe'
2025-10-26 22:39:22,187 - INFO - Retrying in 5 seconds...
2025-10-26 22:39:27,187 - INFO - Initializing Chrome driver (attempt 2/3)...
2025-10-26 22:39:31,889 - INFO - patching driver executable C:\laragon\www\dapokalsel\sekolah\~\appdata\roaming\undetected_chromedriver\undetected_chromedriver.exe
2025-10-26 22:39:32,262 - ERROR - Attempt 2 failed: Binary Location Must be a String
2025-10-26 22:39:32,262 - INFO - Retrying in 5 seconds...
2025-10-26 22:39:37,263 - INFO - Initializing Chrome driver (attempt 3/3)...
2025-10-26 22:39:45,244 - ERROR - Attempt 3 failed: [WinError 183] Cannot create a file when that file already exists: 'C:\\laragon\\www\\dapokalsel\\sekolah\\~\\appdata\\roaming\\undetected_chromedriver\\undetected\\chromedriver-win32\\chromedriver.exe' -> 'C:\\laragon\\www\\dapokalsel\\sekolah\\~\\appdata\\roaming\\undetected_chromedriver\\undetected_chromedriver.exe'
2025-10-26 22:39:45,244 - ERROR - All attempts failed to setup driver
Traceback (most recent call last):
  File "C:\laragon\www\dapokalsel\sekolah\import_url_kabupaten.pyw", line 115, in setup_driver
    driver = uc.Chrome(
  File "C:\laragon\bin\python\python-3.10\lib\site-packages\undetected_chromedriver\__init__.py", line 258, in __init__
    self.patcher.auto()
  File "C:\laragon\bin\python\python-3.10\lib\site-packages\undetected_chromedriver\patcher.py", line 178, in auto
    self.unzip_package(self.fetch_package())
  File "C:\laragon\bin\python\python-3.10\lib\site-packages\undetected_chromedriver\patcher.py", line 310, in unzip_package
    os.rename(os.path.join(self.zip_path, exe_path), self.executable_path)
FileExistsError: [WinError 183] Cannot create a file when that file already exists: 'C:\\laragon\\www\\dapokalsel\\sekolah\\~\\appdata\\roaming\\undetected_chromedriver\\undetected\\chromedriver-win32\\chromedriver.exe' -> 'C:\\laragon\\www\\dapokalsel\\sekolah\\~\\appdata\\roaming\\undetected_chromedriver\\undetected_chromedriver.exe'
2025-10-26 22:39:45,245 - ERROR - Error on attempt 76: Failed to setup driver
Traceback (most recent call last):
  File "C:\laragon\www\dapokalsel\sekolah\import_url_kabupaten.pyw", line 435, in process_url_induk
    raise Exception("Failed to setup driver")
Exception: Failed to setup driver
2025-10-26 22:39:45,245 - INFO - Retry attempt 77/300...
2025-10-26 22:40:00,246 - INFO - Setting up Chrome driver...
2025-10-26 22:40:00,334 - INFO - Using profile directory: C:\Windows\Temp\chrome_scraper_profile
2025-10-26 22:40:00,334 - INFO - Initializing Chrome driver (attempt 1/3)...
2025-10-26 22:40:08,175 - ERROR - Attempt 1 failed: [WinError 183] Cannot create a file when that file already exists: 'C:\\laragon\\www\\dapokalsel\\sekolah\\~\\appdata\\roaming\\undetected_chromedriver\\undetected\\chromedriver-win32\\chromedriver.exe' -> 'C:\\laragon\\www\\dapokalsel\\sekolah\\~\\appdata\\roaming\\undetected_chromedriver\\undetected_chromedriver.exe'
2025-10-26 22:40:08,175 - INFO - Retrying in 5 seconds...
2025-10-26 22:40:13,176 - INFO - Initializing Chrome driver (attempt 2/3)...
2025-10-26 22:40:26,695 - INFO - patching driver executable C:\laragon\www\dapokalsel\sekolah\~\appdata\roaming\undetected_chromedriver\undetected_chromedriver.exe
2025-10-26 22:40:27,599 - ERROR - Attempt 2 failed: Binary Location Must be a String
2025-10-26 22:40:27,599 - INFO - Retrying in 5 seconds...
2025-10-26 22:40:32,600 - INFO - Initializing Chrome driver (attempt 3/3)...
2025-10-26 22:40:40,877 - INFO - patching driver executable C:\laragon\www\dapokalsel\sekolah\~\appdata\roaming\undetected_chromedriver\undetected_chromedriver.exe
2025-10-26 22:40:41,606 - ERROR - Attempt 3 failed: you cannot reuse the ChromeOptions object
2025-10-26 22:40:41,606 - ERROR - All attempts failed to setup driver
Traceback (most recent call last):
  File "C:\laragon\www\dapokalsel\sekolah\import_url_kabupaten.pyw", line 115, in setup_driver
    driver = uc.Chrome(
  File "C:\laragon\bin\python\python-3.10\lib\site-packages\undetected_chromedriver\__init__.py", line 269, in __init__
    raise RuntimeError("you cannot reuse the ChromeOptions object")
RuntimeError: you cannot reuse the ChromeOptions object
2025-10-26 22:40:41,709 - ERROR - Error on attempt 77: Failed to setup driver
Traceback (most recent call last):
  File "C:\laragon\www\dapokalsel\sekolah\import_url_kabupaten.pyw", line 435, in process_url_induk
    raise Exception("Failed to setup driver")
Exception: Failed to setup driver
2025-10-26 22:40:41,709 - INFO - Retry attempt 78/300...
2025-10-26 22:40:56,710 - INFO - Setting up Chrome driver...
2025-10-26 22:40:56,844 - INFO - Using profile directory: C:\Windows\Temp\chrome_scraper_profile
2025-10-26 22:40:56,844 - INFO - Initializing Chrome driver (attempt 1/3)...
2025-10-26 22:41:08,117 - ERROR - Attempt 1 failed: [WinError 183] Cannot create a file when that file already exists: 'C:\\laragon\\www\\dapokalsel\\sekolah\\~\\appdata\\roaming\\undetected_chromedriver\\undetected\\chromedriver-win32\\chromedriver.exe' -> 'C:\\laragon\\www\\dapokalsel\\sekolah\\~\\appdata\\roaming\\undetected_chromedriver\\undetected_chromedriver.exe'
2025-10-26 22:41:08,118 - INFO - Retrying in 5 seconds...
2025-10-26 22:41:13,119 - INFO - Initializing Chrome driver (attempt 2/3)...
2025-10-26 22:41:26,387 - INFO - patching driver executable C:\laragon\www\dapokalsel\sekolah\~\appdata\roaming\undetected_chromedriver\undetected_chromedriver.exe
2025-10-26 22:41:28,175 - ERROR - Attempt 2 failed: Binary Location Must be a String
2025-10-26 22:41:28,175 - INFO - Retrying in 5 seconds...
2025-10-26 22:41:33,175 - INFO - Initializing Chrome driver (attempt 3/3)...
2025-10-26 22:41:44,126 - ERROR - Attempt 3 failed: [WinError 145] The directory is not empty: 'C:\\laragon\\www\\dapokalsel\\sekolah\\~\\appdata\\roaming\\undetected_chromedriver\\undetected'
2025-10-26 22:41:44,126 - ERROR - All attempts failed to setup driver
Traceback (most recent call last):
  File "C:\laragon\www\dapokalsel\sekolah\import_url_kabupaten.pyw", line 115, in setup_driver
    driver = uc.Chrome(
  File "C:\laragon\bin\python\python-3.10\lib\site-packages\undetected_chromedriver\__init__.py", line 258, in __init__
    self.patcher.auto()
  File "C:\laragon\bin\python\python-3.10\lib\site-packages\undetected_chromedriver\patcher.py", line 178, in auto
    self.unzip_package(self.fetch_package())
  File "C:\laragon\bin\python\python-3.10\lib\site-packages\undetected_chromedriver\patcher.py", line 312, in unzip_package
    shutil.rmtree(self.zip_path)
  File "C:\laragon\bin\python\python-3.10\lib\shutil.py", line 749, in rmtree
    return _rmtree_unsafe(path, onerror)
  File "C:\laragon\bin\python\python-3.10\lib\shutil.py", line 623, in _rmtree_unsafe
    onerror(os.rmdir, path, sys.exc_info())
  File "C:\laragon\bin\python\python-3.10\lib\shutil.py", line 621, in _rmtree_unsafe
    os.rmdir(path)
OSError: [WinError 145] The directory is not empty: 'C:\\laragon\\www\\dapokalsel\\sekolah\\~\\appdata\\roaming\\undetected_chromedriver\\undetected'
2025-10-26 22:41:44,311 - ERROR - Error on attempt 78: Failed to setup driver
Traceback (most recent call last):
  File "C:\laragon\www\dapokalsel\sekolah\import_url_kabupaten.pyw", line 435, in process_url_induk
    raise Exception("Failed to setup driver")
Exception: Failed to setup driver
2025-10-26 22:41:44,311 - INFO - Retry attempt 79/300...
2025-10-26 22:41:59,312 - INFO - Setting up Chrome driver...
2025-10-26 22:41:59,354 - INFO - Using profile directory: C:\Windows\Temp\chrome_scraper_profile
2025-10-26 22:41:59,354 - INFO - Initializing Chrome driver (attempt 1/3)...
2025-10-26 22:42:11,227 - INFO - patching driver executable C:\laragon\www\dapokalsel\sekolah\~\appdata\roaming\undetected_chromedriver\undetected_chromedriver.exe
2025-10-26 22:42:11,877 - ERROR - Attempt 1 failed: Binary Location Must be a String
2025-10-26 22:42:11,877 - INFO - Retrying in 5 seconds...
2025-10-26 22:42:16,877 - INFO - Initializing Chrome driver (attempt 2/3)...
2025-10-26 22:42:29,186 - ERROR - Attempt 2 failed: [WinError 2] The system cannot find the file specified: 'C:\\laragon\\www\\dapokalsel\\sekolah\\~\\appdata\\roaming\\undetected_chromedriver\\undetected\\chromedriver-win32\\chromedriver.exe' -> 'C:\\laragon\\www\\dapokalsel\\sekolah\\~\\appdata\\roaming\\undetected_chromedriver\\undetected_chromedriver.exe'
2025-10-26 22:42:29,187 - INFO - Retrying in 5 seconds...
2025-10-26 22:42:34,188 - INFO - Initializing Chrome driver (attempt 3/3)...
2025-10-26 22:42:45,336 - INFO - patching driver executable C:\laragon\www\dapokalsel\sekolah\~\appdata\roaming\undetected_chromedriver\undetected_chromedriver.exe
2025-10-26 22:42:46,402 - ERROR - Attempt 3 failed: you cannot reuse the ChromeOptions object
2025-10-26 22:42:46,405 - ERROR - All attempts failed to setup driver
Traceback (most recent call last):
  File "C:\laragon\www\dapokalsel\sekolah\import_url_kabupaten.pyw", line 115, in setup_driver
    driver = uc.Chrome(
  File "C:\laragon\bin\python\python-3.10\lib\site-packages\undetected_chromedriver\__init__.py", line 269, in __init__
    raise RuntimeError("you cannot reuse the ChromeOptions object")
RuntimeError: you cannot reuse the ChromeOptions object
2025-10-26 22:42:47,003 - ERROR - Error on attempt 79: Failed to setup driver
Traceback (most recent call last):
  File "C:\laragon\www\dapokalsel\sekolah\import_url_kabupaten.pyw", line 435, in process_url_induk
    raise Exception("Failed to setup driver")
Exception: Failed to setup driver
2025-10-26 22:42:47,004 - INFO - Retry attempt 80/300...
2025-10-26 22:43:02,005 - INFO - Setting up Chrome driver...
2025-10-26 22:43:02,005 - INFO - Using profile directory: C:\Windows\Temp\chrome_scraper_profile
2025-10-26 22:43:02,006 - INFO - Initializing Chrome driver (attempt 1/3)...
2025-10-26 22:43:05,634 - INFO - patching driver executable C:\laragon\www\dapokalsel\sekolah\~\appdata\roaming\undetected_chromedriver\undetected_chromedriver.exe
2025-10-26 22:43:05,781 - ERROR - Attempt 1 failed: Binary Location Must be a String
2025-10-26 22:43:05,781 - INFO - Retrying in 5 seconds...
2025-10-26 22:43:10,781 - INFO - Initializing Chrome driver (attempt 2/3)...
2025-10-26 22:43:22,819 - ERROR - Attempt 2 failed: [WinError 183] Cannot create a file when that file already exists: 'C:\\laragon\\www\\dapokalsel\\sekolah\\~\\appdata\\roaming\\undetected_chromedriver\\undetected\\chromedriver-win32\\chromedriver.exe' -> 'C:\\laragon\\www\\dapokalsel\\sekolah\\~\\appdata\\roaming\\undetected_chromedriver\\undetected_chromedriver.exe'
2025-10-26 22:43:22,819 - INFO - Retrying in 5 seconds...
2025-10-26 22:43:27,819 - INFO - Initializing Chrome driver (attempt 3/3)...
2025-10-26 22:43:33,885 - INFO - patching driver executable C:\laragon\www\dapokalsel\sekolah\~\appdata\roaming\undetected_chromedriver\undetected_chromedriver.exe
2025-10-26 22:43:33,962 - ERROR - Attempt 3 failed: you cannot reuse the ChromeOptions object
2025-10-26 22:43:33,962 - ERROR - All attempts failed to setup driver
Traceback (most recent call last):
  File "C:\laragon\www\dapokalsel\sekolah\import_url_kabupaten.pyw", line 115, in setup_driver
    driver = uc.Chrome(
  File "C:\laragon\bin\python\python-3.10\lib\site-packages\undetected_chromedriver\__init__.py", line 269, in __init__
    raise RuntimeError("you cannot reuse the ChromeOptions object")
RuntimeError: you cannot reuse the ChromeOptions object
2025-10-26 22:43:33,962 - ERROR - Error on attempt 80: Failed to setup driver
Traceback (most recent call last):
  File "C:\laragon\www\dapokalsel\sekolah\import_url_kabupaten.pyw", line 435, in process_url_induk
    raise Exception("Failed to setup driver")
Exception: Failed to setup driver
2025-10-26 22:43:33,963 - INFO - Retry attempt 81/300...
2025-10-26 22:43:48,963 - INFO - Setting up Chrome driver...
2025-10-26 22:43:48,964 - INFO - Using profile directory: C:\Windows\Temp\chrome_scraper_profile
2025-10-26 22:43:48,965 - INFO - Initializing Chrome driver (attempt 1/3)...
2025-10-26 22:43:53,922 - INFO - patching driver executable C:\laragon\www\dapokalsel\sekolah\~\appdata\roaming\undetected_chromedriver\undetected_chromedriver.exe
2025-10-26 22:43:54,066 - ERROR - Attempt 1 failed: Binary Location Must be a String
2025-10-26 22:43:54,066 - INFO - Retrying in 5 seconds...
2025-10-26 22:43:59,066 - INFO - Initializing Chrome driver (attempt 2/3)...
2025-10-26 22:44:04,735 - ERROR - Attempt 2 failed: [WinError 183] Cannot create a file when that file already exists: 'C:\\laragon\\www\\dapokalsel\\sekolah\\~\\appdata\\roaming\\undetected_chromedriver\\undetected\\chromedriver-win32\\chromedriver.exe' -> 'C:\\laragon\\www\\dapokalsel\\sekolah\\~\\appdata\\roaming\\undetected_chromedriver\\undetected_chromedriver.exe'
2025-10-26 22:44:04,736 - INFO - Retrying in 5 seconds...
2025-10-26 22:44:09,737 - INFO - Initializing Chrome driver (attempt 3/3)...
2025-10-26 22:44:15,996 - INFO - patching driver executable C:\laragon\www\dapokalsel\sekolah\~\appdata\roaming\undetected_chromedriver\undetected_chromedriver.exe
2025-10-26 22:44:16,174 - ERROR - Attempt 3 failed: you cannot reuse the ChromeOptions object
2025-10-26 22:44:16,174 - ERROR - All attempts failed to setup driver
Traceback (most recent call last):
  File "C:\laragon\www\dapokalsel\sekolah\import_url_kabupaten.pyw", line 115, in setup_driver
    driver = uc.Chrome(
  File "C:\laragon\bin\python\python-3.10\lib\site-packages\undetected_chromedriver\__init__.py", line 269, in __init__
    raise RuntimeError("you cannot reuse the ChromeOptions object")
RuntimeError: you cannot reuse the ChromeOptions object
2025-10-26 22:44:16,175 - ERROR - Error on attempt 81: Failed to setup driver
Traceback (most recent call last):
  File "C:\laragon\www\dapokalsel\sekolah\import_url_kabupaten.pyw", line 435, in process_url_induk
    raise Exception("Failed to setup driver")
Exception: Failed to setup driver
2025-10-26 22:44:16,176 - INFO - Retry attempt 82/300...
2025-10-26 22:44:31,176 - INFO - Setting up Chrome driver...
2025-10-26 22:44:31,176 - INFO - Using profile directory: C:\Windows\Temp\chrome_scraper_profile
2025-10-26 22:44:31,176 - INFO - Initializing Chrome driver (attempt 1/3)...
2025-10-26 22:44:40,328 - INFO - patching driver executable C:\laragon\www\dapokalsel\sekolah\~\appdata\roaming\undetected_chromedriver\undetected_chromedriver.exe
2025-10-26 22:44:40,479 - ERROR - Attempt 1 failed: Binary Location Must be a String
2025-10-26 22:44:40,479 - INFO - Retrying in 5 seconds...
2025-10-26 22:44:45,480 - INFO - Initializing Chrome driver (attempt 2/3)...
2025-10-26 22:44:53,060 - INFO - patching driver executable C:\laragon\www\dapokalsel\sekolah\~\appdata\roaming\undetected_chromedriver\undetected_chromedriver.exe
2025-10-26 22:44:53,357 - ERROR - Attempt 2 failed: you cannot reuse the ChromeOptions object
2025-10-26 22:44:53,357 - INFO - Retrying in 5 seconds...
2025-10-26 22:44:58,358 - INFO - Initializing Chrome driver (attempt 3/3)...
2025-10-26 22:45:07,961 - INFO - patching driver executable C:\laragon\www\dapokalsel\sekolah\~\appdata\roaming\undetected_chromedriver\undetected_chromedriver.exe
2025-10-26 22:45:08,332 - ERROR - Attempt 3 failed: you cannot reuse the ChromeOptions object
2025-10-26 22:45:08,332 - ERROR - All attempts failed to setup driver
Traceback (most recent call last):
  File "C:\laragon\www\dapokalsel\sekolah\import_url_kabupaten.pyw", line 115, in setup_driver
    driver = uc.Chrome(
  File "C:\laragon\bin\python\python-3.10\lib\site-packages\undetected_chromedriver\__init__.py", line 269, in __init__
    raise RuntimeError("you cannot reuse the ChromeOptions object")
RuntimeError: you cannot reuse the ChromeOptions object
2025-10-26 22:45:08,513 - ERROR - Error on attempt 82: Failed to setup driver
Traceback (most recent call last):
  File "C:\laragon\www\dapokalsel\sekolah\import_url_kabupaten.pyw", line 435, in process_url_induk
    raise Exception("Failed to setup driver")
Exception: Failed to setup driver
2025-10-26 22:45:08,639 - INFO - Retry attempt 83/300...
2025-10-26 22:45:23,640 - INFO - Setting up Chrome driver...
2025-10-26 22:45:23,688 - INFO - Using profile directory: C:\Windows\Temp\chrome_scraper_profile
2025-10-26 22:45:23,688 - INFO - Initializing Chrome driver (attempt 1/3)...
2025-10-26 22:45:36,038 - INFO - patching driver executable C:\laragon\www\dapokalsel\sekolah\~\appdata\roaming\undetected_chromedriver\undetected_chromedriver.exe
2025-10-26 22:45:36,433 - ERROR - Attempt 1 failed: Binary Location Must be a String
2025-10-26 22:45:36,433 - INFO - Retrying in 5 seconds...
2025-10-26 22:45:41,434 - INFO - Initializing Chrome driver (attempt 2/3)...
2025-10-26 22:45:49,041 - ERROR - Attempt 2 failed: [WinError 183] Cannot create a file when that file already exists: 'C:\\laragon\\www\\dapokalsel\\sekolah\\~\\appdata\\roaming\\undetected_chromedriver\\undetected\\chromedriver-win32\\chromedriver.exe' -> 'C:\\laragon\\www\\dapokalsel\\sekolah\\~\\appdata\\roaming\\undetected_chromedriver\\undetected_chromedriver.exe'
2025-10-26 22:45:49,041 - INFO - Retrying in 5 seconds...
2025-10-26 22:45:54,042 - INFO - Initializing Chrome driver (attempt 3/3)...
2025-10-26 22:46:06,857 - ERROR - Attempt 3 failed: [WinError 183] Cannot create a file when that file already exists: 'C:\\laragon\\www\\dapokalsel\\sekolah\\~\\appdata\\roaming\\undetected_chromedriver\\undetected\\chromedriver-win32\\chromedriver.exe' -> 'C:\\laragon\\www\\dapokalsel\\sekolah\\~\\appdata\\roaming\\undetected_chromedriver\\undetected_chromedriver.exe'
2025-10-26 22:46:06,858 - ERROR - All attempts failed to setup driver
Traceback (most recent call last):
  File "C:\laragon\www\dapokalsel\sekolah\import_url_kabupaten.pyw", line 115, in setup_driver
    driver = uc.Chrome(
  File "C:\laragon\bin\python\python-3.10\lib\site-packages\undetected_chromedriver\__init__.py", line 258, in __init__
    self.patcher.auto()
  File "C:\laragon\bin\python\python-3.10\lib\site-packages\undetected_chromedriver\patcher.py", line 178, in auto
    self.unzip_package(self.fetch_package())
  File "C:\laragon\bin\python\python-3.10\lib\site-packages\undetected_chromedriver\patcher.py", line 310, in unzip_package
    os.rename(os.path.join(self.zip_path, exe_path), self.executable_path)
FileExistsError: [WinError 183] Cannot create a file when that file already exists: 'C:\\laragon\\www\\dapokalsel\\sekolah\\~\\appdata\\roaming\\undetected_chromedriver\\undetected\\chromedriver-win32\\chromedriver.exe' -> 'C:\\laragon\\www\\dapokalsel\\sekolah\\~\\appdata\\roaming\\undetected_chromedriver\\undetected_chromedriver.exe'
2025-10-26 22:46:07,567 - ERROR - Error on attempt 83: Failed to setup driver
Traceback (most recent call last):
  File "C:\laragon\www\dapokalsel\sekolah\import_url_kabupaten.pyw", line 435, in process_url_induk
    raise Exception("Failed to setup driver")
Exception: Failed to setup driver
2025-10-26 22:46:07,793 - INFO - Retry attempt 84/300...
2025-10-26 22:46:22,794 - INFO - Setting up Chrome driver...
2025-10-26 22:46:22,950 - INFO - Using profile directory: C:\Windows\Temp\chrome_scraper_profile
2025-10-26 22:46:22,951 - INFO - Initializing Chrome driver (attempt 1/3)...
2025-10-26 22:46:34,592 - ERROR - Attempt 1 failed: [WinError 183] Cannot create a file when that file already exists: 'C:\\laragon\\www\\dapokalsel\\sekolah\\~\\appdata\\roaming\\undetected_chromedriver\\undetected\\chromedriver-win32\\chromedriver.exe' -> 'C:\\laragon\\www\\dapokalsel\\sekolah\\~\\appdata\\roaming\\undetected_chromedriver\\undetected_chromedriver.exe'
2025-10-26 22:46:34,592 - INFO - Retrying in 5 seconds...
2025-10-26 22:46:39,593 - INFO - Initializing Chrome driver (attempt 2/3)...
2025-10-26 22:46:46,704 - ERROR - Attempt 2 failed: [WinError 145] The directory is not empty: 'C:\\laragon\\www\\dapokalsel\\sekolah\\~\\appdata\\roaming\\undetected_chromedriver\\undetected'
2025-10-26 22:46:46,704 - INFO - Retrying in 5 seconds...
2025-10-26 22:46:51,704 - INFO - Initializing Chrome driver (attempt 3/3)...
2025-10-26 22:47:04,857 - ERROR - Attempt 3 failed: [WinError 183] Cannot create a file when that file already exists: 'C:\\laragon\\www\\dapokalsel\\sekolah\\~\\appdata\\roaming\\undetected_chromedriver\\undetected\\chromedriver-win32\\chromedriver.exe' -> 'C:\\laragon\\www\\dapokalsel\\sekolah\\~\\appdata\\roaming\\undetected_chromedriver\\undetected_chromedriver.exe'
2025-10-26 22:47:04,857 - ERROR - All attempts failed to setup driver
Traceback (most recent call last):
  File "C:\laragon\www\dapokalsel\sekolah\import_url_kabupaten.pyw", line 115, in setup_driver
    driver = uc.Chrome(
  File "C:\laragon\bin\python\python-3.10\lib\site-packages\undetected_chromedriver\__init__.py", line 258, in __init__
    self.patcher.auto()
  File "C:\laragon\bin\python\python-3.10\lib\site-packages\undetected_chromedriver\patcher.py", line 178, in auto
    self.unzip_package(self.fetch_package())
  File "C:\laragon\bin\python\python-3.10\lib\site-packages\undetected_chromedriver\patcher.py", line 310, in unzip_package
    os.rename(os.path.join(self.zip_path, exe_path), self.executable_path)
FileExistsError: [WinError 183] Cannot create a file when that file already exists: 'C:\\laragon\\www\\dapokalsel\\sekolah\\~\\appdata\\roaming\\undetected_chromedriver\\undetected\\chromedriver-win32\\chromedriver.exe' -> 'C:\\laragon\\www\\dapokalsel\\sekolah\\~\\appdata\\roaming\\undetected_chromedriver\\undetected_chromedriver.exe'
2025-10-26 22:47:05,130 - ERROR - Error on attempt 84: Failed to setup driver
Traceback (most recent call last):
  File "C:\laragon\www\dapokalsel\sekolah\import_url_kabupaten.pyw", line 435, in process_url_induk
    raise Exception("Failed to setup driver")
Exception: Failed to setup driver
2025-10-26 22:47:05,131 - INFO - Retry attempt 85/300...
2025-10-26 22:47:20,132 - INFO - Setting up Chrome driver...
2025-10-26 22:47:20,132 - INFO - Using profile directory: C:\Windows\Temp\chrome_scraper_profile
2025-10-26 22:47:20,132 - INFO - Initializing Chrome driver (attempt 1/3)...
2025-10-26 22:47:35,940 - ERROR - Attempt 1 failed: [WinError 183] Cannot create a file when that file already exists: 'C:\\laragon\\www\\dapokalsel\\sekolah\\~\\appdata\\roaming\\undetected_chromedriver\\undetected\\chromedriver-win32\\chromedriver.exe' -> 'C:\\laragon\\www\\dapokalsel\\sekolah\\~\\appdata\\roaming\\undetected_chromedriver\\undetected_chromedriver.exe'
2025-10-26 22:47:35,940 - INFO - Retrying in 5 seconds...
2025-10-26 22:47:40,940 - INFO - Initializing Chrome driver (attempt 2/3)...
2025-10-26 22:47:45,647 - INFO - patching driver executable C:\laragon\www\dapokalsel\sekolah\~\appdata\roaming\undetected_chromedriver\undetected_chromedriver.exe
2025-10-26 22:47:45,839 - ERROR - Attempt 2 failed: Binary Location Must be a String
2025-10-26 22:47:45,839 - INFO - Retrying in 5 seconds...
2025-10-26 22:47:50,840 - INFO - Initializing Chrome driver (attempt 3/3)...
2025-10-26 22:48:21,689 - ERROR - Attempt 3 failed: [WinError 183] Cannot create a file when that file already exists: 'C:\\laragon\\www\\dapokalsel\\sekolah\\~\\appdata\\roaming\\undetected_chromedriver\\undetected\\chromedriver-win32\\chromedriver.exe' -> 'C:\\laragon\\www\\dapokalsel\\sekolah\\~\\appdata\\roaming\\undetected_chromedriver\\undetected_chromedriver.exe'
2025-10-26 22:48:21,689 - ERROR - All attempts failed to setup driver
Traceback (most recent call last):
  File "C:\laragon\www\dapokalsel\sekolah\import_url_kabupaten.pyw", line 115, in setup_driver
    driver = uc.Chrome(
  File "C:\laragon\bin\python\python-3.10\lib\site-packages\undetected_chromedriver\__init__.py", line 258, in __init__
    self.patcher.auto()
  File "C:\laragon\bin\python\python-3.10\lib\site-packages\undetected_chromedriver\patcher.py", line 178, in auto
    self.unzip_package(self.fetch_package())
  File "C:\laragon\bin\python\python-3.10\lib\site-packages\undetected_chromedriver\patcher.py", line 310, in unzip_package
    os.rename(os.path.join(self.zip_path, exe_path), self.executable_path)
FileExistsError: [WinError 183] Cannot create a file when that file already exists: 'C:\\laragon\\www\\dapokalsel\\sekolah\\~\\appdata\\roaming\\undetected_chromedriver\\undetected\\chromedriver-win32\\chromedriver.exe' -> 'C:\\laragon\\www\\dapokalsel\\sekolah\\~\\appdata\\roaming\\undetected_chromedriver\\undetected_chromedriver.exe'
2025-10-26 22:48:21,690 - ERROR - Error on attempt 85: Failed to setup driver
Traceback (most recent call last):
  File "C:\laragon\www\dapokalsel\sekolah\import_url_kabupaten.pyw", line 435, in process_url_induk
    raise Exception("Failed to setup driver")
Exception: Failed to setup driver
2025-10-26 22:48:21,690 - INFO - Retry attempt 86/300...
2025-10-26 22:48:36,691 - INFO - Setting up Chrome driver...
2025-10-26 22:48:36,691 - INFO - Using profile directory: C:\Windows\Temp\chrome_scraper_profile
2025-10-26 22:48:36,691 - INFO - Initializing Chrome driver (attempt 1/3)...
2025-10-26 22:48:44,499 - ERROR - Attempt 1 failed: [WinError 183] Cannot create a file when that file already exists: 'C:\\laragon\\www\\dapokalsel\\sekolah\\~\\appdata\\roaming\\undetected_chromedriver\\undetected\\chromedriver-win32\\chromedriver.exe' -> 'C:\\laragon\\www\\dapokalsel\\sekolah\\~\\appdata\\roaming\\undetected_chromedriver\\undetected_chromedriver.exe'
2025-10-26 22:48:44,499 - INFO - Retrying in 5 seconds...
2025-10-26 22:48:49,500 - INFO - Initializing Chrome driver (attempt 2/3)...
2025-10-26 22:48:57,685 - INFO - patching driver executable C:\laragon\www\dapokalsel\sekolah\~\appdata\roaming\undetected_chromedriver\undetected_chromedriver.exe
2025-10-26 22:48:57,981 - ERROR - Attempt 2 failed: Binary Location Must be a String
2025-10-26 22:48:57,982 - INFO - Retrying in 5 seconds...
2025-10-26 22:49:02,982 - INFO - Initializing Chrome driver (attempt 3/3)...
2025-10-26 22:49:10,054 - ERROR - Attempt 3 failed: [WinError 183] Cannot create a file when that file already exists: 'C:\\laragon\\www\\dapokalsel\\sekolah\\~\\appdata\\roaming\\undetected_chromedriver\\undetected\\chromedriver-win32\\chromedriver.exe' -> 'C:\\laragon\\www\\dapokalsel\\sekolah\\~\\appdata\\roaming\\undetected_chromedriver\\undetected_chromedriver.exe'
2025-10-26 22:49:10,055 - ERROR - All attempts failed to setup driver
Traceback (most recent call last):
  File "C:\laragon\www\dapokalsel\sekolah\import_url_kabupaten.pyw", line 115, in setup_driver
    driver = uc.Chrome(
  File "C:\laragon\bin\python\python-3.10\lib\site-packages\undetected_chromedriver\__init__.py", line 258, in __init__
    self.patcher.auto()
  File "C:\laragon\bin\python\python-3.10\lib\site-packages\undetected_chromedriver\patcher.py", line 178, in auto
    self.unzip_package(self.fetch_package())
  File "C:\laragon\bin\python\python-3.10\lib\site-packages\undetected_chromedriver\patcher.py", line 310, in unzip_package
    os.rename(os.path.join(self.zip_path, exe_path), self.executable_path)
FileExistsError: [WinError 183] Cannot create a file when that file already exists: 'C:\\laragon\\www\\dapokalsel\\sekolah\\~\\appdata\\roaming\\undetected_chromedriver\\undetected\\chromedriver-win32\\chromedriver.exe' -> 'C:\\laragon\\www\\dapokalsel\\sekolah\\~\\appdata\\roaming\\undetected_chromedriver\\undetected_chromedriver.exe'
2025-10-26 22:49:10,055 - ERROR - Error on attempt 86: Failed to setup driver
Traceback (most recent call last):
  File "C:\laragon\www\dapokalsel\sekolah\import_url_kabupaten.pyw", line 435, in process_url_induk
    raise Exception("Failed to setup driver")
Exception: Failed to setup driver
2025-10-26 22:49:10,055 - INFO - Retry attempt 87/300...
2025-10-26 22:49:25,055 - INFO - Setting up Chrome driver...
2025-10-26 22:49:25,810 - INFO - Using profile directory: C:\Windows\Temp\chrome_scraper_profile
2025-10-26 22:49:25,811 - INFO - Initializing Chrome driver (attempt 1/3)...
2025-10-26 22:49:33,818 - ERROR - Attempt 1 failed: [WinError 183] Cannot create a file when that file already exists: 'C:\\laragon\\www\\dapokalsel\\sekolah\\~\\appdata\\roaming\\undetected_chromedriver\\undetected\\chromedriver-win32\\chromedriver.exe' -> 'C:\\laragon\\www\\dapokalsel\\sekolah\\~\\appdata\\roaming\\undetected_chromedriver\\undetected_chromedriver.exe'
2025-10-26 22:49:33,818 - INFO - Retrying in 5 seconds...
2025-10-26 22:49:38,818 - INFO - Initializing Chrome driver (attempt 2/3)...
2025-10-26 22:49:47,541 - ERROR - Attempt 2 failed: [WinError 183] Cannot create a file when that file already exists: 'C:\\laragon\\www\\dapokalsel\\sekolah\\~\\appdata\\roaming\\undetected_chromedriver\\undetected\\chromedriver-win32\\chromedriver.exe' -> 'C:\\laragon\\www\\dapokalsel\\sekolah\\~\\appdata\\roaming\\undetected_chromedriver\\undetected_chromedriver.exe'
2025-10-26 22:49:47,541 - INFO - Retrying in 5 seconds...
2025-10-26 22:49:52,542 - INFO - Initializing Chrome driver (attempt 3/3)...
2025-10-26 22:50:06,835 - INFO - patching driver executable C:\laragon\www\dapokalsel\sekolah\~\appdata\roaming\undetected_chromedriver\undetected_chromedriver.exe
2025-10-26 22:50:07,482 - ERROR - Attempt 3 failed: Binary Location Must be a String
2025-10-26 22:50:07,482 - ERROR - All attempts failed to setup driver
Traceback (most recent call last):
  File "C:\laragon\www\dapokalsel\sekolah\import_url_kabupaten.pyw", line 115, in setup_driver
    driver = uc.Chrome(
  File "C:\laragon\bin\python\python-3.10\lib\site-packages\undetected_chromedriver\__init__.py", line 372, in __init__
    options.binary_location = (
  File "C:\laragon\bin\python\python-3.10\lib\site-packages\selenium\webdriver\chromium\options.py", line 52, in binary_location
    raise TypeError(self.BINARY_LOCATION_ERROR)
TypeError: Binary Location Must be a String
2025-10-26 22:50:07,619 - ERROR - Error on attempt 87: Failed to setup driver
Traceback (most recent call last):
  File "C:\laragon\www\dapokalsel\sekolah\import_url_kabupaten.pyw", line 435, in process_url_induk
    raise Exception("Failed to setup driver")
Exception: Failed to setup driver
2025-10-26 22:50:07,689 - INFO - Retry attempt 88/300...
2025-10-26 22:50:22,690 - INFO - Setting up Chrome driver...
2025-10-26 22:50:22,946 - INFO - Using profile directory: C:\Windows\Temp\chrome_scraper_profile
2025-10-26 22:50:22,946 - INFO - Initializing Chrome driver (attempt 1/3)...
2025-10-26 22:50:40,893 - INFO - patching driver executable C:\laragon\www\dapokalsel\sekolah\~\appdata\roaming\undetected_chromedriver\undetected_chromedriver.exe
2025-10-26 22:50:44,463 - ERROR - Attempt 1 failed: Binary Location Must be a String
2025-10-26 22:50:44,463 - INFO - Retrying in 5 seconds...
2025-10-26 22:50:49,465 - INFO - Initializing Chrome driver (attempt 2/3)...
2025-10-26 22:51:01,729 - ERROR - Attempt 2 failed: [WinError 183] Cannot create a file when that file already exists: 'C:\\laragon\\www\\dapokalsel\\sekolah\\~\\appdata\\roaming\\undetected_chromedriver\\undetected\\chromedriver-win32\\chromedriver.exe' -> 'C:\\laragon\\www\\dapokalsel\\sekolah\\~\\appdata\\roaming\\undetected_chromedriver\\undetected_chromedriver.exe'
2025-10-26 22:51:01,730 - INFO - Retrying in 5 seconds...
2025-10-26 22:51:06,731 - INFO - Initializing Chrome driver (attempt 3/3)...
2025-10-26 22:51:22,838 - ERROR - Attempt 3 failed: [WinError 32] The process cannot access the file because it is being used by another process: 'C:\\laragon\\www\\dapokalsel\\sekolah\\~\\appdata\\roaming\\undetected_chromedriver\\undetected\\chromedriver-win32\\chromedriver.exe'
2025-10-26 22:51:22,838 - ERROR - All attempts failed to setup driver
Traceback (most recent call last):
  File "C:\laragon\www\dapokalsel\sekolah\import_url_kabupaten.pyw", line 115, in setup_driver
    driver = uc.Chrome(
  File "C:\laragon\bin\python\python-3.10\lib\site-packages\undetected_chromedriver\__init__.py", line 258, in __init__
    self.patcher.auto()
  File "C:\laragon\bin\python\python-3.10\lib\site-packages\undetected_chromedriver\patcher.py", line 178, in auto
    self.unzip_package(self.fetch_package())
  File "C:\laragon\bin\python\python-3.10\lib\site-packages\undetected_chromedriver\patcher.py", line 312, in unzip_package
    shutil.rmtree(self.zip_path)
  File "C:\laragon\bin\python\python-3.10\lib\shutil.py", line 749, in rmtree
    return _rmtree_unsafe(path, onerror)
  File "C:\laragon\bin\python\python-3.10\lib\shutil.py", line 614, in _rmtree_unsafe
    _rmtree_unsafe(fullname, onerror)
  File "C:\laragon\bin\python\python-3.10\lib\shutil.py", line 619, in _rmtree_unsafe
    onerror(os.unlink, fullname, sys.exc_info())
  File "C:\laragon\bin\python\python-3.10\lib\shutil.py", line 617, in _rmtree_unsafe
    os.unlink(fullname)
PermissionError: [WinError 32] The process cannot access the file because it is being used by another process: 'C:\\laragon\\www\\dapokalsel\\sekolah\\~\\appdata\\roaming\\undetected_chromedriver\\undetected\\chromedriver-win32\\chromedriver.exe'
2025-10-26 22:51:23,529 - ERROR - Error on attempt 88: Failed to setup driver
Traceback (most recent call last):
  File "C:\laragon\www\dapokalsel\sekolah\import_url_kabupaten.pyw", line 435, in process_url_induk
    raise Exception("Failed to setup driver")
Exception: Failed to setup driver
2025-10-26 22:51:23,530 - INFO - Retry attempt 89/300...
2025-10-26 22:51:38,531 - INFO - Setting up Chrome driver...
2025-10-26 22:51:38,606 - INFO - Using profile directory: C:\Windows\Temp\chrome_scraper_profile
2025-10-26 22:51:38,606 - INFO - Initializing Chrome driver (attempt 1/3)...
2025-10-26 22:51:46,785 - ERROR - Attempt 1 failed: [WinError 183] Cannot create a file when that file already exists: 'C:\\laragon\\www\\dapokalsel\\sekolah\\~\\appdata\\roaming\\undetected_chromedriver\\undetected\\chromedriver-win32\\chromedriver.exe' -> 'C:\\laragon\\www\\dapokalsel\\sekolah\\~\\appdata\\roaming\\undetected_chromedriver\\undetected_chromedriver.exe'
2025-10-26 22:51:46,786 - INFO - Retrying in 5 seconds...
2025-10-26 22:51:51,788 - INFO - Initializing Chrome driver (attempt 2/3)...
2025-10-26 22:52:00,533 - ERROR - Attempt 2 failed: [WinError 183] Cannot create a file when that file already exists: 'C:\\laragon\\www\\dapokalsel\\sekolah\\~\\appdata\\roaming\\undetected_chromedriver\\undetected\\chromedriver-win32\\chromedriver.exe' -> 'C:\\laragon\\www\\dapokalsel\\sekolah\\~\\appdata\\roaming\\undetected_chromedriver\\undetected_chromedriver.exe'
2025-10-26 22:52:00,533 - INFO - Retrying in 5 seconds...
2025-10-26 22:52:05,533 - INFO - Initializing Chrome driver (attempt 3/3)...
2025-10-26 22:52:16,491 - INFO - patching driver executable C:\laragon\www\dapokalsel\sekolah\~\appdata\roaming\undetected_chromedriver\undetected_chromedriver.exe
2025-10-26 22:52:17,684 - ERROR - Attempt 3 failed: Binary Location Must be a String
2025-10-26 22:52:17,684 - ERROR - All attempts failed to setup driver
Traceback (most recent call last):
  File "C:\laragon\www\dapokalsel\sekolah\import_url_kabupaten.pyw", line 115, in setup_driver
    driver = uc.Chrome(
  File "C:\laragon\bin\python\python-3.10\lib\site-packages\undetected_chromedriver\__init__.py", line 372, in __init__
    options.binary_location = (
  File "C:\laragon\bin\python\python-3.10\lib\site-packages\selenium\webdriver\chromium\options.py", line 52, in binary_location
    raise TypeError(self.BINARY_LOCATION_ERROR)
TypeError: Binary Location Must be a String
2025-10-26 22:52:18,673 - ERROR - Error on attempt 89: Failed to setup driver
Traceback (most recent call last):
  File "C:\laragon\www\dapokalsel\sekolah\import_url_kabupaten.pyw", line 435, in process_url_induk
    raise Exception("Failed to setup driver")
Exception: Failed to setup driver
2025-10-26 22:52:18,903 - INFO - Retry attempt 90/300...
2025-10-26 22:52:33,904 - INFO - Setting up Chrome driver...
2025-10-26 22:52:34,071 - INFO - Using profile directory: C:\Windows\Temp\chrome_scraper_profile
2025-10-26 22:52:34,072 - INFO - Initializing Chrome driver (attempt 1/3)...
2025-10-26 22:52:47,153 - INFO - patching driver executable C:\laragon\www\dapokalsel\sekolah\~\appdata\roaming\undetected_chromedriver\undetected_chromedriver.exe
2025-10-26 22:52:47,383 - ERROR - Attempt 1 failed: Binary Location Must be a String
2025-10-26 22:52:47,383 - INFO - Retrying in 5 seconds...
2025-10-26 22:52:52,384 - INFO - Initializing Chrome driver (attempt 2/3)...
2025-10-26 22:53:00,073 - INFO - patching driver executable C:\laragon\www\dapokalsel\sekolah\~\appdata\roaming\undetected_chromedriver\undetected_chromedriver.exe
2025-10-26 22:53:00,519 - ERROR - Attempt 2 failed: you cannot reuse the ChromeOptions object
2025-10-26 22:53:00,519 - INFO - Retrying in 5 seconds...
2025-10-26 22:53:05,520 - INFO - Initializing Chrome driver (attempt 3/3)...
2025-10-26 22:53:08,808 - INFO - patching driver executable C:\laragon\www\dapokalsel\sekolah\~\appdata\roaming\undetected_chromedriver\undetected_chromedriver.exe
2025-10-26 22:53:08,885 - ERROR - Attempt 3 failed: you cannot reuse the ChromeOptions object
2025-10-26 22:53:08,885 - ERROR - All attempts failed to setup driver
Traceback (most recent call last):
  File "C:\laragon\www\dapokalsel\sekolah\import_url_kabupaten.pyw", line 115, in setup_driver
    driver = uc.Chrome(
  File "C:\laragon\bin\python\python-3.10\lib\site-packages\undetected_chromedriver\__init__.py", line 269, in __init__
    raise RuntimeError("you cannot reuse the ChromeOptions object")
RuntimeError: you cannot reuse the ChromeOptions object
2025-10-26 22:53:08,886 - ERROR - Error on attempt 90: Failed to setup driver
Traceback (most recent call last):
  File "C:\laragon\www\dapokalsel\sekolah\import_url_kabupaten.pyw", line 435, in process_url_induk
    raise Exception("Failed to setup driver")
Exception: Failed to setup driver
2025-10-26 22:53:08,886 - INFO - Retry attempt 91/300...
2025-10-26 22:53:23,886 - INFO - Setting up Chrome driver...
2025-10-26 22:53:23,886 - INFO - Using profile directory: C:\Windows\Temp\chrome_scraper_profile
2025-10-26 22:53:23,886 - INFO - Initializing Chrome driver (attempt 1/3)...
2025-10-26 22:53:27,991 - INFO - patching driver executable C:\laragon\www\dapokalsel\sekolah\~\appdata\roaming\undetected_chromedriver\undetected_chromedriver.exe
2025-10-26 22:53:28,065 - ERROR - Attempt 1 failed: Binary Location Must be a String
2025-10-26 22:53:28,065 - INFO - Retrying in 5 seconds...
2025-10-26 22:53:33,066 - INFO - Initializing Chrome driver (attempt 2/3)...
2025-10-26 22:53:36,107 - INFO - patching driver executable C:\laragon\www\dapokalsel\sekolah\~\appdata\roaming\undetected_chromedriver\undetected_chromedriver.exe
2025-10-26 22:53:36,364 - ERROR - Attempt 2 failed: you cannot reuse the ChromeOptions object
2025-10-26 22:53:36,364 - INFO - Retrying in 5 seconds...
2025-10-26 22:53:41,365 - INFO - Initializing Chrome driver (attempt 3/3)...
2025-10-26 22:53:44,460 - INFO - patching driver executable C:\laragon\www\dapokalsel\sekolah\~\appdata\roaming\undetected_chromedriver\undetected_chromedriver.exe
2025-10-26 22:53:44,640 - ERROR - Attempt 3 failed: you cannot reuse the ChromeOptions object
2025-10-26 22:53:44,640 - ERROR - All attempts failed to setup driver
Traceback (most recent call last):
  File "C:\laragon\www\dapokalsel\sekolah\import_url_kabupaten.pyw", line 115, in setup_driver
    driver = uc.Chrome(
  File "C:\laragon\bin\python\python-3.10\lib\site-packages\undetected_chromedriver\__init__.py", line 269, in __init__
    raise RuntimeError("you cannot reuse the ChromeOptions object")
RuntimeError: you cannot reuse the ChromeOptions object
2025-10-26 22:53:44,642 - ERROR - Error on attempt 91: Failed to setup driver
Traceback (most recent call last):
  File "C:\laragon\www\dapokalsel\sekolah\import_url_kabupaten.pyw", line 435, in process_url_induk
    raise Exception("Failed to setup driver")
Exception: Failed to setup driver
2025-10-26 22:53:44,642 - INFO - Retry attempt 92/300...
2025-10-26 22:53:59,644 - INFO - Setting up Chrome driver...
2025-10-26 22:53:59,644 - INFO - Using profile directory: C:\Windows\Temp\chrome_scraper_profile
2025-10-26 22:53:59,644 - INFO - Initializing Chrome driver (attempt 1/3)...
2025-10-26 22:54:06,518 - INFO - patching driver executable C:\laragon\www\dapokalsel\sekolah\~\appdata\roaming\undetected_chromedriver\undetected_chromedriver.exe
2025-10-26 22:54:06,658 - ERROR - Attempt 1 failed: Binary Location Must be a String
2025-10-26 22:54:06,659 - INFO - Retrying in 5 seconds...
2025-10-26 22:54:11,659 - INFO - Initializing Chrome driver (attempt 2/3)...
2025-10-26 22:54:15,158 - INFO - patching driver executable C:\laragon\www\dapokalsel\sekolah\~\appdata\roaming\undetected_chromedriver\undetected_chromedriver.exe
2025-10-26 22:54:15,270 - ERROR - Attempt 2 failed: you cannot reuse the ChromeOptions object
2025-10-26 22:54:15,271 - INFO - Retrying in 5 seconds...
2025-10-26 22:54:20,271 - INFO - Initializing Chrome driver (attempt 3/3)...
2025-10-26 22:54:23,325 - INFO - patching driver executable C:\laragon\www\dapokalsel\sekolah\~\appdata\roaming\undetected_chromedriver\undetected_chromedriver.exe
2025-10-26 22:54:23,413 - ERROR - Attempt 3 failed: you cannot reuse the ChromeOptions object
2025-10-26 22:54:23,414 - ERROR - All attempts failed to setup driver
Traceback (most recent call last):
  File "C:\laragon\www\dapokalsel\sekolah\import_url_kabupaten.pyw", line 115, in setup_driver
    driver = uc.Chrome(
  File "C:\laragon\bin\python\python-3.10\lib\site-packages\undetected_chromedriver\__init__.py", line 269, in __init__
    raise RuntimeError("you cannot reuse the ChromeOptions object")
RuntimeError: you cannot reuse the ChromeOptions object
2025-10-26 22:54:23,414 - ERROR - Error on attempt 92: Failed to setup driver
Traceback (most recent call last):
  File "C:\laragon\www\dapokalsel\sekolah\import_url_kabupaten.pyw", line 435, in process_url_induk
    raise Exception("Failed to setup driver")
Exception: Failed to setup driver
2025-10-26 22:54:23,414 - INFO - Retry attempt 93/300...
2025-10-26 22:54:38,414 - INFO - Setting up Chrome driver...
2025-10-26 22:54:39,065 - INFO - Using profile directory: C:\Windows\Temp\chrome_scraper_profile
2025-10-26 22:54:39,065 - INFO - Initializing Chrome driver (attempt 1/3)...
2025-10-26 22:54:48,972 - ERROR - Attempt 1 failed: [WinError 183] Cannot create a file when that file already exists: 'C:\\laragon\\www\\dapokalsel\\sekolah\\~\\appdata\\roaming\\undetected_chromedriver\\undetected\\chromedriver-win32\\chromedriver.exe' -> 'C:\\laragon\\www\\dapokalsel\\sekolah\\~\\appdata\\roaming\\undetected_chromedriver\\undetected_chromedriver.exe'
2025-10-26 22:54:48,973 - INFO - Retrying in 5 seconds...
2025-10-26 22:54:53,974 - INFO - Initializing Chrome driver (attempt 2/3)...
2025-10-26 22:55:14,788 - INFO - patching driver executable C:\laragon\www\dapokalsel\sekolah\~\appdata\roaming\undetected_chromedriver\undetected_chromedriver.exe
2025-10-26 22:55:17,624 - ERROR - Attempt 2 failed: Binary Location Must be a String
2025-10-26 22:55:17,625 - INFO - Retrying in 5 seconds...
2025-10-26 22:55:22,625 - INFO - Initializing Chrome driver (attempt 3/3)...
2025-10-26 22:55:55,957 - ERROR - Attempt 3 failed: [WinError 183] Cannot create a file when that file already exists: 'C:\\laragon\\www\\dapokalsel\\sekolah\\~\\appdata\\roaming\\undetected_chromedriver\\undetected\\chromedriver-win32\\chromedriver.exe' -> 'C:\\laragon\\www\\dapokalsel\\sekolah\\~\\appdata\\roaming\\undetected_chromedriver\\undetected_chromedriver.exe'
2025-10-26 22:55:55,958 - ERROR - All attempts failed to setup driver
Traceback (most recent call last):
  File "C:\laragon\www\dapokalsel\sekolah\import_url_kabupaten.pyw", line 115, in setup_driver
    driver = uc.Chrome(
  File "C:\laragon\bin\python\python-3.10\lib\site-packages\undetected_chromedriver\__init__.py", line 258, in __init__
    self.patcher.auto()
  File "C:\laragon\bin\python\python-3.10\lib\site-packages\undetected_chromedriver\patcher.py", line 178, in auto
    self.unzip_package(self.fetch_package())
  File "C:\laragon\bin\python\python-3.10\lib\site-packages\undetected_chromedriver\patcher.py", line 310, in unzip_package
    os.rename(os.path.join(self.zip_path, exe_path), self.executable_path)
FileExistsError: [WinError 183] Cannot create a file when that file already exists: 'C:\\laragon\\www\\dapokalsel\\sekolah\\~\\appdata\\roaming\\undetected_chromedriver\\undetected\\chromedriver-win32\\chromedriver.exe' -> 'C:\\laragon\\www\\dapokalsel\\sekolah\\~\\appdata\\roaming\\undetected_chromedriver\\undetected_chromedriver.exe'
2025-10-26 22:55:57,306 - ERROR - Error on attempt 93: Failed to setup driver
Traceback (most recent call last):
  File "C:\laragon\www\dapokalsel\sekolah\import_url_kabupaten.pyw", line 435, in process_url_induk
    raise Exception("Failed to setup driver")
Exception: Failed to setup driver
2025-10-26 22:55:58,042 - INFO - Retry attempt 94/300...
2025-10-26 22:56:13,043 - INFO - Setting up Chrome driver...
2025-10-26 22:56:13,100 - INFO - Using profile directory: C:\Windows\Temp\chrome_scraper_profile
2025-10-26 22:56:13,101 - INFO - Initializing Chrome driver (attempt 1/3)...
2025-10-26 22:56:36,749 - INFO - patching driver executable C:\laragon\www\dapokalsel\sekolah\~\appdata\roaming\undetected_chromedriver\undetected_chromedriver.exe
2025-10-26 22:56:41,469 - ERROR - Attempt 1 failed: Binary Location Must be a String
2025-10-26 22:56:41,470 - INFO - Retrying in 5 seconds...
2025-10-26 22:56:46,471 - INFO - Initializing Chrome driver (attempt 2/3)...
2025-10-26 22:57:07,273 - INFO - patching driver executable C:\laragon\www\dapokalsel\sekolah\~\appdata\roaming\undetected_chromedriver\undetected_chromedriver.exe
2025-10-26 22:57:08,384 - ERROR - Attempt 2 failed: you cannot reuse the ChromeOptions object
2025-10-26 22:57:08,384 - INFO - Retrying in 5 seconds...
2025-10-26 22:57:13,384 - INFO - Initializing Chrome driver (attempt 3/3)...
2025-10-26 22:57:49,484 - INFO - patching driver executable C:\laragon\www\dapokalsel\sekolah\~\appdata\roaming\undetected_chromedriver\undetected_chromedriver.exe
2025-10-26 22:57:50,665 - ERROR - Attempt 3 failed: you cannot reuse the ChromeOptions object
2025-10-26 22:57:50,665 - ERROR - All attempts failed to setup driver
Traceback (most recent call last):
  File "C:\laragon\www\dapokalsel\sekolah\import_url_kabupaten.pyw", line 115, in setup_driver
    driver = uc.Chrome(
  File "C:\laragon\bin\python\python-3.10\lib\site-packages\undetected_chromedriver\__init__.py", line 269, in __init__
    raise RuntimeError("you cannot reuse the ChromeOptions object")
RuntimeError: you cannot reuse the ChromeOptions object
2025-10-26 22:57:50,917 - ERROR - Error on attempt 94: Failed to setup driver
Traceback (most recent call last):
  File "C:\laragon\www\dapokalsel\sekolah\import_url_kabupaten.pyw", line 435, in process_url_induk
    raise Exception("Failed to setup driver")
Exception: Failed to setup driver
2025-10-26 22:57:50,918 - INFO - Retry attempt 95/300...
2025-10-26 22:58:05,919 - INFO - Setting up Chrome driver...
2025-10-26 22:58:06,215 - INFO - Using profile directory: C:\Windows\Temp\chrome_scraper_profile
2025-10-26 22:58:06,215 - INFO - Initializing Chrome driver (attempt 1/3)...
2025-10-26 22:58:32,111 - INFO - patching driver executable C:\laragon\www\dapokalsel\sekolah\~\appdata\roaming\undetected_chromedriver\undetected_chromedriver.exe
2025-10-26 22:58:33,885 - ERROR - Attempt 1 failed: Binary Location Must be a String
2025-10-26 22:58:33,885 - INFO - Retrying in 5 seconds...
2025-10-26 22:58:38,885 - INFO - Initializing Chrome driver (attempt 2/3)...
2025-10-26 22:58:57,753 - ERROR - Attempt 2 failed: [WinError 183] Cannot create a file when that file already exists: 'C:\\laragon\\www\\dapokalsel\\sekolah\\~\\appdata\\roaming\\undetected_chromedriver\\undetected\\chromedriver-win32\\chromedriver.exe' -> 'C:\\laragon\\www\\dapokalsel\\sekolah\\~\\appdata\\roaming\\undetected_chromedriver\\undetected_chromedriver.exe'
2025-10-26 22:58:57,754 - INFO - Retrying in 5 seconds...
2025-10-26 22:59:02,755 - INFO - Initializing Chrome driver (attempt 3/3)...
2025-10-26 22:59:21,099 - INFO - patching driver executable C:\laragon\www\dapokalsel\sekolah\~\appdata\roaming\undetected_chromedriver\undetected_chromedriver.exe
2025-10-26 22:59:22,732 - ERROR - Attempt 3 failed: you cannot reuse the ChromeOptions object
2025-10-26 22:59:22,733 - ERROR - All attempts failed to setup driver
Traceback (most recent call last):
  File "C:\laragon\www\dapokalsel\sekolah\import_url_kabupaten.pyw", line 115, in setup_driver
    driver = uc.Chrome(
  File "C:\laragon\bin\python\python-3.10\lib\site-packages\undetected_chromedriver\__init__.py", line 269, in __init__
    raise RuntimeError("you cannot reuse the ChromeOptions object")
RuntimeError: you cannot reuse the ChromeOptions object
2025-10-26 22:59:23,249 - ERROR - Error on attempt 95: Failed to setup driver
Traceback (most recent call last):
  File "C:\laragon\www\dapokalsel\sekolah\import_url_kabupaten.pyw", line 435, in process_url_induk
    raise Exception("Failed to setup driver")
Exception: Failed to setup driver
2025-10-26 22:59:23,250 - INFO - Retry attempt 96/300...
2025-10-26 22:59:38,250 - INFO - Setting up Chrome driver...
2025-10-26 22:59:38,830 - INFO - Using profile directory: C:\Windows\Temp\chrome_scraper_profile
2025-10-26 22:59:38,831 - INFO - Initializing Chrome driver (attempt 1/3)...
2025-10-26 22:59:59,747 - INFO - patching driver executable C:\laragon\www\dapokalsel\sekolah\~\appdata\roaming\undetected_chromedriver\undetected_chromedriver.exe
2025-10-26 23:00:01,289 - ERROR - Attempt 1 failed: Binary Location Must be a String
2025-10-26 23:00:01,289 - INFO - Retrying in 5 seconds...
2025-10-26 23:00:06,290 - INFO - Initializing Chrome driver (attempt 2/3)...
2025-10-26 23:00:24,091 - INFO - patching driver executable C:\laragon\www\dapokalsel\sekolah\~\appdata\roaming\undetected_chromedriver\undetected_chromedriver.exe
2025-10-26 23:00:25,155 - ERROR - Attempt 2 failed: you cannot reuse the ChromeOptions object
2025-10-26 23:00:25,155 - INFO - Retrying in 5 seconds...
2025-10-26 23:00:30,155 - INFO - Initializing Chrome driver (attempt 3/3)...
2025-10-26 23:00:34,958 - ERROR - Attempt 3 failed: [WinError 183] Cannot create a file when that file already exists: 'C:\\laragon\\www\\dapokalsel\\sekolah\\~\\appdata\\roaming\\undetected_chromedriver\\undetected\\chromedriver-win32\\chromedriver.exe' -> 'C:\\laragon\\www\\dapokalsel\\sekolah\\~\\appdata\\roaming\\undetected_chromedriver\\undetected_chromedriver.exe'
2025-10-26 23:00:34,958 - ERROR - All attempts failed to setup driver
Traceback (most recent call last):
  File "C:\laragon\www\dapokalsel\sekolah\import_url_kabupaten.pyw", line 115, in setup_driver
    driver = uc.Chrome(
  File "C:\laragon\bin\python\python-3.10\lib\site-packages\undetected_chromedriver\__init__.py", line 258, in __init__
    self.patcher.auto()
  File "C:\laragon\bin\python\python-3.10\lib\site-packages\undetected_chromedriver\patcher.py", line 178, in auto
    self.unzip_package(self.fetch_package())
  File "C:\laragon\bin\python\python-3.10\lib\site-packages\undetected_chromedriver\patcher.py", line 310, in unzip_package
    os.rename(os.path.join(self.zip_path, exe_path), self.executable_path)
FileExistsError: [WinError 183] Cannot create a file when that file already exists: 'C:\\laragon\\www\\dapokalsel\\sekolah\\~\\appdata\\roaming\\undetected_chromedriver\\undetected\\chromedriver-win32\\chromedriver.exe' -> 'C:\\laragon\\www\\dapokalsel\\sekolah\\~\\appdata\\roaming\\undetected_chromedriver\\undetected_chromedriver.exe'
2025-10-26 23:00:34,959 - ERROR - Error on attempt 96: Failed to setup driver
Traceback (most recent call last):
  File "C:\laragon\www\dapokalsel\sekolah\import_url_kabupaten.pyw", line 435, in process_url_induk
    raise Exception("Failed to setup driver")
Exception: Failed to setup driver
2025-10-26 23:00:34,960 - INFO - Retry attempt 97/300...
2025-10-26 23:00:49,960 - INFO - Setting up Chrome driver...
2025-10-26 23:00:49,960 - INFO - Using profile directory: C:\Windows\Temp\chrome_scraper_profile
2025-10-26 23:00:49,960 - INFO - Initializing Chrome driver (attempt 1/3)...
2025-10-26 23:00:54,556 - INFO - patching driver executable C:\laragon\www\dapokalsel\sekolah\~\appdata\roaming\undetected_chromedriver\undetected_chromedriver.exe
2025-10-26 23:00:54,689 - ERROR - Attempt 1 failed: Binary Location Must be a String
2025-10-26 23:00:54,690 - INFO - Retrying in 5 seconds...
2025-10-26 23:00:59,691 - INFO - Initializing Chrome driver (attempt 2/3)...
2025-10-26 23:01:02,922 - INFO - patching driver executable C:\laragon\www\dapokalsel\sekolah\~\appdata\roaming\undetected_chromedriver\undetected_chromedriver.exe
2025-10-26 23:01:03,090 - ERROR - Attempt 2 failed: you cannot reuse the ChromeOptions object
2025-10-26 23:01:03,091 - INFO - Retrying in 5 seconds...
2025-10-26 23:01:08,092 - INFO - Initializing Chrome driver (attempt 3/3)...
2025-10-26 23:01:12,119 - INFO - patching driver executable C:\laragon\www\dapokalsel\sekolah\~\appdata\roaming\undetected_chromedriver\undetected_chromedriver.exe
2025-10-26 23:01:12,243 - ERROR - Attempt 3 failed: you cannot reuse the ChromeOptions object
2025-10-26 23:01:12,244 - ERROR - All attempts failed to setup driver
Traceback (most recent call last):
  File "C:\laragon\www\dapokalsel\sekolah\import_url_kabupaten.pyw", line 115, in setup_driver
    driver = uc.Chrome(
  File "C:\laragon\bin\python\python-3.10\lib\site-packages\undetected_chromedriver\__init__.py", line 269, in __init__
    raise RuntimeError("you cannot reuse the ChromeOptions object")
RuntimeError: you cannot reuse the ChromeOptions object
2025-10-26 23:01:12,244 - ERROR - Error on attempt 97: Failed to setup driver
Traceback (most recent call last):
  File "C:\laragon\www\dapokalsel\sekolah\import_url_kabupaten.pyw", line 435, in process_url_induk
    raise Exception("Failed to setup driver")
Exception: Failed to setup driver
2025-10-26 23:01:12,245 - INFO - Retry attempt 98/300...
2025-10-26 23:01:27,246 - INFO - Setting up Chrome driver...
2025-10-26 23:01:27,246 - INFO - Using profile directory: C:\Windows\Temp\chrome_scraper_profile
2025-10-26 23:01:27,246 - INFO - Initializing Chrome driver (attempt 1/3)...
2025-10-26 23:01:31,866 - ERROR - Attempt 1 failed: [WinError 183] Cannot create a file when that file already exists: 'C:\\laragon\\www\\dapokalsel\\sekolah\\~\\appdata\\roaming\\undetected_chromedriver\\undetected\\chromedriver-win32\\chromedriver.exe' -> 'C:\\laragon\\www\\dapokalsel\\sekolah\\~\\appdata\\roaming\\undetected_chromedriver\\undetected_chromedriver.exe'
2025-10-26 23:01:31,866 - INFO - Retrying in 5 seconds...
2025-10-26 23:01:36,866 - INFO - Initializing Chrome driver (attempt 2/3)...
2025-10-26 23:01:41,695 - INFO - patching driver executable C:\laragon\www\dapokalsel\sekolah\~\appdata\roaming\undetected_chromedriver\undetected_chromedriver.exe
2025-10-26 23:01:41,879 - ERROR - Attempt 2 failed: Binary Location Must be a String
2025-10-26 23:01:41,880 - INFO - Retrying in 5 seconds...
2025-10-26 23:01:46,880 - INFO - Initializing Chrome driver (attempt 3/3)...
2025-10-26 23:01:53,431 - INFO - patching driver executable C:\laragon\www\dapokalsel\sekolah\~\appdata\roaming\undetected_chromedriver\undetected_chromedriver.exe
2025-10-26 23:01:53,513 - ERROR - Attempt 3 failed: you cannot reuse the ChromeOptions object
2025-10-26 23:01:53,513 - ERROR - All attempts failed to setup driver
Traceback (most recent call last):
  File "C:\laragon\www\dapokalsel\sekolah\import_url_kabupaten.pyw", line 115, in setup_driver
    driver = uc.Chrome(
  File "C:\laragon\bin\python\python-3.10\lib\site-packages\undetected_chromedriver\__init__.py", line 269, in __init__
    raise RuntimeError("you cannot reuse the ChromeOptions object")
RuntimeError: you cannot reuse the ChromeOptions object
2025-10-26 23:01:53,514 - ERROR - Error on attempt 98: Failed to setup driver
Traceback (most recent call last):
  File "C:\laragon\www\dapokalsel\sekolah\import_url_kabupaten.pyw", line 435, in process_url_induk
    raise Exception("Failed to setup driver")
Exception: Failed to setup driver
2025-10-26 23:01:53,514 - INFO - Retry attempt 99/300...
2025-10-26 23:02:08,515 - INFO - Setting up Chrome driver...
2025-10-26 23:02:08,516 - INFO - Using profile directory: C:\Windows\Temp\chrome_scraper_profile
2025-10-26 23:02:08,516 - INFO - Initializing Chrome driver (attempt 1/3)...
2025-10-26 23:02:12,710 - INFO - patching driver executable C:\laragon\www\dapokalsel\sekolah\~\appdata\roaming\undetected_chromedriver\undetected_chromedriver.exe
2025-10-26 23:02:12,784 - ERROR - Attempt 1 failed: Binary Location Must be a String
2025-10-26 23:02:12,784 - INFO - Retrying in 5 seconds...
2025-10-26 23:02:17,784 - INFO - Initializing Chrome driver (attempt 2/3)...
2025-10-26 23:02:30,895 - ERROR - Attempt 2 failed: [WinError 32] The process cannot access the file because it is being used by another process: 'C:\\laragon\\www\\dapokalsel\\sekolah\\~\\appdata\\roaming\\undetected_chromedriver\\undetected\\chromedriver-win32\\THIRD_PARTY_NOTICES.chromedriver'
2025-10-26 23:02:30,895 - INFO - Retrying in 5 seconds...
2025-10-26 23:02:35,896 - INFO - Initializing Chrome driver (attempt 3/3)...
2025-10-26 23:02:47,467 - ERROR - Attempt 3 failed: [WinError 145] The directory is not empty: 'C:\\laragon\\www\\dapokalsel\\sekolah\\~\\appdata\\roaming\\undetected_chromedriver\\undetected\\chromedriver-win32'
2025-10-26 23:02:47,468 - ERROR - All attempts failed to setup driver
Traceback (most recent call last):
  File "C:\laragon\www\dapokalsel\sekolah\import_url_kabupaten.pyw", line 115, in setup_driver
    driver = uc.Chrome(
  File "C:\laragon\bin\python\python-3.10\lib\site-packages\undetected_chromedriver\__init__.py", line 258, in __init__
    self.patcher.auto()
  File "C:\laragon\bin\python\python-3.10\lib\site-packages\undetected_chromedriver\patcher.py", line 178, in auto
    self.unzip_package(self.fetch_package())
  File "C:\laragon\bin\python\python-3.10\lib\site-packages\undetected_chromedriver\patcher.py", line 312, in unzip_package
    shutil.rmtree(self.zip_path)
  File "C:\laragon\bin\python\python-3.10\lib\shutil.py", line 749, in rmtree
    return _rmtree_unsafe(path, onerror)
  File "C:\laragon\bin\python\python-3.10\lib\shutil.py", line 614, in _rmtree_unsafe
    _rmtree_unsafe(fullname, onerror)
  File "C:\laragon\bin\python\python-3.10\lib\shutil.py", line 623, in _rmtree_unsafe
    onerror(os.rmdir, path, sys.exc_info())
  File "C:\laragon\bin\python\python-3.10\lib\shutil.py", line 621, in _rmtree_unsafe
    os.rmdir(path)
OSError: [WinError 145] The directory is not empty: 'C:\\laragon\\www\\dapokalsel\\sekolah\\~\\appdata\\roaming\\undetected_chromedriver\\undetected\\chromedriver-win32'
2025-10-26 23:02:48,215 - ERROR - Error on attempt 99: Failed to setup driver
Traceback (most recent call last):
  File "C:\laragon\www\dapokalsel\sekolah\import_url_kabupaten.pyw", line 435, in process_url_induk
    raise Exception("Failed to setup driver")
Exception: Failed to setup driver
2025-10-26 23:02:48,306 - INFO - Retry attempt 100/300...
2025-10-26 23:03:03,306 - INFO - Setting up Chrome driver...
2025-10-26 23:03:03,397 - INFO - Using profile directory: C:\Windows\Temp\chrome_scraper_profile
2025-10-26 23:03:03,397 - INFO - Initializing Chrome driver (attempt 1/3)...
2025-10-26 23:03:19,761 - ERROR - Attempt 1 failed: [WinError 183] Cannot create a file when that file already exists: 'C:\\laragon\\www\\dapokalsel\\sekolah\\~\\appdata\\roaming\\undetected_chromedriver\\undetected\\chromedriver-win32\\chromedriver.exe' -> 'C:\\laragon\\www\\dapokalsel\\sekolah\\~\\appdata\\roaming\\undetected_chromedriver\\undetected_chromedriver.exe'
2025-10-26 23:03:19,762 - INFO - Retrying in 5 seconds...
2025-10-26 23:03:24,762 - INFO - Initializing Chrome driver (attempt 2/3)...
2025-10-26 23:03:44,006 - INFO - patching driver executable C:\laragon\www\dapokalsel\sekolah\~\appdata\roaming\undetected_chromedriver\undetected_chromedriver.exe
2025-10-26 23:03:45,265 - ERROR - Attempt 2 failed: Binary Location Must be a String
2025-10-26 23:03:45,265 - INFO - Retrying in 5 seconds...
2025-10-26 23:03:50,265 - INFO - Initializing Chrome driver (attempt 3/3)...
2025-10-26 23:04:01,895 - INFO - patching driver executable C:\laragon\www\dapokalsel\sekolah\~\appdata\roaming\undetected_chromedriver\undetected_chromedriver.exe
2025-10-26 23:04:02,697 - ERROR - Attempt 3 failed: you cannot reuse the ChromeOptions object
2025-10-26 23:04:02,698 - ERROR - All attempts failed to setup driver
Traceback (most recent call last):
  File "C:\laragon\www\dapokalsel\sekolah\import_url_kabupaten.pyw", line 115, in setup_driver
    driver = uc.Chrome(
  File "C:\laragon\bin\python\python-3.10\lib\site-packages\undetected_chromedriver\__init__.py", line 269, in __init__
    raise RuntimeError("you cannot reuse the ChromeOptions object")
RuntimeError: you cannot reuse the ChromeOptions object
2025-10-26 23:04:03,034 - ERROR - Error on attempt 100: Failed to setup driver
Traceback (most recent call last):
  File "C:\laragon\www\dapokalsel\sekolah\import_url_kabupaten.pyw", line 435, in process_url_induk
    raise Exception("Failed to setup driver")
Exception: Failed to setup driver
2025-10-26 23:04:03,337 - INFO - Retry attempt 101/300...
2025-10-26 23:04:18,338 - INFO - Setting up Chrome driver...
2025-10-26 23:04:18,470 - INFO - Using profile directory: C:\Windows\Temp\chrome_scraper_profile
2025-10-26 23:04:18,471 - INFO - Initializing Chrome driver (attempt 1/3)...
2025-10-26 23:04:38,352 - ERROR - Attempt 1 failed: [WinError 145] The directory is not empty: 'C:\\laragon\\www\\dapokalsel\\sekolah\\~\\appdata\\roaming\\undetected_chromedriver\\undetected\\chromedriver-win32'
2025-10-26 23:04:38,353 - INFO - Retrying in 5 seconds...
2025-10-26 23:04:43,353 - INFO - Initializing Chrome driver (attempt 2/3)...
2025-10-26 23:04:58,963 - INFO - patching driver executable C:\laragon\www\dapokalsel\sekolah\~\appdata\roaming\undetected_chromedriver\undetected_chromedriver.exe
2025-10-26 23:05:00,049 - ERROR - Attempt 2 failed: Binary Location Must be a String
2025-10-26 23:05:00,050 - INFO - Retrying in 5 seconds...
2025-10-26 23:05:05,051 - INFO - Initializing Chrome driver (attempt 3/3)...
2025-10-26 23:05:41,572 - INFO - patching driver executable C:\laragon\www\dapokalsel\sekolah\~\appdata\roaming\undetected_chromedriver\undetected_chromedriver.exe
2025-10-26 23:05:43,616 - ERROR - Attempt 3 failed: you cannot reuse the ChromeOptions object
2025-10-26 23:05:43,616 - ERROR - All attempts failed to setup driver
Traceback (most recent call last):
  File "C:\laragon\www\dapokalsel\sekolah\import_url_kabupaten.pyw", line 115, in setup_driver
    driver = uc.Chrome(
  File "C:\laragon\bin\python\python-3.10\lib\site-packages\undetected_chromedriver\__init__.py", line 269, in __init__
    raise RuntimeError("you cannot reuse the ChromeOptions object")
RuntimeError: you cannot reuse the ChromeOptions object
2025-10-26 23:05:43,617 - ERROR - Error on attempt 101: Failed to setup driver
Traceback (most recent call last):
  File "C:\laragon\www\dapokalsel\sekolah\import_url_kabupaten.pyw", line 435, in process_url_induk
    raise Exception("Failed to setup driver")
Exception: Failed to setup driver
2025-10-26 23:05:43,802 - INFO - Retry attempt 102/300...
2025-10-26 23:05:58,803 - INFO - Setting up Chrome driver...
2025-10-26 23:05:59,047 - INFO - Using profile directory: C:\Windows\Temp\chrome_scraper_profile
2025-10-26 23:05:59,048 - INFO - Initializing Chrome driver (attempt 1/3)...
2025-10-26 23:06:15,478 - ERROR - Attempt 1 failed: [WinError 183] Cannot create a file when that file already exists: 'C:\\laragon\\www\\dapokalsel\\sekolah\\~\\appdata\\roaming\\undetected_chromedriver\\undetected\\chromedriver-win32\\chromedriver.exe' -> 'C:\\laragon\\www\\dapokalsel\\sekolah\\~\\appdata\\roaming\\undetected_chromedriver\\undetected_chromedriver.exe'
2025-10-26 23:06:15,479 - INFO - Retrying in 5 seconds...
2025-10-26 23:06:20,481 - INFO - Initializing Chrome driver (attempt 2/3)...
2025-10-26 23:06:32,779 - INFO - patching driver executable C:\laragon\www\dapokalsel\sekolah\~\appdata\roaming\undetected_chromedriver\undetected_chromedriver.exe
2025-10-26 23:06:33,279 - ERROR - Attempt 2 failed: Binary Location Must be a String
2025-10-26 23:06:33,279 - INFO - Retrying in 5 seconds...
2025-10-26 23:06:38,280 - INFO - Initializing Chrome driver (attempt 3/3)...
2025-10-26 23:06:52,416 - INFO - patching driver executable C:\laragon\www\dapokalsel\sekolah\~\appdata\roaming\undetected_chromedriver\undetected_chromedriver.exe
2025-10-26 23:06:54,000 - ERROR - Attempt 3 failed: you cannot reuse the ChromeOptions object
2025-10-26 23:06:54,000 - ERROR - All attempts failed to setup driver
Traceback (most recent call last):
  File "C:\laragon\www\dapokalsel\sekolah\import_url_kabupaten.pyw", line 115, in setup_driver
    driver = uc.Chrome(
  File "C:\laragon\bin\python\python-3.10\lib\site-packages\undetected_chromedriver\__init__.py", line 269, in __init__
    raise RuntimeError("you cannot reuse the ChromeOptions object")
RuntimeError: you cannot reuse the ChromeOptions object
2025-10-26 23:06:54,001 - ERROR - Error on attempt 102: Failed to setup driver
Traceback (most recent call last):
  File "C:\laragon\www\dapokalsel\sekolah\import_url_kabupaten.pyw", line 435, in process_url_induk
    raise Exception("Failed to setup driver")
Exception: Failed to setup driver
2025-10-26 23:06:54,001 - INFO - Retry attempt 103/300...
2025-10-26 23:07:09,001 - INFO - Setting up Chrome driver...
2025-10-26 23:07:09,001 - INFO - Using profile directory: C:\Windows\Temp\chrome_scraper_profile
2025-10-26 23:07:09,001 - INFO - Initializing Chrome driver (attempt 1/3)...
2025-10-26 23:07:13,959 - INFO - patching driver executable C:\laragon\www\dapokalsel\sekolah\~\appdata\roaming\undetected_chromedriver\undetected_chromedriver.exe
2025-10-26 23:07:14,033 - ERROR - Attempt 1 failed: Binary Location Must be a String
2025-10-26 23:07:14,033 - INFO - Retrying in 5 seconds...
2025-10-26 23:07:19,033 - INFO - Initializing Chrome driver (attempt 2/3)...
2025-10-26 23:07:23,391 - INFO - patching driver executable C:\laragon\www\dapokalsel\sekolah\~\appdata\roaming\undetected_chromedriver\undetected_chromedriver.exe
2025-10-26 23:07:23,512 - ERROR - Attempt 2 failed: you cannot reuse the ChromeOptions object
2025-10-26 23:07:23,512 - INFO - Retrying in 5 seconds...
2025-10-26 23:07:28,513 - INFO - Initializing Chrome driver (attempt 3/3)...
2025-10-26 23:07:40,544 - INFO - patching driver executable C:\laragon\www\dapokalsel\sekolah\~\appdata\roaming\undetected_chromedriver\undetected_chromedriver.exe
2025-10-26 23:07:41,288 - ERROR - Attempt 3 failed: you cannot reuse the ChromeOptions object
2025-10-26 23:07:41,288 - ERROR - All attempts failed to setup driver
Traceback (most recent call last):
  File "C:\laragon\www\dapokalsel\sekolah\import_url_kabupaten.pyw", line 115, in setup_driver
    driver = uc.Chrome(
  File "C:\laragon\bin\python\python-3.10\lib\site-packages\undetected_chromedriver\__init__.py", line 269, in __init__
    raise RuntimeError("you cannot reuse the ChromeOptions object")
RuntimeError: you cannot reuse the ChromeOptions object
2025-10-26 23:07:41,544 - ERROR - Error on attempt 103: Failed to setup driver
Traceback (most recent call last):
  File "C:\laragon\www\dapokalsel\sekolah\import_url_kabupaten.pyw", line 435, in process_url_induk
    raise Exception("Failed to setup driver")
Exception: Failed to setup driver
2025-10-26 23:07:41,715 - INFO - Retry attempt 104/300...
2025-10-26 23:07:56,717 - INFO - Setting up Chrome driver...
2025-10-26 23:07:56,807 - INFO - Using profile directory: C:\Windows\Temp\chrome_scraper_profile
2025-10-26 23:07:56,807 - INFO - Initializing Chrome driver (attempt 1/3)...
2025-10-26 23:08:04,821 - INFO - patching driver executable C:\laragon\www\dapokalsel\sekolah\~\appdata\roaming\undetected_chromedriver\undetected_chromedriver.exe
2025-10-26 23:08:05,245 - ERROR - Attempt 1 failed: Binary Location Must be a String
2025-10-26 23:08:05,245 - INFO - Retrying in 5 seconds...
2025-10-26 23:08:10,245 - INFO - Initializing Chrome driver (attempt 2/3)...
2025-10-26 23:08:21,815 - ERROR - Attempt 2 failed: [WinError 32] The process cannot access the file because it is being used by another process: 'C:\\laragon\\www\\dapokalsel\\sekolah\\~\\appdata\\roaming\\undetected_chromedriver\\undetected\\chromedriver-win32\\THIRD_PARTY_NOTICES.chromedriver'
2025-10-26 23:08:21,816 - INFO - Retrying in 5 seconds...
2025-10-26 23:08:26,817 - INFO - Initializing Chrome driver (attempt 3/3)...
2025-10-26 23:08:37,430 - ERROR - Attempt 3 failed: [WinError 32] The process cannot access the file because it is being used by another process: 'C:\\laragon\\www\\dapokalsel\\sekolah\\~\\appdata\\roaming\\undetected_chromedriver\\undetected\\chromedriver-win32\\THIRD_PARTY_NOTICES.chromedriver'
2025-10-26 23:08:37,430 - ERROR - All attempts failed to setup driver
Traceback (most recent call last):
  File "C:\laragon\www\dapokalsel\sekolah\import_url_kabupaten.pyw", line 115, in setup_driver
    driver = uc.Chrome(
  File "C:\laragon\bin\python\python-3.10\lib\site-packages\undetected_chromedriver\__init__.py", line 258, in __init__
    self.patcher.auto()
  File "C:\laragon\bin\python\python-3.10\lib\site-packages\undetected_chromedriver\patcher.py", line 178, in auto
    self.unzip_package(self.fetch_package())
  File "C:\laragon\bin\python\python-3.10\lib\site-packages\undetected_chromedriver\patcher.py", line 312, in unzip_package
    shutil.rmtree(self.zip_path)
  File "C:\laragon\bin\python\python-3.10\lib\shutil.py", line 749, in rmtree
    return _rmtree_unsafe(path, onerror)
  File "C:\laragon\bin\python\python-3.10\lib\shutil.py", line 614, in _rmtree_unsafe
    _rmtree_unsafe(fullname, onerror)
  File "C:\laragon\bin\python\python-3.10\lib\shutil.py", line 619, in _rmtree_unsafe
    onerror(os.unlink, fullname, sys.exc_info())
  File "C:\laragon\bin\python\python-3.10\lib\shutil.py", line 617, in _rmtree_unsafe
    os.unlink(fullname)
PermissionError: [WinError 32] The process cannot access the file because it is being used by another process: 'C:\\laragon\\www\\dapokalsel\\sekolah\\~\\appdata\\roaming\\undetected_chromedriver\\undetected\\chromedriver-win32\\THIRD_PARTY_NOTICES.chromedriver'
2025-10-26 23:08:37,904 - ERROR - Error on attempt 104: Failed to setup driver
Traceback (most recent call last):
  File "C:\laragon\www\dapokalsel\sekolah\import_url_kabupaten.pyw", line 435, in process_url_induk
    raise Exception("Failed to setup driver")
Exception: Failed to setup driver
2025-10-26 23:08:38,073 - INFO - Retry attempt 105/300...
2025-10-26 23:08:53,073 - INFO - Setting up Chrome driver...
2025-10-26 23:08:53,081 - INFO - Using profile directory: C:\Windows\Temp\chrome_scraper_profile
2025-10-26 23:08:53,081 - INFO - Initializing Chrome driver (attempt 1/3)...
2025-10-26 23:09:00,271 - ERROR - Attempt 1 failed: [WinError 183] Cannot create a file when that file already exists: 'C:\\laragon\\www\\dapokalsel\\sekolah\\~\\appdata\\roaming\\undetected_chromedriver\\undetected\\chromedriver-win32\\chromedriver.exe' -> 'C:\\laragon\\www\\dapokalsel\\sekolah\\~\\appdata\\roaming\\undetected_chromedriver\\undetected_chromedriver.exe'
2025-10-26 23:09:00,272 - INFO - Retrying in 5 seconds...
2025-10-26 23:09:05,272 - INFO - Initializing Chrome driver (attempt 2/3)...
2025-10-26 23:09:18,170 - INFO - patching driver executable C:\laragon\www\dapokalsel\sekolah\~\appdata\roaming\undetected_chromedriver\undetected_chromedriver.exe
2025-10-26 23:09:18,733 - ERROR - Attempt 2 failed: Binary Location Must be a String
2025-10-26 23:09:18,733 - INFO - Retrying in 5 seconds...
2025-10-26 23:09:23,734 - INFO - Initializing Chrome driver (attempt 3/3)...
2025-10-26 23:09:35,383 - ERROR - Attempt 3 failed: [WinError 183] Cannot create a file when that file already exists: 'C:\\laragon\\www\\dapokalsel\\sekolah\\~\\appdata\\roaming\\undetected_chromedriver\\undetected\\chromedriver-win32\\chromedriver.exe' -> 'C:\\laragon\\www\\dapokalsel\\sekolah\\~\\appdata\\roaming\\undetected_chromedriver\\undetected_chromedriver.exe'
2025-10-26 23:09:35,384 - ERROR - All attempts failed to setup driver
Traceback (most recent call last):
  File "C:\laragon\www\dapokalsel\sekolah\import_url_kabupaten.pyw", line 115, in setup_driver
    driver = uc.Chrome(
  File "C:\laragon\bin\python\python-3.10\lib\site-packages\undetected_chromedriver\__init__.py", line 258, in __init__
    self.patcher.auto()
  File "C:\laragon\bin\python\python-3.10\lib\site-packages\undetected_chromedriver\patcher.py", line 178, in auto
    self.unzip_package(self.fetch_package())
  File "C:\laragon\bin\python\python-3.10\lib\site-packages\undetected_chromedriver\patcher.py", line 310, in unzip_package
    os.rename(os.path.join(self.zip_path, exe_path), self.executable_path)
FileExistsError: [WinError 183] Cannot create a file when that file already exists: 'C:\\laragon\\www\\dapokalsel\\sekolah\\~\\appdata\\roaming\\undetected_chromedriver\\undetected\\chromedriver-win32\\chromedriver.exe' -> 'C:\\laragon\\www\\dapokalsel\\sekolah\\~\\appdata\\roaming\\undetected_chromedriver\\undetected_chromedriver.exe'
2025-10-26 23:09:35,386 - ERROR - Error on attempt 105: Failed to setup driver
Traceback (most recent call last):
  File "C:\laragon\www\dapokalsel\sekolah\import_url_kabupaten.pyw", line 435, in process_url_induk
    raise Exception("Failed to setup driver")
Exception: Failed to setup driver
2025-10-26 23:09:35,387 - INFO - Retry attempt 106/300...
2025-10-26 23:09:50,388 - INFO - Setting up Chrome driver...
2025-10-26 23:09:50,660 - INFO - Using profile directory: C:\Windows\Temp\chrome_scraper_profile
2025-10-26 23:09:50,661 - INFO - Initializing Chrome driver (attempt 1/3)...
2025-10-26 23:10:01,002 - INFO - patching driver executable C:\laragon\www\dapokalsel\sekolah\~\appdata\roaming\undetected_chromedriver\undetected_chromedriver.exe
2025-10-26 23:10:01,888 - ERROR - Attempt 1 failed: Binary Location Must be a String
2025-10-26 23:10:01,889 - INFO - Retrying in 5 seconds...
2025-10-26 23:10:06,890 - INFO - Initializing Chrome driver (attempt 2/3)...
2025-10-26 23:10:19,628 - INFO - patching driver executable C:\laragon\www\dapokalsel\sekolah\~\appdata\roaming\undetected_chromedriver\undetected_chromedriver.exe
2025-10-26 23:10:20,716 - ERROR - Attempt 2 failed: you cannot reuse the ChromeOptions object
2025-10-26 23:10:20,716 - INFO - Retrying in 5 seconds...
2025-10-26 23:10:25,717 - INFO - Initializing Chrome driver (attempt 3/3)...
2025-10-26 23:10:50,273 - ERROR - Attempt 3 failed: [WinError 183] Cannot create a file when that file already exists: 'C:\\laragon\\www\\dapokalsel\\sekolah\\~\\appdata\\roaming\\undetected_chromedriver\\undetected\\chromedriver-win32\\chromedriver.exe' -> 'C:\\laragon\\www\\dapokalsel\\sekolah\\~\\appdata\\roaming\\undetected_chromedriver\\undetected_chromedriver.exe'
2025-10-26 23:10:50,274 - ERROR - All attempts failed to setup driver
Traceback (most recent call last):
  File "C:\laragon\www\dapokalsel\sekolah\import_url_kabupaten.pyw", line 115, in setup_driver
    driver = uc.Chrome(
  File "C:\laragon\bin\python\python-3.10\lib\site-packages\undetected_chromedriver\__init__.py", line 258, in __init__
    self.patcher.auto()
  File "C:\laragon\bin\python\python-3.10\lib\site-packages\undetected_chromedriver\patcher.py", line 178, in auto
    self.unzip_package(self.fetch_package())
  File "C:\laragon\bin\python\python-3.10\lib\site-packages\undetected_chromedriver\patcher.py", line 310, in unzip_package
    os.rename(os.path.join(self.zip_path, exe_path), self.executable_path)
FileExistsError: [WinError 183] Cannot create a file when that file already exists: 'C:\\laragon\\www\\dapokalsel\\sekolah\\~\\appdata\\roaming\\undetected_chromedriver\\undetected\\chromedriver-win32\\chromedriver.exe' -> 'C:\\laragon\\www\\dapokalsel\\sekolah\\~\\appdata\\roaming\\undetected_chromedriver\\undetected_chromedriver.exe'
2025-10-26 23:10:50,274 - ERROR - Error on attempt 106: Failed to setup driver
Traceback (most recent call last):
  File "C:\laragon\www\dapokalsel\sekolah\import_url_kabupaten.pyw", line 435, in process_url_induk
    raise Exception("Failed to setup driver")
Exception: Failed to setup driver
2025-10-26 23:10:50,274 - INFO - Retry attempt 107/300...
2025-10-26 23:11:05,275 - INFO - Setting up Chrome driver...
2025-10-26 23:11:05,276 - INFO - Using profile directory: C:\Windows\Temp\chrome_scraper_profile
2025-10-26 23:11:05,277 - INFO - Initializing Chrome driver (attempt 1/3)...
2025-10-26 23:11:10,065 - INFO - patching driver executable C:\laragon\www\dapokalsel\sekolah\~\appdata\roaming\undetected_chromedriver\undetected_chromedriver.exe
2025-10-26 23:11:10,163 - ERROR - Attempt 1 failed: Binary Location Must be a String
2025-10-26 23:11:10,164 - INFO - Retrying in 5 seconds...
2025-10-26 23:11:15,164 - INFO - Initializing Chrome driver (attempt 2/3)...
2025-10-26 23:11:23,764 - ERROR - Attempt 2 failed: [WinError 183] Cannot create a file when that file already exists: 'C:\\laragon\\www\\dapokalsel\\sekolah\\~\\appdata\\roaming\\undetected_chromedriver\\undetected\\chromedriver-win32\\chromedriver.exe' -> 'C:\\laragon\\www\\dapokalsel\\sekolah\\~\\appdata\\roaming\\undetected_chromedriver\\undetected_chromedriver.exe'
2025-10-26 23:11:23,764 - INFO - Retrying in 5 seconds...
2025-10-26 23:11:28,765 - INFO - Initializing Chrome driver (attempt 3/3)...
2025-10-26 23:11:39,142 - ERROR - Attempt 3 failed: [WinError 183] Cannot create a file when that file already exists: 'C:\\laragon\\www\\dapokalsel\\sekolah\\~\\appdata\\roaming\\undetected_chromedriver\\undetected\\chromedriver-win32\\chromedriver.exe' -> 'C:\\laragon\\www\\dapokalsel\\sekolah\\~\\appdata\\roaming\\undetected_chromedriver\\undetected_chromedriver.exe'
2025-10-26 23:11:39,142 - ERROR - All attempts failed to setup driver
Traceback (most recent call last):
  File "C:\laragon\www\dapokalsel\sekolah\import_url_kabupaten.pyw", line 115, in setup_driver
    driver = uc.Chrome(
  File "C:\laragon\bin\python\python-3.10\lib\site-packages\undetected_chromedriver\__init__.py", line 258, in __init__
    self.patcher.auto()
  File "C:\laragon\bin\python\python-3.10\lib\site-packages\undetected_chromedriver\patcher.py", line 178, in auto
    self.unzip_package(self.fetch_package())
  File "C:\laragon\bin\python\python-3.10\lib\site-packages\undetected_chromedriver\patcher.py", line 310, in unzip_package
    os.rename(os.path.join(self.zip_path, exe_path), self.executable_path)
FileExistsError: [WinError 183] Cannot create a file when that file already exists: 'C:\\laragon\\www\\dapokalsel\\sekolah\\~\\appdata\\roaming\\undetected_chromedriver\\undetected\\chromedriver-win32\\chromedriver.exe' -> 'C:\\laragon\\www\\dapokalsel\\sekolah\\~\\appdata\\roaming\\undetected_chromedriver\\undetected_chromedriver.exe'
2025-10-26 23:11:39,476 - ERROR - Error on attempt 107: Failed to setup driver
Traceback (most recent call last):
  File "C:\laragon\www\dapokalsel\sekolah\import_url_kabupaten.pyw", line 435, in process_url_induk
    raise Exception("Failed to setup driver")
Exception: Failed to setup driver
2025-10-26 23:11:39,593 - INFO - Retry attempt 108/300...
2025-10-26 23:11:54,594 - INFO - Setting up Chrome driver...
2025-10-26 23:11:54,856 - INFO - Using profile directory: C:\Windows\Temp\chrome_scraper_profile
2025-10-26 23:11:54,856 - INFO - Initializing Chrome driver (attempt 1/3)...
2025-10-26 23:12:06,414 - ERROR - Attempt 1 failed: [WinError 32] The process cannot access the file because it is being used by another process: 'C:\\laragon\\www\\dapokalsel\\sekolah\\~\\appdata\\roaming\\undetected_chromedriver\\undetected\\chromedriver-win32\\chromedriver.exe'
2025-10-26 23:12:06,414 - INFO - Retrying in 5 seconds...
2025-10-26 23:12:11,414 - INFO - Initializing Chrome driver (attempt 2/3)...
2025-10-26 23:12:22,669 - ERROR - Attempt 2 failed: [WinError 2] The system cannot find the file specified: 'C:\\laragon\\www\\dapokalsel\\sekolah\\~\\appdata\\roaming\\undetected_chromedriver\\undetected\\chromedriver-win32\\chromedriver.exe' -> 'C:\\laragon\\www\\dapokalsel\\sekolah\\~\\appdata\\roaming\\undetected_chromedriver\\undetected_chromedriver.exe'
2025-10-26 23:12:22,670 - INFO - Retrying in 5 seconds...
2025-10-26 23:12:27,671 - INFO - Initializing Chrome driver (attempt 3/3)...
2025-10-26 23:12:34,281 - INFO - patching driver executable C:\laragon\www\dapokalsel\sekolah\~\appdata\roaming\undetected_chromedriver\undetected_chromedriver.exe
2025-10-26 23:12:35,250 - ERROR - Attempt 3 failed: Binary Location Must be a String
2025-10-26 23:12:35,250 - ERROR - All attempts failed to setup driver
Traceback (most recent call last):
  File "C:\laragon\www\dapokalsel\sekolah\import_url_kabupaten.pyw", line 115, in setup_driver
    driver = uc.Chrome(
  File "C:\laragon\bin\python\python-3.10\lib\site-packages\undetected_chromedriver\__init__.py", line 372, in __init__
    options.binary_location = (
  File "C:\laragon\bin\python\python-3.10\lib\site-packages\selenium\webdriver\chromium\options.py", line 52, in binary_location
    raise TypeError(self.BINARY_LOCATION_ERROR)
TypeError: Binary Location Must be a String
2025-10-26 23:12:35,884 - ERROR - Error on attempt 108: Failed to setup driver
Traceback (most recent call last):
  File "C:\laragon\www\dapokalsel\sekolah\import_url_kabupaten.pyw", line 435, in process_url_induk
    raise Exception("Failed to setup driver")
Exception: Failed to setup driver
2025-10-26 23:12:36,001 - INFO - Retry attempt 109/300...
2025-10-26 23:12:51,001 - INFO - Setting up Chrome driver...
2025-10-26 23:12:51,202 - INFO - Using profile directory: C:\Windows\Temp\chrome_scraper_profile
2025-10-26 23:12:51,202 - INFO - Initializing Chrome driver (attempt 1/3)...
2025-10-26 23:13:02,398 - INFO - patching driver executable C:\laragon\www\dapokalsel\sekolah\~\appdata\roaming\undetected_chromedriver\undetected_chromedriver.exe
2025-10-26 23:13:03,050 - ERROR - Attempt 1 failed: Binary Location Must be a String
2025-10-26 23:13:03,051 - INFO - Retrying in 5 seconds...
2025-10-26 23:13:08,052 - INFO - Initializing Chrome driver (attempt 2/3)...
2025-10-26 23:13:17,568 - INFO - patching driver executable C:\laragon\www\dapokalsel\sekolah\~\appdata\roaming\undetected_chromedriver\undetected_chromedriver.exe
2025-10-26 23:13:18,254 - ERROR - Attempt 2 failed: you cannot reuse the ChromeOptions object
2025-10-26 23:13:18,254 - INFO - Retrying in 5 seconds...
2025-10-26 23:13:23,254 - INFO - Initializing Chrome driver (attempt 3/3)...
2025-10-26 23:13:34,444 - INFO - patching driver executable C:\laragon\www\dapokalsel\sekolah\~\appdata\roaming\undetected_chromedriver\undetected_chromedriver.exe
2025-10-26 23:13:35,182 - ERROR - Attempt 3 failed: you cannot reuse the ChromeOptions object
2025-10-26 23:13:35,182 - ERROR - All attempts failed to setup driver
Traceback (most recent call last):
  File "C:\laragon\www\dapokalsel\sekolah\import_url_kabupaten.pyw", line 115, in setup_driver
    driver = uc.Chrome(
  File "C:\laragon\bin\python\python-3.10\lib\site-packages\undetected_chromedriver\__init__.py", line 269, in __init__
    raise RuntimeError("you cannot reuse the ChromeOptions object")
RuntimeError: you cannot reuse the ChromeOptions object
2025-10-26 23:13:35,827 - ERROR - Error on attempt 109: Failed to setup driver
Traceback (most recent call last):
  File "C:\laragon\www\dapokalsel\sekolah\import_url_kabupaten.pyw", line 435, in process_url_induk
    raise Exception("Failed to setup driver")
Exception: Failed to setup driver
2025-10-26 23:13:35,827 - INFO - Retry attempt 110/300...
2025-10-26 23:13:50,828 - INFO - Setting up Chrome driver...
2025-10-26 23:13:50,828 - INFO - Using profile directory: C:\Windows\Temp\chrome_scraper_profile
2025-10-26 23:13:50,828 - INFO - Initializing Chrome driver (attempt 1/3)...
2025-10-26 23:13:58,762 - ERROR - Attempt 1 failed: [WinError 183] Cannot create a file when that file already exists: 'C:\\laragon\\www\\dapokalsel\\sekolah\\~\\appdata\\roaming\\undetected_chromedriver\\undetected\\chromedriver-win32\\chromedriver.exe' -> 'C:\\laragon\\www\\dapokalsel\\sekolah\\~\\appdata\\roaming\\undetected_chromedriver\\undetected_chromedriver.exe'
2025-10-26 23:13:58,763 - INFO - Retrying in 5 seconds...
2025-10-26 23:14:03,763 - INFO - Initializing Chrome driver (attempt 2/3)...
2025-10-26 23:14:10,450 - ERROR - Attempt 2 failed: [WinError 183] Cannot create a file when that file already exists: 'C:\\laragon\\www\\dapokalsel\\sekolah\\~\\appdata\\roaming\\undetected_chromedriver\\undetected\\chromedriver-win32\\chromedriver.exe' -> 'C:\\laragon\\www\\dapokalsel\\sekolah\\~\\appdata\\roaming\\undetected_chromedriver\\undetected_chromedriver.exe'
2025-10-26 23:14:10,450 - INFO - Retrying in 5 seconds...
2025-10-26 23:14:15,452 - INFO - Initializing Chrome driver (attempt 3/3)...
2025-10-26 23:14:25,553 - INFO - patching driver executable C:\laragon\www\dapokalsel\sekolah\~\appdata\roaming\undetected_chromedriver\undetected_chromedriver.exe
2025-10-26 23:14:26,626 - ERROR - Attempt 3 failed: Binary Location Must be a String
2025-10-26 23:14:26,626 - ERROR - All attempts failed to setup driver
Traceback (most recent call last):
  File "C:\laragon\www\dapokalsel\sekolah\import_url_kabupaten.pyw", line 115, in setup_driver
    driver = uc.Chrome(
  File "C:\laragon\bin\python\python-3.10\lib\site-packages\undetected_chromedriver\__init__.py", line 372, in __init__
    options.binary_location = (
  File "C:\laragon\bin\python\python-3.10\lib\site-packages\selenium\webdriver\chromium\options.py", line 52, in binary_location
    raise TypeError(self.BINARY_LOCATION_ERROR)
TypeError: Binary Location Must be a String
2025-10-26 23:14:26,679 - ERROR - Error on attempt 110: Failed to setup driver
Traceback (most recent call last):
  File "C:\laragon\www\dapokalsel\sekolah\import_url_kabupaten.pyw", line 435, in process_url_induk
    raise Exception("Failed to setup driver")
Exception: Failed to setup driver
2025-10-26 23:14:26,762 - INFO - Retry attempt 111/300...
2025-10-26 23:14:41,763 - INFO - Setting up Chrome driver...
2025-10-26 23:14:41,851 - INFO - Using profile directory: C:\Windows\Temp\chrome_scraper_profile
2025-10-26 23:14:41,851 - INFO - Initializing Chrome driver (attempt 1/3)...
2025-10-26 23:14:55,813 - INFO - patching driver executable C:\laragon\www\dapokalsel\sekolah\~\appdata\roaming\undetected_chromedriver\undetected_chromedriver.exe
2025-10-26 23:14:56,874 - ERROR - Attempt 1 failed: Binary Location Must be a String
2025-10-26 23:14:56,874 - INFO - Retrying in 5 seconds...
2025-10-26 23:15:01,874 - INFO - Initializing Chrome driver (attempt 2/3)...
2025-10-26 23:15:16,845 - INFO - patching driver executable C:\laragon\www\dapokalsel\sekolah\~\appdata\roaming\undetected_chromedriver\undetected_chromedriver.exe
2025-10-26 23:15:18,302 - ERROR - Attempt 2 failed: you cannot reuse the ChromeOptions object
2025-10-26 23:15:18,303 - INFO - Retrying in 5 seconds...
2025-10-26 23:15:23,303 - INFO - Initializing Chrome driver (attempt 3/3)...
2025-10-26 23:15:34,124 - ERROR - Attempt 3 failed: [WinError 32] The process cannot access the file because it is being used by another process: 'C:\\laragon\\www\\dapokalsel\\sekolah\\~\\appdata\\roaming\\undetected_chromedriver\\undetected\\chromedriver-win32\\chromedriver.exe'
2025-10-26 23:15:34,125 - ERROR - All attempts failed to setup driver
Traceback (most recent call last):
  File "C:\laragon\www\dapokalsel\sekolah\import_url_kabupaten.pyw", line 115, in setup_driver
    driver = uc.Chrome(
  File "C:\laragon\bin\python\python-3.10\lib\site-packages\undetected_chromedriver\__init__.py", line 258, in __init__
    self.patcher.auto()
  File "C:\laragon\bin\python\python-3.10\lib\site-packages\undetected_chromedriver\patcher.py", line 178, in auto
    self.unzip_package(self.fetch_package())
  File "C:\laragon\bin\python\python-3.10\lib\site-packages\undetected_chromedriver\patcher.py", line 312, in unzip_package
    shutil.rmtree(self.zip_path)
  File "C:\laragon\bin\python\python-3.10\lib\shutil.py", line 749, in rmtree
    return _rmtree_unsafe(path, onerror)
  File "C:\laragon\bin\python\python-3.10\lib\shutil.py", line 614, in _rmtree_unsafe
    _rmtree_unsafe(fullname, onerror)
  File "C:\laragon\bin\python\python-3.10\lib\shutil.py", line 619, in _rmtree_unsafe
    onerror(os.unlink, fullname, sys.exc_info())
  File "C:\laragon\bin\python\python-3.10\lib\shutil.py", line 617, in _rmtree_unsafe
    os.unlink(fullname)
PermissionError: [WinError 32] The process cannot access the file because it is being used by another process: 'C:\\laragon\\www\\dapokalsel\\sekolah\\~\\appdata\\roaming\\undetected_chromedriver\\undetected\\chromedriver-win32\\chromedriver.exe'
2025-10-26 23:15:34,454 - ERROR - Error on attempt 111: Failed to setup driver
Traceback (most recent call last):
  File "C:\laragon\www\dapokalsel\sekolah\import_url_kabupaten.pyw", line 435, in process_url_induk
    raise Exception("Failed to setup driver")
Exception: Failed to setup driver
2025-10-26 23:15:34,511 - INFO - Retry attempt 112/300...
2025-10-26 23:15:49,513 - INFO - Setting up Chrome driver...
2025-10-26 23:15:49,667 - INFO - Using profile directory: C:\Windows\Temp\chrome_scraper_profile
2025-10-26 23:15:49,667 - INFO - Initializing Chrome driver (attempt 1/3)...
2025-10-26 23:16:00,737 - INFO - patching driver executable C:\laragon\www\dapokalsel\sekolah\~\appdata\roaming\undetected_chromedriver\undetected_chromedriver.exe
2025-10-26 23:16:01,592 - ERROR - Attempt 1 failed: Binary Location Must be a String
2025-10-26 23:16:01,592 - INFO - Retrying in 5 seconds...
2025-10-26 23:16:06,592 - INFO - Initializing Chrome driver (attempt 2/3)...
2025-10-26 23:16:16,112 - ERROR - Attempt 2 failed: [WinError 183] Cannot create a file when that file already exists: 'C:\\laragon\\www\\dapokalsel\\sekolah\\~\\appdata\\roaming\\undetected_chromedriver\\undetected\\chromedriver-win32\\chromedriver.exe' -> 'C:\\laragon\\www\\dapokalsel\\sekolah\\~\\appdata\\roaming\\undetected_chromedriver\\undetected_chromedriver.exe'
2025-10-26 23:16:16,113 - INFO - Retrying in 5 seconds...
2025-10-26 23:16:21,113 - INFO - Initializing Chrome driver (attempt 3/3)...
2025-10-26 23:16:33,004 - INFO - patching driver executable C:\laragon\www\dapokalsel\sekolah\~\appdata\roaming\undetected_chromedriver\undetected_chromedriver.exe
2025-10-26 23:16:34,956 - ERROR - Attempt 3 failed: you cannot reuse the ChromeOptions object
2025-10-26 23:16:34,957 - ERROR - All attempts failed to setup driver
Traceback (most recent call last):
  File "C:\laragon\www\dapokalsel\sekolah\import_url_kabupaten.pyw", line 115, in setup_driver
    driver = uc.Chrome(
  File "C:\laragon\bin\python\python-3.10\lib\site-packages\undetected_chromedriver\__init__.py", line 269, in __init__
    raise RuntimeError("you cannot reuse the ChromeOptions object")
RuntimeError: you cannot reuse the ChromeOptions object
2025-10-26 23:16:35,243 - ERROR - Error on attempt 112: Failed to setup driver
Traceback (most recent call last):
  File "C:\laragon\www\dapokalsel\sekolah\import_url_kabupaten.pyw", line 435, in process_url_induk
    raise Exception("Failed to setup driver")
Exception: Failed to setup driver
2025-10-26 23:16:35,244 - INFO - Retry attempt 113/300...
2025-10-26 23:16:50,245 - INFO - Setting up Chrome driver...
2025-10-26 23:16:50,257 - INFO - Using profile directory: C:\Windows\Temp\chrome_scraper_profile
2025-10-26 23:16:50,258 - INFO - Initializing Chrome driver (attempt 1/3)...
2025-10-26 23:16:56,236 - INFO - patching driver executable C:\laragon\www\dapokalsel\sekolah\~\appdata\roaming\undetected_chromedriver\undetected_chromedriver.exe
2025-10-26 23:16:56,411 - ERROR - Attempt 1 failed: Binary Location Must be a String
2025-10-26 23:16:56,411 - INFO - Retrying in 5 seconds...
2025-10-26 23:17:01,412 - INFO - Initializing Chrome driver (attempt 2/3)...
2025-10-26 23:17:09,902 - ERROR - Attempt 2 failed: [Errno 13] Permission denied: 'C:\\laragon\\www\\dapokalsel\\sekolah\\~\\appdata\\roaming\\undetected_chromedriver\\undetected\\chromedriver-win32\\chromedriver.exe'
2025-10-26 23:17:09,902 - INFO - Retrying in 5 seconds...
2025-10-26 23:17:14,902 - INFO - Initializing Chrome driver (attempt 3/3)...
2025-10-26 23:17:24,967 - ERROR - Attempt 3 failed: [WinError 32] The process cannot access the file because it is being used by another process: 'C:\\laragon\\www\\dapokalsel\\sekolah\\~\\appdata\\roaming\\undetected_chromedriver\\undetected\\chromedriver-win32\\chromedriver.exe'
2025-10-26 23:17:24,967 - ERROR - All attempts failed to setup driver
Traceback (most recent call last):
  File "C:\laragon\www\dapokalsel\sekolah\import_url_kabupaten.pyw", line 115, in setup_driver
    driver = uc.Chrome(
  File "C:\laragon\bin\python\python-3.10\lib\site-packages\undetected_chromedriver\__init__.py", line 258, in __init__
    self.patcher.auto()
  File "C:\laragon\bin\python\python-3.10\lib\site-packages\undetected_chromedriver\patcher.py", line 178, in auto
    self.unzip_package(self.fetch_package())
  File "C:\laragon\bin\python\python-3.10\lib\site-packages\undetected_chromedriver\patcher.py", line 312, in unzip_package
    shutil.rmtree(self.zip_path)
  File "C:\laragon\bin\python\python-3.10\lib\shutil.py", line 749, in rmtree
    return _rmtree_unsafe(path, onerror)
  File "C:\laragon\bin\python\python-3.10\lib\shutil.py", line 614, in _rmtree_unsafe
    _rmtree_unsafe(fullname, onerror)
  File "C:\laragon\bin\python\python-3.10\lib\shutil.py", line 619, in _rmtree_unsafe
    onerror(os.unlink, fullname, sys.exc_info())
  File "C:\laragon\bin\python\python-3.10\lib\shutil.py", line 617, in _rmtree_unsafe
    os.unlink(fullname)
PermissionError: [WinError 32] The process cannot access the file because it is being used by another process: 'C:\\laragon\\www\\dapokalsel\\sekolah\\~\\appdata\\roaming\\undetected_chromedriver\\undetected\\chromedriver-win32\\chromedriver.exe'
2025-10-26 23:17:25,389 - ERROR - Error on attempt 113: Failed to setup driver
Traceback (most recent call last):
  File "C:\laragon\www\dapokalsel\sekolah\import_url_kabupaten.pyw", line 435, in process_url_induk
    raise Exception("Failed to setup driver")
Exception: Failed to setup driver
2025-10-26 23:17:25,461 - INFO - Retry attempt 114/300...
2025-10-26 23:17:40,463 - INFO - Setting up Chrome driver...
2025-10-26 23:17:40,476 - INFO - Using profile directory: C:\Windows\Temp\chrome_scraper_profile
2025-10-26 23:17:40,476 - INFO - Initializing Chrome driver (attempt 1/3)...
2025-10-26 23:17:49,879 - INFO - patching driver executable C:\laragon\www\dapokalsel\sekolah\~\appdata\roaming\undetected_chromedriver\undetected_chromedriver.exe
2025-10-26 23:17:51,049 - ERROR - Attempt 1 failed: Binary Location Must be a String
2025-10-26 23:17:51,049 - INFO - Retrying in 5 seconds...
2025-10-26 23:17:56,051 - INFO - Initializing Chrome driver (attempt 2/3)...
2025-10-26 23:18:06,391 - ERROR - Attempt 2 failed: [WinError 183] Cannot create a file when that file already exists: 'C:\\laragon\\www\\dapokalsel\\sekolah\\~\\appdata\\roaming\\undetected_chromedriver\\undetected\\chromedriver-win32\\chromedriver.exe' -> 'C:\\laragon\\www\\dapokalsel\\sekolah\\~\\appdata\\roaming\\undetected_chromedriver\\undetected_chromedriver.exe'
2025-10-26 23:18:06,392 - INFO - Retrying in 5 seconds...
2025-10-26 23:18:11,393 - INFO - Initializing Chrome driver (attempt 3/3)...
2025-10-26 23:18:20,882 - ERROR - Attempt 3 failed: [WinError 183] Cannot create a file when that file already exists: 'C:\\laragon\\www\\dapokalsel\\sekolah\\~\\appdata\\roaming\\undetected_chromedriver\\undetected\\chromedriver-win32\\chromedriver.exe' -> 'C:\\laragon\\www\\dapokalsel\\sekolah\\~\\appdata\\roaming\\undetected_chromedriver\\undetected_chromedriver.exe'
2025-10-26 23:18:20,882 - ERROR - All attempts failed to setup driver
Traceback (most recent call last):
  File "C:\laragon\www\dapokalsel\sekolah\import_url_kabupaten.pyw", line 115, in setup_driver
    driver = uc.Chrome(
  File "C:\laragon\bin\python\python-3.10\lib\site-packages\undetected_chromedriver\__init__.py", line 258, in __init__
    self.patcher.auto()
  File "C:\laragon\bin\python\python-3.10\lib\site-packages\undetected_chromedriver\patcher.py", line 178, in auto
    self.unzip_package(self.fetch_package())
  File "C:\laragon\bin\python\python-3.10\lib\site-packages\undetected_chromedriver\patcher.py", line 310, in unzip_package
    os.rename(os.path.join(self.zip_path, exe_path), self.executable_path)
FileExistsError: [WinError 183] Cannot create a file when that file already exists: 'C:\\laragon\\www\\dapokalsel\\sekolah\\~\\appdata\\roaming\\undetected_chromedriver\\undetected\\chromedriver-win32\\chromedriver.exe' -> 'C:\\laragon\\www\\dapokalsel\\sekolah\\~\\appdata\\roaming\\undetected_chromedriver\\undetected_chromedriver.exe'
2025-10-26 23:18:21,093 - ERROR - Error on attempt 114: Failed to setup driver
Traceback (most recent call last):
  File "C:\laragon\www\dapokalsel\sekolah\import_url_kabupaten.pyw", line 435, in process_url_induk
    raise Exception("Failed to setup driver")
Exception: Failed to setup driver
2025-10-26 23:18:21,154 - INFO - Retry attempt 115/300...
2025-10-26 23:18:36,154 - INFO - Setting up Chrome driver...
2025-10-26 23:18:36,179 - INFO - Using profile directory: C:\Windows\Temp\chrome_scraper_profile
2025-10-26 23:18:36,179 - INFO - Initializing Chrome driver (attempt 1/3)...
2025-10-26 23:18:45,593 - INFO - patching driver executable C:\laragon\www\dapokalsel\sekolah\~\appdata\roaming\undetected_chromedriver\undetected_chromedriver.exe
2025-10-26 23:18:46,494 - ERROR - Attempt 1 failed: Binary Location Must be a String
2025-10-26 23:18:46,494 - INFO - Retrying in 5 seconds...
2025-10-26 23:18:51,495 - INFO - Initializing Chrome driver (attempt 2/3)...
2025-10-26 23:19:01,707 - ERROR - Attempt 2 failed: [WinError 183] Cannot create a file when that file already exists: 'C:\\laragon\\www\\dapokalsel\\sekolah\\~\\appdata\\roaming\\undetected_chromedriver\\undetected\\chromedriver-win32\\chromedriver.exe' -> 'C:\\laragon\\www\\dapokalsel\\sekolah\\~\\appdata\\roaming\\undetected_chromedriver\\undetected_chromedriver.exe'
2025-10-26 23:19:01,708 - INFO - Retrying in 5 seconds...
2025-10-26 23:19:06,709 - INFO - Initializing Chrome driver (attempt 3/3)...
2025-10-26 23:19:15,134 - ERROR - Attempt 3 failed: [WinError 183] Cannot create a file when that file already exists: 'C:\\laragon\\www\\dapokalsel\\sekolah\\~\\appdata\\roaming\\undetected_chromedriver\\undetected\\chromedriver-win32\\chromedriver.exe' -> 'C:\\laragon\\www\\dapokalsel\\sekolah\\~\\appdata\\roaming\\undetected_chromedriver\\undetected_chromedriver.exe'
2025-10-26 23:19:15,134 - ERROR - All attempts failed to setup driver
Traceback (most recent call last):
  File "C:\laragon\www\dapokalsel\sekolah\import_url_kabupaten.pyw", line 115, in setup_driver
    driver = uc.Chrome(
  File "C:\laragon\bin\python\python-3.10\lib\site-packages\undetected_chromedriver\__init__.py", line 258, in __init__
    self.patcher.auto()
  File "C:\laragon\bin\python\python-3.10\lib\site-packages\undetected_chromedriver\patcher.py", line 178, in auto
    self.unzip_package(self.fetch_package())
  File "C:\laragon\bin\python\python-3.10\lib\site-packages\undetected_chromedriver\patcher.py", line 310, in unzip_package
    os.rename(os.path.join(self.zip_path, exe_path), self.executable_path)
FileExistsError: [WinError 183] Cannot create a file when that file already exists: 'C:\\laragon\\www\\dapokalsel\\sekolah\\~\\appdata\\roaming\\undetected_chromedriver\\undetected\\chromedriver-win32\\chromedriver.exe' -> 'C:\\laragon\\www\\dapokalsel\\sekolah\\~\\appdata\\roaming\\undetected_chromedriver\\undetected_chromedriver.exe'
2025-10-26 23:19:15,135 - ERROR - Error on attempt 115: Failed to setup driver
Traceback (most recent call last):
  File "C:\laragon\www\dapokalsel\sekolah\import_url_kabupaten.pyw", line 435, in process_url_induk
    raise Exception("Failed to setup driver")
Exception: Failed to setup driver
2025-10-26 23:19:15,136 - INFO - Retry attempt 116/300...
2025-10-26 23:19:30,136 - INFO - Setting up Chrome driver...
2025-10-26 23:19:30,136 - INFO - Using profile directory: C:\Windows\Temp\chrome_scraper_profile
2025-10-26 23:19:30,136 - INFO - Initializing Chrome driver (attempt 1/3)...
2025-10-26 23:19:35,731 - INFO - patching driver executable C:\laragon\www\dapokalsel\sekolah\~\appdata\roaming\undetected_chromedriver\undetected_chromedriver.exe
2025-10-26 23:19:36,084 - ERROR - Attempt 1 failed: Binary Location Must be a String
2025-10-26 23:19:36,084 - INFO - Retrying in 5 seconds...
2025-10-26 23:19:41,084 - INFO - Initializing Chrome driver (attempt 2/3)...
2025-10-26 23:19:50,865 - ERROR - Attempt 2 failed: [WinError 32] The process cannot access the file because it is being used by another process: 'C:\\laragon\\www\\dapokalsel\\sekolah\\~\\appdata\\roaming\\undetected_chromedriver\\undetected\\chromedriver-win32\\THIRD_PARTY_NOTICES.chromedriver'
2025-10-26 23:19:50,865 - INFO - Retrying in 5 seconds...
2025-10-26 23:19:55,866 - INFO - Initializing Chrome driver (attempt 3/3)...
2025-10-26 23:20:06,218 - ERROR - Attempt 3 failed: [WinError 32] The process cannot access the file because it is being used by another process: 'C:\\laragon\\www\\dapokalsel\\sekolah\\~\\appdata\\roaming\\undetected_chromedriver\\undetected\\chromedriver-win32\\chromedriver.exe' -> 'C:\\laragon\\www\\dapokalsel\\sekolah\\~\\appdata\\roaming\\undetected_chromedriver\\undetected_chromedriver.exe'
2025-10-26 23:20:06,219 - ERROR - All attempts failed to setup driver
Traceback (most recent call last):
  File "C:\laragon\www\dapokalsel\sekolah\import_url_kabupaten.pyw", line 115, in setup_driver
    driver = uc.Chrome(
  File "C:\laragon\bin\python\python-3.10\lib\site-packages\undetected_chromedriver\__init__.py", line 258, in __init__
    self.patcher.auto()
  File "C:\laragon\bin\python\python-3.10\lib\site-packages\undetected_chromedriver\patcher.py", line 178, in auto
    self.unzip_package(self.fetch_package())
  File "C:\laragon\bin\python\python-3.10\lib\site-packages\undetected_chromedriver\patcher.py", line 310, in unzip_package
    os.rename(os.path.join(self.zip_path, exe_path), self.executable_path)
PermissionError: [WinError 32] The process cannot access the file because it is being used by another process: 'C:\\laragon\\www\\dapokalsel\\sekolah\\~\\appdata\\roaming\\undetected_chromedriver\\undetected\\chromedriver-win32\\chromedriver.exe' -> 'C:\\laragon\\www\\dapokalsel\\sekolah\\~\\appdata\\roaming\\undetected_chromedriver\\undetected_chromedriver.exe'
2025-10-26 23:20:06,221 - ERROR - Error on attempt 116: Failed to setup driver
Traceback (most recent call last):
  File "C:\laragon\www\dapokalsel\sekolah\import_url_kabupaten.pyw", line 435, in process_url_induk
    raise Exception("Failed to setup driver")
Exception: Failed to setup driver
2025-10-26 23:20:06,359 - INFO - Retry attempt 117/300...
2025-10-26 23:20:21,361 - INFO - Setting up Chrome driver...
2025-10-26 23:20:21,475 - INFO - Using profile directory: C:\Windows\Temp\chrome_scraper_profile
2025-10-26 23:20:21,477 - INFO - Initializing Chrome driver (attempt 1/3)...
2025-10-26 23:20:31,987 - ERROR - Attempt 1 failed: [WinError 183] Cannot create a file when that file already exists: 'C:\\laragon\\www\\dapokalsel\\sekolah\\~\\appdata\\roaming\\undetected_chromedriver\\undetected\\chromedriver-win32\\chromedriver.exe' -> 'C:\\laragon\\www\\dapokalsel\\sekolah\\~\\appdata\\roaming\\undetected_chromedriver\\undetected_chromedriver.exe'
2025-10-26 23:20:31,987 - INFO - Retrying in 5 seconds...
2025-10-26 23:20:36,988 - INFO - Initializing Chrome driver (attempt 2/3)...
2025-10-26 23:20:46,980 - ERROR - Attempt 2 failed: [WinError 145] The directory is not empty: 'C:\\laragon\\www\\dapokalsel\\sekolah\\~\\appdata\\roaming\\undetected_chromedriver\\undetected\\chromedriver-win32'
2025-10-26 23:20:46,981 - INFO - Retrying in 5 seconds...
2025-10-26 23:20:51,982 - INFO - Initializing Chrome driver (attempt 3/3)...
2025-10-26 23:20:59,092 - INFO - patching driver executable C:\laragon\www\dapokalsel\sekolah\~\appdata\roaming\undetected_chromedriver\undetected_chromedriver.exe
2025-10-26 23:20:59,399 - ERROR - Attempt 3 failed: Binary Location Must be a String
2025-10-26 23:20:59,400 - ERROR - All attempts failed to setup driver
Traceback (most recent call last):
  File "C:\laragon\www\dapokalsel\sekolah\import_url_kabupaten.pyw", line 115, in setup_driver
    driver = uc.Chrome(
  File "C:\laragon\bin\python\python-3.10\lib\site-packages\undetected_chromedriver\__init__.py", line 372, in __init__
    options.binary_location = (
  File "C:\laragon\bin\python\python-3.10\lib\site-packages\selenium\webdriver\chromium\options.py", line 52, in binary_location
    raise TypeError(self.BINARY_LOCATION_ERROR)
TypeError: Binary Location Must be a String
2025-10-26 23:20:59,629 - ERROR - Error on attempt 117: Failed to setup driver
Traceback (most recent call last):
  File "C:\laragon\www\dapokalsel\sekolah\import_url_kabupaten.pyw", line 435, in process_url_induk
    raise Exception("Failed to setup driver")
Exception: Failed to setup driver
2025-10-26 23:20:59,629 - INFO - Retry attempt 118/300...
2025-10-26 23:21:14,629 - INFO - Setting up Chrome driver...
2025-10-26 23:21:14,873 - INFO - Using profile directory: C:\Windows\Temp\chrome_scraper_profile
2025-10-26 23:21:14,873 - INFO - Initializing Chrome driver (attempt 1/3)...
2025-10-26 23:21:21,872 - ERROR - Attempt 1 failed: [WinError 183] Cannot create a file when that file already exists: 'C:\\laragon\\www\\dapokalsel\\sekolah\\~\\appdata\\roaming\\undetected_chromedriver\\undetected\\chromedriver-win32\\chromedriver.exe' -> 'C:\\laragon\\www\\dapokalsel\\sekolah\\~\\appdata\\roaming\\undetected_chromedriver\\undetected_chromedriver.exe'
2025-10-26 23:21:21,872 - INFO - Retrying in 5 seconds...
2025-10-26 23:21:26,873 - INFO - Initializing Chrome driver (attempt 2/3)...
2025-10-26 23:21:39,927 - INFO - patching driver executable C:\laragon\www\dapokalsel\sekolah\~\appdata\roaming\undetected_chromedriver\undetected_chromedriver.exe
2025-10-26 23:21:40,489 - ERROR - Attempt 2 failed: Binary Location Must be a String
2025-10-26 23:21:40,489 - INFO - Retrying in 5 seconds...
2025-10-26 23:21:45,490 - INFO - Initializing Chrome driver (attempt 3/3)...
2025-10-26 23:21:53,678 - INFO - patching driver executable C:\laragon\www\dapokalsel\sekolah\~\appdata\roaming\undetected_chromedriver\undetected_chromedriver.exe
2025-10-26 23:21:54,550 - ERROR - Attempt 3 failed: you cannot reuse the ChromeOptions object
2025-10-26 23:21:54,550 - ERROR - All attempts failed to setup driver
Traceback (most recent call last):
  File "C:\laragon\www\dapokalsel\sekolah\import_url_kabupaten.pyw", line 115, in setup_driver
    driver = uc.Chrome(
  File "C:\laragon\bin\python\python-3.10\lib\site-packages\undetected_chromedriver\__init__.py", line 269, in __init__
    raise RuntimeError("you cannot reuse the ChromeOptions object")
RuntimeError: you cannot reuse the ChromeOptions object
2025-10-26 23:21:54,712 - ERROR - Error on attempt 118: Failed to setup driver
Traceback (most recent call last):
  File "C:\laragon\www\dapokalsel\sekolah\import_url_kabupaten.pyw", line 435, in process_url_induk
    raise Exception("Failed to setup driver")
Exception: Failed to setup driver
2025-10-26 23:21:54,713 - INFO - Retry attempt 119/300...
2025-10-26 23:22:09,714 - INFO - Setting up Chrome driver...
2025-10-26 23:22:09,979 - INFO - Using profile directory: C:\Windows\Temp\chrome_scraper_profile
2025-10-26 23:22:09,979 - INFO - Initializing Chrome driver (attempt 1/3)...
2025-10-26 23:22:16,106 - ERROR - Attempt 1 failed: [WinError 3] The system cannot find the path specified: 'C:\\laragon\\www\\dapokalsel\\sekolah\\~\\appdata\\roaming\\undetected_chromedriver\\undetected\\chromedriver-win32'
2025-10-26 23:22:16,107 - INFO - Retrying in 5 seconds...
2025-10-26 23:22:21,109 - INFO - Initializing Chrome driver (attempt 2/3)...
2025-10-26 23:22:29,745 - INFO - patching driver executable C:\laragon\www\dapokalsel\sekolah\~\appdata\roaming\undetected_chromedriver\undetected_chromedriver.exe
2025-10-26 23:22:30,386 - ERROR - Attempt 2 failed: Binary Location Must be a String
2025-10-26 23:22:30,387 - INFO - Retrying in 5 seconds...
2025-10-26 23:22:35,388 - INFO - Initializing Chrome driver (attempt 3/3)...
2025-10-26 23:22:41,697 - ERROR - Attempt 3 failed: [WinError 183] Cannot create a file when that file already exists: 'C:\\laragon\\www\\dapokalsel\\sekolah\\~\\appdata\\roaming\\undetected_chromedriver\\undetected\\chromedriver-win32\\chromedriver.exe' -> 'C:\\laragon\\www\\dapokalsel\\sekolah\\~\\appdata\\roaming\\undetected_chromedriver\\undetected_chromedriver.exe'
2025-10-26 23:22:41,698 - ERROR - All attempts failed to setup driver
Traceback (most recent call last):
  File "C:\laragon\www\dapokalsel\sekolah\import_url_kabupaten.pyw", line 115, in setup_driver
    driver = uc.Chrome(
  File "C:\laragon\bin\python\python-3.10\lib\site-packages\undetected_chromedriver\__init__.py", line 258, in __init__
    self.patcher.auto()
  File "C:\laragon\bin\python\python-3.10\lib\site-packages\undetected_chromedriver\patcher.py", line 178, in auto
    self.unzip_package(self.fetch_package())
  File "C:\laragon\bin\python\python-3.10\lib\site-packages\undetected_chromedriver\patcher.py", line 310, in unzip_package
    os.rename(os.path.join(self.zip_path, exe_path), self.executable_path)
FileExistsError: [WinError 183] Cannot create a file when that file already exists: 'C:\\laragon\\www\\dapokalsel\\sekolah\\~\\appdata\\roaming\\undetected_chromedriver\\undetected\\chromedriver-win32\\chromedriver.exe' -> 'C:\\laragon\\www\\dapokalsel\\sekolah\\~\\appdata\\roaming\\undetected_chromedriver\\undetected_chromedriver.exe'
2025-10-26 23:22:42,228 - ERROR - Error on attempt 119: Failed to setup driver
Traceback (most recent call last):
  File "C:\laragon\www\dapokalsel\sekolah\import_url_kabupaten.pyw", line 435, in process_url_induk
    raise Exception("Failed to setup driver")
Exception: Failed to setup driver
2025-10-26 23:22:42,345 - INFO - Retry attempt 120/300...
2025-10-26 23:22:57,346 - INFO - Setting up Chrome driver...
2025-10-26 23:22:57,554 - INFO - Using profile directory: C:\Windows\Temp\chrome_scraper_profile
2025-10-26 23:22:57,554 - INFO - Initializing Chrome driver (attempt 1/3)...
2025-10-26 23:22:57,884 - ERROR - Attempt 1 failed: Binary Location Must be a String
2025-10-26 23:22:57,884 - INFO - Retrying in 5 seconds...
2025-10-26 23:23:02,884 - INFO - Initializing Chrome driver (attempt 2/3)...
2025-10-26 23:23:10,537 - INFO - patching driver executable C:\laragon\www\dapokalsel\sekolah\~\appdata\roaming\undetected_chromedriver\undetected_chromedriver.exe
2025-10-26 23:23:11,213 - ERROR - Attempt 2 failed: you cannot reuse the ChromeOptions object
2025-10-26 23:23:11,214 - INFO - Retrying in 5 seconds...
2025-10-26 23:23:16,215 - INFO - Initializing Chrome driver (attempt 3/3)...
2025-10-26 23:23:23,521 - INFO - patching driver executable C:\laragon\www\dapokalsel\sekolah\~\appdata\roaming\undetected_chromedriver\undetected_chromedriver.exe
2025-10-26 23:23:23,598 - ERROR - Attempt 3 failed: you cannot reuse the ChromeOptions object
2025-10-26 23:23:23,598 - ERROR - All attempts failed to setup driver
Traceback (most recent call last):
  File "C:\laragon\www\dapokalsel\sekolah\import_url_kabupaten.pyw", line 115, in setup_driver
    driver = uc.Chrome(
  File "C:\laragon\bin\python\python-3.10\lib\site-packages\undetected_chromedriver\__init__.py", line 269, in __init__
    raise RuntimeError("you cannot reuse the ChromeOptions object")
RuntimeError: you cannot reuse the ChromeOptions object
2025-10-26 23:23:23,598 - ERROR - Error on attempt 120: Failed to setup driver
Traceback (most recent call last):
  File "C:\laragon\www\dapokalsel\sekolah\import_url_kabupaten.pyw", line 435, in process_url_induk
    raise Exception("Failed to setup driver")
Exception: Failed to setup driver
2025-10-26 23:23:23,599 - INFO - Retry attempt 121/300...
2025-10-26 23:23:38,601 - INFO - Setting up Chrome driver...
2025-10-26 23:23:38,602 - INFO - Using profile directory: C:\Windows\Temp\chrome_scraper_profile
2025-10-26 23:23:38,602 - INFO - Initializing Chrome driver (attempt 1/3)...
2025-10-26 23:23:43,274 - ERROR - Attempt 1 failed: [WinError 183] Cannot create a file when that file already exists: 'C:\\laragon\\www\\dapokalsel\\sekolah\\~\\appdata\\roaming\\undetected_chromedriver\\undetected\\chromedriver-win32\\chromedriver.exe' -> 'C:\\laragon\\www\\dapokalsel\\sekolah\\~\\appdata\\roaming\\undetected_chromedriver\\undetected_chromedriver.exe'
2025-10-26 23:23:43,274 - INFO - Retrying in 5 seconds...
2025-10-26 23:23:48,275 - INFO - Initializing Chrome driver (attempt 2/3)...
2025-10-26 23:23:51,398 - INFO - patching driver executable C:\laragon\www\dapokalsel\sekolah\~\appdata\roaming\undetected_chromedriver\undetected_chromedriver.exe
2025-10-26 23:23:51,472 - ERROR - Attempt 2 failed: Binary Location Must be a String
2025-10-26 23:23:51,472 - INFO - Retrying in 5 seconds...
2025-10-26 23:23:56,472 - INFO - Initializing Chrome driver (attempt 3/3)...
2025-10-26 23:23:59,350 - INFO - patching driver executable C:\laragon\www\dapokalsel\sekolah\~\appdata\roaming\undetected_chromedriver\undetected_chromedriver.exe
2025-10-26 23:23:59,451 - ERROR - Attempt 3 failed: you cannot reuse the ChromeOptions object
2025-10-26 23:23:59,452 - ERROR - All attempts failed to setup driver
Traceback (most recent call last):
  File "C:\laragon\www\dapokalsel\sekolah\import_url_kabupaten.pyw", line 115, in setup_driver
    driver = uc.Chrome(
  File "C:\laragon\bin\python\python-3.10\lib\site-packages\undetected_chromedriver\__init__.py", line 269, in __init__
    raise RuntimeError("you cannot reuse the ChromeOptions object")
RuntimeError: you cannot reuse the ChromeOptions object
2025-10-26 23:23:59,452 - ERROR - Error on attempt 121: Failed to setup driver
Traceback (most recent call last):
  File "C:\laragon\www\dapokalsel\sekolah\import_url_kabupaten.pyw", line 435, in process_url_induk
    raise Exception("Failed to setup driver")
Exception: Failed to setup driver
2025-10-26 23:23:59,452 - INFO - Retry attempt 122/300...
2025-10-26 23:24:14,453 - INFO - Setting up Chrome driver...
2025-10-26 23:24:14,453 - INFO - Using profile directory: C:\Windows\Temp\chrome_scraper_profile
2025-10-26 23:24:14,454 - INFO - Initializing Chrome driver (attempt 1/3)...
2025-10-26 23:24:17,939 - INFO - patching driver executable C:\laragon\www\dapokalsel\sekolah\~\appdata\roaming\undetected_chromedriver\undetected_chromedriver.exe
2025-10-26 23:24:18,012 - ERROR - Attempt 1 failed: Binary Location Must be a String
2025-10-26 23:24:18,012 - INFO - Retrying in 5 seconds...
2025-10-26 23:24:23,013 - INFO - Initializing Chrome driver (attempt 2/3)...
2025-10-26 23:24:26,439 - INFO - patching driver executable C:\laragon\www\dapokalsel\sekolah\~\appdata\roaming\undetected_chromedriver\undetected_chromedriver.exe
2025-10-26 23:24:26,680 - ERROR - Attempt 2 failed: you cannot reuse the ChromeOptions object
2025-10-26 23:24:26,681 - INFO - Retrying in 5 seconds...
2025-10-26 23:24:31,682 - INFO - Initializing Chrome driver (attempt 3/3)...
2025-10-26 23:24:35,235 - INFO - patching driver executable C:\laragon\www\dapokalsel\sekolah\~\appdata\roaming\undetected_chromedriver\undetected_chromedriver.exe
2025-10-26 23:24:35,313 - ERROR - Attempt 3 failed: you cannot reuse the ChromeOptions object
2025-10-26 23:24:35,314 - ERROR - All attempts failed to setup driver
Traceback (most recent call last):
  File "C:\laragon\www\dapokalsel\sekolah\import_url_kabupaten.pyw", line 115, in setup_driver
    driver = uc.Chrome(
  File "C:\laragon\bin\python\python-3.10\lib\site-packages\undetected_chromedriver\__init__.py", line 269, in __init__
    raise RuntimeError("you cannot reuse the ChromeOptions object")
RuntimeError: you cannot reuse the ChromeOptions object
2025-10-26 23:24:35,314 - ERROR - Error on attempt 122: Failed to setup driver
Traceback (most recent call last):
  File "C:\laragon\www\dapokalsel\sekolah\import_url_kabupaten.pyw", line 435, in process_url_induk
    raise Exception("Failed to setup driver")
Exception: Failed to setup driver
2025-10-26 23:24:35,315 - INFO - Retry attempt 123/300...
2025-10-26 23:24:50,315 - INFO - Setting up Chrome driver...
2025-10-26 23:24:50,315 - INFO - Using profile directory: C:\Windows\Temp\chrome_scraper_profile
2025-10-26 23:24:50,315 - INFO - Initializing Chrome driver (attempt 1/3)...
2025-10-26 23:24:56,186 - ERROR - Attempt 1 failed: [WinError 183] Cannot create a file when that file already exists: 'C:\\laragon\\www\\dapokalsel\\sekolah\\~\\appdata\\roaming\\undetected_chromedriver\\undetected\\chromedriver-win32\\chromedriver.exe' -> 'C:\\laragon\\www\\dapokalsel\\sekolah\\~\\appdata\\roaming\\undetected_chromedriver\\undetected_chromedriver.exe'
2025-10-26 23:24:56,186 - INFO - Retrying in 5 seconds...
2025-10-26 23:25:01,187 - INFO - Initializing Chrome driver (attempt 2/3)...
2025-10-26 23:25:04,306 - INFO - patching driver executable C:\laragon\www\dapokalsel\sekolah\~\appdata\roaming\undetected_chromedriver\undetected_chromedriver.exe
2025-10-26 23:25:04,380 - ERROR - Attempt 2 failed: Binary Location Must be a String
2025-10-26 23:25:04,380 - INFO - Retrying in 5 seconds...
2025-10-26 23:25:09,380 - INFO - Initializing Chrome driver (attempt 3/3)...
2025-10-26 23:25:13,401 - INFO - patching driver executable C:\laragon\www\dapokalsel\sekolah\~\appdata\roaming\undetected_chromedriver\undetected_chromedriver.exe
2025-10-26 23:25:13,475 - ERROR - Attempt 3 failed: you cannot reuse the ChromeOptions object
2025-10-26 23:25:13,475 - ERROR - All attempts failed to setup driver
Traceback (most recent call last):
  File "C:\laragon\www\dapokalsel\sekolah\import_url_kabupaten.pyw", line 115, in setup_driver
    driver = uc.Chrome(
  File "C:\laragon\bin\python\python-3.10\lib\site-packages\undetected_chromedriver\__init__.py", line 269, in __init__
    raise RuntimeError("you cannot reuse the ChromeOptions object")
RuntimeError: you cannot reuse the ChromeOptions object
2025-10-26 23:25:13,476 - ERROR - Error on attempt 123: Failed to setup driver
Traceback (most recent call last):
  File "C:\laragon\www\dapokalsel\sekolah\import_url_kabupaten.pyw", line 435, in process_url_induk
    raise Exception("Failed to setup driver")
Exception: Failed to setup driver
2025-10-26 23:25:13,476 - INFO - Retry attempt 124/300...
2025-10-26 23:25:28,476 - INFO - Setting up Chrome driver...
2025-10-26 23:25:28,476 - INFO - Using profile directory: C:\Windows\Temp\chrome_scraper_profile
2025-10-26 23:25:28,476 - INFO - Initializing Chrome driver (attempt 1/3)...
2025-10-26 23:25:34,798 - ERROR - Attempt 1 failed: [WinError 183] Cannot create a file when that file already exists: 'C:\\laragon\\www\\dapokalsel\\sekolah\\~\\appdata\\roaming\\undetected_chromedriver\\undetected\\chromedriver-win32\\chromedriver.exe' -> 'C:\\laragon\\www\\dapokalsel\\sekolah\\~\\appdata\\roaming\\undetected_chromedriver\\undetected_chromedriver.exe'
2025-10-26 23:25:34,798 - INFO - Retrying in 5 seconds...
2025-10-26 23:25:39,798 - INFO - Initializing Chrome driver (attempt 2/3)...
2025-10-26 23:25:42,931 - INFO - patching driver executable C:\laragon\www\dapokalsel\sekolah\~\appdata\roaming\undetected_chromedriver\undetected_chromedriver.exe
2025-10-26 23:25:43,042 - ERROR - Attempt 2 failed: Binary Location Must be a String
2025-10-26 23:25:43,042 - INFO - Retrying in 5 seconds...
2025-10-26 23:25:48,042 - INFO - Initializing Chrome driver (attempt 3/3)...
2025-10-26 23:25:52,274 - INFO - patching driver executable C:\laragon\www\dapokalsel\sekolah\~\appdata\roaming\undetected_chromedriver\undetected_chromedriver.exe
2025-10-26 23:25:52,360 - ERROR - Attempt 3 failed: you cannot reuse the ChromeOptions object
2025-10-26 23:25:52,360 - ERROR - All attempts failed to setup driver
Traceback (most recent call last):
  File "C:\laragon\www\dapokalsel\sekolah\import_url_kabupaten.pyw", line 115, in setup_driver
    driver = uc.Chrome(
  File "C:\laragon\bin\python\python-3.10\lib\site-packages\undetected_chromedriver\__init__.py", line 269, in __init__
    raise RuntimeError("you cannot reuse the ChromeOptions object")
RuntimeError: you cannot reuse the ChromeOptions object
2025-10-26 23:25:52,360 - ERROR - Error on attempt 124: Failed to setup driver
Traceback (most recent call last):
  File "C:\laragon\www\dapokalsel\sekolah\import_url_kabupaten.pyw", line 435, in process_url_induk
    raise Exception("Failed to setup driver")
Exception: Failed to setup driver
2025-10-26 23:25:52,361 - INFO - Retry attempt 125/300...
2025-10-26 23:26:07,362 - INFO - Setting up Chrome driver...
2025-10-26 23:26:07,363 - INFO - Using profile directory: C:\Windows\Temp\chrome_scraper_profile
2025-10-26 23:26:07,364 - INFO - Initializing Chrome driver (attempt 1/3)...
2025-10-26 23:26:10,290 - INFO - patching driver executable C:\laragon\www\dapokalsel\sekolah\~\appdata\roaming\undetected_chromedriver\undetected_chromedriver.exe
2025-10-26 23:26:10,343 - ERROR - Attempt 1 failed: Binary Location Must be a String
2025-10-26 23:26:10,343 - INFO - Retrying in 5 seconds...
2025-10-26 23:26:15,343 - INFO - Initializing Chrome driver (attempt 2/3)...
2025-10-26 23:26:18,978 - INFO - patching driver executable C:\laragon\www\dapokalsel\sekolah\~\appdata\roaming\undetected_chromedriver\undetected_chromedriver.exe
2025-10-26 23:26:19,062 - ERROR - Attempt 2 failed: you cannot reuse the ChromeOptions object
2025-10-26 23:26:19,063 - INFO - Retrying in 5 seconds...
2025-10-26 23:26:24,063 - INFO - Initializing Chrome driver (attempt 3/3)...
2025-10-26 23:26:27,186 - INFO - patching driver executable C:\laragon\www\dapokalsel\sekolah\~\appdata\roaming\undetected_chromedriver\undetected_chromedriver.exe
2025-10-26 23:26:27,274 - ERROR - Attempt 3 failed: you cannot reuse the ChromeOptions object
2025-10-26 23:26:27,274 - ERROR - All attempts failed to setup driver
Traceback (most recent call last):
  File "C:\laragon\www\dapokalsel\sekolah\import_url_kabupaten.pyw", line 115, in setup_driver
    driver = uc.Chrome(
  File "C:\laragon\bin\python\python-3.10\lib\site-packages\undetected_chromedriver\__init__.py", line 269, in __init__
    raise RuntimeError("you cannot reuse the ChromeOptions object")
RuntimeError: you cannot reuse the ChromeOptions object
2025-10-26 23:26:27,274 - ERROR - Error on attempt 125: Failed to setup driver
Traceback (most recent call last):
  File "C:\laragon\www\dapokalsel\sekolah\import_url_kabupaten.pyw", line 435, in process_url_induk
    raise Exception("Failed to setup driver")
Exception: Failed to setup driver
2025-10-26 23:26:27,275 - INFO - Retry attempt 126/300...
2025-10-26 23:26:42,275 - INFO - Setting up Chrome driver...
2025-10-26 23:26:42,276 - INFO - Using profile directory: C:\Windows\Temp\chrome_scraper_profile
2025-10-26 23:26:42,277 - INFO - Initializing Chrome driver (attempt 1/3)...
2025-10-26 23:26:45,295 - INFO - patching driver executable C:\laragon\www\dapokalsel\sekolah\~\appdata\roaming\undetected_chromedriver\undetected_chromedriver.exe
2025-10-26 23:26:45,369 - ERROR - Attempt 1 failed: Binary Location Must be a String
2025-10-26 23:26:45,370 - INFO - Retrying in 5 seconds...
2025-10-26 23:26:50,370 - INFO - Initializing Chrome driver (attempt 2/3)...
2025-10-26 23:26:53,438 - INFO - patching driver executable C:\laragon\www\dapokalsel\sekolah\~\appdata\roaming\undetected_chromedriver\undetected_chromedriver.exe
2025-10-26 23:26:53,524 - ERROR - Attempt 2 failed: you cannot reuse the ChromeOptions object
2025-10-26 23:26:53,524 - INFO - Retrying in 5 seconds...
2025-10-26 23:26:58,525 - INFO - Initializing Chrome driver (attempt 3/3)...
2025-10-26 23:27:03,881 - INFO - patching driver executable C:\laragon\www\dapokalsel\sekolah\~\appdata\roaming\undetected_chromedriver\undetected_chromedriver.exe
2025-10-26 23:27:03,956 - ERROR - Attempt 3 failed: you cannot reuse the ChromeOptions object
2025-10-26 23:27:03,956 - ERROR - All attempts failed to setup driver
Traceback (most recent call last):
  File "C:\laragon\www\dapokalsel\sekolah\import_url_kabupaten.pyw", line 115, in setup_driver
    driver = uc.Chrome(
  File "C:\laragon\bin\python\python-3.10\lib\site-packages\undetected_chromedriver\__init__.py", line 269, in __init__
    raise RuntimeError("you cannot reuse the ChromeOptions object")
RuntimeError: you cannot reuse the ChromeOptions object
2025-10-26 23:27:03,957 - ERROR - Error on attempt 126: Failed to setup driver
Traceback (most recent call last):
  File "C:\laragon\www\dapokalsel\sekolah\import_url_kabupaten.pyw", line 435, in process_url_induk
    raise Exception("Failed to setup driver")
Exception: Failed to setup driver
2025-10-26 23:27:03,957 - INFO - Retry attempt 127/300...
2025-10-26 23:27:18,958 - INFO - Setting up Chrome driver...
2025-10-26 23:27:18,958 - INFO - Using profile directory: C:\Windows\Temp\chrome_scraper_profile
2025-10-26 23:27:18,958 - INFO - Initializing Chrome driver (attempt 1/3)...
2025-10-26 23:27:22,905 - INFO - patching driver executable C:\laragon\www\dapokalsel\sekolah\~\appdata\roaming\undetected_chromedriver\undetected_chromedriver.exe
2025-10-26 23:27:22,986 - ERROR - Attempt 1 failed: Binary Location Must be a String
2025-10-26 23:27:22,986 - INFO - Retrying in 5 seconds...
2025-10-26 23:27:27,986 - INFO - Initializing Chrome driver (attempt 2/3)...
2025-10-26 23:27:31,349 - INFO - patching driver executable C:\laragon\www\dapokalsel\sekolah\~\appdata\roaming\undetected_chromedriver\undetected_chromedriver.exe
2025-10-26 23:27:31,469 - ERROR - Attempt 2 failed: you cannot reuse the ChromeOptions object
2025-10-26 23:27:31,469 - INFO - Retrying in 5 seconds...
2025-10-26 23:27:36,469 - INFO - Initializing Chrome driver (attempt 3/3)...
2025-10-26 23:27:39,827 - INFO - patching driver executable C:\laragon\www\dapokalsel\sekolah\~\appdata\roaming\undetected_chromedriver\undetected_chromedriver.exe
2025-10-26 23:27:39,919 - ERROR - Attempt 3 failed: you cannot reuse the ChromeOptions object
2025-10-26 23:27:39,919 - ERROR - All attempts failed to setup driver
Traceback (most recent call last):
  File "C:\laragon\www\dapokalsel\sekolah\import_url_kabupaten.pyw", line 115, in setup_driver
    driver = uc.Chrome(
  File "C:\laragon\bin\python\python-3.10\lib\site-packages\undetected_chromedriver\__init__.py", line 269, in __init__
    raise RuntimeError("you cannot reuse the ChromeOptions object")
RuntimeError: you cannot reuse the ChromeOptions object
2025-10-26 23:27:39,920 - ERROR - Error on attempt 127: Failed to setup driver
Traceback (most recent call last):
  File "C:\laragon\www\dapokalsel\sekolah\import_url_kabupaten.pyw", line 435, in process_url_induk
    raise Exception("Failed to setup driver")
Exception: Failed to setup driver
2025-10-26 23:27:39,921 - INFO - Retry attempt 128/300...
2025-10-26 23:27:54,921 - INFO - Setting up Chrome driver...
2025-10-26 23:27:54,921 - INFO - Using profile directory: C:\Windows\Temp\chrome_scraper_profile
2025-10-26 23:27:54,921 - INFO - Initializing Chrome driver (attempt 1/3)...
2025-10-26 23:27:57,872 - INFO - patching driver executable C:\laragon\www\dapokalsel\sekolah\~\appdata\roaming\undetected_chromedriver\undetected_chromedriver.exe
2025-10-26 23:27:57,951 - ERROR - Attempt 1 failed: Binary Location Must be a String
2025-10-26 23:27:57,953 - INFO - Retrying in 5 seconds...
2025-10-26 23:28:02,953 - INFO - Initializing Chrome driver (attempt 2/3)...
2025-10-26 23:28:06,105 - INFO - patching driver executable C:\laragon\www\dapokalsel\sekolah\~\appdata\roaming\undetected_chromedriver\undetected_chromedriver.exe
2025-10-26 23:28:06,180 - ERROR - Attempt 2 failed: you cannot reuse the ChromeOptions object
2025-10-26 23:28:06,180 - INFO - Retrying in 5 seconds...
2025-10-26 23:28:11,181 - INFO - Initializing Chrome driver (attempt 3/3)...
2025-10-26 23:28:15,878 - INFO - patching driver executable C:\laragon\www\dapokalsel\sekolah\~\appdata\roaming\undetected_chromedriver\undetected_chromedriver.exe
2025-10-26 23:28:15,990 - ERROR - Attempt 3 failed: you cannot reuse the ChromeOptions object
2025-10-26 23:28:15,991 - ERROR - All attempts failed to setup driver
Traceback (most recent call last):
  File "C:\laragon\www\dapokalsel\sekolah\import_url_kabupaten.pyw", line 115, in setup_driver
    driver = uc.Chrome(
  File "C:\laragon\bin\python\python-3.10\lib\site-packages\undetected_chromedriver\__init__.py", line 269, in __init__
    raise RuntimeError("you cannot reuse the ChromeOptions object")
RuntimeError: you cannot reuse the ChromeOptions object
2025-10-26 23:28:15,991 - ERROR - Error on attempt 128: Failed to setup driver
Traceback (most recent call last):
  File "C:\laragon\www\dapokalsel\sekolah\import_url_kabupaten.pyw", line 435, in process_url_induk
    raise Exception("Failed to setup driver")
Exception: Failed to setup driver
2025-10-26 23:28:15,992 - INFO - Retry attempt 129/300...
2025-10-26 23:28:30,993 - INFO - Setting up Chrome driver...
2025-10-26 23:28:30,993 - INFO - Using profile directory: C:\Windows\Temp\chrome_scraper_profile
2025-10-26 23:28:30,993 - INFO - Initializing Chrome driver (attempt 1/3)...
2025-10-26 23:28:34,853 - INFO - patching driver executable C:\laragon\www\dapokalsel\sekolah\~\appdata\roaming\undetected_chromedriver\undetected_chromedriver.exe
2025-10-26 23:28:34,933 - ERROR - Attempt 1 failed: Binary Location Must be a String
2025-10-26 23:28:34,933 - INFO - Retrying in 5 seconds...
2025-10-26 23:28:39,934 - INFO - Initializing Chrome driver (attempt 2/3)...
2025-10-26 23:28:43,446 - INFO - patching driver executable C:\laragon\www\dapokalsel\sekolah\~\appdata\roaming\undetected_chromedriver\undetected_chromedriver.exe
2025-10-26 23:28:43,537 - ERROR - Attempt 2 failed: you cannot reuse the ChromeOptions object
2025-10-26 23:28:43,537 - INFO - Retrying in 5 seconds...
2025-10-26 23:28:48,538 - INFO - Initializing Chrome driver (attempt 3/3)...
2025-10-26 23:28:51,880 - INFO - patching driver executable C:\laragon\www\dapokalsel\sekolah\~\appdata\roaming\undetected_chromedriver\undetected_chromedriver.exe
2025-10-26 23:28:52,101 - ERROR - Attempt 3 failed: you cannot reuse the ChromeOptions object
2025-10-26 23:28:52,101 - ERROR - All attempts failed to setup driver
Traceback (most recent call last):
  File "C:\laragon\www\dapokalsel\sekolah\import_url_kabupaten.pyw", line 115, in setup_driver
    driver = uc.Chrome(
  File "C:\laragon\bin\python\python-3.10\lib\site-packages\undetected_chromedriver\__init__.py", line 269, in __init__
    raise RuntimeError("you cannot reuse the ChromeOptions object")
RuntimeError: you cannot reuse the ChromeOptions object
2025-10-26 23:28:52,102 - ERROR - Error on attempt 129: Failed to setup driver
Traceback (most recent call last):
  File "C:\laragon\www\dapokalsel\sekolah\import_url_kabupaten.pyw", line 435, in process_url_induk
    raise Exception("Failed to setup driver")
Exception: Failed to setup driver
2025-10-26 23:28:52,102 - INFO - Retry attempt 130/300...
2025-10-26 23:29:07,102 - INFO - Setting up Chrome driver...
2025-10-26 23:29:07,102 - INFO - Using profile directory: C:\Windows\Temp\chrome_scraper_profile
2025-10-26 23:29:07,102 - INFO - Initializing Chrome driver (attempt 1/3)...
2025-10-26 23:29:10,129 - INFO - patching driver executable C:\laragon\www\dapokalsel\sekolah\~\appdata\roaming\undetected_chromedriver\undetected_chromedriver.exe
2025-10-26 23:29:10,208 - ERROR - Attempt 1 failed: Binary Location Must be a String
2025-10-26 23:29:10,208 - INFO - Retrying in 5 seconds...
2025-10-26 23:29:15,209 - INFO - Initializing Chrome driver (attempt 2/3)...
2025-10-26 23:29:18,690 - INFO - patching driver executable C:\laragon\www\dapokalsel\sekolah\~\appdata\roaming\undetected_chromedriver\undetected_chromedriver.exe
2025-10-26 23:29:18,767 - ERROR - Attempt 2 failed: you cannot reuse the ChromeOptions object
2025-10-26 23:29:18,767 - INFO - Retrying in 5 seconds...
2025-10-26 23:29:23,769 - INFO - Initializing Chrome driver (attempt 3/3)...
2025-10-26 23:29:27,519 - INFO - patching driver executable C:\laragon\www\dapokalsel\sekolah\~\appdata\roaming\undetected_chromedriver\undetected_chromedriver.exe
2025-10-26 23:29:27,598 - ERROR - Attempt 3 failed: you cannot reuse the ChromeOptions object
2025-10-26 23:29:27,599 - ERROR - All attempts failed to setup driver
Traceback (most recent call last):
  File "C:\laragon\www\dapokalsel\sekolah\import_url_kabupaten.pyw", line 115, in setup_driver
    driver = uc.Chrome(
  File "C:\laragon\bin\python\python-3.10\lib\site-packages\undetected_chromedriver\__init__.py", line 269, in __init__
    raise RuntimeError("you cannot reuse the ChromeOptions object")
RuntimeError: you cannot reuse the ChromeOptions object
2025-10-26 23:29:27,599 - ERROR - Error on attempt 130: Failed to setup driver
Traceback (most recent call last):
  File "C:\laragon\www\dapokalsel\sekolah\import_url_kabupaten.pyw", line 435, in process_url_induk
    raise Exception("Failed to setup driver")
Exception: Failed to setup driver
2025-10-26 23:29:27,599 - INFO - Retry attempt 131/300...
2025-10-26 23:29:42,601 - INFO - Setting up Chrome driver...
2025-10-26 23:29:42,601 - INFO - Using profile directory: C:\Windows\Temp\chrome_scraper_profile
2025-10-26 23:29:42,602 - INFO - Initializing Chrome driver (attempt 1/3)...
2025-10-26 23:29:47,266 - INFO - patching driver executable C:\laragon\www\dapokalsel\sekolah\~\appdata\roaming\undetected_chromedriver\undetected_chromedriver.exe
2025-10-26 23:29:47,344 - ERROR - Attempt 1 failed: Binary Location Must be a String
2025-10-26 23:29:47,344 - INFO - Retrying in 5 seconds...
2025-10-26 23:29:52,345 - INFO - Initializing Chrome driver (attempt 2/3)...
2025-10-26 23:29:56,033 - INFO - patching driver executable C:\laragon\www\dapokalsel\sekolah\~\appdata\roaming\undetected_chromedriver\undetected_chromedriver.exe
2025-10-26 23:29:56,126 - ERROR - Attempt 2 failed: you cannot reuse the ChromeOptions object
2025-10-26 23:29:56,127 - INFO - Retrying in 5 seconds...
2025-10-26 23:30:01,127 - INFO - Initializing Chrome driver (attempt 3/3)...
2025-10-26 23:30:04,083 - INFO - patching driver executable C:\laragon\www\dapokalsel\sekolah\~\appdata\roaming\undetected_chromedriver\undetected_chromedriver.exe
2025-10-26 23:30:04,170 - ERROR - Attempt 3 failed: you cannot reuse the ChromeOptions object
2025-10-26 23:30:04,171 - ERROR - All attempts failed to setup driver
Traceback (most recent call last):
  File "C:\laragon\www\dapokalsel\sekolah\import_url_kabupaten.pyw", line 115, in setup_driver
    driver = uc.Chrome(
  File "C:\laragon\bin\python\python-3.10\lib\site-packages\undetected_chromedriver\__init__.py", line 269, in __init__
    raise RuntimeError("you cannot reuse the ChromeOptions object")
RuntimeError: you cannot reuse the ChromeOptions object
2025-10-26 23:30:04,171 - ERROR - Error on attempt 131: Failed to setup driver
Traceback (most recent call last):
  File "C:\laragon\www\dapokalsel\sekolah\import_url_kabupaten.pyw", line 435, in process_url_induk
    raise Exception("Failed to setup driver")
Exception: Failed to setup driver
2025-10-26 23:30:04,172 - INFO - Retry attempt 132/300...
2025-10-26 23:30:19,172 - INFO - Setting up Chrome driver...
2025-10-26 23:30:19,387 - INFO - Using profile directory: C:\Windows\Temp\chrome_scraper_profile
2025-10-26 23:30:19,388 - INFO - Initializing Chrome driver (attempt 1/3)...
2025-10-26 23:30:26,748 - INFO - patching driver executable C:\laragon\www\dapokalsel\sekolah\~\appdata\roaming\undetected_chromedriver\undetected_chromedriver.exe
2025-10-26 23:30:27,197 - ERROR - Attempt 1 failed: Binary Location Must be a String
2025-10-26 23:30:27,197 - INFO - Retrying in 5 seconds...
2025-10-26 23:30:32,198 - INFO - Initializing Chrome driver (attempt 2/3)...
2025-10-26 23:30:39,208 - ERROR - Attempt 2 failed: [WinError 183] Cannot create a file when that file already exists: 'C:\\laragon\\www\\dapokalsel\\sekolah\\~\\appdata\\roaming\\undetected_chromedriver\\undetected\\chromedriver-win32\\chromedriver.exe' -> 'C:\\laragon\\www\\dapokalsel\\sekolah\\~\\appdata\\roaming\\undetected_chromedriver\\undetected_chromedriver.exe'
2025-10-26 23:30:39,208 - INFO - Retrying in 5 seconds...
2025-10-26 23:30:44,209 - INFO - Initializing Chrome driver (attempt 3/3)...
2025-10-26 23:30:51,881 - INFO - patching driver executable C:\laragon\www\dapokalsel\sekolah\~\appdata\roaming\undetected_chromedriver\undetected_chromedriver.exe
2025-10-26 23:30:52,334 - ERROR - Attempt 3 failed: you cannot reuse the ChromeOptions object
2025-10-26 23:30:52,334 - ERROR - All attempts failed to setup driver
Traceback (most recent call last):
  File "C:\laragon\www\dapokalsel\sekolah\import_url_kabupaten.pyw", line 115, in setup_driver
    driver = uc.Chrome(
  File "C:\laragon\bin\python\python-3.10\lib\site-packages\undetected_chromedriver\__init__.py", line 269, in __init__
    raise RuntimeError("you cannot reuse the ChromeOptions object")
RuntimeError: you cannot reuse the ChromeOptions object
2025-10-26 23:30:52,582 - ERROR - Error on attempt 132: Failed to setup driver
Traceback (most recent call last):
  File "C:\laragon\www\dapokalsel\sekolah\import_url_kabupaten.pyw", line 435, in process_url_induk
    raise Exception("Failed to setup driver")
Exception: Failed to setup driver
2025-10-26 23:30:52,757 - INFO - Retry attempt 133/300...
2025-10-26 23:31:07,758 - INFO - Setting up Chrome driver...
2025-10-26 23:31:07,818 - INFO - Using profile directory: C:\Windows\Temp\chrome_scraper_profile
2025-10-26 23:31:07,818 - INFO - Initializing Chrome driver (attempt 1/3)...
2025-10-26 23:31:15,651 - INFO - patching driver executable C:\laragon\www\dapokalsel\sekolah\~\appdata\roaming\undetected_chromedriver\undetected_chromedriver.exe
2025-10-26 23:31:16,214 - ERROR - Attempt 1 failed: Binary Location Must be a String
2025-10-26 23:31:16,214 - INFO - Retrying in 5 seconds...
2025-10-26 23:31:21,217 - INFO - Initializing Chrome driver (attempt 2/3)...
2025-10-26 23:31:32,555 - INFO - patching driver executable C:\laragon\www\dapokalsel\sekolah\~\appdata\roaming\undetected_chromedriver\undetected_chromedriver.exe
2025-10-26 23:31:33,846 - ERROR - Attempt 2 failed: you cannot reuse the ChromeOptions object
2025-10-26 23:31:33,846 - INFO - Retrying in 5 seconds...
2025-10-26 23:31:38,846 - INFO - Initializing Chrome driver (attempt 3/3)...
2025-10-26 23:31:48,500 - ERROR - Attempt 3 failed: [WinError 183] Cannot create a file when that file already exists: 'C:\\laragon\\www\\dapokalsel\\sekolah\\~\\appdata\\roaming\\undetected_chromedriver\\undetected\\chromedriver-win32\\chromedriver.exe' -> 'C:\\laragon\\www\\dapokalsel\\sekolah\\~\\appdata\\roaming\\undetected_chromedriver\\undetected_chromedriver.exe'
2025-10-26 23:31:48,500 - ERROR - All attempts failed to setup driver
Traceback (most recent call last):
  File "C:\laragon\www\dapokalsel\sekolah\import_url_kabupaten.pyw", line 115, in setup_driver
    driver = uc.Chrome(
  File "C:\laragon\bin\python\python-3.10\lib\site-packages\undetected_chromedriver\__init__.py", line 258, in __init__
    self.patcher.auto()
  File "C:\laragon\bin\python\python-3.10\lib\site-packages\undetected_chromedriver\patcher.py", line 178, in auto
    self.unzip_package(self.fetch_package())
  File "C:\laragon\bin\python\python-3.10\lib\site-packages\undetected_chromedriver\patcher.py", line 310, in unzip_package
    os.rename(os.path.join(self.zip_path, exe_path), self.executable_path)
FileExistsError: [WinError 183] Cannot create a file when that file already exists: 'C:\\laragon\\www\\dapokalsel\\sekolah\\~\\appdata\\roaming\\undetected_chromedriver\\undetected\\chromedriver-win32\\chromedriver.exe' -> 'C:\\laragon\\www\\dapokalsel\\sekolah\\~\\appdata\\roaming\\undetected_chromedriver\\undetected_chromedriver.exe'
2025-10-26 23:31:49,256 - ERROR - Error on attempt 133: Failed to setup driver
Traceback (most recent call last):
  File "C:\laragon\www\dapokalsel\sekolah\import_url_kabupaten.pyw", line 435, in process_url_induk
    raise Exception("Failed to setup driver")
Exception: Failed to setup driver
2025-10-26 23:31:49,390 - INFO - Retry attempt 134/300...
2025-10-26 23:32:04,392 - INFO - Setting up Chrome driver...
2025-10-26 23:32:04,416 - INFO - Using profile directory: C:\Windows\Temp\chrome_scraper_profile
2025-10-26 23:32:04,417 - INFO - Initializing Chrome driver (attempt 1/3)...
2025-10-26 23:32:17,852 - ERROR - Attempt 1 failed: [WinError 2] The system cannot find the file specified: 'C:\\laragon\\www\\dapokalsel\\sekolah\\~\\appdata\\roaming\\undetected_chromedriver\\undetected\\chromedriver-win32\\LICENSE.chromedriver'
2025-10-26 23:32:17,852 - INFO - Retrying in 5 seconds...
2025-10-26 23:32:22,852 - INFO - Initializing Chrome driver (attempt 2/3)...
2025-10-26 23:32:31,657 - INFO - patching driver executable C:\laragon\www\dapokalsel\sekolah\~\appdata\roaming\undetected_chromedriver\undetected_chromedriver.exe
2025-10-26 23:32:32,155 - ERROR - Attempt 2 failed: Binary Location Must be a String
2025-10-26 23:32:32,155 - INFO - Retrying in 5 seconds...
2025-10-26 23:32:37,156 - INFO - Initializing Chrome driver (attempt 3/3)...
2025-10-26 23:32:47,641 - ERROR - Attempt 3 failed: [WinError 183] Cannot create a file when that file already exists: 'C:\\laragon\\www\\dapokalsel\\sekolah\\~\\appdata\\roaming\\undetected_chromedriver\\undetected\\chromedriver-win32\\chromedriver.exe' -> 'C:\\laragon\\www\\dapokalsel\\sekolah\\~\\appdata\\roaming\\undetected_chromedriver\\undetected_chromedriver.exe'
2025-10-26 23:32:47,641 - ERROR - All attempts failed to setup driver
Traceback (most recent call last):
  File "C:\laragon\www\dapokalsel\sekolah\import_url_kabupaten.pyw", line 115, in setup_driver
    driver = uc.Chrome(
  File "C:\laragon\bin\python\python-3.10\lib\site-packages\undetected_chromedriver\__init__.py", line 258, in __init__
    self.patcher.auto()
  File "C:\laragon\bin\python\python-3.10\lib\site-packages\undetected_chromedriver\patcher.py", line 178, in auto
    self.unzip_package(self.fetch_package())
  File "C:\laragon\bin\python\python-3.10\lib\site-packages\undetected_chromedriver\patcher.py", line 310, in unzip_package
    os.rename(os.path.join(self.zip_path, exe_path), self.executable_path)
FileExistsError: [WinError 183] Cannot create a file when that file already exists: 'C:\\laragon\\www\\dapokalsel\\sekolah\\~\\appdata\\roaming\\undetected_chromedriver\\undetected\\chromedriver-win32\\chromedriver.exe' -> 'C:\\laragon\\www\\dapokalsel\\sekolah\\~\\appdata\\roaming\\undetected_chromedriver\\undetected_chromedriver.exe'
2025-10-26 23:32:48,334 - ERROR - Error on attempt 134: Failed to setup driver
Traceback (most recent call last):
  File "C:\laragon\www\dapokalsel\sekolah\import_url_kabupaten.pyw", line 435, in process_url_induk
    raise Exception("Failed to setup driver")
Exception: Failed to setup driver
2025-10-26 23:32:48,563 - INFO - Retry attempt 135/300...
2025-10-26 23:33:03,563 - INFO - Setting up Chrome driver...
2025-10-26 23:33:03,563 - INFO - Using profile directory: C:\Windows\Temp\chrome_scraper_profile
2025-10-26 23:33:03,563 - INFO - Initializing Chrome driver (attempt 1/3)...
2025-10-26 23:33:10,044 - ERROR - Attempt 1 failed: [WinError 183] Cannot create a file when that file already exists: 'C:\\laragon\\www\\dapokalsel\\sekolah\\~\\appdata\\roaming\\undetected_chromedriver\\undetected\\chromedriver-win32\\chromedriver.exe' -> 'C:\\laragon\\www\\dapokalsel\\sekolah\\~\\appdata\\roaming\\undetected_chromedriver\\undetected_chromedriver.exe'
2025-10-26 23:33:10,044 - INFO - Retrying in 5 seconds...
2025-10-26 23:33:15,044 - INFO - Initializing Chrome driver (attempt 2/3)...
2025-10-26 23:33:17,821 - INFO - patching driver executable C:\laragon\www\dapokalsel\sekolah\~\appdata\roaming\undetected_chromedriver\undetected_chromedriver.exe
2025-10-26 23:33:17,924 - ERROR - Attempt 2 failed: Binary Location Must be a String
2025-10-26 23:33:17,924 - INFO - Retrying in 5 seconds...
2025-10-26 23:33:22,925 - INFO - Initializing Chrome driver (attempt 3/3)...
2025-10-26 23:33:26,150 - INFO - patching driver executable C:\laragon\www\dapokalsel\sekolah\~\appdata\roaming\undetected_chromedriver\undetected_chromedriver.exe
2025-10-26 23:33:26,249 - ERROR - Attempt 3 failed: you cannot reuse the ChromeOptions object
2025-10-26 23:33:26,250 - ERROR - All attempts failed to setup driver
Traceback (most recent call last):
  File "C:\laragon\www\dapokalsel\sekolah\import_url_kabupaten.pyw", line 115, in setup_driver
    driver = uc.Chrome(
  File "C:\laragon\bin\python\python-3.10\lib\site-packages\undetected_chromedriver\__init__.py", line 269, in __init__
    raise RuntimeError("you cannot reuse the ChromeOptions object")
RuntimeError: you cannot reuse the ChromeOptions object
2025-10-26 23:33:26,250 - ERROR - Error on attempt 135: Failed to setup driver
Traceback (most recent call last):
  File "C:\laragon\www\dapokalsel\sekolah\import_url_kabupaten.pyw", line 435, in process_url_induk
    raise Exception("Failed to setup driver")
Exception: Failed to setup driver
2025-10-26 23:33:26,251 - INFO - Retry attempt 136/300...
2025-10-26 23:33:41,252 - INFO - Setting up Chrome driver...
2025-10-26 23:33:41,254 - INFO - Using profile directory: C:\Windows\Temp\chrome_scraper_profile
2025-10-26 23:33:41,254 - INFO - Initializing Chrome driver (attempt 1/3)...
2025-10-26 23:33:44,071 - INFO - patching driver executable C:\laragon\www\dapokalsel\sekolah\~\appdata\roaming\undetected_chromedriver\undetected_chromedriver.exe
2025-10-26 23:33:44,149 - ERROR - Attempt 1 failed: Binary Location Must be a String
2025-10-26 23:33:44,149 - INFO - Retrying in 5 seconds...
2025-10-26 23:33:49,151 - INFO - Initializing Chrome driver (attempt 2/3)...
2025-10-26 23:33:52,541 - ERROR - Attempt 2 failed: [WinError 183] Cannot create a file when that file already exists: 'C:\\laragon\\www\\dapokalsel\\sekolah\\~\\appdata\\roaming\\undetected_chromedriver\\undetected\\chromedriver-win32\\chromedriver.exe' -> 'C:\\laragon\\www\\dapokalsel\\sekolah\\~\\appdata\\roaming\\undetected_chromedriver\\undetected_chromedriver.exe'
2025-10-26 23:33:52,541 - INFO - Retrying in 5 seconds...
2025-10-26 23:33:57,542 - INFO - Initializing Chrome driver (attempt 3/3)...
2025-10-26 23:34:00,877 - INFO - patching driver executable C:\laragon\www\dapokalsel\sekolah\~\appdata\roaming\undetected_chromedriver\undetected_chromedriver.exe
2025-10-26 23:34:01,240 - ERROR - Attempt 3 failed: you cannot reuse the ChromeOptions object
2025-10-26 23:34:01,240 - ERROR - All attempts failed to setup driver
Traceback (most recent call last):
  File "C:\laragon\www\dapokalsel\sekolah\import_url_kabupaten.pyw", line 115, in setup_driver
    driver = uc.Chrome(
  File "C:\laragon\bin\python\python-3.10\lib\site-packages\undetected_chromedriver\__init__.py", line 269, in __init__
    raise RuntimeError("you cannot reuse the ChromeOptions object")
RuntimeError: you cannot reuse the ChromeOptions object
2025-10-26 23:34:01,240 - ERROR - Error on attempt 136: Failed to setup driver
Traceback (most recent call last):
  File "C:\laragon\www\dapokalsel\sekolah\import_url_kabupaten.pyw", line 435, in process_url_induk
    raise Exception("Failed to setup driver")
Exception: Failed to setup driver
2025-10-26 23:34:01,240 - INFO - Retry attempt 137/300...
2025-10-26 23:34:16,242 - INFO - Setting up Chrome driver...
2025-10-26 23:34:16,242 - INFO - Using profile directory: C:\Windows\Temp\chrome_scraper_profile
2025-10-26 23:34:16,242 - INFO - Initializing Chrome driver (attempt 1/3)...
2025-10-26 23:34:20,431 - ERROR - Attempt 1 failed: [WinError 183] Cannot create a file when that file already exists: 'C:\\laragon\\www\\dapokalsel\\sekolah\\~\\appdata\\roaming\\undetected_chromedriver\\undetected\\chromedriver-win32\\chromedriver.exe' -> 'C:\\laragon\\www\\dapokalsel\\sekolah\\~\\appdata\\roaming\\undetected_chromedriver\\undetected_chromedriver.exe'
2025-10-26 23:34:20,431 - INFO - Retrying in 5 seconds...
2025-10-26 23:34:25,431 - INFO - Initializing Chrome driver (attempt 2/3)...
2025-10-26 23:34:29,688 - ERROR - Attempt 2 failed: [WinError 183] Cannot create a file when that file already exists: 'C:\\laragon\\www\\dapokalsel\\sekolah\\~\\appdata\\roaming\\undetected_chromedriver\\undetected\\chromedriver-win32\\chromedriver.exe' -> 'C:\\laragon\\www\\dapokalsel\\sekolah\\~\\appdata\\roaming\\undetected_chromedriver\\undetected_chromedriver.exe'
2025-10-26 23:34:29,688 - INFO - Retrying in 5 seconds...
2025-10-26 23:34:34,689 - INFO - Initializing Chrome driver (attempt 3/3)...
2025-10-26 23:34:37,704 - INFO - patching driver executable C:\laragon\www\dapokalsel\sekolah\~\appdata\roaming\undetected_chromedriver\undetected_chromedriver.exe
2025-10-26 23:34:37,943 - ERROR - Attempt 3 failed: Binary Location Must be a String
2025-10-26 23:34:37,943 - ERROR - All attempts failed to setup driver
Traceback (most recent call last):
  File "C:\laragon\www\dapokalsel\sekolah\import_url_kabupaten.pyw", line 115, in setup_driver
    driver = uc.Chrome(
  File "C:\laragon\bin\python\python-3.10\lib\site-packages\undetected_chromedriver\__init__.py", line 372, in __init__
    options.binary_location = (
  File "C:\laragon\bin\python\python-3.10\lib\site-packages\selenium\webdriver\chromium\options.py", line 52, in binary_location
    raise TypeError(self.BINARY_LOCATION_ERROR)
TypeError: Binary Location Must be a String
2025-10-26 23:34:37,944 - ERROR - Error on attempt 137: Failed to setup driver
Traceback (most recent call last):
  File "C:\laragon\www\dapokalsel\sekolah\import_url_kabupaten.pyw", line 435, in process_url_induk
    raise Exception("Failed to setup driver")
Exception: Failed to setup driver
2025-10-26 23:34:37,944 - INFO - Retry attempt 138/300...
2025-10-26 23:34:52,945 - INFO - Setting up Chrome driver...
2025-10-26 23:34:52,945 - INFO - Using profile directory: C:\Windows\Temp\chrome_scraper_profile
2025-10-26 23:34:52,946 - INFO - Initializing Chrome driver (attempt 1/3)...
2025-10-26 23:34:57,656 - ERROR - Attempt 1 failed: [WinError 183] Cannot create a file when that file already exists: 'C:\\laragon\\www\\dapokalsel\\sekolah\\~\\appdata\\roaming\\undetected_chromedriver\\undetected\\chromedriver-win32\\chromedriver.exe' -> 'C:\\laragon\\www\\dapokalsel\\sekolah\\~\\appdata\\roaming\\undetected_chromedriver\\undetected_chromedriver.exe'
2025-10-26 23:34:57,656 - INFO - Retrying in 5 seconds...
2025-10-26 23:35:02,657 - INFO - Initializing Chrome driver (attempt 2/3)...
2025-10-26 23:35:05,765 - INFO - patching driver executable C:\laragon\www\dapokalsel\sekolah\~\appdata\roaming\undetected_chromedriver\undetected_chromedriver.exe
2025-10-26 23:35:05,844 - ERROR - Attempt 2 failed: Binary Location Must be a String
2025-10-26 23:35:05,844 - INFO - Retrying in 5 seconds...
2025-10-26 23:35:10,844 - INFO - Initializing Chrome driver (attempt 3/3)...
2025-10-26 23:35:14,473 - INFO - patching driver executable C:\laragon\www\dapokalsel\sekolah\~\appdata\roaming\undetected_chromedriver\undetected_chromedriver.exe
2025-10-26 23:35:14,564 - ERROR - Attempt 3 failed: you cannot reuse the ChromeOptions object
2025-10-26 23:35:14,564 - ERROR - All attempts failed to setup driver
Traceback (most recent call last):
  File "C:\laragon\www\dapokalsel\sekolah\import_url_kabupaten.pyw", line 115, in setup_driver
    driver = uc.Chrome(
  File "C:\laragon\bin\python\python-3.10\lib\site-packages\undetected_chromedriver\__init__.py", line 269, in __init__
    raise RuntimeError("you cannot reuse the ChromeOptions object")
RuntimeError: you cannot reuse the ChromeOptions object
2025-10-26 23:35:14,565 - ERROR - Error on attempt 138: Failed to setup driver
Traceback (most recent call last):
  File "C:\laragon\www\dapokalsel\sekolah\import_url_kabupaten.pyw", line 435, in process_url_induk
    raise Exception("Failed to setup driver")
Exception: Failed to setup driver
2025-10-26 23:35:14,565 - INFO - Retry attempt 139/300...
2025-10-26 23:35:29,565 - INFO - Setting up Chrome driver...
2025-10-26 23:35:29,567 - INFO - Using profile directory: C:\Windows\Temp\chrome_scraper_profile
2025-10-26 23:35:29,567 - INFO - Initializing Chrome driver (attempt 1/3)...
2025-10-26 23:35:32,480 - INFO - patching driver executable C:\laragon\www\dapokalsel\sekolah\~\appdata\roaming\undetected_chromedriver\undetected_chromedriver.exe
2025-10-26 23:35:32,640 - ERROR - Attempt 1 failed: Binary Location Must be a String
2025-10-26 23:35:32,640 - INFO - Retrying in 5 seconds...
2025-10-26 23:35:37,641 - INFO - Initializing Chrome driver (attempt 2/3)...
2025-10-26 23:35:40,484 - INFO - patching driver executable C:\laragon\www\dapokalsel\sekolah\~\appdata\roaming\undetected_chromedriver\undetected_chromedriver.exe
2025-10-26 23:35:40,589 - ERROR - Attempt 2 failed: you cannot reuse the ChromeOptions object
2025-10-26 23:35:40,589 - INFO - Retrying in 5 seconds...
2025-10-26 23:35:45,589 - INFO - Initializing Chrome driver (attempt 3/3)...
2025-10-26 23:35:48,755 - INFO - patching driver executable C:\laragon\www\dapokalsel\sekolah\~\appdata\roaming\undetected_chromedriver\undetected_chromedriver.exe
2025-10-26 23:35:49,019 - ERROR - Attempt 3 failed: you cannot reuse the ChromeOptions object
2025-10-26 23:35:49,020 - ERROR - All attempts failed to setup driver
Traceback (most recent call last):
  File "C:\laragon\www\dapokalsel\sekolah\import_url_kabupaten.pyw", line 115, in setup_driver
    driver = uc.Chrome(
  File "C:\laragon\bin\python\python-3.10\lib\site-packages\undetected_chromedriver\__init__.py", line 269, in __init__
    raise RuntimeError("you cannot reuse the ChromeOptions object")
RuntimeError: you cannot reuse the ChromeOptions object
2025-10-26 23:35:49,020 - ERROR - Error on attempt 139: Failed to setup driver
Traceback (most recent call last):
  File "C:\laragon\www\dapokalsel\sekolah\import_url_kabupaten.pyw", line 435, in process_url_induk
    raise Exception("Failed to setup driver")
Exception: Failed to setup driver
2025-10-26 23:35:49,020 - INFO - Retry attempt 140/300...
2025-10-26 23:36:04,021 - INFO - Setting up Chrome driver...
2025-10-26 23:36:04,021 - INFO - Using profile directory: C:\Windows\Temp\chrome_scraper_profile
2025-10-26 23:36:04,022 - INFO - Initializing Chrome driver (attempt 1/3)...
2025-10-26 23:36:06,856 - INFO - patching driver executable C:\laragon\www\dapokalsel\sekolah\~\appdata\roaming\undetected_chromedriver\undetected_chromedriver.exe
2025-10-26 23:36:06,960 - ERROR - Attempt 1 failed: Binary Location Must be a String
2025-10-26 23:36:06,961 - INFO - Retrying in 5 seconds...
2025-10-26 23:36:11,962 - INFO - Initializing Chrome driver (attempt 2/3)...
2025-10-26 23:36:14,798 - INFO - patching driver executable C:\laragon\www\dapokalsel\sekolah\~\appdata\roaming\undetected_chromedriver\undetected_chromedriver.exe
2025-10-26 23:36:14,876 - ERROR - Attempt 2 failed: you cannot reuse the ChromeOptions object
2025-10-26 23:36:14,876 - INFO - Retrying in 5 seconds...
2025-10-26 23:36:19,876 - INFO - Initializing Chrome driver (attempt 3/3)...
2025-10-26 23:36:22,844 - INFO - patching driver executable C:\laragon\www\dapokalsel\sekolah\~\appdata\roaming\undetected_chromedriver\undetected_chromedriver.exe
2025-10-26 23:36:23,222 - ERROR - Attempt 3 failed: you cannot reuse the ChromeOptions object
2025-10-26 23:36:23,222 - ERROR - All attempts failed to setup driver
Traceback (most recent call last):
  File "C:\laragon\www\dapokalsel\sekolah\import_url_kabupaten.pyw", line 115, in setup_driver
    driver = uc.Chrome(
  File "C:\laragon\bin\python\python-3.10\lib\site-packages\undetected_chromedriver\__init__.py", line 269, in __init__
    raise RuntimeError("you cannot reuse the ChromeOptions object")
RuntimeError: you cannot reuse the ChromeOptions object
2025-10-26 23:36:23,224 - ERROR - Error on attempt 140: Failed to setup driver
Traceback (most recent call last):
  File "C:\laragon\www\dapokalsel\sekolah\import_url_kabupaten.pyw", line 435, in process_url_induk
    raise Exception("Failed to setup driver")
Exception: Failed to setup driver
2025-10-26 23:36:23,224 - INFO - Retry attempt 141/300...
2025-10-26 23:36:38,225 - INFO - Setting up Chrome driver...
2025-10-26 23:36:38,332 - INFO - Using profile directory: C:\Windows\Temp\chrome_scraper_profile
2025-10-26 23:36:38,333 - INFO - Initializing Chrome driver (attempt 1/3)...
2025-10-26 23:36:48,371 - INFO - patching driver executable C:\laragon\www\dapokalsel\sekolah\~\appdata\roaming\undetected_chromedriver\undetected_chromedriver.exe
2025-10-26 23:36:48,905 - ERROR - Attempt 1 failed: Binary Location Must be a String
2025-10-26 23:36:48,906 - INFO - Retrying in 5 seconds...
2025-10-26 23:36:53,906 - INFO - Initializing Chrome driver (attempt 2/3)...
2025-10-26 23:37:01,446 - ERROR - Attempt 2 failed: [WinError 183] Cannot create a file when that file already exists: 'C:\\laragon\\www\\dapokalsel\\sekolah\\~\\appdata\\roaming\\undetected_chromedriver\\undetected\\chromedriver-win32\\chromedriver.exe' -> 'C:\\laragon\\www\\dapokalsel\\sekolah\\~\\appdata\\roaming\\undetected_chromedriver\\undetected_chromedriver.exe'
2025-10-26 23:37:01,447 - INFO - Retrying in 5 seconds...
2025-10-26 23:37:06,448 - INFO - Initializing Chrome driver (attempt 3/3)...
2025-10-26 23:37:18,092 - INFO - patching driver executable C:\laragon\www\dapokalsel\sekolah\~\appdata\roaming\undetected_chromedriver\undetected_chromedriver.exe
2025-10-26 23:37:18,687 - ERROR - Attempt 3 failed: you cannot reuse the ChromeOptions object
2025-10-26 23:37:18,687 - ERROR - All attempts failed to setup driver
Traceback (most recent call last):
  File "C:\laragon\www\dapokalsel\sekolah\import_url_kabupaten.pyw", line 115, in setup_driver
    driver = uc.Chrome(
  File "C:\laragon\bin\python\python-3.10\lib\site-packages\undetected_chromedriver\__init__.py", line 269, in __init__
    raise RuntimeError("you cannot reuse the ChromeOptions object")
RuntimeError: you cannot reuse the ChromeOptions object
2025-10-26 23:37:18,811 - ERROR - Error on attempt 141: Failed to setup driver
Traceback (most recent call last):
  File "C:\laragon\www\dapokalsel\sekolah\import_url_kabupaten.pyw", line 435, in process_url_induk
    raise Exception("Failed to setup driver")
Exception: Failed to setup driver
2025-10-26 23:37:18,908 - INFO - Retry attempt 142/300...
2025-10-26 23:37:33,909 - INFO - Setting up Chrome driver...
2025-10-26 23:37:33,921 - INFO - Using profile directory: C:\Windows\Temp\chrome_scraper_profile
2025-10-26 23:37:33,922 - INFO - Initializing Chrome driver (attempt 1/3)...
2025-10-26 23:37:43,486 - INFO - patching driver executable C:\laragon\www\dapokalsel\sekolah\~\appdata\roaming\undetected_chromedriver\undetected_chromedriver.exe
2025-10-26 23:37:44,143 - ERROR - Attempt 1 failed: Binary Location Must be a String
2025-10-26 23:37:44,144 - INFO - Retrying in 5 seconds...
2025-10-26 23:37:49,145 - INFO - Initializing Chrome driver (attempt 2/3)...
2025-10-26 23:37:59,141 - INFO - patching driver executable C:\laragon\www\dapokalsel\sekolah\~\appdata\roaming\undetected_chromedriver\undetected_chromedriver.exe
2025-10-26 23:38:00,049 - ERROR - Attempt 2 failed: you cannot reuse the ChromeOptions object
2025-10-26 23:38:00,050 - INFO - Retrying in 5 seconds...
2025-10-26 23:38:05,050 - INFO - Initializing Chrome driver (attempt 3/3)...
2025-10-26 23:38:17,213 - ERROR - Attempt 3 failed: [WinError 183] Cannot create a file when that file already exists: 'C:\\laragon\\www\\dapokalsel\\sekolah\\~\\appdata\\roaming\\undetected_chromedriver\\undetected\\chromedriver-win32\\chromedriver.exe' -> 'C:\\laragon\\www\\dapokalsel\\sekolah\\~\\appdata\\roaming\\undetected_chromedriver\\undetected_chromedriver.exe'
2025-10-26 23:38:17,214 - ERROR - All attempts failed to setup driver
Traceback (most recent call last):
  File "C:\laragon\www\dapokalsel\sekolah\import_url_kabupaten.pyw", line 115, in setup_driver
    driver = uc.Chrome(
  File "C:\laragon\bin\python\python-3.10\lib\site-packages\undetected_chromedriver\__init__.py", line 258, in __init__
    self.patcher.auto()
  File "C:\laragon\bin\python\python-3.10\lib\site-packages\undetected_chromedriver\patcher.py", line 178, in auto
    self.unzip_package(self.fetch_package())
  File "C:\laragon\bin\python\python-3.10\lib\site-packages\undetected_chromedriver\patcher.py", line 310, in unzip_package
    os.rename(os.path.join(self.zip_path, exe_path), self.executable_path)
FileExistsError: [WinError 183] Cannot create a file when that file already exists: 'C:\\laragon\\www\\dapokalsel\\sekolah\\~\\appdata\\roaming\\undetected_chromedriver\\undetected\\chromedriver-win32\\chromedriver.exe' -> 'C:\\laragon\\www\\dapokalsel\\sekolah\\~\\appdata\\roaming\\undetected_chromedriver\\undetected_chromedriver.exe'
2025-10-26 23:38:17,376 - ERROR - Error on attempt 142: Failed to setup driver
Traceback (most recent call last):
  File "C:\laragon\www\dapokalsel\sekolah\import_url_kabupaten.pyw", line 435, in process_url_induk
    raise Exception("Failed to setup driver")
Exception: Failed to setup driver
2025-10-26 23:38:17,543 - INFO - Retry attempt 143/300...
2025-10-26 23:38:32,544 - INFO - Setting up Chrome driver...
2025-10-26 23:38:32,576 - INFO - Using profile directory: C:\Windows\Temp\chrome_scraper_profile
2025-10-26 23:38:32,577 - INFO - Initializing Chrome driver (attempt 1/3)...
2025-10-26 23:38:32,730 - ERROR - Attempt 1 failed: Binary Location Must be a String
2025-10-26 23:38:32,731 - INFO - Retrying in 5 seconds...
2025-10-26 23:38:37,731 - INFO - Initializing Chrome driver (attempt 2/3)...
2025-10-26 23:38:50,976 - ERROR - Attempt 2 failed: [WinError 32] The process cannot access the file because it is being used by another process: 'C:\\laragon\\www\\dapokalsel\\sekolah\\~\\appdata\\roaming\\undetected_chromedriver\\undetected\\chromedriver-win32\\chromedriver.exe' -> 'C:\\laragon\\www\\dapokalsel\\sekolah\\~\\appdata\\roaming\\undetected_chromedriver\\undetected_chromedriver.exe'
2025-10-26 23:38:50,976 - INFO - Retrying in 5 seconds...
2025-10-26 23:38:55,978 - INFO - Initializing Chrome driver (attempt 3/3)...
2025-10-26 23:39:04,627 - ERROR - Attempt 3 failed: [WinError 145] The directory is not empty: 'C:\\laragon\\www\\dapokalsel\\sekolah\\~\\appdata\\roaming\\undetected_chromedriver\\undetected'
2025-10-26 23:39:04,627 - ERROR - All attempts failed to setup driver
Traceback (most recent call last):
  File "C:\laragon\www\dapokalsel\sekolah\import_url_kabupaten.pyw", line 115, in setup_driver
    driver = uc.Chrome(
  File "C:\laragon\bin\python\python-3.10\lib\site-packages\undetected_chromedriver\__init__.py", line 258, in __init__
    self.patcher.auto()
  File "C:\laragon\bin\python\python-3.10\lib\site-packages\undetected_chromedriver\patcher.py", line 178, in auto
    self.unzip_package(self.fetch_package())
  File "C:\laragon\bin\python\python-3.10\lib\site-packages\undetected_chromedriver\patcher.py", line 312, in unzip_package
    shutil.rmtree(self.zip_path)
  File "C:\laragon\bin\python\python-3.10\lib\shutil.py", line 749, in rmtree
    return _rmtree_unsafe(path, onerror)
  File "C:\laragon\bin\python\python-3.10\lib\shutil.py", line 623, in _rmtree_unsafe
    onerror(os.rmdir, path, sys.exc_info())
  File "C:\laragon\bin\python\python-3.10\lib\shutil.py", line 621, in _rmtree_unsafe
    os.rmdir(path)
OSError: [WinError 145] The directory is not empty: 'C:\\laragon\\www\\dapokalsel\\sekolah\\~\\appdata\\roaming\\undetected_chromedriver\\undetected'
2025-10-26 23:39:05,021 - ERROR - Error on attempt 143: Failed to setup driver
Traceback (most recent call last):
  File "C:\laragon\www\dapokalsel\sekolah\import_url_kabupaten.pyw", line 435, in process_url_induk
    raise Exception("Failed to setup driver")
Exception: Failed to setup driver
2025-10-26 23:39:05,215 - INFO - Retry attempt 144/300...
2025-10-26 23:39:20,217 - INFO - Setting up Chrome driver...
2025-10-26 23:39:20,643 - INFO - Using profile directory: C:\Windows\Temp\chrome_scraper_profile
2025-10-26 23:39:20,643 - INFO - Initializing Chrome driver (attempt 1/3)...
2025-10-26 23:39:34,799 - ERROR - Attempt 1 failed: [WinError 145] The directory is not empty: 'C:\\laragon\\www\\dapokalsel\\sekolah\\~\\appdata\\roaming\\undetected_chromedriver\\undetected'
2025-10-26 23:39:34,800 - INFO - Retrying in 5 seconds...
2025-10-26 23:39:39,800 - INFO - Initializing Chrome driver (attempt 2/3)...
2025-10-26 23:39:48,128 - ERROR - Attempt 2 failed: [WinError 32] The process cannot access the file because it is being used by another process: 'C:\\laragon\\www\\dapokalsel\\sekolah\\~\\appdata\\roaming\\undetected_chromedriver\\undetected\\chromedriver-win32\\chromedriver.exe' -> 'C:\\laragon\\www\\dapokalsel\\sekolah\\~\\appdata\\roaming\\undetected_chromedriver\\undetected_chromedriver.exe'
2025-10-26 23:39:48,128 - INFO - Retrying in 5 seconds...
2025-10-26 23:39:53,130 - INFO - Initializing Chrome driver (attempt 3/3)...
2025-10-26 23:39:56,964 - INFO - patching driver executable C:\laragon\www\dapokalsel\sekolah\~\appdata\roaming\undetected_chromedriver\undetected_chromedriver.exe
2025-10-26 23:39:57,037 - ERROR - Attempt 3 failed: Binary Location Must be a String
2025-10-26 23:39:57,037 - ERROR - All attempts failed to setup driver
Traceback (most recent call last):
  File "C:\laragon\www\dapokalsel\sekolah\import_url_kabupaten.pyw", line 115, in setup_driver
    driver = uc.Chrome(
  File "C:\laragon\bin\python\python-3.10\lib\site-packages\undetected_chromedriver\__init__.py", line 372, in __init__
    options.binary_location = (
  File "C:\laragon\bin\python\python-3.10\lib\site-packages\selenium\webdriver\chromium\options.py", line 52, in binary_location
    raise TypeError(self.BINARY_LOCATION_ERROR)
TypeError: Binary Location Must be a String
2025-10-26 23:39:57,038 - ERROR - Error on attempt 144: Failed to setup driver
Traceback (most recent call last):
  File "C:\laragon\www\dapokalsel\sekolah\import_url_kabupaten.pyw", line 435, in process_url_induk
    raise Exception("Failed to setup driver")
Exception: Failed to setup driver
2025-10-26 23:39:57,038 - INFO - Retry attempt 145/300...
2025-10-26 23:40:12,039 - INFO - Setting up Chrome driver...
2025-10-26 23:40:12,039 - INFO - Using profile directory: C:\Windows\Temp\chrome_scraper_profile
2025-10-26 23:40:12,039 - INFO - Initializing Chrome driver (attempt 1/3)...
2025-10-26 23:40:18,642 - ERROR - Attempt 1 failed: [WinError 183] Cannot create a file when that file already exists: 'C:\\laragon\\www\\dapokalsel\\sekolah\\~\\appdata\\roaming\\undetected_chromedriver\\undetected\\chromedriver-win32\\chromedriver.exe' -> 'C:\\laragon\\www\\dapokalsel\\sekolah\\~\\appdata\\roaming\\undetected_chromedriver\\undetected_chromedriver.exe'
2025-10-26 23:40:18,642 - INFO - Retrying in 5 seconds...
2025-10-26 23:40:23,643 - INFO - Initializing Chrome driver (attempt 2/3)...
2025-10-26 23:40:28,464 - ERROR - Attempt 2 failed: [WinError 183] Cannot create a file when that file already exists: 'C:\\laragon\\www\\dapokalsel\\sekolah\\~\\appdata\\roaming\\undetected_chromedriver\\undetected\\chromedriver-win32\\chromedriver.exe' -> 'C:\\laragon\\www\\dapokalsel\\sekolah\\~\\appdata\\roaming\\undetected_chromedriver\\undetected_chromedriver.exe'
2025-10-26 23:40:28,464 - INFO - Retrying in 5 seconds...
2025-10-26 23:40:33,464 - INFO - Initializing Chrome driver (attempt 3/3)...
2025-10-26 23:40:36,300 - INFO - patching driver executable C:\laragon\www\dapokalsel\sekolah\~\appdata\roaming\undetected_chromedriver\undetected_chromedriver.exe
2025-10-26 23:40:36,389 - ERROR - Attempt 3 failed: Binary Location Must be a String
2025-10-26 23:40:36,389 - ERROR - All attempts failed to setup driver
Traceback (most recent call last):
  File "C:\laragon\www\dapokalsel\sekolah\import_url_kabupaten.pyw", line 115, in setup_driver
    driver = uc.Chrome(
  File "C:\laragon\bin\python\python-3.10\lib\site-packages\undetected_chromedriver\__init__.py", line 372, in __init__
    options.binary_location = (
  File "C:\laragon\bin\python\python-3.10\lib\site-packages\selenium\webdriver\chromium\options.py", line 52, in binary_location
    raise TypeError(self.BINARY_LOCATION_ERROR)
TypeError: Binary Location Must be a String
2025-10-26 23:40:36,389 - ERROR - Error on attempt 145: Failed to setup driver
Traceback (most recent call last):
  File "C:\laragon\www\dapokalsel\sekolah\import_url_kabupaten.pyw", line 435, in process_url_induk
    raise Exception("Failed to setup driver")
Exception: Failed to setup driver
2025-10-26 23:40:36,390 - INFO - Retry attempt 146/300...
2025-10-26 23:40:51,390 - INFO - Setting up Chrome driver...
2025-10-26 23:40:51,407 - INFO - Using profile directory: C:\Windows\Temp\chrome_scraper_profile
2025-10-26 23:40:51,408 - INFO - Initializing Chrome driver (attempt 1/3)...
2025-10-26 23:40:56,536 - ERROR - Attempt 1 failed: [WinError 183] Cannot create a file when that file already exists: 'C:\\laragon\\www\\dapokalsel\\sekolah\\~\\appdata\\roaming\\undetected_chromedriver\\undetected\\chromedriver-win32\\chromedriver.exe' -> 'C:\\laragon\\www\\dapokalsel\\sekolah\\~\\appdata\\roaming\\undetected_chromedriver\\undetected_chromedriver.exe'
2025-10-26 23:40:56,536 - INFO - Retrying in 5 seconds...
2025-10-26 23:41:01,537 - INFO - Initializing Chrome driver (attempt 2/3)...
2025-10-26 23:41:11,235 - ERROR - Attempt 2 failed: [WinError 183] Cannot create a file when that file already exists: 'C:\\laragon\\www\\dapokalsel\\sekolah\\~\\appdata\\roaming\\undetected_chromedriver\\undetected\\chromedriver-win32\\chromedriver.exe' -> 'C:\\laragon\\www\\dapokalsel\\sekolah\\~\\appdata\\roaming\\undetected_chromedriver\\undetected_chromedriver.exe'
2025-10-26 23:41:11,235 - INFO - Retrying in 5 seconds...
2025-10-26 23:41:16,236 - INFO - Initializing Chrome driver (attempt 3/3)...
2025-10-26 23:41:22,007 - INFO - patching driver executable C:\laragon\www\dapokalsel\sekolah\~\appdata\roaming\undetected_chromedriver\undetected_chromedriver.exe
2025-10-26 23:41:23,285 - ERROR - Attempt 3 failed: Binary Location Must be a String
2025-10-26 23:41:23,285 - ERROR - All attempts failed to setup driver
Traceback (most recent call last):
  File "C:\laragon\www\dapokalsel\sekolah\import_url_kabupaten.pyw", line 115, in setup_driver
    driver = uc.Chrome(
  File "C:\laragon\bin\python\python-3.10\lib\site-packages\undetected_chromedriver\__init__.py", line 372, in __init__
    options.binary_location = (
  File "C:\laragon\bin\python\python-3.10\lib\site-packages\selenium\webdriver\chromium\options.py", line 52, in binary_location
    raise TypeError(self.BINARY_LOCATION_ERROR)
TypeError: Binary Location Must be a String
2025-10-26 23:41:23,773 - ERROR - Error on attempt 146: Failed to setup driver
Traceback (most recent call last):
  File "C:\laragon\www\dapokalsel\sekolah\import_url_kabupaten.pyw", line 435, in process_url_induk
    raise Exception("Failed to setup driver")
Exception: Failed to setup driver
2025-10-26 23:41:23,774 - INFO - Retry attempt 147/300...
2025-10-26 23:41:38,774 - INFO - Setting up Chrome driver...
2025-10-26 23:41:39,017 - INFO - Using profile directory: C:\Windows\Temp\chrome_scraper_profile
2025-10-26 23:41:39,018 - INFO - Initializing Chrome driver (attempt 1/3)...
2025-10-26 23:41:50,880 - INFO - patching driver executable C:\laragon\www\dapokalsel\sekolah\~\appdata\roaming\undetected_chromedriver\undetected_chromedriver.exe
2025-10-26 23:41:51,601 - ERROR - Attempt 1 failed: Binary Location Must be a String
2025-10-26 23:41:51,601 - INFO - Retrying in 5 seconds...
2025-10-26 23:41:56,602 - INFO - Initializing Chrome driver (attempt 2/3)...
2025-10-26 23:42:11,167 - INFO - patching driver executable C:\laragon\www\dapokalsel\sekolah\~\appdata\roaming\undetected_chromedriver\undetected_chromedriver.exe
2025-10-26 23:42:11,948 - ERROR - Attempt 2 failed: you cannot reuse the ChromeOptions object
2025-10-26 23:42:11,948 - INFO - Retrying in 5 seconds...
2025-10-26 23:42:16,949 - INFO - Initializing Chrome driver (attempt 3/3)...
2025-10-26 23:42:32,044 - ERROR - Attempt 3 failed: [WinError 145] The directory is not empty: 'C:\\laragon\\www\\dapokalsel\\sekolah\\~\\appdata\\roaming\\undetected_chromedriver\\undetected\\chromedriver-win32'
2025-10-26 23:42:32,044 - ERROR - All attempts failed to setup driver
Traceback (most recent call last):
  File "C:\laragon\www\dapokalsel\sekolah\import_url_kabupaten.pyw", line 115, in setup_driver
    driver = uc.Chrome(
  File "C:\laragon\bin\python\python-3.10\lib\site-packages\undetected_chromedriver\__init__.py", line 258, in __init__
    self.patcher.auto()
  File "C:\laragon\bin\python\python-3.10\lib\site-packages\undetected_chromedriver\patcher.py", line 178, in auto
    self.unzip_package(self.fetch_package())
  File "C:\laragon\bin\python\python-3.10\lib\site-packages\undetected_chromedriver\patcher.py", line 312, in unzip_package
    shutil.rmtree(self.zip_path)
  File "C:\laragon\bin\python\python-3.10\lib\shutil.py", line 749, in rmtree
    return _rmtree_unsafe(path, onerror)
  File "C:\laragon\bin\python\python-3.10\lib\shutil.py", line 614, in _rmtree_unsafe
    _rmtree_unsafe(fullname, onerror)
  File "C:\laragon\bin\python\python-3.10\lib\shutil.py", line 623, in _rmtree_unsafe
    onerror(os.rmdir, path, sys.exc_info())
  File "C:\laragon\bin\python\python-3.10\lib\shutil.py", line 621, in _rmtree_unsafe
    os.rmdir(path)
OSError: [WinError 145] The directory is not empty: 'C:\\laragon\\www\\dapokalsel\\sekolah\\~\\appdata\\roaming\\undetected_chromedriver\\undetected\\chromedriver-win32'
2025-10-26 23:42:32,367 - ERROR - Error on attempt 147: Failed to setup driver
Traceback (most recent call last):
  File "C:\laragon\www\dapokalsel\sekolah\import_url_kabupaten.pyw", line 435, in process_url_induk
    raise Exception("Failed to setup driver")
Exception: Failed to setup driver
2025-10-26 23:42:32,368 - INFO - Retry attempt 148/300...
2025-10-26 23:42:47,369 - INFO - Setting up Chrome driver...
2025-10-26 23:42:47,457 - INFO - Using profile directory: C:\Windows\Temp\chrome_scraper_profile
2025-10-26 23:42:47,458 - INFO - Initializing Chrome driver (attempt 1/3)...
2025-10-26 23:42:58,305 - ERROR - Attempt 1 failed: [WinError 183] Cannot create a file when that file already exists: 'C:\\laragon\\www\\dapokalsel\\sekolah\\~\\appdata\\roaming\\undetected_chromedriver\\undetected\\chromedriver-win32\\chromedriver.exe' -> 'C:\\laragon\\www\\dapokalsel\\sekolah\\~\\appdata\\roaming\\undetected_chromedriver\\undetected_chromedriver.exe'
2025-10-26 23:42:58,306 - INFO - Retrying in 5 seconds...
2025-10-26 23:43:03,306 - INFO - Initializing Chrome driver (attempt 2/3)...
2025-10-26 23:43:12,149 - ERROR - Attempt 2 failed: [WinError 183] Cannot create a file when that file already exists: 'C:\\laragon\\www\\dapokalsel\\sekolah\\~\\appdata\\roaming\\undetected_chromedriver\\undetected\\chromedriver-win32\\chromedriver.exe' -> 'C:\\laragon\\www\\dapokalsel\\sekolah\\~\\appdata\\roaming\\undetected_chromedriver\\undetected_chromedriver.exe'
2025-10-26 23:43:12,149 - INFO - Retrying in 5 seconds...
2025-10-26 23:43:17,149 - INFO - Initializing Chrome driver (attempt 3/3)...
2025-10-26 23:43:26,526 - INFO - patching driver executable C:\laragon\www\dapokalsel\sekolah\~\appdata\roaming\undetected_chromedriver\undetected_chromedriver.exe
2025-10-26 23:43:28,075 - ERROR - Attempt 3 failed: Binary Location Must be a String
2025-10-26 23:43:28,075 - ERROR - All attempts failed to setup driver
Traceback (most recent call last):
  File "C:\laragon\www\dapokalsel\sekolah\import_url_kabupaten.pyw", line 115, in setup_driver
    driver = uc.Chrome(
  File "C:\laragon\bin\python\python-3.10\lib\site-packages\undetected_chromedriver\__init__.py", line 372, in __init__
    options.binary_location = (
  File "C:\laragon\bin\python\python-3.10\lib\site-packages\selenium\webdriver\chromium\options.py", line 52, in binary_location
    raise TypeError(self.BINARY_LOCATION_ERROR)
TypeError: Binary Location Must be a String
2025-10-26 23:43:28,076 - ERROR - Error on attempt 148: Failed to setup driver
Traceback (most recent call last):
  File "C:\laragon\www\dapokalsel\sekolah\import_url_kabupaten.pyw", line 435, in process_url_induk
    raise Exception("Failed to setup driver")
Exception: Failed to setup driver
2025-10-26 23:43:28,076 - INFO - Retry attempt 149/300...
2025-10-26 23:43:43,078 - INFO - Setting up Chrome driver...
2025-10-26 23:43:43,079 - INFO - Using profile directory: C:\Windows\Temp\chrome_scraper_profile
2025-10-26 23:43:43,079 - INFO - Initializing Chrome driver (attempt 1/3)...
2025-10-26 23:43:46,258 - INFO - patching driver executable C:\laragon\www\dapokalsel\sekolah\~\appdata\roaming\undetected_chromedriver\undetected_chromedriver.exe
2025-10-26 23:43:46,401 - ERROR - Attempt 1 failed: Binary Location Must be a String
2025-10-26 23:43:46,401 - INFO - Retrying in 5 seconds...
2025-10-26 23:43:51,402 - INFO - Initializing Chrome driver (attempt 2/3)...
2025-10-26 23:43:54,543 - INFO - patching driver executable C:\laragon\www\dapokalsel\sekolah\~\appdata\roaming\undetected_chromedriver\undetected_chromedriver.exe
2025-10-26 23:43:54,673 - ERROR - Attempt 2 failed: you cannot reuse the ChromeOptions object
2025-10-26 23:43:54,673 - INFO - Retrying in 5 seconds...
2025-10-26 23:43:59,674 - INFO - Initializing Chrome driver (attempt 3/3)...
2025-10-26 23:44:02,611 - INFO - patching driver executable C:\laragon\www\dapokalsel\sekolah\~\appdata\roaming\undetected_chromedriver\undetected_chromedriver.exe
2025-10-26 23:44:02,776 - ERROR - Attempt 3 failed: you cannot reuse the ChromeOptions object
2025-10-26 23:44:02,776 - ERROR - All attempts failed to setup driver
Traceback (most recent call last):
  File "C:\laragon\www\dapokalsel\sekolah\import_url_kabupaten.pyw", line 115, in setup_driver
    driver = uc.Chrome(
  File "C:\laragon\bin\python\python-3.10\lib\site-packages\undetected_chromedriver\__init__.py", line 269, in __init__
    raise RuntimeError("you cannot reuse the ChromeOptions object")
RuntimeError: you cannot reuse the ChromeOptions object
2025-10-26 23:44:02,777 - ERROR - Error on attempt 149: Failed to setup driver
Traceback (most recent call last):
  File "C:\laragon\www\dapokalsel\sekolah\import_url_kabupaten.pyw", line 435, in process_url_induk
    raise Exception("Failed to setup driver")
Exception: Failed to setup driver
2025-10-26 23:44:02,777 - INFO - Retry attempt 150/300...
2025-10-26 23:44:17,777 - INFO - Setting up Chrome driver...
2025-10-26 23:44:17,879 - INFO - Using profile directory: C:\Windows\Temp\chrome_scraper_profile
2025-10-26 23:44:17,879 - INFO - Initializing Chrome driver (attempt 1/3)...
2025-10-26 23:44:25,651 - ERROR - Attempt 1 failed: [WinError 183] Cannot create a file when that file already exists: 'C:\\laragon\\www\\dapokalsel\\sekolah\\~\\appdata\\roaming\\undetected_chromedriver\\undetected\\chromedriver-win32\\chromedriver.exe' -> 'C:\\laragon\\www\\dapokalsel\\sekolah\\~\\appdata\\roaming\\undetected_chromedriver\\undetected_chromedriver.exe'
2025-10-26 23:44:25,651 - INFO - Retrying in 5 seconds...
2025-10-26 23:44:30,651 - INFO - Initializing Chrome driver (attempt 2/3)...
2025-10-26 23:44:38,360 - ERROR - Attempt 2 failed: [Errno 13] Permission denied: 'C:\\laragon\\www\\dapokalsel\\sekolah\\~\\appdata\\roaming\\undetected_chromedriver\\undetected\\chromedriver-win32\\THIRD_PARTY_NOTICES.chromedriver'
2025-10-26 23:44:38,364 - INFO - Retrying in 5 seconds...
2025-10-26 23:44:43,366 - INFO - Initializing Chrome driver (attempt 3/3)...
2025-10-26 23:44:52,665 - INFO - patching driver executable C:\laragon\www\dapokalsel\sekolah\~\appdata\roaming\undetected_chromedriver\undetected_chromedriver.exe
2025-10-26 23:44:53,233 - ERROR - Attempt 3 failed: Binary Location Must be a String
2025-10-26 23:44:53,234 - ERROR - All attempts failed to setup driver
Traceback (most recent call last):
  File "C:\laragon\www\dapokalsel\sekolah\import_url_kabupaten.pyw", line 115, in setup_driver
    driver = uc.Chrome(
  File "C:\laragon\bin\python\python-3.10\lib\site-packages\undetected_chromedriver\__init__.py", line 372, in __init__
    options.binary_location = (
  File "C:\laragon\bin\python\python-3.10\lib\site-packages\selenium\webdriver\chromium\options.py", line 52, in binary_location
    raise TypeError(self.BINARY_LOCATION_ERROR)
TypeError: Binary Location Must be a String
2025-10-26 23:44:53,450 - ERROR - Error on attempt 150: Failed to setup driver
Traceback (most recent call last):
  File "C:\laragon\www\dapokalsel\sekolah\import_url_kabupaten.pyw", line 435, in process_url_induk
    raise Exception("Failed to setup driver")
Exception: Failed to setup driver
2025-10-26 23:44:53,812 - INFO - Retry attempt 151/300...
2025-10-26 23:45:08,813 - INFO - Setting up Chrome driver...
2025-10-26 23:45:08,906 - INFO - Using profile directory: C:\Windows\Temp\chrome_scraper_profile
2025-10-26 23:45:08,906 - INFO - Initializing Chrome driver (attempt 1/3)...
2025-10-26 23:45:21,148 - ERROR - Attempt 1 failed: [WinError 183] Cannot create a file when that file already exists: 'C:\\laragon\\www\\dapokalsel\\sekolah\\~\\appdata\\roaming\\undetected_chromedriver\\undetected\\chromedriver-win32\\chromedriver.exe' -> 'C:\\laragon\\www\\dapokalsel\\sekolah\\~\\appdata\\roaming\\undetected_chromedriver\\undetected_chromedriver.exe'
2025-10-26 23:45:21,148 - INFO - Retrying in 5 seconds...
2025-10-26 23:45:26,149 - INFO - Initializing Chrome driver (attempt 2/3)...
2025-10-26 23:45:35,579 - ERROR - Attempt 2 failed: [WinError 183] Cannot create a file when that file already exists: 'C:\\laragon\\www\\dapokalsel\\sekolah\\~\\appdata\\roaming\\undetected_chromedriver\\undetected\\chromedriver-win32\\chromedriver.exe' -> 'C:\\laragon\\www\\dapokalsel\\sekolah\\~\\appdata\\roaming\\undetected_chromedriver\\undetected_chromedriver.exe'
2025-10-26 23:45:35,580 - INFO - Retrying in 5 seconds...
2025-10-26 23:45:40,581 - INFO - Initializing Chrome driver (attempt 3/3)...
2025-10-26 23:45:52,522 - INFO - patching driver executable C:\laragon\www\dapokalsel\sekolah\~\appdata\roaming\undetected_chromedriver\undetected_chromedriver.exe
2025-10-26 23:45:53,565 - ERROR - Attempt 3 failed: Binary Location Must be a String
2025-10-26 23:45:53,565 - ERROR - All attempts failed to setup driver
Traceback (most recent call last):
  File "C:\laragon\www\dapokalsel\sekolah\import_url_kabupaten.pyw", line 115, in setup_driver
    driver = uc.Chrome(
  File "C:\laragon\bin\python\python-3.10\lib\site-packages\undetected_chromedriver\__init__.py", line 372, in __init__
    options.binary_location = (
  File "C:\laragon\bin\python\python-3.10\lib\site-packages\selenium\webdriver\chromium\options.py", line 52, in binary_location
    raise TypeError(self.BINARY_LOCATION_ERROR)
TypeError: Binary Location Must be a String
2025-10-26 23:45:54,037 - ERROR - Error on attempt 151: Failed to setup driver
Traceback (most recent call last):
  File "C:\laragon\www\dapokalsel\sekolah\import_url_kabupaten.pyw", line 435, in process_url_induk
    raise Exception("Failed to setup driver")
Exception: Failed to setup driver
2025-10-26 23:45:54,465 - INFO - Retry attempt 152/300...
2025-10-26 23:46:09,466 - INFO - Setting up Chrome driver...
2025-10-26 23:46:09,589 - INFO - Using profile directory: C:\Windows\Temp\chrome_scraper_profile
2025-10-26 23:46:09,589 - INFO - Initializing Chrome driver (attempt 1/3)...
2025-10-26 23:46:17,820 - ERROR - Attempt 1 failed: [Errno 13] Permission denied: 'C:\\laragon\\www\\dapokalsel\\sekolah\\~\\appdata\\roaming\\undetected_chromedriver\\undetected\\chromedriver-win32\\LICENSE.chromedriver'
2025-10-26 23:46:17,820 - INFO - Retrying in 5 seconds...
2025-10-26 23:46:22,822 - INFO - Initializing Chrome driver (attempt 2/3)...
2025-10-26 23:46:34,387 - ERROR - Attempt 2 failed: [WinError 32] The process cannot access the file because it is being used by another process: 'C:\\laragon\\www\\dapokalsel\\sekolah\\~\\appdata\\roaming\\undetected_chromedriver\\undetected\\chromedriver-win32\\chromedriver.exe'
2025-10-26 23:46:34,387 - INFO - Retrying in 5 seconds...
2025-10-26 23:46:39,388 - INFO - Initializing Chrome driver (attempt 3/3)...
2025-10-26 23:46:53,958 - INFO - patching driver executable C:\laragon\www\dapokalsel\sekolah\~\appdata\roaming\undetected_chromedriver\undetected_chromedriver.exe
2025-10-26 23:46:54,288 - ERROR - Attempt 3 failed: Binary Location Must be a String
2025-10-26 23:46:54,289 - ERROR - All attempts failed to setup driver
Traceback (most recent call last):
  File "C:\laragon\www\dapokalsel\sekolah\import_url_kabupaten.pyw", line 115, in setup_driver
    driver = uc.Chrome(
  File "C:\laragon\bin\python\python-3.10\lib\site-packages\undetected_chromedriver\__init__.py", line 372, in __init__
    options.binary_location = (
  File "C:\laragon\bin\python\python-3.10\lib\site-packages\selenium\webdriver\chromium\options.py", line 52, in binary_location
    raise TypeError(self.BINARY_LOCATION_ERROR)
TypeError: Binary Location Must be a String
2025-10-26 23:46:54,539 - ERROR - Error on attempt 152: Failed to setup driver
Traceback (most recent call last):
  File "C:\laragon\www\dapokalsel\sekolah\import_url_kabupaten.pyw", line 435, in process_url_induk
    raise Exception("Failed to setup driver")
Exception: Failed to setup driver
2025-10-26 23:46:54,716 - INFO - Retry attempt 153/300...
2025-10-26 23:47:09,717 - INFO - Setting up Chrome driver...
2025-10-26 23:47:09,717 - INFO - Using profile directory: C:\Windows\Temp\chrome_scraper_profile
2025-10-26 23:47:09,717 - INFO - Initializing Chrome driver (attempt 1/3)...
2025-10-26 23:47:12,633 - INFO - patching driver executable C:\laragon\www\dapokalsel\sekolah\~\appdata\roaming\undetected_chromedriver\undetected_chromedriver.exe
2025-10-26 23:47:13,618 - ERROR - Attempt 1 failed: Binary Location Must be a String
2025-10-26 23:47:13,619 - INFO - Retrying in 5 seconds...
2025-10-26 23:47:18,620 - INFO - Initializing Chrome driver (attempt 2/3)...
2025-10-26 23:47:25,177 - ERROR - Attempt 2 failed: [WinError 183] Cannot create a file when that file already exists: 'C:\\laragon\\www\\dapokalsel\\sekolah\\~\\appdata\\roaming\\undetected_chromedriver\\undetected\\chromedriver-win32\\chromedriver.exe' -> 'C:\\laragon\\www\\dapokalsel\\sekolah\\~\\appdata\\roaming\\undetected_chromedriver\\undetected_chromedriver.exe'
2025-10-26 23:47:25,177 - INFO - Retrying in 5 seconds...
2025-10-26 23:47:30,178 - INFO - Initializing Chrome driver (attempt 3/3)...
2025-10-26 23:47:44,903 - INFO - patching driver executable C:\laragon\www\dapokalsel\sekolah\~\appdata\roaming\undetected_chromedriver\undetected_chromedriver.exe
2025-10-26 23:47:45,878 - ERROR - Attempt 3 failed: you cannot reuse the ChromeOptions object
2025-10-26 23:47:45,878 - ERROR - All attempts failed to setup driver
Traceback (most recent call last):
  File "C:\laragon\www\dapokalsel\sekolah\import_url_kabupaten.pyw", line 115, in setup_driver
    driver = uc.Chrome(
  File "C:\laragon\bin\python\python-3.10\lib\site-packages\undetected_chromedriver\__init__.py", line 269, in __init__
    raise RuntimeError("you cannot reuse the ChromeOptions object")
RuntimeError: you cannot reuse the ChromeOptions object
2025-10-26 23:47:46,121 - ERROR - Error on attempt 153: Failed to setup driver
Traceback (most recent call last):
  File "C:\laragon\www\dapokalsel\sekolah\import_url_kabupaten.pyw", line 435, in process_url_induk
    raise Exception("Failed to setup driver")
Exception: Failed to setup driver
2025-10-26 23:47:46,122 - INFO - Retry attempt 154/300...
2025-10-26 23:48:01,123 - INFO - Setting up Chrome driver...
2025-10-26 23:48:01,183 - INFO - Using profile directory: C:\Windows\Temp\chrome_scraper_profile
2025-10-26 23:48:01,183 - INFO - Initializing Chrome driver (attempt 1/3)...
2025-10-26 23:48:08,898 - ERROR - Attempt 1 failed: [WinError 183] Cannot create a file when that file already exists: 'C:\\laragon\\www\\dapokalsel\\sekolah\\~\\appdata\\roaming\\undetected_chromedriver\\undetected\\chromedriver-win32\\chromedriver.exe' -> 'C:\\laragon\\www\\dapokalsel\\sekolah\\~\\appdata\\roaming\\undetected_chromedriver\\undetected_chromedriver.exe'
2025-10-26 23:48:08,898 - INFO - Retrying in 5 seconds...
2025-10-26 23:48:13,900 - INFO - Initializing Chrome driver (attempt 2/3)...
2025-10-26 23:48:21,564 - ERROR - Attempt 2 failed: [WinError 183] Cannot create a file when that file already exists: 'C:\\laragon\\www\\dapokalsel\\sekolah\\~\\appdata\\roaming\\undetected_chromedriver\\undetected\\chromedriver-win32\\chromedriver.exe' -> 'C:\\laragon\\www\\dapokalsel\\sekolah\\~\\appdata\\roaming\\undetected_chromedriver\\undetected_chromedriver.exe'
2025-10-26 23:48:21,565 - INFO - Retrying in 5 seconds...
2025-10-26 23:48:26,566 - INFO - Initializing Chrome driver (attempt 3/3)...
2025-10-26 23:48:32,729 - INFO - patching driver executable C:\laragon\www\dapokalsel\sekolah\~\appdata\roaming\undetected_chromedriver\undetected_chromedriver.exe
2025-10-26 23:48:33,157 - ERROR - Attempt 3 failed: Binary Location Must be a String
2025-10-26 23:48:33,157 - ERROR - All attempts failed to setup driver
Traceback (most recent call last):
  File "C:\laragon\www\dapokalsel\sekolah\import_url_kabupaten.pyw", line 115, in setup_driver
    driver = uc.Chrome(
  File "C:\laragon\bin\python\python-3.10\lib\site-packages\undetected_chromedriver\__init__.py", line 372, in __init__
    options.binary_location = (
  File "C:\laragon\bin\python\python-3.10\lib\site-packages\selenium\webdriver\chromium\options.py", line 52, in binary_location
    raise TypeError(self.BINARY_LOCATION_ERROR)
TypeError: Binary Location Must be a String
2025-10-26 23:48:33,638 - ERROR - Error on attempt 154: Failed to setup driver
Traceback (most recent call last):
  File "C:\laragon\www\dapokalsel\sekolah\import_url_kabupaten.pyw", line 435, in process_url_induk
    raise Exception("Failed to setup driver")
Exception: Failed to setup driver
2025-10-26 23:48:33,710 - INFO - Retry attempt 155/300...
2025-10-26 23:48:48,710 - INFO - Setting up Chrome driver...
2025-10-26 23:48:48,959 - INFO - Using profile directory: C:\Windows\Temp\chrome_scraper_profile
2025-10-26 23:48:48,959 - INFO - Initializing Chrome driver (attempt 1/3)...
2025-10-26 23:48:59,428 - ERROR - Attempt 1 failed: [WinError 32] The process cannot access the file because it is being used by another process: 'C:\\laragon\\www\\dapokalsel\\sekolah\\~\\appdata\\roaming\\undetected_chromedriver\\undetected\\chromedriver-win32\\chromedriver.exe'
2025-10-26 23:48:59,429 - INFO - Retrying in 5 seconds...
2025-10-26 23:49:04,429 - INFO - Initializing Chrome driver (attempt 2/3)...
2025-10-26 23:49:12,819 - INFO - patching driver executable C:\laragon\www\dapokalsel\sekolah\~\appdata\roaming\undetected_chromedriver\undetected_chromedriver.exe
2025-10-26 23:49:13,453 - ERROR - Attempt 2 failed: Binary Location Must be a String
2025-10-26 23:49:13,454 - INFO - Retrying in 5 seconds...
2025-10-26 23:49:18,454 - INFO - Initializing Chrome driver (attempt 3/3)...
2025-10-26 23:49:27,213 - INFO - patching driver executable C:\laragon\www\dapokalsel\sekolah\~\appdata\roaming\undetected_chromedriver\undetected_chromedriver.exe
2025-10-26 23:49:27,872 - ERROR - Attempt 3 failed: you cannot reuse the ChromeOptions object
2025-10-26 23:49:27,872 - ERROR - All attempts failed to setup driver
Traceback (most recent call last):
  File "C:\laragon\www\dapokalsel\sekolah\import_url_kabupaten.pyw", line 115, in setup_driver
    driver = uc.Chrome(
  File "C:\laragon\bin\python\python-3.10\lib\site-packages\undetected_chromedriver\__init__.py", line 269, in __init__
    raise RuntimeError("you cannot reuse the ChromeOptions object")
RuntimeError: you cannot reuse the ChromeOptions object
2025-10-26 23:49:28,308 - ERROR - Error on attempt 155: Failed to setup driver
Traceback (most recent call last):
  File "C:\laragon\www\dapokalsel\sekolah\import_url_kabupaten.pyw", line 435, in process_url_induk
    raise Exception("Failed to setup driver")
Exception: Failed to setup driver
2025-10-26 23:49:28,360 - INFO - Retry attempt 156/300...
2025-10-26 23:49:43,362 - INFO - Setting up Chrome driver...
2025-10-26 23:49:43,572 - INFO - Using profile directory: C:\Windows\Temp\chrome_scraper_profile
2025-10-26 23:49:43,573 - INFO - Initializing Chrome driver (attempt 1/3)...
2025-10-26 23:49:58,905 - INFO - patching driver executable C:\laragon\www\dapokalsel\sekolah\~\appdata\roaming\undetected_chromedriver\undetected_chromedriver.exe
2025-10-26 23:49:58,998 - ERROR - Attempt 1 failed: Binary Location Must be a String
2025-10-26 23:49:58,999 - INFO - Retrying in 5 seconds...
2025-10-26 23:50:04,000 - INFO - Initializing Chrome driver (attempt 2/3)...
2025-10-26 23:50:12,720 - ERROR - Attempt 2 failed: [WinError 183] Cannot create a file when that file already exists: 'C:\\laragon\\www\\dapokalsel\\sekolah\\~\\appdata\\roaming\\undetected_chromedriver\\undetected\\chromedriver-win32\\chromedriver.exe' -> 'C:\\laragon\\www\\dapokalsel\\sekolah\\~\\appdata\\roaming\\undetected_chromedriver\\undetected_chromedriver.exe'
2025-10-26 23:50:12,721 - INFO - Retrying in 5 seconds...
2025-10-26 23:50:17,721 - INFO - Initializing Chrome driver (attempt 3/3)...
2025-10-26 23:50:20,560 - INFO - patching driver executable C:\laragon\www\dapokalsel\sekolah\~\appdata\roaming\undetected_chromedriver\undetected_chromedriver.exe
2025-10-26 23:50:20,646 - ERROR - Attempt 3 failed: you cannot reuse the ChromeOptions object
2025-10-26 23:50:20,646 - ERROR - All attempts failed to setup driver
Traceback (most recent call last):
  File "C:\laragon\www\dapokalsel\sekolah\import_url_kabupaten.pyw", line 115, in setup_driver
    driver = uc.Chrome(
  File "C:\laragon\bin\python\python-3.10\lib\site-packages\undetected_chromedriver\__init__.py", line 269, in __init__
    raise RuntimeError("you cannot reuse the ChromeOptions object")
RuntimeError: you cannot reuse the ChromeOptions object
2025-10-26 23:50:20,647 - ERROR - Error on attempt 156: Failed to setup driver
Traceback (most recent call last):
  File "C:\laragon\www\dapokalsel\sekolah\import_url_kabupaten.pyw", line 435, in process_url_induk
    raise Exception("Failed to setup driver")
Exception: Failed to setup driver
2025-10-26 23:50:20,647 - INFO - Retry attempt 157/300...
2025-10-26 23:50:35,648 - INFO - Setting up Chrome driver...
2025-10-26 23:50:35,648 - INFO - Using profile directory: C:\Windows\Temp\chrome_scraper_profile
2025-10-26 23:50:35,648 - INFO - Initializing Chrome driver (attempt 1/3)...
2025-10-26 23:50:38,578 - INFO - patching driver executable C:\laragon\www\dapokalsel\sekolah\~\appdata\roaming\undetected_chromedriver\undetected_chromedriver.exe
2025-10-26 23:50:38,870 - ERROR - Attempt 1 failed: Binary Location Must be a String
2025-10-26 23:50:38,870 - INFO - Retrying in 5 seconds...
2025-10-26 23:50:43,870 - INFO - Initializing Chrome driver (attempt 2/3)...
2025-10-26 23:50:47,073 - INFO - patching driver executable C:\laragon\www\dapokalsel\sekolah\~\appdata\roaming\undetected_chromedriver\undetected_chromedriver.exe
2025-10-26 23:50:47,311 - ERROR - Attempt 2 failed: you cannot reuse the ChromeOptions object
2025-10-26 23:50:47,311 - INFO - Retrying in 5 seconds...
2025-10-26 23:50:52,313 - INFO - Initializing Chrome driver (attempt 3/3)...
2025-10-26 23:50:55,826 - INFO - patching driver executable C:\laragon\www\dapokalsel\sekolah\~\appdata\roaming\undetected_chromedriver\undetected_chromedriver.exe
2025-10-26 23:50:56,125 - ERROR - Attempt 3 failed: you cannot reuse the ChromeOptions object
2025-10-26 23:50:56,125 - ERROR - All attempts failed to setup driver
Traceback (most recent call last):
  File "C:\laragon\www\dapokalsel\sekolah\import_url_kabupaten.pyw", line 115, in setup_driver
    driver = uc.Chrome(
  File "C:\laragon\bin\python\python-3.10\lib\site-packages\undetected_chromedriver\__init__.py", line 269, in __init__
    raise RuntimeError("you cannot reuse the ChromeOptions object")
RuntimeError: you cannot reuse the ChromeOptions object
2025-10-26 23:50:56,126 - ERROR - Error on attempt 157: Failed to setup driver
Traceback (most recent call last):
  File "C:\laragon\www\dapokalsel\sekolah\import_url_kabupaten.pyw", line 435, in process_url_induk
    raise Exception("Failed to setup driver")
Exception: Failed to setup driver
2025-10-26 23:50:56,126 - INFO - Retry attempt 158/300...
2025-10-26 23:51:11,126 - INFO - Setting up Chrome driver...
2025-10-26 23:51:11,126 - INFO - Using profile directory: C:\Windows\Temp\chrome_scraper_profile
2025-10-26 23:51:11,126 - INFO - Initializing Chrome driver (attempt 1/3)...
2025-10-26 23:51:14,894 - ERROR - Attempt 1 failed: [WinError 183] Cannot create a file when that file already exists: 'C:\\laragon\\www\\dapokalsel\\sekolah\\~\\appdata\\roaming\\undetected_chromedriver\\undetected\\chromedriver-win32\\chromedriver.exe' -> 'C:\\laragon\\www\\dapokalsel\\sekolah\\~\\appdata\\roaming\\undetected_chromedriver\\undetected_chromedriver.exe'
2025-10-26 23:51:14,894 - INFO - Retrying in 5 seconds...
2025-10-26 23:51:19,895 - INFO - Initializing Chrome driver (attempt 2/3)...
2025-10-26 23:51:25,305 - ERROR - Attempt 2 failed: [WinError 183] Cannot create a file when that file already exists: 'C:\\laragon\\www\\dapokalsel\\sekolah\\~\\appdata\\roaming\\undetected_chromedriver\\undetected\\chromedriver-win32\\chromedriver.exe' -> 'C:\\laragon\\www\\dapokalsel\\sekolah\\~\\appdata\\roaming\\undetected_chromedriver\\undetected_chromedriver.exe'
2025-10-26 23:51:25,305 - INFO - Retrying in 5 seconds...
2025-10-26 23:51:30,306 - INFO - Initializing Chrome driver (attempt 3/3)...
2025-10-26 23:51:33,892 - INFO - patching driver executable C:\laragon\www\dapokalsel\sekolah\~\appdata\roaming\undetected_chromedriver\undetected_chromedriver.exe
2025-10-26 23:51:34,057 - ERROR - Attempt 3 failed: Binary Location Must be a String
2025-10-26 23:51:34,057 - ERROR - All attempts failed to setup driver
Traceback (most recent call last):
  File "C:\laragon\www\dapokalsel\sekolah\import_url_kabupaten.pyw", line 115, in setup_driver
    driver = uc.Chrome(
  File "C:\laragon\bin\python\python-3.10\lib\site-packages\undetected_chromedriver\__init__.py", line 372, in __init__
    options.binary_location = (
  File "C:\laragon\bin\python\python-3.10\lib\site-packages\selenium\webdriver\chromium\options.py", line 52, in binary_location
    raise TypeError(self.BINARY_LOCATION_ERROR)
TypeError: Binary Location Must be a String
2025-10-26 23:51:34,059 - ERROR - Error on attempt 158: Failed to setup driver
Traceback (most recent call last):
  File "C:\laragon\www\dapokalsel\sekolah\import_url_kabupaten.pyw", line 435, in process_url_induk
    raise Exception("Failed to setup driver")
Exception: Failed to setup driver
2025-10-26 23:51:34,059 - INFO - Retry attempt 159/300...
2025-10-26 23:51:49,059 - INFO - Setting up Chrome driver...
2025-10-26 23:51:49,060 - INFO - Using profile directory: C:\Windows\Temp\chrome_scraper_profile
2025-10-26 23:51:49,062 - INFO - Initializing Chrome driver (attempt 1/3)...
2025-10-26 23:51:52,220 - INFO - patching driver executable C:\laragon\www\dapokalsel\sekolah\~\appdata\roaming\undetected_chromedriver\undetected_chromedriver.exe
2025-10-26 23:51:52,644 - ERROR - Attempt 1 failed: Binary Location Must be a String
2025-10-26 23:51:52,645 - INFO - Retrying in 5 seconds...
2025-10-26 23:51:57,645 - INFO - Initializing Chrome driver (attempt 2/3)...
2025-10-26 23:52:00,980 - INFO - patching driver executable C:\laragon\www\dapokalsel\sekolah\~\appdata\roaming\undetected_chromedriver\undetected_chromedriver.exe
2025-10-26 23:52:01,113 - ERROR - Attempt 2 failed: you cannot reuse the ChromeOptions object
2025-10-26 23:52:01,113 - INFO - Retrying in 5 seconds...
2025-10-26 23:52:06,114 - INFO - Initializing Chrome driver (attempt 3/3)...
2025-10-26 23:52:09,199 - INFO - patching driver executable C:\laragon\www\dapokalsel\sekolah\~\appdata\roaming\undetected_chromedriver\undetected_chromedriver.exe
2025-10-26 23:52:09,341 - ERROR - Attempt 3 failed: you cannot reuse the ChromeOptions object
2025-10-26 23:52:09,342 - ERROR - All attempts failed to setup driver
Traceback (most recent call last):
  File "C:\laragon\www\dapokalsel\sekolah\import_url_kabupaten.pyw", line 115, in setup_driver
    driver = uc.Chrome(
  File "C:\laragon\bin\python\python-3.10\lib\site-packages\undetected_chromedriver\__init__.py", line 269, in __init__
    raise RuntimeError("you cannot reuse the ChromeOptions object")
RuntimeError: you cannot reuse the ChromeOptions object
2025-10-26 23:52:09,342 - ERROR - Error on attempt 159: Failed to setup driver
Traceback (most recent call last):
  File "C:\laragon\www\dapokalsel\sekolah\import_url_kabupaten.pyw", line 435, in process_url_induk
    raise Exception("Failed to setup driver")
Exception: Failed to setup driver
2025-10-26 23:52:09,343 - INFO - Retry attempt 160/300...
2025-10-26 23:52:24,344 - INFO - Setting up Chrome driver...
2025-10-26 23:52:24,344 - INFO - Using profile directory: C:\Windows\Temp\chrome_scraper_profile
2025-10-26 23:52:24,345 - INFO - Initializing Chrome driver (attempt 1/3)...
2025-10-26 23:52:27,637 - INFO - patching driver executable C:\laragon\www\dapokalsel\sekolah\~\appdata\roaming\undetected_chromedriver\undetected_chromedriver.exe
2025-10-26 23:52:27,880 - ERROR - Attempt 1 failed: Binary Location Must be a String
2025-10-26 23:52:27,880 - INFO - Retrying in 5 seconds...
2025-10-26 23:52:32,880 - INFO - Initializing Chrome driver (attempt 2/3)...
2025-10-26 23:52:35,724 - INFO - patching driver executable C:\laragon\www\dapokalsel\sekolah\~\appdata\roaming\undetected_chromedriver\undetected_chromedriver.exe
2025-10-26 23:52:35,843 - ERROR - Attempt 2 failed: you cannot reuse the ChromeOptions object
2025-10-26 23:52:35,843 - INFO - Retrying in 5 seconds...
2025-10-26 23:52:40,843 - INFO - Initializing Chrome driver (attempt 3/3)...
2025-10-26 23:52:43,707 - INFO - patching driver executable C:\laragon\www\dapokalsel\sekolah\~\appdata\roaming\undetected_chromedriver\undetected_chromedriver.exe
2025-10-26 23:52:44,008 - ERROR - Attempt 3 failed: you cannot reuse the ChromeOptions object
2025-10-26 23:52:44,008 - ERROR - All attempts failed to setup driver
Traceback (most recent call last):
  File "C:\laragon\www\dapokalsel\sekolah\import_url_kabupaten.pyw", line 115, in setup_driver
    driver = uc.Chrome(
  File "C:\laragon\bin\python\python-3.10\lib\site-packages\undetected_chromedriver\__init__.py", line 269, in __init__
    raise RuntimeError("you cannot reuse the ChromeOptions object")
RuntimeError: you cannot reuse the ChromeOptions object
2025-10-26 23:52:44,009 - ERROR - Error on attempt 160: Failed to setup driver
Traceback (most recent call last):
  File "C:\laragon\www\dapokalsel\sekolah\import_url_kabupaten.pyw", line 435, in process_url_induk
    raise Exception("Failed to setup driver")
Exception: Failed to setup driver
2025-10-26 23:52:44,009 - INFO - Retry attempt 161/300...
2025-10-26 23:52:59,009 - INFO - Setting up Chrome driver...
2025-10-26 23:52:59,010 - INFO - Using profile directory: C:\Windows\Temp\chrome_scraper_profile
2025-10-26 23:52:59,011 - INFO - Initializing Chrome driver (attempt 1/3)...
2025-10-26 23:53:01,982 - INFO - patching driver executable C:\laragon\www\dapokalsel\sekolah\~\appdata\roaming\undetected_chromedriver\undetected_chromedriver.exe
2025-10-26 23:53:02,062 - ERROR - Attempt 1 failed: Binary Location Must be a String
2025-10-26 23:53:02,062 - INFO - Retrying in 5 seconds...
2025-10-26 23:53:07,063 - INFO - Initializing Chrome driver (attempt 2/3)...
2025-10-26 23:53:10,067 - INFO - patching driver executable C:\laragon\www\dapokalsel\sekolah\~\appdata\roaming\undetected_chromedriver\undetected_chromedriver.exe
2025-10-26 23:53:10,173 - ERROR - Attempt 2 failed: you cannot reuse the ChromeOptions object
2025-10-26 23:53:10,173 - INFO - Retrying in 5 seconds...
2025-10-26 23:53:15,173 - INFO - Initializing Chrome driver (attempt 3/3)...
2025-10-26 23:53:18,838 - INFO - patching driver executable C:\laragon\www\dapokalsel\sekolah\~\appdata\roaming\undetected_chromedriver\undetected_chromedriver.exe
2025-10-26 23:53:18,987 - ERROR - Attempt 3 failed: you cannot reuse the ChromeOptions object
2025-10-26 23:53:18,988 - ERROR - All attempts failed to setup driver
Traceback (most recent call last):
  File "C:\laragon\www\dapokalsel\sekolah\import_url_kabupaten.pyw", line 115, in setup_driver
    driver = uc.Chrome(
  File "C:\laragon\bin\python\python-3.10\lib\site-packages\undetected_chromedriver\__init__.py", line 269, in __init__
    raise RuntimeError("you cannot reuse the ChromeOptions object")
RuntimeError: you cannot reuse the ChromeOptions object
2025-10-26 23:53:18,988 - ERROR - Error on attempt 161: Failed to setup driver
Traceback (most recent call last):
  File "C:\laragon\www\dapokalsel\sekolah\import_url_kabupaten.pyw", line 435, in process_url_induk
    raise Exception("Failed to setup driver")
Exception: Failed to setup driver
2025-10-26 23:53:18,989 - INFO - Retry attempt 162/300...
2025-10-26 23:53:33,989 - INFO - Setting up Chrome driver...
2025-10-26 23:53:33,989 - INFO - Using profile directory: C:\Windows\Temp\chrome_scraper_profile
2025-10-26 23:53:33,990 - INFO - Initializing Chrome driver (attempt 1/3)...
2025-10-26 23:53:42,686 - INFO - patching driver executable C:\laragon\www\dapokalsel\sekolah\~\appdata\roaming\undetected_chromedriver\undetected_chromedriver.exe
2025-10-26 23:53:44,943 - ERROR - Attempt 1 failed: Binary Location Must be a String
2025-10-26 23:53:44,943 - INFO - Retrying in 5 seconds...
2025-10-26 23:53:49,944 - INFO - Initializing Chrome driver (attempt 2/3)...
2025-10-26 23:53:59,431 - INFO - patching driver executable C:\laragon\www\dapokalsel\sekolah\~\appdata\roaming\undetected_chromedriver\undetected_chromedriver.exe
2025-10-26 23:54:00,995 - ERROR - Attempt 2 failed: you cannot reuse the ChromeOptions object
2025-10-26 23:54:00,995 - INFO - Retrying in 5 seconds...
2025-10-26 23:54:05,996 - INFO - Initializing Chrome driver (attempt 3/3)...
2025-10-26 23:54:12,098 - INFO - patching driver executable C:\laragon\www\dapokalsel\sekolah\~\appdata\roaming\undetected_chromedriver\undetected_chromedriver.exe
2025-10-26 23:54:15,377 - ERROR - Attempt 3 failed: you cannot reuse the ChromeOptions object
2025-10-26 23:54:15,377 - ERROR - All attempts failed to setup driver
Traceback (most recent call last):
  File "C:\laragon\www\dapokalsel\sekolah\import_url_kabupaten.pyw", line 115, in setup_driver
    driver = uc.Chrome(
  File "C:\laragon\bin\python\python-3.10\lib\site-packages\undetected_chromedriver\__init__.py", line 269, in __init__
    raise RuntimeError("you cannot reuse the ChromeOptions object")
RuntimeError: you cannot reuse the ChromeOptions object
2025-10-26 23:54:15,378 - ERROR - Error on attempt 162: Failed to setup driver
Traceback (most recent call last):
  File "C:\laragon\www\dapokalsel\sekolah\import_url_kabupaten.pyw", line 435, in process_url_induk
    raise Exception("Failed to setup driver")
Exception: Failed to setup driver
2025-10-26 23:54:15,378 - INFO - Retry attempt 163/300...
2025-10-26 23:54:30,379 - INFO - Setting up Chrome driver...
2025-10-26 23:54:30,379 - INFO - Using profile directory: C:\Windows\Temp\chrome_scraper_profile
2025-10-26 23:54:30,380 - INFO - Initializing Chrome driver (attempt 1/3)...
2025-10-26 23:54:42,508 - INFO - patching driver executable C:\laragon\www\dapokalsel\sekolah\~\appdata\roaming\undetected_chromedriver\undetected_chromedriver.exe
2025-10-26 23:54:42,740 - ERROR - Attempt 1 failed: Binary Location Must be a String
2025-10-26 23:54:42,740 - INFO - Retrying in 5 seconds...
2025-10-26 23:54:47,741 - INFO - Initializing Chrome driver (attempt 2/3)...
2025-10-26 23:54:54,642 - INFO - patching driver executable C:\laragon\www\dapokalsel\sekolah\~\appdata\roaming\undetected_chromedriver\undetected_chromedriver.exe
2025-10-26 23:54:54,720 - ERROR - Attempt 2 failed: you cannot reuse the ChromeOptions object
2025-10-26 23:54:54,721 - INFO - Retrying in 5 seconds...
2025-10-26 23:54:59,721 - INFO - Initializing Chrome driver (attempt 3/3)...
2025-10-26 23:55:04,599 - INFO - patching driver executable C:\laragon\www\dapokalsel\sekolah\~\appdata\roaming\undetected_chromedriver\undetected_chromedriver.exe
2025-10-26 23:55:04,684 - ERROR - Attempt 3 failed: you cannot reuse the ChromeOptions object
2025-10-26 23:55:04,684 - ERROR - All attempts failed to setup driver
Traceback (most recent call last):
  File "C:\laragon\www\dapokalsel\sekolah\import_url_kabupaten.pyw", line 115, in setup_driver
    driver = uc.Chrome(
  File "C:\laragon\bin\python\python-3.10\lib\site-packages\undetected_chromedriver\__init__.py", line 269, in __init__
    raise RuntimeError("you cannot reuse the ChromeOptions object")
RuntimeError: you cannot reuse the ChromeOptions object
2025-10-26 23:55:04,685 - ERROR - Error on attempt 163: Failed to setup driver
Traceback (most recent call last):
  File "C:\laragon\www\dapokalsel\sekolah\import_url_kabupaten.pyw", line 435, in process_url_induk
    raise Exception("Failed to setup driver")
Exception: Failed to setup driver
2025-10-26 23:55:04,686 - INFO - Retry attempt 164/300...
2025-10-26 23:55:19,686 - INFO - Setting up Chrome driver...
2025-10-26 23:55:19,686 - INFO - Using profile directory: C:\Windows\Temp\chrome_scraper_profile
2025-10-26 23:55:19,686 - INFO - Initializing Chrome driver (attempt 1/3)...
2025-10-26 23:55:22,562 - INFO - patching driver executable C:\laragon\www\dapokalsel\sekolah\~\appdata\roaming\undetected_chromedriver\undetected_chromedriver.exe
2025-10-26 23:55:22,749 - ERROR - Attempt 1 failed: Binary Location Must be a String
2025-10-26 23:55:22,749 - INFO - Retrying in 5 seconds...
2025-10-26 23:55:27,750 - INFO - Initializing Chrome driver (attempt 2/3)...
2025-10-26 23:55:32,730 - INFO - patching driver executable C:\laragon\www\dapokalsel\sekolah\~\appdata\roaming\undetected_chromedriver\undetected_chromedriver.exe
2025-10-26 23:55:32,826 - ERROR - Attempt 2 failed: you cannot reuse the ChromeOptions object
2025-10-26 23:55:32,827 - INFO - Retrying in 5 seconds...
2025-10-26 23:55:37,827 - INFO - Initializing Chrome driver (attempt 3/3)...
2025-10-26 23:55:51,170 - INFO - patching driver executable C:\laragon\www\dapokalsel\sekolah\~\appdata\roaming\undetected_chromedriver\undetected_chromedriver.exe
2025-10-26 23:55:51,297 - ERROR - Attempt 3 failed: you cannot reuse the ChromeOptions object
2025-10-26 23:55:51,297 - ERROR - All attempts failed to setup driver
Traceback (most recent call last):
  File "C:\laragon\www\dapokalsel\sekolah\import_url_kabupaten.pyw", line 115, in setup_driver
    driver = uc.Chrome(
  File "C:\laragon\bin\python\python-3.10\lib\site-packages\undetected_chromedriver\__init__.py", line 269, in __init__
    raise RuntimeError("you cannot reuse the ChromeOptions object")
RuntimeError: you cannot reuse the ChromeOptions object
2025-10-26 23:55:51,298 - ERROR - Error on attempt 164: Failed to setup driver
Traceback (most recent call last):
  File "C:\laragon\www\dapokalsel\sekolah\import_url_kabupaten.pyw", line 435, in process_url_induk
    raise Exception("Failed to setup driver")
Exception: Failed to setup driver
2025-10-26 23:55:51,298 - INFO - Retry attempt 165/300...
2025-10-26 23:56:06,298 - INFO - Setting up Chrome driver...
2025-10-26 23:56:06,299 - INFO - Using profile directory: C:\Windows\Temp\chrome_scraper_profile
2025-10-26 23:56:06,299 - INFO - Initializing Chrome driver (attempt 1/3)...
2025-10-26 23:56:09,630 - INFO - patching driver executable C:\laragon\www\dapokalsel\sekolah\~\appdata\roaming\undetected_chromedriver\undetected_chromedriver.exe
2025-10-26 23:56:09,723 - ERROR - Attempt 1 failed: Binary Location Must be a String
2025-10-26 23:56:09,723 - INFO - Retrying in 5 seconds...
2025-10-26 23:56:14,724 - INFO - Initializing Chrome driver (attempt 2/3)...
2025-10-26 23:56:25,199 - INFO - patching driver executable C:\laragon\www\dapokalsel\sekolah\~\appdata\roaming\undetected_chromedriver\undetected_chromedriver.exe
2025-10-26 23:56:25,410 - ERROR - Attempt 2 failed: you cannot reuse the ChromeOptions object
2025-10-26 23:56:25,410 - INFO - Retrying in 5 seconds...
2025-10-26 23:56:30,410 - INFO - Initializing Chrome driver (attempt 3/3)...
2025-10-26 23:56:33,967 - INFO - patching driver executable C:\laragon\www\dapokalsel\sekolah\~\appdata\roaming\undetected_chromedriver\undetected_chromedriver.exe
2025-10-26 23:56:34,477 - ERROR - Attempt 3 failed: you cannot reuse the ChromeOptions object
2025-10-26 23:56:34,477 - ERROR - All attempts failed to setup driver
Traceback (most recent call last):
  File "C:\laragon\www\dapokalsel\sekolah\import_url_kabupaten.pyw", line 115, in setup_driver
    driver = uc.Chrome(
  File "C:\laragon\bin\python\python-3.10\lib\site-packages\undetected_chromedriver\__init__.py", line 269, in __init__
    raise RuntimeError("you cannot reuse the ChromeOptions object")
RuntimeError: you cannot reuse the ChromeOptions object
2025-10-26 23:56:34,478 - ERROR - Error on attempt 165: Failed to setup driver
Traceback (most recent call last):
  File "C:\laragon\www\dapokalsel\sekolah\import_url_kabupaten.pyw", line 435, in process_url_induk
    raise Exception("Failed to setup driver")
Exception: Failed to setup driver
2025-10-26 23:56:34,478 - INFO - Retry attempt 166/300...
2025-10-26 23:56:49,478 - INFO - Setting up Chrome driver...
2025-10-26 23:56:49,479 - INFO - Using profile directory: C:\Windows\Temp\chrome_scraper_profile
2025-10-26 23:56:49,480 - INFO - Initializing Chrome driver (attempt 1/3)...
2025-10-26 23:56:55,404 - INFO - patching driver executable C:\laragon\www\dapokalsel\sekolah\~\appdata\roaming\undetected_chromedriver\undetected_chromedriver.exe
2025-10-26 23:56:55,546 - ERROR - Attempt 1 failed: Binary Location Must be a String
2025-10-26 23:56:55,546 - INFO - Retrying in 5 seconds...
2025-10-26 23:57:00,547 - INFO - Initializing Chrome driver (attempt 2/3)...
2025-10-26 23:57:06,880 - INFO - patching driver executable C:\laragon\www\dapokalsel\sekolah\~\appdata\roaming\undetected_chromedriver\undetected_chromedriver.exe
2025-10-26 23:57:07,704 - ERROR - Attempt 2 failed: you cannot reuse the ChromeOptions object
2025-10-26 23:57:07,704 - INFO - Retrying in 5 seconds...
2025-10-26 23:57:12,705 - INFO - Initializing Chrome driver (attempt 3/3)...
2025-10-26 23:57:24,299 - INFO - patching driver executable C:\laragon\www\dapokalsel\sekolah\~\appdata\roaming\undetected_chromedriver\undetected_chromedriver.exe
2025-10-26 23:57:24,527 - ERROR - Attempt 3 failed: you cannot reuse the ChromeOptions object
2025-10-26 23:57:24,527 - ERROR - All attempts failed to setup driver
Traceback (most recent call last):
  File "C:\laragon\www\dapokalsel\sekolah\import_url_kabupaten.pyw", line 115, in setup_driver
    driver = uc.Chrome(
  File "C:\laragon\bin\python\python-3.10\lib\site-packages\undetected_chromedriver\__init__.py", line 269, in __init__
    raise RuntimeError("you cannot reuse the ChromeOptions object")
RuntimeError: you cannot reuse the ChromeOptions object
2025-10-26 23:57:24,528 - ERROR - Error on attempt 166: Failed to setup driver
Traceback (most recent call last):
  File "C:\laragon\www\dapokalsel\sekolah\import_url_kabupaten.pyw", line 435, in process_url_induk
    raise Exception("Failed to setup driver")
Exception: Failed to setup driver
2025-10-26 23:57:24,528 - INFO - Retry attempt 167/300...
2025-10-26 23:57:39,528 - INFO - Setting up Chrome driver...
2025-10-26 23:57:39,528 - INFO - Using profile directory: C:\Windows\Temp\chrome_scraper_profile
2025-10-26 23:57:39,528 - INFO - Initializing Chrome driver (attempt 1/3)...
2025-10-26 23:57:45,792 - ERROR - Attempt 1 failed: [WinError 183] Cannot create a file when that file already exists: 'C:\\laragon\\www\\dapokalsel\\sekolah\\~\\appdata\\roaming\\undetected_chromedriver\\undetected\\chromedriver-win32\\chromedriver.exe' -> 'C:\\laragon\\www\\dapokalsel\\sekolah\\~\\appdata\\roaming\\undetected_chromedriver\\undetected_chromedriver.exe'
2025-10-26 23:57:45,792 - INFO - Retrying in 5 seconds...
2025-10-26 23:57:50,793 - INFO - Initializing Chrome driver (attempt 2/3)...
2025-10-26 23:57:54,655 - INFO - patching driver executable C:\laragon\www\dapokalsel\sekolah\~\appdata\roaming\undetected_chromedriver\undetected_chromedriver.exe
2025-10-26 23:57:54,750 - ERROR - Attempt 2 failed: Binary Location Must be a String
2025-10-26 23:57:54,750 - INFO - Retrying in 5 seconds...
2025-10-26 23:57:59,751 - INFO - Initializing Chrome driver (attempt 3/3)...
2025-10-26 23:58:11,319 - ERROR - Attempt 3 failed: [WinError 183] Cannot create a file when that file already exists: 'C:\\laragon\\www\\dapokalsel\\sekolah\\~\\appdata\\roaming\\undetected_chromedriver\\undetected\\chromedriver-win32\\chromedriver.exe' -> 'C:\\laragon\\www\\dapokalsel\\sekolah\\~\\appdata\\roaming\\undetected_chromedriver\\undetected_chromedriver.exe'
2025-10-26 23:58:11,319 - ERROR - All attempts failed to setup driver
Traceback (most recent call last):
  File "C:\laragon\www\dapokalsel\sekolah\import_url_kabupaten.pyw", line 115, in setup_driver
    driver = uc.Chrome(
  File "C:\laragon\bin\python\python-3.10\lib\site-packages\undetected_chromedriver\__init__.py", line 258, in __init__
    self.patcher.auto()
  File "C:\laragon\bin\python\python-3.10\lib\site-packages\undetected_chromedriver\patcher.py", line 178, in auto
    self.unzip_package(self.fetch_package())
  File "C:\laragon\bin\python\python-3.10\lib\site-packages\undetected_chromedriver\patcher.py", line 310, in unzip_package
    os.rename(os.path.join(self.zip_path, exe_path), self.executable_path)
FileExistsError: [WinError 183] Cannot create a file when that file already exists: 'C:\\laragon\\www\\dapokalsel\\sekolah\\~\\appdata\\roaming\\undetected_chromedriver\\undetected\\chromedriver-win32\\chromedriver.exe' -> 'C:\\laragon\\www\\dapokalsel\\sekolah\\~\\appdata\\roaming\\undetected_chromedriver\\undetected_chromedriver.exe'
2025-10-26 23:58:11,321 - ERROR - Error on attempt 167: Failed to setup driver
Traceback (most recent call last):
  File "C:\laragon\www\dapokalsel\sekolah\import_url_kabupaten.pyw", line 435, in process_url_induk
    raise Exception("Failed to setup driver")
Exception: Failed to setup driver
2025-10-26 23:58:11,321 - INFO - Retry attempt 168/300...
2025-10-26 23:58:26,322 - INFO - Setting up Chrome driver...
2025-10-26 23:58:26,323 - INFO - Using profile directory: C:\Windows\Temp\chrome_scraper_profile
2025-10-26 23:58:26,323 - INFO - Initializing Chrome driver (attempt 1/3)...
2025-10-26 23:58:31,894 - INFO - patching driver executable C:\laragon\www\dapokalsel\sekolah\~\appdata\roaming\undetected_chromedriver\undetected_chromedriver.exe
2025-10-26 23:58:31,968 - ERROR - Attempt 1 failed: Binary Location Must be a String
2025-10-26 23:58:31,969 - INFO - Retrying in 5 seconds...
2025-10-26 23:58:36,970 - INFO - Initializing Chrome driver (attempt 2/3)...
2025-10-26 23:58:50,428 - ERROR - Attempt 2 failed: [WinError 183] Cannot create a file when that file already exists: 'C:\\laragon\\www\\dapokalsel\\sekolah\\~\\appdata\\roaming\\undetected_chromedriver\\undetected\\chromedriver-win32\\chromedriver.exe' -> 'C:\\laragon\\www\\dapokalsel\\sekolah\\~\\appdata\\roaming\\undetected_chromedriver\\undetected_chromedriver.exe'
2025-10-26 23:58:50,428 - INFO - Retrying in 5 seconds...
2025-10-26 23:58:55,430 - INFO - Initializing Chrome driver (attempt 3/3)...
2025-10-26 23:59:02,283 - ERROR - Attempt 3 failed: [WinError 183] Cannot create a file when that file already exists: 'C:\\laragon\\www\\dapokalsel\\sekolah\\~\\appdata\\roaming\\undetected_chromedriver\\undetected\\chromedriver-win32\\chromedriver.exe' -> 'C:\\laragon\\www\\dapokalsel\\sekolah\\~\\appdata\\roaming\\undetected_chromedriver\\undetected_chromedriver.exe'
2025-10-26 23:59:02,283 - ERROR - All attempts failed to setup driver
Traceback (most recent call last):
  File "C:\laragon\www\dapokalsel\sekolah\import_url_kabupaten.pyw", line 115, in setup_driver
    driver = uc.Chrome(
  File "C:\laragon\bin\python\python-3.10\lib\site-packages\undetected_chromedriver\__init__.py", line 258, in __init__
    self.patcher.auto()
  File "C:\laragon\bin\python\python-3.10\lib\site-packages\undetected_chromedriver\patcher.py", line 178, in auto
    self.unzip_package(self.fetch_package())
  File "C:\laragon\bin\python\python-3.10\lib\site-packages\undetected_chromedriver\patcher.py", line 310, in unzip_package
    os.rename(os.path.join(self.zip_path, exe_path), self.executable_path)
FileExistsError: [WinError 183] Cannot create a file when that file already exists: 'C:\\laragon\\www\\dapokalsel\\sekolah\\~\\appdata\\roaming\\undetected_chromedriver\\undetected\\chromedriver-win32\\chromedriver.exe' -> 'C:\\laragon\\www\\dapokalsel\\sekolah\\~\\appdata\\roaming\\undetected_chromedriver\\undetected_chromedriver.exe'
2025-10-26 23:59:02,285 - ERROR - Error on attempt 168: Failed to setup driver
Traceback (most recent call last):
  File "C:\laragon\www\dapokalsel\sekolah\import_url_kabupaten.pyw", line 435, in process_url_induk
    raise Exception("Failed to setup driver")
Exception: Failed to setup driver
2025-10-26 23:59:02,286 - INFO - Retry attempt 169/300...
2025-10-26 23:59:17,287 - INFO - Setting up Chrome driver...
2025-10-26 23:59:17,288 - INFO - Using profile directory: C:\Windows\Temp\chrome_scraper_profile
2025-10-26 23:59:17,288 - INFO - Initializing Chrome driver (attempt 1/3)...
2025-10-26 23:59:21,624 - INFO - patching driver executable C:\laragon\www\dapokalsel\sekolah\~\appdata\roaming\undetected_chromedriver\undetected_chromedriver.exe
2025-10-26 23:59:21,703 - ERROR - Attempt 1 failed: Binary Location Must be a String
2025-10-26 23:59:21,703 - INFO - Retrying in 5 seconds...
2025-10-26 23:59:26,705 - INFO - Initializing Chrome driver (attempt 2/3)...
2025-10-26 23:59:29,603 - INFO - patching driver executable C:\laragon\www\dapokalsel\sekolah\~\appdata\roaming\undetected_chromedriver\undetected_chromedriver.exe
2025-10-26 23:59:29,775 - ERROR - Attempt 2 failed: you cannot reuse the ChromeOptions object
2025-10-26 23:59:29,775 - INFO - Retrying in 5 seconds...
2025-10-26 23:59:34,775 - INFO - Initializing Chrome driver (attempt 3/3)...
2025-10-26 23:59:38,037 - INFO - patching driver executable C:\laragon\www\dapokalsel\sekolah\~\appdata\roaming\undetected_chromedriver\undetected_chromedriver.exe
2025-10-26 23:59:38,148 - ERROR - Attempt 3 failed: you cannot reuse the ChromeOptions object
2025-10-26 23:59:38,148 - ERROR - All attempts failed to setup driver
Traceback (most recent call last):
  File "C:\laragon\www\dapokalsel\sekolah\import_url_kabupaten.pyw", line 115, in setup_driver
    driver = uc.Chrome(
  File "C:\laragon\bin\python\python-3.10\lib\site-packages\undetected_chromedriver\__init__.py", line 269, in __init__
    raise RuntimeError("you cannot reuse the ChromeOptions object")
RuntimeError: you cannot reuse the ChromeOptions object
2025-10-26 23:59:38,149 - ERROR - Error on attempt 169: Failed to setup driver
Traceback (most recent call last):
  File "C:\laragon\www\dapokalsel\sekolah\import_url_kabupaten.pyw", line 435, in process_url_induk
    raise Exception("Failed to setup driver")
Exception: Failed to setup driver
2025-10-26 23:59:38,149 - INFO - Retry attempt 170/300...
2025-10-26 23:59:53,151 - INFO - Setting up Chrome driver...
2025-10-26 23:59:53,151 - INFO - Using profile directory: C:\Windows\Temp\chrome_scraper_profile
2025-10-26 23:59:53,151 - INFO - Initializing Chrome driver (attempt 1/3)...
2025-10-26 23:59:58,274 - ERROR - Attempt 1 failed: [WinError 183] Cannot create a file when that file already exists: 'C:\\laragon\\www\\dapokalsel\\sekolah\\~\\appdata\\roaming\\undetected_chromedriver\\undetected\\chromedriver-win32\\chromedriver.exe' -> 'C:\\laragon\\www\\dapokalsel\\sekolah\\~\\appdata\\roaming\\undetected_chromedriver\\undetected_chromedriver.exe'
2025-10-26 23:59:58,274 - INFO - Retrying in 5 seconds...
2025-10-27 00:00:03,275 - INFO - Initializing Chrome driver (attempt 2/3)...
2025-10-27 00:00:06,504 - INFO - patching driver executable C:\laragon\www\dapokalsel\sekolah\~\appdata\roaming\undetected_chromedriver\undetected_chromedriver.exe
2025-10-27 00:00:06,701 - ERROR - Attempt 2 failed: Binary Location Must be a String
2025-10-27 00:00:06,703 - INFO - Retrying in 5 seconds...
2025-10-27 00:00:11,703 - INFO - Initializing Chrome driver (attempt 3/3)...
2025-10-27 00:00:20,895 - INFO - patching driver executable C:\laragon\www\dapokalsel\sekolah\~\appdata\roaming\undetected_chromedriver\undetected_chromedriver.exe
2025-10-27 00:00:21,005 - ERROR - Attempt 3 failed: you cannot reuse the ChromeOptions object
2025-10-27 00:00:21,005 - ERROR - All attempts failed to setup driver
Traceback (most recent call last):
  File "C:\laragon\www\dapokalsel\sekolah\import_url_kabupaten.pyw", line 115, in setup_driver
    driver = uc.Chrome(
  File "C:\laragon\bin\python\python-3.10\lib\site-packages\undetected_chromedriver\__init__.py", line 269, in __init__
    raise RuntimeError("you cannot reuse the ChromeOptions object")
RuntimeError: you cannot reuse the ChromeOptions object
2025-10-27 00:00:21,006 - ERROR - Error on attempt 170: Failed to setup driver
Traceback (most recent call last):
  File "C:\laragon\www\dapokalsel\sekolah\import_url_kabupaten.pyw", line 435, in process_url_induk
    raise Exception("Failed to setup driver")
Exception: Failed to setup driver
2025-10-27 00:00:21,006 - INFO - Retry attempt 171/300...
2025-10-27 00:00:36,007 - INFO - Setting up Chrome driver...
2025-10-27 00:00:36,007 - INFO - Using profile directory: C:\Windows\Temp\chrome_scraper_profile
2025-10-27 00:00:36,007 - INFO - Initializing Chrome driver (attempt 1/3)...
2025-10-27 00:00:39,090 - INFO - patching driver executable C:\laragon\www\dapokalsel\sekolah\~\appdata\roaming\undetected_chromedriver\undetected_chromedriver.exe
2025-10-27 00:00:39,375 - ERROR - Attempt 1 failed: Binary Location Must be a String
2025-10-27 00:00:39,376 - INFO - Retrying in 5 seconds...
2025-10-27 00:00:44,377 - INFO - Initializing Chrome driver (attempt 2/3)...
2025-10-27 00:00:47,436 - INFO - patching driver executable C:\laragon\www\dapokalsel\sekolah\~\appdata\roaming\undetected_chromedriver\undetected_chromedriver.exe
2025-10-27 00:00:47,647 - ERROR - Attempt 2 failed: you cannot reuse the ChromeOptions object
2025-10-27 00:00:47,648 - INFO - Retrying in 5 seconds...
2025-10-27 00:00:52,648 - INFO - Initializing Chrome driver (attempt 3/3)...
2025-10-27 00:00:58,198 - ERROR - Attempt 3 failed: [WinError 183] Cannot create a file when that file already exists: 'C:\\laragon\\www\\dapokalsel\\sekolah\\~\\appdata\\roaming\\undetected_chromedriver\\undetected\\chromedriver-win32\\chromedriver.exe' -> 'C:\\laragon\\www\\dapokalsel\\sekolah\\~\\appdata\\roaming\\undetected_chromedriver\\undetected_chromedriver.exe'
2025-10-27 00:00:58,198 - ERROR - All attempts failed to setup driver
Traceback (most recent call last):
  File "C:\laragon\www\dapokalsel\sekolah\import_url_kabupaten.pyw", line 115, in setup_driver
    driver = uc.Chrome(
  File "C:\laragon\bin\python\python-3.10\lib\site-packages\undetected_chromedriver\__init__.py", line 258, in __init__
    self.patcher.auto()
  File "C:\laragon\bin\python\python-3.10\lib\site-packages\undetected_chromedriver\patcher.py", line 178, in auto
    self.unzip_package(self.fetch_package())
  File "C:\laragon\bin\python\python-3.10\lib\site-packages\undetected_chromedriver\patcher.py", line 310, in unzip_package
    os.rename(os.path.join(self.zip_path, exe_path), self.executable_path)
FileExistsError: [WinError 183] Cannot create a file when that file already exists: 'C:\\laragon\\www\\dapokalsel\\sekolah\\~\\appdata\\roaming\\undetected_chromedriver\\undetected\\chromedriver-win32\\chromedriver.exe' -> 'C:\\laragon\\www\\dapokalsel\\sekolah\\~\\appdata\\roaming\\undetected_chromedriver\\undetected_chromedriver.exe'
2025-10-27 00:00:58,199 - ERROR - Error on attempt 171: Failed to setup driver
Traceback (most recent call last):
  File "C:\laragon\www\dapokalsel\sekolah\import_url_kabupaten.pyw", line 435, in process_url_induk
    raise Exception("Failed to setup driver")
Exception: Failed to setup driver
2025-10-27 00:00:58,199 - INFO - Retry attempt 172/300...
2025-10-27 00:01:13,200 - INFO - Setting up Chrome driver...
2025-10-27 00:01:13,200 - INFO - Using profile directory: C:\Windows\Temp\chrome_scraper_profile
2025-10-27 00:01:13,200 - INFO - Initializing Chrome driver (attempt 1/3)...
2025-10-27 00:01:22,035 - ERROR - Attempt 1 failed: [WinError 183] Cannot create a file when that file already exists: 'C:\\laragon\\www\\dapokalsel\\sekolah\\~\\appdata\\roaming\\undetected_chromedriver\\undetected\\chromedriver-win32\\chromedriver.exe' -> 'C:\\laragon\\www\\dapokalsel\\sekolah\\~\\appdata\\roaming\\undetected_chromedriver\\undetected_chromedriver.exe'
2025-10-27 00:01:22,035 - INFO - Retrying in 5 seconds...
2025-10-27 00:01:27,035 - INFO - Initializing Chrome driver (attempt 2/3)...
2025-10-27 00:01:33,030 - INFO - patching driver executable C:\laragon\www\dapokalsel\sekolah\~\appdata\roaming\undetected_chromedriver\undetected_chromedriver.exe
2025-10-27 00:01:33,138 - ERROR - Attempt 2 failed: Binary Location Must be a String
2025-10-27 00:01:33,138 - INFO - Retrying in 5 seconds...
2025-10-27 00:01:38,139 - INFO - Initializing Chrome driver (attempt 3/3)...
2025-10-27 00:01:41,995 - ERROR - Attempt 3 failed: [WinError 183] Cannot create a file when that file already exists: 'C:\\laragon\\www\\dapokalsel\\sekolah\\~\\appdata\\roaming\\undetected_chromedriver\\undetected\\chromedriver-win32\\chromedriver.exe' -> 'C:\\laragon\\www\\dapokalsel\\sekolah\\~\\appdata\\roaming\\undetected_chromedriver\\undetected_chromedriver.exe'
2025-10-27 00:01:41,995 - ERROR - All attempts failed to setup driver
Traceback (most recent call last):
  File "C:\laragon\www\dapokalsel\sekolah\import_url_kabupaten.pyw", line 115, in setup_driver
    driver = uc.Chrome(
  File "C:\laragon\bin\python\python-3.10\lib\site-packages\undetected_chromedriver\__init__.py", line 258, in __init__
    self.patcher.auto()
  File "C:\laragon\bin\python\python-3.10\lib\site-packages\undetected_chromedriver\patcher.py", line 178, in auto
    self.unzip_package(self.fetch_package())
  File "C:\laragon\bin\python\python-3.10\lib\site-packages\undetected_chromedriver\patcher.py", line 310, in unzip_package
    os.rename(os.path.join(self.zip_path, exe_path), self.executable_path)
FileExistsError: [WinError 183] Cannot create a file when that file already exists: 'C:\\laragon\\www\\dapokalsel\\sekolah\\~\\appdata\\roaming\\undetected_chromedriver\\undetected\\chromedriver-win32\\chromedriver.exe' -> 'C:\\laragon\\www\\dapokalsel\\sekolah\\~\\appdata\\roaming\\undetected_chromedriver\\undetected_chromedriver.exe'
2025-10-27 00:01:41,996 - ERROR - Error on attempt 172: Failed to setup driver
Traceback (most recent call last):
  File "C:\laragon\www\dapokalsel\sekolah\import_url_kabupaten.pyw", line 435, in process_url_induk
    raise Exception("Failed to setup driver")
Exception: Failed to setup driver
2025-10-27 00:01:41,996 - INFO - Retry attempt 173/300...
2025-10-27 00:01:56,997 - INFO - Setting up Chrome driver...
2025-10-27 00:01:56,997 - INFO - Using profile directory: C:\Windows\Temp\chrome_scraper_profile
2025-10-27 00:01:56,997 - INFO - Initializing Chrome driver (attempt 1/3)...
2025-10-27 00:02:00,718 - INFO - patching driver executable C:\laragon\www\dapokalsel\sekolah\~\appdata\roaming\undetected_chromedriver\undetected_chromedriver.exe
2025-10-27 00:02:00,861 - ERROR - Attempt 1 failed: Binary Location Must be a String
2025-10-27 00:02:00,861 - INFO - Retrying in 5 seconds...
2025-10-27 00:02:05,862 - INFO - Initializing Chrome driver (attempt 2/3)...
2025-10-27 00:02:08,989 - INFO - patching driver executable C:\laragon\www\dapokalsel\sekolah\~\appdata\roaming\undetected_chromedriver\undetected_chromedriver.exe
2025-10-27 00:02:09,065 - ERROR - Attempt 2 failed: you cannot reuse the ChromeOptions object
2025-10-27 00:02:09,065 - INFO - Retrying in 5 seconds...
2025-10-27 00:02:14,066 - INFO - Initializing Chrome driver (attempt 3/3)...
2025-10-27 00:02:18,913 - ERROR - Attempt 3 failed: [WinError 183] Cannot create a file when that file already exists: 'C:\\laragon\\www\\dapokalsel\\sekolah\\~\\appdata\\roaming\\undetected_chromedriver\\undetected\\chromedriver-win32\\chromedriver.exe' -> 'C:\\laragon\\www\\dapokalsel\\sekolah\\~\\appdata\\roaming\\undetected_chromedriver\\undetected_chromedriver.exe'
2025-10-27 00:02:18,913 - ERROR - All attempts failed to setup driver
Traceback (most recent call last):
  File "C:\laragon\www\dapokalsel\sekolah\import_url_kabupaten.pyw", line 115, in setup_driver
    driver = uc.Chrome(
  File "C:\laragon\bin\python\python-3.10\lib\site-packages\undetected_chromedriver\__init__.py", line 258, in __init__
    self.patcher.auto()
  File "C:\laragon\bin\python\python-3.10\lib\site-packages\undetected_chromedriver\patcher.py", line 178, in auto
    self.unzip_package(self.fetch_package())
  File "C:\laragon\bin\python\python-3.10\lib\site-packages\undetected_chromedriver\patcher.py", line 310, in unzip_package
    os.rename(os.path.join(self.zip_path, exe_path), self.executable_path)
FileExistsError: [WinError 183] Cannot create a file when that file already exists: 'C:\\laragon\\www\\dapokalsel\\sekolah\\~\\appdata\\roaming\\undetected_chromedriver\\undetected\\chromedriver-win32\\chromedriver.exe' -> 'C:\\laragon\\www\\dapokalsel\\sekolah\\~\\appdata\\roaming\\undetected_chromedriver\\undetected_chromedriver.exe'
2025-10-27 00:02:18,914 - ERROR - Error on attempt 173: Failed to setup driver
Traceback (most recent call last):
  File "C:\laragon\www\dapokalsel\sekolah\import_url_kabupaten.pyw", line 435, in process_url_induk
    raise Exception("Failed to setup driver")
Exception: Failed to setup driver
2025-10-27 00:02:18,914 - INFO - Retry attempt 174/300...
2025-10-27 00:02:33,914 - INFO - Setting up Chrome driver...
2025-10-27 00:02:33,914 - INFO - Using profile directory: C:\Windows\Temp\chrome_scraper_profile
2025-10-27 00:02:33,915 - INFO - Initializing Chrome driver (attempt 1/3)...
2025-10-27 00:02:38,550 - INFO - patching driver executable C:\laragon\www\dapokalsel\sekolah\~\appdata\roaming\undetected_chromedriver\undetected_chromedriver.exe
2025-10-27 00:02:38,683 - ERROR - Attempt 1 failed: Binary Location Must be a String
2025-10-27 00:02:38,683 - INFO - Retrying in 5 seconds...
2025-10-27 00:02:43,684 - INFO - Initializing Chrome driver (attempt 2/3)...
2025-10-27 00:02:50,540 - INFO - patching driver executable C:\laragon\www\dapokalsel\sekolah\~\appdata\roaming\undetected_chromedriver\undetected_chromedriver.exe
2025-10-27 00:02:50,622 - ERROR - Attempt 2 failed: you cannot reuse the ChromeOptions object
2025-10-27 00:02:50,623 - INFO - Retrying in 5 seconds...
2025-10-27 00:02:55,623 - INFO - Initializing Chrome driver (attempt 3/3)...
2025-10-27 00:03:00,113 - INFO - patching driver executable C:\laragon\www\dapokalsel\sekolah\~\appdata\roaming\undetected_chromedriver\undetected_chromedriver.exe
2025-10-27 00:03:00,401 - ERROR - Attempt 3 failed: you cannot reuse the ChromeOptions object
2025-10-27 00:03:00,401 - ERROR - All attempts failed to setup driver
Traceback (most recent call last):
  File "C:\laragon\www\dapokalsel\sekolah\import_url_kabupaten.pyw", line 115, in setup_driver
    driver = uc.Chrome(
  File "C:\laragon\bin\python\python-3.10\lib\site-packages\undetected_chromedriver\__init__.py", line 269, in __init__
    raise RuntimeError("you cannot reuse the ChromeOptions object")
RuntimeError: you cannot reuse the ChromeOptions object
2025-10-27 00:03:00,402 - ERROR - Error on attempt 174: Failed to setup driver
Traceback (most recent call last):
  File "C:\laragon\www\dapokalsel\sekolah\import_url_kabupaten.pyw", line 435, in process_url_induk
    raise Exception("Failed to setup driver")
Exception: Failed to setup driver
2025-10-27 00:03:00,403 - INFO - Retry attempt 175/300...
2025-10-27 00:03:15,404 - INFO - Setting up Chrome driver...
2025-10-27 00:03:15,405 - INFO - Using profile directory: C:\Windows\Temp\chrome_scraper_profile
2025-10-27 00:03:15,406 - INFO - Initializing Chrome driver (attempt 1/3)...
2025-10-27 00:03:18,565 - INFO - patching driver executable C:\laragon\www\dapokalsel\sekolah\~\appdata\roaming\undetected_chromedriver\undetected_chromedriver.exe
2025-10-27 00:03:18,746 - ERROR - Attempt 1 failed: Binary Location Must be a String
2025-10-27 00:03:18,746 - INFO - Retrying in 5 seconds...
2025-10-27 00:03:23,746 - INFO - Initializing Chrome driver (attempt 2/3)...
2025-10-27 00:03:26,586 - ERROR - Attempt 2 failed: [WinError 183] Cannot create a file when that file already exists: 'C:\\laragon\\www\\dapokalsel\\sekolah\\~\\appdata\\roaming\\undetected_chromedriver\\undetected\\chromedriver-win32\\chromedriver.exe' -> 'C:\\laragon\\www\\dapokalsel\\sekolah\\~\\appdata\\roaming\\undetected_chromedriver\\undetected_chromedriver.exe'
2025-10-27 00:03:26,586 - INFO - Retrying in 5 seconds...
2025-10-27 00:03:31,587 - INFO - Initializing Chrome driver (attempt 3/3)...
2025-10-27 00:03:36,182 - INFO - patching driver executable C:\laragon\www\dapokalsel\sekolah\~\appdata\roaming\undetected_chromedriver\undetected_chromedriver.exe
2025-10-27 00:03:36,648 - ERROR - Attempt 3 failed: you cannot reuse the ChromeOptions object
2025-10-27 00:03:36,649 - ERROR - All attempts failed to setup driver
Traceback (most recent call last):
  File "C:\laragon\www\dapokalsel\sekolah\import_url_kabupaten.pyw", line 115, in setup_driver
    driver = uc.Chrome(
  File "C:\laragon\bin\python\python-3.10\lib\site-packages\undetected_chromedriver\__init__.py", line 269, in __init__
    raise RuntimeError("you cannot reuse the ChromeOptions object")
RuntimeError: you cannot reuse the ChromeOptions object
2025-10-27 00:03:36,649 - ERROR - Error on attempt 175: Failed to setup driver
Traceback (most recent call last):
  File "C:\laragon\www\dapokalsel\sekolah\import_url_kabupaten.pyw", line 435, in process_url_induk
    raise Exception("Failed to setup driver")
Exception: Failed to setup driver
2025-10-27 00:03:36,649 - INFO - Retry attempt 176/300...
2025-10-27 00:03:51,649 - INFO - Setting up Chrome driver...
2025-10-27 00:03:51,649 - INFO - Using profile directory: C:\Windows\Temp\chrome_scraper_profile
2025-10-27 00:03:51,649 - INFO - Initializing Chrome driver (attempt 1/3)...
2025-10-27 00:04:06,625 - ERROR - Attempt 1 failed: [WinError 183] Cannot create a file when that file already exists: 'C:\\laragon\\www\\dapokalsel\\sekolah\\~\\appdata\\roaming\\undetected_chromedriver\\undetected\\chromedriver-win32\\chromedriver.exe' -> 'C:\\laragon\\www\\dapokalsel\\sekolah\\~\\appdata\\roaming\\undetected_chromedriver\\undetected_chromedriver.exe'
2025-10-27 00:04:06,625 - INFO - Retrying in 5 seconds...
2025-10-27 00:03:35,615 - INFO - Initializing Chrome driver (attempt 2/3)...
2025-10-27 00:03:41,227 - INFO - patching driver executable C:\laragon\www\dapokalsel\sekolah\~\appdata\roaming\undetected_chromedriver\undetected_chromedriver.exe
2025-10-27 00:03:41,763 - ERROR - Attempt 2 failed: Binary Location Must be a String
2025-10-27 00:03:41,763 - INFO - Retrying in 5 seconds...
2025-10-27 00:03:46,763 - INFO - Initializing Chrome driver (attempt 3/3)...
2025-10-27 00:03:56,707 - ERROR - Attempt 3 failed: [WinError 183] Cannot create a file when that file already exists: 'C:\\laragon\\www\\dapokalsel\\sekolah\\~\\appdata\\roaming\\undetected_chromedriver\\undetected\\chromedriver-win32\\chromedriver.exe' -> 'C:\\laragon\\www\\dapokalsel\\sekolah\\~\\appdata\\roaming\\undetected_chromedriver\\undetected_chromedriver.exe'
2025-10-27 00:03:56,707 - ERROR - All attempts failed to setup driver
Traceback (most recent call last):
  File "C:\laragon\www\dapokalsel\sekolah\import_url_kabupaten.pyw", line 115, in setup_driver
    driver = uc.Chrome(
  File "C:\laragon\bin\python\python-3.10\lib\site-packages\undetected_chromedriver\__init__.py", line 258, in __init__
    self.patcher.auto()
  File "C:\laragon\bin\python\python-3.10\lib\site-packages\undetected_chromedriver\patcher.py", line 178, in auto
    self.unzip_package(self.fetch_package())
  File "C:\laragon\bin\python\python-3.10\lib\site-packages\undetected_chromedriver\patcher.py", line 310, in unzip_package
    os.rename(os.path.join(self.zip_path, exe_path), self.executable_path)
FileExistsError: [WinError 183] Cannot create a file when that file already exists: 'C:\\laragon\\www\\dapokalsel\\sekolah\\~\\appdata\\roaming\\undetected_chromedriver\\undetected\\chromedriver-win32\\chromedriver.exe' -> 'C:\\laragon\\www\\dapokalsel\\sekolah\\~\\appdata\\roaming\\undetected_chromedriver\\undetected_chromedriver.exe'
2025-10-27 00:03:56,708 - ERROR - Error on attempt 176: Failed to setup driver
Traceback (most recent call last):
  File "C:\laragon\www\dapokalsel\sekolah\import_url_kabupaten.pyw", line 435, in process_url_induk
    raise Exception("Failed to setup driver")
Exception: Failed to setup driver
2025-10-27 00:03:56,708 - INFO - Retry attempt 177/300...
2025-10-27 00:04:11,709 - INFO - Setting up Chrome driver...
2025-10-27 00:04:11,709 - INFO - Using profile directory: C:\Windows\Temp\chrome_scraper_profile
2025-10-27 00:04:11,709 - INFO - Initializing Chrome driver (attempt 1/3)...
2025-10-27 00:04:17,594 - INFO - patching driver executable C:\laragon\www\dapokalsel\sekolah\~\appdata\roaming\undetected_chromedriver\undetected_chromedriver.exe
2025-10-27 00:04:18,847 - ERROR - Attempt 1 failed: Binary Location Must be a String
2025-10-27 00:04:18,848 - INFO - Retrying in 5 seconds...
2025-10-27 00:04:23,848 - INFO - Initializing Chrome driver (attempt 2/3)...
2025-10-27 00:04:28,850 - INFO - patching driver executable C:\laragon\www\dapokalsel\sekolah\~\appdata\roaming\undetected_chromedriver\undetected_chromedriver.exe
2025-10-27 00:04:30,635 - ERROR - Attempt 2 failed: you cannot reuse the ChromeOptions object
2025-10-27 00:04:30,635 - INFO - Retrying in 5 seconds...
2025-10-27 00:04:35,635 - INFO - Initializing Chrome driver (attempt 3/3)...
2025-10-27 00:04:50,922 - INFO - patching driver executable C:\laragon\www\dapokalsel\sekolah\~\appdata\roaming\undetected_chromedriver\undetected_chromedriver.exe
2025-10-27 00:04:54,710 - ERROR - Attempt 3 failed: you cannot reuse the ChromeOptions object
2025-10-27 00:04:54,710 - ERROR - All attempts failed to setup driver
Traceback (most recent call last):
  File "C:\laragon\www\dapokalsel\sekolah\import_url_kabupaten.pyw", line 115, in setup_driver
    driver = uc.Chrome(
  File "C:\laragon\bin\python\python-3.10\lib\site-packages\undetected_chromedriver\__init__.py", line 269, in __init__
    raise RuntimeError("you cannot reuse the ChromeOptions object")
RuntimeError: you cannot reuse the ChromeOptions object
2025-10-27 00:04:54,711 - ERROR - Error on attempt 177: Failed to setup driver
Traceback (most recent call last):
  File "C:\laragon\www\dapokalsel\sekolah\import_url_kabupaten.pyw", line 435, in process_url_induk
    raise Exception("Failed to setup driver")
Exception: Failed to setup driver
2025-10-27 00:04:54,711 - INFO - Retry attempt 178/300...
2025-10-27 00:05:09,711 - INFO - Setting up Chrome driver...
2025-10-27 00:05:09,711 - INFO - Using profile directory: C:\Windows\Temp\chrome_scraper_profile
2025-10-27 00:05:09,711 - INFO - Initializing Chrome driver (attempt 1/3)...
2025-10-27 00:05:12,730 - ERROR - Attempt 1 failed: [WinError 183] Cannot create a file when that file already exists: 'C:\\laragon\\www\\dapokalsel\\sekolah\\~\\appdata\\roaming\\undetected_chromedriver\\undetected\\chromedriver-win32\\chromedriver.exe' -> 'C:\\laragon\\www\\dapokalsel\\sekolah\\~\\appdata\\roaming\\undetected_chromedriver\\undetected_chromedriver.exe'
2025-10-27 00:05:12,730 - INFO - Retrying in 5 seconds...
2025-10-27 00:05:17,730 - INFO - Initializing Chrome driver (attempt 2/3)...
2025-10-27 00:05:22,823 - INFO - patching driver executable C:\laragon\www\dapokalsel\sekolah\~\appdata\roaming\undetected_chromedriver\undetected_chromedriver.exe
2025-10-27 00:05:23,105 - ERROR - Attempt 2 failed: Binary Location Must be a String
2025-10-27 00:05:23,105 - INFO - Retrying in 5 seconds...
2025-10-27 00:05:28,106 - INFO - Initializing Chrome driver (attempt 3/3)...
2025-10-27 00:05:38,263 - ERROR - Attempt 3 failed: [WinError 183] Cannot create a file when that file already exists: 'C:\\laragon\\www\\dapokalsel\\sekolah\\~\\appdata\\roaming\\undetected_chromedriver\\undetected\\chromedriver-win32\\chromedriver.exe' -> 'C:\\laragon\\www\\dapokalsel\\sekolah\\~\\appdata\\roaming\\undetected_chromedriver\\undetected_chromedriver.exe'
2025-10-27 00:05:38,264 - ERROR - All attempts failed to setup driver
Traceback (most recent call last):
  File "C:\laragon\www\dapokalsel\sekolah\import_url_kabupaten.pyw", line 115, in setup_driver
    driver = uc.Chrome(
  File "C:\laragon\bin\python\python-3.10\lib\site-packages\undetected_chromedriver\__init__.py", line 258, in __init__
    self.patcher.auto()
  File "C:\laragon\bin\python\python-3.10\lib\site-packages\undetected_chromedriver\patcher.py", line 178, in auto
    self.unzip_package(self.fetch_package())
  File "C:\laragon\bin\python\python-3.10\lib\site-packages\undetected_chromedriver\patcher.py", line 310, in unzip_package
    os.rename(os.path.join(self.zip_path, exe_path), self.executable_path)
FileExistsError: [WinError 183] Cannot create a file when that file already exists: 'C:\\laragon\\www\\dapokalsel\\sekolah\\~\\appdata\\roaming\\undetected_chromedriver\\undetected\\chromedriver-win32\\chromedriver.exe' -> 'C:\\laragon\\www\\dapokalsel\\sekolah\\~\\appdata\\roaming\\undetected_chromedriver\\undetected_chromedriver.exe'
2025-10-27 00:05:38,264 - ERROR - Error on attempt 178: Failed to setup driver
Traceback (most recent call last):
  File "C:\laragon\www\dapokalsel\sekolah\import_url_kabupaten.pyw", line 435, in process_url_induk
    raise Exception("Failed to setup driver")
Exception: Failed to setup driver
2025-10-27 00:05:38,264 - INFO - Retry attempt 179/300...
2025-10-27 00:05:53,265 - INFO - Setting up Chrome driver...
2025-10-27 00:05:53,266 - INFO - Using profile directory: C:\Windows\Temp\chrome_scraper_profile
2025-10-27 00:05:53,266 - INFO - Initializing Chrome driver (attempt 1/3)...
2025-10-27 00:05:56,213 - INFO - patching driver executable C:\laragon\www\dapokalsel\sekolah\~\appdata\roaming\undetected_chromedriver\undetected_chromedriver.exe
2025-10-27 00:05:56,389 - ERROR - Attempt 1 failed: Binary Location Must be a String
2025-10-27 00:05:56,389 - INFO - Retrying in 5 seconds...
2025-10-27 00:06:01,390 - INFO - Initializing Chrome driver (attempt 2/3)...
2025-10-27 00:06:06,053 - INFO - patching driver executable C:\laragon\www\dapokalsel\sekolah\~\appdata\roaming\undetected_chromedriver\undetected_chromedriver.exe
2025-10-27 00:06:06,475 - ERROR - Attempt 2 failed: you cannot reuse the ChromeOptions object
2025-10-27 00:06:06,475 - INFO - Retrying in 5 seconds...
2025-10-27 00:06:11,476 - INFO - Initializing Chrome driver (attempt 3/3)...
2025-10-27 00:06:16,044 - ERROR - Attempt 3 failed: [WinError 183] Cannot create a file when that file already exists: 'C:\\laragon\\www\\dapokalsel\\sekolah\\~\\appdata\\roaming\\undetected_chromedriver\\undetected\\chromedriver-win32\\chromedriver.exe' -> 'C:\\laragon\\www\\dapokalsel\\sekolah\\~\\appdata\\roaming\\undetected_chromedriver\\undetected_chromedriver.exe'
2025-10-27 00:06:16,044 - ERROR - All attempts failed to setup driver
Traceback (most recent call last):
  File "C:\laragon\www\dapokalsel\sekolah\import_url_kabupaten.pyw", line 115, in setup_driver
    driver = uc.Chrome(
  File "C:\laragon\bin\python\python-3.10\lib\site-packages\undetected_chromedriver\__init__.py", line 258, in __init__
    self.patcher.auto()
  File "C:\laragon\bin\python\python-3.10\lib\site-packages\undetected_chromedriver\patcher.py", line 178, in auto
    self.unzip_package(self.fetch_package())
  File "C:\laragon\bin\python\python-3.10\lib\site-packages\undetected_chromedriver\patcher.py", line 310, in unzip_package
    os.rename(os.path.join(self.zip_path, exe_path), self.executable_path)
FileExistsError: [WinError 183] Cannot create a file when that file already exists: 'C:\\laragon\\www\\dapokalsel\\sekolah\\~\\appdata\\roaming\\undetected_chromedriver\\undetected\\chromedriver-win32\\chromedriver.exe' -> 'C:\\laragon\\www\\dapokalsel\\sekolah\\~\\appdata\\roaming\\undetected_chromedriver\\undetected_chromedriver.exe'
2025-10-27 00:06:16,045 - ERROR - Error on attempt 179: Failed to setup driver
Traceback (most recent call last):
  File "C:\laragon\www\dapokalsel\sekolah\import_url_kabupaten.pyw", line 435, in process_url_induk
    raise Exception("Failed to setup driver")
Exception: Failed to setup driver
2025-10-27 00:06:16,045 - INFO - Retry attempt 180/300...
2025-10-27 00:06:31,045 - INFO - Setting up Chrome driver...
2025-10-27 00:06:31,045 - INFO - Using profile directory: C:\Windows\Temp\chrome_scraper_profile
2025-10-27 00:06:31,045 - INFO - Initializing Chrome driver (attempt 1/3)...
2025-10-27 00:06:36,234 - INFO - patching driver executable C:\laragon\www\dapokalsel\sekolah\~\appdata\roaming\undetected_chromedriver\undetected_chromedriver.exe
2025-10-27 00:06:36,368 - ERROR - Attempt 1 failed: Binary Location Must be a String
2025-10-27 00:06:36,368 - INFO - Retrying in 5 seconds...
2025-10-27 00:06:41,368 - INFO - Initializing Chrome driver (attempt 2/3)...
2025-10-27 00:06:45,002 - INFO - patching driver executable C:\laragon\www\dapokalsel\sekolah\~\appdata\roaming\undetected_chromedriver\undetected_chromedriver.exe
2025-10-27 00:06:45,160 - ERROR - Attempt 2 failed: you cannot reuse the ChromeOptions object
2025-10-27 00:06:45,161 - INFO - Retrying in 5 seconds...
2025-10-27 00:06:50,162 - INFO - Initializing Chrome driver (attempt 3/3)...
2025-10-27 00:06:57,978 - ERROR - Attempt 3 failed: [WinError 183] Cannot create a file when that file already exists: 'C:\\laragon\\www\\dapokalsel\\sekolah\\~\\appdata\\roaming\\undetected_chromedriver\\undetected\\chromedriver-win32\\chromedriver.exe' -> 'C:\\laragon\\www\\dapokalsel\\sekolah\\~\\appdata\\roaming\\undetected_chromedriver\\undetected_chromedriver.exe'
2025-10-27 00:06:57,978 - ERROR - All attempts failed to setup driver
Traceback (most recent call last):
  File "C:\laragon\www\dapokalsel\sekolah\import_url_kabupaten.pyw", line 115, in setup_driver
    driver = uc.Chrome(
  File "C:\laragon\bin\python\python-3.10\lib\site-packages\undetected_chromedriver\__init__.py", line 258, in __init__
    self.patcher.auto()
  File "C:\laragon\bin\python\python-3.10\lib\site-packages\undetected_chromedriver\patcher.py", line 178, in auto
    self.unzip_package(self.fetch_package())
  File "C:\laragon\bin\python\python-3.10\lib\site-packages\undetected_chromedriver\patcher.py", line 310, in unzip_package
    os.rename(os.path.join(self.zip_path, exe_path), self.executable_path)
FileExistsError: [WinError 183] Cannot create a file when that file already exists: 'C:\\laragon\\www\\dapokalsel\\sekolah\\~\\appdata\\roaming\\undetected_chromedriver\\undetected\\chromedriver-win32\\chromedriver.exe' -> 'C:\\laragon\\www\\dapokalsel\\sekolah\\~\\appdata\\roaming\\undetected_chromedriver\\undetected_chromedriver.exe'
2025-10-27 00:06:57,979 - ERROR - Error on attempt 180: Failed to setup driver
Traceback (most recent call last):
  File "C:\laragon\www\dapokalsel\sekolah\import_url_kabupaten.pyw", line 435, in process_url_induk
    raise Exception("Failed to setup driver")
Exception: Failed to setup driver
2025-10-27 00:06:57,979 - INFO - Retry attempt 181/300...
2025-10-27 00:07:12,980 - INFO - Setting up Chrome driver...
2025-10-27 00:07:12,980 - INFO - Using profile directory: C:\Windows\Temp\chrome_scraper_profile
2025-10-27 00:07:12,980 - INFO - Initializing Chrome driver (attempt 1/3)...
2025-10-27 00:07:19,733 - INFO - patching driver executable C:\laragon\www\dapokalsel\sekolah\~\appdata\roaming\undetected_chromedriver\undetected_chromedriver.exe
2025-10-27 00:07:22,517 - ERROR - Attempt 1 failed: Binary Location Must be a String
2025-10-27 00:07:22,517 - INFO - Retrying in 5 seconds...
2025-10-27 00:07:27,517 - INFO - Initializing Chrome driver (attempt 2/3)...
2025-10-27 00:07:34,351 - ERROR - Attempt 2 failed: [WinError 183] Cannot create a file when that file already exists: 'C:\\laragon\\www\\dapokalsel\\sekolah\\~\\appdata\\roaming\\undetected_chromedriver\\undetected\\chromedriver-win32\\chromedriver.exe' -> 'C:\\laragon\\www\\dapokalsel\\sekolah\\~\\appdata\\roaming\\undetected_chromedriver\\undetected_chromedriver.exe'
2025-10-27 00:07:34,351 - INFO - Retrying in 5 seconds...
2025-10-27 00:07:39,352 - INFO - Initializing Chrome driver (attempt 3/3)...
2025-10-27 00:07:48,727 - ERROR - Attempt 3 failed: [WinError 183] Cannot create a file when that file already exists: 'C:\\laragon\\www\\dapokalsel\\sekolah\\~\\appdata\\roaming\\undetected_chromedriver\\undetected\\chromedriver-win32\\chromedriver.exe' -> 'C:\\laragon\\www\\dapokalsel\\sekolah\\~\\appdata\\roaming\\undetected_chromedriver\\undetected_chromedriver.exe'
2025-10-27 00:07:48,727 - ERROR - All attempts failed to setup driver
Traceback (most recent call last):
  File "C:\laragon\www\dapokalsel\sekolah\import_url_kabupaten.pyw", line 115, in setup_driver
    driver = uc.Chrome(
  File "C:\laragon\bin\python\python-3.10\lib\site-packages\undetected_chromedriver\__init__.py", line 258, in __init__
    self.patcher.auto()
  File "C:\laragon\bin\python\python-3.10\lib\site-packages\undetected_chromedriver\patcher.py", line 178, in auto
    self.unzip_package(self.fetch_package())
  File "C:\laragon\bin\python\python-3.10\lib\site-packages\undetected_chromedriver\patcher.py", line 310, in unzip_package
    os.rename(os.path.join(self.zip_path, exe_path), self.executable_path)
FileExistsError: [WinError 183] Cannot create a file when that file already exists: 'C:\\laragon\\www\\dapokalsel\\sekolah\\~\\appdata\\roaming\\undetected_chromedriver\\undetected\\chromedriver-win32\\chromedriver.exe' -> 'C:\\laragon\\www\\dapokalsel\\sekolah\\~\\appdata\\roaming\\undetected_chromedriver\\undetected_chromedriver.exe'
2025-10-27 00:07:48,728 - ERROR - Error on attempt 181: Failed to setup driver
Traceback (most recent call last):
  File "C:\laragon\www\dapokalsel\sekolah\import_url_kabupaten.pyw", line 435, in process_url_induk
    raise Exception("Failed to setup driver")
Exception: Failed to setup driver
2025-10-27 00:07:48,728 - INFO - Retry attempt 182/300...
2025-10-27 00:08:03,729 - INFO - Setting up Chrome driver...
2025-10-27 00:08:03,729 - INFO - Using profile directory: C:\Windows\Temp\chrome_scraper_profile
2025-10-27 00:08:03,729 - INFO - Initializing Chrome driver (attempt 1/3)...
2025-10-27 00:08:07,495 - INFO - patching driver executable C:\laragon\www\dapokalsel\sekolah\~\appdata\roaming\undetected_chromedriver\undetected_chromedriver.exe
2025-10-27 00:08:07,611 - ERROR - Attempt 1 failed: Binary Location Must be a String
2025-10-27 00:08:07,611 - INFO - Retrying in 5 seconds...
2025-10-27 00:08:12,612 - INFO - Initializing Chrome driver (attempt 2/3)...
2025-10-27 00:08:16,253 - ERROR - Attempt 2 failed: [WinError 183] Cannot create a file when that file already exists: 'C:\\laragon\\www\\dapokalsel\\sekolah\\~\\appdata\\roaming\\undetected_chromedriver\\undetected\\chromedriver-win32\\chromedriver.exe' -> 'C:\\laragon\\www\\dapokalsel\\sekolah\\~\\appdata\\roaming\\undetected_chromedriver\\undetected_chromedriver.exe'
2025-10-27 00:08:16,253 - INFO - Retrying in 5 seconds...
2025-10-27 00:08:21,253 - INFO - Initializing Chrome driver (attempt 3/3)...
2025-10-27 00:08:24,901 - INFO - patching driver executable C:\laragon\www\dapokalsel\sekolah\~\appdata\roaming\undetected_chromedriver\undetected_chromedriver.exe
2025-10-27 00:08:25,773 - ERROR - Attempt 3 failed: you cannot reuse the ChromeOptions object
2025-10-27 00:08:25,773 - ERROR - All attempts failed to setup driver
Traceback (most recent call last):
  File "C:\laragon\www\dapokalsel\sekolah\import_url_kabupaten.pyw", line 115, in setup_driver
    driver = uc.Chrome(
  File "C:\laragon\bin\python\python-3.10\lib\site-packages\undetected_chromedriver\__init__.py", line 269, in __init__
    raise RuntimeError("you cannot reuse the ChromeOptions object")
RuntimeError: you cannot reuse the ChromeOptions object
2025-10-27 00:08:25,774 - ERROR - Error on attempt 182: Failed to setup driver
Traceback (most recent call last):
  File "C:\laragon\www\dapokalsel\sekolah\import_url_kabupaten.pyw", line 435, in process_url_induk
    raise Exception("Failed to setup driver")
Exception: Failed to setup driver
2025-10-27 00:08:25,774 - INFO - Retry attempt 183/300...
2025-10-27 00:08:40,775 - INFO - Setting up Chrome driver...
2025-10-27 00:08:40,776 - INFO - Using profile directory: C:\Windows\Temp\chrome_scraper_profile
2025-10-27 00:08:40,777 - INFO - Initializing Chrome driver (attempt 1/3)...
2025-10-27 00:08:47,466 - INFO - patching driver executable C:\laragon\www\dapokalsel\sekolah\~\appdata\roaming\undetected_chromedriver\undetected_chromedriver.exe
2025-10-27 00:08:47,606 - ERROR - Attempt 1 failed: Binary Location Must be a String
2025-10-27 00:08:47,606 - INFO - Retrying in 5 seconds...
2025-10-27 00:08:52,606 - INFO - Initializing Chrome driver (attempt 2/3)...
2025-10-27 00:08:57,581 - ERROR - Attempt 2 failed: [WinError 183] Cannot create a file when that file already exists: 'C:\\laragon\\www\\dapokalsel\\sekolah\\~\\appdata\\roaming\\undetected_chromedriver\\undetected\\chromedriver-win32\\chromedriver.exe' -> 'C:\\laragon\\www\\dapokalsel\\sekolah\\~\\appdata\\roaming\\undetected_chromedriver\\undetected_chromedriver.exe'
2025-10-27 00:08:57,581 - INFO - Retrying in 5 seconds...
2025-10-27 00:09:02,582 - INFO - Initializing Chrome driver (attempt 3/3)...
2025-10-27 00:09:06,259 - INFO - patching driver executable C:\laragon\www\dapokalsel\sekolah\~\appdata\roaming\undetected_chromedriver\undetected_chromedriver.exe
2025-10-27 00:09:06,454 - ERROR - Attempt 3 failed: you cannot reuse the ChromeOptions object
2025-10-27 00:09:06,454 - ERROR - All attempts failed to setup driver
Traceback (most recent call last):
  File "C:\laragon\www\dapokalsel\sekolah\import_url_kabupaten.pyw", line 115, in setup_driver
    driver = uc.Chrome(
  File "C:\laragon\bin\python\python-3.10\lib\site-packages\undetected_chromedriver\__init__.py", line 269, in __init__
    raise RuntimeError("you cannot reuse the ChromeOptions object")
RuntimeError: you cannot reuse the ChromeOptions object
2025-10-27 00:09:06,454 - ERROR - Error on attempt 183: Failed to setup driver
Traceback (most recent call last):
  File "C:\laragon\www\dapokalsel\sekolah\import_url_kabupaten.pyw", line 435, in process_url_induk
    raise Exception("Failed to setup driver")
Exception: Failed to setup driver
2025-10-27 00:09:06,455 - INFO - Retry attempt 184/300...
2025-10-27 00:09:21,456 - INFO - Setting up Chrome driver...
2025-10-27 00:09:21,457 - INFO - Using profile directory: C:\Windows\Temp\chrome_scraper_profile
2025-10-27 00:09:21,457 - INFO - Initializing Chrome driver (attempt 1/3)...
2025-10-27 00:09:25,029 - INFO - patching driver executable C:\laragon\www\dapokalsel\sekolah\~\appdata\roaming\undetected_chromedriver\undetected_chromedriver.exe
2025-10-27 00:09:25,934 - ERROR - Attempt 1 failed: Binary Location Must be a String
2025-10-27 00:09:25,934 - INFO - Retrying in 5 seconds...
2025-10-27 00:09:30,934 - INFO - Initializing Chrome driver (attempt 2/3)...
2025-10-27 00:09:34,475 - INFO - patching driver executable C:\laragon\www\dapokalsel\sekolah\~\appdata\roaming\undetected_chromedriver\undetected_chromedriver.exe
2025-10-27 00:09:37,284 - ERROR - Attempt 2 failed: you cannot reuse the ChromeOptions object
2025-10-27 00:09:37,284 - INFO - Retrying in 5 seconds...
2025-10-27 00:09:42,285 - INFO - Initializing Chrome driver (attempt 3/3)...
2025-10-27 00:09:45,607 - INFO - patching driver executable C:\laragon\www\dapokalsel\sekolah\~\appdata\roaming\undetected_chromedriver\undetected_chromedriver.exe
2025-10-27 00:09:47,164 - ERROR - Attempt 3 failed: you cannot reuse the ChromeOptions object
2025-10-27 00:09:47,165 - ERROR - All attempts failed to setup driver
Traceback (most recent call last):
  File "C:\laragon\www\dapokalsel\sekolah\import_url_kabupaten.pyw", line 115, in setup_driver
    driver = uc.Chrome(
  File "C:\laragon\bin\python\python-3.10\lib\site-packages\undetected_chromedriver\__init__.py", line 269, in __init__
    raise RuntimeError("you cannot reuse the ChromeOptions object")
RuntimeError: you cannot reuse the ChromeOptions object
2025-10-27 00:09:47,165 - ERROR - Error on attempt 184: Failed to setup driver
Traceback (most recent call last):
  File "C:\laragon\www\dapokalsel\sekolah\import_url_kabupaten.pyw", line 435, in process_url_induk
    raise Exception("Failed to setup driver")
Exception: Failed to setup driver
2025-10-27 00:09:47,165 - INFO - Retry attempt 185/300...
2025-10-27 00:10:02,165 - INFO - Setting up Chrome driver...
2025-10-27 00:10:02,166 - INFO - Using profile directory: C:\Windows\Temp\chrome_scraper_profile
2025-10-27 00:10:02,166 - INFO - Initializing Chrome driver (attempt 1/3)...
2025-10-27 00:10:08,473 - INFO - patching driver executable C:\laragon\www\dapokalsel\sekolah\~\appdata\roaming\undetected_chromedriver\undetected_chromedriver.exe
2025-10-27 00:10:11,021 - ERROR - Attempt 1 failed: Binary Location Must be a String
2025-10-27 00:10:11,022 - INFO - Retrying in 5 seconds...
2025-10-27 00:10:16,023 - INFO - Initializing Chrome driver (attempt 2/3)...
2025-10-27 00:10:18,830 - INFO - patching driver executable C:\laragon\www\dapokalsel\sekolah\~\appdata\roaming\undetected_chromedriver\undetected_chromedriver.exe
2025-10-27 00:10:19,148 - ERROR - Attempt 2 failed: you cannot reuse the ChromeOptions object
2025-10-27 00:10:19,148 - INFO - Retrying in 5 seconds...
2025-10-27 00:10:24,149 - INFO - Initializing Chrome driver (attempt 3/3)...
2025-10-27 00:10:27,063 - ERROR - Attempt 3 failed: [WinError 183] Cannot create a file when that file already exists: 'C:\\laragon\\www\\dapokalsel\\sekolah\\~\\appdata\\roaming\\undetected_chromedriver\\undetected\\chromedriver-win32\\chromedriver.exe' -> 'C:\\laragon\\www\\dapokalsel\\sekolah\\~\\appdata\\roaming\\undetected_chromedriver\\undetected_chromedriver.exe'
2025-10-27 00:10:27,063 - ERROR - All attempts failed to setup driver
Traceback (most recent call last):
  File "C:\laragon\www\dapokalsel\sekolah\import_url_kabupaten.pyw", line 115, in setup_driver
    driver = uc.Chrome(
  File "C:\laragon\bin\python\python-3.10\lib\site-packages\undetected_chromedriver\__init__.py", line 258, in __init__
    self.patcher.auto()
  File "C:\laragon\bin\python\python-3.10\lib\site-packages\undetected_chromedriver\patcher.py", line 178, in auto
    self.unzip_package(self.fetch_package())
  File "C:\laragon\bin\python\python-3.10\lib\site-packages\undetected_chromedriver\patcher.py", line 310, in unzip_package
    os.rename(os.path.join(self.zip_path, exe_path), self.executable_path)
FileExistsError: [WinError 183] Cannot create a file when that file already exists: 'C:\\laragon\\www\\dapokalsel\\sekolah\\~\\appdata\\roaming\\undetected_chromedriver\\undetected\\chromedriver-win32\\chromedriver.exe' -> 'C:\\laragon\\www\\dapokalsel\\sekolah\\~\\appdata\\roaming\\undetected_chromedriver\\undetected_chromedriver.exe'
2025-10-27 00:10:27,063 - ERROR - Error on attempt 185: Failed to setup driver
Traceback (most recent call last):
  File "C:\laragon\www\dapokalsel\sekolah\import_url_kabupaten.pyw", line 435, in process_url_induk
    raise Exception("Failed to setup driver")
Exception: Failed to setup driver
2025-10-27 00:10:27,064 - INFO - Retry attempt 186/300...
2025-10-27 00:10:42,064 - INFO - Setting up Chrome driver...
2025-10-27 00:10:42,065 - INFO - Using profile directory: C:\Windows\Temp\chrome_scraper_profile
2025-10-27 00:10:42,065 - INFO - Initializing Chrome driver (attempt 1/3)...
2025-10-27 00:10:45,608 - INFO - patching driver executable C:\laragon\www\dapokalsel\sekolah\~\appdata\roaming\undetected_chromedriver\undetected_chromedriver.exe
2025-10-27 00:10:45,686 - ERROR - Attempt 1 failed: Binary Location Must be a String
2025-10-27 00:10:45,686 - INFO - Retrying in 5 seconds...
2025-10-27 00:10:50,687 - INFO - Initializing Chrome driver (attempt 2/3)...
2025-10-27 00:10:58,093 - INFO - patching driver executable C:\laragon\www\dapokalsel\sekolah\~\appdata\roaming\undetected_chromedriver\undetected_chromedriver.exe
2025-10-27 00:10:59,233 - ERROR - Attempt 2 failed: you cannot reuse the ChromeOptions object
2025-10-27 00:10:59,233 - INFO - Retrying in 5 seconds...
2025-10-27 00:11:04,234 - INFO - Initializing Chrome driver (attempt 3/3)...
2025-10-27 00:11:07,263 - INFO - patching driver executable C:\laragon\www\dapokalsel\sekolah\~\appdata\roaming\undetected_chromedriver\undetected_chromedriver.exe
2025-10-27 00:11:10,020 - ERROR - Attempt 3 failed: you cannot reuse the ChromeOptions object
2025-10-27 00:11:10,020 - ERROR - All attempts failed to setup driver
Traceback (most recent call last):
  File "C:\laragon\www\dapokalsel\sekolah\import_url_kabupaten.pyw", line 115, in setup_driver
    driver = uc.Chrome(
  File "C:\laragon\bin\python\python-3.10\lib\site-packages\undetected_chromedriver\__init__.py", line 269, in __init__
    raise RuntimeError("you cannot reuse the ChromeOptions object")
RuntimeError: you cannot reuse the ChromeOptions object
2025-10-27 00:11:10,020 - ERROR - Error on attempt 186: Failed to setup driver
Traceback (most recent call last):
  File "C:\laragon\www\dapokalsel\sekolah\import_url_kabupaten.pyw", line 435, in process_url_induk
    raise Exception("Failed to setup driver")
Exception: Failed to setup driver
2025-10-27 00:11:10,021 - INFO - Retry attempt 187/300...
2025-10-27 00:11:25,021 - INFO - Setting up Chrome driver...
2025-10-27 00:11:25,021 - INFO - Using profile directory: C:\Windows\Temp\chrome_scraper_profile
2025-10-27 00:11:25,022 - INFO - Initializing Chrome driver (attempt 1/3)...
2025-10-27 00:11:28,203 - INFO - patching driver executable C:\laragon\www\dapokalsel\sekolah\~\appdata\roaming\undetected_chromedriver\undetected_chromedriver.exe
2025-10-27 00:11:28,417 - ERROR - Attempt 1 failed: Binary Location Must be a String
2025-10-27 00:11:28,417 - INFO - Retrying in 5 seconds...
2025-10-27 00:11:33,418 - INFO - Initializing Chrome driver (attempt 2/3)...
2025-10-27 00:11:42,008 - ERROR - Attempt 2 failed: [WinError 32] The process cannot access the file because it is being used by another process: 'C:\\laragon\\www\\dapokalsel\\sekolah\\~\\appdata\\roaming\\undetected_chromedriver\\undetected\\chromedriver-win32\\chromedriver.exe' -> 'C:\\laragon\\www\\dapokalsel\\sekolah\\~\\appdata\\roaming\\undetected_chromedriver\\undetected_chromedriver.exe'
2025-10-27 00:11:42,008 - INFO - Retrying in 5 seconds...
2025-10-27 00:11:47,009 - INFO - Initializing Chrome driver (attempt 3/3)...
2025-10-27 00:11:51,840 - INFO - patching driver executable C:\laragon\www\dapokalsel\sekolah\~\appdata\roaming\undetected_chromedriver\undetected_chromedriver.exe
2025-10-27 00:11:52,177 - ERROR - Attempt 3 failed: you cannot reuse the ChromeOptions object
2025-10-27 00:11:52,177 - ERROR - All attempts failed to setup driver
Traceback (most recent call last):
  File "C:\laragon\www\dapokalsel\sekolah\import_url_kabupaten.pyw", line 115, in setup_driver
    driver = uc.Chrome(
  File "C:\laragon\bin\python\python-3.10\lib\site-packages\undetected_chromedriver\__init__.py", line 269, in __init__
    raise RuntimeError("you cannot reuse the ChromeOptions object")
RuntimeError: you cannot reuse the ChromeOptions object
2025-10-27 00:11:52,179 - ERROR - Error on attempt 187: Failed to setup driver
Traceback (most recent call last):
  File "C:\laragon\www\dapokalsel\sekolah\import_url_kabupaten.pyw", line 435, in process_url_induk
    raise Exception("Failed to setup driver")
Exception: Failed to setup driver
2025-10-27 00:11:52,179 - INFO - Retry attempt 188/300...
2025-10-27 00:12:07,179 - INFO - Setting up Chrome driver...
2025-10-27 00:12:07,180 - INFO - Using profile directory: C:\Windows\Temp\chrome_scraper_profile
2025-10-27 00:12:07,181 - INFO - Initializing Chrome driver (attempt 1/3)...
2025-10-27 00:12:13,448 - INFO - patching driver executable C:\laragon\www\dapokalsel\sekolah\~\appdata\roaming\undetected_chromedriver\undetected_chromedriver.exe
2025-10-27 00:12:13,533 - ERROR - Attempt 1 failed: Binary Location Must be a String
2025-10-27 00:12:13,533 - INFO - Retrying in 5 seconds...
2025-10-27 00:12:18,533 - INFO - Initializing Chrome driver (attempt 2/3)...
2025-10-27 00:12:22,727 - INFO - patching driver executable C:\laragon\www\dapokalsel\sekolah\~\appdata\roaming\undetected_chromedriver\undetected_chromedriver.exe
2025-10-27 00:12:22,873 - ERROR - Attempt 2 failed: you cannot reuse the ChromeOptions object
2025-10-27 00:12:22,873 - INFO - Retrying in 5 seconds...
2025-10-27 00:12:27,874 - INFO - Initializing Chrome driver (attempt 3/3)...
2025-10-27 00:12:40,278 - INFO - patching driver executable C:\laragon\www\dapokalsel\sekolah\~\appdata\roaming\undetected_chromedriver\undetected_chromedriver.exe
2025-10-27 00:12:40,508 - ERROR - Attempt 3 failed: you cannot reuse the ChromeOptions object
2025-10-27 00:12:40,509 - ERROR - All attempts failed to setup driver
Traceback (most recent call last):
  File "C:\laragon\www\dapokalsel\sekolah\import_url_kabupaten.pyw", line 115, in setup_driver
    driver = uc.Chrome(
  File "C:\laragon\bin\python\python-3.10\lib\site-packages\undetected_chromedriver\__init__.py", line 269, in __init__
    raise RuntimeError("you cannot reuse the ChromeOptions object")
RuntimeError: you cannot reuse the ChromeOptions object
2025-10-27 00:12:40,509 - ERROR - Error on attempt 188: Failed to setup driver
Traceback (most recent call last):
  File "C:\laragon\www\dapokalsel\sekolah\import_url_kabupaten.pyw", line 435, in process_url_induk
    raise Exception("Failed to setup driver")
Exception: Failed to setup driver
2025-10-27 00:12:40,510 - INFO - Retry attempt 189/300...
2025-10-27 00:12:55,510 - INFO - Setting up Chrome driver...
2025-10-27 00:12:55,510 - INFO - Using profile directory: C:\Windows\Temp\chrome_scraper_profile
2025-10-27 00:12:55,510 - INFO - Initializing Chrome driver (attempt 1/3)...
2025-10-27 00:12:58,687 - INFO - patching driver executable C:\laragon\www\dapokalsel\sekolah\~\appdata\roaming\undetected_chromedriver\undetected_chromedriver.exe
2025-10-27 00:12:58,933 - ERROR - Attempt 1 failed: Binary Location Must be a String
2025-10-27 00:12:58,933 - INFO - Retrying in 5 seconds...
2025-10-27 00:13:03,934 - INFO - Initializing Chrome driver (attempt 2/3)...
2025-10-27 00:13:07,088 - INFO - patching driver executable C:\laragon\www\dapokalsel\sekolah\~\appdata\roaming\undetected_chromedriver\undetected_chromedriver.exe
2025-10-27 00:13:07,244 - ERROR - Attempt 2 failed: you cannot reuse the ChromeOptions object
2025-10-27 00:13:07,244 - INFO - Retrying in 5 seconds...
2025-10-27 00:13:12,244 - INFO - Initializing Chrome driver (attempt 3/3)...
2025-10-27 00:13:15,511 - INFO - patching driver executable C:\laragon\www\dapokalsel\sekolah\~\appdata\roaming\undetected_chromedriver\undetected_chromedriver.exe
2025-10-27 00:13:15,583 - ERROR - Attempt 3 failed: you cannot reuse the ChromeOptions object
2025-10-27 00:13:15,583 - ERROR - All attempts failed to setup driver
Traceback (most recent call last):
  File "C:\laragon\www\dapokalsel\sekolah\import_url_kabupaten.pyw", line 115, in setup_driver
    driver = uc.Chrome(
  File "C:\laragon\bin\python\python-3.10\lib\site-packages\undetected_chromedriver\__init__.py", line 269, in __init__
    raise RuntimeError("you cannot reuse the ChromeOptions object")
RuntimeError: you cannot reuse the ChromeOptions object
2025-10-27 00:13:15,584 - ERROR - Error on attempt 189: Failed to setup driver
Traceback (most recent call last):
  File "C:\laragon\www\dapokalsel\sekolah\import_url_kabupaten.pyw", line 435, in process_url_induk
    raise Exception("Failed to setup driver")
Exception: Failed to setup driver
2025-10-27 00:13:15,584 - INFO - Retry attempt 190/300...
2025-10-27 00:13:30,585 - INFO - Setting up Chrome driver...
2025-10-27 00:13:30,587 - INFO - Using profile directory: C:\Windows\Temp\chrome_scraper_profile
2025-10-27 00:13:30,588 - INFO - Initializing Chrome driver (attempt 1/3)...
2025-10-27 00:13:35,369 - INFO - patching driver executable C:\laragon\www\dapokalsel\sekolah\~\appdata\roaming\undetected_chromedriver\undetected_chromedriver.exe
2025-10-27 00:13:35,904 - ERROR - Attempt 1 failed: Binary Location Must be a String
2025-10-27 00:13:35,904 - INFO - Retrying in 5 seconds...
2025-10-27 00:13:40,904 - INFO - Initializing Chrome driver (attempt 2/3)...
2025-10-27 00:13:44,383 - INFO - patching driver executable C:\laragon\www\dapokalsel\sekolah\~\appdata\roaming\undetected_chromedriver\undetected_chromedriver.exe
2025-10-27 00:13:44,462 - ERROR - Attempt 2 failed: you cannot reuse the ChromeOptions object
2025-10-27 00:13:44,462 - INFO - Retrying in 5 seconds...
2025-10-27 00:13:49,463 - INFO - Initializing Chrome driver (attempt 3/3)...
2025-10-27 00:13:52,494 - INFO - patching driver executable C:\laragon\www\dapokalsel\sekolah\~\appdata\roaming\undetected_chromedriver\undetected_chromedriver.exe
2025-10-27 00:13:53,027 - ERROR - Attempt 3 failed: you cannot reuse the ChromeOptions object
2025-10-27 00:13:53,028 - ERROR - All attempts failed to setup driver
Traceback (most recent call last):
  File "C:\laragon\www\dapokalsel\sekolah\import_url_kabupaten.pyw", line 115, in setup_driver
    driver = uc.Chrome(
  File "C:\laragon\bin\python\python-3.10\lib\site-packages\undetected_chromedriver\__init__.py", line 269, in __init__
    raise RuntimeError("you cannot reuse the ChromeOptions object")
RuntimeError: you cannot reuse the ChromeOptions object
2025-10-27 00:13:53,029 - ERROR - Error on attempt 190: Failed to setup driver
Traceback (most recent call last):
  File "C:\laragon\www\dapokalsel\sekolah\import_url_kabupaten.pyw", line 435, in process_url_induk
    raise Exception("Failed to setup driver")
Exception: Failed to setup driver
2025-10-27 00:13:53,029 - INFO - Retry attempt 191/300...
2025-10-27 00:14:08,030 - INFO - Setting up Chrome driver...
2025-10-27 00:14:08,031 - INFO - Using profile directory: C:\Windows\Temp\chrome_scraper_profile
2025-10-27 00:14:08,031 - INFO - Initializing Chrome driver (attempt 1/3)...
2025-10-27 00:14:10,891 - INFO - patching driver executable C:\laragon\www\dapokalsel\sekolah\~\appdata\roaming\undetected_chromedriver\undetected_chromedriver.exe
2025-10-27 00:14:11,502 - ERROR - Attempt 1 failed: Binary Location Must be a String
2025-10-27 00:14:11,502 - INFO - Retrying in 5 seconds...
2025-10-27 00:14:16,502 - INFO - Initializing Chrome driver (attempt 2/3)...
2025-10-27 00:14:20,934 - INFO - patching driver executable C:\laragon\www\dapokalsel\sekolah\~\appdata\roaming\undetected_chromedriver\undetected_chromedriver.exe
2025-10-27 00:14:22,200 - ERROR - Attempt 2 failed: you cannot reuse the ChromeOptions object
2025-10-27 00:14:22,200 - INFO - Retrying in 5 seconds...
2025-10-27 00:14:27,201 - INFO - Initializing Chrome driver (attempt 3/3)...
2025-10-27 00:14:31,436 - INFO - patching driver executable C:\laragon\www\dapokalsel\sekolah\~\appdata\roaming\undetected_chromedriver\undetected_chromedriver.exe
2025-10-27 00:14:31,580 - ERROR - Attempt 3 failed: you cannot reuse the ChromeOptions object
2025-10-27 00:14:31,580 - ERROR - All attempts failed to setup driver
Traceback (most recent call last):
  File "C:\laragon\www\dapokalsel\sekolah\import_url_kabupaten.pyw", line 115, in setup_driver
    driver = uc.Chrome(
  File "C:\laragon\bin\python\python-3.10\lib\site-packages\undetected_chromedriver\__init__.py", line 269, in __init__
    raise RuntimeError("you cannot reuse the ChromeOptions object")
RuntimeError: you cannot reuse the ChromeOptions object
2025-10-27 00:14:31,581 - ERROR - Error on attempt 191: Failed to setup driver
Traceback (most recent call last):
  File "C:\laragon\www\dapokalsel\sekolah\import_url_kabupaten.pyw", line 435, in process_url_induk
    raise Exception("Failed to setup driver")
Exception: Failed to setup driver
2025-10-27 00:14:31,581 - INFO - Retry attempt 192/300...
2025-10-27 00:14:46,581 - INFO - Setting up Chrome driver...
2025-10-27 00:14:46,581 - INFO - Using profile directory: C:\Windows\Temp\chrome_scraper_profile
2025-10-27 00:14:46,581 - INFO - Initializing Chrome driver (attempt 1/3)...
2025-10-27 00:14:53,398 - ERROR - Attempt 1 failed: [WinError 183] Cannot create a file when that file already exists: 'C:\\laragon\\www\\dapokalsel\\sekolah\\~\\appdata\\roaming\\undetected_chromedriver\\undetected\\chromedriver-win32\\chromedriver.exe' -> 'C:\\laragon\\www\\dapokalsel\\sekolah\\~\\appdata\\roaming\\undetected_chromedriver\\undetected_chromedriver.exe'
2025-10-27 00:14:53,398 - INFO - Retrying in 5 seconds...
2025-10-27 00:14:58,399 - INFO - Initializing Chrome driver (attempt 2/3)...
2025-10-27 00:15:01,245 - INFO - patching driver executable C:\laragon\www\dapokalsel\sekolah\~\appdata\roaming\undetected_chromedriver\undetected_chromedriver.exe
2025-10-27 00:15:01,896 - ERROR - Attempt 2 failed: Binary Location Must be a String
2025-10-27 00:15:01,896 - INFO - Retrying in 5 seconds...
2025-10-27 00:15:06,897 - INFO - Initializing Chrome driver (attempt 3/3)...
2025-10-27 00:15:09,968 - INFO - patching driver executable C:\laragon\www\dapokalsel\sekolah\~\appdata\roaming\undetected_chromedriver\undetected_chromedriver.exe
2025-10-27 00:15:10,106 - ERROR - Attempt 3 failed: you cannot reuse the ChromeOptions object
2025-10-27 00:15:10,106 - ERROR - All attempts failed to setup driver
Traceback (most recent call last):
  File "C:\laragon\www\dapokalsel\sekolah\import_url_kabupaten.pyw", line 115, in setup_driver
    driver = uc.Chrome(
  File "C:\laragon\bin\python\python-3.10\lib\site-packages\undetected_chromedriver\__init__.py", line 269, in __init__
    raise RuntimeError("you cannot reuse the ChromeOptions object")
RuntimeError: you cannot reuse the ChromeOptions object
2025-10-27 00:15:10,107 - ERROR - Error on attempt 192: Failed to setup driver
Traceback (most recent call last):
  File "C:\laragon\www\dapokalsel\sekolah\import_url_kabupaten.pyw", line 435, in process_url_induk
    raise Exception("Failed to setup driver")
Exception: Failed to setup driver
2025-10-27 00:15:10,107 - INFO - Retry attempt 193/300...
2025-10-27 00:15:25,107 - INFO - Setting up Chrome driver...
2025-10-27 00:15:25,108 - INFO - Using profile directory: C:\Windows\Temp\chrome_scraper_profile
2025-10-27 00:15:25,109 - INFO - Initializing Chrome driver (attempt 1/3)...
2025-10-27 00:15:27,969 - INFO - patching driver executable C:\laragon\www\dapokalsel\sekolah\~\appdata\roaming\undetected_chromedriver\undetected_chromedriver.exe
2025-10-27 00:15:28,197 - ERROR - Attempt 1 failed: Binary Location Must be a String
2025-10-27 00:15:28,197 - INFO - Retrying in 5 seconds...
2025-10-27 00:15:33,198 - INFO - Initializing Chrome driver (attempt 2/3)...
2025-10-27 00:15:37,387 - INFO - patching driver executable C:\laragon\www\dapokalsel\sekolah\~\appdata\roaming\undetected_chromedriver\undetected_chromedriver.exe
2025-10-27 00:15:37,533 - ERROR - Attempt 2 failed: you cannot reuse the ChromeOptions object
2025-10-27 00:15:37,533 - INFO - Retrying in 5 seconds...
2025-10-27 00:15:42,534 - INFO - Initializing Chrome driver (attempt 3/3)...
2025-10-27 00:15:45,575 - ERROR - Attempt 3 failed: [WinError 183] Cannot create a file when that file already exists: 'C:\\laragon\\www\\dapokalsel\\sekolah\\~\\appdata\\roaming\\undetected_chromedriver\\undetected\\chromedriver-win32\\chromedriver.exe' -> 'C:\\laragon\\www\\dapokalsel\\sekolah\\~\\appdata\\roaming\\undetected_chromedriver\\undetected_chromedriver.exe'
2025-10-27 00:15:45,575 - ERROR - All attempts failed to setup driver
Traceback (most recent call last):
  File "C:\laragon\www\dapokalsel\sekolah\import_url_kabupaten.pyw", line 115, in setup_driver
    driver = uc.Chrome(
  File "C:\laragon\bin\python\python-3.10\lib\site-packages\undetected_chromedriver\__init__.py", line 258, in __init__
    self.patcher.auto()
  File "C:\laragon\bin\python\python-3.10\lib\site-packages\undetected_chromedriver\patcher.py", line 178, in auto
    self.unzip_package(self.fetch_package())
  File "C:\laragon\bin\python\python-3.10\lib\site-packages\undetected_chromedriver\patcher.py", line 310, in unzip_package
    os.rename(os.path.join(self.zip_path, exe_path), self.executable_path)
FileExistsError: [WinError 183] Cannot create a file when that file already exists: 'C:\\laragon\\www\\dapokalsel\\sekolah\\~\\appdata\\roaming\\undetected_chromedriver\\undetected\\chromedriver-win32\\chromedriver.exe' -> 'C:\\laragon\\www\\dapokalsel\\sekolah\\~\\appdata\\roaming\\undetected_chromedriver\\undetected_chromedriver.exe'
2025-10-27 00:15:45,575 - ERROR - Error on attempt 193: Failed to setup driver
Traceback (most recent call last):
  File "C:\laragon\www\dapokalsel\sekolah\import_url_kabupaten.pyw", line 435, in process_url_induk
    raise Exception("Failed to setup driver")
Exception: Failed to setup driver
2025-10-27 00:15:45,576 - INFO - Retry attempt 194/300...
2025-10-27 00:16:00,577 - INFO - Setting up Chrome driver...
2025-10-27 00:16:00,577 - INFO - Using profile directory: C:\Windows\Temp\chrome_scraper_profile
2025-10-27 00:16:00,577 - INFO - Initializing Chrome driver (attempt 1/3)...
2025-10-27 00:16:09,089 - ERROR - Attempt 1 failed: [WinError 183] Cannot create a file when that file already exists: 'C:\\laragon\\www\\dapokalsel\\sekolah\\~\\appdata\\roaming\\undetected_chromedriver\\undetected\\chromedriver-win32\\chromedriver.exe' -> 'C:\\laragon\\www\\dapokalsel\\sekolah\\~\\appdata\\roaming\\undetected_chromedriver\\undetected_chromedriver.exe'
2025-10-27 00:16:09,089 - INFO - Retrying in 5 seconds...
2025-10-27 00:16:14,089 - INFO - Initializing Chrome driver (attempt 2/3)...
2025-10-27 00:16:18,631 - ERROR - Attempt 2 failed: [WinError 183] Cannot create a file when that file already exists: 'C:\\laragon\\www\\dapokalsel\\sekolah\\~\\appdata\\roaming\\undetected_chromedriver\\undetected\\chromedriver-win32\\chromedriver.exe' -> 'C:\\laragon\\www\\dapokalsel\\sekolah\\~\\appdata\\roaming\\undetected_chromedriver\\undetected_chromedriver.exe'
2025-10-27 00:16:18,631 - INFO - Retrying in 5 seconds...
2025-10-27 00:16:23,632 - INFO - Initializing Chrome driver (attempt 3/3)...
2025-10-27 00:16:27,290 - INFO - patching driver executable C:\laragon\www\dapokalsel\sekolah\~\appdata\roaming\undetected_chromedriver\undetected_chromedriver.exe
2025-10-27 00:16:29,173 - ERROR - Attempt 3 failed: Binary Location Must be a String
2025-10-27 00:16:29,173 - ERROR - All attempts failed to setup driver
Traceback (most recent call last):
  File "C:\laragon\www\dapokalsel\sekolah\import_url_kabupaten.pyw", line 115, in setup_driver
    driver = uc.Chrome(
  File "C:\laragon\bin\python\python-3.10\lib\site-packages\undetected_chromedriver\__init__.py", line 372, in __init__
    options.binary_location = (
  File "C:\laragon\bin\python\python-3.10\lib\site-packages\selenium\webdriver\chromium\options.py", line 52, in binary_location
    raise TypeError(self.BINARY_LOCATION_ERROR)
TypeError: Binary Location Must be a String
2025-10-27 00:16:29,174 - ERROR - Error on attempt 194: Failed to setup driver
Traceback (most recent call last):
  File "C:\laragon\www\dapokalsel\sekolah\import_url_kabupaten.pyw", line 435, in process_url_induk
    raise Exception("Failed to setup driver")
Exception: Failed to setup driver
2025-10-27 00:16:29,174 - INFO - Retry attempt 195/300...
2025-10-27 00:16:44,175 - INFO - Setting up Chrome driver...
2025-10-27 00:16:44,176 - INFO - Using profile directory: C:\Windows\Temp\chrome_scraper_profile
2025-10-27 00:16:44,177 - INFO - Initializing Chrome driver (attempt 1/3)...
2025-10-27 00:16:47,191 - INFO - patching driver executable C:\laragon\www\dapokalsel\sekolah\~\appdata\roaming\undetected_chromedriver\undetected_chromedriver.exe
2025-10-27 00:16:47,310 - ERROR - Attempt 1 failed: Binary Location Must be a String
2025-10-27 00:16:47,310 - INFO - Retrying in 5 seconds...
2025-10-27 00:16:52,311 - INFO - Initializing Chrome driver (attempt 2/3)...
2025-10-27 00:16:59,775 - ERROR - Attempt 2 failed: [WinError 183] Cannot create a file when that file already exists: 'C:\\laragon\\www\\dapokalsel\\sekolah\\~\\appdata\\roaming\\undetected_chromedriver\\undetected\\chromedriver-win32\\chromedriver.exe' -> 'C:\\laragon\\www\\dapokalsel\\sekolah\\~\\appdata\\roaming\\undetected_chromedriver\\undetected_chromedriver.exe'
2025-10-27 00:16:59,775 - INFO - Retrying in 5 seconds...
2025-10-27 00:17:04,776 - INFO - Initializing Chrome driver (attempt 3/3)...
2025-10-27 00:17:15,470 - ERROR - Attempt 3 failed: [WinError 183] Cannot create a file when that file already exists: 'C:\\laragon\\www\\dapokalsel\\sekolah\\~\\appdata\\roaming\\undetected_chromedriver\\undetected\\chromedriver-win32\\chromedriver.exe' -> 'C:\\laragon\\www\\dapokalsel\\sekolah\\~\\appdata\\roaming\\undetected_chromedriver\\undetected_chromedriver.exe'
2025-10-27 00:17:15,470 - ERROR - All attempts failed to setup driver
Traceback (most recent call last):
  File "C:\laragon\www\dapokalsel\sekolah\import_url_kabupaten.pyw", line 115, in setup_driver
    driver = uc.Chrome(
  File "C:\laragon\bin\python\python-3.10\lib\site-packages\undetected_chromedriver\__init__.py", line 258, in __init__
    self.patcher.auto()
  File "C:\laragon\bin\python\python-3.10\lib\site-packages\undetected_chromedriver\patcher.py", line 178, in auto
    self.unzip_package(self.fetch_package())
  File "C:\laragon\bin\python\python-3.10\lib\site-packages\undetected_chromedriver\patcher.py", line 310, in unzip_package
    os.rename(os.path.join(self.zip_path, exe_path), self.executable_path)
FileExistsError: [WinError 183] Cannot create a file when that file already exists: 'C:\\laragon\\www\\dapokalsel\\sekolah\\~\\appdata\\roaming\\undetected_chromedriver\\undetected\\chromedriver-win32\\chromedriver.exe' -> 'C:\\laragon\\www\\dapokalsel\\sekolah\\~\\appdata\\roaming\\undetected_chromedriver\\undetected_chromedriver.exe'
2025-10-27 00:17:15,471 - ERROR - Error on attempt 195: Failed to setup driver
Traceback (most recent call last):
  File "C:\laragon\www\dapokalsel\sekolah\import_url_kabupaten.pyw", line 435, in process_url_induk
    raise Exception("Failed to setup driver")
Exception: Failed to setup driver
2025-10-27 00:17:15,472 - INFO - Retry attempt 196/300...
2025-10-27 00:17:30,472 - INFO - Setting up Chrome driver...
2025-10-27 00:17:30,472 - INFO - Using profile directory: C:\Windows\Temp\chrome_scraper_profile
2025-10-27 00:17:30,473 - INFO - Initializing Chrome driver (attempt 1/3)...
2025-10-27 00:17:41,020 - INFO - patching driver executable C:\laragon\www\dapokalsel\sekolah\~\appdata\roaming\undetected_chromedriver\undetected_chromedriver.exe
2025-10-27 00:17:41,442 - ERROR - Attempt 1 failed: Binary Location Must be a String
2025-10-27 00:17:41,443 - INFO - Retrying in 5 seconds...
2025-10-27 00:17:46,443 - INFO - Initializing Chrome driver (attempt 2/3)...
2025-10-27 00:17:54,886 - ERROR - Attempt 2 failed: [WinError 183] Cannot create a file when that file already exists: 'C:\\laragon\\www\\dapokalsel\\sekolah\\~\\appdata\\roaming\\undetected_chromedriver\\undetected\\chromedriver-win32\\chromedriver.exe' -> 'C:\\laragon\\www\\dapokalsel\\sekolah\\~\\appdata\\roaming\\undetected_chromedriver\\undetected_chromedriver.exe'
2025-10-27 00:17:54,886 - INFO - Retrying in 5 seconds...
2025-10-27 00:17:59,886 - INFO - Initializing Chrome driver (attempt 3/3)...
2025-10-27 00:18:08,322 - INFO - patching driver executable C:\laragon\www\dapokalsel\sekolah\~\appdata\roaming\undetected_chromedriver\undetected_chromedriver.exe
2025-10-27 00:18:08,639 - ERROR - Attempt 3 failed: you cannot reuse the ChromeOptions object
2025-10-27 00:18:08,639 - ERROR - All attempts failed to setup driver
Traceback (most recent call last):
  File "C:\laragon\www\dapokalsel\sekolah\import_url_kabupaten.pyw", line 115, in setup_driver
    driver = uc.Chrome(
  File "C:\laragon\bin\python\python-3.10\lib\site-packages\undetected_chromedriver\__init__.py", line 269, in __init__
    raise RuntimeError("you cannot reuse the ChromeOptions object")
RuntimeError: you cannot reuse the ChromeOptions object
2025-10-27 00:18:08,640 - ERROR - Error on attempt 196: Failed to setup driver
Traceback (most recent call last):
  File "C:\laragon\www\dapokalsel\sekolah\import_url_kabupaten.pyw", line 435, in process_url_induk
    raise Exception("Failed to setup driver")
Exception: Failed to setup driver
2025-10-27 00:18:08,640 - INFO - Retry attempt 197/300...
2025-10-27 00:18:23,640 - INFO - Setting up Chrome driver...
2025-10-27 00:18:23,641 - INFO - Using profile directory: C:\Windows\Temp\chrome_scraper_profile
2025-10-27 00:18:23,641 - INFO - Initializing Chrome driver (attempt 1/3)...
2025-10-27 00:18:29,163 - ERROR - Attempt 1 failed: [WinError 183] Cannot create a file when that file already exists: 'C:\\laragon\\www\\dapokalsel\\sekolah\\~\\appdata\\roaming\\undetected_chromedriver\\undetected\\chromedriver-win32\\chromedriver.exe' -> 'C:\\laragon\\www\\dapokalsel\\sekolah\\~\\appdata\\roaming\\undetected_chromedriver\\undetected_chromedriver.exe'
2025-10-27 00:18:29,163 - INFO - Retrying in 5 seconds...
2025-10-27 00:18:34,164 - INFO - Initializing Chrome driver (attempt 2/3)...
2025-10-27 00:18:42,508 - ERROR - Attempt 2 failed: [WinError 183] Cannot create a file when that file already exists: 'C:\\laragon\\www\\dapokalsel\\sekolah\\~\\appdata\\roaming\\undetected_chromedriver\\undetected\\chromedriver-win32\\chromedriver.exe' -> 'C:\\laragon\\www\\dapokalsel\\sekolah\\~\\appdata\\roaming\\undetected_chromedriver\\undetected_chromedriver.exe'
2025-10-27 00:18:42,508 - INFO - Retrying in 5 seconds...
2025-10-27 00:18:47,509 - INFO - Initializing Chrome driver (attempt 3/3)...
2025-10-27 00:18:54,017 - INFO - patching driver executable C:\laragon\www\dapokalsel\sekolah\~\appdata\roaming\undetected_chromedriver\undetected_chromedriver.exe
2025-10-27 00:18:57,563 - ERROR - Attempt 3 failed: Binary Location Must be a String
2025-10-27 00:18:57,563 - ERROR - All attempts failed to setup driver
Traceback (most recent call last):
  File "C:\laragon\www\dapokalsel\sekolah\import_url_kabupaten.pyw", line 115, in setup_driver
    driver = uc.Chrome(
  File "C:\laragon\bin\python\python-3.10\lib\site-packages\undetected_chromedriver\__init__.py", line 372, in __init__
    options.binary_location = (
  File "C:\laragon\bin\python\python-3.10\lib\site-packages\selenium\webdriver\chromium\options.py", line 52, in binary_location
    raise TypeError(self.BINARY_LOCATION_ERROR)
TypeError: Binary Location Must be a String
2025-10-27 00:18:57,564 - ERROR - Error on attempt 197: Failed to setup driver
Traceback (most recent call last):
  File "C:\laragon\www\dapokalsel\sekolah\import_url_kabupaten.pyw", line 435, in process_url_induk
    raise Exception("Failed to setup driver")
Exception: Failed to setup driver
2025-10-27 00:18:57,564 - INFO - Retry attempt 198/300...
2025-10-27 00:19:12,565 - INFO - Setting up Chrome driver...
2025-10-27 00:19:12,566 - INFO - Using profile directory: C:\Windows\Temp\chrome_scraper_profile
2025-10-27 00:19:12,566 - INFO - Initializing Chrome driver (attempt 1/3)...
2025-10-27 00:19:17,685 - INFO - patching driver executable C:\laragon\www\dapokalsel\sekolah\~\appdata\roaming\undetected_chromedriver\undetected_chromedriver.exe
2025-10-27 00:19:18,166 - ERROR - Attempt 1 failed: Binary Location Must be a String
2025-10-27 00:19:18,166 - INFO - Retrying in 5 seconds...
2025-10-27 00:19:23,167 - INFO - Initializing Chrome driver (attempt 2/3)...
2025-10-27 00:19:29,266 - INFO - patching driver executable C:\laragon\www\dapokalsel\sekolah\~\appdata\roaming\undetected_chromedriver\undetected_chromedriver.exe
2025-10-27 00:19:30,451 - ERROR - Attempt 2 failed: you cannot reuse the ChromeOptions object
2025-10-27 00:19:30,452 - INFO - Retrying in 5 seconds...
2025-10-27 00:19:35,452 - INFO - Initializing Chrome driver (attempt 3/3)...
2025-10-27 00:19:38,966 - INFO - patching driver executable C:\laragon\www\dapokalsel\sekolah\~\appdata\roaming\undetected_chromedriver\undetected_chromedriver.exe
2025-10-27 00:19:39,060 - ERROR - Attempt 3 failed: you cannot reuse the ChromeOptions object
2025-10-27 00:19:39,060 - ERROR - All attempts failed to setup driver
Traceback (most recent call last):
  File "C:\laragon\www\dapokalsel\sekolah\import_url_kabupaten.pyw", line 115, in setup_driver
    driver = uc.Chrome(
  File "C:\laragon\bin\python\python-3.10\lib\site-packages\undetected_chromedriver\__init__.py", line 269, in __init__
    raise RuntimeError("you cannot reuse the ChromeOptions object")
RuntimeError: you cannot reuse the ChromeOptions object
2025-10-27 00:19:39,061 - ERROR - Error on attempt 198: Failed to setup driver
Traceback (most recent call last):
  File "C:\laragon\www\dapokalsel\sekolah\import_url_kabupaten.pyw", line 435, in process_url_induk
    raise Exception("Failed to setup driver")
Exception: Failed to setup driver
2025-10-27 00:19:39,061 - INFO - Retry attempt 199/300...
2025-10-27 00:19:54,061 - INFO - Setting up Chrome driver...
2025-10-27 00:19:54,062 - INFO - Using profile directory: C:\Windows\Temp\chrome_scraper_profile
2025-10-27 00:19:54,062 - INFO - Initializing Chrome driver (attempt 1/3)...
2025-10-27 00:20:02,018 - ERROR - Attempt 1 failed: [WinError 183] Cannot create a file when that file already exists: 'C:\\laragon\\www\\dapokalsel\\sekolah\\~\\appdata\\roaming\\undetected_chromedriver\\undetected\\chromedriver-win32\\chromedriver.exe' -> 'C:\\laragon\\www\\dapokalsel\\sekolah\\~\\appdata\\roaming\\undetected_chromedriver\\undetected_chromedriver.exe'
2025-10-27 00:20:02,018 - INFO - Retrying in 5 seconds...
2025-10-27 00:20:07,020 - INFO - Initializing Chrome driver (attempt 2/3)...
2025-10-27 00:20:14,009 - ERROR - Attempt 2 failed: [WinError 183] Cannot create a file when that file already exists: 'C:\\laragon\\www\\dapokalsel\\sekolah\\~\\appdata\\roaming\\undetected_chromedriver\\undetected\\chromedriver-win32\\chromedriver.exe' -> 'C:\\laragon\\www\\dapokalsel\\sekolah\\~\\appdata\\roaming\\undetected_chromedriver\\undetected_chromedriver.exe'
2025-10-27 00:20:14,009 - INFO - Retrying in 5 seconds...
2025-10-27 00:20:19,011 - INFO - Initializing Chrome driver (attempt 3/3)...
2025-10-27 00:20:22,134 - INFO - patching driver executable C:\laragon\www\dapokalsel\sekolah\~\appdata\roaming\undetected_chromedriver\undetected_chromedriver.exe
2025-10-27 00:20:22,429 - ERROR - Attempt 3 failed: Binary Location Must be a String
2025-10-27 00:20:22,429 - ERROR - All attempts failed to setup driver
Traceback (most recent call last):
  File "C:\laragon\www\dapokalsel\sekolah\import_url_kabupaten.pyw", line 115, in setup_driver
    driver = uc.Chrome(
  File "C:\laragon\bin\python\python-3.10\lib\site-packages\undetected_chromedriver\__init__.py", line 372, in __init__
    options.binary_location = (
  File "C:\laragon\bin\python\python-3.10\lib\site-packages\selenium\webdriver\chromium\options.py", line 52, in binary_location
    raise TypeError(self.BINARY_LOCATION_ERROR)
TypeError: Binary Location Must be a String
2025-10-27 00:20:22,429 - ERROR - Error on attempt 199: Failed to setup driver
Traceback (most recent call last):
  File "C:\laragon\www\dapokalsel\sekolah\import_url_kabupaten.pyw", line 435, in process_url_induk
    raise Exception("Failed to setup driver")
Exception: Failed to setup driver
2025-10-27 00:20:22,430 - INFO - Retry attempt 200/300...
2025-10-27 00:20:37,430 - INFO - Setting up Chrome driver...
2025-10-27 00:20:37,431 - INFO - Using profile directory: C:\Windows\Temp\chrome_scraper_profile
2025-10-27 00:20:37,431 - INFO - Initializing Chrome driver (attempt 1/3)...
2025-10-27 00:20:43,103 - INFO - patching driver executable C:\laragon\www\dapokalsel\sekolah\~\appdata\roaming\undetected_chromedriver\undetected_chromedriver.exe
2025-10-27 00:20:45,405 - ERROR - Attempt 1 failed: Binary Location Must be a String
2025-10-27 00:20:45,405 - INFO - Retrying in 5 seconds...
2025-10-27 00:20:50,406 - INFO - Initializing Chrome driver (attempt 2/3)...
2025-10-27 00:21:00,025 - ERROR - Attempt 2 failed: [WinError 183] Cannot create a file when that file already exists: 'C:\\laragon\\www\\dapokalsel\\sekolah\\~\\appdata\\roaming\\undetected_chromedriver\\undetected\\chromedriver-win32\\chromedriver.exe' -> 'C:\\laragon\\www\\dapokalsel\\sekolah\\~\\appdata\\roaming\\undetected_chromedriver\\undetected_chromedriver.exe'
2025-10-27 00:21:00,025 - INFO - Retrying in 5 seconds...
2025-10-27 00:21:05,025 - INFO - Initializing Chrome driver (attempt 3/3)...
2025-10-27 00:21:10,803 - INFO - patching driver executable C:\laragon\www\dapokalsel\sekolah\~\appdata\roaming\undetected_chromedriver\undetected_chromedriver.exe
2025-10-27 00:21:12,714 - ERROR - Attempt 3 failed: you cannot reuse the ChromeOptions object
2025-10-27 00:21:12,714 - ERROR - All attempts failed to setup driver
Traceback (most recent call last):
  File "C:\laragon\www\dapokalsel\sekolah\import_url_kabupaten.pyw", line 115, in setup_driver
    driver = uc.Chrome(
  File "C:\laragon\bin\python\python-3.10\lib\site-packages\undetected_chromedriver\__init__.py", line 269, in __init__
    raise RuntimeError("you cannot reuse the ChromeOptions object")
RuntimeError: you cannot reuse the ChromeOptions object
2025-10-27 00:21:12,715 - ERROR - Error on attempt 200: Failed to setup driver
Traceback (most recent call last):
  File "C:\laragon\www\dapokalsel\sekolah\import_url_kabupaten.pyw", line 435, in process_url_induk
    raise Exception("Failed to setup driver")
Exception: Failed to setup driver
2025-10-27 00:21:12,716 - INFO - Retry attempt 201/300...
2025-10-27 00:21:27,716 - INFO - Setting up Chrome driver...
2025-10-27 00:21:27,716 - INFO - Using profile directory: C:\Windows\Temp\chrome_scraper_profile
2025-10-27 00:21:27,716 - INFO - Initializing Chrome driver (attempt 1/3)...
2025-10-27 00:21:35,604 - ERROR - Attempt 1 failed: [WinError 183] Cannot create a file when that file already exists: 'C:\\laragon\\www\\dapokalsel\\sekolah\\~\\appdata\\roaming\\undetected_chromedriver\\undetected\\chromedriver-win32\\chromedriver.exe' -> 'C:\\laragon\\www\\dapokalsel\\sekolah\\~\\appdata\\roaming\\undetected_chromedriver\\undetected_chromedriver.exe'
2025-10-27 00:21:35,604 - INFO - Retrying in 5 seconds...
2025-10-27 00:21:40,605 - INFO - Initializing Chrome driver (attempt 2/3)...
2025-10-27 00:21:54,302 - ERROR - Attempt 2 failed: [WinError 183] Cannot create a file when that file already exists: 'C:\\laragon\\www\\dapokalsel\\sekolah\\~\\appdata\\roaming\\undetected_chromedriver\\undetected\\chromedriver-win32\\chromedriver.exe' -> 'C:\\laragon\\www\\dapokalsel\\sekolah\\~\\appdata\\roaming\\undetected_chromedriver\\undetected_chromedriver.exe'
2025-10-27 00:21:54,303 - INFO - Retrying in 5 seconds...
2025-10-27 00:21:59,304 - INFO - Initializing Chrome driver (attempt 3/3)...
2025-10-27 00:22:04,129 - INFO - patching driver executable C:\laragon\www\dapokalsel\sekolah\~\appdata\roaming\undetected_chromedriver\undetected_chromedriver.exe
2025-10-27 00:22:07,375 - ERROR - Attempt 3 failed: Binary Location Must be a String
2025-10-27 00:22:07,375 - ERROR - All attempts failed to setup driver
Traceback (most recent call last):
  File "C:\laragon\www\dapokalsel\sekolah\import_url_kabupaten.pyw", line 115, in setup_driver
    driver = uc.Chrome(
  File "C:\laragon\bin\python\python-3.10\lib\site-packages\undetected_chromedriver\__init__.py", line 372, in __init__
    options.binary_location = (
  File "C:\laragon\bin\python\python-3.10\lib\site-packages\selenium\webdriver\chromium\options.py", line 52, in binary_location
    raise TypeError(self.BINARY_LOCATION_ERROR)
TypeError: Binary Location Must be a String
2025-10-27 00:22:07,376 - ERROR - Error on attempt 201: Failed to setup driver
Traceback (most recent call last):
  File "C:\laragon\www\dapokalsel\sekolah\import_url_kabupaten.pyw", line 435, in process_url_induk
    raise Exception("Failed to setup driver")
Exception: Failed to setup driver
2025-10-27 00:22:07,376 - INFO - Retry attempt 202/300...
2025-10-27 00:22:22,377 - INFO - Setting up Chrome driver...
2025-10-27 00:22:22,377 - INFO - Using profile directory: C:\Windows\Temp\chrome_scraper_profile
2025-10-27 00:22:22,377 - INFO - Initializing Chrome driver (attempt 1/3)...
2025-10-27 00:22:31,580 - ERROR - Attempt 1 failed: [WinError 183] Cannot create a file when that file already exists: 'C:\\laragon\\www\\dapokalsel\\sekolah\\~\\appdata\\roaming\\undetected_chromedriver\\undetected\\chromedriver-win32\\chromedriver.exe' -> 'C:\\laragon\\www\\dapokalsel\\sekolah\\~\\appdata\\roaming\\undetected_chromedriver\\undetected_chromedriver.exe'
2025-10-27 00:22:31,580 - INFO - Retrying in 5 seconds...
2025-10-27 00:22:36,581 - INFO - Initializing Chrome driver (attempt 2/3)...
2025-10-27 00:22:44,622 - ERROR - Attempt 2 failed: [WinError 183] Cannot create a file when that file already exists: 'C:\\laragon\\www\\dapokalsel\\sekolah\\~\\appdata\\roaming\\undetected_chromedriver\\undetected\\chromedriver-win32\\chromedriver.exe' -> 'C:\\laragon\\www\\dapokalsel\\sekolah\\~\\appdata\\roaming\\undetected_chromedriver\\undetected_chromedriver.exe'
2025-10-27 00:22:44,622 - INFO - Retrying in 5 seconds...
2025-10-27 00:22:49,623 - INFO - Initializing Chrome driver (attempt 3/3)...
2025-10-27 00:22:59,335 - INFO - patching driver executable C:\laragon\www\dapokalsel\sekolah\~\appdata\roaming\undetected_chromedriver\undetected_chromedriver.exe
2025-10-27 00:23:00,830 - ERROR - Attempt 3 failed: Binary Location Must be a String
2025-10-27 00:23:00,831 - ERROR - All attempts failed to setup driver
Traceback (most recent call last):
  File "C:\laragon\www\dapokalsel\sekolah\import_url_kabupaten.pyw", line 115, in setup_driver
    driver = uc.Chrome(
  File "C:\laragon\bin\python\python-3.10\lib\site-packages\undetected_chromedriver\__init__.py", line 372, in __init__
    options.binary_location = (
  File "C:\laragon\bin\python\python-3.10\lib\site-packages\selenium\webdriver\chromium\options.py", line 52, in binary_location
    raise TypeError(self.BINARY_LOCATION_ERROR)
TypeError: Binary Location Must be a String
2025-10-27 00:23:00,832 - ERROR - Error on attempt 202: Failed to setup driver
Traceback (most recent call last):
  File "C:\laragon\www\dapokalsel\sekolah\import_url_kabupaten.pyw", line 435, in process_url_induk
    raise Exception("Failed to setup driver")
Exception: Failed to setup driver
2025-10-27 00:23:00,832 - INFO - Retry attempt 203/300...
2025-10-27 00:23:15,832 - INFO - Setting up Chrome driver...
2025-10-27 00:23:17,414 - INFO - Using profile directory: C:\Windows\Temp\chrome_scraper_profile
2025-10-27 00:23:17,415 - INFO - Initializing Chrome driver (attempt 1/3)...
2025-10-27 00:23:23,098 - ERROR - Attempt 1 failed: [WinError 183] Cannot create a file when that file already exists: 'C:\\laragon\\www\\dapokalsel\\sekolah\\~\\appdata\\roaming\\undetected_chromedriver\\undetected\\chromedriver-win32\\chromedriver.exe' -> 'C:\\laragon\\www\\dapokalsel\\sekolah\\~\\appdata\\roaming\\undetected_chromedriver\\undetected_chromedriver.exe'
2025-10-27 00:23:23,098 - INFO - Retrying in 5 seconds...
2025-10-27 00:23:28,099 - INFO - Initializing Chrome driver (attempt 2/3)...
2025-10-27 00:23:36,750 - ERROR - Attempt 2 failed: [WinError 183] Cannot create a file when that file already exists: 'C:\\laragon\\www\\dapokalsel\\sekolah\\~\\appdata\\roaming\\undetected_chromedriver\\undetected\\chromedriver-win32\\chromedriver.exe' -> 'C:\\laragon\\www\\dapokalsel\\sekolah\\~\\appdata\\roaming\\undetected_chromedriver\\undetected_chromedriver.exe'
2025-10-27 00:23:36,750 - INFO - Retrying in 5 seconds...
2025-10-27 00:23:41,751 - INFO - Initializing Chrome driver (attempt 3/3)...
2025-10-27 00:23:49,018 - INFO - patching driver executable C:\laragon\www\dapokalsel\sekolah\~\appdata\roaming\undetected_chromedriver\undetected_chromedriver.exe
2025-10-27 00:23:50,774 - ERROR - Attempt 3 failed: Binary Location Must be a String
2025-10-27 00:23:50,775 - ERROR - All attempts failed to setup driver
Traceback (most recent call last):
  File "C:\laragon\www\dapokalsel\sekolah\import_url_kabupaten.pyw", line 115, in setup_driver
    driver = uc.Chrome(
  File "C:\laragon\bin\python\python-3.10\lib\site-packages\undetected_chromedriver\__init__.py", line 372, in __init__
    options.binary_location = (
  File "C:\laragon\bin\python\python-3.10\lib\site-packages\selenium\webdriver\chromium\options.py", line 52, in binary_location
    raise TypeError(self.BINARY_LOCATION_ERROR)
TypeError: Binary Location Must be a String
2025-10-27 00:23:50,775 - ERROR - Error on attempt 203: Failed to setup driver
Traceback (most recent call last):
  File "C:\laragon\www\dapokalsel\sekolah\import_url_kabupaten.pyw", line 435, in process_url_induk
    raise Exception("Failed to setup driver")
Exception: Failed to setup driver
2025-10-27 00:23:50,775 - INFO - Retry attempt 204/300...
2025-10-27 00:24:05,777 - INFO - Setting up Chrome driver...
2025-10-27 00:24:05,779 - INFO - Using profile directory: C:\Windows\Temp\chrome_scraper_profile
2025-10-27 00:24:05,779 - INFO - Initializing Chrome driver (attempt 1/3)...
2025-10-27 00:24:12,055 - ERROR - Attempt 1 failed: [WinError 183] Cannot create a file when that file already exists: 'C:\\laragon\\www\\dapokalsel\\sekolah\\~\\appdata\\roaming\\undetected_chromedriver\\undetected\\chromedriver-win32\\chromedriver.exe' -> 'C:\\laragon\\www\\dapokalsel\\sekolah\\~\\appdata\\roaming\\undetected_chromedriver\\undetected_chromedriver.exe'
2025-10-27 00:24:12,055 - INFO - Retrying in 5 seconds...
2025-10-27 00:24:17,057 - INFO - Initializing Chrome driver (attempt 2/3)...
2025-10-27 00:24:26,991 - INFO - patching driver executable C:\laragon\www\dapokalsel\sekolah\~\appdata\roaming\undetected_chromedriver\undetected_chromedriver.exe
2025-10-27 00:24:27,873 - ERROR - Attempt 2 failed: Binary Location Must be a String
2025-10-27 00:24:27,873 - INFO - Retrying in 5 seconds...
2025-10-27 00:24:32,873 - INFO - Initializing Chrome driver (attempt 3/3)...
2025-10-27 00:24:37,250 - INFO - patching driver executable C:\laragon\www\dapokalsel\sekolah\~\appdata\roaming\undetected_chromedriver\undetected_chromedriver.exe
2025-10-27 00:24:39,423 - ERROR - Attempt 3 failed: you cannot reuse the ChromeOptions object
2025-10-27 00:24:39,423 - ERROR - All attempts failed to setup driver
Traceback (most recent call last):
  File "C:\laragon\www\dapokalsel\sekolah\import_url_kabupaten.pyw", line 115, in setup_driver
    driver = uc.Chrome(
  File "C:\laragon\bin\python\python-3.10\lib\site-packages\undetected_chromedriver\__init__.py", line 269, in __init__
    raise RuntimeError("you cannot reuse the ChromeOptions object")
RuntimeError: you cannot reuse the ChromeOptions object
2025-10-27 00:24:39,424 - ERROR - Error on attempt 204: Failed to setup driver
Traceback (most recent call last):
  File "C:\laragon\www\dapokalsel\sekolah\import_url_kabupaten.pyw", line 435, in process_url_induk
    raise Exception("Failed to setup driver")
Exception: Failed to setup driver
2025-10-27 00:24:39,424 - INFO - Retry attempt 205/300...
2025-10-27 00:24:54,424 - INFO - Setting up Chrome driver...
2025-10-27 00:24:54,425 - INFO - Using profile directory: C:\Windows\Temp\chrome_scraper_profile
2025-10-27 00:24:54,425 - INFO - Initializing Chrome driver (attempt 1/3)...
2025-10-27 00:24:59,957 - INFO - patching driver executable C:\laragon\www\dapokalsel\sekolah\~\appdata\roaming\undetected_chromedriver\undetected_chromedriver.exe
2025-10-27 00:25:01,064 - ERROR - Attempt 1 failed: Binary Location Must be a String
2025-10-27 00:25:01,064 - INFO - Retrying in 5 seconds...
2025-10-27 00:25:06,064 - INFO - Initializing Chrome driver (attempt 2/3)...
2025-10-27 00:25:12,851 - ERROR - Attempt 2 failed: [WinError 183] Cannot create a file when that file already exists: 'C:\\laragon\\www\\dapokalsel\\sekolah\\~\\appdata\\roaming\\undetected_chromedriver\\undetected\\chromedriver-win32\\chromedriver.exe' -> 'C:\\laragon\\www\\dapokalsel\\sekolah\\~\\appdata\\roaming\\undetected_chromedriver\\undetected_chromedriver.exe'
2025-10-27 00:25:12,852 - INFO - Retrying in 5 seconds...
2025-10-27 00:25:17,853 - INFO - Initializing Chrome driver (attempt 3/3)...
2025-10-27 00:25:23,928 - ERROR - Attempt 3 failed: [WinError 183] Cannot create a file when that file already exists: 'C:\\laragon\\www\\dapokalsel\\sekolah\\~\\appdata\\roaming\\undetected_chromedriver\\undetected\\chromedriver-win32\\chromedriver.exe' -> 'C:\\laragon\\www\\dapokalsel\\sekolah\\~\\appdata\\roaming\\undetected_chromedriver\\undetected_chromedriver.exe'
2025-10-27 00:25:23,928 - ERROR - All attempts failed to setup driver
Traceback (most recent call last):
  File "C:\laragon\www\dapokalsel\sekolah\import_url_kabupaten.pyw", line 115, in setup_driver
    driver = uc.Chrome(
  File "C:\laragon\bin\python\python-3.10\lib\site-packages\undetected_chromedriver\__init__.py", line 258, in __init__
    self.patcher.auto()
  File "C:\laragon\bin\python\python-3.10\lib\site-packages\undetected_chromedriver\patcher.py", line 178, in auto
    self.unzip_package(self.fetch_package())
  File "C:\laragon\bin\python\python-3.10\lib\site-packages\undetected_chromedriver\patcher.py", line 310, in unzip_package
    os.rename(os.path.join(self.zip_path, exe_path), self.executable_path)
FileExistsError: [WinError 183] Cannot create a file when that file already exists: 'C:\\laragon\\www\\dapokalsel\\sekolah\\~\\appdata\\roaming\\undetected_chromedriver\\undetected\\chromedriver-win32\\chromedriver.exe' -> 'C:\\laragon\\www\\dapokalsel\\sekolah\\~\\appdata\\roaming\\undetected_chromedriver\\undetected_chromedriver.exe'
2025-10-27 00:25:23,929 - ERROR - Error on attempt 205: Failed to setup driver
Traceback (most recent call last):
  File "C:\laragon\www\dapokalsel\sekolah\import_url_kabupaten.pyw", line 435, in process_url_induk
    raise Exception("Failed to setup driver")
Exception: Failed to setup driver
2025-10-27 00:25:23,929 - INFO - Retry attempt 206/300...
2025-10-27 00:25:38,929 - INFO - Setting up Chrome driver...
2025-10-27 00:25:39,140 - INFO - Using profile directory: C:\Windows\Temp\chrome_scraper_profile
2025-10-27 00:25:39,140 - INFO - Initializing Chrome driver (attempt 1/3)...
2025-10-27 00:25:51,689 - INFO - patching driver executable C:\laragon\www\dapokalsel\sekolah\~\appdata\roaming\undetected_chromedriver\undetected_chromedriver.exe
2025-10-27 00:25:51,877 - ERROR - Attempt 1 failed: Binary Location Must be a String
2025-10-27 00:25:51,877 - INFO - Retrying in 5 seconds...
2025-10-27 00:25:56,878 - INFO - Initializing Chrome driver (attempt 2/3)...
2025-10-27 00:26:01,020 - INFO - patching driver executable C:\laragon\www\dapokalsel\sekolah\~\appdata\roaming\undetected_chromedriver\undetected_chromedriver.exe
2025-10-27 00:26:01,096 - ERROR - Attempt 2 failed: you cannot reuse the ChromeOptions object
2025-10-27 00:26:01,096 - INFO - Retrying in 5 seconds...
2025-10-27 00:26:06,097 - INFO - Initializing Chrome driver (attempt 3/3)...
2025-10-27 00:26:13,507 - INFO - patching driver executable C:\laragon\www\dapokalsel\sekolah\~\appdata\roaming\undetected_chromedriver\undetected_chromedriver.exe
2025-10-27 00:26:14,407 - ERROR - Attempt 3 failed: you cannot reuse the ChromeOptions object
2025-10-27 00:26:14,407 - ERROR - All attempts failed to setup driver
Traceback (most recent call last):
  File "C:\laragon\www\dapokalsel\sekolah\import_url_kabupaten.pyw", line 115, in setup_driver
    driver = uc.Chrome(
  File "C:\laragon\bin\python\python-3.10\lib\site-packages\undetected_chromedriver\__init__.py", line 269, in __init__
    raise RuntimeError("you cannot reuse the ChromeOptions object")
RuntimeError: you cannot reuse the ChromeOptions object
2025-10-27 00:26:14,408 - ERROR - Error on attempt 206: Failed to setup driver
Traceback (most recent call last):
  File "C:\laragon\www\dapokalsel\sekolah\import_url_kabupaten.pyw", line 435, in process_url_induk
    raise Exception("Failed to setup driver")
Exception: Failed to setup driver
2025-10-27 00:26:14,408 - INFO - Retry attempt 207/300...
2025-10-27 00:26:29,408 - INFO - Setting up Chrome driver...
2025-10-27 00:26:29,409 - INFO - Using profile directory: C:\Windows\Temp\chrome_scraper_profile
2025-10-27 00:26:29,409 - INFO - Initializing Chrome driver (attempt 1/3)...
2025-10-27 00:26:33,195 - INFO - patching driver executable C:\laragon\www\dapokalsel\sekolah\~\appdata\roaming\undetected_chromedriver\undetected_chromedriver.exe
2025-10-27 00:26:33,395 - ERROR - Attempt 1 failed: Binary Location Must be a String
2025-10-27 00:26:33,395 - INFO - Retrying in 5 seconds...
2025-10-27 00:26:38,396 - INFO - Initializing Chrome driver (attempt 2/3)...
2025-10-27 00:26:41,294 - INFO - patching driver executable C:\laragon\www\dapokalsel\sekolah\~\appdata\roaming\undetected_chromedriver\undetected_chromedriver.exe
2025-10-27 00:26:41,381 - ERROR - Attempt 2 failed: you cannot reuse the ChromeOptions object
2025-10-27 00:26:41,381 - INFO - Retrying in 5 seconds...
2025-10-27 00:26:46,382 - INFO - Initializing Chrome driver (attempt 3/3)...
2025-10-27 00:26:47,520 - ERROR - Attempt 3 failed: you cannot reuse the ChromeOptions object
2025-10-27 00:26:47,520 - ERROR - All attempts failed to setup driver
Traceback (most recent call last):
  File "C:\laragon\www\dapokalsel\sekolah\import_url_kabupaten.pyw", line 115, in setup_driver
    driver = uc.Chrome(
  File "C:\laragon\bin\python\python-3.10\lib\site-packages\undetected_chromedriver\__init__.py", line 269, in __init__
    raise RuntimeError("you cannot reuse the ChromeOptions object")
RuntimeError: you cannot reuse the ChromeOptions object
2025-10-27 00:26:47,521 - ERROR - Error on attempt 207: Failed to setup driver
Traceback (most recent call last):
  File "C:\laragon\www\dapokalsel\sekolah\import_url_kabupaten.pyw", line 435, in process_url_induk
    raise Exception("Failed to setup driver")
Exception: Failed to setup driver
2025-10-27 00:26:47,521 - INFO - Retry attempt 208/300...
2025-10-27 00:27:02,522 - INFO - Setting up Chrome driver...
2025-10-27 00:27:02,523 - INFO - Using profile directory: C:\Windows\Temp\chrome_scraper_profile
2025-10-27 00:27:02,523 - INFO - Initializing Chrome driver (attempt 1/3)...
2025-10-27 00:27:09,527 - INFO - patching driver executable C:\laragon\www\dapokalsel\sekolah\~\appdata\roaming\undetected_chromedriver\undetected_chromedriver.exe
2025-10-27 00:27:09,603 - ERROR - Attempt 1 failed: Binary Location Must be a String
2025-10-27 00:27:09,604 - INFO - Retrying in 5 seconds...
2025-10-27 00:27:14,605 - INFO - Initializing Chrome driver (attempt 2/3)...
2025-10-27 00:27:18,841 - INFO - patching driver executable C:\laragon\www\dapokalsel\sekolah\~\appdata\roaming\undetected_chromedriver\undetected_chromedriver.exe
2025-10-27 00:27:18,922 - ERROR - Attempt 2 failed: you cannot reuse the ChromeOptions object
2025-10-27 00:27:18,922 - INFO - Retrying in 5 seconds...
2025-10-27 00:27:23,923 - INFO - Initializing Chrome driver (attempt 3/3)...
2025-10-27 00:27:27,055 - INFO - patching driver executable C:\laragon\www\dapokalsel\sekolah\~\appdata\roaming\undetected_chromedriver\undetected_chromedriver.exe
2025-10-27 00:27:27,129 - ERROR - Attempt 3 failed: you cannot reuse the ChromeOptions object
2025-10-27 00:27:27,129 - ERROR - All attempts failed to setup driver
Traceback (most recent call last):
  File "C:\laragon\www\dapokalsel\sekolah\import_url_kabupaten.pyw", line 115, in setup_driver
    driver = uc.Chrome(
  File "C:\laragon\bin\python\python-3.10\lib\site-packages\undetected_chromedriver\__init__.py", line 269, in __init__
    raise RuntimeError("you cannot reuse the ChromeOptions object")
RuntimeError: you cannot reuse the ChromeOptions object
2025-10-27 00:27:27,129 - ERROR - Error on attempt 208: Failed to setup driver
Traceback (most recent call last):
  File "C:\laragon\www\dapokalsel\sekolah\import_url_kabupaten.pyw", line 435, in process_url_induk
    raise Exception("Failed to setup driver")
Exception: Failed to setup driver
2025-10-27 00:27:27,130 - INFO - Retry attempt 209/300...
2025-10-27 00:27:42,130 - INFO - Setting up Chrome driver...
2025-10-27 00:27:42,131 - INFO - Using profile directory: C:\Windows\Temp\chrome_scraper_profile
2025-10-27 00:27:42,131 - INFO - Initializing Chrome driver (attempt 1/3)...
2025-10-27 00:27:44,985 - INFO - patching driver executable C:\laragon\www\dapokalsel\sekolah\~\appdata\roaming\undetected_chromedriver\undetected_chromedriver.exe
2025-10-27 00:27:45,058 - ERROR - Attempt 1 failed: Binary Location Must be a String
2025-10-27 00:27:45,058 - INFO - Retrying in 5 seconds...
2025-10-27 00:27:50,059 - INFO - Initializing Chrome driver (attempt 2/3)...
2025-10-27 00:27:53,146 - ERROR - Attempt 2 failed: [WinError 183] Cannot create a file when that file already exists: 'C:\\laragon\\www\\dapokalsel\\sekolah\\~\\appdata\\roaming\\undetected_chromedriver\\undetected\\chromedriver-win32\\chromedriver.exe' -> 'C:\\laragon\\www\\dapokalsel\\sekolah\\~\\appdata\\roaming\\undetected_chromedriver\\undetected_chromedriver.exe'
2025-10-27 00:27:53,146 - INFO - Retrying in 5 seconds...
2025-10-27 00:27:58,146 - INFO - Initializing Chrome driver (attempt 3/3)...
2025-10-27 00:28:03,900 - ERROR - Attempt 3 failed: [WinError 183] Cannot create a file when that file already exists: 'C:\\laragon\\www\\dapokalsel\\sekolah\\~\\appdata\\roaming\\undetected_chromedriver\\undetected\\chromedriver-win32\\chromedriver.exe' -> 'C:\\laragon\\www\\dapokalsel\\sekolah\\~\\appdata\\roaming\\undetected_chromedriver\\undetected_chromedriver.exe'
2025-10-27 00:28:03,900 - ERROR - All attempts failed to setup driver
Traceback (most recent call last):
  File "C:\laragon\www\dapokalsel\sekolah\import_url_kabupaten.pyw", line 115, in setup_driver
    driver = uc.Chrome(
  File "C:\laragon\bin\python\python-3.10\lib\site-packages\undetected_chromedriver\__init__.py", line 258, in __init__
    self.patcher.auto()
  File "C:\laragon\bin\python\python-3.10\lib\site-packages\undetected_chromedriver\patcher.py", line 178, in auto
    self.unzip_package(self.fetch_package())
  File "C:\laragon\bin\python\python-3.10\lib\site-packages\undetected_chromedriver\patcher.py", line 310, in unzip_package
    os.rename(os.path.join(self.zip_path, exe_path), self.executable_path)
FileExistsError: [WinError 183] Cannot create a file when that file already exists: 'C:\\laragon\\www\\dapokalsel\\sekolah\\~\\appdata\\roaming\\undetected_chromedriver\\undetected\\chromedriver-win32\\chromedriver.exe' -> 'C:\\laragon\\www\\dapokalsel\\sekolah\\~\\appdata\\roaming\\undetected_chromedriver\\undetected_chromedriver.exe'
2025-10-27 00:28:03,901 - ERROR - Error on attempt 209: Failed to setup driver
Traceback (most recent call last):
  File "C:\laragon\www\dapokalsel\sekolah\import_url_kabupaten.pyw", line 435, in process_url_induk
    raise Exception("Failed to setup driver")
Exception: Failed to setup driver
2025-10-27 00:28:03,901 - INFO - Retry attempt 210/300...
2025-10-27 00:28:18,902 - INFO - Setting up Chrome driver...
2025-10-27 00:28:18,902 - INFO - Using profile directory: C:\Windows\Temp\chrome_scraper_profile
2025-10-27 00:28:18,902 - INFO - Initializing Chrome driver (attempt 1/3)...
2025-10-27 00:28:23,245 - INFO - patching driver executable C:\laragon\www\dapokalsel\sekolah\~\appdata\roaming\undetected_chromedriver\undetected_chromedriver.exe
2025-10-27 00:28:23,320 - ERROR - Attempt 1 failed: Binary Location Must be a String
2025-10-27 00:28:23,320 - INFO - Retrying in 5 seconds...
2025-10-27 00:28:28,321 - INFO - Initializing Chrome driver (attempt 2/3)...
2025-10-27 00:28:32,035 - ERROR - Attempt 2 failed: [WinError 183] Cannot create a file when that file already exists: 'C:\\laragon\\www\\dapokalsel\\sekolah\\~\\appdata\\roaming\\undetected_chromedriver\\undetected\\chromedriver-win32\\chromedriver.exe' -> 'C:\\laragon\\www\\dapokalsel\\sekolah\\~\\appdata\\roaming\\undetected_chromedriver\\undetected_chromedriver.exe'
2025-10-27 00:28:32,036 - INFO - Retrying in 5 seconds...
2025-10-27 00:28:37,036 - INFO - Initializing Chrome driver (attempt 3/3)...
2025-10-27 00:28:40,179 - INFO - patching driver executable C:\laragon\www\dapokalsel\sekolah\~\appdata\roaming\undetected_chromedriver\undetected_chromedriver.exe
2025-10-27 00:28:40,259 - ERROR - Attempt 3 failed: you cannot reuse the ChromeOptions object
2025-10-27 00:28:40,259 - ERROR - All attempts failed to setup driver
Traceback (most recent call last):
  File "C:\laragon\www\dapokalsel\sekolah\import_url_kabupaten.pyw", line 115, in setup_driver
    driver = uc.Chrome(
  File "C:\laragon\bin\python\python-3.10\lib\site-packages\undetected_chromedriver\__init__.py", line 269, in __init__
    raise RuntimeError("you cannot reuse the ChromeOptions object")
RuntimeError: you cannot reuse the ChromeOptions object
2025-10-27 00:28:40,260 - ERROR - Error on attempt 210: Failed to setup driver
Traceback (most recent call last):
  File "C:\laragon\www\dapokalsel\sekolah\import_url_kabupaten.pyw", line 435, in process_url_induk
    raise Exception("Failed to setup driver")
Exception: Failed to setup driver
2025-10-27 00:28:40,260 - INFO - Retry attempt 211/300...
2025-10-27 00:28:55,261 - INFO - Setting up Chrome driver...
2025-10-27 00:28:55,262 - INFO - Using profile directory: C:\Windows\Temp\chrome_scraper_profile
2025-10-27 00:28:55,262 - INFO - Initializing Chrome driver (attempt 1/3)...
2025-10-27 00:28:59,586 - INFO - patching driver executable C:\laragon\www\dapokalsel\sekolah\~\appdata\roaming\undetected_chromedriver\undetected_chromedriver.exe
2025-10-27 00:28:59,668 - ERROR - Attempt 1 failed: Binary Location Must be a String
2025-10-27 00:28:59,669 - INFO - Retrying in 5 seconds...
2025-10-27 00:29:04,670 - INFO - Initializing Chrome driver (attempt 2/3)...
2025-10-27 00:29:10,113 - INFO - patching driver executable C:\laragon\www\dapokalsel\sekolah\~\appdata\roaming\undetected_chromedriver\undetected_chromedriver.exe
2025-10-27 00:29:10,188 - ERROR - Attempt 2 failed: you cannot reuse the ChromeOptions object
2025-10-27 00:29:10,189 - INFO - Retrying in 5 seconds...
2025-10-27 00:29:15,189 - INFO - Initializing Chrome driver (attempt 3/3)...
2025-10-27 00:29:19,696 - ERROR - Attempt 3 failed: [WinError 183] Cannot create a file when that file already exists: 'C:\\laragon\\www\\dapokalsel\\sekolah\\~\\appdata\\roaming\\undetected_chromedriver\\undetected\\chromedriver-win32\\chromedriver.exe' -> 'C:\\laragon\\www\\dapokalsel\\sekolah\\~\\appdata\\roaming\\undetected_chromedriver\\undetected_chromedriver.exe'
2025-10-27 00:29:19,696 - ERROR - All attempts failed to setup driver
Traceback (most recent call last):
  File "C:\laragon\www\dapokalsel\sekolah\import_url_kabupaten.pyw", line 115, in setup_driver
    driver = uc.Chrome(
  File "C:\laragon\bin\python\python-3.10\lib\site-packages\undetected_chromedriver\__init__.py", line 258, in __init__
    self.patcher.auto()
  File "C:\laragon\bin\python\python-3.10\lib\site-packages\undetected_chromedriver\patcher.py", line 178, in auto
    self.unzip_package(self.fetch_package())
  File "C:\laragon\bin\python\python-3.10\lib\site-packages\undetected_chromedriver\patcher.py", line 310, in unzip_package
    os.rename(os.path.join(self.zip_path, exe_path), self.executable_path)
FileExistsError: [WinError 183] Cannot create a file when that file already exists: 'C:\\laragon\\www\\dapokalsel\\sekolah\\~\\appdata\\roaming\\undetected_chromedriver\\undetected\\chromedriver-win32\\chromedriver.exe' -> 'C:\\laragon\\www\\dapokalsel\\sekolah\\~\\appdata\\roaming\\undetected_chromedriver\\undetected_chromedriver.exe'
2025-10-27 00:29:19,697 - ERROR - Error on attempt 211: Failed to setup driver
Traceback (most recent call last):
  File "C:\laragon\www\dapokalsel\sekolah\import_url_kabupaten.pyw", line 435, in process_url_induk
    raise Exception("Failed to setup driver")
Exception: Failed to setup driver
2025-10-27 00:29:19,697 - INFO - Retry attempt 212/300...
2025-10-27 00:29:34,697 - INFO - Setting up Chrome driver...
2025-10-27 00:29:34,697 - INFO - Using profile directory: C:\Windows\Temp\chrome_scraper_profile
2025-10-27 00:29:34,697 - INFO - Initializing Chrome driver (attempt 1/3)...
2025-10-27 00:29:38,532 - INFO - patching driver executable C:\laragon\www\dapokalsel\sekolah\~\appdata\roaming\undetected_chromedriver\undetected_chromedriver.exe
2025-10-27 00:29:38,615 - ERROR - Attempt 1 failed: Binary Location Must be a String
2025-10-27 00:29:38,615 - INFO - Retrying in 5 seconds...
2025-10-27 00:29:43,615 - INFO - Initializing Chrome driver (attempt 2/3)...
2025-10-27 00:29:48,727 - ERROR - Attempt 2 failed: [WinError 183] Cannot create a file when that file already exists: 'C:\\laragon\\www\\dapokalsel\\sekolah\\~\\appdata\\roaming\\undetected_chromedriver\\undetected\\chromedriver-win32\\chromedriver.exe' -> 'C:\\laragon\\www\\dapokalsel\\sekolah\\~\\appdata\\roaming\\undetected_chromedriver\\undetected_chromedriver.exe'
2025-10-27 00:29:48,727 - INFO - Retrying in 5 seconds...
2025-10-27 00:29:53,727 - INFO - Initializing Chrome driver (attempt 3/3)...
2025-10-27 00:29:57,617 - ERROR - Attempt 3 failed: [WinError 183] Cannot create a file when that file already exists: 'C:\\laragon\\www\\dapokalsel\\sekolah\\~\\appdata\\roaming\\undetected_chromedriver\\undetected\\chromedriver-win32\\chromedriver.exe' -> 'C:\\laragon\\www\\dapokalsel\\sekolah\\~\\appdata\\roaming\\undetected_chromedriver\\undetected_chromedriver.exe'
2025-10-27 00:29:57,617 - ERROR - All attempts failed to setup driver
Traceback (most recent call last):
  File "C:\laragon\www\dapokalsel\sekolah\import_url_kabupaten.pyw", line 115, in setup_driver
    driver = uc.Chrome(
  File "C:\laragon\bin\python\python-3.10\lib\site-packages\undetected_chromedriver\__init__.py", line 258, in __init__
    self.patcher.auto()
  File "C:\laragon\bin\python\python-3.10\lib\site-packages\undetected_chromedriver\patcher.py", line 178, in auto
    self.unzip_package(self.fetch_package())
  File "C:\laragon\bin\python\python-3.10\lib\site-packages\undetected_chromedriver\patcher.py", line 310, in unzip_package
    os.rename(os.path.join(self.zip_path, exe_path), self.executable_path)
FileExistsError: [WinError 183] Cannot create a file when that file already exists: 'C:\\laragon\\www\\dapokalsel\\sekolah\\~\\appdata\\roaming\\undetected_chromedriver\\undetected\\chromedriver-win32\\chromedriver.exe' -> 'C:\\laragon\\www\\dapokalsel\\sekolah\\~\\appdata\\roaming\\undetected_chromedriver\\undetected_chromedriver.exe'
2025-10-27 00:29:57,618 - ERROR - Error on attempt 212: Failed to setup driver
Traceback (most recent call last):
  File "C:\laragon\www\dapokalsel\sekolah\import_url_kabupaten.pyw", line 435, in process_url_induk
    raise Exception("Failed to setup driver")
Exception: Failed to setup driver
2025-10-27 00:29:57,618 - INFO - Retry attempt 213/300...
2025-10-27 00:30:12,618 - INFO - Setting up Chrome driver...
2025-10-27 00:30:12,618 - INFO - Using profile directory: C:\Windows\Temp\chrome_scraper_profile
2025-10-27 00:30:12,618 - INFO - Initializing Chrome driver (attempt 1/3)...
2025-10-27 00:30:15,827 - INFO - patching driver executable C:\laragon\www\dapokalsel\sekolah\~\appdata\roaming\undetected_chromedriver\undetected_chromedriver.exe
2025-10-27 00:30:15,905 - ERROR - Attempt 1 failed: Binary Location Must be a String
2025-10-27 00:30:15,906 - INFO - Retrying in 5 seconds...
2025-10-27 00:30:20,906 - INFO - Initializing Chrome driver (attempt 2/3)...
2025-10-27 00:30:25,663 - ERROR - Attempt 2 failed: [WinError 183] Cannot create a file when that file already exists: 'C:\\laragon\\www\\dapokalsel\\sekolah\\~\\appdata\\roaming\\undetected_chromedriver\\undetected\\chromedriver-win32\\chromedriver.exe' -> 'C:\\laragon\\www\\dapokalsel\\sekolah\\~\\appdata\\roaming\\undetected_chromedriver\\undetected_chromedriver.exe'
2025-10-27 00:30:25,663 - INFO - Retrying in 5 seconds...
2025-10-27 00:30:30,664 - INFO - Initializing Chrome driver (attempt 3/3)...
2025-10-27 00:30:34,337 - ERROR - Attempt 3 failed: [WinError 183] Cannot create a file when that file already exists: 'C:\\laragon\\www\\dapokalsel\\sekolah\\~\\appdata\\roaming\\undetected_chromedriver\\undetected\\chromedriver-win32\\chromedriver.exe' -> 'C:\\laragon\\www\\dapokalsel\\sekolah\\~\\appdata\\roaming\\undetected_chromedriver\\undetected_chromedriver.exe'
2025-10-27 00:30:34,338 - ERROR - All attempts failed to setup driver
Traceback (most recent call last):
  File "C:\laragon\www\dapokalsel\sekolah\import_url_kabupaten.pyw", line 115, in setup_driver
    driver = uc.Chrome(
  File "C:\laragon\bin\python\python-3.10\lib\site-packages\undetected_chromedriver\__init__.py", line 258, in __init__
    self.patcher.auto()
  File "C:\laragon\bin\python\python-3.10\lib\site-packages\undetected_chromedriver\patcher.py", line 178, in auto
    self.unzip_package(self.fetch_package())
  File "C:\laragon\bin\python\python-3.10\lib\site-packages\undetected_chromedriver\patcher.py", line 310, in unzip_package
    os.rename(os.path.join(self.zip_path, exe_path), self.executable_path)
FileExistsError: [WinError 183] Cannot create a file when that file already exists: 'C:\\laragon\\www\\dapokalsel\\sekolah\\~\\appdata\\roaming\\undetected_chromedriver\\undetected\\chromedriver-win32\\chromedriver.exe' -> 'C:\\laragon\\www\\dapokalsel\\sekolah\\~\\appdata\\roaming\\undetected_chromedriver\\undetected_chromedriver.exe'
2025-10-27 00:30:34,338 - ERROR - Error on attempt 213: Failed to setup driver
Traceback (most recent call last):
  File "C:\laragon\www\dapokalsel\sekolah\import_url_kabupaten.pyw", line 435, in process_url_induk
    raise Exception("Failed to setup driver")
Exception: Failed to setup driver
2025-10-27 00:30:34,338 - INFO - Retry attempt 214/300...
2025-10-27 00:30:49,340 - INFO - Setting up Chrome driver...
2025-10-27 00:30:49,341 - INFO - Using profile directory: C:\Windows\Temp\chrome_scraper_profile
2025-10-27 00:30:49,342 - INFO - Initializing Chrome driver (attempt 1/3)...
2025-10-27 00:30:54,841 - INFO - patching driver executable C:\laragon\www\dapokalsel\sekolah\~\appdata\roaming\undetected_chromedriver\undetected_chromedriver.exe
2025-10-27 00:30:54,916 - ERROR - Attempt 1 failed: Binary Location Must be a String
2025-10-27 00:30:54,916 - INFO - Retrying in 5 seconds...
2025-10-27 00:30:59,916 - INFO - Initializing Chrome driver (attempt 2/3)...
2025-10-27 00:31:03,418 - INFO - patching driver executable C:\laragon\www\dapokalsel\sekolah\~\appdata\roaming\undetected_chromedriver\undetected_chromedriver.exe
2025-10-27 00:31:03,497 - ERROR - Attempt 2 failed: you cannot reuse the ChromeOptions object
2025-10-27 00:31:03,497 - INFO - Retrying in 5 seconds...
2025-10-27 00:31:44,654 - INFO - Initializing Chrome driver (attempt 3/3)...
2025-10-27 00:31:48,743 - INFO - patching driver executable C:\laragon\www\dapokalsel\sekolah\~\appdata\roaming\undetected_chromedriver\undetected_chromedriver.exe
2025-10-27 00:31:48,824 - ERROR - Attempt 3 failed: you cannot reuse the ChromeOptions object
2025-10-27 00:31:48,824 - ERROR - All attempts failed to setup driver
Traceback (most recent call last):
  File "C:\laragon\www\dapokalsel\sekolah\import_url_kabupaten.pyw", line 115, in setup_driver
    driver = uc.Chrome(
  File "C:\laragon\bin\python\python-3.10\lib\site-packages\undetected_chromedriver\__init__.py", line 269, in __init__
    raise RuntimeError("you cannot reuse the ChromeOptions object")
RuntimeError: you cannot reuse the ChromeOptions object
2025-10-27 00:31:48,825 - ERROR - Error on attempt 214: Failed to setup driver
Traceback (most recent call last):
  File "C:\laragon\www\dapokalsel\sekolah\import_url_kabupaten.pyw", line 435, in process_url_induk
    raise Exception("Failed to setup driver")
Exception: Failed to setup driver
2025-10-27 00:31:48,825 - INFO - Retry attempt 215/300...
2025-10-27 00:32:03,826 - INFO - Setting up Chrome driver...
2025-10-27 00:32:03,826 - INFO - Using profile directory: C:\Windows\Temp\chrome_scraper_profile
2025-10-27 00:32:03,826 - INFO - Initializing Chrome driver (attempt 1/3)...
2025-10-27 00:32:07,046 - INFO - patching driver executable C:\laragon\www\dapokalsel\sekolah\~\appdata\roaming\undetected_chromedriver\undetected_chromedriver.exe
2025-10-27 00:32:07,186 - ERROR - Attempt 1 failed: Binary Location Must be a String
2025-10-27 00:32:07,186 - INFO - Retrying in 5 seconds...
2025-10-27 00:32:12,187 - INFO - Initializing Chrome driver (attempt 2/3)...
2025-10-27 00:32:15,924 - ERROR - Attempt 2 failed: [WinError 183] Cannot create a file when that file already exists: 'C:\\laragon\\www\\dapokalsel\\sekolah\\~\\appdata\\roaming\\undetected_chromedriver\\undetected\\chromedriver-win32\\chromedriver.exe' -> 'C:\\laragon\\www\\dapokalsel\\sekolah\\~\\appdata\\roaming\\undetected_chromedriver\\undetected_chromedriver.exe'
2025-10-27 00:32:15,924 - INFO - Retrying in 5 seconds...
2025-10-27 00:32:20,925 - INFO - Initializing Chrome driver (attempt 3/3)...
2025-10-27 00:32:24,563 - ERROR - Attempt 3 failed: [WinError 183] Cannot create a file when that file already exists: 'C:\\laragon\\www\\dapokalsel\\sekolah\\~\\appdata\\roaming\\undetected_chromedriver\\undetected\\chromedriver-win32\\chromedriver.exe' -> 'C:\\laragon\\www\\dapokalsel\\sekolah\\~\\appdata\\roaming\\undetected_chromedriver\\undetected_chromedriver.exe'
2025-10-27 00:32:24,563 - ERROR - All attempts failed to setup driver
Traceback (most recent call last):
  File "C:\laragon\www\dapokalsel\sekolah\import_url_kabupaten.pyw", line 115, in setup_driver
    driver = uc.Chrome(
  File "C:\laragon\bin\python\python-3.10\lib\site-packages\undetected_chromedriver\__init__.py", line 258, in __init__
    self.patcher.auto()
  File "C:\laragon\bin\python\python-3.10\lib\site-packages\undetected_chromedriver\patcher.py", line 178, in auto
    self.unzip_package(self.fetch_package())
  File "C:\laragon\bin\python\python-3.10\lib\site-packages\undetected_chromedriver\patcher.py", line 310, in unzip_package
    os.rename(os.path.join(self.zip_path, exe_path), self.executable_path)
FileExistsError: [WinError 183] Cannot create a file when that file already exists: 'C:\\laragon\\www\\dapokalsel\\sekolah\\~\\appdata\\roaming\\undetected_chromedriver\\undetected\\chromedriver-win32\\chromedriver.exe' -> 'C:\\laragon\\www\\dapokalsel\\sekolah\\~\\appdata\\roaming\\undetected_chromedriver\\undetected_chromedriver.exe'
2025-10-27 00:32:24,563 - ERROR - Error on attempt 215: Failed to setup driver
Traceback (most recent call last):
  File "C:\laragon\www\dapokalsel\sekolah\import_url_kabupaten.pyw", line 435, in process_url_induk
    raise Exception("Failed to setup driver")
Exception: Failed to setup driver
2025-10-27 00:32:24,564 - INFO - Retry attempt 216/300...
2025-10-27 00:32:39,565 - INFO - Setting up Chrome driver...
2025-10-27 00:32:39,566 - INFO - Using profile directory: C:\Windows\Temp\chrome_scraper_profile
2025-10-27 00:32:39,567 - INFO - Initializing Chrome driver (attempt 1/3)...
2025-10-27 00:32:42,661 - INFO - patching driver executable C:\laragon\www\dapokalsel\sekolah\~\appdata\roaming\undetected_chromedriver\undetected_chromedriver.exe
2025-10-27 00:32:42,740 - ERROR - Attempt 1 failed: Binary Location Must be a String
2025-10-27 00:32:42,740 - INFO - Retrying in 5 seconds...
2025-10-27 00:32:47,740 - INFO - Initializing Chrome driver (attempt 2/3)...
2025-10-27 00:32:53,032 - ERROR - Attempt 2 failed: [WinError 183] Cannot create a file when that file already exists: 'C:\\laragon\\www\\dapokalsel\\sekolah\\~\\appdata\\roaming\\undetected_chromedriver\\undetected\\chromedriver-win32\\chromedriver.exe' -> 'C:\\laragon\\www\\dapokalsel\\sekolah\\~\\appdata\\roaming\\undetected_chromedriver\\undetected_chromedriver.exe'
2025-10-27 00:32:53,032 - INFO - Retrying in 5 seconds...
2025-10-27 00:32:58,033 - INFO - Initializing Chrome driver (attempt 3/3)...
2025-10-27 00:33:02,709 - ERROR - Attempt 3 failed: [WinError 183] Cannot create a file when that file already exists: 'C:\\laragon\\www\\dapokalsel\\sekolah\\~\\appdata\\roaming\\undetected_chromedriver\\undetected\\chromedriver-win32\\chromedriver.exe' -> 'C:\\laragon\\www\\dapokalsel\\sekolah\\~\\appdata\\roaming\\undetected_chromedriver\\undetected_chromedriver.exe'
2025-10-27 00:33:02,709 - ERROR - All attempts failed to setup driver
Traceback (most recent call last):
  File "C:\laragon\www\dapokalsel\sekolah\import_url_kabupaten.pyw", line 115, in setup_driver
    driver = uc.Chrome(
  File "C:\laragon\bin\python\python-3.10\lib\site-packages\undetected_chromedriver\__init__.py", line 258, in __init__
    self.patcher.auto()
  File "C:\laragon\bin\python\python-3.10\lib\site-packages\undetected_chromedriver\patcher.py", line 178, in auto
    self.unzip_package(self.fetch_package())
  File "C:\laragon\bin\python\python-3.10\lib\site-packages\undetected_chromedriver\patcher.py", line 310, in unzip_package
    os.rename(os.path.join(self.zip_path, exe_path), self.executable_path)
FileExistsError: [WinError 183] Cannot create a file when that file already exists: 'C:\\laragon\\www\\dapokalsel\\sekolah\\~\\appdata\\roaming\\undetected_chromedriver\\undetected\\chromedriver-win32\\chromedriver.exe' -> 'C:\\laragon\\www\\dapokalsel\\sekolah\\~\\appdata\\roaming\\undetected_chromedriver\\undetected_chromedriver.exe'
2025-10-27 00:33:02,710 - ERROR - Error on attempt 216: Failed to setup driver
Traceback (most recent call last):
  File "C:\laragon\www\dapokalsel\sekolah\import_url_kabupaten.pyw", line 435, in process_url_induk
    raise Exception("Failed to setup driver")
Exception: Failed to setup driver
2025-10-27 00:33:02,710 - INFO - Retry attempt 217/300...
2025-10-27 00:33:17,711 - INFO - Setting up Chrome driver...
2025-10-27 00:33:17,711 - INFO - Using profile directory: C:\Windows\Temp\chrome_scraper_profile
2025-10-27 00:33:17,711 - INFO - Initializing Chrome driver (attempt 1/3)...
2025-10-27 00:33:20,810 - INFO - patching driver executable C:\laragon\www\dapokalsel\sekolah\~\appdata\roaming\undetected_chromedriver\undetected_chromedriver.exe
2025-10-27 00:33:20,886 - ERROR - Attempt 1 failed: Binary Location Must be a String
2025-10-27 00:33:20,886 - INFO - Retrying in 5 seconds...
2025-10-27 00:33:25,886 - INFO - Initializing Chrome driver (attempt 2/3)...
2025-10-27 00:33:30,355 - INFO - patching driver executable C:\laragon\www\dapokalsel\sekolah\~\appdata\roaming\undetected_chromedriver\undetected_chromedriver.exe
2025-10-27 00:33:30,430 - ERROR - Attempt 2 failed: you cannot reuse the ChromeOptions object
2025-10-27 00:33:30,430 - INFO - Retrying in 5 seconds...
2025-10-27 00:33:35,431 - INFO - Initializing Chrome driver (attempt 3/3)...
2025-10-27 00:33:39,358 - INFO - patching driver executable C:\laragon\www\dapokalsel\sekolah\~\appdata\roaming\undetected_chromedriver\undetected_chromedriver.exe
2025-10-27 00:33:39,432 - ERROR - Attempt 3 failed: you cannot reuse the ChromeOptions object
2025-10-27 00:33:39,432 - ERROR - All attempts failed to setup driver
Traceback (most recent call last):
  File "C:\laragon\www\dapokalsel\sekolah\import_url_kabupaten.pyw", line 115, in setup_driver
    driver = uc.Chrome(
  File "C:\laragon\bin\python\python-3.10\lib\site-packages\undetected_chromedriver\__init__.py", line 269, in __init__
    raise RuntimeError("you cannot reuse the ChromeOptions object")
RuntimeError: you cannot reuse the ChromeOptions object
2025-10-27 00:33:39,433 - ERROR - Error on attempt 217: Failed to setup driver
Traceback (most recent call last):
  File "C:\laragon\www\dapokalsel\sekolah\import_url_kabupaten.pyw", line 435, in process_url_induk
    raise Exception("Failed to setup driver")
Exception: Failed to setup driver
2025-10-27 00:33:39,434 - INFO - Retry attempt 218/300...
2025-10-27 00:33:54,435 - INFO - Setting up Chrome driver...
2025-10-27 00:33:54,436 - INFO - Using profile directory: C:\Windows\Temp\chrome_scraper_profile
2025-10-27 00:33:54,436 - INFO - Initializing Chrome driver (attempt 1/3)...
2025-10-27 00:33:58,082 - INFO - patching driver executable C:\laragon\www\dapokalsel\sekolah\~\appdata\roaming\undetected_chromedriver\undetected_chromedriver.exe
2025-10-27 00:33:58,161 - ERROR - Attempt 1 failed: Binary Location Must be a String
2025-10-27 00:33:58,162 - INFO - Retrying in 5 seconds...
2025-10-27 00:34:03,162 - INFO - Initializing Chrome driver (attempt 2/3)...
2025-10-27 00:34:06,161 - ERROR - Attempt 2 failed: [WinError 183] Cannot create a file when that file already exists: 'C:\\laragon\\www\\dapokalsel\\sekolah\\~\\appdata\\roaming\\undetected_chromedriver\\undetected\\chromedriver-win32\\chromedriver.exe' -> 'C:\\laragon\\www\\dapokalsel\\sekolah\\~\\appdata\\roaming\\undetected_chromedriver\\undetected_chromedriver.exe'
2025-10-27 00:34:06,161 - INFO - Retrying in 5 seconds...
2025-10-27 00:34:11,161 - INFO - Initializing Chrome driver (attempt 3/3)...
2025-10-27 00:34:15,068 - ERROR - Attempt 3 failed: [WinError 183] Cannot create a file when that file already exists: 'C:\\laragon\\www\\dapokalsel\\sekolah\\~\\appdata\\roaming\\undetected_chromedriver\\undetected\\chromedriver-win32\\chromedriver.exe' -> 'C:\\laragon\\www\\dapokalsel\\sekolah\\~\\appdata\\roaming\\undetected_chromedriver\\undetected_chromedriver.exe'
2025-10-27 00:34:15,068 - ERROR - All attempts failed to setup driver
Traceback (most recent call last):
  File "C:\laragon\www\dapokalsel\sekolah\import_url_kabupaten.pyw", line 115, in setup_driver
    driver = uc.Chrome(
  File "C:\laragon\bin\python\python-3.10\lib\site-packages\undetected_chromedriver\__init__.py", line 258, in __init__
    self.patcher.auto()
  File "C:\laragon\bin\python\python-3.10\lib\site-packages\undetected_chromedriver\patcher.py", line 178, in auto
    self.unzip_package(self.fetch_package())
  File "C:\laragon\bin\python\python-3.10\lib\site-packages\undetected_chromedriver\patcher.py", line 310, in unzip_package
    os.rename(os.path.join(self.zip_path, exe_path), self.executable_path)
FileExistsError: [WinError 183] Cannot create a file when that file already exists: 'C:\\laragon\\www\\dapokalsel\\sekolah\\~\\appdata\\roaming\\undetected_chromedriver\\undetected\\chromedriver-win32\\chromedriver.exe' -> 'C:\\laragon\\www\\dapokalsel\\sekolah\\~\\appdata\\roaming\\undetected_chromedriver\\undetected_chromedriver.exe'
2025-10-27 00:34:15,069 - ERROR - Error on attempt 218: Failed to setup driver
Traceback (most recent call last):
  File "C:\laragon\www\dapokalsel\sekolah\import_url_kabupaten.pyw", line 435, in process_url_induk
    raise Exception("Failed to setup driver")
Exception: Failed to setup driver
2025-10-27 00:34:15,069 - INFO - Retry attempt 219/300...
2025-10-27 00:34:30,070 - INFO - Setting up Chrome driver...
2025-10-27 00:34:30,070 - INFO - Using profile directory: C:\Windows\Temp\chrome_scraper_profile
2025-10-27 00:34:30,070 - INFO - Initializing Chrome driver (attempt 1/3)...
2025-10-27 00:34:33,416 - INFO - patching driver executable C:\laragon\www\dapokalsel\sekolah\~\appdata\roaming\undetected_chromedriver\undetected_chromedriver.exe
2025-10-27 00:34:33,493 - ERROR - Attempt 1 failed: Binary Location Must be a String
2025-10-27 00:34:33,493 - INFO - Retrying in 5 seconds...
2025-10-27 00:34:38,493 - INFO - Initializing Chrome driver (attempt 2/3)...
2025-10-27 00:34:44,323 - ERROR - Attempt 2 failed: [WinError 183] Cannot create a file when that file already exists: 'C:\\laragon\\www\\dapokalsel\\sekolah\\~\\appdata\\roaming\\undetected_chromedriver\\undetected\\chromedriver-win32\\chromedriver.exe' -> 'C:\\laragon\\www\\dapokalsel\\sekolah\\~\\appdata\\roaming\\undetected_chromedriver\\undetected_chromedriver.exe'
2025-10-27 00:34:44,323 - INFO - Retrying in 5 seconds...
2025-10-27 00:34:49,324 - INFO - Initializing Chrome driver (attempt 3/3)...
2025-10-27 00:34:54,866 - ERROR - Attempt 3 failed: [WinError 183] Cannot create a file when that file already exists: 'C:\\laragon\\www\\dapokalsel\\sekolah\\~\\appdata\\roaming\\undetected_chromedriver\\undetected\\chromedriver-win32\\chromedriver.exe' -> 'C:\\laragon\\www\\dapokalsel\\sekolah\\~\\appdata\\roaming\\undetected_chromedriver\\undetected_chromedriver.exe'
2025-10-27 00:34:54,866 - ERROR - All attempts failed to setup driver
Traceback (most recent call last):
  File "C:\laragon\www\dapokalsel\sekolah\import_url_kabupaten.pyw", line 115, in setup_driver
    driver = uc.Chrome(
  File "C:\laragon\bin\python\python-3.10\lib\site-packages\undetected_chromedriver\__init__.py", line 258, in __init__
    self.patcher.auto()
  File "C:\laragon\bin\python\python-3.10\lib\site-packages\undetected_chromedriver\patcher.py", line 178, in auto
    self.unzip_package(self.fetch_package())
  File "C:\laragon\bin\python\python-3.10\lib\site-packages\undetected_chromedriver\patcher.py", line 310, in unzip_package
    os.rename(os.path.join(self.zip_path, exe_path), self.executable_path)
FileExistsError: [WinError 183] Cannot create a file when that file already exists: 'C:\\laragon\\www\\dapokalsel\\sekolah\\~\\appdata\\roaming\\undetected_chromedriver\\undetected\\chromedriver-win32\\chromedriver.exe' -> 'C:\\laragon\\www\\dapokalsel\\sekolah\\~\\appdata\\roaming\\undetected_chromedriver\\undetected_chromedriver.exe'
2025-10-27 00:34:54,867 - ERROR - Error on attempt 219: Failed to setup driver
Traceback (most recent call last):
  File "C:\laragon\www\dapokalsel\sekolah\import_url_kabupaten.pyw", line 435, in process_url_induk
    raise Exception("Failed to setup driver")
Exception: Failed to setup driver
2025-10-27 00:34:54,867 - INFO - Retry attempt 220/300...
2025-10-27 00:35:09,867 - INFO - Setting up Chrome driver...
2025-10-27 00:35:09,869 - INFO - Using profile directory: C:\Windows\Temp\chrome_scraper_profile
2025-10-27 00:35:09,870 - INFO - Initializing Chrome driver (attempt 1/3)...
2025-10-27 00:35:13,009 - INFO - patching driver executable C:\laragon\www\dapokalsel\sekolah\~\appdata\roaming\undetected_chromedriver\undetected_chromedriver.exe
2025-10-27 00:35:13,085 - ERROR - Attempt 1 failed: Binary Location Must be a String
2025-10-27 00:35:13,085 - INFO - Retrying in 5 seconds...
2025-10-27 00:35:18,086 - INFO - Initializing Chrome driver (attempt 2/3)...
2025-10-27 00:35:22,086 - ERROR - Attempt 2 failed: [WinError 183] Cannot create a file when that file already exists: 'C:\\laragon\\www\\dapokalsel\\sekolah\\~\\appdata\\roaming\\undetected_chromedriver\\undetected\\chromedriver-win32\\chromedriver.exe' -> 'C:\\laragon\\www\\dapokalsel\\sekolah\\~\\appdata\\roaming\\undetected_chromedriver\\undetected_chromedriver.exe'
2025-10-27 00:35:22,087 - INFO - Retrying in 5 seconds...
2025-10-27 00:35:27,088 - INFO - Initializing Chrome driver (attempt 3/3)...
2025-10-27 00:35:33,081 - ERROR - Attempt 3 failed: [WinError 183] Cannot create a file when that file already exists: 'C:\\laragon\\www\\dapokalsel\\sekolah\\~\\appdata\\roaming\\undetected_chromedriver\\undetected\\chromedriver-win32\\chromedriver.exe' -> 'C:\\laragon\\www\\dapokalsel\\sekolah\\~\\appdata\\roaming\\undetected_chromedriver\\undetected_chromedriver.exe'
2025-10-27 00:35:33,081 - ERROR - All attempts failed to setup driver
Traceback (most recent call last):
  File "C:\laragon\www\dapokalsel\sekolah\import_url_kabupaten.pyw", line 115, in setup_driver
    driver = uc.Chrome(
  File "C:\laragon\bin\python\python-3.10\lib\site-packages\undetected_chromedriver\__init__.py", line 258, in __init__
    self.patcher.auto()
  File "C:\laragon\bin\python\python-3.10\lib\site-packages\undetected_chromedriver\patcher.py", line 178, in auto
    self.unzip_package(self.fetch_package())
  File "C:\laragon\bin\python\python-3.10\lib\site-packages\undetected_chromedriver\patcher.py", line 310, in unzip_package
    os.rename(os.path.join(self.zip_path, exe_path), self.executable_path)
FileExistsError: [WinError 183] Cannot create a file when that file already exists: 'C:\\laragon\\www\\dapokalsel\\sekolah\\~\\appdata\\roaming\\undetected_chromedriver\\undetected\\chromedriver-win32\\chromedriver.exe' -> 'C:\\laragon\\www\\dapokalsel\\sekolah\\~\\appdata\\roaming\\undetected_chromedriver\\undetected_chromedriver.exe'
2025-10-27 00:35:33,082 - ERROR - Error on attempt 220: Failed to setup driver
Traceback (most recent call last):
  File "C:\laragon\www\dapokalsel\sekolah\import_url_kabupaten.pyw", line 435, in process_url_induk
    raise Exception("Failed to setup driver")
Exception: Failed to setup driver
2025-10-27 00:35:33,082 - INFO - Retry attempt 221/300...
2025-10-27 00:35:48,083 - INFO - Setting up Chrome driver...
2025-10-27 00:35:48,084 - INFO - Using profile directory: C:\Windows\Temp\chrome_scraper_profile
2025-10-27 00:35:48,085 - INFO - Initializing Chrome driver (attempt 1/3)...
2025-10-27 00:35:52,677 - INFO - patching driver executable C:\laragon\www\dapokalsel\sekolah\~\appdata\roaming\undetected_chromedriver\undetected_chromedriver.exe
2025-10-27 00:35:52,756 - ERROR - Attempt 1 failed: Binary Location Must be a String
2025-10-27 00:35:52,757 - INFO - Retrying in 5 seconds...
2025-10-27 00:35:57,757 - INFO - Initializing Chrome driver (attempt 2/3)...
2025-10-27 00:36:02,269 - ERROR - Attempt 2 failed: [WinError 183] Cannot create a file when that file already exists: 'C:\\laragon\\www\\dapokalsel\\sekolah\\~\\appdata\\roaming\\undetected_chromedriver\\undetected\\chromedriver-win32\\chromedriver.exe' -> 'C:\\laragon\\www\\dapokalsel\\sekolah\\~\\appdata\\roaming\\undetected_chromedriver\\undetected_chromedriver.exe'
2025-10-27 00:36:02,270 - INFO - Retrying in 5 seconds...
2025-10-27 00:36:07,270 - INFO - Initializing Chrome driver (attempt 3/3)...
2025-10-27 00:36:11,650 - INFO - patching driver executable C:\laragon\www\dapokalsel\sekolah\~\appdata\roaming\undetected_chromedriver\undetected_chromedriver.exe
2025-10-27 00:36:11,728 - ERROR - Attempt 3 failed: you cannot reuse the ChromeOptions object
2025-10-27 00:36:11,728 - ERROR - All attempts failed to setup driver
Traceback (most recent call last):
  File "C:\laragon\www\dapokalsel\sekolah\import_url_kabupaten.pyw", line 115, in setup_driver
    driver = uc.Chrome(
  File "C:\laragon\bin\python\python-3.10\lib\site-packages\undetected_chromedriver\__init__.py", line 269, in __init__
    raise RuntimeError("you cannot reuse the ChromeOptions object")
RuntimeError: you cannot reuse the ChromeOptions object
2025-10-27 00:36:11,729 - ERROR - Error on attempt 221: Failed to setup driver
Traceback (most recent call last):
  File "C:\laragon\www\dapokalsel\sekolah\import_url_kabupaten.pyw", line 435, in process_url_induk
    raise Exception("Failed to setup driver")
Exception: Failed to setup driver
2025-10-27 00:36:11,729 - INFO - Retry attempt 222/300...
2025-10-27 00:36:26,729 - INFO - Setting up Chrome driver...
2025-10-27 00:36:26,730 - INFO - Using profile directory: C:\Windows\Temp\chrome_scraper_profile
2025-10-27 00:36:26,730 - INFO - Initializing Chrome driver (attempt 1/3)...
2025-10-27 00:36:29,700 - INFO - patching driver executable C:\laragon\www\dapokalsel\sekolah\~\appdata\roaming\undetected_chromedriver\undetected_chromedriver.exe
2025-10-27 00:36:29,788 - ERROR - Attempt 1 failed: Binary Location Must be a String
2025-10-27 00:36:29,788 - INFO - Retrying in 5 seconds...
2025-10-27 00:36:34,790 - INFO - Initializing Chrome driver (attempt 2/3)...
2025-10-27 00:36:38,208 - INFO - patching driver executable C:\laragon\www\dapokalsel\sekolah\~\appdata\roaming\undetected_chromedriver\undetected_chromedriver.exe
2025-10-27 00:36:38,291 - ERROR - Attempt 2 failed: you cannot reuse the ChromeOptions object
2025-10-27 00:36:38,291 - INFO - Retrying in 5 seconds...
2025-10-27 00:36:43,291 - INFO - Initializing Chrome driver (attempt 3/3)...
2025-10-27 00:36:47,495 - ERROR - Attempt 3 failed: [WinError 183] Cannot create a file when that file already exists: 'C:\\laragon\\www\\dapokalsel\\sekolah\\~\\appdata\\roaming\\undetected_chromedriver\\undetected\\chromedriver-win32\\chromedriver.exe' -> 'C:\\laragon\\www\\dapokalsel\\sekolah\\~\\appdata\\roaming\\undetected_chromedriver\\undetected_chromedriver.exe'
2025-10-27 00:36:47,495 - ERROR - All attempts failed to setup driver
Traceback (most recent call last):
  File "C:\laragon\www\dapokalsel\sekolah\import_url_kabupaten.pyw", line 115, in setup_driver
    driver = uc.Chrome(
  File "C:\laragon\bin\python\python-3.10\lib\site-packages\undetected_chromedriver\__init__.py", line 258, in __init__
    self.patcher.auto()
  File "C:\laragon\bin\python\python-3.10\lib\site-packages\undetected_chromedriver\patcher.py", line 178, in auto
    self.unzip_package(self.fetch_package())
  File "C:\laragon\bin\python\python-3.10\lib\site-packages\undetected_chromedriver\patcher.py", line 310, in unzip_package
    os.rename(os.path.join(self.zip_path, exe_path), self.executable_path)
FileExistsError: [WinError 183] Cannot create a file when that file already exists: 'C:\\laragon\\www\\dapokalsel\\sekolah\\~\\appdata\\roaming\\undetected_chromedriver\\undetected\\chromedriver-win32\\chromedriver.exe' -> 'C:\\laragon\\www\\dapokalsel\\sekolah\\~\\appdata\\roaming\\undetected_chromedriver\\undetected_chromedriver.exe'
2025-10-27 00:36:47,496 - ERROR - Error on attempt 222: Failed to setup driver
Traceback (most recent call last):
  File "C:\laragon\www\dapokalsel\sekolah\import_url_kabupaten.pyw", line 435, in process_url_induk
    raise Exception("Failed to setup driver")
Exception: Failed to setup driver
2025-10-27 00:36:47,496 - INFO - Retry attempt 223/300...
2025-10-27 00:37:02,497 - INFO - Setting up Chrome driver...
2025-10-27 00:37:02,498 - INFO - Using profile directory: C:\Windows\Temp\chrome_scraper_profile
2025-10-27 00:37:02,498 - INFO - Initializing Chrome driver (attempt 1/3)...
2025-10-27 00:37:05,442 - INFO - patching driver executable C:\laragon\www\dapokalsel\sekolah\~\appdata\roaming\undetected_chromedriver\undetected_chromedriver.exe
2025-10-27 00:37:05,517 - ERROR - Attempt 1 failed: Binary Location Must be a String
2025-10-27 00:37:05,517 - INFO - Retrying in 5 seconds...
2025-10-27 00:37:10,519 - INFO - Initializing Chrome driver (attempt 2/3)...
2025-10-27 00:37:14,809 - ERROR - Attempt 2 failed: [WinError 183] Cannot create a file when that file already exists: 'C:\\laragon\\www\\dapokalsel\\sekolah\\~\\appdata\\roaming\\undetected_chromedriver\\undetected\\chromedriver-win32\\chromedriver.exe' -> 'C:\\laragon\\www\\dapokalsel\\sekolah\\~\\appdata\\roaming\\undetected_chromedriver\\undetected_chromedriver.exe'
2025-10-27 00:37:14,809 - INFO - Retrying in 5 seconds...
2025-10-27 00:37:19,809 - INFO - Initializing Chrome driver (attempt 3/3)...
2025-10-27 00:37:19,836 - ERROR - Attempt 3 failed: you cannot reuse the ChromeOptions object
2025-10-27 00:37:19,837 - ERROR - All attempts failed to setup driver
Traceback (most recent call last):
  File "C:\laragon\www\dapokalsel\sekolah\import_url_kabupaten.pyw", line 115, in setup_driver
    driver = uc.Chrome(
  File "C:\laragon\bin\python\python-3.10\lib\site-packages\undetected_chromedriver\__init__.py", line 269, in __init__
    raise RuntimeError("you cannot reuse the ChromeOptions object")
RuntimeError: you cannot reuse the ChromeOptions object
2025-10-27 00:37:19,837 - ERROR - Error on attempt 223: Failed to setup driver
Traceback (most recent call last):
  File "C:\laragon\www\dapokalsel\sekolah\import_url_kabupaten.pyw", line 435, in process_url_induk
    raise Exception("Failed to setup driver")
Exception: Failed to setup driver
2025-10-27 00:37:19,838 - INFO - Retry attempt 224/300...
2025-10-27 00:37:34,839 - INFO - Setting up Chrome driver...
2025-10-27 00:37:34,839 - INFO - Using profile directory: C:\Windows\Temp\chrome_scraper_profile
2025-10-27 00:37:34,839 - INFO - Initializing Chrome driver (attempt 1/3)...
2025-10-27 00:37:37,924 - INFO - patching driver executable C:\laragon\www\dapokalsel\sekolah\~\appdata\roaming\undetected_chromedriver\undetected_chromedriver.exe
2025-10-27 00:37:38,017 - ERROR - Attempt 1 failed: Binary Location Must be a String
2025-10-27 00:37:38,018 - INFO - Retrying in 5 seconds...
2025-10-27 00:37:43,019 - INFO - Initializing Chrome driver (attempt 2/3)...
2025-10-27 00:37:46,263 - INFO - patching driver executable C:\laragon\www\dapokalsel\sekolah\~\appdata\roaming\undetected_chromedriver\undetected_chromedriver.exe
2025-10-27 00:37:46,337 - ERROR - Attempt 2 failed: you cannot reuse the ChromeOptions object
2025-10-27 00:37:46,338 - INFO - Retrying in 5 seconds...
2025-10-27 00:37:51,338 - INFO - Initializing Chrome driver (attempt 3/3)...
2025-10-27 00:37:55,343 - INFO - patching driver executable C:\laragon\www\dapokalsel\sekolah\~\appdata\roaming\undetected_chromedriver\undetected_chromedriver.exe
2025-10-27 00:37:55,415 - ERROR - Attempt 3 failed: you cannot reuse the ChromeOptions object
2025-10-27 00:37:55,415 - ERROR - All attempts failed to setup driver
Traceback (most recent call last):
  File "C:\laragon\www\dapokalsel\sekolah\import_url_kabupaten.pyw", line 115, in setup_driver
    driver = uc.Chrome(
  File "C:\laragon\bin\python\python-3.10\lib\site-packages\undetected_chromedriver\__init__.py", line 269, in __init__
    raise RuntimeError("you cannot reuse the ChromeOptions object")
RuntimeError: you cannot reuse the ChromeOptions object
2025-10-27 00:37:55,415 - ERROR - Error on attempt 224: Failed to setup driver
Traceback (most recent call last):
  File "C:\laragon\www\dapokalsel\sekolah\import_url_kabupaten.pyw", line 435, in process_url_induk
    raise Exception("Failed to setup driver")
Exception: Failed to setup driver
2025-10-27 00:37:55,416 - INFO - Retry attempt 225/300...
2025-10-27 00:38:10,417 - INFO - Setting up Chrome driver...
2025-10-27 00:38:10,418 - INFO - Using profile directory: C:\Windows\Temp\chrome_scraper_profile
2025-10-27 00:38:10,418 - INFO - Initializing Chrome driver (attempt 1/3)...
2025-10-27 00:38:14,442 - INFO - patching driver executable C:\laragon\www\dapokalsel\sekolah\~\appdata\roaming\undetected_chromedriver\undetected_chromedriver.exe
2025-10-27 00:38:14,516 - ERROR - Attempt 1 failed: Binary Location Must be a String
2025-10-27 00:38:14,516 - INFO - Retrying in 5 seconds...
2025-10-27 00:38:19,517 - INFO - Initializing Chrome driver (attempt 2/3)...
2025-10-27 00:38:23,836 - INFO - patching driver executable C:\laragon\www\dapokalsel\sekolah\~\appdata\roaming\undetected_chromedriver\undetected_chromedriver.exe
2025-10-27 00:38:23,910 - ERROR - Attempt 2 failed: you cannot reuse the ChromeOptions object
2025-10-27 00:38:23,910 - INFO - Retrying in 5 seconds...
2025-10-27 00:38:28,910 - INFO - Initializing Chrome driver (attempt 3/3)...
2025-10-27 00:38:33,067 - INFO - patching driver executable C:\laragon\www\dapokalsel\sekolah\~\appdata\roaming\undetected_chromedriver\undetected_chromedriver.exe
2025-10-27 00:38:33,147 - ERROR - Attempt 3 failed: you cannot reuse the ChromeOptions object
2025-10-27 00:38:33,147 - ERROR - All attempts failed to setup driver
Traceback (most recent call last):
  File "C:\laragon\www\dapokalsel\sekolah\import_url_kabupaten.pyw", line 115, in setup_driver
    driver = uc.Chrome(
  File "C:\laragon\bin\python\python-3.10\lib\site-packages\undetected_chromedriver\__init__.py", line 269, in __init__
    raise RuntimeError("you cannot reuse the ChromeOptions object")
RuntimeError: you cannot reuse the ChromeOptions object
2025-10-27 00:38:33,148 - ERROR - Error on attempt 225: Failed to setup driver
Traceback (most recent call last):
  File "C:\laragon\www\dapokalsel\sekolah\import_url_kabupaten.pyw", line 435, in process_url_induk
    raise Exception("Failed to setup driver")
Exception: Failed to setup driver
2025-10-27 00:38:33,148 - INFO - Retry attempt 226/300...
2025-10-27 00:38:48,148 - INFO - Setting up Chrome driver...
2025-10-27 00:38:48,149 - INFO - Using profile directory: C:\Windows\Temp\chrome_scraper_profile
2025-10-27 00:38:48,149 - INFO - Initializing Chrome driver (attempt 1/3)...
2025-10-27 00:38:51,308 - INFO - patching driver executable C:\laragon\www\dapokalsel\sekolah\~\appdata\roaming\undetected_chromedriver\undetected_chromedriver.exe
2025-10-27 00:38:51,390 - ERROR - Attempt 1 failed: Binary Location Must be a String
2025-10-27 00:38:51,390 - INFO - Retrying in 5 seconds...
2025-10-27 00:38:56,390 - INFO - Initializing Chrome driver (attempt 2/3)...
2025-10-27 00:39:00,214 - INFO - patching driver executable C:\laragon\www\dapokalsel\sekolah\~\appdata\roaming\undetected_chromedriver\undetected_chromedriver.exe
2025-10-27 00:39:00,294 - ERROR - Attempt 2 failed: you cannot reuse the ChromeOptions object
2025-10-27 00:39:00,294 - INFO - Retrying in 5 seconds...
2025-10-27 00:39:05,295 - INFO - Initializing Chrome driver (attempt 3/3)...
2025-10-27 00:39:10,383 - INFO - patching driver executable C:\laragon\www\dapokalsel\sekolah\~\appdata\roaming\undetected_chromedriver\undetected_chromedriver.exe
2025-10-27 00:39:10,457 - ERROR - Attempt 3 failed: you cannot reuse the ChromeOptions object
2025-10-27 00:39:10,457 - ERROR - All attempts failed to setup driver
Traceback (most recent call last):
  File "C:\laragon\www\dapokalsel\sekolah\import_url_kabupaten.pyw", line 115, in setup_driver
    driver = uc.Chrome(
  File "C:\laragon\bin\python\python-3.10\lib\site-packages\undetected_chromedriver\__init__.py", line 269, in __init__
    raise RuntimeError("you cannot reuse the ChromeOptions object")
RuntimeError: you cannot reuse the ChromeOptions object
2025-10-27 00:39:10,457 - ERROR - Error on attempt 226: Failed to setup driver
Traceback (most recent call last):
  File "C:\laragon\www\dapokalsel\sekolah\import_url_kabupaten.pyw", line 435, in process_url_induk
    raise Exception("Failed to setup driver")
Exception: Failed to setup driver
2025-10-27 00:39:10,457 - INFO - Retry attempt 227/300...
2025-10-27 00:39:25,458 - INFO - Setting up Chrome driver...
2025-10-27 00:39:25,458 - INFO - Using profile directory: C:\Windows\Temp\chrome_scraper_profile
2025-10-27 00:39:25,458 - INFO - Initializing Chrome driver (attempt 1/3)...
2025-10-27 00:39:28,895 - INFO - patching driver executable C:\laragon\www\dapokalsel\sekolah\~\appdata\roaming\undetected_chromedriver\undetected_chromedriver.exe
2025-10-27 00:39:28,976 - ERROR - Attempt 1 failed: Binary Location Must be a String
2025-10-27 00:39:28,976 - INFO - Retrying in 5 seconds...
2025-10-27 00:39:33,976 - INFO - Initializing Chrome driver (attempt 2/3)...
2025-10-27 00:39:37,604 - INFO - patching driver executable C:\laragon\www\dapokalsel\sekolah\~\appdata\roaming\undetected_chromedriver\undetected_chromedriver.exe
2025-10-27 00:39:37,682 - ERROR - Attempt 2 failed: you cannot reuse the ChromeOptions object
2025-10-27 00:39:37,683 - INFO - Retrying in 5 seconds...
2025-10-27 00:39:42,684 - INFO - Initializing Chrome driver (attempt 3/3)...
2025-10-27 00:39:46,313 - INFO - patching driver executable C:\laragon\www\dapokalsel\sekolah\~\appdata\roaming\undetected_chromedriver\undetected_chromedriver.exe
2025-10-27 00:39:46,397 - ERROR - Attempt 3 failed: you cannot reuse the ChromeOptions object
2025-10-27 00:39:46,398 - ERROR - All attempts failed to setup driver
Traceback (most recent call last):
  File "C:\laragon\www\dapokalsel\sekolah\import_url_kabupaten.pyw", line 115, in setup_driver
    driver = uc.Chrome(
  File "C:\laragon\bin\python\python-3.10\lib\site-packages\undetected_chromedriver\__init__.py", line 269, in __init__
    raise RuntimeError("you cannot reuse the ChromeOptions object")
RuntimeError: you cannot reuse the ChromeOptions object
2025-10-27 00:39:46,398 - ERROR - Error on attempt 227: Failed to setup driver
Traceback (most recent call last):
  File "C:\laragon\www\dapokalsel\sekolah\import_url_kabupaten.pyw", line 435, in process_url_induk
    raise Exception("Failed to setup driver")
Exception: Failed to setup driver
2025-10-27 00:39:46,399 - INFO - Retry attempt 228/300...
2025-10-27 00:40:01,399 - INFO - Setting up Chrome driver...
2025-10-27 00:40:01,399 - INFO - Using profile directory: C:\Windows\Temp\chrome_scraper_profile
2025-10-27 00:40:01,399 - INFO - Initializing Chrome driver (attempt 1/3)...
2025-10-27 00:40:05,568 - ERROR - Attempt 1 failed: [WinError 183] Cannot create a file when that file already exists: 'C:\\laragon\\www\\dapokalsel\\sekolah\\~\\appdata\\roaming\\undetected_chromedriver\\undetected\\chromedriver-win32\\chromedriver.exe' -> 'C:\\laragon\\www\\dapokalsel\\sekolah\\~\\appdata\\roaming\\undetected_chromedriver\\undetected_chromedriver.exe'
2025-10-27 00:40:05,569 - INFO - Retrying in 5 seconds...
2025-10-27 00:40:10,569 - INFO - Initializing Chrome driver (attempt 2/3)...
2025-10-27 00:40:14,308 - INFO - patching driver executable C:\laragon\www\dapokalsel\sekolah\~\appdata\roaming\undetected_chromedriver\undetected_chromedriver.exe
2025-10-27 00:40:14,383 - ERROR - Attempt 2 failed: Binary Location Must be a String
2025-10-27 00:40:14,383 - INFO - Retrying in 5 seconds...
2025-10-27 00:40:19,383 - INFO - Initializing Chrome driver (attempt 3/3)...
2025-10-27 00:40:25,081 - ERROR - Attempt 3 failed: [WinError 183] Cannot create a file when that file already exists: 'C:\\laragon\\www\\dapokalsel\\sekolah\\~\\appdata\\roaming\\undetected_chromedriver\\undetected\\chromedriver-win32\\chromedriver.exe' -> 'C:\\laragon\\www\\dapokalsel\\sekolah\\~\\appdata\\roaming\\undetected_chromedriver\\undetected_chromedriver.exe'
2025-10-27 00:40:25,081 - ERROR - All attempts failed to setup driver
Traceback (most recent call last):
  File "C:\laragon\www\dapokalsel\sekolah\import_url_kabupaten.pyw", line 115, in setup_driver
    driver = uc.Chrome(
  File "C:\laragon\bin\python\python-3.10\lib\site-packages\undetected_chromedriver\__init__.py", line 258, in __init__
    self.patcher.auto()
  File "C:\laragon\bin\python\python-3.10\lib\site-packages\undetected_chromedriver\patcher.py", line 178, in auto
    self.unzip_package(self.fetch_package())
  File "C:\laragon\bin\python\python-3.10\lib\site-packages\undetected_chromedriver\patcher.py", line 310, in unzip_package
    os.rename(os.path.join(self.zip_path, exe_path), self.executable_path)
FileExistsError: [WinError 183] Cannot create a file when that file already exists: 'C:\\laragon\\www\\dapokalsel\\sekolah\\~\\appdata\\roaming\\undetected_chromedriver\\undetected\\chromedriver-win32\\chromedriver.exe' -> 'C:\\laragon\\www\\dapokalsel\\sekolah\\~\\appdata\\roaming\\undetected_chromedriver\\undetected_chromedriver.exe'
2025-10-27 00:40:25,081 - ERROR - Error on attempt 228: Failed to setup driver
Traceback (most recent call last):
  File "C:\laragon\www\dapokalsel\sekolah\import_url_kabupaten.pyw", line 435, in process_url_induk
    raise Exception("Failed to setup driver")
Exception: Failed to setup driver
2025-10-27 00:40:25,082 - INFO - Retry attempt 229/300...
2025-10-27 00:40:40,082 - INFO - Setting up Chrome driver...
2025-10-27 00:40:40,083 - INFO - Using profile directory: C:\Windows\Temp\chrome_scraper_profile
2025-10-27 00:40:40,084 - INFO - Initializing Chrome driver (attempt 1/3)...
2025-10-27 00:40:44,783 - INFO - patching driver executable C:\laragon\www\dapokalsel\sekolah\~\appdata\roaming\undetected_chromedriver\undetected_chromedriver.exe
2025-10-27 00:40:44,870 - ERROR - Attempt 1 failed: Binary Location Must be a String
2025-10-27 00:40:44,871 - INFO - Retrying in 5 seconds...
2025-10-27 00:40:49,872 - INFO - Initializing Chrome driver (attempt 2/3)...
2025-10-27 00:40:53,148 - INFO - patching driver executable C:\laragon\www\dapokalsel\sekolah\~\appdata\roaming\undetected_chromedriver\undetected_chromedriver.exe
2025-10-27 00:40:53,224 - ERROR - Attempt 2 failed: you cannot reuse the ChromeOptions object
2025-10-27 00:40:53,224 - INFO - Retrying in 5 seconds...
2025-10-27 00:40:58,224 - INFO - Initializing Chrome driver (attempt 3/3)...
2025-10-27 00:41:03,704 - INFO - patching driver executable C:\laragon\www\dapokalsel\sekolah\~\appdata\roaming\undetected_chromedriver\undetected_chromedriver.exe
2025-10-27 00:41:03,786 - ERROR - Attempt 3 failed: you cannot reuse the ChromeOptions object
2025-10-27 00:41:03,786 - ERROR - All attempts failed to setup driver
Traceback (most recent call last):
  File "C:\laragon\www\dapokalsel\sekolah\import_url_kabupaten.pyw", line 115, in setup_driver
    driver = uc.Chrome(
  File "C:\laragon\bin\python\python-3.10\lib\site-packages\undetected_chromedriver\__init__.py", line 269, in __init__
    raise RuntimeError("you cannot reuse the ChromeOptions object")
RuntimeError: you cannot reuse the ChromeOptions object
2025-10-27 00:41:03,786 - ERROR - Error on attempt 229: Failed to setup driver
Traceback (most recent call last):
  File "C:\laragon\www\dapokalsel\sekolah\import_url_kabupaten.pyw", line 435, in process_url_induk
    raise Exception("Failed to setup driver")
Exception: Failed to setup driver
2025-10-27 00:41:03,787 - INFO - Retry attempt 230/300...
2025-10-27 00:41:18,788 - INFO - Setting up Chrome driver...
2025-10-27 00:41:18,788 - INFO - Using profile directory: C:\Windows\Temp\chrome_scraper_profile
2025-10-27 00:41:18,788 - INFO - Initializing Chrome driver (attempt 1/3)...
2025-10-27 00:41:22,805 - INFO - patching driver executable C:\laragon\www\dapokalsel\sekolah\~\appdata\roaming\undetected_chromedriver\undetected_chromedriver.exe
2025-10-27 00:41:22,995 - ERROR - Attempt 1 failed: Binary Location Must be a String
2025-10-27 00:41:22,996 - INFO - Retrying in 5 seconds...
2025-10-27 00:41:27,997 - INFO - Initializing Chrome driver (attempt 2/3)...
2025-10-27 00:41:31,473 - INFO - patching driver executable C:\laragon\www\dapokalsel\sekolah\~\appdata\roaming\undetected_chromedriver\undetected_chromedriver.exe
2025-10-27 00:41:31,525 - ERROR - Attempt 2 failed: you cannot reuse the ChromeOptions object
2025-10-27 00:41:31,525 - INFO - Retrying in 5 seconds...
2025-10-27 00:41:36,526 - INFO - Initializing Chrome driver (attempt 3/3)...
2025-10-27 00:41:39,476 - INFO - patching driver executable C:\laragon\www\dapokalsel\sekolah\~\appdata\roaming\undetected_chromedriver\undetected_chromedriver.exe
2025-10-27 00:41:39,550 - ERROR - Attempt 3 failed: you cannot reuse the ChromeOptions object
2025-10-27 00:41:39,550 - ERROR - All attempts failed to setup driver
Traceback (most recent call last):
  File "C:\laragon\www\dapokalsel\sekolah\import_url_kabupaten.pyw", line 115, in setup_driver
    driver = uc.Chrome(
  File "C:\laragon\bin\python\python-3.10\lib\site-packages\undetected_chromedriver\__init__.py", line 269, in __init__
    raise RuntimeError("you cannot reuse the ChromeOptions object")
RuntimeError: you cannot reuse the ChromeOptions object
2025-10-27 00:41:39,551 - ERROR - Error on attempt 230: Failed to setup driver
Traceback (most recent call last):
  File "C:\laragon\www\dapokalsel\sekolah\import_url_kabupaten.pyw", line 435, in process_url_induk
    raise Exception("Failed to setup driver")
Exception: Failed to setup driver
2025-10-27 00:41:39,551 - INFO - Retry attempt 231/300...
2025-10-27 00:41:54,551 - INFO - Setting up Chrome driver...
2025-10-27 00:41:54,552 - INFO - Using profile directory: C:\Windows\Temp\chrome_scraper_profile
2025-10-27 00:41:54,552 - INFO - Initializing Chrome driver (attempt 1/3)...
2025-10-27 00:41:58,341 - INFO - patching driver executable C:\laragon\www\dapokalsel\sekolah\~\appdata\roaming\undetected_chromedriver\undetected_chromedriver.exe
2025-10-27 00:41:58,415 - ERROR - Attempt 1 failed: Binary Location Must be a String
2025-10-27 00:41:58,415 - INFO - Retrying in 5 seconds...
2025-10-27 00:42:03,415 - INFO - Initializing Chrome driver (attempt 2/3)...
2025-10-27 00:42:06,685 - INFO - patching driver executable C:\laragon\www\dapokalsel\sekolah\~\appdata\roaming\undetected_chromedriver\undetected_chromedriver.exe
2025-10-27 00:42:06,766 - ERROR - Attempt 2 failed: you cannot reuse the ChromeOptions object
2025-10-27 00:42:06,767 - INFO - Retrying in 5 seconds...
2025-10-27 00:42:11,768 - INFO - Initializing Chrome driver (attempt 3/3)...
2025-10-27 00:42:15,956 - ERROR - Attempt 3 failed: [WinError 183] Cannot create a file when that file already exists: 'C:\\laragon\\www\\dapokalsel\\sekolah\\~\\appdata\\roaming\\undetected_chromedriver\\undetected\\chromedriver-win32\\chromedriver.exe' -> 'C:\\laragon\\www\\dapokalsel\\sekolah\\~\\appdata\\roaming\\undetected_chromedriver\\undetected_chromedriver.exe'
2025-10-27 00:42:15,957 - ERROR - All attempts failed to setup driver
Traceback (most recent call last):
  File "C:\laragon\www\dapokalsel\sekolah\import_url_kabupaten.pyw", line 115, in setup_driver
    driver = uc.Chrome(
  File "C:\laragon\bin\python\python-3.10\lib\site-packages\undetected_chromedriver\__init__.py", line 258, in __init__
    self.patcher.auto()
  File "C:\laragon\bin\python\python-3.10\lib\site-packages\undetected_chromedriver\patcher.py", line 178, in auto
    self.unzip_package(self.fetch_package())
  File "C:\laragon\bin\python\python-3.10\lib\site-packages\undetected_chromedriver\patcher.py", line 310, in unzip_package
    os.rename(os.path.join(self.zip_path, exe_path), self.executable_path)
FileExistsError: [WinError 183] Cannot create a file when that file already exists: 'C:\\laragon\\www\\dapokalsel\\sekolah\\~\\appdata\\roaming\\undetected_chromedriver\\undetected\\chromedriver-win32\\chromedriver.exe' -> 'C:\\laragon\\www\\dapokalsel\\sekolah\\~\\appdata\\roaming\\undetected_chromedriver\\undetected_chromedriver.exe'
2025-10-27 00:42:15,957 - ERROR - Error on attempt 231: Failed to setup driver
Traceback (most recent call last):
  File "C:\laragon\www\dapokalsel\sekolah\import_url_kabupaten.pyw", line 435, in process_url_induk
    raise Exception("Failed to setup driver")
Exception: Failed to setup driver
2025-10-27 00:42:15,958 - INFO - Retry attempt 232/300...
2025-10-27 00:42:30,958 - INFO - Setting up Chrome driver...
2025-10-27 00:42:30,959 - INFO - Using profile directory: C:\Windows\Temp\chrome_scraper_profile
2025-10-27 00:42:30,959 - INFO - Initializing Chrome driver (attempt 1/3)...
2025-10-27 00:42:34,361 - INFO - patching driver executable C:\laragon\www\dapokalsel\sekolah\~\appdata\roaming\undetected_chromedriver\undetected_chromedriver.exe
2025-10-27 00:42:34,512 - ERROR - Attempt 1 failed: Binary Location Must be a String
2025-10-27 00:42:34,512 - INFO - Retrying in 5 seconds...
2025-10-27 00:42:39,512 - INFO - Initializing Chrome driver (attempt 2/3)...
2025-10-27 00:42:43,840 - INFO - patching driver executable C:\laragon\www\dapokalsel\sekolah\~\appdata\roaming\undetected_chromedriver\undetected_chromedriver.exe
2025-10-27 00:42:43,913 - ERROR - Attempt 2 failed: you cannot reuse the ChromeOptions object
2025-10-27 00:42:43,913 - INFO - Retrying in 5 seconds...
2025-10-27 00:42:48,914 - INFO - Initializing Chrome driver (attempt 3/3)...
2025-10-27 00:42:52,801 - INFO - patching driver executable C:\laragon\www\dapokalsel\sekolah\~\appdata\roaming\undetected_chromedriver\undetected_chromedriver.exe
2025-10-27 00:42:52,873 - ERROR - Attempt 3 failed: you cannot reuse the ChromeOptions object
2025-10-27 00:42:52,873 - ERROR - All attempts failed to setup driver
Traceback (most recent call last):
  File "C:\laragon\www\dapokalsel\sekolah\import_url_kabupaten.pyw", line 115, in setup_driver
    driver = uc.Chrome(
  File "C:\laragon\bin\python\python-3.10\lib\site-packages\undetected_chromedriver\__init__.py", line 269, in __init__
    raise RuntimeError("you cannot reuse the ChromeOptions object")
RuntimeError: you cannot reuse the ChromeOptions object
2025-10-27 00:42:52,873 - ERROR - Error on attempt 232: Failed to setup driver
Traceback (most recent call last):
  File "C:\laragon\www\dapokalsel\sekolah\import_url_kabupaten.pyw", line 435, in process_url_induk
    raise Exception("Failed to setup driver")
Exception: Failed to setup driver
2025-10-27 00:42:52,874 - INFO - Retry attempt 233/300...
2025-10-27 00:43:07,875 - INFO - Setting up Chrome driver...
2025-10-27 00:43:07,876 - INFO - Using profile directory: C:\Windows\Temp\chrome_scraper_profile
2025-10-27 00:43:07,877 - INFO - Initializing Chrome driver (attempt 1/3)...
2025-10-27 00:43:10,880 - INFO - patching driver executable C:\laragon\www\dapokalsel\sekolah\~\appdata\roaming\undetected_chromedriver\undetected_chromedriver.exe
2025-10-27 00:43:10,953 - ERROR - Attempt 1 failed: Binary Location Must be a String
2025-10-27 00:43:10,953 - INFO - Retrying in 5 seconds...
2025-10-27 00:43:15,955 - INFO - Initializing Chrome driver (attempt 2/3)...
2025-10-27 00:43:18,860 - INFO - patching driver executable C:\laragon\www\dapokalsel\sekolah\~\appdata\roaming\undetected_chromedriver\undetected_chromedriver.exe
2025-10-27 00:43:18,934 - ERROR - Attempt 2 failed: you cannot reuse the ChromeOptions object
2025-10-27 00:43:18,936 - INFO - Retrying in 5 seconds...
2025-10-27 00:43:23,936 - INFO - Initializing Chrome driver (attempt 3/3)...
2025-10-27 00:43:27,332 - INFO - patching driver executable C:\laragon\www\dapokalsel\sekolah\~\appdata\roaming\undetected_chromedriver\undetected_chromedriver.exe
2025-10-27 00:43:27,404 - ERROR - Attempt 3 failed: you cannot reuse the ChromeOptions object
2025-10-27 00:43:27,404 - ERROR - All attempts failed to setup driver
Traceback (most recent call last):
  File "C:\laragon\www\dapokalsel\sekolah\import_url_kabupaten.pyw", line 115, in setup_driver
    driver = uc.Chrome(
  File "C:\laragon\bin\python\python-3.10\lib\site-packages\undetected_chromedriver\__init__.py", line 269, in __init__
    raise RuntimeError("you cannot reuse the ChromeOptions object")
RuntimeError: you cannot reuse the ChromeOptions object
2025-10-27 00:43:27,405 - ERROR - Error on attempt 233: Failed to setup driver
Traceback (most recent call last):
  File "C:\laragon\www\dapokalsel\sekolah\import_url_kabupaten.pyw", line 435, in process_url_induk
    raise Exception("Failed to setup driver")
Exception: Failed to setup driver
2025-10-27 00:43:27,405 - INFO - Retry attempt 234/300...
2025-10-27 00:43:42,405 - INFO - Setting up Chrome driver...
2025-10-27 00:43:42,406 - INFO - Using profile directory: C:\Windows\Temp\chrome_scraper_profile
2025-10-27 00:43:42,406 - INFO - Initializing Chrome driver (attempt 1/3)...
2025-10-27 00:43:46,118 - INFO - patching driver executable C:\laragon\www\dapokalsel\sekolah\~\appdata\roaming\undetected_chromedriver\undetected_chromedriver.exe
2025-10-27 00:43:46,200 - ERROR - Attempt 1 failed: Binary Location Must be a String
2025-10-27 00:43:46,201 - INFO - Retrying in 5 seconds...
2025-10-27 00:43:51,202 - INFO - Initializing Chrome driver (attempt 2/3)...
2025-10-27 00:43:55,091 - INFO - patching driver executable C:\laragon\www\dapokalsel\sekolah\~\appdata\roaming\undetected_chromedriver\undetected_chromedriver.exe
2025-10-27 00:43:55,163 - ERROR - Attempt 2 failed: you cannot reuse the ChromeOptions object
2025-10-27 00:43:55,163 - INFO - Retrying in 5 seconds...
2025-10-27 00:44:00,164 - INFO - Initializing Chrome driver (attempt 3/3)...
2025-10-27 00:44:04,181 - INFO - patching driver executable C:\laragon\www\dapokalsel\sekolah\~\appdata\roaming\undetected_chromedriver\undetected_chromedriver.exe
2025-10-27 00:44:04,255 - ERROR - Attempt 3 failed: you cannot reuse the ChromeOptions object
2025-10-27 00:44:04,322 - ERROR - All attempts failed to setup driver
Traceback (most recent call last):
  File "C:\laragon\www\dapokalsel\sekolah\import_url_kabupaten.pyw", line 115, in setup_driver
    driver = uc.Chrome(
  File "C:\laragon\bin\python\python-3.10\lib\site-packages\undetected_chromedriver\__init__.py", line 269, in __init__
    raise RuntimeError("you cannot reuse the ChromeOptions object")
RuntimeError: you cannot reuse the ChromeOptions object
2025-10-27 00:44:04,323 - ERROR - Error on attempt 234: Failed to setup driver
Traceback (most recent call last):
  File "C:\laragon\www\dapokalsel\sekolah\import_url_kabupaten.pyw", line 435, in process_url_induk
    raise Exception("Failed to setup driver")
Exception: Failed to setup driver
2025-10-27 00:44:04,323 - INFO - Retry attempt 235/300...
2025-10-27 00:44:19,323 - INFO - Setting up Chrome driver...
2025-10-27 00:44:19,324 - INFO - Using profile directory: C:\Windows\Temp\chrome_scraper_profile
2025-10-27 00:44:19,324 - INFO - Initializing Chrome driver (attempt 1/3)...
2025-10-27 00:44:23,530 - ERROR - Attempt 1 failed: [WinError 183] Cannot create a file when that file already exists: 'C:\\laragon\\www\\dapokalsel\\sekolah\\~\\appdata\\roaming\\undetected_chromedriver\\undetected\\chromedriver-win32\\chromedriver.exe' -> 'C:\\laragon\\www\\dapokalsel\\sekolah\\~\\appdata\\roaming\\undetected_chromedriver\\undetected_chromedriver.exe'
2025-10-27 00:44:23,531 - INFO - Retrying in 5 seconds...
2025-10-27 00:44:28,531 - INFO - Initializing Chrome driver (attempt 2/3)...
2025-10-27 00:44:31,480 - INFO - patching driver executable C:\laragon\www\dapokalsel\sekolah\~\appdata\roaming\undetected_chromedriver\undetected_chromedriver.exe
2025-10-27 00:44:31,557 - ERROR - Attempt 2 failed: Binary Location Must be a String
2025-10-27 00:44:31,558 - INFO - Retrying in 5 seconds...
2025-10-27 00:44:36,559 - INFO - Initializing Chrome driver (attempt 3/3)...
2025-10-27 00:44:41,633 - ERROR - Attempt 3 failed: [WinError 183] Cannot create a file when that file already exists: 'C:\\laragon\\www\\dapokalsel\\sekolah\\~\\appdata\\roaming\\undetected_chromedriver\\undetected\\chromedriver-win32\\chromedriver.exe' -> 'C:\\laragon\\www\\dapokalsel\\sekolah\\~\\appdata\\roaming\\undetected_chromedriver\\undetected_chromedriver.exe'
2025-10-27 00:44:41,634 - ERROR - All attempts failed to setup driver
Traceback (most recent call last):
  File "C:\laragon\www\dapokalsel\sekolah\import_url_kabupaten.pyw", line 115, in setup_driver
    driver = uc.Chrome(
  File "C:\laragon\bin\python\python-3.10\lib\site-packages\undetected_chromedriver\__init__.py", line 258, in __init__
    self.patcher.auto()
  File "C:\laragon\bin\python\python-3.10\lib\site-packages\undetected_chromedriver\patcher.py", line 178, in auto
    self.unzip_package(self.fetch_package())
  File "C:\laragon\bin\python\python-3.10\lib\site-packages\undetected_chromedriver\patcher.py", line 310, in unzip_package
    os.rename(os.path.join(self.zip_path, exe_path), self.executable_path)
FileExistsError: [WinError 183] Cannot create a file when that file already exists: 'C:\\laragon\\www\\dapokalsel\\sekolah\\~\\appdata\\roaming\\undetected_chromedriver\\undetected\\chromedriver-win32\\chromedriver.exe' -> 'C:\\laragon\\www\\dapokalsel\\sekolah\\~\\appdata\\roaming\\undetected_chromedriver\\undetected_chromedriver.exe'
2025-10-27 00:44:41,635 - ERROR - Error on attempt 235: Failed to setup driver
Traceback (most recent call last):
  File "C:\laragon\www\dapokalsel\sekolah\import_url_kabupaten.pyw", line 435, in process_url_induk
    raise Exception("Failed to setup driver")
Exception: Failed to setup driver
2025-10-27 00:44:41,635 - INFO - Retry attempt 236/300...
2025-10-27 00:44:56,636 - INFO - Setting up Chrome driver...
2025-10-27 00:44:56,637 - INFO - Using profile directory: C:\Windows\Temp\chrome_scraper_profile
2025-10-27 00:44:56,638 - INFO - Initializing Chrome driver (attempt 1/3)...
2025-10-27 00:45:00,114 - INFO - patching driver executable C:\laragon\www\dapokalsel\sekolah\~\appdata\roaming\undetected_chromedriver\undetected_chromedriver.exe
2025-10-27 00:45:00,191 - ERROR - Attempt 1 failed: Binary Location Must be a String
2025-10-27 00:45:00,191 - INFO - Retrying in 5 seconds...
2025-10-27 00:45:05,191 - INFO - Initializing Chrome driver (attempt 2/3)...
2025-10-27 00:45:08,195 - INFO - patching driver executable C:\laragon\www\dapokalsel\sekolah\~\appdata\roaming\undetected_chromedriver\undetected_chromedriver.exe
2025-10-27 00:45:08,298 - ERROR - Attempt 2 failed: you cannot reuse the ChromeOptions object
2025-10-27 00:45:08,299 - INFO - Retrying in 5 seconds...
2025-10-27 00:45:13,299 - INFO - Initializing Chrome driver (attempt 3/3)...
2025-10-27 00:45:16,230 - INFO - patching driver executable C:\laragon\www\dapokalsel\sekolah\~\appdata\roaming\undetected_chromedriver\undetected_chromedriver.exe
2025-10-27 00:45:16,316 - ERROR - Attempt 3 failed: you cannot reuse the ChromeOptions object
2025-10-27 00:45:16,316 - ERROR - All attempts failed to setup driver
Traceback (most recent call last):
  File "C:\laragon\www\dapokalsel\sekolah\import_url_kabupaten.pyw", line 115, in setup_driver
    driver = uc.Chrome(
  File "C:\laragon\bin\python\python-3.10\lib\site-packages\undetected_chromedriver\__init__.py", line 269, in __init__
    raise RuntimeError("you cannot reuse the ChromeOptions object")
RuntimeError: you cannot reuse the ChromeOptions object
2025-10-27 00:45:16,316 - ERROR - Error on attempt 236: Failed to setup driver
Traceback (most recent call last):
  File "C:\laragon\www\dapokalsel\sekolah\import_url_kabupaten.pyw", line 435, in process_url_induk
    raise Exception("Failed to setup driver")
Exception: Failed to setup driver
2025-10-27 00:45:16,317 - INFO - Retry attempt 237/300...
2025-10-27 00:45:31,318 - INFO - Setting up Chrome driver...
2025-10-27 00:45:31,318 - INFO - Using profile directory: C:\Windows\Temp\chrome_scraper_profile
2025-10-27 00:45:31,318 - INFO - Initializing Chrome driver (attempt 1/3)...
2025-10-27 00:45:34,759 - ERROR - Attempt 1 failed: [WinError 183] Cannot create a file when that file already exists: 'C:\\laragon\\www\\dapokalsel\\sekolah\\~\\appdata\\roaming\\undetected_chromedriver\\undetected\\chromedriver-win32\\chromedriver.exe' -> 'C:\\laragon\\www\\dapokalsel\\sekolah\\~\\appdata\\roaming\\undetected_chromedriver\\undetected_chromedriver.exe'
2025-10-27 00:45:34,760 - INFO - Retrying in 5 seconds...
2025-10-27 00:45:39,762 - INFO - Initializing Chrome driver (attempt 2/3)...
2025-10-27 00:45:42,745 - INFO - patching driver executable C:\laragon\www\dapokalsel\sekolah\~\appdata\roaming\undetected_chromedriver\undetected_chromedriver.exe
2025-10-27 00:45:42,831 - ERROR - Attempt 2 failed: Binary Location Must be a String
2025-10-27 00:45:42,831 - INFO - Retrying in 5 seconds...
2025-10-27 00:45:47,831 - INFO - Initializing Chrome driver (attempt 3/3)...
2025-10-27 00:45:53,552 - ERROR - Attempt 3 failed: [WinError 183] Cannot create a file when that file already exists: 'C:\\laragon\\www\\dapokalsel\\sekolah\\~\\appdata\\roaming\\undetected_chromedriver\\undetected\\chromedriver-win32\\chromedriver.exe' -> 'C:\\laragon\\www\\dapokalsel\\sekolah\\~\\appdata\\roaming\\undetected_chromedriver\\undetected_chromedriver.exe'
2025-10-27 00:45:53,552 - ERROR - All attempts failed to setup driver
Traceback (most recent call last):
  File "C:\laragon\www\dapokalsel\sekolah\import_url_kabupaten.pyw", line 115, in setup_driver
    driver = uc.Chrome(
  File "C:\laragon\bin\python\python-3.10\lib\site-packages\undetected_chromedriver\__init__.py", line 258, in __init__
    self.patcher.auto()
  File "C:\laragon\bin\python\python-3.10\lib\site-packages\undetected_chromedriver\patcher.py", line 178, in auto
    self.unzip_package(self.fetch_package())
  File "C:\laragon\bin\python\python-3.10\lib\site-packages\undetected_chromedriver\patcher.py", line 310, in unzip_package
    os.rename(os.path.join(self.zip_path, exe_path), self.executable_path)
FileExistsError: [WinError 183] Cannot create a file when that file already exists: 'C:\\laragon\\www\\dapokalsel\\sekolah\\~\\appdata\\roaming\\undetected_chromedriver\\undetected\\chromedriver-win32\\chromedriver.exe' -> 'C:\\laragon\\www\\dapokalsel\\sekolah\\~\\appdata\\roaming\\undetected_chromedriver\\undetected_chromedriver.exe'
2025-10-27 00:45:53,553 - ERROR - Error on attempt 237: Failed to setup driver
Traceback (most recent call last):
  File "C:\laragon\www\dapokalsel\sekolah\import_url_kabupaten.pyw", line 435, in process_url_induk
    raise Exception("Failed to setup driver")
Exception: Failed to setup driver
2025-10-27 00:45:53,554 - INFO - Retry attempt 238/300...
2025-10-27 00:46:08,554 - INFO - Setting up Chrome driver...
2025-10-27 00:46:08,555 - INFO - Using profile directory: C:\Windows\Temp\chrome_scraper_profile
2025-10-27 00:46:08,555 - INFO - Initializing Chrome driver (attempt 1/3)...
2025-10-27 00:46:12,005 - INFO - patching driver executable C:\laragon\www\dapokalsel\sekolah\~\appdata\roaming\undetected_chromedriver\undetected_chromedriver.exe
2025-10-27 00:46:12,091 - ERROR - Attempt 1 failed: Binary Location Must be a String
2025-10-27 00:46:12,091 - INFO - Retrying in 5 seconds...
2025-10-27 00:46:17,093 - INFO - Initializing Chrome driver (attempt 2/3)...
2025-10-27 00:46:20,045 - INFO - patching driver executable C:\laragon\www\dapokalsel\sekolah\~\appdata\roaming\undetected_chromedriver\undetected_chromedriver.exe
2025-10-27 00:46:20,121 - ERROR - Attempt 2 failed: you cannot reuse the ChromeOptions object
2025-10-27 00:46:20,121 - INFO - Retrying in 5 seconds...
2025-10-27 00:46:25,122 - INFO - Initializing Chrome driver (attempt 3/3)...
2025-10-27 00:46:29,666 - ERROR - Attempt 3 failed: [WinError 183] Cannot create a file when that file already exists: 'C:\\laragon\\www\\dapokalsel\\sekolah\\~\\appdata\\roaming\\undetected_chromedriver\\undetected\\chromedriver-win32\\chromedriver.exe' -> 'C:\\laragon\\www\\dapokalsel\\sekolah\\~\\appdata\\roaming\\undetected_chromedriver\\undetected_chromedriver.exe'
2025-10-27 00:46:29,666 - ERROR - All attempts failed to setup driver
Traceback (most recent call last):
  File "C:\laragon\www\dapokalsel\sekolah\import_url_kabupaten.pyw", line 115, in setup_driver
    driver = uc.Chrome(
  File "C:\laragon\bin\python\python-3.10\lib\site-packages\undetected_chromedriver\__init__.py", line 258, in __init__
    self.patcher.auto()
  File "C:\laragon\bin\python\python-3.10\lib\site-packages\undetected_chromedriver\patcher.py", line 178, in auto
    self.unzip_package(self.fetch_package())
  File "C:\laragon\bin\python\python-3.10\lib\site-packages\undetected_chromedriver\patcher.py", line 310, in unzip_package
    os.rename(os.path.join(self.zip_path, exe_path), self.executable_path)
FileExistsError: [WinError 183] Cannot create a file when that file already exists: 'C:\\laragon\\www\\dapokalsel\\sekolah\\~\\appdata\\roaming\\undetected_chromedriver\\undetected\\chromedriver-win32\\chromedriver.exe' -> 'C:\\laragon\\www\\dapokalsel\\sekolah\\~\\appdata\\roaming\\undetected_chromedriver\\undetected_chromedriver.exe'
2025-10-27 00:46:29,667 - ERROR - Error on attempt 238: Failed to setup driver
Traceback (most recent call last):
  File "C:\laragon\www\dapokalsel\sekolah\import_url_kabupaten.pyw", line 435, in process_url_induk
    raise Exception("Failed to setup driver")
Exception: Failed to setup driver
2025-10-27 00:46:29,667 - INFO - Retry attempt 239/300...
2025-10-27 00:46:44,667 - INFO - Setting up Chrome driver...
2025-10-27 00:46:44,667 - INFO - Using profile directory: C:\Windows\Temp\chrome_scraper_profile
2025-10-27 00:46:44,667 - INFO - Initializing Chrome driver (attempt 1/3)...
2025-10-27 00:46:47,986 - INFO - patching driver executable C:\laragon\www\dapokalsel\sekolah\~\appdata\roaming\undetected_chromedriver\undetected_chromedriver.exe
2025-10-27 00:46:48,063 - ERROR - Attempt 1 failed: Binary Location Must be a String
2025-10-27 00:46:48,063 - INFO - Retrying in 5 seconds...
2025-10-27 00:46:53,063 - INFO - Initializing Chrome driver (attempt 2/3)...
2025-10-27 00:46:57,112 - INFO - patching driver executable C:\laragon\www\dapokalsel\sekolah\~\appdata\roaming\undetected_chromedriver\undetected_chromedriver.exe
2025-10-27 00:46:57,202 - ERROR - Attempt 2 failed: you cannot reuse the ChromeOptions object
2025-10-27 00:46:57,202 - INFO - Retrying in 5 seconds...
2025-10-27 00:47:02,202 - INFO - Initializing Chrome driver (attempt 3/3)...
2025-10-27 00:47:05,068 - INFO - patching driver executable C:\laragon\www\dapokalsel\sekolah\~\appdata\roaming\undetected_chromedriver\undetected_chromedriver.exe
2025-10-27 00:47:05,143 - ERROR - Attempt 3 failed: you cannot reuse the ChromeOptions object
2025-10-27 00:47:05,143 - ERROR - All attempts failed to setup driver
Traceback (most recent call last):
  File "C:\laragon\www\dapokalsel\sekolah\import_url_kabupaten.pyw", line 115, in setup_driver
    driver = uc.Chrome(
  File "C:\laragon\bin\python\python-3.10\lib\site-packages\undetected_chromedriver\__init__.py", line 269, in __init__
    raise RuntimeError("you cannot reuse the ChromeOptions object")
RuntimeError: you cannot reuse the ChromeOptions object
2025-10-27 00:47:05,144 - ERROR - Error on attempt 239: Failed to setup driver
Traceback (most recent call last):
  File "C:\laragon\www\dapokalsel\sekolah\import_url_kabupaten.pyw", line 435, in process_url_induk
    raise Exception("Failed to setup driver")
Exception: Failed to setup driver
2025-10-27 00:47:05,144 - INFO - Retry attempt 240/300...
2025-10-27 00:47:20,144 - INFO - Setting up Chrome driver...
2025-10-27 00:47:20,144 - INFO - Using profile directory: C:\Windows\Temp\chrome_scraper_profile
2025-10-27 00:47:20,144 - INFO - Initializing Chrome driver (attempt 1/3)...
2025-10-27 00:47:23,179 - INFO - patching driver executable C:\laragon\www\dapokalsel\sekolah\~\appdata\roaming\undetected_chromedriver\undetected_chromedriver.exe
2025-10-27 00:47:23,265 - ERROR - Attempt 1 failed: Binary Location Must be a String
2025-10-27 00:47:23,265 - INFO - Retrying in 5 seconds...
2025-10-27 00:47:28,267 - INFO - Initializing Chrome driver (attempt 2/3)...
2025-10-27 00:47:31,276 - INFO - patching driver executable C:\laragon\www\dapokalsel\sekolah\~\appdata\roaming\undetected_chromedriver\undetected_chromedriver.exe
2025-10-27 00:47:31,351 - ERROR - Attempt 2 failed: you cannot reuse the ChromeOptions object
2025-10-27 00:47:31,351 - INFO - Retrying in 5 seconds...
2025-10-27 00:47:36,351 - INFO - Initializing Chrome driver (attempt 3/3)...
2025-10-27 00:47:39,791 - INFO - patching driver executable C:\laragon\www\dapokalsel\sekolah\~\appdata\roaming\undetected_chromedriver\undetected_chromedriver.exe
2025-10-27 00:47:39,885 - ERROR - Attempt 3 failed: you cannot reuse the ChromeOptions object
2025-10-27 00:47:39,885 - ERROR - All attempts failed to setup driver
Traceback (most recent call last):
  File "C:\laragon\www\dapokalsel\sekolah\import_url_kabupaten.pyw", line 115, in setup_driver
    driver = uc.Chrome(
  File "C:\laragon\bin\python\python-3.10\lib\site-packages\undetected_chromedriver\__init__.py", line 269, in __init__
    raise RuntimeError("you cannot reuse the ChromeOptions object")
RuntimeError: you cannot reuse the ChromeOptions object
2025-10-27 00:47:39,886 - ERROR - Error on attempt 240: Failed to setup driver
Traceback (most recent call last):
  File "C:\laragon\www\dapokalsel\sekolah\import_url_kabupaten.pyw", line 435, in process_url_induk
    raise Exception("Failed to setup driver")
Exception: Failed to setup driver
2025-10-27 00:47:39,887 - INFO - Retry attempt 241/300...
2025-10-27 00:47:54,887 - INFO - Setting up Chrome driver...
2025-10-27 00:47:54,887 - INFO - Using profile directory: C:\Windows\Temp\chrome_scraper_profile
2025-10-27 00:47:54,887 - INFO - Initializing Chrome driver (attempt 1/3)...
2025-10-27 00:47:58,777 - ERROR - Attempt 1 failed: [WinError 183] Cannot create a file when that file already exists: 'C:\\laragon\\www\\dapokalsel\\sekolah\\~\\appdata\\roaming\\undetected_chromedriver\\undetected\\chromedriver-win32\\chromedriver.exe' -> 'C:\\laragon\\www\\dapokalsel\\sekolah\\~\\appdata\\roaming\\undetected_chromedriver\\undetected_chromedriver.exe'
2025-10-27 00:47:58,777 - INFO - Retrying in 5 seconds...
2025-10-27 00:48:03,777 - INFO - Initializing Chrome driver (attempt 2/3)...
2025-10-27 00:48:06,682 - INFO - patching driver executable C:\laragon\www\dapokalsel\sekolah\~\appdata\roaming\undetected_chromedriver\undetected_chromedriver.exe
2025-10-27 00:48:06,758 - ERROR - Attempt 2 failed: Binary Location Must be a String
2025-10-27 00:48:06,759 - INFO - Retrying in 5 seconds...
2025-10-27 00:48:11,759 - INFO - Initializing Chrome driver (attempt 3/3)...
2025-10-27 00:48:18,092 - ERROR - Attempt 3 failed: [WinError 183] Cannot create a file when that file already exists: 'C:\\laragon\\www\\dapokalsel\\sekolah\\~\\appdata\\roaming\\undetected_chromedriver\\undetected\\chromedriver-win32\\chromedriver.exe' -> 'C:\\laragon\\www\\dapokalsel\\sekolah\\~\\appdata\\roaming\\undetected_chromedriver\\undetected_chromedriver.exe'
2025-10-27 00:48:18,092 - ERROR - All attempts failed to setup driver
Traceback (most recent call last):
  File "C:\laragon\www\dapokalsel\sekolah\import_url_kabupaten.pyw", line 115, in setup_driver
    driver = uc.Chrome(
  File "C:\laragon\bin\python\python-3.10\lib\site-packages\undetected_chromedriver\__init__.py", line 258, in __init__
    self.patcher.auto()
  File "C:\laragon\bin\python\python-3.10\lib\site-packages\undetected_chromedriver\patcher.py", line 178, in auto
    self.unzip_package(self.fetch_package())
  File "C:\laragon\bin\python\python-3.10\lib\site-packages\undetected_chromedriver\patcher.py", line 310, in unzip_package
    os.rename(os.path.join(self.zip_path, exe_path), self.executable_path)
FileExistsError: [WinError 183] Cannot create a file when that file already exists: 'C:\\laragon\\www\\dapokalsel\\sekolah\\~\\appdata\\roaming\\undetected_chromedriver\\undetected\\chromedriver-win32\\chromedriver.exe' -> 'C:\\laragon\\www\\dapokalsel\\sekolah\\~\\appdata\\roaming\\undetected_chromedriver\\undetected_chromedriver.exe'
2025-10-27 00:48:18,093 - ERROR - Error on attempt 241: Failed to setup driver
Traceback (most recent call last):
  File "C:\laragon\www\dapokalsel\sekolah\import_url_kabupaten.pyw", line 435, in process_url_induk
    raise Exception("Failed to setup driver")
Exception: Failed to setup driver
2025-10-27 00:48:18,093 - INFO - Retry attempt 242/300...
2025-10-27 00:48:33,093 - INFO - Setting up Chrome driver...
2025-10-27 00:48:33,093 - INFO - Using profile directory: C:\Windows\Temp\chrome_scraper_profile
2025-10-27 00:48:33,094 - INFO - Initializing Chrome driver (attempt 1/3)...
2025-10-27 00:48:36,817 - INFO - patching driver executable C:\laragon\www\dapokalsel\sekolah\~\appdata\roaming\undetected_chromedriver\undetected_chromedriver.exe
2025-10-27 00:48:36,915 - ERROR - Attempt 1 failed: Binary Location Must be a String
2025-10-27 00:48:36,915 - INFO - Retrying in 5 seconds...
2025-10-27 00:48:41,915 - INFO - Initializing Chrome driver (attempt 2/3)...
2025-10-27 00:48:45,006 - INFO - patching driver executable C:\laragon\www\dapokalsel\sekolah\~\appdata\roaming\undetected_chromedriver\undetected_chromedriver.exe
2025-10-27 00:48:45,102 - ERROR - Attempt 2 failed: you cannot reuse the ChromeOptions object
2025-10-27 00:48:45,102 - INFO - Retrying in 5 seconds...
2025-10-27 00:48:50,103 - INFO - Initializing Chrome driver (attempt 3/3)...
2025-10-27 00:48:53,649 - ERROR - Attempt 3 failed: [WinError 183] Cannot create a file when that file already exists: 'C:\\laragon\\www\\dapokalsel\\sekolah\\~\\appdata\\roaming\\undetected_chromedriver\\undetected\\chromedriver-win32\\chromedriver.exe' -> 'C:\\laragon\\www\\dapokalsel\\sekolah\\~\\appdata\\roaming\\undetected_chromedriver\\undetected_chromedriver.exe'
2025-10-27 00:48:53,649 - ERROR - All attempts failed to setup driver
Traceback (most recent call last):
  File "C:\laragon\www\dapokalsel\sekolah\import_url_kabupaten.pyw", line 115, in setup_driver
    driver = uc.Chrome(
  File "C:\laragon\bin\python\python-3.10\lib\site-packages\undetected_chromedriver\__init__.py", line 258, in __init__
    self.patcher.auto()
  File "C:\laragon\bin\python\python-3.10\lib\site-packages\undetected_chromedriver\patcher.py", line 178, in auto
    self.unzip_package(self.fetch_package())
  File "C:\laragon\bin\python\python-3.10\lib\site-packages\undetected_chromedriver\patcher.py", line 310, in unzip_package
    os.rename(os.path.join(self.zip_path, exe_path), self.executable_path)
FileExistsError: [WinError 183] Cannot create a file when that file already exists: 'C:\\laragon\\www\\dapokalsel\\sekolah\\~\\appdata\\roaming\\undetected_chromedriver\\undetected\\chromedriver-win32\\chromedriver.exe' -> 'C:\\laragon\\www\\dapokalsel\\sekolah\\~\\appdata\\roaming\\undetected_chromedriver\\undetected_chromedriver.exe'
2025-10-27 00:48:53,651 - ERROR - Error on attempt 242: Failed to setup driver
Traceback (most recent call last):
  File "C:\laragon\www\dapokalsel\sekolah\import_url_kabupaten.pyw", line 435, in process_url_induk
    raise Exception("Failed to setup driver")
Exception: Failed to setup driver
2025-10-27 00:48:53,651 - INFO - Retry attempt 243/300...
2025-10-27 00:49:08,652 - INFO - Setting up Chrome driver...
2025-10-27 00:49:08,652 - INFO - Using profile directory: C:\Windows\Temp\chrome_scraper_profile
2025-10-27 00:49:08,653 - INFO - Initializing Chrome driver (attempt 1/3)...
2025-10-27 00:49:11,680 - INFO - patching driver executable C:\laragon\www\dapokalsel\sekolah\~\appdata\roaming\undetected_chromedriver\undetected_chromedriver.exe
2025-10-27 00:49:11,755 - ERROR - Attempt 1 failed: Binary Location Must be a String
2025-10-27 00:49:11,755 - INFO - Retrying in 5 seconds...
2025-10-27 00:49:16,756 - INFO - Initializing Chrome driver (attempt 2/3)...
2025-10-27 00:49:20,290 - INFO - patching driver executable C:\laragon\www\dapokalsel\sekolah\~\appdata\roaming\undetected_chromedriver\undetected_chromedriver.exe
2025-10-27 00:49:20,394 - ERROR - Attempt 2 failed: you cannot reuse the ChromeOptions object
2025-10-27 00:49:20,394 - INFO - Retrying in 5 seconds...
2025-10-27 00:49:25,395 - INFO - Initializing Chrome driver (attempt 3/3)...
2025-10-27 00:49:30,101 - ERROR - Attempt 3 failed: [WinError 183] Cannot create a file when that file already exists: 'C:\\laragon\\www\\dapokalsel\\sekolah\\~\\appdata\\roaming\\undetected_chromedriver\\undetected\\chromedriver-win32\\chromedriver.exe' -> 'C:\\laragon\\www\\dapokalsel\\sekolah\\~\\appdata\\roaming\\undetected_chromedriver\\undetected_chromedriver.exe'
2025-10-27 00:49:30,101 - ERROR - All attempts failed to setup driver
Traceback (most recent call last):
  File "C:\laragon\www\dapokalsel\sekolah\import_url_kabupaten.pyw", line 115, in setup_driver
    driver = uc.Chrome(
  File "C:\laragon\bin\python\python-3.10\lib\site-packages\undetected_chromedriver\__init__.py", line 258, in __init__
    self.patcher.auto()
  File "C:\laragon\bin\python\python-3.10\lib\site-packages\undetected_chromedriver\patcher.py", line 178, in auto
    self.unzip_package(self.fetch_package())
  File "C:\laragon\bin\python\python-3.10\lib\site-packages\undetected_chromedriver\patcher.py", line 310, in unzip_package
    os.rename(os.path.join(self.zip_path, exe_path), self.executable_path)
FileExistsError: [WinError 183] Cannot create a file when that file already exists: 'C:\\laragon\\www\\dapokalsel\\sekolah\\~\\appdata\\roaming\\undetected_chromedriver\\undetected\\chromedriver-win32\\chromedriver.exe' -> 'C:\\laragon\\www\\dapokalsel\\sekolah\\~\\appdata\\roaming\\undetected_chromedriver\\undetected_chromedriver.exe'
2025-10-27 00:49:30,102 - ERROR - Error on attempt 243: Failed to setup driver
Traceback (most recent call last):
  File "C:\laragon\www\dapokalsel\sekolah\import_url_kabupaten.pyw", line 435, in process_url_induk
    raise Exception("Failed to setup driver")
Exception: Failed to setup driver
2025-10-27 00:49:30,102 - INFO - Retry attempt 244/300...
2025-10-27 00:49:45,102 - INFO - Setting up Chrome driver...
2025-10-27 00:49:45,103 - INFO - Using profile directory: C:\Windows\Temp\chrome_scraper_profile
2025-10-27 00:49:45,103 - INFO - Initializing Chrome driver (attempt 1/3)...
2025-10-27 00:49:48,178 - INFO - patching driver executable C:\laragon\www\dapokalsel\sekolah\~\appdata\roaming\undetected_chromedriver\undetected_chromedriver.exe
2025-10-27 00:49:48,254 - ERROR - Attempt 1 failed: Binary Location Must be a String
2025-10-27 00:49:48,254 - INFO - Retrying in 5 seconds...
2025-10-27 00:49:53,254 - INFO - Initializing Chrome driver (attempt 2/3)...
2025-10-27 00:49:57,605 - INFO - patching driver executable C:\laragon\www\dapokalsel\sekolah\~\appdata\roaming\undetected_chromedriver\undetected_chromedriver.exe
2025-10-27 00:49:57,704 - ERROR - Attempt 2 failed: you cannot reuse the ChromeOptions object
2025-10-27 00:49:57,704 - INFO - Retrying in 5 seconds...
2025-10-27 00:50:02,704 - INFO - Initializing Chrome driver (attempt 3/3)...
2025-10-27 00:50:05,603 - INFO - patching driver executable C:\laragon\www\dapokalsel\sekolah\~\appdata\roaming\undetected_chromedriver\undetected_chromedriver.exe
2025-10-27 00:50:05,683 - ERROR - Attempt 3 failed: you cannot reuse the ChromeOptions object
2025-10-27 00:50:05,683 - ERROR - All attempts failed to setup driver
Traceback (most recent call last):
  File "C:\laragon\www\dapokalsel\sekolah\import_url_kabupaten.pyw", line 115, in setup_driver
    driver = uc.Chrome(
  File "C:\laragon\bin\python\python-3.10\lib\site-packages\undetected_chromedriver\__init__.py", line 269, in __init__
    raise RuntimeError("you cannot reuse the ChromeOptions object")
RuntimeError: you cannot reuse the ChromeOptions object
2025-10-27 00:50:05,684 - ERROR - Error on attempt 244: Failed to setup driver
Traceback (most recent call last):
  File "C:\laragon\www\dapokalsel\sekolah\import_url_kabupaten.pyw", line 435, in process_url_induk
    raise Exception("Failed to setup driver")
Exception: Failed to setup driver
2025-10-27 00:50:05,684 - INFO - Retry attempt 245/300...
2025-10-27 00:50:20,685 - INFO - Setting up Chrome driver...
2025-10-27 00:50:20,685 - INFO - Using profile directory: C:\Windows\Temp\chrome_scraper_profile
2025-10-27 00:50:20,685 - INFO - Initializing Chrome driver (attempt 1/3)...
2025-10-27 00:50:23,600 - INFO - patching driver executable C:\laragon\www\dapokalsel\sekolah\~\appdata\roaming\undetected_chromedriver\undetected_chromedriver.exe
2025-10-27 00:50:23,698 - ERROR - Attempt 1 failed: Binary Location Must be a String
2025-10-27 00:50:23,699 - INFO - Retrying in 5 seconds...
2025-10-27 00:50:28,700 - INFO - Initializing Chrome driver (attempt 2/3)...
2025-10-27 00:50:32,441 - INFO - patching driver executable C:\laragon\www\dapokalsel\sekolah\~\appdata\roaming\undetected_chromedriver\undetected_chromedriver.exe
2025-10-27 00:50:32,526 - ERROR - Attempt 2 failed: you cannot reuse the ChromeOptions object
2025-10-27 00:50:32,526 - INFO - Retrying in 5 seconds...
2025-10-27 00:50:37,526 - INFO - Initializing Chrome driver (attempt 3/3)...
2025-10-27 00:50:41,737 - INFO - patching driver executable C:\laragon\www\dapokalsel\sekolah\~\appdata\roaming\undetected_chromedriver\undetected_chromedriver.exe
2025-10-27 00:50:41,829 - ERROR - Attempt 3 failed: you cannot reuse the ChromeOptions object
2025-10-27 00:50:41,829 - ERROR - All attempts failed to setup driver
Traceback (most recent call last):
  File "C:\laragon\www\dapokalsel\sekolah\import_url_kabupaten.pyw", line 115, in setup_driver
    driver = uc.Chrome(
  File "C:\laragon\bin\python\python-3.10\lib\site-packages\undetected_chromedriver\__init__.py", line 269, in __init__
    raise RuntimeError("you cannot reuse the ChromeOptions object")
RuntimeError: you cannot reuse the ChromeOptions object
2025-10-27 00:50:41,830 - ERROR - Error on attempt 245: Failed to setup driver
Traceback (most recent call last):
  File "C:\laragon\www\dapokalsel\sekolah\import_url_kabupaten.pyw", line 435, in process_url_induk
    raise Exception("Failed to setup driver")
Exception: Failed to setup driver
2025-10-27 00:50:41,830 - INFO - Retry attempt 246/300...
2025-10-27 00:50:56,830 - INFO - Setting up Chrome driver...
2025-10-27 00:50:56,830 - INFO - Using profile directory: C:\Windows\Temp\chrome_scraper_profile
2025-10-27 00:50:56,830 - INFO - Initializing Chrome driver (attempt 1/3)...
2025-10-27 00:51:00,382 - INFO - patching driver executable C:\laragon\www\dapokalsel\sekolah\~\appdata\roaming\undetected_chromedriver\undetected_chromedriver.exe
2025-10-27 00:51:00,456 - ERROR - Attempt 1 failed: Binary Location Must be a String
2025-10-27 00:51:00,456 - INFO - Retrying in 5 seconds...
2025-10-27 00:51:05,457 - INFO - Initializing Chrome driver (attempt 2/3)...
2025-10-27 00:51:09,335 - INFO - patching driver executable C:\laragon\www\dapokalsel\sekolah\~\appdata\roaming\undetected_chromedriver\undetected_chromedriver.exe
2025-10-27 00:51:09,423 - ERROR - Attempt 2 failed: you cannot reuse the ChromeOptions object
2025-10-27 00:51:09,423 - INFO - Retrying in 5 seconds...
2025-10-27 00:51:14,424 - INFO - Initializing Chrome driver (attempt 3/3)...
2025-10-27 00:51:18,077 - INFO - patching driver executable C:\laragon\www\dapokalsel\sekolah\~\appdata\roaming\undetected_chromedriver\undetected_chromedriver.exe
2025-10-27 00:51:18,149 - ERROR - Attempt 3 failed: you cannot reuse the ChromeOptions object
2025-10-27 00:51:18,149 - ERROR - All attempts failed to setup driver
Traceback (most recent call last):
  File "C:\laragon\www\dapokalsel\sekolah\import_url_kabupaten.pyw", line 115, in setup_driver
    driver = uc.Chrome(
  File "C:\laragon\bin\python\python-3.10\lib\site-packages\undetected_chromedriver\__init__.py", line 269, in __init__
    raise RuntimeError("you cannot reuse the ChromeOptions object")
RuntimeError: you cannot reuse the ChromeOptions object
2025-10-27 00:51:18,150 - ERROR - Error on attempt 246: Failed to setup driver
Traceback (most recent call last):
  File "C:\laragon\www\dapokalsel\sekolah\import_url_kabupaten.pyw", line 435, in process_url_induk
    raise Exception("Failed to setup driver")
Exception: Failed to setup driver
2025-10-27 00:51:18,150 - INFO - Retry attempt 247/300...
2025-10-27 00:51:33,150 - INFO - Setting up Chrome driver...
2025-10-27 00:51:33,151 - INFO - Using profile directory: C:\Windows\Temp\chrome_scraper_profile
2025-10-27 00:51:33,151 - INFO - Initializing Chrome driver (attempt 1/3)...
2025-10-27 00:51:36,189 - INFO - patching driver executable C:\laragon\www\dapokalsel\sekolah\~\appdata\roaming\undetected_chromedriver\undetected_chromedriver.exe
2025-10-27 00:51:36,287 - ERROR - Attempt 1 failed: Binary Location Must be a String
2025-10-27 00:51:36,287 - INFO - Retrying in 5 seconds...
2025-10-27 00:51:41,288 - INFO - Initializing Chrome driver (attempt 2/3)...
2025-10-27 00:51:44,942 - INFO - patching driver executable C:\laragon\www\dapokalsel\sekolah\~\appdata\roaming\undetected_chromedriver\undetected_chromedriver.exe
2025-10-27 00:51:45,033 - ERROR - Attempt 2 failed: you cannot reuse the ChromeOptions object
2025-10-27 00:51:45,033 - INFO - Retrying in 5 seconds...
2025-10-27 00:51:50,033 - INFO - Initializing Chrome driver (attempt 3/3)...
2025-10-27 00:51:53,304 - INFO - patching driver executable C:\laragon\www\dapokalsel\sekolah\~\appdata\roaming\undetected_chromedriver\undetected_chromedriver.exe
2025-10-27 00:51:53,387 - ERROR - Attempt 3 failed: you cannot reuse the ChromeOptions object
2025-10-27 00:51:53,387 - ERROR - All attempts failed to setup driver
Traceback (most recent call last):
  File "C:\laragon\www\dapokalsel\sekolah\import_url_kabupaten.pyw", line 115, in setup_driver
    driver = uc.Chrome(
  File "C:\laragon\bin\python\python-3.10\lib\site-packages\undetected_chromedriver\__init__.py", line 269, in __init__
    raise RuntimeError("you cannot reuse the ChromeOptions object")
RuntimeError: you cannot reuse the ChromeOptions object
2025-10-27 00:51:53,387 - ERROR - Error on attempt 247: Failed to setup driver
Traceback (most recent call last):
  File "C:\laragon\www\dapokalsel\sekolah\import_url_kabupaten.pyw", line 435, in process_url_induk
    raise Exception("Failed to setup driver")
Exception: Failed to setup driver
2025-10-27 00:51:53,388 - INFO - Retry attempt 248/300...
2025-10-27 00:52:08,388 - INFO - Setting up Chrome driver...
2025-10-27 00:52:08,390 - INFO - Using profile directory: C:\Windows\Temp\chrome_scraper_profile
2025-10-27 00:52:08,390 - INFO - Initializing Chrome driver (attempt 1/3)...
2025-10-27 00:52:11,261 - INFO - patching driver executable C:\laragon\www\dapokalsel\sekolah\~\appdata\roaming\undetected_chromedriver\undetected_chromedriver.exe
2025-10-27 00:52:11,333 - ERROR - Attempt 1 failed: Binary Location Must be a String
2025-10-27 00:52:11,333 - INFO - Retrying in 5 seconds...
2025-10-27 00:52:16,333 - INFO - Initializing Chrome driver (attempt 2/3)...
2025-10-27 00:52:19,221 - INFO - patching driver executable C:\laragon\www\dapokalsel\sekolah\~\appdata\roaming\undetected_chromedriver\undetected_chromedriver.exe
2025-10-27 00:52:19,308 - ERROR - Attempt 2 failed: you cannot reuse the ChromeOptions object
2025-10-27 00:52:19,309 - INFO - Retrying in 5 seconds...
2025-10-27 00:52:24,309 - INFO - Initializing Chrome driver (attempt 3/3)...
2025-10-27 00:52:27,344 - INFO - patching driver executable C:\laragon\www\dapokalsel\sekolah\~\appdata\roaming\undetected_chromedriver\undetected_chromedriver.exe
2025-10-27 00:52:27,431 - ERROR - Attempt 3 failed: you cannot reuse the ChromeOptions object
2025-10-27 00:52:27,431 - ERROR - All attempts failed to setup driver
Traceback (most recent call last):
  File "C:\laragon\www\dapokalsel\sekolah\import_url_kabupaten.pyw", line 115, in setup_driver
    driver = uc.Chrome(
  File "C:\laragon\bin\python\python-3.10\lib\site-packages\undetected_chromedriver\__init__.py", line 269, in __init__
    raise RuntimeError("you cannot reuse the ChromeOptions object")
RuntimeError: you cannot reuse the ChromeOptions object
2025-10-27 00:52:27,431 - ERROR - Error on attempt 248: Failed to setup driver
Traceback (most recent call last):
  File "C:\laragon\www\dapokalsel\sekolah\import_url_kabupaten.pyw", line 435, in process_url_induk
    raise Exception("Failed to setup driver")
Exception: Failed to setup driver
2025-10-27 00:52:27,431 - INFO - Retry attempt 249/300...
2025-10-27 00:52:42,433 - INFO - Setting up Chrome driver...
2025-10-27 00:52:42,434 - INFO - Using profile directory: C:\Windows\Temp\chrome_scraper_profile
2025-10-27 00:52:42,434 - INFO - Initializing Chrome driver (attempt 1/3)...
2025-10-27 00:52:46,146 - INFO - patching driver executable C:\laragon\www\dapokalsel\sekolah\~\appdata\roaming\undetected_chromedriver\undetected_chromedriver.exe
2025-10-27 00:52:46,223 - ERROR - Attempt 1 failed: Binary Location Must be a String
2025-10-27 00:52:46,223 - INFO - Retrying in 5 seconds...
2025-10-27 00:52:51,223 - INFO - Initializing Chrome driver (attempt 2/3)...
2025-10-27 00:52:54,364 - INFO - patching driver executable C:\laragon\www\dapokalsel\sekolah\~\appdata\roaming\undetected_chromedriver\undetected_chromedriver.exe
2025-10-27 00:52:54,462 - ERROR - Attempt 2 failed: you cannot reuse the ChromeOptions object
2025-10-27 00:52:54,462 - INFO - Retrying in 5 seconds...
2025-10-27 00:52:59,462 - INFO - Initializing Chrome driver (attempt 3/3)...
2025-10-27 00:53:02,932 - ERROR - Attempt 3 failed: [WinError 183] Cannot create a file when that file already exists: 'C:\\laragon\\www\\dapokalsel\\sekolah\\~\\appdata\\roaming\\undetected_chromedriver\\undetected\\chromedriver-win32\\chromedriver.exe' -> 'C:\\laragon\\www\\dapokalsel\\sekolah\\~\\appdata\\roaming\\undetected_chromedriver\\undetected_chromedriver.exe'
2025-10-27 00:53:02,932 - ERROR - All attempts failed to setup driver
Traceback (most recent call last):
  File "C:\laragon\www\dapokalsel\sekolah\import_url_kabupaten.pyw", line 115, in setup_driver
    driver = uc.Chrome(
  File "C:\laragon\bin\python\python-3.10\lib\site-packages\undetected_chromedriver\__init__.py", line 258, in __init__
    self.patcher.auto()
  File "C:\laragon\bin\python\python-3.10\lib\site-packages\undetected_chromedriver\patcher.py", line 178, in auto
    self.unzip_package(self.fetch_package())
  File "C:\laragon\bin\python\python-3.10\lib\site-packages\undetected_chromedriver\patcher.py", line 310, in unzip_package
    os.rename(os.path.join(self.zip_path, exe_path), self.executable_path)
FileExistsError: [WinError 183] Cannot create a file when that file already exists: 'C:\\laragon\\www\\dapokalsel\\sekolah\\~\\appdata\\roaming\\undetected_chromedriver\\undetected\\chromedriver-win32\\chromedriver.exe' -> 'C:\\laragon\\www\\dapokalsel\\sekolah\\~\\appdata\\roaming\\undetected_chromedriver\\undetected_chromedriver.exe'
2025-10-27 00:53:02,932 - ERROR - Error on attempt 249: Failed to setup driver
Traceback (most recent call last):
  File "C:\laragon\www\dapokalsel\sekolah\import_url_kabupaten.pyw", line 435, in process_url_induk
    raise Exception("Failed to setup driver")
Exception: Failed to setup driver
2025-10-27 00:53:02,933 - INFO - Retry attempt 250/300...
2025-10-27 00:53:17,933 - INFO - Setting up Chrome driver...
2025-10-27 00:53:17,935 - INFO - Using profile directory: C:\Windows\Temp\chrome_scraper_profile
2025-10-27 00:53:17,935 - INFO - Initializing Chrome driver (attempt 1/3)...
2025-10-27 00:53:21,213 - INFO - patching driver executable C:\laragon\www\dapokalsel\sekolah\~\appdata\roaming\undetected_chromedriver\undetected_chromedriver.exe
2025-10-27 00:53:21,298 - ERROR - Attempt 1 failed: Binary Location Must be a String
2025-10-27 00:53:21,298 - INFO - Retrying in 5 seconds...
2025-10-27 00:53:26,298 - INFO - Initializing Chrome driver (attempt 2/3)...
2025-10-27 00:53:29,270 - INFO - patching driver executable C:\laragon\www\dapokalsel\sekolah\~\appdata\roaming\undetected_chromedriver\undetected_chromedriver.exe
2025-10-27 00:53:29,349 - ERROR - Attempt 2 failed: you cannot reuse the ChromeOptions object
2025-10-27 00:53:29,349 - INFO - Retrying in 5 seconds...
2025-10-27 00:53:34,350 - INFO - Initializing Chrome driver (attempt 3/3)...
2025-10-27 00:53:38,124 - ERROR - Attempt 3 failed: [WinError 183] Cannot create a file when that file already exists: 'C:\\laragon\\www\\dapokalsel\\sekolah\\~\\appdata\\roaming\\undetected_chromedriver\\undetected\\chromedriver-win32\\chromedriver.exe' -> 'C:\\laragon\\www\\dapokalsel\\sekolah\\~\\appdata\\roaming\\undetected_chromedriver\\undetected_chromedriver.exe'
2025-10-27 00:53:38,124 - ERROR - All attempts failed to setup driver
Traceback (most recent call last):
  File "C:\laragon\www\dapokalsel\sekolah\import_url_kabupaten.pyw", line 115, in setup_driver
    driver = uc.Chrome(
  File "C:\laragon\bin\python\python-3.10\lib\site-packages\undetected_chromedriver\__init__.py", line 258, in __init__
    self.patcher.auto()
  File "C:\laragon\bin\python\python-3.10\lib\site-packages\undetected_chromedriver\patcher.py", line 178, in auto
    self.unzip_package(self.fetch_package())
  File "C:\laragon\bin\python\python-3.10\lib\site-packages\undetected_chromedriver\patcher.py", line 310, in unzip_package
    os.rename(os.path.join(self.zip_path, exe_path), self.executable_path)
FileExistsError: [WinError 183] Cannot create a file when that file already exists: 'C:\\laragon\\www\\dapokalsel\\sekolah\\~\\appdata\\roaming\\undetected_chromedriver\\undetected\\chromedriver-win32\\chromedriver.exe' -> 'C:\\laragon\\www\\dapokalsel\\sekolah\\~\\appdata\\roaming\\undetected_chromedriver\\undetected_chromedriver.exe'
2025-10-27 00:53:38,125 - ERROR - Error on attempt 250: Failed to setup driver
Traceback (most recent call last):
  File "C:\laragon\www\dapokalsel\sekolah\import_url_kabupaten.pyw", line 435, in process_url_induk
    raise Exception("Failed to setup driver")
Exception: Failed to setup driver
2025-10-27 00:53:38,126 - INFO - Retry attempt 251/300...
2025-10-27 00:53:53,127 - INFO - Setting up Chrome driver...
2025-10-27 00:53:53,128 - INFO - Using profile directory: C:\Windows\Temp\chrome_scraper_profile
2025-10-27 00:53:53,128 - INFO - Initializing Chrome driver (attempt 1/3)...
2025-10-27 00:53:56,161 - INFO - patching driver executable C:\laragon\www\dapokalsel\sekolah\~\appdata\roaming\undetected_chromedriver\undetected_chromedriver.exe
2025-10-27 00:53:56,252 - ERROR - Attempt 1 failed: Binary Location Must be a String
2025-10-27 00:53:56,253 - INFO - Retrying in 5 seconds...
2025-10-27 00:54:01,254 - INFO - Initializing Chrome driver (attempt 2/3)...
2025-10-27 00:54:04,395 - INFO - patching driver executable C:\laragon\www\dapokalsel\sekolah\~\appdata\roaming\undetected_chromedriver\undetected_chromedriver.exe
2025-10-27 00:54:04,467 - ERROR - Attempt 2 failed: you cannot reuse the ChromeOptions object
2025-10-27 00:54:04,467 - INFO - Retrying in 5 seconds...
2025-10-27 00:54:09,469 - INFO - Initializing Chrome driver (attempt 3/3)...
2025-10-27 00:54:14,319 - ERROR - Attempt 3 failed: [WinError 183] Cannot create a file when that file already exists: 'C:\\laragon\\www\\dapokalsel\\sekolah\\~\\appdata\\roaming\\undetected_chromedriver\\undetected\\chromedriver-win32\\chromedriver.exe' -> 'C:\\laragon\\www\\dapokalsel\\sekolah\\~\\appdata\\roaming\\undetected_chromedriver\\undetected_chromedriver.exe'
2025-10-27 00:54:14,319 - ERROR - All attempts failed to setup driver
Traceback (most recent call last):
  File "C:\laragon\www\dapokalsel\sekolah\import_url_kabupaten.pyw", line 115, in setup_driver
    driver = uc.Chrome(
  File "C:\laragon\bin\python\python-3.10\lib\site-packages\undetected_chromedriver\__init__.py", line 258, in __init__
    self.patcher.auto()
  File "C:\laragon\bin\python\python-3.10\lib\site-packages\undetected_chromedriver\patcher.py", line 178, in auto
    self.unzip_package(self.fetch_package())
  File "C:\laragon\bin\python\python-3.10\lib\site-packages\undetected_chromedriver\patcher.py", line 310, in unzip_package
    os.rename(os.path.join(self.zip_path, exe_path), self.executable_path)
FileExistsError: [WinError 183] Cannot create a file when that file already exists: 'C:\\laragon\\www\\dapokalsel\\sekolah\\~\\appdata\\roaming\\undetected_chromedriver\\undetected\\chromedriver-win32\\chromedriver.exe' -> 'C:\\laragon\\www\\dapokalsel\\sekolah\\~\\appdata\\roaming\\undetected_chromedriver\\undetected_chromedriver.exe'
2025-10-27 00:54:14,320 - ERROR - Error on attempt 251: Failed to setup driver
Traceback (most recent call last):
  File "C:\laragon\www\dapokalsel\sekolah\import_url_kabupaten.pyw", line 435, in process_url_induk
    raise Exception("Failed to setup driver")
Exception: Failed to setup driver
2025-10-27 00:54:14,320 - INFO - Retry attempt 252/300...
2025-10-27 00:54:29,320 - INFO - Setting up Chrome driver...
2025-10-27 00:54:29,321 - INFO - Using profile directory: C:\Windows\Temp\chrome_scraper_profile
2025-10-27 00:54:29,321 - INFO - Initializing Chrome driver (attempt 1/3)...
2025-10-27 00:54:32,871 - INFO - patching driver executable C:\laragon\www\dapokalsel\sekolah\~\appdata\roaming\undetected_chromedriver\undetected_chromedriver.exe
2025-10-27 00:54:32,953 - ERROR - Attempt 1 failed: Binary Location Must be a String
2025-10-27 00:54:32,953 - INFO - Retrying in 5 seconds...
2025-10-27 00:54:37,953 - INFO - Initializing Chrome driver (attempt 2/3)...
2025-10-27 00:54:42,240 - INFO - patching driver executable C:\laragon\www\dapokalsel\sekolah\~\appdata\roaming\undetected_chromedriver\undetected_chromedriver.exe
2025-10-27 00:54:42,316 - ERROR - Attempt 2 failed: you cannot reuse the ChromeOptions object
2025-10-27 00:54:42,316 - INFO - Retrying in 5 seconds...
2025-10-27 00:54:47,318 - INFO - Initializing Chrome driver (attempt 3/3)...
2025-10-27 00:54:53,993 - ERROR - Attempt 3 failed: [WinError 183] Cannot create a file when that file already exists: 'C:\\laragon\\www\\dapokalsel\\sekolah\\~\\appdata\\roaming\\undetected_chromedriver\\undetected\\chromedriver-win32\\chromedriver.exe' -> 'C:\\laragon\\www\\dapokalsel\\sekolah\\~\\appdata\\roaming\\undetected_chromedriver\\undetected_chromedriver.exe'
2025-10-27 00:54:53,994 - ERROR - All attempts failed to setup driver
Traceback (most recent call last):
  File "C:\laragon\www\dapokalsel\sekolah\import_url_kabupaten.pyw", line 115, in setup_driver
    driver = uc.Chrome(
  File "C:\laragon\bin\python\python-3.10\lib\site-packages\undetected_chromedriver\__init__.py", line 258, in __init__
    self.patcher.auto()
  File "C:\laragon\bin\python\python-3.10\lib\site-packages\undetected_chromedriver\patcher.py", line 178, in auto
    self.unzip_package(self.fetch_package())
  File "C:\laragon\bin\python\python-3.10\lib\site-packages\undetected_chromedriver\patcher.py", line 310, in unzip_package
    os.rename(os.path.join(self.zip_path, exe_path), self.executable_path)
FileExistsError: [WinError 183] Cannot create a file when that file already exists: 'C:\\laragon\\www\\dapokalsel\\sekolah\\~\\appdata\\roaming\\undetected_chromedriver\\undetected\\chromedriver-win32\\chromedriver.exe' -> 'C:\\laragon\\www\\dapokalsel\\sekolah\\~\\appdata\\roaming\\undetected_chromedriver\\undetected_chromedriver.exe'
2025-10-27 00:54:53,994 - ERROR - Error on attempt 252: Failed to setup driver
Traceback (most recent call last):
  File "C:\laragon\www\dapokalsel\sekolah\import_url_kabupaten.pyw", line 435, in process_url_induk
    raise Exception("Failed to setup driver")
Exception: Failed to setup driver
2025-10-27 00:54:53,994 - INFO - Retry attempt 253/300...
2025-10-27 00:55:08,996 - INFO - Setting up Chrome driver...
2025-10-27 00:55:08,996 - INFO - Using profile directory: C:\Windows\Temp\chrome_scraper_profile
2025-10-27 00:55:08,997 - INFO - Initializing Chrome driver (attempt 1/3)...
2025-10-27 00:55:13,150 - INFO - patching driver executable C:\laragon\www\dapokalsel\sekolah\~\appdata\roaming\undetected_chromedriver\undetected_chromedriver.exe
2025-10-27 00:55:13,225 - ERROR - Attempt 1 failed: Binary Location Must be a String
2025-10-27 00:55:13,225 - INFO - Retrying in 5 seconds...
2025-10-27 00:55:18,226 - INFO - Initializing Chrome driver (attempt 2/3)...
2025-10-27 00:55:24,746 - ERROR - Attempt 2 failed: [WinError 183] Cannot create a file when that file already exists: 'C:\\laragon\\www\\dapokalsel\\sekolah\\~\\appdata\\roaming\\undetected_chromedriver\\undetected\\chromedriver-win32\\chromedriver.exe' -> 'C:\\laragon\\www\\dapokalsel\\sekolah\\~\\appdata\\roaming\\undetected_chromedriver\\undetected_chromedriver.exe'
2025-10-27 00:55:24,746 - INFO - Retrying in 5 seconds...
2025-10-27 00:55:29,746 - INFO - Initializing Chrome driver (attempt 3/3)...
2025-10-27 00:55:35,049 - ERROR - Attempt 3 failed: [WinError 183] Cannot create a file when that file already exists: 'C:\\laragon\\www\\dapokalsel\\sekolah\\~\\appdata\\roaming\\undetected_chromedriver\\undetected\\chromedriver-win32\\chromedriver.exe' -> 'C:\\laragon\\www\\dapokalsel\\sekolah\\~\\appdata\\roaming\\undetected_chromedriver\\undetected_chromedriver.exe'
2025-10-27 00:55:35,049 - ERROR - All attempts failed to setup driver
Traceback (most recent call last):
  File "C:\laragon\www\dapokalsel\sekolah\import_url_kabupaten.pyw", line 115, in setup_driver
    driver = uc.Chrome(
  File "C:\laragon\bin\python\python-3.10\lib\site-packages\undetected_chromedriver\__init__.py", line 258, in __init__
    self.patcher.auto()
  File "C:\laragon\bin\python\python-3.10\lib\site-packages\undetected_chromedriver\patcher.py", line 178, in auto
    self.unzip_package(self.fetch_package())
  File "C:\laragon\bin\python\python-3.10\lib\site-packages\undetected_chromedriver\patcher.py", line 310, in unzip_package
    os.rename(os.path.join(self.zip_path, exe_path), self.executable_path)
FileExistsError: [WinError 183] Cannot create a file when that file already exists: 'C:\\laragon\\www\\dapokalsel\\sekolah\\~\\appdata\\roaming\\undetected_chromedriver\\undetected\\chromedriver-win32\\chromedriver.exe' -> 'C:\\laragon\\www\\dapokalsel\\sekolah\\~\\appdata\\roaming\\undetected_chromedriver\\undetected_chromedriver.exe'
2025-10-27 00:55:35,049 - ERROR - Error on attempt 253: Failed to setup driver
Traceback (most recent call last):
  File "C:\laragon\www\dapokalsel\sekolah\import_url_kabupaten.pyw", line 435, in process_url_induk
    raise Exception("Failed to setup driver")
Exception: Failed to setup driver
2025-10-27 00:55:35,050 - INFO - Retry attempt 254/300...
2025-10-27 00:55:50,050 - INFO - Setting up Chrome driver...
2025-10-27 00:55:50,050 - INFO - Using profile directory: C:\Windows\Temp\chrome_scraper_profile
2025-10-27 00:55:50,050 - INFO - Initializing Chrome driver (attempt 1/3)...
2025-10-27 00:55:53,724 - INFO - patching driver executable C:\laragon\www\dapokalsel\sekolah\~\appdata\roaming\undetected_chromedriver\undetected_chromedriver.exe
2025-10-27 00:55:53,810 - ERROR - Attempt 1 failed: Binary Location Must be a String
2025-10-27 00:55:53,811 - INFO - Retrying in 5 seconds...
2025-10-27 00:55:58,812 - INFO - Initializing Chrome driver (attempt 2/3)...
2025-10-27 00:56:03,115 - INFO - patching driver executable C:\laragon\www\dapokalsel\sekolah\~\appdata\roaming\undetected_chromedriver\undetected_chromedriver.exe
2025-10-27 00:56:03,195 - ERROR - Attempt 2 failed: you cannot reuse the ChromeOptions object
2025-10-27 00:56:03,195 - INFO - Retrying in 5 seconds...
2025-10-27 00:56:08,195 - INFO - Initializing Chrome driver (attempt 3/3)...
2025-10-27 00:56:14,818 - ERROR - Attempt 3 failed: [WinError 183] Cannot create a file when that file already exists: 'C:\\laragon\\www\\dapokalsel\\sekolah\\~\\appdata\\roaming\\undetected_chromedriver\\undetected\\chromedriver-win32\\chromedriver.exe' -> 'C:\\laragon\\www\\dapokalsel\\sekolah\\~\\appdata\\roaming\\undetected_chromedriver\\undetected_chromedriver.exe'
2025-10-27 00:56:14,818 - ERROR - All attempts failed to setup driver
Traceback (most recent call last):
  File "C:\laragon\www\dapokalsel\sekolah\import_url_kabupaten.pyw", line 115, in setup_driver
    driver = uc.Chrome(
  File "C:\laragon\bin\python\python-3.10\lib\site-packages\undetected_chromedriver\__init__.py", line 258, in __init__
    self.patcher.auto()
  File "C:\laragon\bin\python\python-3.10\lib\site-packages\undetected_chromedriver\patcher.py", line 178, in auto
    self.unzip_package(self.fetch_package())
  File "C:\laragon\bin\python\python-3.10\lib\site-packages\undetected_chromedriver\patcher.py", line 310, in unzip_package
    os.rename(os.path.join(self.zip_path, exe_path), self.executable_path)
FileExistsError: [WinError 183] Cannot create a file when that file already exists: 'C:\\laragon\\www\\dapokalsel\\sekolah\\~\\appdata\\roaming\\undetected_chromedriver\\undetected\\chromedriver-win32\\chromedriver.exe' -> 'C:\\laragon\\www\\dapokalsel\\sekolah\\~\\appdata\\roaming\\undetected_chromedriver\\undetected_chromedriver.exe'
2025-10-27 00:56:14,819 - ERROR - Error on attempt 254: Failed to setup driver
Traceback (most recent call last):
  File "C:\laragon\www\dapokalsel\sekolah\import_url_kabupaten.pyw", line 435, in process_url_induk
    raise Exception("Failed to setup driver")
Exception: Failed to setup driver
2025-10-27 00:56:14,819 - INFO - Retry attempt 255/300...
2025-10-27 00:56:29,819 - INFO - Setting up Chrome driver...
2025-10-27 00:56:29,819 - INFO - Using profile directory: C:\Windows\Temp\chrome_scraper_profile
2025-10-27 00:56:29,819 - INFO - Initializing Chrome driver (attempt 1/3)...
2025-10-27 00:56:35,074 - ERROR - Attempt 1 failed: [WinError 183] Cannot create a file when that file already exists: 'C:\\laragon\\www\\dapokalsel\\sekolah\\~\\appdata\\roaming\\undetected_chromedriver\\undetected\\chromedriver-win32\\chromedriver.exe' -> 'C:\\laragon\\www\\dapokalsel\\sekolah\\~\\appdata\\roaming\\undetected_chromedriver\\undetected_chromedriver.exe'
2025-10-27 00:56:35,074 - INFO - Retrying in 5 seconds...
2025-10-27 00:56:40,074 - INFO - Initializing Chrome driver (attempt 2/3)...
2025-10-27 00:56:43,129 - INFO - patching driver executable C:\laragon\www\dapokalsel\sekolah\~\appdata\roaming\undetected_chromedriver\undetected_chromedriver.exe
2025-10-27 00:56:43,219 - ERROR - Attempt 2 failed: Binary Location Must be a String
2025-10-27 00:56:43,219 - INFO - Retrying in 5 seconds...
2025-10-27 00:56:48,220 - INFO - Initializing Chrome driver (attempt 3/3)...
2025-10-27 00:56:51,572 - ERROR - Attempt 3 failed: [WinError 183] Cannot create a file when that file already exists: 'C:\\laragon\\www\\dapokalsel\\sekolah\\~\\appdata\\roaming\\undetected_chromedriver\\undetected\\chromedriver-win32\\chromedriver.exe' -> 'C:\\laragon\\www\\dapokalsel\\sekolah\\~\\appdata\\roaming\\undetected_chromedriver\\undetected_chromedriver.exe'
2025-10-27 00:56:51,572 - ERROR - All attempts failed to setup driver
Traceback (most recent call last):
  File "C:\laragon\www\dapokalsel\sekolah\import_url_kabupaten.pyw", line 115, in setup_driver
    driver = uc.Chrome(
  File "C:\laragon\bin\python\python-3.10\lib\site-packages\undetected_chromedriver\__init__.py", line 258, in __init__
    self.patcher.auto()
  File "C:\laragon\bin\python\python-3.10\lib\site-packages\undetected_chromedriver\patcher.py", line 178, in auto
    self.unzip_package(self.fetch_package())
  File "C:\laragon\bin\python\python-3.10\lib\site-packages\undetected_chromedriver\patcher.py", line 310, in unzip_package
    os.rename(os.path.join(self.zip_path, exe_path), self.executable_path)
FileExistsError: [WinError 183] Cannot create a file when that file already exists: 'C:\\laragon\\www\\dapokalsel\\sekolah\\~\\appdata\\roaming\\undetected_chromedriver\\undetected\\chromedriver-win32\\chromedriver.exe' -> 'C:\\laragon\\www\\dapokalsel\\sekolah\\~\\appdata\\roaming\\undetected_chromedriver\\undetected_chromedriver.exe'
2025-10-27 00:56:51,573 - ERROR - Error on attempt 255: Failed to setup driver
Traceback (most recent call last):
  File "C:\laragon\www\dapokalsel\sekolah\import_url_kabupaten.pyw", line 435, in process_url_induk
    raise Exception("Failed to setup driver")
Exception: Failed to setup driver
2025-10-27 00:56:51,573 - INFO - Retry attempt 256/300...
2025-10-27 00:57:06,574 - INFO - Setting up Chrome driver...
2025-10-27 00:57:06,574 - INFO - Using profile directory: C:\Windows\Temp\chrome_scraper_profile
2025-10-27 00:57:06,574 - INFO - Initializing Chrome driver (attempt 1/3)...
2025-10-27 00:57:10,066 - INFO - patching driver executable C:\laragon\www\dapokalsel\sekolah\~\appdata\roaming\undetected_chromedriver\undetected_chromedriver.exe
2025-10-27 00:57:10,158 - ERROR - Attempt 1 failed: Binary Location Must be a String
2025-10-27 00:57:10,158 - INFO - Retrying in 5 seconds...
2025-10-27 00:57:15,158 - INFO - Initializing Chrome driver (attempt 2/3)...
2025-10-27 00:57:18,006 - INFO - patching driver executable C:\laragon\www\dapokalsel\sekolah\~\appdata\roaming\undetected_chromedriver\undetected_chromedriver.exe
2025-10-27 00:57:18,088 - ERROR - Attempt 2 failed: you cannot reuse the ChromeOptions object
2025-10-27 00:57:18,088 - INFO - Retrying in 5 seconds...
2025-10-27 00:57:23,090 - INFO - Initializing Chrome driver (attempt 3/3)...
2025-10-27 00:57:26,130 - INFO - patching driver executable C:\laragon\www\dapokalsel\sekolah\~\appdata\roaming\undetected_chromedriver\undetected_chromedriver.exe
2025-10-27 00:57:26,201 - ERROR - Attempt 3 failed: you cannot reuse the ChromeOptions object
2025-10-27 00:57:26,201 - ERROR - All attempts failed to setup driver
Traceback (most recent call last):
  File "C:\laragon\www\dapokalsel\sekolah\import_url_kabupaten.pyw", line 115, in setup_driver
    driver = uc.Chrome(
  File "C:\laragon\bin\python\python-3.10\lib\site-packages\undetected_chromedriver\__init__.py", line 269, in __init__
    raise RuntimeError("you cannot reuse the ChromeOptions object")
RuntimeError: you cannot reuse the ChromeOptions object
2025-10-27 00:57:26,202 - ERROR - Error on attempt 256: Failed to setup driver
Traceback (most recent call last):
  File "C:\laragon\www\dapokalsel\sekolah\import_url_kabupaten.pyw", line 435, in process_url_induk
    raise Exception("Failed to setup driver")
Exception: Failed to setup driver
2025-10-27 00:57:26,202 - INFO - Retry attempt 257/300...
2025-10-27 00:57:41,209 - INFO - Setting up Chrome driver...
2025-10-27 00:57:41,216 - INFO - Using profile directory: C:\Windows\Temp\chrome_scraper_profile
2025-10-27 00:57:41,216 - INFO - Initializing Chrome driver (attempt 1/3)...
2025-10-27 00:57:44,168 - INFO - patching driver executable C:\laragon\www\dapokalsel\sekolah\~\appdata\roaming\undetected_chromedriver\undetected_chromedriver.exe
2025-10-27 00:57:44,346 - ERROR - Attempt 1 failed: Binary Location Must be a String
2025-10-27 00:57:44,347 - INFO - Retrying in 5 seconds...
2025-10-27 00:57:49,347 - INFO - Initializing Chrome driver (attempt 2/3)...
2025-10-27 00:57:52,941 - INFO - patching driver executable C:\laragon\www\dapokalsel\sekolah\~\appdata\roaming\undetected_chromedriver\undetected_chromedriver.exe
2025-10-27 00:57:53,033 - ERROR - Attempt 2 failed: you cannot reuse the ChromeOptions object
2025-10-27 00:57:53,033 - INFO - Retrying in 5 seconds...
2025-10-27 00:57:58,033 - INFO - Initializing Chrome driver (attempt 3/3)...
2025-10-27 00:58:01,996 - ERROR - Attempt 3 failed: [WinError 183] Cannot create a file when that file already exists: 'C:\\laragon\\www\\dapokalsel\\sekolah\\~\\appdata\\roaming\\undetected_chromedriver\\undetected\\chromedriver-win32\\chromedriver.exe' -> 'C:\\laragon\\www\\dapokalsel\\sekolah\\~\\appdata\\roaming\\undetected_chromedriver\\undetected_chromedriver.exe'
2025-10-27 00:58:01,996 - ERROR - All attempts failed to setup driver
Traceback (most recent call last):
  File "C:\laragon\www\dapokalsel\sekolah\import_url_kabupaten.pyw", line 115, in setup_driver
    driver = uc.Chrome(
  File "C:\laragon\bin\python\python-3.10\lib\site-packages\undetected_chromedriver\__init__.py", line 258, in __init__
    self.patcher.auto()
  File "C:\laragon\bin\python\python-3.10\lib\site-packages\undetected_chromedriver\patcher.py", line 178, in auto
    self.unzip_package(self.fetch_package())
  File "C:\laragon\bin\python\python-3.10\lib\site-packages\undetected_chromedriver\patcher.py", line 310, in unzip_package
    os.rename(os.path.join(self.zip_path, exe_path), self.executable_path)
FileExistsError: [WinError 183] Cannot create a file when that file already exists: 'C:\\laragon\\www\\dapokalsel\\sekolah\\~\\appdata\\roaming\\undetected_chromedriver\\undetected\\chromedriver-win32\\chromedriver.exe' -> 'C:\\laragon\\www\\dapokalsel\\sekolah\\~\\appdata\\roaming\\undetected_chromedriver\\undetected_chromedriver.exe'
2025-10-27 00:58:01,996 - ERROR - Error on attempt 257: Failed to setup driver
Traceback (most recent call last):
  File "C:\laragon\www\dapokalsel\sekolah\import_url_kabupaten.pyw", line 435, in process_url_induk
    raise Exception("Failed to setup driver")
Exception: Failed to setup driver
2025-10-27 00:58:01,997 - INFO - Retry attempt 258/300...
2025-10-27 00:58:16,997 - INFO - Setting up Chrome driver...
2025-10-27 00:58:16,997 - INFO - Using profile directory: C:\Windows\Temp\chrome_scraper_profile
2025-10-27 00:58:16,997 - INFO - Initializing Chrome driver (attempt 1/3)...
2025-10-27 00:58:21,212 - INFO - patching driver executable C:\laragon\www\dapokalsel\sekolah\~\appdata\roaming\undetected_chromedriver\undetected_chromedriver.exe
2025-10-27 00:58:21,287 - ERROR - Attempt 1 failed: Binary Location Must be a String
2025-10-27 00:58:21,287 - INFO - Retrying in 5 seconds...
2025-10-27 00:58:26,288 - INFO - Initializing Chrome driver (attempt 2/3)...
2025-10-27 00:58:29,360 - INFO - patching driver executable C:\laragon\www\dapokalsel\sekolah\~\appdata\roaming\undetected_chromedriver\undetected_chromedriver.exe
2025-10-27 00:58:29,448 - ERROR - Attempt 2 failed: you cannot reuse the ChromeOptions object
2025-10-27 00:58:29,448 - INFO - Retrying in 5 seconds...
2025-10-27 00:58:34,448 - INFO - Initializing Chrome driver (attempt 3/3)...
2025-10-27 00:58:37,578 - INFO - patching driver executable C:\laragon\www\dapokalsel\sekolah\~\appdata\roaming\undetected_chromedriver\undetected_chromedriver.exe
2025-10-27 00:58:37,654 - ERROR - Attempt 3 failed: you cannot reuse the ChromeOptions object
2025-10-27 00:58:37,655 - ERROR - All attempts failed to setup driver
Traceback (most recent call last):
  File "C:\laragon\www\dapokalsel\sekolah\import_url_kabupaten.pyw", line 115, in setup_driver
    driver = uc.Chrome(
  File "C:\laragon\bin\python\python-3.10\lib\site-packages\undetected_chromedriver\__init__.py", line 269, in __init__
    raise RuntimeError("you cannot reuse the ChromeOptions object")
RuntimeError: you cannot reuse the ChromeOptions object
2025-10-27 00:58:37,655 - ERROR - Error on attempt 258: Failed to setup driver
Traceback (most recent call last):
  File "C:\laragon\www\dapokalsel\sekolah\import_url_kabupaten.pyw", line 435, in process_url_induk
    raise Exception("Failed to setup driver")
Exception: Failed to setup driver
2025-10-27 00:58:37,655 - INFO - Retry attempt 259/300...
2025-10-27 00:58:52,656 - INFO - Setting up Chrome driver...
2025-10-27 00:58:52,656 - INFO - Using profile directory: C:\Windows\Temp\chrome_scraper_profile
2025-10-27 00:58:52,656 - INFO - Initializing Chrome driver (attempt 1/3)...
2025-10-27 00:58:55,493 - INFO - patching driver executable C:\laragon\www\dapokalsel\sekolah\~\appdata\roaming\undetected_chromedriver\undetected_chromedriver.exe
2025-10-27 00:58:55,565 - ERROR - Attempt 1 failed: Binary Location Must be a String
2025-10-27 00:58:55,565 - INFO - Retrying in 5 seconds...
2025-10-27 00:59:00,566 - INFO - Initializing Chrome driver (attempt 2/3)...
2025-10-27 00:59:04,029 - INFO - patching driver executable C:\laragon\www\dapokalsel\sekolah\~\appdata\roaming\undetected_chromedriver\undetected_chromedriver.exe
2025-10-27 00:59:04,119 - ERROR - Attempt 2 failed: you cannot reuse the ChromeOptions object
2025-10-27 00:59:04,119 - INFO - Retrying in 5 seconds...
2025-10-27 00:59:09,120 - INFO - Initializing Chrome driver (attempt 3/3)...
2025-10-27 00:59:12,287 - INFO - patching driver executable C:\laragon\www\dapokalsel\sekolah\~\appdata\roaming\undetected_chromedriver\undetected_chromedriver.exe
2025-10-27 00:59:12,367 - ERROR - Attempt 3 failed: you cannot reuse the ChromeOptions object
2025-10-27 00:59:12,367 - ERROR - All attempts failed to setup driver
Traceback (most recent call last):
  File "C:\laragon\www\dapokalsel\sekolah\import_url_kabupaten.pyw", line 115, in setup_driver
    driver = uc.Chrome(
  File "C:\laragon\bin\python\python-3.10\lib\site-packages\undetected_chromedriver\__init__.py", line 269, in __init__
    raise RuntimeError("you cannot reuse the ChromeOptions object")
RuntimeError: you cannot reuse the ChromeOptions object
2025-10-27 00:59:12,368 - ERROR - Error on attempt 259: Failed to setup driver
Traceback (most recent call last):
  File "C:\laragon\www\dapokalsel\sekolah\import_url_kabupaten.pyw", line 435, in process_url_induk
    raise Exception("Failed to setup driver")
Exception: Failed to setup driver
2025-10-27 00:59:12,368 - INFO - Retry attempt 260/300...
2025-10-27 00:59:27,368 - INFO - Setting up Chrome driver...
2025-10-27 00:59:27,370 - INFO - Using profile directory: C:\Windows\Temp\chrome_scraper_profile
2025-10-27 00:59:27,370 - INFO - Initializing Chrome driver (attempt 1/3)...
2025-10-27 00:59:30,856 - INFO - patching driver executable C:\laragon\www\dapokalsel\sekolah\~\appdata\roaming\undetected_chromedriver\undetected_chromedriver.exe
2025-10-27 00:59:30,950 - ERROR - Attempt 1 failed: Binary Location Must be a String
2025-10-27 00:59:30,951 - INFO - Retrying in 5 seconds...
2025-10-27 00:59:35,951 - INFO - Initializing Chrome driver (attempt 2/3)...
2025-10-27 00:59:39,274 - INFO - patching driver executable C:\laragon\www\dapokalsel\sekolah\~\appdata\roaming\undetected_chromedriver\undetected_chromedriver.exe
2025-10-27 00:59:39,349 - ERROR - Attempt 2 failed: you cannot reuse the ChromeOptions object
2025-10-27 00:59:39,349 - INFO - Retrying in 5 seconds...
2025-10-27 00:59:44,350 - INFO - Initializing Chrome driver (attempt 3/3)...
2025-10-27 00:59:47,359 - INFO - patching driver executable C:\laragon\www\dapokalsel\sekolah\~\appdata\roaming\undetected_chromedriver\undetected_chromedriver.exe
2025-10-27 00:59:47,433 - ERROR - Attempt 3 failed: you cannot reuse the ChromeOptions object
2025-10-27 00:59:47,433 - ERROR - All attempts failed to setup driver
Traceback (most recent call last):
  File "C:\laragon\www\dapokalsel\sekolah\import_url_kabupaten.pyw", line 115, in setup_driver
    driver = uc.Chrome(
  File "C:\laragon\bin\python\python-3.10\lib\site-packages\undetected_chromedriver\__init__.py", line 269, in __init__
    raise RuntimeError("you cannot reuse the ChromeOptions object")
RuntimeError: you cannot reuse the ChromeOptions object
2025-10-27 00:59:47,434 - ERROR - Error on attempt 260: Failed to setup driver
Traceback (most recent call last):
  File "C:\laragon\www\dapokalsel\sekolah\import_url_kabupaten.pyw", line 435, in process_url_induk
    raise Exception("Failed to setup driver")
Exception: Failed to setup driver
2025-10-27 00:59:47,434 - INFO - Retry attempt 261/300...
2025-10-27 01:00:02,435 - INFO - Setting up Chrome driver...
2025-10-27 01:00:02,436 - INFO - Using profile directory: C:\Windows\Temp\chrome_scraper_profile
2025-10-27 01:00:02,437 - INFO - Initializing Chrome driver (attempt 1/3)...
2025-10-27 01:00:05,263 - INFO - patching driver executable C:\laragon\www\dapokalsel\sekolah\~\appdata\roaming\undetected_chromedriver\undetected_chromedriver.exe
2025-10-27 01:00:05,337 - ERROR - Attempt 1 failed: Binary Location Must be a String
2025-10-27 01:00:05,337 - INFO - Retrying in 5 seconds...
2025-10-27 01:00:10,338 - INFO - Initializing Chrome driver (attempt 2/3)...
2025-10-27 01:00:13,335 - INFO - patching driver executable C:\laragon\www\dapokalsel\sekolah\~\appdata\roaming\undetected_chromedriver\undetected_chromedriver.exe
2025-10-27 01:00:13,409 - ERROR - Attempt 2 failed: you cannot reuse the ChromeOptions object
2025-10-27 01:00:13,409 - INFO - Retrying in 5 seconds...
2025-10-27 01:00:18,409 - INFO - Initializing Chrome driver (attempt 3/3)...
2025-10-27 01:00:21,650 - INFO - patching driver executable C:\laragon\www\dapokalsel\sekolah\~\appdata\roaming\undetected_chromedriver\undetected_chromedriver.exe
2025-10-27 01:00:21,746 - ERROR - Attempt 3 failed: you cannot reuse the ChromeOptions object
2025-10-27 01:00:21,746 - ERROR - All attempts failed to setup driver
Traceback (most recent call last):
  File "C:\laragon\www\dapokalsel\sekolah\import_url_kabupaten.pyw", line 115, in setup_driver
    driver = uc.Chrome(
  File "C:\laragon\bin\python\python-3.10\lib\site-packages\undetected_chromedriver\__init__.py", line 269, in __init__
    raise RuntimeError("you cannot reuse the ChromeOptions object")
RuntimeError: you cannot reuse the ChromeOptions object
2025-10-27 01:00:21,747 - ERROR - Error on attempt 261: Failed to setup driver
Traceback (most recent call last):
  File "C:\laragon\www\dapokalsel\sekolah\import_url_kabupaten.pyw", line 435, in process_url_induk
    raise Exception("Failed to setup driver")
Exception: Failed to setup driver
2025-10-27 01:00:21,747 - INFO - Retry attempt 262/300...
2025-10-27 01:00:36,748 - INFO - Setting up Chrome driver...
2025-10-27 01:00:36,748 - INFO - Using profile directory: C:\Windows\Temp\chrome_scraper_profile
2025-10-27 01:00:36,749 - INFO - Initializing Chrome driver (attempt 1/3)...
2025-10-27 01:00:39,590 - INFO - patching driver executable C:\laragon\www\dapokalsel\sekolah\~\appdata\roaming\undetected_chromedriver\undetected_chromedriver.exe
2025-10-27 01:00:39,666 - ERROR - Attempt 1 failed: Binary Location Must be a String
2025-10-27 01:00:39,666 - INFO - Retrying in 5 seconds...
2025-10-27 01:00:44,667 - INFO - Initializing Chrome driver (attempt 2/3)...
2025-10-27 01:00:47,866 - INFO - patching driver executable C:\laragon\www\dapokalsel\sekolah\~\appdata\roaming\undetected_chromedriver\undetected_chromedriver.exe
2025-10-27 01:00:47,961 - ERROR - Attempt 2 failed: you cannot reuse the ChromeOptions object
2025-10-27 01:00:47,961 - INFO - Retrying in 5 seconds...
2025-10-27 01:00:52,963 - INFO - Initializing Chrome driver (attempt 3/3)...
2025-10-27 01:00:56,134 - INFO - patching driver executable C:\laragon\www\dapokalsel\sekolah\~\appdata\roaming\undetected_chromedriver\undetected_chromedriver.exe
2025-10-27 01:00:56,205 - ERROR - Attempt 3 failed: you cannot reuse the ChromeOptions object
2025-10-27 01:00:56,205 - ERROR - All attempts failed to setup driver
Traceback (most recent call last):
  File "C:\laragon\www\dapokalsel\sekolah\import_url_kabupaten.pyw", line 115, in setup_driver
    driver = uc.Chrome(
  File "C:\laragon\bin\python\python-3.10\lib\site-packages\undetected_chromedriver\__init__.py", line 269, in __init__
    raise RuntimeError("you cannot reuse the ChromeOptions object")
RuntimeError: you cannot reuse the ChromeOptions object
2025-10-27 01:00:56,206 - ERROR - Error on attempt 262: Failed to setup driver
Traceback (most recent call last):
  File "C:\laragon\www\dapokalsel\sekolah\import_url_kabupaten.pyw", line 435, in process_url_induk
    raise Exception("Failed to setup driver")
Exception: Failed to setup driver
2025-10-27 01:00:56,206 - INFO - Retry attempt 263/300...
2025-10-27 01:01:11,207 - INFO - Setting up Chrome driver...
2025-10-27 01:01:11,208 - INFO - Using profile directory: C:\Windows\Temp\chrome_scraper_profile
2025-10-27 01:01:11,208 - INFO - Initializing Chrome driver (attempt 1/3)...
2025-10-27 01:01:15,470 - INFO - patching driver executable C:\laragon\www\dapokalsel\sekolah\~\appdata\roaming\undetected_chromedriver\undetected_chromedriver.exe
2025-10-27 01:01:15,547 - ERROR - Attempt 1 failed: Binary Location Must be a String
2025-10-27 01:01:15,547 - INFO - Retrying in 5 seconds...
2025-10-27 01:01:20,548 - INFO - Initializing Chrome driver (attempt 2/3)...
2025-10-27 01:01:24,468 - INFO - patching driver executable C:\laragon\www\dapokalsel\sekolah\~\appdata\roaming\undetected_chromedriver\undetected_chromedriver.exe
2025-10-27 01:01:24,544 - ERROR - Attempt 2 failed: you cannot reuse the ChromeOptions object
2025-10-27 01:01:24,544 - INFO - Retrying in 5 seconds...
2025-10-27 01:01:29,545 - INFO - Initializing Chrome driver (attempt 3/3)...
2025-10-27 01:01:32,680 - INFO - patching driver executable C:\laragon\www\dapokalsel\sekolah\~\appdata\roaming\undetected_chromedriver\undetected_chromedriver.exe
2025-10-27 01:01:32,752 - ERROR - Attempt 3 failed: you cannot reuse the ChromeOptions object
2025-10-27 01:01:32,753 - ERROR - All attempts failed to setup driver
Traceback (most recent call last):
  File "C:\laragon\www\dapokalsel\sekolah\import_url_kabupaten.pyw", line 115, in setup_driver
    driver = uc.Chrome(
  File "C:\laragon\bin\python\python-3.10\lib\site-packages\undetected_chromedriver\__init__.py", line 269, in __init__
    raise RuntimeError("you cannot reuse the ChromeOptions object")
RuntimeError: you cannot reuse the ChromeOptions object
2025-10-27 01:01:32,753 - ERROR - Error on attempt 263: Failed to setup driver
Traceback (most recent call last):
  File "C:\laragon\www\dapokalsel\sekolah\import_url_kabupaten.pyw", line 435, in process_url_induk
    raise Exception("Failed to setup driver")
Exception: Failed to setup driver
2025-10-27 01:01:32,753 - INFO - Retry attempt 264/300...
2025-10-27 01:01:47,754 - INFO - Setting up Chrome driver...
2025-10-27 01:01:47,754 - INFO - Using profile directory: C:\Windows\Temp\chrome_scraper_profile
2025-10-27 01:01:47,755 - INFO - Initializing Chrome driver (attempt 1/3)...
2025-10-27 01:01:51,012 - INFO - patching driver executable C:\laragon\www\dapokalsel\sekolah\~\appdata\roaming\undetected_chromedriver\undetected_chromedriver.exe
2025-10-27 01:01:51,085 - ERROR - Attempt 1 failed: Binary Location Must be a String
2025-10-27 01:01:51,085 - INFO - Retrying in 5 seconds...
2025-10-27 01:01:56,086 - INFO - Initializing Chrome driver (attempt 2/3)...
2025-10-27 01:01:59,146 - INFO - patching driver executable C:\laragon\www\dapokalsel\sekolah\~\appdata\roaming\undetected_chromedriver\undetected_chromedriver.exe
2025-10-27 01:01:59,220 - ERROR - Attempt 2 failed: you cannot reuse the ChromeOptions object
2025-10-27 01:01:59,221 - INFO - Retrying in 5 seconds...
2025-10-27 01:02:04,221 - INFO - Initializing Chrome driver (attempt 3/3)...
2025-10-27 01:02:07,823 - ERROR - Attempt 3 failed: [WinError 183] Cannot create a file when that file already exists: 'C:\\laragon\\www\\dapokalsel\\sekolah\\~\\appdata\\roaming\\undetected_chromedriver\\undetected\\chromedriver-win32\\chromedriver.exe' -> 'C:\\laragon\\www\\dapokalsel\\sekolah\\~\\appdata\\roaming\\undetected_chromedriver\\undetected_chromedriver.exe'
2025-10-27 01:02:07,823 - ERROR - All attempts failed to setup driver
Traceback (most recent call last):
  File "C:\laragon\www\dapokalsel\sekolah\import_url_kabupaten.pyw", line 115, in setup_driver
    driver = uc.Chrome(
  File "C:\laragon\bin\python\python-3.10\lib\site-packages\undetected_chromedriver\__init__.py", line 258, in __init__
    self.patcher.auto()
  File "C:\laragon\bin\python\python-3.10\lib\site-packages\undetected_chromedriver\patcher.py", line 178, in auto
    self.unzip_package(self.fetch_package())
  File "C:\laragon\bin\python\python-3.10\lib\site-packages\undetected_chromedriver\patcher.py", line 310, in unzip_package
    os.rename(os.path.join(self.zip_path, exe_path), self.executable_path)
FileExistsError: [WinError 183] Cannot create a file when that file already exists: 'C:\\laragon\\www\\dapokalsel\\sekolah\\~\\appdata\\roaming\\undetected_chromedriver\\undetected\\chromedriver-win32\\chromedriver.exe' -> 'C:\\laragon\\www\\dapokalsel\\sekolah\\~\\appdata\\roaming\\undetected_chromedriver\\undetected_chromedriver.exe'
2025-10-27 01:02:07,824 - ERROR - Error on attempt 264: Failed to setup driver
Traceback (most recent call last):
  File "C:\laragon\www\dapokalsel\sekolah\import_url_kabupaten.pyw", line 435, in process_url_induk
    raise Exception("Failed to setup driver")
Exception: Failed to setup driver
2025-10-27 01:02:07,824 - INFO - Retry attempt 265/300...
2025-10-27 01:02:22,825 - INFO - Setting up Chrome driver...
2025-10-27 01:02:22,825 - INFO - Using profile directory: C:\Windows\Temp\chrome_scraper_profile
2025-10-27 01:02:22,825 - INFO - Initializing Chrome driver (attempt 1/3)...
2025-10-27 01:02:26,216 - INFO - patching driver executable C:\laragon\www\dapokalsel\sekolah\~\appdata\roaming\undetected_chromedriver\undetected_chromedriver.exe
2025-10-27 01:02:26,293 - ERROR - Attempt 1 failed: Binary Location Must be a String
2025-10-27 01:02:26,293 - INFO - Retrying in 5 seconds...
2025-10-27 01:02:31,294 - INFO - Initializing Chrome driver (attempt 2/3)...
2025-10-27 01:02:34,385 - INFO - patching driver executable C:\laragon\www\dapokalsel\sekolah\~\appdata\roaming\undetected_chromedriver\undetected_chromedriver.exe
2025-10-27 01:02:34,459 - ERROR - Attempt 2 failed: you cannot reuse the ChromeOptions object
2025-10-27 01:02:34,460 - INFO - Retrying in 5 seconds...
2025-10-27 01:02:39,460 - INFO - Initializing Chrome driver (attempt 3/3)...
2025-10-27 01:02:42,579 - INFO - patching driver executable C:\laragon\www\dapokalsel\sekolah\~\appdata\roaming\undetected_chromedriver\undetected_chromedriver.exe
2025-10-27 01:02:42,677 - ERROR - Attempt 3 failed: you cannot reuse the ChromeOptions object
2025-10-27 01:02:42,677 - ERROR - All attempts failed to setup driver
Traceback (most recent call last):
  File "C:\laragon\www\dapokalsel\sekolah\import_url_kabupaten.pyw", line 115, in setup_driver
    driver = uc.Chrome(
  File "C:\laragon\bin\python\python-3.10\lib\site-packages\undetected_chromedriver\__init__.py", line 269, in __init__
    raise RuntimeError("you cannot reuse the ChromeOptions object")
RuntimeError: you cannot reuse the ChromeOptions object
2025-10-27 01:02:42,678 - ERROR - Error on attempt 265: Failed to setup driver
Traceback (most recent call last):
  File "C:\laragon\www\dapokalsel\sekolah\import_url_kabupaten.pyw", line 435, in process_url_induk
    raise Exception("Failed to setup driver")
Exception: Failed to setup driver
2025-10-27 01:02:42,678 - INFO - Retry attempt 266/300...
2025-10-27 01:02:57,678 - INFO - Setting up Chrome driver...
2025-10-27 01:02:57,678 - INFO - Using profile directory: C:\Windows\Temp\chrome_scraper_profile
2025-10-27 01:02:57,678 - INFO - Initializing Chrome driver (attempt 1/3)...
2025-10-27 01:03:00,775 - INFO - patching driver executable C:\laragon\www\dapokalsel\sekolah\~\appdata\roaming\undetected_chromedriver\undetected_chromedriver.exe
2025-10-27 01:03:00,922 - ERROR - Attempt 1 failed: Binary Location Must be a String
2025-10-27 01:03:00,922 - INFO - Retrying in 5 seconds...
2025-10-27 01:03:05,923 - INFO - Initializing Chrome driver (attempt 2/3)...
2025-10-27 01:03:09,055 - INFO - patching driver executable C:\laragon\www\dapokalsel\sekolah\~\appdata\roaming\undetected_chromedriver\undetected_chromedriver.exe
2025-10-27 01:03:09,140 - ERROR - Attempt 2 failed: you cannot reuse the ChromeOptions object
2025-10-27 01:03:09,140 - INFO - Retrying in 5 seconds...
2025-10-27 01:03:14,140 - INFO - Initializing Chrome driver (attempt 3/3)...
2025-10-27 01:03:19,528 - INFO - patching driver executable C:\laragon\www\dapokalsel\sekolah\~\appdata\roaming\undetected_chromedriver\undetected_chromedriver.exe
2025-10-27 01:03:19,605 - ERROR - Attempt 3 failed: you cannot reuse the ChromeOptions object
2025-10-27 01:03:19,605 - ERROR - All attempts failed to setup driver
Traceback (most recent call last):
  File "C:\laragon\www\dapokalsel\sekolah\import_url_kabupaten.pyw", line 115, in setup_driver
    driver = uc.Chrome(
  File "C:\laragon\bin\python\python-3.10\lib\site-packages\undetected_chromedriver\__init__.py", line 269, in __init__
    raise RuntimeError("you cannot reuse the ChromeOptions object")
RuntimeError: you cannot reuse the ChromeOptions object
2025-10-27 01:03:19,605 - ERROR - Error on attempt 266: Failed to setup driver
Traceback (most recent call last):
  File "C:\laragon\www\dapokalsel\sekolah\import_url_kabupaten.pyw", line 435, in process_url_induk
    raise Exception("Failed to setup driver")
Exception: Failed to setup driver
2025-10-27 01:03:19,606 - INFO - Retry attempt 267/300...
2025-10-27 01:03:34,606 - INFO - Setting up Chrome driver...
2025-10-27 01:03:34,606 - INFO - Using profile directory: C:\Windows\Temp\chrome_scraper_profile
2025-10-27 01:03:34,606 - INFO - Initializing Chrome driver (attempt 1/3)...
2025-10-27 01:03:37,647 - INFO - patching driver executable C:\laragon\www\dapokalsel\sekolah\~\appdata\roaming\undetected_chromedriver\undetected_chromedriver.exe
2025-10-27 01:03:37,724 - ERROR - Attempt 1 failed: Binary Location Must be a String
2025-10-27 01:03:37,724 - INFO - Retrying in 5 seconds...
2025-10-27 01:03:42,724 - INFO - Initializing Chrome driver (attempt 2/3)...
2025-10-27 01:03:45,569 - INFO - patching driver executable C:\laragon\www\dapokalsel\sekolah\~\appdata\roaming\undetected_chromedriver\undetected_chromedriver.exe
2025-10-27 01:03:45,647 - ERROR - Attempt 2 failed: you cannot reuse the ChromeOptions object
2025-10-27 01:03:45,647 - INFO - Retrying in 5 seconds...
2025-10-27 01:03:50,648 - INFO - Initializing Chrome driver (attempt 3/3)...
2025-10-27 01:03:53,658 - ERROR - Attempt 3 failed: [WinError 183] Cannot create a file when that file already exists: 'C:\\laragon\\www\\dapokalsel\\sekolah\\~\\appdata\\roaming\\undetected_chromedriver\\undetected\\chromedriver-win32\\chromedriver.exe' -> 'C:\\laragon\\www\\dapokalsel\\sekolah\\~\\appdata\\roaming\\undetected_chromedriver\\undetected_chromedriver.exe'
2025-10-27 01:03:53,658 - ERROR - All attempts failed to setup driver
Traceback (most recent call last):
  File "C:\laragon\www\dapokalsel\sekolah\import_url_kabupaten.pyw", line 115, in setup_driver
    driver = uc.Chrome(
  File "C:\laragon\bin\python\python-3.10\lib\site-packages\undetected_chromedriver\__init__.py", line 258, in __init__
    self.patcher.auto()
  File "C:\laragon\bin\python\python-3.10\lib\site-packages\undetected_chromedriver\patcher.py", line 178, in auto
    self.unzip_package(self.fetch_package())
  File "C:\laragon\bin\python\python-3.10\lib\site-packages\undetected_chromedriver\patcher.py", line 310, in unzip_package
    os.rename(os.path.join(self.zip_path, exe_path), self.executable_path)
FileExistsError: [WinError 183] Cannot create a file when that file already exists: 'C:\\laragon\\www\\dapokalsel\\sekolah\\~\\appdata\\roaming\\undetected_chromedriver\\undetected\\chromedriver-win32\\chromedriver.exe' -> 'C:\\laragon\\www\\dapokalsel\\sekolah\\~\\appdata\\roaming\\undetected_chromedriver\\undetected_chromedriver.exe'
2025-10-27 01:03:53,658 - ERROR - Error on attempt 267: Failed to setup driver
Traceback (most recent call last):
  File "C:\laragon\www\dapokalsel\sekolah\import_url_kabupaten.pyw", line 435, in process_url_induk
    raise Exception("Failed to setup driver")
Exception: Failed to setup driver
2025-10-27 01:03:53,659 - INFO - Retry attempt 268/300...
2025-10-27 01:04:08,660 - INFO - Setting up Chrome driver...
2025-10-27 01:04:08,660 - INFO - Using profile directory: C:\Windows\Temp\chrome_scraper_profile
2025-10-27 01:04:08,660 - INFO - Initializing Chrome driver (attempt 1/3)...
2025-10-27 01:04:12,590 - ERROR - Attempt 1 failed: [WinError 183] Cannot create a file when that file already exists: 'C:\\laragon\\www\\dapokalsel\\sekolah\\~\\appdata\\roaming\\undetected_chromedriver\\undetected\\chromedriver-win32\\chromedriver.exe' -> 'C:\\laragon\\www\\dapokalsel\\sekolah\\~\\appdata\\roaming\\undetected_chromedriver\\undetected_chromedriver.exe'
2025-10-27 01:04:12,590 - INFO - Retrying in 5 seconds...
2025-10-27 01:04:17,590 - INFO - Initializing Chrome driver (attempt 2/3)...
2025-10-27 01:04:22,222 - ERROR - Attempt 2 failed: [WinError 183] Cannot create a file when that file already exists: 'C:\\laragon\\www\\dapokalsel\\sekolah\\~\\appdata\\roaming\\undetected_chromedriver\\undetected\\chromedriver-win32\\chromedriver.exe' -> 'C:\\laragon\\www\\dapokalsel\\sekolah\\~\\appdata\\roaming\\undetected_chromedriver\\undetected_chromedriver.exe'
2025-10-27 01:04:22,222 - INFO - Retrying in 5 seconds...
2025-10-27 01:04:27,223 - INFO - Initializing Chrome driver (attempt 3/3)...
2025-10-27 01:04:34,585 - ERROR - Attempt 3 failed: [WinError 183] Cannot create a file when that file already exists: 'C:\\laragon\\www\\dapokalsel\\sekolah\\~\\appdata\\roaming\\undetected_chromedriver\\undetected\\chromedriver-win32\\chromedriver.exe' -> 'C:\\laragon\\www\\dapokalsel\\sekolah\\~\\appdata\\roaming\\undetected_chromedriver\\undetected_chromedriver.exe'
2025-10-27 01:04:34,585 - ERROR - All attempts failed to setup driver
Traceback (most recent call last):
  File "C:\laragon\www\dapokalsel\sekolah\import_url_kabupaten.pyw", line 115, in setup_driver
    driver = uc.Chrome(
  File "C:\laragon\bin\python\python-3.10\lib\site-packages\undetected_chromedriver\__init__.py", line 258, in __init__
    self.patcher.auto()
  File "C:\laragon\bin\python\python-3.10\lib\site-packages\undetected_chromedriver\patcher.py", line 178, in auto
    self.unzip_package(self.fetch_package())
  File "C:\laragon\bin\python\python-3.10\lib\site-packages\undetected_chromedriver\patcher.py", line 310, in unzip_package
    os.rename(os.path.join(self.zip_path, exe_path), self.executable_path)
FileExistsError: [WinError 183] Cannot create a file when that file already exists: 'C:\\laragon\\www\\dapokalsel\\sekolah\\~\\appdata\\roaming\\undetected_chromedriver\\undetected\\chromedriver-win32\\chromedriver.exe' -> 'C:\\laragon\\www\\dapokalsel\\sekolah\\~\\appdata\\roaming\\undetected_chromedriver\\undetected_chromedriver.exe'
2025-10-27 01:04:34,586 - ERROR - Error on attempt 268: Failed to setup driver
Traceback (most recent call last):
  File "C:\laragon\www\dapokalsel\sekolah\import_url_kabupaten.pyw", line 435, in process_url_induk
    raise Exception("Failed to setup driver")
Exception: Failed to setup driver
2025-10-27 01:04:34,586 - INFO - Retry attempt 269/300...
2025-10-27 01:04:49,586 - INFO - Setting up Chrome driver...
2025-10-27 01:04:49,587 - INFO - Using profile directory: C:\Windows\Temp\chrome_scraper_profile
2025-10-27 01:04:49,588 - INFO - Initializing Chrome driver (attempt 1/3)...
2025-10-27 01:04:53,208 - INFO - patching driver executable C:\laragon\www\dapokalsel\sekolah\~\appdata\roaming\undetected_chromedriver\undetected_chromedriver.exe
2025-10-27 01:04:53,292 - ERROR - Attempt 1 failed: Binary Location Must be a String
2025-10-27 01:04:53,292 - INFO - Retrying in 5 seconds...
2025-10-27 01:04:58,293 - INFO - Initializing Chrome driver (attempt 2/3)...
2025-10-27 01:05:01,283 - ERROR - Attempt 2 failed: [WinError 183] Cannot create a file when that file already exists: 'C:\\laragon\\www\\dapokalsel\\sekolah\\~\\appdata\\roaming\\undetected_chromedriver\\undetected\\chromedriver-win32\\chromedriver.exe' -> 'C:\\laragon\\www\\dapokalsel\\sekolah\\~\\appdata\\roaming\\undetected_chromedriver\\undetected_chromedriver.exe'
2025-10-27 01:05:01,283 - INFO - Retrying in 5 seconds...
2025-10-27 01:05:06,283 - INFO - Initializing Chrome driver (attempt 3/3)...
2025-10-27 01:05:10,462 - ERROR - Attempt 3 failed: [WinError 183] Cannot create a file when that file already exists: 'C:\\laragon\\www\\dapokalsel\\sekolah\\~\\appdata\\roaming\\undetected_chromedriver\\undetected\\chromedriver-win32\\chromedriver.exe' -> 'C:\\laragon\\www\\dapokalsel\\sekolah\\~\\appdata\\roaming\\undetected_chromedriver\\undetected_chromedriver.exe'
2025-10-27 01:05:10,463 - ERROR - All attempts failed to setup driver
Traceback (most recent call last):
  File "C:\laragon\www\dapokalsel\sekolah\import_url_kabupaten.pyw", line 115, in setup_driver
    driver = uc.Chrome(
  File "C:\laragon\bin\python\python-3.10\lib\site-packages\undetected_chromedriver\__init__.py", line 258, in __init__
    self.patcher.auto()
  File "C:\laragon\bin\python\python-3.10\lib\site-packages\undetected_chromedriver\patcher.py", line 178, in auto
    self.unzip_package(self.fetch_package())
  File "C:\laragon\bin\python\python-3.10\lib\site-packages\undetected_chromedriver\patcher.py", line 310, in unzip_package
    os.rename(os.path.join(self.zip_path, exe_path), self.executable_path)
FileExistsError: [WinError 183] Cannot create a file when that file already exists: 'C:\\laragon\\www\\dapokalsel\\sekolah\\~\\appdata\\roaming\\undetected_chromedriver\\undetected\\chromedriver-win32\\chromedriver.exe' -> 'C:\\laragon\\www\\dapokalsel\\sekolah\\~\\appdata\\roaming\\undetected_chromedriver\\undetected_chromedriver.exe'
2025-10-27 01:05:10,463 - ERROR - Error on attempt 269: Failed to setup driver
Traceback (most recent call last):
  File "C:\laragon\www\dapokalsel\sekolah\import_url_kabupaten.pyw", line 435, in process_url_induk
    raise Exception("Failed to setup driver")
Exception: Failed to setup driver
2025-10-27 01:05:10,464 - INFO - Retry attempt 270/300...
2025-10-27 01:05:25,464 - INFO - Setting up Chrome driver...
2025-10-27 01:05:25,465 - INFO - Using profile directory: C:\Windows\Temp\chrome_scraper_profile
2025-10-27 01:05:25,465 - INFO - Initializing Chrome driver (attempt 1/3)...
2025-10-27 01:05:29,092 - INFO - patching driver executable C:\laragon\www\dapokalsel\sekolah\~\appdata\roaming\undetected_chromedriver\undetected_chromedriver.exe
2025-10-27 01:05:29,189 - ERROR - Attempt 1 failed: Binary Location Must be a String
2025-10-27 01:05:29,189 - INFO - Retrying in 5 seconds...
2025-10-27 01:05:34,190 - INFO - Initializing Chrome driver (attempt 2/3)...
2025-10-27 01:05:38,000 - ERROR - Attempt 2 failed: [WinError 183] Cannot create a file when that file already exists: 'C:\\laragon\\www\\dapokalsel\\sekolah\\~\\appdata\\roaming\\undetected_chromedriver\\undetected\\chromedriver-win32\\chromedriver.exe' -> 'C:\\laragon\\www\\dapokalsel\\sekolah\\~\\appdata\\roaming\\undetected_chromedriver\\undetected_chromedriver.exe'
2025-10-27 01:05:38,000 - INFO - Retrying in 5 seconds...
2025-10-27 01:05:43,000 - INFO - Initializing Chrome driver (attempt 3/3)...
2025-10-27 01:05:46,659 - ERROR - Attempt 3 failed: [WinError 183] Cannot create a file when that file already exists: 'C:\\laragon\\www\\dapokalsel\\sekolah\\~\\appdata\\roaming\\undetected_chromedriver\\undetected\\chromedriver-win32\\chromedriver.exe' -> 'C:\\laragon\\www\\dapokalsel\\sekolah\\~\\appdata\\roaming\\undetected_chromedriver\\undetected_chromedriver.exe'
2025-10-27 01:05:46,659 - ERROR - All attempts failed to setup driver
Traceback (most recent call last):
  File "C:\laragon\www\dapokalsel\sekolah\import_url_kabupaten.pyw", line 115, in setup_driver
    driver = uc.Chrome(
  File "C:\laragon\bin\python\python-3.10\lib\site-packages\undetected_chromedriver\__init__.py", line 258, in __init__
    self.patcher.auto()
  File "C:\laragon\bin\python\python-3.10\lib\site-packages\undetected_chromedriver\patcher.py", line 178, in auto
    self.unzip_package(self.fetch_package())
  File "C:\laragon\bin\python\python-3.10\lib\site-packages\undetected_chromedriver\patcher.py", line 310, in unzip_package
    os.rename(os.path.join(self.zip_path, exe_path), self.executable_path)
FileExistsError: [WinError 183] Cannot create a file when that file already exists: 'C:\\laragon\\www\\dapokalsel\\sekolah\\~\\appdata\\roaming\\undetected_chromedriver\\undetected\\chromedriver-win32\\chromedriver.exe' -> 'C:\\laragon\\www\\dapokalsel\\sekolah\\~\\appdata\\roaming\\undetected_chromedriver\\undetected_chromedriver.exe'
2025-10-27 01:05:46,659 - ERROR - Error on attempt 270: Failed to setup driver
Traceback (most recent call last):
  File "C:\laragon\www\dapokalsel\sekolah\import_url_kabupaten.pyw", line 435, in process_url_induk
    raise Exception("Failed to setup driver")
Exception: Failed to setup driver
2025-10-27 01:05:46,660 - INFO - Retry attempt 271/300...
2025-10-27 01:06:01,660 - INFO - Setting up Chrome driver...
2025-10-27 01:06:01,660 - INFO - Using profile directory: C:\Windows\Temp\chrome_scraper_profile
2025-10-27 01:06:01,660 - INFO - Initializing Chrome driver (attempt 1/3)...
2025-10-27 01:06:05,366 - INFO - patching driver executable C:\laragon\www\dapokalsel\sekolah\~\appdata\roaming\undetected_chromedriver\undetected_chromedriver.exe
2025-10-27 01:06:05,437 - ERROR - Attempt 1 failed: Binary Location Must be a String
2025-10-27 01:06:05,438 - INFO - Retrying in 5 seconds...
2025-10-27 01:06:10,439 - INFO - Initializing Chrome driver (attempt 2/3)...
2025-10-27 01:06:14,181 - INFO - patching driver executable C:\laragon\www\dapokalsel\sekolah\~\appdata\roaming\undetected_chromedriver\undetected_chromedriver.exe
2025-10-27 01:06:14,273 - ERROR - Attempt 2 failed: you cannot reuse the ChromeOptions object
2025-10-27 01:06:14,273 - INFO - Retrying in 5 seconds...
2025-10-27 01:06:19,274 - INFO - Initializing Chrome driver (attempt 3/3)...
2025-10-27 01:06:22,276 - INFO - patching driver executable C:\laragon\www\dapokalsel\sekolah\~\appdata\roaming\undetected_chromedriver\undetected_chromedriver.exe
2025-10-27 01:06:22,363 - ERROR - Attempt 3 failed: you cannot reuse the ChromeOptions object
2025-10-27 01:06:22,363 - ERROR - All attempts failed to setup driver
Traceback (most recent call last):
  File "C:\laragon\www\dapokalsel\sekolah\import_url_kabupaten.pyw", line 115, in setup_driver
    driver = uc.Chrome(
  File "C:\laragon\bin\python\python-3.10\lib\site-packages\undetected_chromedriver\__init__.py", line 269, in __init__
    raise RuntimeError("you cannot reuse the ChromeOptions object")
RuntimeError: you cannot reuse the ChromeOptions object
2025-10-27 01:06:22,364 - ERROR - Error on attempt 271: Failed to setup driver
Traceback (most recent call last):
  File "C:\laragon\www\dapokalsel\sekolah\import_url_kabupaten.pyw", line 435, in process_url_induk
    raise Exception("Failed to setup driver")
Exception: Failed to setup driver
2025-10-27 01:06:22,364 - INFO - Retry attempt 272/300...
2025-10-27 01:06:37,365 - INFO - Setting up Chrome driver...
2025-10-27 01:06:37,366 - INFO - Using profile directory: C:\Windows\Temp\chrome_scraper_profile
2025-10-27 01:06:37,366 - INFO - Initializing Chrome driver (attempt 1/3)...
2025-10-27 01:06:40,343 - INFO - patching driver executable C:\laragon\www\dapokalsel\sekolah\~\appdata\roaming\undetected_chromedriver\undetected_chromedriver.exe
2025-10-27 01:06:40,418 - ERROR - Attempt 1 failed: Binary Location Must be a String
2025-10-27 01:06:40,419 - INFO - Retrying in 5 seconds...
2025-10-27 01:06:45,419 - INFO - Initializing Chrome driver (attempt 2/3)...
2025-10-27 01:06:48,571 - INFO - patching driver executable C:\laragon\www\dapokalsel\sekolah\~\appdata\roaming\undetected_chromedriver\undetected_chromedriver.exe
2025-10-27 01:06:48,661 - ERROR - Attempt 2 failed: you cannot reuse the ChromeOptions object
2025-10-27 01:06:48,661 - INFO - Retrying in 5 seconds...
2025-10-27 01:06:53,662 - INFO - Initializing Chrome driver (attempt 3/3)...
2025-10-27 01:06:57,172 - INFO - patching driver executable C:\laragon\www\dapokalsel\sekolah\~\appdata\roaming\undetected_chromedriver\undetected_chromedriver.exe
2025-10-27 01:06:57,249 - ERROR - Attempt 3 failed: you cannot reuse the ChromeOptions object
2025-10-27 01:06:57,249 - ERROR - All attempts failed to setup driver
Traceback (most recent call last):
  File "C:\laragon\www\dapokalsel\sekolah\import_url_kabupaten.pyw", line 115, in setup_driver
    driver = uc.Chrome(
  File "C:\laragon\bin\python\python-3.10\lib\site-packages\undetected_chromedriver\__init__.py", line 269, in __init__
    raise RuntimeError("you cannot reuse the ChromeOptions object")
RuntimeError: you cannot reuse the ChromeOptions object
2025-10-27 01:06:57,250 - ERROR - Error on attempt 272: Failed to setup driver
Traceback (most recent call last):
  File "C:\laragon\www\dapokalsel\sekolah\import_url_kabupaten.pyw", line 435, in process_url_induk
    raise Exception("Failed to setup driver")
Exception: Failed to setup driver
2025-10-27 01:06:57,250 - INFO - Retry attempt 273/300...
2025-10-27 01:07:12,250 - INFO - Setting up Chrome driver...
2025-10-27 01:07:12,251 - INFO - Using profile directory: C:\Windows\Temp\chrome_scraper_profile
2025-10-27 01:07:12,251 - INFO - Initializing Chrome driver (attempt 1/3)...
2025-10-27 01:07:15,114 - INFO - patching driver executable C:\laragon\www\dapokalsel\sekolah\~\appdata\roaming\undetected_chromedriver\undetected_chromedriver.exe
2025-10-27 01:07:15,208 - ERROR - Attempt 1 failed: Binary Location Must be a String
2025-10-27 01:07:15,209 - INFO - Retrying in 5 seconds...
2025-10-27 01:07:20,209 - INFO - Initializing Chrome driver (attempt 2/3)...
2025-10-27 01:07:23,125 - INFO - patching driver executable C:\laragon\www\dapokalsel\sekolah\~\appdata\roaming\undetected_chromedriver\undetected_chromedriver.exe
2025-10-27 01:07:23,202 - ERROR - Attempt 2 failed: you cannot reuse the ChromeOptions object
2025-10-27 01:07:23,202 - INFO - Retrying in 5 seconds...
2025-10-27 01:07:28,203 - INFO - Initializing Chrome driver (attempt 3/3)...
2025-10-27 01:07:31,328 - INFO - patching driver executable C:\laragon\www\dapokalsel\sekolah\~\appdata\roaming\undetected_chromedriver\undetected_chromedriver.exe
2025-10-27 01:07:31,407 - ERROR - Attempt 3 failed: you cannot reuse the ChromeOptions object
2025-10-27 01:07:31,408 - ERROR - All attempts failed to setup driver
Traceback (most recent call last):
  File "C:\laragon\www\dapokalsel\sekolah\import_url_kabupaten.pyw", line 115, in setup_driver
    driver = uc.Chrome(
  File "C:\laragon\bin\python\python-3.10\lib\site-packages\undetected_chromedriver\__init__.py", line 269, in __init__
    raise RuntimeError("you cannot reuse the ChromeOptions object")
RuntimeError: you cannot reuse the ChromeOptions object
2025-10-27 01:07:31,408 - ERROR - Error on attempt 273: Failed to setup driver
Traceback (most recent call last):
  File "C:\laragon\www\dapokalsel\sekolah\import_url_kabupaten.pyw", line 435, in process_url_induk
    raise Exception("Failed to setup driver")
Exception: Failed to setup driver
2025-10-27 01:07:31,409 - INFO - Retry attempt 274/300...
2025-10-27 01:07:46,409 - INFO - Setting up Chrome driver...
2025-10-27 01:07:46,409 - INFO - Using profile directory: C:\Windows\Temp\chrome_scraper_profile
2025-10-27 01:07:46,409 - INFO - Initializing Chrome driver (attempt 1/3)...
2025-10-27 01:07:49,614 - INFO - patching driver executable C:\laragon\www\dapokalsel\sekolah\~\appdata\roaming\undetected_chromedriver\undetected_chromedriver.exe
2025-10-27 01:07:49,695 - ERROR - Attempt 1 failed: Binary Location Must be a String
2025-10-27 01:07:49,695 - INFO - Retrying in 5 seconds...
2025-10-27 01:07:54,695 - INFO - Initializing Chrome driver (attempt 2/3)...
2025-10-27 01:07:58,263 - INFO - patching driver executable C:\laragon\www\dapokalsel\sekolah\~\appdata\roaming\undetected_chromedriver\undetected_chromedriver.exe
2025-10-27 01:07:58,334 - ERROR - Attempt 2 failed: you cannot reuse the ChromeOptions object
2025-10-27 01:07:58,334 - INFO - Retrying in 5 seconds...
2025-10-27 01:08:03,334 - INFO - Initializing Chrome driver (attempt 3/3)...
2025-10-27 01:08:06,434 - INFO - patching driver executable C:\laragon\www\dapokalsel\sekolah\~\appdata\roaming\undetected_chromedriver\undetected_chromedriver.exe
2025-10-27 01:08:06,523 - ERROR - Attempt 3 failed: you cannot reuse the ChromeOptions object
2025-10-27 01:08:06,523 - ERROR - All attempts failed to setup driver
Traceback (most recent call last):
  File "C:\laragon\www\dapokalsel\sekolah\import_url_kabupaten.pyw", line 115, in setup_driver
    driver = uc.Chrome(
  File "C:\laragon\bin\python\python-3.10\lib\site-packages\undetected_chromedriver\__init__.py", line 269, in __init__
    raise RuntimeError("you cannot reuse the ChromeOptions object")
RuntimeError: you cannot reuse the ChromeOptions object
2025-10-27 01:08:06,524 - ERROR - Error on attempt 274: Failed to setup driver
Traceback (most recent call last):
  File "C:\laragon\www\dapokalsel\sekolah\import_url_kabupaten.pyw", line 435, in process_url_induk
    raise Exception("Failed to setup driver")
Exception: Failed to setup driver
2025-10-27 01:08:06,524 - INFO - Retry attempt 275/300...
2025-10-27 01:08:21,524 - INFO - Setting up Chrome driver...
2025-10-27 01:08:21,525 - INFO - Using profile directory: C:\Windows\Temp\chrome_scraper_profile
2025-10-27 01:08:21,525 - INFO - Initializing Chrome driver (attempt 1/3)...
2025-10-27 01:08:24,415 - INFO - patching driver executable C:\laragon\www\dapokalsel\sekolah\~\appdata\roaming\undetected_chromedriver\undetected_chromedriver.exe
2025-10-27 01:08:24,486 - ERROR - Attempt 1 failed: Binary Location Must be a String
2025-10-27 01:08:24,486 - INFO - Retrying in 5 seconds...
2025-10-27 01:08:29,487 - INFO - Initializing Chrome driver (attempt 2/3)...
2025-10-27 01:08:32,447 - INFO - patching driver executable C:\laragon\www\dapokalsel\sekolah\~\appdata\roaming\undetected_chromedriver\undetected_chromedriver.exe
2025-10-27 01:08:32,518 - ERROR - Attempt 2 failed: you cannot reuse the ChromeOptions object
2025-10-27 01:08:32,519 - INFO - Retrying in 5 seconds...
2025-10-27 01:08:37,520 - INFO - Initializing Chrome driver (attempt 3/3)...
2025-10-27 01:08:40,390 - INFO - patching driver executable C:\laragon\www\dapokalsel\sekolah\~\appdata\roaming\undetected_chromedriver\undetected_chromedriver.exe
2025-10-27 01:08:40,474 - ERROR - Attempt 3 failed: you cannot reuse the ChromeOptions object
2025-10-27 01:08:40,475 - ERROR - All attempts failed to setup driver
Traceback (most recent call last):
  File "C:\laragon\www\dapokalsel\sekolah\import_url_kabupaten.pyw", line 115, in setup_driver
    driver = uc.Chrome(
  File "C:\laragon\bin\python\python-3.10\lib\site-packages\undetected_chromedriver\__init__.py", line 269, in __init__
    raise RuntimeError("you cannot reuse the ChromeOptions object")
RuntimeError: you cannot reuse the ChromeOptions object
2025-10-27 01:08:40,475 - ERROR - Error on attempt 275: Failed to setup driver
Traceback (most recent call last):
  File "C:\laragon\www\dapokalsel\sekolah\import_url_kabupaten.pyw", line 435, in process_url_induk
    raise Exception("Failed to setup driver")
Exception: Failed to setup driver
2025-10-27 01:08:40,475 - INFO - Retry attempt 276/300...
2025-10-27 01:08:55,476 - INFO - Setting up Chrome driver...
2025-10-27 01:08:55,477 - INFO - Using profile directory: C:\Windows\Temp\chrome_scraper_profile
2025-10-27 01:08:55,477 - INFO - Initializing Chrome driver (attempt 1/3)...
2025-10-27 01:08:59,122 - INFO - patching driver executable C:\laragon\www\dapokalsel\sekolah\~\appdata\roaming\undetected_chromedriver\undetected_chromedriver.exe
2025-10-27 01:08:59,196 - ERROR - Attempt 1 failed: Binary Location Must be a String
2025-10-27 01:08:59,196 - INFO - Retrying in 5 seconds...
2025-10-27 01:09:04,197 - INFO - Initializing Chrome driver (attempt 2/3)...
2025-10-27 01:09:07,374 - INFO - patching driver executable C:\laragon\www\dapokalsel\sekolah\~\appdata\roaming\undetected_chromedriver\undetected_chromedriver.exe
2025-10-27 01:09:07,450 - ERROR - Attempt 2 failed: you cannot reuse the ChromeOptions object
2025-10-27 01:09:07,450 - INFO - Retrying in 5 seconds...
2025-10-27 01:09:12,450 - INFO - Initializing Chrome driver (attempt 3/3)...
2025-10-27 01:09:15,858 - INFO - patching driver executable C:\laragon\www\dapokalsel\sekolah\~\appdata\roaming\undetected_chromedriver\undetected_chromedriver.exe
2025-10-27 01:09:15,929 - ERROR - Attempt 3 failed: you cannot reuse the ChromeOptions object
2025-10-27 01:09:15,930 - ERROR - All attempts failed to setup driver
Traceback (most recent call last):
  File "C:\laragon\www\dapokalsel\sekolah\import_url_kabupaten.pyw", line 115, in setup_driver
    driver = uc.Chrome(
  File "C:\laragon\bin\python\python-3.10\lib\site-packages\undetected_chromedriver\__init__.py", line 269, in __init__
    raise RuntimeError("you cannot reuse the ChromeOptions object")
RuntimeError: you cannot reuse the ChromeOptions object
2025-10-27 01:09:15,930 - ERROR - Error on attempt 276: Failed to setup driver
Traceback (most recent call last):
  File "C:\laragon\www\dapokalsel\sekolah\import_url_kabupaten.pyw", line 435, in process_url_induk
    raise Exception("Failed to setup driver")
Exception: Failed to setup driver
2025-10-27 01:09:15,931 - INFO - Retry attempt 277/300...
2025-10-27 01:09:30,932 - INFO - Setting up Chrome driver...
2025-10-27 01:09:30,933 - INFO - Using profile directory: C:\Windows\Temp\chrome_scraper_profile
2025-10-27 01:09:30,934 - INFO - Initializing Chrome driver (attempt 1/3)...
2025-10-27 01:09:34,441 - INFO - patching driver executable C:\laragon\www\dapokalsel\sekolah\~\appdata\roaming\undetected_chromedriver\undetected_chromedriver.exe
2025-10-27 01:09:34,517 - ERROR - Attempt 1 failed: Binary Location Must be a String
2025-10-27 01:09:34,517 - INFO - Retrying in 5 seconds...
2025-10-27 01:09:39,519 - INFO - Initializing Chrome driver (attempt 2/3)...
2025-10-27 01:09:42,396 - INFO - patching driver executable C:\laragon\www\dapokalsel\sekolah\~\appdata\roaming\undetected_chromedriver\undetected_chromedriver.exe
2025-10-27 01:09:42,476 - ERROR - Attempt 2 failed: you cannot reuse the ChromeOptions object
2025-10-27 01:09:42,476 - INFO - Retrying in 5 seconds...
2025-10-27 01:09:47,476 - INFO - Initializing Chrome driver (attempt 3/3)...
2025-10-27 01:09:50,543 - INFO - patching driver executable C:\laragon\www\dapokalsel\sekolah\~\appdata\roaming\undetected_chromedriver\undetected_chromedriver.exe
2025-10-27 01:09:50,635 - ERROR - Attempt 3 failed: you cannot reuse the ChromeOptions object
2025-10-27 01:09:50,635 - ERROR - All attempts failed to setup driver
Traceback (most recent call last):
  File "C:\laragon\www\dapokalsel\sekolah\import_url_kabupaten.pyw", line 115, in setup_driver
    driver = uc.Chrome(
  File "C:\laragon\bin\python\python-3.10\lib\site-packages\undetected_chromedriver\__init__.py", line 269, in __init__
    raise RuntimeError("you cannot reuse the ChromeOptions object")
RuntimeError: you cannot reuse the ChromeOptions object
2025-10-27 01:09:50,636 - ERROR - Error on attempt 277: Failed to setup driver
Traceback (most recent call last):
  File "C:\laragon\www\dapokalsel\sekolah\import_url_kabupaten.pyw", line 435, in process_url_induk
    raise Exception("Failed to setup driver")
Exception: Failed to setup driver
2025-10-27 01:09:50,636 - INFO - Retry attempt 278/300...
2025-10-27 01:10:05,637 - INFO - Setting up Chrome driver...
2025-10-27 01:10:05,638 - INFO - Using profile directory: C:\Windows\Temp\chrome_scraper_profile
2025-10-27 01:10:05,639 - INFO - Initializing Chrome driver (attempt 1/3)...
2025-10-27 01:10:08,608 - INFO - patching driver executable C:\laragon\www\dapokalsel\sekolah\~\appdata\roaming\undetected_chromedriver\undetected_chromedriver.exe
2025-10-27 01:10:08,683 - ERROR - Attempt 1 failed: Binary Location Must be a String
2025-10-27 01:10:08,683 - INFO - Retrying in 5 seconds...
2025-10-27 01:10:13,684 - INFO - Initializing Chrome driver (attempt 2/3)...
2025-10-27 01:10:17,174 - INFO - patching driver executable C:\laragon\www\dapokalsel\sekolah\~\appdata\roaming\undetected_chromedriver\undetected_chromedriver.exe
2025-10-27 01:10:17,252 - ERROR - Attempt 2 failed: you cannot reuse the ChromeOptions object
2025-10-27 01:10:17,252 - INFO - Retrying in 5 seconds...
2025-10-27 01:10:22,252 - INFO - Initializing Chrome driver (attempt 3/3)...
2025-10-27 01:10:25,266 - INFO - patching driver executable C:\laragon\www\dapokalsel\sekolah\~\appdata\roaming\undetected_chromedriver\undetected_chromedriver.exe
2025-10-27 01:10:25,340 - ERROR - Attempt 3 failed: you cannot reuse the ChromeOptions object
2025-10-27 01:10:25,340 - ERROR - All attempts failed to setup driver
Traceback (most recent call last):
  File "C:\laragon\www\dapokalsel\sekolah\import_url_kabupaten.pyw", line 115, in setup_driver
    driver = uc.Chrome(
  File "C:\laragon\bin\python\python-3.10\lib\site-packages\undetected_chromedriver\__init__.py", line 269, in __init__
    raise RuntimeError("you cannot reuse the ChromeOptions object")
RuntimeError: you cannot reuse the ChromeOptions object
2025-10-27 01:10:25,341 - ERROR - Error on attempt 278: Failed to setup driver
Traceback (most recent call last):
  File "C:\laragon\www\dapokalsel\sekolah\import_url_kabupaten.pyw", line 435, in process_url_induk
    raise Exception("Failed to setup driver")
Exception: Failed to setup driver
2025-10-27 01:10:25,341 - INFO - Retry attempt 279/300...
2025-10-27 01:10:40,341 - INFO - Setting up Chrome driver...
2025-10-27 01:10:40,342 - INFO - Using profile directory: C:\Windows\Temp\chrome_scraper_profile
2025-10-27 01:10:40,343 - INFO - Initializing Chrome driver (attempt 1/3)...
2025-10-27 01:10:43,376 - INFO - patching driver executable C:\laragon\www\dapokalsel\sekolah\~\appdata\roaming\undetected_chromedriver\undetected_chromedriver.exe
2025-10-27 01:10:43,449 - ERROR - Attempt 1 failed: Binary Location Must be a String
2025-10-27 01:10:43,449 - INFO - Retrying in 5 seconds...
2025-10-27 01:10:48,449 - INFO - Initializing Chrome driver (attempt 2/3)...
2025-10-27 01:10:52,448 - INFO - patching driver executable C:\laragon\www\dapokalsel\sekolah\~\appdata\roaming\undetected_chromedriver\undetected_chromedriver.exe
2025-10-27 01:10:52,528 - ERROR - Attempt 2 failed: you cannot reuse the ChromeOptions object
2025-10-27 01:10:52,528 - INFO - Retrying in 5 seconds...
2025-10-27 01:10:57,528 - INFO - Initializing Chrome driver (attempt 3/3)...
2025-10-27 01:11:00,592 - INFO - patching driver executable C:\laragon\www\dapokalsel\sekolah\~\appdata\roaming\undetected_chromedriver\undetected_chromedriver.exe
2025-10-27 01:11:00,669 - ERROR - Attempt 3 failed: you cannot reuse the ChromeOptions object
2025-10-27 01:11:00,669 - ERROR - All attempts failed to setup driver
Traceback (most recent call last):
  File "C:\laragon\www\dapokalsel\sekolah\import_url_kabupaten.pyw", line 115, in setup_driver
    driver = uc.Chrome(
  File "C:\laragon\bin\python\python-3.10\lib\site-packages\undetected_chromedriver\__init__.py", line 269, in __init__
    raise RuntimeError("you cannot reuse the ChromeOptions object")
RuntimeError: you cannot reuse the ChromeOptions object
2025-10-27 01:11:00,670 - ERROR - Error on attempt 279: Failed to setup driver
Traceback (most recent call last):
  File "C:\laragon\www\dapokalsel\sekolah\import_url_kabupaten.pyw", line 435, in process_url_induk
    raise Exception("Failed to setup driver")
Exception: Failed to setup driver
2025-10-27 01:11:00,670 - INFO - Retry attempt 280/300...
2025-10-27 01:11:15,670 - INFO - Setting up Chrome driver...
2025-10-27 01:11:15,670 - INFO - Using profile directory: C:\Windows\Temp\chrome_scraper_profile
2025-10-27 01:11:15,670 - INFO - Initializing Chrome driver (attempt 1/3)...
2025-10-27 01:11:18,958 - INFO - patching driver executable C:\laragon\www\dapokalsel\sekolah\~\appdata\roaming\undetected_chromedriver\undetected_chromedriver.exe
2025-10-27 01:11:19,042 - ERROR - Attempt 1 failed: Binary Location Must be a String
2025-10-27 01:11:19,042 - INFO - Retrying in 5 seconds...
2025-10-27 01:11:24,043 - INFO - Initializing Chrome driver (attempt 2/3)...
2025-10-27 01:11:27,865 - INFO - patching driver executable C:\laragon\www\dapokalsel\sekolah\~\appdata\roaming\undetected_chromedriver\undetected_chromedriver.exe
2025-10-27 01:11:27,944 - ERROR - Attempt 2 failed: you cannot reuse the ChromeOptions object
2025-10-27 01:11:27,944 - INFO - Retrying in 5 seconds...
2025-10-27 01:11:32,944 - INFO - Initializing Chrome driver (attempt 3/3)...
2025-10-27 01:11:35,913 - INFO - patching driver executable C:\laragon\www\dapokalsel\sekolah\~\appdata\roaming\undetected_chromedriver\undetected_chromedriver.exe
2025-10-27 01:11:35,996 - ERROR - Attempt 3 failed: you cannot reuse the ChromeOptions object
2025-10-27 01:11:35,996 - ERROR - All attempts failed to setup driver
Traceback (most recent call last):
  File "C:\laragon\www\dapokalsel\sekolah\import_url_kabupaten.pyw", line 115, in setup_driver
    driver = uc.Chrome(
  File "C:\laragon\bin\python\python-3.10\lib\site-packages\undetected_chromedriver\__init__.py", line 269, in __init__
    raise RuntimeError("you cannot reuse the ChromeOptions object")
RuntimeError: you cannot reuse the ChromeOptions object
2025-10-27 01:11:35,997 - ERROR - Error on attempt 280: Failed to setup driver
Traceback (most recent call last):
  File "C:\laragon\www\dapokalsel\sekolah\import_url_kabupaten.pyw", line 435, in process_url_induk
    raise Exception("Failed to setup driver")
Exception: Failed to setup driver
2025-10-27 01:11:35,997 - INFO - Retry attempt 281/300...
2025-10-27 01:11:50,998 - INFO - Setting up Chrome driver...
2025-10-27 01:11:50,998 - INFO - Using profile directory: C:\Windows\Temp\chrome_scraper_profile
2025-10-27 01:11:50,998 - INFO - Initializing Chrome driver (attempt 1/3)...
2025-10-27 01:11:54,258 - INFO - patching driver executable C:\laragon\www\dapokalsel\sekolah\~\appdata\roaming\undetected_chromedriver\undetected_chromedriver.exe
2025-10-27 01:11:54,343 - ERROR - Attempt 1 failed: Binary Location Must be a String
2025-10-27 01:11:54,343 - INFO - Retrying in 5 seconds...
2025-10-27 01:11:59,344 - INFO - Initializing Chrome driver (attempt 2/3)...
2025-10-27 01:12:02,522 - INFO - patching driver executable C:\laragon\www\dapokalsel\sekolah\~\appdata\roaming\undetected_chromedriver\undetected_chromedriver.exe
2025-10-27 01:12:02,606 - ERROR - Attempt 2 failed: you cannot reuse the ChromeOptions object
2025-10-27 01:12:02,606 - INFO - Retrying in 5 seconds...
2025-10-27 01:12:07,606 - INFO - Initializing Chrome driver (attempt 3/3)...
2025-10-27 01:12:10,777 - INFO - patching driver executable C:\laragon\www\dapokalsel\sekolah\~\appdata\roaming\undetected_chromedriver\undetected_chromedriver.exe
2025-10-27 01:12:10,873 - ERROR - Attempt 3 failed: you cannot reuse the ChromeOptions object
2025-10-27 01:12:10,873 - ERROR - All attempts failed to setup driver
Traceback (most recent call last):
  File "C:\laragon\www\dapokalsel\sekolah\import_url_kabupaten.pyw", line 115, in setup_driver
    driver = uc.Chrome(
  File "C:\laragon\bin\python\python-3.10\lib\site-packages\undetected_chromedriver\__init__.py", line 269, in __init__
    raise RuntimeError("you cannot reuse the ChromeOptions object")
RuntimeError: you cannot reuse the ChromeOptions object
2025-10-27 01:12:10,874 - ERROR - Error on attempt 281: Failed to setup driver
Traceback (most recent call last):
  File "C:\laragon\www\dapokalsel\sekolah\import_url_kabupaten.pyw", line 435, in process_url_induk
    raise Exception("Failed to setup driver")
Exception: Failed to setup driver
2025-10-27 01:12:10,875 - INFO - Retry attempt 282/300...
2025-10-27 01:12:25,876 - INFO - Setting up Chrome driver...
2025-10-27 01:12:25,876 - INFO - Using profile directory: C:\Windows\Temp\chrome_scraper_profile
2025-10-27 01:12:25,877 - INFO - Initializing Chrome driver (attempt 1/3)...
2025-10-27 01:12:29,208 - INFO - patching driver executable C:\laragon\www\dapokalsel\sekolah\~\appdata\roaming\undetected_chromedriver\undetected_chromedriver.exe
2025-10-27 01:12:29,310 - ERROR - Attempt 1 failed: Binary Location Must be a String
2025-10-27 01:12:29,310 - INFO - Retrying in 5 seconds...
2025-10-27 01:12:34,311 - INFO - Initializing Chrome driver (attempt 2/3)...
2025-10-27 01:12:37,236 - INFO - patching driver executable C:\laragon\www\dapokalsel\sekolah\~\appdata\roaming\undetected_chromedriver\undetected_chromedriver.exe
2025-10-27 01:12:37,310 - ERROR - Attempt 2 failed: you cannot reuse the ChromeOptions object
2025-10-27 01:12:37,310 - INFO - Retrying in 5 seconds...
2025-10-27 01:12:42,310 - INFO - Initializing Chrome driver (attempt 3/3)...
2025-10-27 01:12:45,211 - INFO - patching driver executable C:\laragon\www\dapokalsel\sekolah\~\appdata\roaming\undetected_chromedriver\undetected_chromedriver.exe
2025-10-27 01:12:45,329 - ERROR - Attempt 3 failed: you cannot reuse the ChromeOptions object
2025-10-27 01:12:45,330 - ERROR - All attempts failed to setup driver
Traceback (most recent call last):
  File "C:\laragon\www\dapokalsel\sekolah\import_url_kabupaten.pyw", line 115, in setup_driver
    driver = uc.Chrome(
  File "C:\laragon\bin\python\python-3.10\lib\site-packages\undetected_chromedriver\__init__.py", line 269, in __init__
    raise RuntimeError("you cannot reuse the ChromeOptions object")
RuntimeError: you cannot reuse the ChromeOptions object
2025-10-27 01:12:45,330 - ERROR - Error on attempt 282: Failed to setup driver
Traceback (most recent call last):
  File "C:\laragon\www\dapokalsel\sekolah\import_url_kabupaten.pyw", line 435, in process_url_induk
    raise Exception("Failed to setup driver")
Exception: Failed to setup driver
2025-10-27 01:12:45,330 - INFO - Retry attempt 283/300...
2025-10-27 01:13:00,331 - INFO - Setting up Chrome driver...
2025-10-27 01:13:00,332 - INFO - Using profile directory: C:\Windows\Temp\chrome_scraper_profile
2025-10-27 01:13:00,333 - INFO - Initializing Chrome driver (attempt 1/3)...
2025-10-27 01:13:03,402 - INFO - patching driver executable C:\laragon\www\dapokalsel\sekolah\~\appdata\roaming\undetected_chromedriver\undetected_chromedriver.exe
2025-10-27 01:13:03,473 - ERROR - Attempt 1 failed: Binary Location Must be a String
2025-10-27 01:13:03,473 - INFO - Retrying in 5 seconds...
2025-10-27 01:13:08,474 - INFO - Initializing Chrome driver (attempt 2/3)...
2025-10-27 01:13:11,605 - INFO - patching driver executable C:\laragon\www\dapokalsel\sekolah\~\appdata\roaming\undetected_chromedriver\undetected_chromedriver.exe
2025-10-27 01:13:11,683 - ERROR - Attempt 2 failed: you cannot reuse the ChromeOptions object
2025-10-27 01:13:11,684 - INFO - Retrying in 5 seconds...
2025-10-27 01:13:16,685 - INFO - Initializing Chrome driver (attempt 3/3)...
2025-10-27 01:13:19,765 - INFO - patching driver executable C:\laragon\www\dapokalsel\sekolah\~\appdata\roaming\undetected_chromedriver\undetected_chromedriver.exe
2025-10-27 01:13:19,847 - ERROR - Attempt 3 failed: you cannot reuse the ChromeOptions object
2025-10-27 01:13:19,847 - ERROR - All attempts failed to setup driver
Traceback (most recent call last):
  File "C:\laragon\www\dapokalsel\sekolah\import_url_kabupaten.pyw", line 115, in setup_driver
    driver = uc.Chrome(
  File "C:\laragon\bin\python\python-3.10\lib\site-packages\undetected_chromedriver\__init__.py", line 269, in __init__
    raise RuntimeError("you cannot reuse the ChromeOptions object")
RuntimeError: you cannot reuse the ChromeOptions object
2025-10-27 01:13:19,848 - ERROR - Error on attempt 283: Failed to setup driver
Traceback (most recent call last):
  File "C:\laragon\www\dapokalsel\sekolah\import_url_kabupaten.pyw", line 435, in process_url_induk
    raise Exception("Failed to setup driver")
Exception: Failed to setup driver
2025-10-27 01:13:19,848 - INFO - Retry attempt 284/300...
2025-10-27 01:13:34,848 - INFO - Setting up Chrome driver...
2025-10-27 01:13:34,848 - INFO - Using profile directory: C:\Windows\Temp\chrome_scraper_profile
2025-10-27 01:13:34,848 - INFO - Initializing Chrome driver (attempt 1/3)...
2025-10-27 01:13:37,993 - INFO - patching driver executable C:\laragon\www\dapokalsel\sekolah\~\appdata\roaming\undetected_chromedriver\undetected_chromedriver.exe
2025-10-27 01:13:38,071 - ERROR - Attempt 1 failed: Binary Location Must be a String
2025-10-27 01:13:38,071 - INFO - Retrying in 5 seconds...
2025-10-27 01:13:43,072 - INFO - Initializing Chrome driver (attempt 2/3)...
2025-10-27 01:13:46,156 - INFO - patching driver executable C:\laragon\www\dapokalsel\sekolah\~\appdata\roaming\undetected_chromedriver\undetected_chromedriver.exe
2025-10-27 01:13:46,230 - ERROR - Attempt 2 failed: you cannot reuse the ChromeOptions object
2025-10-27 01:13:46,230 - INFO - Retrying in 5 seconds...
2025-10-27 01:13:51,230 - INFO - Initializing Chrome driver (attempt 3/3)...
2025-10-27 01:13:54,603 - INFO - patching driver executable C:\laragon\www\dapokalsel\sekolah\~\appdata\roaming\undetected_chromedriver\undetected_chromedriver.exe
2025-10-27 01:13:54,678 - ERROR - Attempt 3 failed: you cannot reuse the ChromeOptions object
2025-10-27 01:13:54,679 - ERROR - All attempts failed to setup driver
Traceback (most recent call last):
  File "C:\laragon\www\dapokalsel\sekolah\import_url_kabupaten.pyw", line 115, in setup_driver
    driver = uc.Chrome(
  File "C:\laragon\bin\python\python-3.10\lib\site-packages\undetected_chromedriver\__init__.py", line 269, in __init__
    raise RuntimeError("you cannot reuse the ChromeOptions object")
RuntimeError: you cannot reuse the ChromeOptions object
2025-10-27 01:13:54,679 - ERROR - Error on attempt 284: Failed to setup driver
Traceback (most recent call last):
  File "C:\laragon\www\dapokalsel\sekolah\import_url_kabupaten.pyw", line 435, in process_url_induk
    raise Exception("Failed to setup driver")
Exception: Failed to setup driver
2025-10-27 01:13:54,679 - INFO - Retry attempt 285/300...
2025-10-27 01:14:09,680 - INFO - Setting up Chrome driver...
2025-10-27 01:14:09,680 - INFO - Using profile directory: C:\Windows\Temp\chrome_scraper_profile
2025-10-27 01:14:09,680 - INFO - Initializing Chrome driver (attempt 1/3)...
2025-10-27 01:14:12,794 - INFO - patching driver executable C:\laragon\www\dapokalsel\sekolah\~\appdata\roaming\undetected_chromedriver\undetected_chromedriver.exe
2025-10-27 01:14:12,876 - ERROR - Attempt 1 failed: Binary Location Must be a String
2025-10-27 01:14:12,876 - INFO - Retrying in 5 seconds...
2025-10-27 01:14:17,876 - INFO - Initializing Chrome driver (attempt 2/3)...
2025-10-27 01:14:21,299 - INFO - patching driver executable C:\laragon\www\dapokalsel\sekolah\~\appdata\roaming\undetected_chromedriver\undetected_chromedriver.exe
2025-10-27 01:14:21,372 - ERROR - Attempt 2 failed: you cannot reuse the ChromeOptions object
2025-10-27 01:14:21,372 - INFO - Retrying in 5 seconds...
2025-10-27 01:14:26,373 - INFO - Initializing Chrome driver (attempt 3/3)...
2025-10-27 01:14:29,210 - INFO - patching driver executable C:\laragon\www\dapokalsel\sekolah\~\appdata\roaming\undetected_chromedriver\undetected_chromedriver.exe
2025-10-27 01:14:29,283 - ERROR - Attempt 3 failed: you cannot reuse the ChromeOptions object
2025-10-27 01:14:29,283 - ERROR - All attempts failed to setup driver
Traceback (most recent call last):
  File "C:\laragon\www\dapokalsel\sekolah\import_url_kabupaten.pyw", line 115, in setup_driver
    driver = uc.Chrome(
  File "C:\laragon\bin\python\python-3.10\lib\site-packages\undetected_chromedriver\__init__.py", line 269, in __init__
    raise RuntimeError("you cannot reuse the ChromeOptions object")
RuntimeError: you cannot reuse the ChromeOptions object
2025-10-27 01:14:29,283 - ERROR - Error on attempt 285: Failed to setup driver
Traceback (most recent call last):
  File "C:\laragon\www\dapokalsel\sekolah\import_url_kabupaten.pyw", line 435, in process_url_induk
    raise Exception("Failed to setup driver")
Exception: Failed to setup driver
2025-10-27 01:14:29,284 - INFO - Retry attempt 286/300...
2025-10-27 01:14:44,285 - INFO - Setting up Chrome driver...
2025-10-27 01:14:44,286 - INFO - Using profile directory: C:\Windows\Temp\chrome_scraper_profile
2025-10-27 01:14:44,286 - INFO - Initializing Chrome driver (attempt 1/3)...
2025-10-27 01:14:47,199 - INFO - patching driver executable C:\laragon\www\dapokalsel\sekolah\~\appdata\roaming\undetected_chromedriver\undetected_chromedriver.exe
2025-10-27 01:14:47,272 - ERROR - Attempt 1 failed: Binary Location Must be a String
2025-10-27 01:14:47,273 - INFO - Retrying in 5 seconds...
2025-10-27 01:14:52,274 - INFO - Initializing Chrome driver (attempt 2/3)...
2025-10-27 01:14:55,154 - INFO - patching driver executable C:\laragon\www\dapokalsel\sekolah\~\appdata\roaming\undetected_chromedriver\undetected_chromedriver.exe
2025-10-27 01:14:55,230 - ERROR - Attempt 2 failed: you cannot reuse the ChromeOptions object
2025-10-27 01:14:55,231 - INFO - Retrying in 5 seconds...
2025-10-27 01:15:00,232 - INFO - Initializing Chrome driver (attempt 3/3)...
2025-10-27 01:15:03,917 - INFO - patching driver executable C:\laragon\www\dapokalsel\sekolah\~\appdata\roaming\undetected_chromedriver\undetected_chromedriver.exe
2025-10-27 01:15:03,992 - ERROR - Attempt 3 failed: you cannot reuse the ChromeOptions object
2025-10-27 01:15:03,992 - ERROR - All attempts failed to setup driver
Traceback (most recent call last):
  File "C:\laragon\www\dapokalsel\sekolah\import_url_kabupaten.pyw", line 115, in setup_driver
    driver = uc.Chrome(
  File "C:\laragon\bin\python\python-3.10\lib\site-packages\undetected_chromedriver\__init__.py", line 269, in __init__
    raise RuntimeError("you cannot reuse the ChromeOptions object")
RuntimeError: you cannot reuse the ChromeOptions object
2025-10-27 01:15:03,993 - ERROR - Error on attempt 286: Failed to setup driver
Traceback (most recent call last):
  File "C:\laragon\www\dapokalsel\sekolah\import_url_kabupaten.pyw", line 435, in process_url_induk
    raise Exception("Failed to setup driver")
Exception: Failed to setup driver
2025-10-27 01:15:03,993 - INFO - Retry attempt 287/300...
2025-10-27 01:15:18,994 - INFO - Setting up Chrome driver...
2025-10-27 01:15:18,994 - INFO - Using profile directory: C:\Windows\Temp\chrome_scraper_profile
2025-10-27 01:15:18,994 - INFO - Initializing Chrome driver (attempt 1/3)...
2025-10-27 01:15:21,932 - INFO - patching driver executable C:\laragon\www\dapokalsel\sekolah\~\appdata\roaming\undetected_chromedriver\undetected_chromedriver.exe
2025-10-27 01:15:22,009 - ERROR - Attempt 1 failed: Binary Location Must be a String
2025-10-27 01:15:22,009 - INFO - Retrying in 5 seconds...
2025-10-27 01:15:27,010 - INFO - Initializing Chrome driver (attempt 2/3)...
2025-10-27 01:15:30,909 - INFO - patching driver executable C:\laragon\www\dapokalsel\sekolah\~\appdata\roaming\undetected_chromedriver\undetected_chromedriver.exe
2025-10-27 01:15:30,985 - ERROR - Attempt 2 failed: you cannot reuse the ChromeOptions object
2025-10-27 01:15:30,985 - INFO - Retrying in 5 seconds...
2025-10-27 01:15:35,986 - INFO - Initializing Chrome driver (attempt 3/3)...
2025-10-27 01:15:41,752 - INFO - patching driver executable C:\laragon\www\dapokalsel\sekolah\~\appdata\roaming\undetected_chromedriver\undetected_chromedriver.exe
2025-10-27 01:15:41,832 - ERROR - Attempt 3 failed: you cannot reuse the ChromeOptions object
2025-10-27 01:15:41,832 - ERROR - All attempts failed to setup driver
Traceback (most recent call last):
  File "C:\laragon\www\dapokalsel\sekolah\import_url_kabupaten.pyw", line 115, in setup_driver
    driver = uc.Chrome(
  File "C:\laragon\bin\python\python-3.10\lib\site-packages\undetected_chromedriver\__init__.py", line 269, in __init__
    raise RuntimeError("you cannot reuse the ChromeOptions object")
RuntimeError: you cannot reuse the ChromeOptions object
2025-10-27 01:15:41,832 - ERROR - Error on attempt 287: Failed to setup driver
Traceback (most recent call last):
  File "C:\laragon\www\dapokalsel\sekolah\import_url_kabupaten.pyw", line 435, in process_url_induk
    raise Exception("Failed to setup driver")
Exception: Failed to setup driver
2025-10-27 01:15:41,833 - INFO - Retry attempt 288/300...
2025-10-27 01:15:56,833 - INFO - Setting up Chrome driver...
2025-10-27 01:15:56,833 - INFO - Using profile directory: C:\Windows\Temp\chrome_scraper_profile
2025-10-27 01:15:56,833 - INFO - Initializing Chrome driver (attempt 1/3)...
2025-10-27 01:16:00,035 - INFO - patching driver executable C:\laragon\www\dapokalsel\sekolah\~\appdata\roaming\undetected_chromedriver\undetected_chromedriver.exe
2025-10-27 01:16:00,110 - ERROR - Attempt 1 failed: Binary Location Must be a String
2025-10-27 01:16:00,110 - INFO - Retrying in 5 seconds...
2025-10-27 01:16:05,110 - INFO - Initializing Chrome driver (attempt 2/3)...
2025-10-27 01:16:08,192 - INFO - patching driver executable C:\laragon\www\dapokalsel\sekolah\~\appdata\roaming\undetected_chromedriver\undetected_chromedriver.exe
2025-10-27 01:16:08,265 - ERROR - Attempt 2 failed: you cannot reuse the ChromeOptions object
2025-10-27 01:16:08,265 - INFO - Retrying in 5 seconds...
2025-10-27 01:16:13,265 - INFO - Initializing Chrome driver (attempt 3/3)...
2025-10-27 01:16:16,225 - INFO - patching driver executable C:\laragon\www\dapokalsel\sekolah\~\appdata\roaming\undetected_chromedriver\undetected_chromedriver.exe
2025-10-27 01:16:16,299 - ERROR - Attempt 3 failed: you cannot reuse the ChromeOptions object
2025-10-27 01:16:16,299 - ERROR - All attempts failed to setup driver
Traceback (most recent call last):
  File "C:\laragon\www\dapokalsel\sekolah\import_url_kabupaten.pyw", line 115, in setup_driver
    driver = uc.Chrome(
  File "C:\laragon\bin\python\python-3.10\lib\site-packages\undetected_chromedriver\__init__.py", line 269, in __init__
    raise RuntimeError("you cannot reuse the ChromeOptions object")
RuntimeError: you cannot reuse the ChromeOptions object
2025-10-27 01:16:16,299 - ERROR - Error on attempt 288: Failed to setup driver
Traceback (most recent call last):
  File "C:\laragon\www\dapokalsel\sekolah\import_url_kabupaten.pyw", line 435, in process_url_induk
    raise Exception("Failed to setup driver")
Exception: Failed to setup driver
2025-10-27 01:16:16,300 - INFO - Retry attempt 289/300...
2025-10-27 01:16:31,300 - INFO - Setting up Chrome driver...
2025-10-27 01:16:31,301 - INFO - Using profile directory: C:\Windows\Temp\chrome_scraper_profile
2025-10-27 01:16:31,302 - INFO - Initializing Chrome driver (attempt 1/3)...
2025-10-27 01:16:34,442 - INFO - patching driver executable C:\laragon\www\dapokalsel\sekolah\~\appdata\roaming\undetected_chromedriver\undetected_chromedriver.exe
2025-10-27 01:16:34,516 - ERROR - Attempt 1 failed: Binary Location Must be a String
2025-10-27 01:16:34,516 - INFO - Retrying in 5 seconds...
2025-10-27 01:16:39,517 - INFO - Initializing Chrome driver (attempt 2/3)...
2025-10-27 01:16:42,533 - INFO - patching driver executable C:\laragon\www\dapokalsel\sekolah\~\appdata\roaming\undetected_chromedriver\undetected_chromedriver.exe
2025-10-27 01:16:42,605 - ERROR - Attempt 2 failed: you cannot reuse the ChromeOptions object
2025-10-27 01:16:42,606 - INFO - Retrying in 5 seconds...
2025-10-27 01:16:47,607 - INFO - Initializing Chrome driver (attempt 3/3)...
2025-10-27 01:16:50,680 - INFO - patching driver executable C:\laragon\www\dapokalsel\sekolah\~\appdata\roaming\undetected_chromedriver\undetected_chromedriver.exe
2025-10-27 01:16:50,753 - ERROR - Attempt 3 failed: you cannot reuse the ChromeOptions object
2025-10-27 01:16:50,753 - ERROR - All attempts failed to setup driver
Traceback (most recent call last):
  File "C:\laragon\www\dapokalsel\sekolah\import_url_kabupaten.pyw", line 115, in setup_driver
    driver = uc.Chrome(
  File "C:\laragon\bin\python\python-3.10\lib\site-packages\undetected_chromedriver\__init__.py", line 269, in __init__
    raise RuntimeError("you cannot reuse the ChromeOptions object")
RuntimeError: you cannot reuse the ChromeOptions object
2025-10-27 01:16:50,753 - ERROR - Error on attempt 289: Failed to setup driver
Traceback (most recent call last):
  File "C:\laragon\www\dapokalsel\sekolah\import_url_kabupaten.pyw", line 435, in process_url_induk
    raise Exception("Failed to setup driver")
Exception: Failed to setup driver
2025-10-27 01:16:50,754 - INFO - Retry attempt 290/300...
2025-10-27 01:17:05,755 - INFO - Setting up Chrome driver...
2025-10-27 01:17:05,756 - INFO - Using profile directory: C:\Windows\Temp\chrome_scraper_profile
2025-10-27 01:17:05,756 - INFO - Initializing Chrome driver (attempt 1/3)...
2025-10-27 01:17:08,698 - INFO - patching driver executable C:\laragon\www\dapokalsel\sekolah\~\appdata\roaming\undetected_chromedriver\undetected_chromedriver.exe
2025-10-27 01:17:08,779 - ERROR - Attempt 1 failed: Binary Location Must be a String
2025-10-27 01:17:08,779 - INFO - Retrying in 5 seconds...
2025-10-27 01:17:13,780 - INFO - Initializing Chrome driver (attempt 2/3)...
2025-10-27 01:17:17,296 - INFO - patching driver executable C:\laragon\www\dapokalsel\sekolah\~\appdata\roaming\undetected_chromedriver\undetected_chromedriver.exe
2025-10-27 01:17:17,371 - ERROR - Attempt 2 failed: you cannot reuse the ChromeOptions object
2025-10-27 01:17:17,371 - INFO - Retrying in 5 seconds...
2025-10-27 01:17:22,371 - INFO - Initializing Chrome driver (attempt 3/3)...
2025-10-27 01:17:25,372 - INFO - patching driver executable C:\laragon\www\dapokalsel\sekolah\~\appdata\roaming\undetected_chromedriver\undetected_chromedriver.exe
2025-10-27 01:17:25,446 - ERROR - Attempt 3 failed: you cannot reuse the ChromeOptions object
2025-10-27 01:17:25,446 - ERROR - All attempts failed to setup driver
Traceback (most recent call last):
  File "C:\laragon\www\dapokalsel\sekolah\import_url_kabupaten.pyw", line 115, in setup_driver
    driver = uc.Chrome(
  File "C:\laragon\bin\python\python-3.10\lib\site-packages\undetected_chromedriver\__init__.py", line 269, in __init__
    raise RuntimeError("you cannot reuse the ChromeOptions object")
RuntimeError: you cannot reuse the ChromeOptions object
2025-10-27 01:17:25,447 - ERROR - Error on attempt 290: Failed to setup driver
Traceback (most recent call last):
  File "C:\laragon\www\dapokalsel\sekolah\import_url_kabupaten.pyw", line 435, in process_url_induk
    raise Exception("Failed to setup driver")
Exception: Failed to setup driver
2025-10-27 01:17:25,447 - INFO - Retry attempt 291/300...
2025-10-27 01:17:40,447 - INFO - Setting up Chrome driver...
2025-10-27 01:17:40,448 - INFO - Using profile directory: C:\Windows\Temp\chrome_scraper_profile
2025-10-27 01:17:40,448 - INFO - Initializing Chrome driver (attempt 1/3)...
2025-10-27 01:17:43,420 - INFO - patching driver executable C:\laragon\www\dapokalsel\sekolah\~\appdata\roaming\undetected_chromedriver\undetected_chromedriver.exe
2025-10-27 01:17:43,547 - ERROR - Attempt 1 failed: Binary Location Must be a String
2025-10-27 01:17:43,547 - INFO - Retrying in 5 seconds...
2025-10-27 01:17:48,547 - INFO - Initializing Chrome driver (attempt 2/3)...
2025-10-27 01:17:52,212 - INFO - patching driver executable C:\laragon\www\dapokalsel\sekolah\~\appdata\roaming\undetected_chromedriver\undetected_chromedriver.exe
2025-10-27 01:17:52,282 - ERROR - Attempt 2 failed: you cannot reuse the ChromeOptions object
2025-10-27 01:17:52,283 - INFO - Retrying in 5 seconds...
2025-10-27 01:17:57,284 - INFO - Initializing Chrome driver (attempt 3/3)...
2025-10-27 01:18:01,539 - INFO - patching driver executable C:\laragon\www\dapokalsel\sekolah\~\appdata\roaming\undetected_chromedriver\undetected_chromedriver.exe
2025-10-27 01:18:01,615 - ERROR - Attempt 3 failed: you cannot reuse the ChromeOptions object
2025-10-27 01:18:01,616 - ERROR - All attempts failed to setup driver
Traceback (most recent call last):
  File "C:\laragon\www\dapokalsel\sekolah\import_url_kabupaten.pyw", line 115, in setup_driver
    driver = uc.Chrome(
  File "C:\laragon\bin\python\python-3.10\lib\site-packages\undetected_chromedriver\__init__.py", line 269, in __init__
    raise RuntimeError("you cannot reuse the ChromeOptions object")
RuntimeError: you cannot reuse the ChromeOptions object
2025-10-27 01:18:01,616 - ERROR - Error on attempt 291: Failed to setup driver
Traceback (most recent call last):
  File "C:\laragon\www\dapokalsel\sekolah\import_url_kabupaten.pyw", line 435, in process_url_induk
    raise Exception("Failed to setup driver")
Exception: Failed to setup driver
2025-10-27 01:18:01,616 - INFO - Retry attempt 292/300...
2025-10-27 01:18:16,617 - INFO - Setting up Chrome driver...
2025-10-27 01:18:16,618 - INFO - Using profile directory: C:\Windows\Temp\chrome_scraper_profile
2025-10-27 01:18:16,619 - INFO - Initializing Chrome driver (attempt 1/3)...
2025-10-27 01:18:20,909 - INFO - patching driver executable C:\laragon\www\dapokalsel\sekolah\~\appdata\roaming\undetected_chromedriver\undetected_chromedriver.exe
2025-10-27 01:18:20,998 - ERROR - Attempt 1 failed: Binary Location Must be a String
2025-10-27 01:18:20,998 - INFO - Retrying in 5 seconds...
2025-10-27 01:18:25,999 - INFO - Initializing Chrome driver (attempt 2/3)...
2025-10-27 01:18:28,963 - INFO - patching driver executable C:\laragon\www\dapokalsel\sekolah\~\appdata\roaming\undetected_chromedriver\undetected_chromedriver.exe
2025-10-27 01:18:29,040 - ERROR - Attempt 2 failed: you cannot reuse the ChromeOptions object
2025-10-27 01:18:29,041 - INFO - Retrying in 5 seconds...
2025-10-27 01:18:34,041 - INFO - Initializing Chrome driver (attempt 3/3)...
2025-10-27 01:18:37,128 - INFO - patching driver executable C:\laragon\www\dapokalsel\sekolah\~\appdata\roaming\undetected_chromedriver\undetected_chromedriver.exe
2025-10-27 01:18:37,219 - ERROR - Attempt 3 failed: you cannot reuse the ChromeOptions object
2025-10-27 01:18:37,219 - ERROR - All attempts failed to setup driver
Traceback (most recent call last):
  File "C:\laragon\www\dapokalsel\sekolah\import_url_kabupaten.pyw", line 115, in setup_driver
    driver = uc.Chrome(
  File "C:\laragon\bin\python\python-3.10\lib\site-packages\undetected_chromedriver\__init__.py", line 269, in __init__
    raise RuntimeError("you cannot reuse the ChromeOptions object")
RuntimeError: you cannot reuse the ChromeOptions object
2025-10-27 01:18:37,220 - ERROR - Error on attempt 292: Failed to setup driver
Traceback (most recent call last):
  File "C:\laragon\www\dapokalsel\sekolah\import_url_kabupaten.pyw", line 435, in process_url_induk
    raise Exception("Failed to setup driver")
Exception: Failed to setup driver
2025-10-27 01:18:37,220 - INFO - Retry attempt 293/300...
2025-10-27 01:18:52,221 - INFO - Setting up Chrome driver...
2025-10-27 01:18:52,221 - INFO - Using profile directory: C:\Windows\Temp\chrome_scraper_profile
2025-10-27 01:18:52,222 - INFO - Initializing Chrome driver (attempt 1/3)...
2025-10-27 01:18:55,397 - INFO - patching driver executable C:\laragon\www\dapokalsel\sekolah\~\appdata\roaming\undetected_chromedriver\undetected_chromedriver.exe
2025-10-27 01:18:55,478 - ERROR - Attempt 1 failed: Binary Location Must be a String
2025-10-27 01:18:55,478 - INFO - Retrying in 5 seconds...
2025-10-27 01:19:00,478 - INFO - Initializing Chrome driver (attempt 2/3)...
2025-10-27 01:19:03,421 - INFO - patching driver executable C:\laragon\www\dapokalsel\sekolah\~\appdata\roaming\undetected_chromedriver\undetected_chromedriver.exe
2025-10-27 01:19:03,506 - ERROR - Attempt 2 failed: you cannot reuse the ChromeOptions object
2025-10-27 01:19:03,507 - INFO - Retrying in 5 seconds...
2025-10-27 01:19:08,508 - INFO - Initializing Chrome driver (attempt 3/3)...
2025-10-27 01:19:11,811 - INFO - patching driver executable C:\laragon\www\dapokalsel\sekolah\~\appdata\roaming\undetected_chromedriver\undetected_chromedriver.exe
2025-10-27 01:19:11,883 - ERROR - Attempt 3 failed: you cannot reuse the ChromeOptions object
2025-10-27 01:19:11,884 - ERROR - All attempts failed to setup driver
Traceback (most recent call last):
  File "C:\laragon\www\dapokalsel\sekolah\import_url_kabupaten.pyw", line 115, in setup_driver
    driver = uc.Chrome(
  File "C:\laragon\bin\python\python-3.10\lib\site-packages\undetected_chromedriver\__init__.py", line 269, in __init__
    raise RuntimeError("you cannot reuse the ChromeOptions object")
RuntimeError: you cannot reuse the ChromeOptions object
2025-10-27 01:19:11,885 - ERROR - Error on attempt 293: Failed to setup driver
Traceback (most recent call last):
  File "C:\laragon\www\dapokalsel\sekolah\import_url_kabupaten.pyw", line 435, in process_url_induk
    raise Exception("Failed to setup driver")
Exception: Failed to setup driver
2025-10-27 01:19:11,885 - INFO - Retry attempt 294/300...
2025-10-27 01:19:26,885 - INFO - Setting up Chrome driver...
2025-10-27 01:19:26,886 - INFO - Using profile directory: C:\Windows\Temp\chrome_scraper_profile
2025-10-27 01:19:26,887 - INFO - Initializing Chrome driver (attempt 1/3)...
2025-10-27 01:19:29,885 - INFO - patching driver executable C:\laragon\www\dapokalsel\sekolah\~\appdata\roaming\undetected_chromedriver\undetected_chromedriver.exe
2025-10-27 01:19:29,958 - ERROR - Attempt 1 failed: Binary Location Must be a String
2025-10-27 01:19:29,958 - INFO - Retrying in 5 seconds...
2025-10-27 01:19:34,959 - INFO - Initializing Chrome driver (attempt 2/3)...
2025-10-27 01:19:38,112 - INFO - patching driver executable C:\laragon\www\dapokalsel\sekolah\~\appdata\roaming\undetected_chromedriver\undetected_chromedriver.exe
2025-10-27 01:19:38,185 - ERROR - Attempt 2 failed: you cannot reuse the ChromeOptions object
2025-10-27 01:19:38,186 - INFO - Retrying in 5 seconds...
2025-10-27 01:19:43,187 - INFO - Initializing Chrome driver (attempt 3/3)...
2025-10-27 01:19:46,175 - INFO - patching driver executable C:\laragon\www\dapokalsel\sekolah\~\appdata\roaming\undetected_chromedriver\undetected_chromedriver.exe
2025-10-27 01:19:46,248 - ERROR - Attempt 3 failed: you cannot reuse the ChromeOptions object
2025-10-27 01:19:46,248 - ERROR - All attempts failed to setup driver
Traceback (most recent call last):
  File "C:\laragon\www\dapokalsel\sekolah\import_url_kabupaten.pyw", line 115, in setup_driver
    driver = uc.Chrome(
  File "C:\laragon\bin\python\python-3.10\lib\site-packages\undetected_chromedriver\__init__.py", line 269, in __init__
    raise RuntimeError("you cannot reuse the ChromeOptions object")
RuntimeError: you cannot reuse the ChromeOptions object
2025-10-27 01:19:46,249 - ERROR - Error on attempt 294: Failed to setup driver
Traceback (most recent call last):
  File "C:\laragon\www\dapokalsel\sekolah\import_url_kabupaten.pyw", line 435, in process_url_induk
    raise Exception("Failed to setup driver")
Exception: Failed to setup driver
2025-10-27 01:19:46,249 - INFO - Retry attempt 295/300...
2025-10-27 01:20:01,250 - INFO - Setting up Chrome driver...
2025-10-27 01:20:01,251 - INFO - Using profile directory: C:\Windows\Temp\chrome_scraper_profile
2025-10-27 01:20:01,251 - INFO - Initializing Chrome driver (attempt 1/3)...
2025-10-27 01:20:04,684 - INFO - patching driver executable C:\laragon\www\dapokalsel\sekolah\~\appdata\roaming\undetected_chromedriver\undetected_chromedriver.exe
2025-10-27 01:20:04,760 - ERROR - Attempt 1 failed: Binary Location Must be a String
2025-10-27 01:20:04,760 - INFO - Retrying in 5 seconds...
2025-10-27 01:20:09,761 - INFO - Initializing Chrome driver (attempt 2/3)...
2025-10-27 01:20:13,120 - INFO - patching driver executable C:\laragon\www\dapokalsel\sekolah\~\appdata\roaming\undetected_chromedriver\undetected_chromedriver.exe
2025-10-27 01:20:13,194 - ERROR - Attempt 2 failed: you cannot reuse the ChromeOptions object
2025-10-27 01:20:13,194 - INFO - Retrying in 5 seconds...
2025-10-27 01:20:18,194 - INFO - Initializing Chrome driver (attempt 3/3)...
2025-10-27 01:20:21,218 - INFO - patching driver executable C:\laragon\www\dapokalsel\sekolah\~\appdata\roaming\undetected_chromedriver\undetected_chromedriver.exe
2025-10-27 01:20:21,297 - ERROR - Attempt 3 failed: you cannot reuse the ChromeOptions object
2025-10-27 01:20:21,297 - ERROR - All attempts failed to setup driver
Traceback (most recent call last):
  File "C:\laragon\www\dapokalsel\sekolah\import_url_kabupaten.pyw", line 115, in setup_driver
    driver = uc.Chrome(
  File "C:\laragon\bin\python\python-3.10\lib\site-packages\undetected_chromedriver\__init__.py", line 269, in __init__
    raise RuntimeError("you cannot reuse the ChromeOptions object")
RuntimeError: you cannot reuse the ChromeOptions object
2025-10-27 01:20:21,298 - ERROR - Error on attempt 295: Failed to setup driver
Traceback (most recent call last):
  File "C:\laragon\www\dapokalsel\sekolah\import_url_kabupaten.pyw", line 435, in process_url_induk
    raise Exception("Failed to setup driver")
Exception: Failed to setup driver
2025-10-27 01:20:21,298 - INFO - Retry attempt 296/300...
2025-10-27 01:20:36,299 - INFO - Setting up Chrome driver...
2025-10-27 01:20:36,301 - INFO - Using profile directory: C:\Windows\Temp\chrome_scraper_profile
2025-10-27 01:20:36,301 - INFO - Initializing Chrome driver (attempt 1/3)...
2025-10-27 01:20:39,913 - INFO - patching driver executable C:\laragon\www\dapokalsel\sekolah\~\appdata\roaming\undetected_chromedriver\undetected_chromedriver.exe
2025-10-27 01:20:39,990 - ERROR - Attempt 1 failed: Binary Location Must be a String
2025-10-27 01:20:39,990 - INFO - Retrying in 5 seconds...
2025-10-27 01:20:44,991 - INFO - Initializing Chrome driver (attempt 2/3)...
2025-10-27 01:20:48,521 - INFO - patching driver executable C:\laragon\www\dapokalsel\sekolah\~\appdata\roaming\undetected_chromedriver\undetected_chromedriver.exe
2025-10-27 01:20:48,591 - ERROR - Attempt 2 failed: you cannot reuse the ChromeOptions object
2025-10-27 01:20:48,592 - INFO - Retrying in 5 seconds...
2025-10-27 01:20:53,593 - INFO - Initializing Chrome driver (attempt 3/3)...
2025-10-27 01:20:57,020 - INFO - patching driver executable C:\laragon\www\dapokalsel\sekolah\~\appdata\roaming\undetected_chromedriver\undetected_chromedriver.exe
2025-10-27 01:20:57,095 - ERROR - Attempt 3 failed: you cannot reuse the ChromeOptions object
2025-10-27 01:20:57,095 - ERROR - All attempts failed to setup driver
Traceback (most recent call last):
  File "C:\laragon\www\dapokalsel\sekolah\import_url_kabupaten.pyw", line 115, in setup_driver
    driver = uc.Chrome(
  File "C:\laragon\bin\python\python-3.10\lib\site-packages\undetected_chromedriver\__init__.py", line 269, in __init__
    raise RuntimeError("you cannot reuse the ChromeOptions object")
RuntimeError: you cannot reuse the ChromeOptions object
2025-10-27 01:20:57,095 - ERROR - Error on attempt 296: Failed to setup driver
Traceback (most recent call last):
  File "C:\laragon\www\dapokalsel\sekolah\import_url_kabupaten.pyw", line 435, in process_url_induk
    raise Exception("Failed to setup driver")
Exception: Failed to setup driver
2025-10-27 01:20:57,095 - INFO - Retry attempt 297/300...
2025-10-27 01:21:12,096 - INFO - Setting up Chrome driver...
2025-10-27 01:21:12,097 - INFO - Using profile directory: C:\Windows\Temp\chrome_scraper_profile
2025-10-27 01:21:12,097 - INFO - Initializing Chrome driver (attempt 1/3)...
2025-10-27 01:21:15,017 - INFO - patching driver executable C:\laragon\www\dapokalsel\sekolah\~\appdata\roaming\undetected_chromedriver\undetected_chromedriver.exe
2025-10-27 01:21:15,093 - ERROR - Attempt 1 failed: Binary Location Must be a String
2025-10-27 01:21:15,093 - INFO - Retrying in 5 seconds...
2025-10-27 01:21:20,094 - INFO - Initializing Chrome driver (attempt 2/3)...
2025-10-27 01:21:23,012 - INFO - patching driver executable C:\laragon\www\dapokalsel\sekolah\~\appdata\roaming\undetected_chromedriver\undetected_chromedriver.exe
2025-10-27 01:21:23,085 - ERROR - Attempt 2 failed: you cannot reuse the ChromeOptions object
2025-10-27 01:21:23,085 - INFO - Retrying in 5 seconds...
2025-10-27 01:21:28,086 - INFO - Initializing Chrome driver (attempt 3/3)...
2025-10-27 01:21:30,942 - INFO - patching driver executable C:\laragon\www\dapokalsel\sekolah\~\appdata\roaming\undetected_chromedriver\undetected_chromedriver.exe
2025-10-27 01:21:31,022 - ERROR - Attempt 3 failed: you cannot reuse the ChromeOptions object
2025-10-27 01:21:31,022 - ERROR - All attempts failed to setup driver
Traceback (most recent call last):
  File "C:\laragon\www\dapokalsel\sekolah\import_url_kabupaten.pyw", line 115, in setup_driver
    driver = uc.Chrome(
  File "C:\laragon\bin\python\python-3.10\lib\site-packages\undetected_chromedriver\__init__.py", line 269, in __init__
    raise RuntimeError("you cannot reuse the ChromeOptions object")
RuntimeError: you cannot reuse the ChromeOptions object
2025-10-27 01:21:31,022 - ERROR - Error on attempt 297: Failed to setup driver
Traceback (most recent call last):
  File "C:\laragon\www\dapokalsel\sekolah\import_url_kabupaten.pyw", line 435, in process_url_induk
    raise Exception("Failed to setup driver")
Exception: Failed to setup driver
2025-10-27 01:21:31,023 - INFO - Retry attempt 298/300...
2025-10-27 01:21:46,023 - INFO - Setting up Chrome driver...
2025-10-27 01:21:46,023 - INFO - Using profile directory: C:\Windows\Temp\chrome_scraper_profile
2025-10-27 01:21:46,023 - INFO - Initializing Chrome driver (attempt 1/3)...
2025-10-27 01:21:49,421 - INFO - patching driver executable C:\laragon\www\dapokalsel\sekolah\~\appdata\roaming\undetected_chromedriver\undetected_chromedriver.exe
2025-10-27 01:21:49,517 - ERROR - Attempt 1 failed: Binary Location Must be a String
2025-10-27 01:21:49,518 - INFO - Retrying in 5 seconds...
2025-10-27 01:21:54,518 - INFO - Initializing Chrome driver (attempt 2/3)...
2025-10-27 01:21:57,400 - INFO - patching driver executable C:\laragon\www\dapokalsel\sekolah\~\appdata\roaming\undetected_chromedriver\undetected_chromedriver.exe
2025-10-27 01:21:57,474 - ERROR - Attempt 2 failed: you cannot reuse the ChromeOptions object
2025-10-27 01:21:57,474 - INFO - Retrying in 5 seconds...
2025-10-27 01:22:02,475 - INFO - Initializing Chrome driver (attempt 3/3)...
2025-10-27 01:22:06,302 - INFO - patching driver executable C:\laragon\www\dapokalsel\sekolah\~\appdata\roaming\undetected_chromedriver\undetected_chromedriver.exe
2025-10-27 01:22:06,376 - ERROR - Attempt 3 failed: you cannot reuse the ChromeOptions object
2025-10-27 01:22:06,376 - ERROR - All attempts failed to setup driver
Traceback (most recent call last):
  File "C:\laragon\www\dapokalsel\sekolah\import_url_kabupaten.pyw", line 115, in setup_driver
    driver = uc.Chrome(
  File "C:\laragon\bin\python\python-3.10\lib\site-packages\undetected_chromedriver\__init__.py", line 269, in __init__
    raise RuntimeError("you cannot reuse the ChromeOptions object")
RuntimeError: you cannot reuse the ChromeOptions object
2025-10-27 01:22:06,377 - ERROR - Error on attempt 298: Failed to setup driver
Traceback (most recent call last):
  File "C:\laragon\www\dapokalsel\sekolah\import_url_kabupaten.pyw", line 435, in process_url_induk
    raise Exception("Failed to setup driver")
Exception: Failed to setup driver
2025-10-27 01:22:06,377 - INFO - Retry attempt 299/300...
2025-10-27 01:22:21,377 - INFO - Setting up Chrome driver...
2025-10-27 01:22:21,378 - INFO - Using profile directory: C:\Windows\Temp\chrome_scraper_profile
2025-10-27 01:22:21,378 - INFO - Initializing Chrome driver (attempt 1/3)...
2025-10-27 01:22:24,363 - INFO - patching driver executable C:\laragon\www\dapokalsel\sekolah\~\appdata\roaming\undetected_chromedriver\undetected_chromedriver.exe
2025-10-27 01:22:24,435 - ERROR - Attempt 1 failed: Binary Location Must be a String
2025-10-27 01:22:24,435 - INFO - Retrying in 5 seconds...
2025-10-27 01:22:29,435 - INFO - Initializing Chrome driver (attempt 2/3)...
2025-10-27 01:22:33,444 - INFO - patching driver executable C:\laragon\www\dapokalsel\sekolah\~\appdata\roaming\undetected_chromedriver\undetected_chromedriver.exe
2025-10-27 01:22:33,525 - ERROR - Attempt 2 failed: you cannot reuse the ChromeOptions object
2025-10-27 01:22:33,525 - INFO - Retrying in 5 seconds...
2025-10-27 01:22:38,525 - INFO - Initializing Chrome driver (attempt 3/3)...
2025-10-27 01:22:41,556 - INFO - patching driver executable C:\laragon\www\dapokalsel\sekolah\~\appdata\roaming\undetected_chromedriver\undetected_chromedriver.exe
2025-10-27 01:22:41,633 - ERROR - Attempt 3 failed: you cannot reuse the ChromeOptions object
2025-10-27 01:22:41,634 - ERROR - All attempts failed to setup driver
Traceback (most recent call last):
  File "C:\laragon\www\dapokalsel\sekolah\import_url_kabupaten.pyw", line 115, in setup_driver
    driver = uc.Chrome(
  File "C:\laragon\bin\python\python-3.10\lib\site-packages\undetected_chromedriver\__init__.py", line 269, in __init__
    raise RuntimeError("you cannot reuse the ChromeOptions object")
RuntimeError: you cannot reuse the ChromeOptions object
2025-10-27 01:22:41,634 - ERROR - Error on attempt 299: Failed to setup driver
Traceback (most recent call last):
  File "C:\laragon\www\dapokalsel\sekolah\import_url_kabupaten.pyw", line 435, in process_url_induk
    raise Exception("Failed to setup driver")
Exception: Failed to setup driver
2025-10-27 01:22:41,635 - INFO - Retry attempt 300/300...
2025-10-27 01:22:56,636 - INFO - Setting up Chrome driver...
2025-10-27 01:22:56,638 - INFO - Using profile directory: C:\Windows\Temp\chrome_scraper_profile
2025-10-27 01:22:56,638 - INFO - Initializing Chrome driver (attempt 1/3)...
2025-10-27 01:23:00,732 - INFO - patching driver executable C:\laragon\www\dapokalsel\sekolah\~\appdata\roaming\undetected_chromedriver\undetected_chromedriver.exe
2025-10-27 01:23:00,822 - ERROR - Attempt 1 failed: Binary Location Must be a String
2025-10-27 01:23:00,823 - INFO - Retrying in 5 seconds...
2025-10-27 01:23:05,823 - INFO - Initializing Chrome driver (attempt 2/3)...
2025-10-27 01:23:09,016 - INFO - patching driver executable C:\laragon\www\dapokalsel\sekolah\~\appdata\roaming\undetected_chromedriver\undetected_chromedriver.exe
2025-10-27 01:23:09,089 - ERROR - Attempt 2 failed: you cannot reuse the ChromeOptions object
2025-10-27 01:23:09,089 - INFO - Retrying in 5 seconds...
2025-10-27 01:23:14,090 - INFO - Initializing Chrome driver (attempt 3/3)...
2025-10-27 01:23:16,900 - INFO - patching driver executable C:\laragon\www\dapokalsel\sekolah\~\appdata\roaming\undetected_chromedriver\undetected_chromedriver.exe
2025-10-27 01:23:16,981 - ERROR - Attempt 3 failed: you cannot reuse the ChromeOptions object
2025-10-27 01:23:16,981 - ERROR - All attempts failed to setup driver
Traceback (most recent call last):
  File "C:\laragon\www\dapokalsel\sekolah\import_url_kabupaten.pyw", line 115, in setup_driver
    driver = uc.Chrome(
  File "C:\laragon\bin\python\python-3.10\lib\site-packages\undetected_chromedriver\__init__.py", line 269, in __init__
    raise RuntimeError("you cannot reuse the ChromeOptions object")
RuntimeError: you cannot reuse the ChromeOptions object
2025-10-27 01:23:16,982 - ERROR - Error on attempt 300: Failed to setup driver
Traceback (most recent call last):
  File "C:\laragon\www\dapokalsel\sekolah\import_url_kabupaten.pyw", line 435, in process_url_induk
    raise Exception("Failed to setup driver")
Exception: Failed to setup driver
2025-10-27 01:23:17,067 - INFO - Updated log entry, affected rows: 1
--- Logging error ---
Traceback (most recent call last):
  File "C:\laragon\bin\python\python-3.10\lib\logging\__init__.py", line 1103, in emit
    stream.write(msg + self.terminator)
  File "C:\laragon\bin\python\python-3.10\lib\encodings\cp1252.py", line 19, in encode
    return codecs.charmap_encode(input,self.errors,encoding_table)[0]
UnicodeEncodeError: 'charmap' codec can't encode character '\u274c' in position 34: character maps to <undefined>
Call stack:
  File "C:\laragon\www\dapokalsel\sekolah\import_url_kabupaten.pyw", line 538, in <module>
    main()
  File "C:\laragon\www\dapokalsel\sekolah\import_url_kabupaten.pyw", line 512, in main
    if process_url_induk(logger, url_induk_data, args.max_retries, args.user_id):
  File "C:\laragon\www\dapokalsel\sekolah\import_url_kabupaten.pyw", line 476, in process_url_induk
    logger.error(f"\u274c FAILED: Kabupaten processing for URL Induk ID {url_induk_id} after {max_retries} attempts")
Message: '\u274c FAILED: Kabupaten processing for URL Induk ID 5 after 300 attempts'
Arguments: ()
2025-10-27 01:23:17,074 - INFO - 
================================================================================
2025-10-27 01:23:17,074 - INFO - KABUPATEN IMPORT SUMMARY
2025-10-27 01:23:17,075 - INFO - ================================================================================
2025-10-27 01:23:17,075 - INFO - Total URL Induk Processed: 1
2025-10-27 01:23:17,075 - INFO - Successful: 0
2025-10-27 01:23:17,075 - INFO - Failed: 1
2025-10-27 01:23:17,076 - INFO - ================================================================================
--- Logging error ---
Traceback (most recent call last):
  File "C:\laragon\bin\python\python-3.10\lib\logging\__init__.py", line 1103, in emit
    stream.write(msg + self.terminator)
  File "C:\laragon\bin\python\python-3.10\lib\encodings\cp1252.py", line 19, in encode
    return codecs.charmap_encode(input,self.errors,encoding_table)[0]
UnicodeEncodeError: 'charmap' codec can't encode character '\u274c' in position 34: character maps to <undefined>
Call stack:
  File "C:\laragon\www\dapokalsel\sekolah\import_url_kabupaten.pyw", line 538, in <module>
    main()
  File "C:\laragon\www\dapokalsel\sekolah\import_url_kabupaten.pyw", line 527, in main
    logger.error("\u274c Kabupaten import completed with failures")
Message: '\u274c Kabupaten import completed with failures'
Arguments: ()
