2025-10-26 20:35:08,267 - INFO - Logging initialized: C:\laragon\www\dapokalsel\logs\kabupaten_import.log
2025-10-26 20:35:08,267 - INFO - Project root: C:\laragon\www\dapokalsel
2025-10-26 20:35:08,268 - INFO - ================================================================================
2025-10-26 20:35:08,268 - INFO - STARTING KABUPATEN IMPORT
2025-10-26 20:35:08,268 - INFO - ================================================================================
2025-10-26 20:35:08,269 - INFO - Arguments: Namespace(url_induk_id=5, max_retries=300, user_id=1)
2025-10-26 20:35:08,298 - INFO - Found 1 active URL induk
2025-10-26 20:35:08,298 - INFO - 
============================================================
2025-10-26 20:35:08,298 - INFO - Processing URL Induk ID: 5
2025-10-26 20:35:08,298 - INFO - URL: https://dapo.kemendikdasmen.go.id/sp/1/150000
2025-10-26 20:35:08,298 - INFO - Description: URL Induk Dapodik - 2025-10-25 18:54:25
2025-10-26 20:35:08,298 - INFO - ============================================================
2025-10-26 20:35:08,370 - INFO - Created log entry with ID: 172
2025-10-26 20:35:08,370 - INFO - Setting up Chrome driver...
2025-10-26 20:35:08,370 - INFO - Using profile directory: C:\laragon\www\dapokalsel\chrome_profile
2025-10-26 20:35:08,370 - INFO - Initializing undetected Chrome driver...
2025-10-26 20:35:11,573 - INFO - patching driver executable C:\laragon\www\dapokalsel\sekolah\~\appdata\roaming\undetected_chromedriver\undetected_chromedriver.exe
2025-10-26 20:35:11,756 - ERROR - Failed to setup driver: Binary Location Must be a String
Traceback (most recent call last):
  File "C:\laragon\www\dapokalsel\sekolah\import_url_kabupaten.pyw", line 92, in setup_driver
    driver = uc.Chrome(
  File "C:\laragon\bin\python\python-3.10\lib\site-packages\undetected_chromedriver\__init__.py", line 372, in __init__
    options.binary_location = (
  File "C:\laragon\bin\python\python-3.10\lib\site-packages\selenium\webdriver\chromium\options.py", line 52, in binary_location
    raise TypeError(self.BINARY_LOCATION_ERROR)
TypeError: Binary Location Must be a String
2025-10-26 20:35:11,756 - ERROR - Error on attempt 1: Failed to setup driver
Traceback (most recent call last):
  File "C:\laragon\www\dapokalsel\sekolah\import_url_kabupaten.pyw", line 388, in process_url_induk
    raise Exception("Failed to setup driver")
Exception: Failed to setup driver
2025-10-26 20:35:11,756 - INFO - Retry attempt 2/300...
2025-10-26 20:35:26,757 - INFO - Setting up Chrome driver...
2025-10-26 20:35:26,757 - INFO - Using profile directory: C:\laragon\www\dapokalsel\chrome_profile
2025-10-26 20:35:26,757 - INFO - Initializing undetected Chrome driver...
2025-10-26 20:35:30,591 - INFO - patching driver executable C:\laragon\www\dapokalsel\sekolah\~\appdata\roaming\undetected_chromedriver\undetected_chromedriver.exe
2025-10-26 20:35:30,688 - ERROR - Failed to setup driver: Binary Location Must be a String
Traceback (most recent call last):
  File "C:\laragon\www\dapokalsel\sekolah\import_url_kabupaten.pyw", line 92, in setup_driver
    driver = uc.Chrome(
  File "C:\laragon\bin\python\python-3.10\lib\site-packages\undetected_chromedriver\__init__.py", line 372, in __init__
    options.binary_location = (
  File "C:\laragon\bin\python\python-3.10\lib\site-packages\selenium\webdriver\chromium\options.py", line 52, in binary_location
    raise TypeError(self.BINARY_LOCATION_ERROR)
TypeError: Binary Location Must be a String
2025-10-26 20:35:30,688 - ERROR - Error on attempt 2: Failed to setup driver
Traceback (most recent call last):
  File "C:\laragon\www\dapokalsel\sekolah\import_url_kabupaten.pyw", line 388, in process_url_induk
    raise Exception("Failed to setup driver")
Exception: Failed to setup driver
2025-10-26 20:35:30,688 - INFO - Retry attempt 3/300...
2025-10-26 20:35:45,715 - INFO - Setting up Chrome driver...
2025-10-26 20:35:45,715 - INFO - Using profile directory: C:\laragon\www\dapokalsel\chrome_profile
2025-10-26 20:35:45,716 - INFO - Initializing undetected Chrome driver...
2025-10-26 20:35:48,904 - INFO - patching driver executable C:\laragon\www\dapokalsel\sekolah\~\appdata\roaming\undetected_chromedriver\undetected_chromedriver.exe
2025-10-26 20:35:49,004 - ERROR - Failed to setup driver: Binary Location Must be a String
Traceback (most recent call last):
  File "C:\laragon\www\dapokalsel\sekolah\import_url_kabupaten.pyw", line 92, in setup_driver
    driver = uc.Chrome(
  File "C:\laragon\bin\python\python-3.10\lib\site-packages\undetected_chromedriver\__init__.py", line 372, in __init__
    options.binary_location = (
  File "C:\laragon\bin\python\python-3.10\lib\site-packages\selenium\webdriver\chromium\options.py", line 52, in binary_location
    raise TypeError(self.BINARY_LOCATION_ERROR)
TypeError: Binary Location Must be a String
2025-10-26 20:35:49,004 - ERROR - Error on attempt 3: Failed to setup driver
Traceback (most recent call last):
  File "C:\laragon\www\dapokalsel\sekolah\import_url_kabupaten.pyw", line 388, in process_url_induk
    raise Exception("Failed to setup driver")
Exception: Failed to setup driver
2025-10-26 20:35:49,004 - INFO - Retry attempt 4/300...
2025-10-26 20:36:04,005 - INFO - Setting up Chrome driver...
2025-10-26 20:36:04,005 - INFO - Using profile directory: C:\laragon\www\dapokalsel\chrome_profile
2025-10-26 20:36:04,005 - INFO - Initializing undetected Chrome driver...
2025-10-26 20:36:07,002 - INFO - patching driver executable C:\laragon\www\dapokalsel\sekolah\~\appdata\roaming\undetected_chromedriver\undetected_chromedriver.exe
2025-10-26 20:36:07,094 - ERROR - Failed to setup driver: Binary Location Must be a String
Traceback (most recent call last):
  File "C:\laragon\www\dapokalsel\sekolah\import_url_kabupaten.pyw", line 92, in setup_driver
    driver = uc.Chrome(
  File "C:\laragon\bin\python\python-3.10\lib\site-packages\undetected_chromedriver\__init__.py", line 372, in __init__
    options.binary_location = (
  File "C:\laragon\bin\python\python-3.10\lib\site-packages\selenium\webdriver\chromium\options.py", line 52, in binary_location
    raise TypeError(self.BINARY_LOCATION_ERROR)
TypeError: Binary Location Must be a String
2025-10-26 20:36:07,094 - ERROR - Error on attempt 4: Failed to setup driver
Traceback (most recent call last):
  File "C:\laragon\www\dapokalsel\sekolah\import_url_kabupaten.pyw", line 388, in process_url_induk
    raise Exception("Failed to setup driver")
Exception: Failed to setup driver
2025-10-26 20:36:07,094 - INFO - Retry attempt 5/300...
2025-10-26 20:36:22,100 - INFO - Setting up Chrome driver...
2025-10-26 20:36:22,101 - INFO - Using profile directory: C:\laragon\www\dapokalsel\chrome_profile
2025-10-26 20:36:22,102 - INFO - Initializing undetected Chrome driver...
2025-10-26 20:36:25,361 - INFO - patching driver executable C:\laragon\www\dapokalsel\sekolah\~\appdata\roaming\undetected_chromedriver\undetected_chromedriver.exe
2025-10-26 20:36:25,604 - ERROR - Failed to setup driver: Binary Location Must be a String
Traceback (most recent call last):
  File "C:\laragon\www\dapokalsel\sekolah\import_url_kabupaten.pyw", line 92, in setup_driver
    driver = uc.Chrome(
  File "C:\laragon\bin\python\python-3.10\lib\site-packages\undetected_chromedriver\__init__.py", line 372, in __init__
    options.binary_location = (
  File "C:\laragon\bin\python\python-3.10\lib\site-packages\selenium\webdriver\chromium\options.py", line 52, in binary_location
    raise TypeError(self.BINARY_LOCATION_ERROR)
TypeError: Binary Location Must be a String
2025-10-26 20:36:25,605 - ERROR - Error on attempt 5: Failed to setup driver
Traceback (most recent call last):
  File "C:\laragon\www\dapokalsel\sekolah\import_url_kabupaten.pyw", line 388, in process_url_induk
    raise Exception("Failed to setup driver")
Exception: Failed to setup driver
2025-10-26 20:36:25,605 - INFO - Retry attempt 6/300...
2025-10-26 20:36:40,606 - INFO - Setting up Chrome driver...
2025-10-26 20:36:40,606 - INFO - Using profile directory: C:\laragon\www\dapokalsel\chrome_profile
2025-10-26 20:36:40,606 - INFO - Initializing undetected Chrome driver...
2025-10-26 20:36:44,019 - INFO - patching driver executable C:\laragon\www\dapokalsel\sekolah\~\appdata\roaming\undetected_chromedriver\undetected_chromedriver.exe
2025-10-26 20:36:44,152 - ERROR - Failed to setup driver: Binary Location Must be a String
Traceback (most recent call last):
  File "C:\laragon\www\dapokalsel\sekolah\import_url_kabupaten.pyw", line 92, in setup_driver
    driver = uc.Chrome(
  File "C:\laragon\bin\python\python-3.10\lib\site-packages\undetected_chromedriver\__init__.py", line 372, in __init__
    options.binary_location = (
  File "C:\laragon\bin\python\python-3.10\lib\site-packages\selenium\webdriver\chromium\options.py", line 52, in binary_location
    raise TypeError(self.BINARY_LOCATION_ERROR)
TypeError: Binary Location Must be a String
2025-10-26 20:36:44,152 - ERROR - Error on attempt 6: Failed to setup driver
Traceback (most recent call last):
  File "C:\laragon\www\dapokalsel\sekolah\import_url_kabupaten.pyw", line 388, in process_url_induk
    raise Exception("Failed to setup driver")
Exception: Failed to setup driver
2025-10-26 20:36:44,152 - INFO - Retry attempt 7/300...
2025-10-26 20:36:59,152 - INFO - Setting up Chrome driver...
2025-10-26 20:36:59,154 - INFO - Using profile directory: C:\laragon\www\dapokalsel\chrome_profile
2025-10-26 20:36:59,154 - INFO - Initializing undetected Chrome driver...
2025-10-26 20:37:02,950 - INFO - patching driver executable C:\laragon\www\dapokalsel\sekolah\~\appdata\roaming\undetected_chromedriver\undetected_chromedriver.exe
2025-10-26 20:37:03,016 - ERROR - Failed to setup driver: Binary Location Must be a String
Traceback (most recent call last):
  File "C:\laragon\www\dapokalsel\sekolah\import_url_kabupaten.pyw", line 92, in setup_driver
    driver = uc.Chrome(
  File "C:\laragon\bin\python\python-3.10\lib\site-packages\undetected_chromedriver\__init__.py", line 372, in __init__
    options.binary_location = (
  File "C:\laragon\bin\python\python-3.10\lib\site-packages\selenium\webdriver\chromium\options.py", line 52, in binary_location
    raise TypeError(self.BINARY_LOCATION_ERROR)
TypeError: Binary Location Must be a String
2025-10-26 20:37:03,016 - ERROR - Error on attempt 7: Failed to setup driver
Traceback (most recent call last):
  File "C:\laragon\www\dapokalsel\sekolah\import_url_kabupaten.pyw", line 388, in process_url_induk
    raise Exception("Failed to setup driver")
Exception: Failed to setup driver
2025-10-26 20:37:03,030 - INFO - Retry attempt 8/300...
2025-10-26 20:37:18,031 - INFO - Setting up Chrome driver...
2025-10-26 20:37:18,032 - INFO - Using profile directory: C:\laragon\www\dapokalsel\chrome_profile
2025-10-26 20:37:18,032 - INFO - Initializing undetected Chrome driver...
2025-10-26 20:37:22,930 - ERROR - Failed to setup driver: [WinError 183] Cannot create a file when that file already exists: 'C:\\laragon\\www\\dapokalsel\\sekolah\\~\\appdata\\roaming\\undetected_chromedriver\\undetected\\chromedriver-win32\\chromedriver.exe' -> 'C:\\laragon\\www\\dapokalsel\\sekolah\\~\\appdata\\roaming\\undetected_chromedriver\\undetected_chromedriver.exe'
Traceback (most recent call last):
  File "C:\laragon\www\dapokalsel\sekolah\import_url_kabupaten.pyw", line 92, in setup_driver
    driver = uc.Chrome(
  File "C:\laragon\bin\python\python-3.10\lib\site-packages\undetected_chromedriver\__init__.py", line 258, in __init__
    self.patcher.auto()
  File "C:\laragon\bin\python\python-3.10\lib\site-packages\undetected_chromedriver\patcher.py", line 178, in auto
    self.unzip_package(self.fetch_package())
  File "C:\laragon\bin\python\python-3.10\lib\site-packages\undetected_chromedriver\patcher.py", line 310, in unzip_package
    os.rename(os.path.join(self.zip_path, exe_path), self.executable_path)
FileExistsError: [WinError 183] Cannot create a file when that file already exists: 'C:\\laragon\\www\\dapokalsel\\sekolah\\~\\appdata\\roaming\\undetected_chromedriver\\undetected\\chromedriver-win32\\chromedriver.exe' -> 'C:\\laragon\\www\\dapokalsel\\sekolah\\~\\appdata\\roaming\\undetected_chromedriver\\undetected_chromedriver.exe'
2025-10-26 20:37:22,968 - ERROR - Error on attempt 8: Failed to setup driver
Traceback (most recent call last):
  File "C:\laragon\www\dapokalsel\sekolah\import_url_kabupaten.pyw", line 388, in process_url_induk
    raise Exception("Failed to setup driver")
Exception: Failed to setup driver
2025-10-26 20:37:22,968 - INFO - Retry attempt 9/300...
2025-10-26 20:37:37,981 - INFO - Setting up Chrome driver...
2025-10-26 20:37:37,982 - INFO - Using profile directory: C:\laragon\www\dapokalsel\chrome_profile
2025-10-26 20:37:37,982 - INFO - Initializing undetected Chrome driver...
2025-10-26 20:37:42,077 - INFO - patching driver executable C:\laragon\www\dapokalsel\sekolah\~\appdata\roaming\undetected_chromedriver\undetected_chromedriver.exe
2025-10-26 20:37:42,290 - ERROR - Failed to setup driver: Binary Location Must be a String
Traceback (most recent call last):
  File "C:\laragon\www\dapokalsel\sekolah\import_url_kabupaten.pyw", line 92, in setup_driver
    driver = uc.Chrome(
  File "C:\laragon\bin\python\python-3.10\lib\site-packages\undetected_chromedriver\__init__.py", line 372, in __init__
    options.binary_location = (
  File "C:\laragon\bin\python\python-3.10\lib\site-packages\selenium\webdriver\chromium\options.py", line 52, in binary_location
    raise TypeError(self.BINARY_LOCATION_ERROR)
TypeError: Binary Location Must be a String
2025-10-26 20:37:42,291 - ERROR - Error on attempt 9: Failed to setup driver
Traceback (most recent call last):
  File "C:\laragon\www\dapokalsel\sekolah\import_url_kabupaten.pyw", line 388, in process_url_induk
    raise Exception("Failed to setup driver")
Exception: Failed to setup driver
2025-10-26 20:37:42,292 - INFO - Retry attempt 10/300...
2025-10-26 20:37:57,297 - INFO - Setting up Chrome driver...
2025-10-26 20:37:57,298 - INFO - Using profile directory: C:\laragon\www\dapokalsel\chrome_profile
2025-10-26 20:37:57,299 - INFO - Initializing undetected Chrome driver...
2025-10-26 20:38:00,413 - INFO - patching driver executable C:\laragon\www\dapokalsel\sekolah\~\appdata\roaming\undetected_chromedriver\undetected_chromedriver.exe
2025-10-26 20:38:00,496 - ERROR - Failed to setup driver: Binary Location Must be a String
Traceback (most recent call last):
  File "C:\laragon\www\dapokalsel\sekolah\import_url_kabupaten.pyw", line 92, in setup_driver
    driver = uc.Chrome(
  File "C:\laragon\bin\python\python-3.10\lib\site-packages\undetected_chromedriver\__init__.py", line 372, in __init__
    options.binary_location = (
  File "C:\laragon\bin\python\python-3.10\lib\site-packages\selenium\webdriver\chromium\options.py", line 52, in binary_location
    raise TypeError(self.BINARY_LOCATION_ERROR)
TypeError: Binary Location Must be a String
2025-10-26 20:38:00,496 - ERROR - Error on attempt 10: Failed to setup driver
Traceback (most recent call last):
  File "C:\laragon\www\dapokalsel\sekolah\import_url_kabupaten.pyw", line 388, in process_url_induk
    raise Exception("Failed to setup driver")
Exception: Failed to setup driver
2025-10-26 20:38:00,496 - INFO - Retry attempt 11/300...
2025-10-26 20:38:15,510 - INFO - Setting up Chrome driver...
2025-10-26 20:38:15,511 - INFO - Using profile directory: C:\laragon\www\dapokalsel\chrome_profile
2025-10-26 20:38:15,512 - INFO - Initializing undetected Chrome driver...
2025-10-26 20:38:18,561 - INFO - patching driver executable C:\laragon\www\dapokalsel\sekolah\~\appdata\roaming\undetected_chromedriver\undetected_chromedriver.exe
2025-10-26 20:38:18,678 - ERROR - Failed to setup driver: Binary Location Must be a String
Traceback (most recent call last):
  File "C:\laragon\www\dapokalsel\sekolah\import_url_kabupaten.pyw", line 92, in setup_driver
    driver = uc.Chrome(
  File "C:\laragon\bin\python\python-3.10\lib\site-packages\undetected_chromedriver\__init__.py", line 372, in __init__
    options.binary_location = (
  File "C:\laragon\bin\python\python-3.10\lib\site-packages\selenium\webdriver\chromium\options.py", line 52, in binary_location
    raise TypeError(self.BINARY_LOCATION_ERROR)
TypeError: Binary Location Must be a String
2025-10-26 20:38:18,678 - ERROR - Error on attempt 11: Failed to setup driver
Traceback (most recent call last):
  File "C:\laragon\www\dapokalsel\sekolah\import_url_kabupaten.pyw", line 388, in process_url_induk
    raise Exception("Failed to setup driver")
Exception: Failed to setup driver
2025-10-26 20:38:18,678 - INFO - Retry attempt 12/300...
2025-10-26 20:38:33,679 - INFO - Setting up Chrome driver...
2025-10-26 20:38:33,679 - INFO - Using profile directory: C:\laragon\www\dapokalsel\chrome_profile
2025-10-26 20:38:33,679 - INFO - Initializing undetected Chrome driver...
2025-10-26 20:38:36,797 - INFO - patching driver executable C:\laragon\www\dapokalsel\sekolah\~\appdata\roaming\undetected_chromedriver\undetected_chromedriver.exe
2025-10-26 20:38:36,884 - ERROR - Failed to setup driver: Binary Location Must be a String
Traceback (most recent call last):
  File "C:\laragon\www\dapokalsel\sekolah\import_url_kabupaten.pyw", line 92, in setup_driver
    driver = uc.Chrome(
  File "C:\laragon\bin\python\python-3.10\lib\site-packages\undetected_chromedriver\__init__.py", line 372, in __init__
    options.binary_location = (
  File "C:\laragon\bin\python\python-3.10\lib\site-packages\selenium\webdriver\chromium\options.py", line 52, in binary_location
    raise TypeError(self.BINARY_LOCATION_ERROR)
TypeError: Binary Location Must be a String
2025-10-26 20:38:36,885 - ERROR - Error on attempt 12: Failed to setup driver
Traceback (most recent call last):
  File "C:\laragon\www\dapokalsel\sekolah\import_url_kabupaten.pyw", line 388, in process_url_induk
    raise Exception("Failed to setup driver")
Exception: Failed to setup driver
2025-10-26 20:38:36,885 - INFO - Retry attempt 13/300...
2025-10-26 20:38:51,891 - INFO - Setting up Chrome driver...
2025-10-26 20:38:51,891 - INFO - Using profile directory: C:\laragon\www\dapokalsel\chrome_profile
2025-10-26 20:38:51,892 - INFO - Initializing undetected Chrome driver...
2025-10-26 20:38:55,169 - INFO - patching driver executable C:\laragon\www\dapokalsel\sekolah\~\appdata\roaming\undetected_chromedriver\undetected_chromedriver.exe
2025-10-26 20:38:55,278 - ERROR - Failed to setup driver: Binary Location Must be a String
Traceback (most recent call last):
  File "C:\laragon\www\dapokalsel\sekolah\import_url_kabupaten.pyw", line 92, in setup_driver
    driver = uc.Chrome(
  File "C:\laragon\bin\python\python-3.10\lib\site-packages\undetected_chromedriver\__init__.py", line 372, in __init__
    options.binary_location = (
  File "C:\laragon\bin\python\python-3.10\lib\site-packages\selenium\webdriver\chromium\options.py", line 52, in binary_location
    raise TypeError(self.BINARY_LOCATION_ERROR)
TypeError: Binary Location Must be a String
2025-10-26 20:38:55,279 - ERROR - Error on attempt 13: Failed to setup driver
Traceback (most recent call last):
  File "C:\laragon\www\dapokalsel\sekolah\import_url_kabupaten.pyw", line 388, in process_url_induk
    raise Exception("Failed to setup driver")
Exception: Failed to setup driver
2025-10-26 20:38:55,280 - INFO - Retry attempt 14/300...
2025-10-26 20:39:10,290 - INFO - Setting up Chrome driver...
2025-10-26 20:39:10,290 - INFO - Using profile directory: C:\laragon\www\dapokalsel\chrome_profile
2025-10-26 20:39:10,291 - INFO - Initializing undetected Chrome driver...
2025-10-26 20:39:14,329 - ERROR - Failed to setup driver: [WinError 183] Cannot create a file when that file already exists: 'C:\\laragon\\www\\dapokalsel\\sekolah\\~\\appdata\\roaming\\undetected_chromedriver\\undetected\\chromedriver-win32\\chromedriver.exe' -> 'C:\\laragon\\www\\dapokalsel\\sekolah\\~\\appdata\\roaming\\undetected_chromedriver\\undetected_chromedriver.exe'
Traceback (most recent call last):
  File "C:\laragon\www\dapokalsel\sekolah\import_url_kabupaten.pyw", line 92, in setup_driver
    driver = uc.Chrome(
  File "C:\laragon\bin\python\python-3.10\lib\site-packages\undetected_chromedriver\__init__.py", line 258, in __init__
    self.patcher.auto()
  File "C:\laragon\bin\python\python-3.10\lib\site-packages\undetected_chromedriver\patcher.py", line 178, in auto
    self.unzip_package(self.fetch_package())
  File "C:\laragon\bin\python\python-3.10\lib\site-packages\undetected_chromedriver\patcher.py", line 310, in unzip_package
    os.rename(os.path.join(self.zip_path, exe_path), self.executable_path)
FileExistsError: [WinError 183] Cannot create a file when that file already exists: 'C:\\laragon\\www\\dapokalsel\\sekolah\\~\\appdata\\roaming\\undetected_chromedriver\\undetected\\chromedriver-win32\\chromedriver.exe' -> 'C:\\laragon\\www\\dapokalsel\\sekolah\\~\\appdata\\roaming\\undetected_chromedriver\\undetected_chromedriver.exe'
2025-10-26 20:39:14,329 - ERROR - Error on attempt 14: Failed to setup driver
Traceback (most recent call last):
  File "C:\laragon\www\dapokalsel\sekolah\import_url_kabupaten.pyw", line 388, in process_url_induk
    raise Exception("Failed to setup driver")
Exception: Failed to setup driver
2025-10-26 20:39:14,329 - INFO - Retry attempt 15/300...
2025-10-26 20:39:29,344 - INFO - Setting up Chrome driver...
2025-10-26 20:39:29,344 - INFO - Using profile directory: C:\laragon\www\dapokalsel\chrome_profile
2025-10-26 20:39:29,344 - INFO - Initializing undetected Chrome driver...
2025-10-26 20:39:29,360 - ERROR - Failed to setup driver: Binary Location Must be a String
Traceback (most recent call last):
  File "C:\laragon\www\dapokalsel\sekolah\import_url_kabupaten.pyw", line 92, in setup_driver
    driver = uc.Chrome(
  File "C:\laragon\bin\python\python-3.10\lib\site-packages\undetected_chromedriver\__init__.py", line 372, in __init__
    options.binary_location = (
  File "C:\laragon\bin\python\python-3.10\lib\site-packages\selenium\webdriver\chromium\options.py", line 52, in binary_location
    raise TypeError(self.BINARY_LOCATION_ERROR)
TypeError: Binary Location Must be a String
2025-10-26 20:39:29,360 - ERROR - Error on attempt 15: Failed to setup driver
Traceback (most recent call last):
  File "C:\laragon\www\dapokalsel\sekolah\import_url_kabupaten.pyw", line 388, in process_url_induk
    raise Exception("Failed to setup driver")
Exception: Failed to setup driver
2025-10-26 20:39:29,360 - INFO - Retry attempt 16/300...
2025-10-26 20:39:44,360 - INFO - Setting up Chrome driver...
2025-10-26 20:39:44,360 - INFO - Using profile directory: C:\laragon\www\dapokalsel\chrome_profile
2025-10-26 20:39:44,360 - INFO - Initializing undetected Chrome driver...
2025-10-26 20:39:49,361 - INFO - patching driver executable C:\laragon\www\dapokalsel\sekolah\~\appdata\roaming\undetected_chromedriver\undetected_chromedriver.exe
2025-10-26 20:39:49,438 - ERROR - Failed to setup driver: Binary Location Must be a String
Traceback (most recent call last):
  File "C:\laragon\www\dapokalsel\sekolah\import_url_kabupaten.pyw", line 92, in setup_driver
    driver = uc.Chrome(
  File "C:\laragon\bin\python\python-3.10\lib\site-packages\undetected_chromedriver\__init__.py", line 372, in __init__
    options.binary_location = (
  File "C:\laragon\bin\python\python-3.10\lib\site-packages\selenium\webdriver\chromium\options.py", line 52, in binary_location
    raise TypeError(self.BINARY_LOCATION_ERROR)
TypeError: Binary Location Must be a String
2025-10-26 20:39:49,438 - ERROR - Error on attempt 16: Failed to setup driver
Traceback (most recent call last):
  File "C:\laragon\www\dapokalsel\sekolah\import_url_kabupaten.pyw", line 388, in process_url_induk
    raise Exception("Failed to setup driver")
Exception: Failed to setup driver
2025-10-26 20:39:49,438 - INFO - Retry attempt 17/300...
2025-10-26 20:40:04,439 - INFO - Setting up Chrome driver...
2025-10-26 20:40:04,439 - INFO - Using profile directory: C:\laragon\www\dapokalsel\chrome_profile
2025-10-26 20:40:04,440 - INFO - Initializing undetected Chrome driver...
2025-10-26 20:40:08,402 - INFO - patching driver executable C:\laragon\www\dapokalsel\sekolah\~\appdata\roaming\undetected_chromedriver\undetected_chromedriver.exe
2025-10-26 20:40:08,506 - ERROR - Failed to setup driver: Binary Location Must be a String
Traceback (most recent call last):
  File "C:\laragon\www\dapokalsel\sekolah\import_url_kabupaten.pyw", line 92, in setup_driver
    driver = uc.Chrome(
  File "C:\laragon\bin\python\python-3.10\lib\site-packages\undetected_chromedriver\__init__.py", line 372, in __init__
    options.binary_location = (
  File "C:\laragon\bin\python\python-3.10\lib\site-packages\selenium\webdriver\chromium\options.py", line 52, in binary_location
    raise TypeError(self.BINARY_LOCATION_ERROR)
TypeError: Binary Location Must be a String
2025-10-26 20:40:08,506 - ERROR - Error on attempt 17: Failed to setup driver
Traceback (most recent call last):
  File "C:\laragon\www\dapokalsel\sekolah\import_url_kabupaten.pyw", line 388, in process_url_induk
    raise Exception("Failed to setup driver")
Exception: Failed to setup driver
2025-10-26 20:40:08,507 - INFO - Retry attempt 18/300...
2025-10-26 20:40:23,507 - INFO - Setting up Chrome driver...
2025-10-26 20:40:23,507 - INFO - Using profile directory: C:\laragon\www\dapokalsel\chrome_profile
2025-10-26 20:40:23,507 - INFO - Initializing undetected Chrome driver...
2025-10-26 20:40:26,731 - INFO - patching driver executable C:\laragon\www\dapokalsel\sekolah\~\appdata\roaming\undetected_chromedriver\undetected_chromedriver.exe
2025-10-26 20:40:26,813 - ERROR - Failed to setup driver: Binary Location Must be a String
Traceback (most recent call last):
  File "C:\laragon\www\dapokalsel\sekolah\import_url_kabupaten.pyw", line 92, in setup_driver
    driver = uc.Chrome(
  File "C:\laragon\bin\python\python-3.10\lib\site-packages\undetected_chromedriver\__init__.py", line 372, in __init__
    options.binary_location = (
  File "C:\laragon\bin\python\python-3.10\lib\site-packages\selenium\webdriver\chromium\options.py", line 52, in binary_location
    raise TypeError(self.BINARY_LOCATION_ERROR)
TypeError: Binary Location Must be a String
2025-10-26 20:40:26,813 - ERROR - Error on attempt 18: Failed to setup driver
Traceback (most recent call last):
  File "C:\laragon\www\dapokalsel\sekolah\import_url_kabupaten.pyw", line 388, in process_url_induk
    raise Exception("Failed to setup driver")
Exception: Failed to setup driver
2025-10-26 20:40:26,813 - INFO - Retry attempt 19/300...
2025-10-26 20:40:41,814 - INFO - Setting up Chrome driver...
2025-10-26 20:40:41,814 - INFO - Using profile directory: C:\laragon\www\dapokalsel\chrome_profile
2025-10-26 20:40:41,814 - INFO - Initializing undetected Chrome driver...
2025-10-26 20:40:45,148 - INFO - patching driver executable C:\laragon\www\dapokalsel\sekolah\~\appdata\roaming\undetected_chromedriver\undetected_chromedriver.exe
2025-10-26 20:40:45,234 - ERROR - Failed to setup driver: Binary Location Must be a String
Traceback (most recent call last):
  File "C:\laragon\www\dapokalsel\sekolah\import_url_kabupaten.pyw", line 92, in setup_driver
    driver = uc.Chrome(
  File "C:\laragon\bin\python\python-3.10\lib\site-packages\undetected_chromedriver\__init__.py", line 372, in __init__
    options.binary_location = (
  File "C:\laragon\bin\python\python-3.10\lib\site-packages\selenium\webdriver\chromium\options.py", line 52, in binary_location
    raise TypeError(self.BINARY_LOCATION_ERROR)
TypeError: Binary Location Must be a String
2025-10-26 20:40:45,235 - ERROR - Error on attempt 19: Failed to setup driver
Traceback (most recent call last):
  File "C:\laragon\www\dapokalsel\sekolah\import_url_kabupaten.pyw", line 388, in process_url_induk
    raise Exception("Failed to setup driver")
Exception: Failed to setup driver
2025-10-26 20:40:45,235 - INFO - Retry attempt 20/300...
2025-10-26 20:41:00,235 - INFO - Setting up Chrome driver...
2025-10-26 20:41:00,236 - INFO - Using profile directory: C:\laragon\www\dapokalsel\chrome_profile
2025-10-26 20:41:00,237 - INFO - Initializing undetected Chrome driver...
2025-10-26 20:41:04,434 - INFO - patching driver executable C:\laragon\www\dapokalsel\sekolah\~\appdata\roaming\undetected_chromedriver\undetected_chromedriver.exe
2025-10-26 20:41:04,544 - ERROR - Failed to setup driver: Binary Location Must be a String
Traceback (most recent call last):
  File "C:\laragon\www\dapokalsel\sekolah\import_url_kabupaten.pyw", line 92, in setup_driver
    driver = uc.Chrome(
  File "C:\laragon\bin\python\python-3.10\lib\site-packages\undetected_chromedriver\__init__.py", line 372, in __init__
    options.binary_location = (
  File "C:\laragon\bin\python\python-3.10\lib\site-packages\selenium\webdriver\chromium\options.py", line 52, in binary_location
    raise TypeError(self.BINARY_LOCATION_ERROR)
TypeError: Binary Location Must be a String
2025-10-26 20:41:04,544 - ERROR - Error on attempt 20: Failed to setup driver
Traceback (most recent call last):
  File "C:\laragon\www\dapokalsel\sekolah\import_url_kabupaten.pyw", line 388, in process_url_induk
    raise Exception("Failed to setup driver")
Exception: Failed to setup driver
2025-10-26 20:41:04,544 - INFO - Retry attempt 21/300...
2025-10-26 20:41:19,548 - INFO - Setting up Chrome driver...
2025-10-26 20:41:19,548 - INFO - Using profile directory: C:\laragon\www\dapokalsel\chrome_profile
2025-10-26 20:41:19,548 - INFO - Initializing undetected Chrome driver...
2025-10-26 20:41:22,795 - INFO - patching driver executable C:\laragon\www\dapokalsel\sekolah\~\appdata\roaming\undetected_chromedriver\undetected_chromedriver.exe
2025-10-26 20:41:22,915 - ERROR - Failed to setup driver: Binary Location Must be a String
Traceback (most recent call last):
  File "C:\laragon\www\dapokalsel\sekolah\import_url_kabupaten.pyw", line 92, in setup_driver
    driver = uc.Chrome(
  File "C:\laragon\bin\python\python-3.10\lib\site-packages\undetected_chromedriver\__init__.py", line 372, in __init__
    options.binary_location = (
  File "C:\laragon\bin\python\python-3.10\lib\site-packages\selenium\webdriver\chromium\options.py", line 52, in binary_location
    raise TypeError(self.BINARY_LOCATION_ERROR)
TypeError: Binary Location Must be a String
2025-10-26 20:41:22,916 - ERROR - Error on attempt 21: Failed to setup driver
Traceback (most recent call last):
  File "C:\laragon\www\dapokalsel\sekolah\import_url_kabupaten.pyw", line 388, in process_url_induk
    raise Exception("Failed to setup driver")
Exception: Failed to setup driver
2025-10-26 20:41:22,917 - INFO - Retry attempt 22/300...
2025-10-26 20:41:37,917 - INFO - Setting up Chrome driver...
2025-10-26 20:41:37,917 - INFO - Using profile directory: C:\laragon\www\dapokalsel\chrome_profile
2025-10-26 20:41:37,918 - INFO - Initializing undetected Chrome driver...
2025-10-26 20:41:42,028 - INFO - patching driver executable C:\laragon\www\dapokalsel\sekolah\~\appdata\roaming\undetected_chromedriver\undetected_chromedriver.exe
2025-10-26 20:41:42,108 - ERROR - Failed to setup driver: Binary Location Must be a String
Traceback (most recent call last):
  File "C:\laragon\www\dapokalsel\sekolah\import_url_kabupaten.pyw", line 92, in setup_driver
    driver = uc.Chrome(
  File "C:\laragon\bin\python\python-3.10\lib\site-packages\undetected_chromedriver\__init__.py", line 372, in __init__
    options.binary_location = (
  File "C:\laragon\bin\python\python-3.10\lib\site-packages\selenium\webdriver\chromium\options.py", line 52, in binary_location
    raise TypeError(self.BINARY_LOCATION_ERROR)
TypeError: Binary Location Must be a String
2025-10-26 20:41:42,109 - ERROR - Error on attempt 22: Failed to setup driver
Traceback (most recent call last):
  File "C:\laragon\www\dapokalsel\sekolah\import_url_kabupaten.pyw", line 388, in process_url_induk
    raise Exception("Failed to setup driver")
Exception: Failed to setup driver
2025-10-26 20:41:42,109 - INFO - Retry attempt 23/300...
2025-10-26 20:41:57,110 - INFO - Setting up Chrome driver...
2025-10-26 20:41:57,110 - INFO - Using profile directory: C:\laragon\www\dapokalsel\chrome_profile
2025-10-26 20:41:57,110 - INFO - Initializing undetected Chrome driver...
2025-10-26 20:42:00,804 - INFO - patching driver executable C:\laragon\www\dapokalsel\sekolah\~\appdata\roaming\undetected_chromedriver\undetected_chromedriver.exe
2025-10-26 20:42:00,890 - ERROR - Failed to setup driver: Binary Location Must be a String
Traceback (most recent call last):
  File "C:\laragon\www\dapokalsel\sekolah\import_url_kabupaten.pyw", line 92, in setup_driver
    driver = uc.Chrome(
  File "C:\laragon\bin\python\python-3.10\lib\site-packages\undetected_chromedriver\__init__.py", line 372, in __init__
    options.binary_location = (
  File "C:\laragon\bin\python\python-3.10\lib\site-packages\selenium\webdriver\chromium\options.py", line 52, in binary_location
    raise TypeError(self.BINARY_LOCATION_ERROR)
TypeError: Binary Location Must be a String
2025-10-26 20:42:00,891 - ERROR - Error on attempt 23: Failed to setup driver
Traceback (most recent call last):
  File "C:\laragon\www\dapokalsel\sekolah\import_url_kabupaten.pyw", line 388, in process_url_induk
    raise Exception("Failed to setup driver")
Exception: Failed to setup driver
2025-10-26 20:42:00,891 - INFO - Retry attempt 24/300...
2025-10-26 20:42:15,892 - INFO - Setting up Chrome driver...
2025-10-26 20:42:15,892 - INFO - Using profile directory: C:\laragon\www\dapokalsel\chrome_profile
2025-10-26 20:42:15,892 - INFO - Initializing undetected Chrome driver...
2025-10-26 20:42:19,077 - INFO - patching driver executable C:\laragon\www\dapokalsel\sekolah\~\appdata\roaming\undetected_chromedriver\undetected_chromedriver.exe
2025-10-26 20:42:19,186 - ERROR - Failed to setup driver: Binary Location Must be a String
Traceback (most recent call last):
  File "C:\laragon\www\dapokalsel\sekolah\import_url_kabupaten.pyw", line 92, in setup_driver
    driver = uc.Chrome(
  File "C:\laragon\bin\python\python-3.10\lib\site-packages\undetected_chromedriver\__init__.py", line 372, in __init__
    options.binary_location = (
  File "C:\laragon\bin\python\python-3.10\lib\site-packages\selenium\webdriver\chromium\options.py", line 52, in binary_location
    raise TypeError(self.BINARY_LOCATION_ERROR)
TypeError: Binary Location Must be a String
2025-10-26 20:42:19,186 - ERROR - Error on attempt 24: Failed to setup driver
Traceback (most recent call last):
  File "C:\laragon\www\dapokalsel\sekolah\import_url_kabupaten.pyw", line 388, in process_url_induk
    raise Exception("Failed to setup driver")
Exception: Failed to setup driver
2025-10-26 20:42:19,186 - INFO - Retry attempt 25/300...
2025-10-26 20:42:34,187 - INFO - Setting up Chrome driver...
2025-10-26 20:42:34,187 - INFO - Using profile directory: C:\laragon\www\dapokalsel\chrome_profile
2025-10-26 20:42:34,187 - INFO - Initializing undetected Chrome driver...
2025-10-26 20:42:37,542 - ERROR - Failed to setup driver: [WinError 183] Cannot create a file when that file already exists: 'C:\\laragon\\www\\dapokalsel\\sekolah\\~\\appdata\\roaming\\undetected_chromedriver\\undetected\\chromedriver-win32\\chromedriver.exe' -> 'C:\\laragon\\www\\dapokalsel\\sekolah\\~\\appdata\\roaming\\undetected_chromedriver\\undetected_chromedriver.exe'
Traceback (most recent call last):
  File "C:\laragon\www\dapokalsel\sekolah\import_url_kabupaten.pyw", line 92, in setup_driver
    driver = uc.Chrome(
  File "C:\laragon\bin\python\python-3.10\lib\site-packages\undetected_chromedriver\__init__.py", line 258, in __init__
    self.patcher.auto()
  File "C:\laragon\bin\python\python-3.10\lib\site-packages\undetected_chromedriver\patcher.py", line 178, in auto
    self.unzip_package(self.fetch_package())
  File "C:\laragon\bin\python\python-3.10\lib\site-packages\undetected_chromedriver\patcher.py", line 310, in unzip_package
    os.rename(os.path.join(self.zip_path, exe_path), self.executable_path)
FileExistsError: [WinError 183] Cannot create a file when that file already exists: 'C:\\laragon\\www\\dapokalsel\\sekolah\\~\\appdata\\roaming\\undetected_chromedriver\\undetected\\chromedriver-win32\\chromedriver.exe' -> 'C:\\laragon\\www\\dapokalsel\\sekolah\\~\\appdata\\roaming\\undetected_chromedriver\\undetected_chromedriver.exe'
2025-10-26 20:42:37,543 - ERROR - Error on attempt 25: Failed to setup driver
Traceback (most recent call last):
  File "C:\laragon\www\dapokalsel\sekolah\import_url_kabupaten.pyw", line 388, in process_url_induk
    raise Exception("Failed to setup driver")
Exception: Failed to setup driver
2025-10-26 20:42:37,543 - INFO - Retry attempt 26/300...
2025-10-26 20:42:52,543 - INFO - Setting up Chrome driver...
2025-10-26 20:42:52,543 - INFO - Using profile directory: C:\laragon\www\dapokalsel\chrome_profile
2025-10-26 20:42:52,544 - INFO - Initializing undetected Chrome driver...
2025-10-26 20:42:58,175 - ERROR - Failed to setup driver: [WinError 183] Cannot create a file when that file already exists: 'C:\\laragon\\www\\dapokalsel\\sekolah\\~\\appdata\\roaming\\undetected_chromedriver\\undetected\\chromedriver-win32\\chromedriver.exe' -> 'C:\\laragon\\www\\dapokalsel\\sekolah\\~\\appdata\\roaming\\undetected_chromedriver\\undetected_chromedriver.exe'
Traceback (most recent call last):
  File "C:\laragon\www\dapokalsel\sekolah\import_url_kabupaten.pyw", line 92, in setup_driver
    driver = uc.Chrome(
  File "C:\laragon\bin\python\python-3.10\lib\site-packages\undetected_chromedriver\__init__.py", line 258, in __init__
    self.patcher.auto()
  File "C:\laragon\bin\python\python-3.10\lib\site-packages\undetected_chromedriver\patcher.py", line 178, in auto
    self.unzip_package(self.fetch_package())
  File "C:\laragon\bin\python\python-3.10\lib\site-packages\undetected_chromedriver\patcher.py", line 310, in unzip_package
    os.rename(os.path.join(self.zip_path, exe_path), self.executable_path)
FileExistsError: [WinError 183] Cannot create a file when that file already exists: 'C:\\laragon\\www\\dapokalsel\\sekolah\\~\\appdata\\roaming\\undetected_chromedriver\\undetected\\chromedriver-win32\\chromedriver.exe' -> 'C:\\laragon\\www\\dapokalsel\\sekolah\\~\\appdata\\roaming\\undetected_chromedriver\\undetected_chromedriver.exe'
2025-10-26 20:42:58,183 - ERROR - Error on attempt 26: Failed to setup driver
Traceback (most recent call last):
  File "C:\laragon\www\dapokalsel\sekolah\import_url_kabupaten.pyw", line 388, in process_url_induk
    raise Exception("Failed to setup driver")
Exception: Failed to setup driver
2025-10-26 20:42:58,184 - INFO - Retry attempt 27/300...
2025-10-26 20:43:13,195 - INFO - Setting up Chrome driver...
2025-10-26 20:43:13,195 - INFO - Using profile directory: C:\laragon\www\dapokalsel\chrome_profile
2025-10-26 20:43:13,195 - INFO - Initializing undetected Chrome driver...
2025-10-26 20:43:20,515 - INFO - patching driver executable C:\laragon\www\dapokalsel\sekolah\~\appdata\roaming\undetected_chromedriver\undetected_chromedriver.exe
2025-10-26 20:43:20,657 - ERROR - Failed to setup driver: Binary Location Must be a String
Traceback (most recent call last):
  File "C:\laragon\www\dapokalsel\sekolah\import_url_kabupaten.pyw", line 92, in setup_driver
    driver = uc.Chrome(
  File "C:\laragon\bin\python\python-3.10\lib\site-packages\undetected_chromedriver\__init__.py", line 372, in __init__
    options.binary_location = (
  File "C:\laragon\bin\python\python-3.10\lib\site-packages\selenium\webdriver\chromium\options.py", line 52, in binary_location
    raise TypeError(self.BINARY_LOCATION_ERROR)
TypeError: Binary Location Must be a String
2025-10-26 20:43:20,667 - ERROR - Error on attempt 27: Failed to setup driver
Traceback (most recent call last):
  File "C:\laragon\www\dapokalsel\sekolah\import_url_kabupaten.pyw", line 388, in process_url_induk
    raise Exception("Failed to setup driver")
Exception: Failed to setup driver
2025-10-26 20:43:20,668 - INFO - Retry attempt 28/300...
2025-10-26 20:43:35,668 - INFO - Setting up Chrome driver...
2025-10-26 20:43:35,668 - INFO - Using profile directory: C:\laragon\www\dapokalsel\chrome_profile
2025-10-26 20:43:35,668 - INFO - Initializing undetected Chrome driver...
2025-10-26 20:43:40,825 - INFO - patching driver executable C:\laragon\www\dapokalsel\sekolah\~\appdata\roaming\undetected_chromedriver\undetected_chromedriver.exe
2025-10-26 20:43:40,907 - ERROR - Failed to setup driver: Binary Location Must be a String
Traceback (most recent call last):
  File "C:\laragon\www\dapokalsel\sekolah\import_url_kabupaten.pyw", line 92, in setup_driver
    driver = uc.Chrome(
  File "C:\laragon\bin\python\python-3.10\lib\site-packages\undetected_chromedriver\__init__.py", line 372, in __init__
    options.binary_location = (
  File "C:\laragon\bin\python\python-3.10\lib\site-packages\selenium\webdriver\chromium\options.py", line 52, in binary_location
    raise TypeError(self.BINARY_LOCATION_ERROR)
TypeError: Binary Location Must be a String
2025-10-26 20:43:40,907 - ERROR - Error on attempt 28: Failed to setup driver
Traceback (most recent call last):
  File "C:\laragon\www\dapokalsel\sekolah\import_url_kabupaten.pyw", line 388, in process_url_induk
    raise Exception("Failed to setup driver")
Exception: Failed to setup driver
2025-10-26 20:43:40,907 - INFO - Retry attempt 29/300...
2025-10-26 20:43:55,915 - INFO - Setting up Chrome driver...
2025-10-26 20:43:55,917 - INFO - Using profile directory: C:\laragon\www\dapokalsel\chrome_profile
2025-10-26 20:43:55,918 - INFO - Initializing undetected Chrome driver...
2025-10-26 20:43:59,891 - INFO - patching driver executable C:\laragon\www\dapokalsel\sekolah\~\appdata\roaming\undetected_chromedriver\undetected_chromedriver.exe
2025-10-26 20:43:59,991 - ERROR - Failed to setup driver: Binary Location Must be a String
Traceback (most recent call last):
  File "C:\laragon\www\dapokalsel\sekolah\import_url_kabupaten.pyw", line 92, in setup_driver
    driver = uc.Chrome(
  File "C:\laragon\bin\python\python-3.10\lib\site-packages\undetected_chromedriver\__init__.py", line 372, in __init__
    options.binary_location = (
  File "C:\laragon\bin\python\python-3.10\lib\site-packages\selenium\webdriver\chromium\options.py", line 52, in binary_location
    raise TypeError(self.BINARY_LOCATION_ERROR)
TypeError: Binary Location Must be a String
2025-10-26 20:43:59,991 - ERROR - Error on attempt 29: Failed to setup driver
Traceback (most recent call last):
  File "C:\laragon\www\dapokalsel\sekolah\import_url_kabupaten.pyw", line 388, in process_url_induk
    raise Exception("Failed to setup driver")
Exception: Failed to setup driver
2025-10-26 20:43:59,991 - INFO - Retry attempt 30/300...
2025-10-26 20:44:14,992 - INFO - Setting up Chrome driver...
2025-10-26 20:44:14,992 - INFO - Using profile directory: C:\laragon\www\dapokalsel\chrome_profile
2025-10-26 20:44:14,993 - INFO - Initializing undetected Chrome driver...
2025-10-26 20:44:17,987 - INFO - patching driver executable C:\laragon\www\dapokalsel\sekolah\~\appdata\roaming\undetected_chromedriver\undetected_chromedriver.exe
2025-10-26 20:44:18,138 - ERROR - Failed to setup driver: Binary Location Must be a String
Traceback (most recent call last):
  File "C:\laragon\www\dapokalsel\sekolah\import_url_kabupaten.pyw", line 92, in setup_driver
    driver = uc.Chrome(
  File "C:\laragon\bin\python\python-3.10\lib\site-packages\undetected_chromedriver\__init__.py", line 372, in __init__
    options.binary_location = (
  File "C:\laragon\bin\python\python-3.10\lib\site-packages\selenium\webdriver\chromium\options.py", line 52, in binary_location
    raise TypeError(self.BINARY_LOCATION_ERROR)
TypeError: Binary Location Must be a String
2025-10-26 20:44:18,139 - ERROR - Error on attempt 30: Failed to setup driver
Traceback (most recent call last):
  File "C:\laragon\www\dapokalsel\sekolah\import_url_kabupaten.pyw", line 388, in process_url_induk
    raise Exception("Failed to setup driver")
Exception: Failed to setup driver
2025-10-26 20:44:18,143 - INFO - Retry attempt 31/300...
2025-10-26 20:44:33,143 - INFO - Setting up Chrome driver...
2025-10-26 20:44:33,143 - INFO - Using profile directory: C:\laragon\www\dapokalsel\chrome_profile
2025-10-26 20:44:33,143 - INFO - Initializing undetected Chrome driver...
2025-10-26 20:44:37,177 - INFO - patching driver executable C:\laragon\www\dapokalsel\sekolah\~\appdata\roaming\undetected_chromedriver\undetected_chromedriver.exe
2025-10-26 20:44:37,277 - ERROR - Failed to setup driver: Binary Location Must be a String
Traceback (most recent call last):
  File "C:\laragon\www\dapokalsel\sekolah\import_url_kabupaten.pyw", line 92, in setup_driver
    driver = uc.Chrome(
  File "C:\laragon\bin\python\python-3.10\lib\site-packages\undetected_chromedriver\__init__.py", line 372, in __init__
    options.binary_location = (
  File "C:\laragon\bin\python\python-3.10\lib\site-packages\selenium\webdriver\chromium\options.py", line 52, in binary_location
    raise TypeError(self.BINARY_LOCATION_ERROR)
TypeError: Binary Location Must be a String
2025-10-26 20:44:37,277 - ERROR - Error on attempt 31: Failed to setup driver
Traceback (most recent call last):
  File "C:\laragon\www\dapokalsel\sekolah\import_url_kabupaten.pyw", line 388, in process_url_induk
    raise Exception("Failed to setup driver")
Exception: Failed to setup driver
2025-10-26 20:44:37,278 - INFO - Retry attempt 32/300...
2025-10-26 20:44:52,278 - INFO - Setting up Chrome driver...
2025-10-26 20:44:52,278 - INFO - Using profile directory: C:\laragon\www\dapokalsel\chrome_profile
2025-10-26 20:44:52,278 - INFO - Initializing undetected Chrome driver...
2025-10-26 20:44:56,593 - INFO - patching driver executable C:\laragon\www\dapokalsel\sekolah\~\appdata\roaming\undetected_chromedriver\undetected_chromedriver.exe
2025-10-26 20:44:56,703 - ERROR - Failed to setup driver: Binary Location Must be a String
Traceback (most recent call last):
  File "C:\laragon\www\dapokalsel\sekolah\import_url_kabupaten.pyw", line 92, in setup_driver
    driver = uc.Chrome(
  File "C:\laragon\bin\python\python-3.10\lib\site-packages\undetected_chromedriver\__init__.py", line 372, in __init__
    options.binary_location = (
  File "C:\laragon\bin\python\python-3.10\lib\site-packages\selenium\webdriver\chromium\options.py", line 52, in binary_location
    raise TypeError(self.BINARY_LOCATION_ERROR)
TypeError: Binary Location Must be a String
2025-10-26 20:44:56,703 - ERROR - Error on attempt 32: Failed to setup driver
Traceback (most recent call last):
  File "C:\laragon\www\dapokalsel\sekolah\import_url_kabupaten.pyw", line 388, in process_url_induk
    raise Exception("Failed to setup driver")
Exception: Failed to setup driver
2025-10-26 20:44:56,704 - INFO - Retry attempt 33/300...
2025-10-26 20:45:11,705 - INFO - Setting up Chrome driver...
2025-10-26 20:45:11,708 - INFO - Using profile directory: C:\laragon\www\dapokalsel\chrome_profile
2025-10-26 20:45:11,709 - INFO - Initializing undetected Chrome driver...
2025-10-26 20:45:17,367 - ERROR - Failed to setup driver: [WinError 183] Cannot create a file when that file already exists: 'C:\\laragon\\www\\dapokalsel\\sekolah\\~\\appdata\\roaming\\undetected_chromedriver\\undetected\\chromedriver-win32\\chromedriver.exe' -> 'C:\\laragon\\www\\dapokalsel\\sekolah\\~\\appdata\\roaming\\undetected_chromedriver\\undetected_chromedriver.exe'
Traceback (most recent call last):
  File "C:\laragon\www\dapokalsel\sekolah\import_url_kabupaten.pyw", line 92, in setup_driver
    driver = uc.Chrome(
  File "C:\laragon\bin\python\python-3.10\lib\site-packages\undetected_chromedriver\__init__.py", line 258, in __init__
    self.patcher.auto()
  File "C:\laragon\bin\python\python-3.10\lib\site-packages\undetected_chromedriver\patcher.py", line 178, in auto
    self.unzip_package(self.fetch_package())
  File "C:\laragon\bin\python\python-3.10\lib\site-packages\undetected_chromedriver\patcher.py", line 310, in unzip_package
    os.rename(os.path.join(self.zip_path, exe_path), self.executable_path)
FileExistsError: [WinError 183] Cannot create a file when that file already exists: 'C:\\laragon\\www\\dapokalsel\\sekolah\\~\\appdata\\roaming\\undetected_chromedriver\\undetected\\chromedriver-win32\\chromedriver.exe' -> 'C:\\laragon\\www\\dapokalsel\\sekolah\\~\\appdata\\roaming\\undetected_chromedriver\\undetected_chromedriver.exe'
2025-10-26 20:45:17,369 - ERROR - Error on attempt 33: Failed to setup driver
Traceback (most recent call last):
  File "C:\laragon\www\dapokalsel\sekolah\import_url_kabupaten.pyw", line 388, in process_url_induk
    raise Exception("Failed to setup driver")
Exception: Failed to setup driver
2025-10-26 20:45:17,370 - INFO - Retry attempt 34/300...
2025-10-26 20:45:32,377 - INFO - Setting up Chrome driver...
2025-10-26 20:45:32,377 - INFO - Using profile directory: C:\laragon\www\dapokalsel\chrome_profile
2025-10-26 20:45:32,377 - INFO - Initializing undetected Chrome driver...
2025-10-26 20:45:40,006 - INFO - patching driver executable C:\laragon\www\dapokalsel\sekolah\~\appdata\roaming\undetected_chromedriver\undetected_chromedriver.exe
2025-10-26 20:45:40,129 - ERROR - Failed to setup driver: Binary Location Must be a String
Traceback (most recent call last):
  File "C:\laragon\www\dapokalsel\sekolah\import_url_kabupaten.pyw", line 92, in setup_driver
    driver = uc.Chrome(
  File "C:\laragon\bin\python\python-3.10\lib\site-packages\undetected_chromedriver\__init__.py", line 372, in __init__
    options.binary_location = (
  File "C:\laragon\bin\python\python-3.10\lib\site-packages\selenium\webdriver\chromium\options.py", line 52, in binary_location
    raise TypeError(self.BINARY_LOCATION_ERROR)
TypeError: Binary Location Must be a String
2025-10-26 20:45:40,129 - ERROR - Error on attempt 34: Failed to setup driver
Traceback (most recent call last):
  File "C:\laragon\www\dapokalsel\sekolah\import_url_kabupaten.pyw", line 388, in process_url_induk
    raise Exception("Failed to setup driver")
Exception: Failed to setup driver
2025-10-26 20:45:40,129 - INFO - Retry attempt 35/300...
2025-10-26 20:45:55,130 - INFO - Setting up Chrome driver...
2025-10-26 20:45:55,130 - INFO - Using profile directory: C:\laragon\www\dapokalsel\chrome_profile
2025-10-26 20:45:55,130 - INFO - Initializing undetected Chrome driver...
2025-10-26 20:46:01,717 - ERROR - Failed to setup driver: [WinError 183] Cannot create a file when that file already exists: 'C:\\laragon\\www\\dapokalsel\\sekolah\\~\\appdata\\roaming\\undetected_chromedriver\\undetected\\chromedriver-win32\\chromedriver.exe' -> 'C:\\laragon\\www\\dapokalsel\\sekolah\\~\\appdata\\roaming\\undetected_chromedriver\\undetected_chromedriver.exe'
Traceback (most recent call last):
  File "C:\laragon\www\dapokalsel\sekolah\import_url_kabupaten.pyw", line 92, in setup_driver
    driver = uc.Chrome(
  File "C:\laragon\bin\python\python-3.10\lib\site-packages\undetected_chromedriver\__init__.py", line 258, in __init__
    self.patcher.auto()
  File "C:\laragon\bin\python\python-3.10\lib\site-packages\undetected_chromedriver\patcher.py", line 178, in auto
    self.unzip_package(self.fetch_package())
  File "C:\laragon\bin\python\python-3.10\lib\site-packages\undetected_chromedriver\patcher.py", line 310, in unzip_package
    os.rename(os.path.join(self.zip_path, exe_path), self.executable_path)
FileExistsError: [WinError 183] Cannot create a file when that file already exists: 'C:\\laragon\\www\\dapokalsel\\sekolah\\~\\appdata\\roaming\\undetected_chromedriver\\undetected\\chromedriver-win32\\chromedriver.exe' -> 'C:\\laragon\\www\\dapokalsel\\sekolah\\~\\appdata\\roaming\\undetected_chromedriver\\undetected_chromedriver.exe'
2025-10-26 20:46:01,717 - ERROR - Error on attempt 35: Failed to setup driver
Traceback (most recent call last):
  File "C:\laragon\www\dapokalsel\sekolah\import_url_kabupaten.pyw", line 388, in process_url_induk
    raise Exception("Failed to setup driver")
Exception: Failed to setup driver
2025-10-26 20:46:01,717 - INFO - Retry attempt 36/300...
2025-10-26 20:46:16,720 - INFO - Setting up Chrome driver...
2025-10-26 20:46:16,720 - INFO - Using profile directory: C:\laragon\www\dapokalsel\chrome_profile
2025-10-26 20:46:16,720 - INFO - Initializing undetected Chrome driver...
2025-10-26 20:46:23,228 - INFO - patching driver executable C:\laragon\www\dapokalsel\sekolah\~\appdata\roaming\undetected_chromedriver\undetected_chromedriver.exe
2025-10-26 20:46:23,317 - ERROR - Failed to setup driver: Binary Location Must be a String
Traceback (most recent call last):
  File "C:\laragon\www\dapokalsel\sekolah\import_url_kabupaten.pyw", line 92, in setup_driver
    driver = uc.Chrome(
  File "C:\laragon\bin\python\python-3.10\lib\site-packages\undetected_chromedriver\__init__.py", line 372, in __init__
    options.binary_location = (
  File "C:\laragon\bin\python\python-3.10\lib\site-packages\selenium\webdriver\chromium\options.py", line 52, in binary_location
    raise TypeError(self.BINARY_LOCATION_ERROR)
TypeError: Binary Location Must be a String
2025-10-26 20:46:23,317 - ERROR - Error on attempt 36: Failed to setup driver
Traceback (most recent call last):
  File "C:\laragon\www\dapokalsel\sekolah\import_url_kabupaten.pyw", line 388, in process_url_induk
    raise Exception("Failed to setup driver")
Exception: Failed to setup driver
2025-10-26 20:46:23,317 - INFO - Retry attempt 37/300...
2025-10-26 20:46:38,317 - INFO - Setting up Chrome driver...
2025-10-26 20:46:38,318 - INFO - Using profile directory: C:\laragon\www\dapokalsel\chrome_profile
2025-10-26 20:46:38,318 - INFO - Initializing undetected Chrome driver...
2025-10-26 20:46:48,085 - INFO - patching driver executable C:\laragon\www\dapokalsel\sekolah\~\appdata\roaming\undetected_chromedriver\undetected_chromedriver.exe
2025-10-26 20:46:48,167 - ERROR - Failed to setup driver: Binary Location Must be a String
Traceback (most recent call last):
  File "C:\laragon\www\dapokalsel\sekolah\import_url_kabupaten.pyw", line 92, in setup_driver
    driver = uc.Chrome(
  File "C:\laragon\bin\python\python-3.10\lib\site-packages\undetected_chromedriver\__init__.py", line 372, in __init__
    options.binary_location = (
  File "C:\laragon\bin\python\python-3.10\lib\site-packages\selenium\webdriver\chromium\options.py", line 52, in binary_location
    raise TypeError(self.BINARY_LOCATION_ERROR)
TypeError: Binary Location Must be a String
2025-10-26 20:46:48,167 - ERROR - Error on attempt 37: Failed to setup driver
Traceback (most recent call last):
  File "C:\laragon\www\dapokalsel\sekolah\import_url_kabupaten.pyw", line 388, in process_url_induk
    raise Exception("Failed to setup driver")
Exception: Failed to setup driver
2025-10-26 20:46:48,167 - INFO - Retry attempt 38/300...
2025-10-26 20:47:03,181 - INFO - Setting up Chrome driver...
2025-10-26 20:47:03,181 - INFO - Using profile directory: C:\laragon\www\dapokalsel\chrome_profile
2025-10-26 20:47:03,181 - INFO - Initializing undetected Chrome driver...
2025-10-26 20:47:12,016 - INFO - patching driver executable C:\laragon\www\dapokalsel\sekolah\~\appdata\roaming\undetected_chromedriver\undetected_chromedriver.exe
2025-10-26 20:47:12,116 - ERROR - Failed to setup driver: Binary Location Must be a String
Traceback (most recent call last):
  File "C:\laragon\www\dapokalsel\sekolah\import_url_kabupaten.pyw", line 92, in setup_driver
    driver = uc.Chrome(
  File "C:\laragon\bin\python\python-3.10\lib\site-packages\undetected_chromedriver\__init__.py", line 372, in __init__
    options.binary_location = (
  File "C:\laragon\bin\python\python-3.10\lib\site-packages\selenium\webdriver\chromium\options.py", line 52, in binary_location
    raise TypeError(self.BINARY_LOCATION_ERROR)
TypeError: Binary Location Must be a String
2025-10-26 20:47:12,116 - ERROR - Error on attempt 38: Failed to setup driver
Traceback (most recent call last):
  File "C:\laragon\www\dapokalsel\sekolah\import_url_kabupaten.pyw", line 388, in process_url_induk
    raise Exception("Failed to setup driver")
Exception: Failed to setup driver
2025-10-26 20:47:12,116 - INFO - Retry attempt 39/300...
2025-10-26 20:47:27,116 - INFO - Setting up Chrome driver...
2025-10-26 20:47:27,118 - INFO - Using profile directory: C:\laragon\www\dapokalsel\chrome_profile
2025-10-26 20:47:27,118 - INFO - Initializing undetected Chrome driver...
2025-10-26 20:47:32,715 - INFO - patching driver executable C:\laragon\www\dapokalsel\sekolah\~\appdata\roaming\undetected_chromedriver\undetected_chromedriver.exe
2025-10-26 20:47:32,832 - ERROR - Failed to setup driver: Binary Location Must be a String
Traceback (most recent call last):
  File "C:\laragon\www\dapokalsel\sekolah\import_url_kabupaten.pyw", line 92, in setup_driver
    driver = uc.Chrome(
  File "C:\laragon\bin\python\python-3.10\lib\site-packages\undetected_chromedriver\__init__.py", line 372, in __init__
    options.binary_location = (
  File "C:\laragon\bin\python\python-3.10\lib\site-packages\selenium\webdriver\chromium\options.py", line 52, in binary_location
    raise TypeError(self.BINARY_LOCATION_ERROR)
TypeError: Binary Location Must be a String
2025-10-26 20:47:32,832 - ERROR - Error on attempt 39: Failed to setup driver
Traceback (most recent call last):
  File "C:\laragon\www\dapokalsel\sekolah\import_url_kabupaten.pyw", line 388, in process_url_induk
    raise Exception("Failed to setup driver")
Exception: Failed to setup driver
2025-10-26 20:47:32,832 - INFO - Retry attempt 40/300...
2025-10-26 20:47:47,832 - INFO - Setting up Chrome driver...
2025-10-26 20:47:47,834 - INFO - Using profile directory: C:\laragon\www\dapokalsel\chrome_profile
2025-10-26 20:47:47,835 - INFO - Initializing undetected Chrome driver...
2025-10-26 20:47:52,481 - INFO - patching driver executable C:\laragon\www\dapokalsel\sekolah\~\appdata\roaming\undetected_chromedriver\undetected_chromedriver.exe
2025-10-26 20:47:52,581 - ERROR - Failed to setup driver: Binary Location Must be a String
Traceback (most recent call last):
  File "C:\laragon\www\dapokalsel\sekolah\import_url_kabupaten.pyw", line 92, in setup_driver
    driver = uc.Chrome(
  File "C:\laragon\bin\python\python-3.10\lib\site-packages\undetected_chromedriver\__init__.py", line 372, in __init__
    options.binary_location = (
  File "C:\laragon\bin\python\python-3.10\lib\site-packages\selenium\webdriver\chromium\options.py", line 52, in binary_location
    raise TypeError(self.BINARY_LOCATION_ERROR)
TypeError: Binary Location Must be a String
2025-10-26 20:47:52,581 - ERROR - Error on attempt 40: Failed to setup driver
Traceback (most recent call last):
  File "C:\laragon\www\dapokalsel\sekolah\import_url_kabupaten.pyw", line 388, in process_url_induk
    raise Exception("Failed to setup driver")
Exception: Failed to setup driver
2025-10-26 20:47:52,581 - INFO - Retry attempt 41/300...
2025-10-26 20:48:07,582 - INFO - Setting up Chrome driver...
2025-10-26 20:48:07,583 - INFO - Using profile directory: C:\laragon\www\dapokalsel\chrome_profile
2025-10-26 20:48:07,583 - INFO - Initializing undetected Chrome driver...
2025-10-26 20:48:13,532 - INFO - patching driver executable C:\laragon\www\dapokalsel\sekolah\~\appdata\roaming\undetected_chromedriver\undetected_chromedriver.exe
2025-10-26 20:48:13,612 - ERROR - Failed to setup driver: Binary Location Must be a String
Traceback (most recent call last):
  File "C:\laragon\www\dapokalsel\sekolah\import_url_kabupaten.pyw", line 92, in setup_driver
    driver = uc.Chrome(
  File "C:\laragon\bin\python\python-3.10\lib\site-packages\undetected_chromedriver\__init__.py", line 372, in __init__
    options.binary_location = (
  File "C:\laragon\bin\python\python-3.10\lib\site-packages\selenium\webdriver\chromium\options.py", line 52, in binary_location
    raise TypeError(self.BINARY_LOCATION_ERROR)
TypeError: Binary Location Must be a String
2025-10-26 20:48:13,612 - ERROR - Error on attempt 41: Failed to setup driver
Traceback (most recent call last):
  File "C:\laragon\www\dapokalsel\sekolah\import_url_kabupaten.pyw", line 388, in process_url_induk
    raise Exception("Failed to setup driver")
Exception: Failed to setup driver
2025-10-26 20:48:13,612 - INFO - Retry attempt 42/300...
2025-10-26 20:48:28,626 - INFO - Setting up Chrome driver...
2025-10-26 20:48:28,627 - INFO - Using profile directory: C:\laragon\www\dapokalsel\chrome_profile
2025-10-26 20:48:28,627 - INFO - Initializing undetected Chrome driver...
2025-10-26 20:48:32,695 - INFO - patching driver executable C:\laragon\www\dapokalsel\sekolah\~\appdata\roaming\undetected_chromedriver\undetected_chromedriver.exe
2025-10-26 20:48:32,795 - ERROR - Failed to setup driver: Binary Location Must be a String
Traceback (most recent call last):
  File "C:\laragon\www\dapokalsel\sekolah\import_url_kabupaten.pyw", line 92, in setup_driver
    driver = uc.Chrome(
  File "C:\laragon\bin\python\python-3.10\lib\site-packages\undetected_chromedriver\__init__.py", line 372, in __init__
    options.binary_location = (
  File "C:\laragon\bin\python\python-3.10\lib\site-packages\selenium\webdriver\chromium\options.py", line 52, in binary_location
    raise TypeError(self.BINARY_LOCATION_ERROR)
TypeError: Binary Location Must be a String
2025-10-26 20:48:32,796 - ERROR - Error on attempt 42: Failed to setup driver
Traceback (most recent call last):
  File "C:\laragon\www\dapokalsel\sekolah\import_url_kabupaten.pyw", line 388, in process_url_induk
    raise Exception("Failed to setup driver")
Exception: Failed to setup driver
2025-10-26 20:48:32,796 - INFO - Retry attempt 43/300...
2025-10-26 20:48:47,797 - INFO - Setting up Chrome driver...
2025-10-26 20:48:47,797 - INFO - Using profile directory: C:\laragon\www\dapokalsel\chrome_profile
2025-10-26 20:48:47,797 - INFO - Initializing undetected Chrome driver...
2025-10-26 20:48:54,827 - ERROR - Failed to setup driver: [WinError 183] Cannot create a file when that file already exists: 'C:\\laragon\\www\\dapokalsel\\sekolah\\~\\appdata\\roaming\\undetected_chromedriver\\undetected\\chromedriver-win32\\chromedriver.exe' -> 'C:\\laragon\\www\\dapokalsel\\sekolah\\~\\appdata\\roaming\\undetected_chromedriver\\undetected_chromedriver.exe'
Traceback (most recent call last):
  File "C:\laragon\www\dapokalsel\sekolah\import_url_kabupaten.pyw", line 92, in setup_driver
    driver = uc.Chrome(
  File "C:\laragon\bin\python\python-3.10\lib\site-packages\undetected_chromedriver\__init__.py", line 258, in __init__
    self.patcher.auto()
  File "C:\laragon\bin\python\python-3.10\lib\site-packages\undetected_chromedriver\patcher.py", line 178, in auto
    self.unzip_package(self.fetch_package())
  File "C:\laragon\bin\python\python-3.10\lib\site-packages\undetected_chromedriver\patcher.py", line 310, in unzip_package
    os.rename(os.path.join(self.zip_path, exe_path), self.executable_path)
FileExistsError: [WinError 183] Cannot create a file when that file already exists: 'C:\\laragon\\www\\dapokalsel\\sekolah\\~\\appdata\\roaming\\undetected_chromedriver\\undetected\\chromedriver-win32\\chromedriver.exe' -> 'C:\\laragon\\www\\dapokalsel\\sekolah\\~\\appdata\\roaming\\undetected_chromedriver\\undetected_chromedriver.exe'
2025-10-26 20:48:54,827 - ERROR - Error on attempt 43: Failed to setup driver
Traceback (most recent call last):
  File "C:\laragon\www\dapokalsel\sekolah\import_url_kabupaten.pyw", line 388, in process_url_induk
    raise Exception("Failed to setup driver")
Exception: Failed to setup driver
2025-10-26 20:48:54,827 - INFO - Retry attempt 44/300...
2025-10-26 20:49:09,828 - INFO - Setting up Chrome driver...
2025-10-26 20:49:09,830 - INFO - Using profile directory: C:\laragon\www\dapokalsel\chrome_profile
2025-10-26 20:49:09,830 - INFO - Initializing undetected Chrome driver...
2025-10-26 20:49:15,007 - ERROR - Failed to setup driver: [WinError 183] Cannot create a file when that file already exists: 'C:\\laragon\\www\\dapokalsel\\sekolah\\~\\appdata\\roaming\\undetected_chromedriver\\undetected\\chromedriver-win32\\chromedriver.exe' -> 'C:\\laragon\\www\\dapokalsel\\sekolah\\~\\appdata\\roaming\\undetected_chromedriver\\undetected_chromedriver.exe'
Traceback (most recent call last):
  File "C:\laragon\www\dapokalsel\sekolah\import_url_kabupaten.pyw", line 92, in setup_driver
    driver = uc.Chrome(
  File "C:\laragon\bin\python\python-3.10\lib\site-packages\undetected_chromedriver\__init__.py", line 258, in __init__
    self.patcher.auto()
  File "C:\laragon\bin\python\python-3.10\lib\site-packages\undetected_chromedriver\patcher.py", line 178, in auto
    self.unzip_package(self.fetch_package())
  File "C:\laragon\bin\python\python-3.10\lib\site-packages\undetected_chromedriver\patcher.py", line 310, in unzip_package
    os.rename(os.path.join(self.zip_path, exe_path), self.executable_path)
FileExistsError: [WinError 183] Cannot create a file when that file already exists: 'C:\\laragon\\www\\dapokalsel\\sekolah\\~\\appdata\\roaming\\undetected_chromedriver\\undetected\\chromedriver-win32\\chromedriver.exe' -> 'C:\\laragon\\www\\dapokalsel\\sekolah\\~\\appdata\\roaming\\undetected_chromedriver\\undetected_chromedriver.exe'
2025-10-26 20:49:15,008 - ERROR - Error on attempt 44: Failed to setup driver
Traceback (most recent call last):
  File "C:\laragon\www\dapokalsel\sekolah\import_url_kabupaten.pyw", line 388, in process_url_induk
    raise Exception("Failed to setup driver")
Exception: Failed to setup driver
2025-10-26 20:49:15,008 - INFO - Retry attempt 45/300...
2025-10-26 20:49:30,008 - INFO - Setting up Chrome driver...
2025-10-26 20:49:30,008 - INFO - Using profile directory: C:\laragon\www\dapokalsel\chrome_profile
2025-10-26 20:49:30,008 - INFO - Initializing undetected Chrome driver...
2025-10-26 20:49:38,074 - ERROR - Failed to setup driver: [WinError 183] Cannot create a file when that file already exists: 'C:\\laragon\\www\\dapokalsel\\sekolah\\~\\appdata\\roaming\\undetected_chromedriver\\undetected\\chromedriver-win32\\chromedriver.exe' -> 'C:\\laragon\\www\\dapokalsel\\sekolah\\~\\appdata\\roaming\\undetected_chromedriver\\undetected_chromedriver.exe'
Traceback (most recent call last):
  File "C:\laragon\www\dapokalsel\sekolah\import_url_kabupaten.pyw", line 92, in setup_driver
    driver = uc.Chrome(
  File "C:\laragon\bin\python\python-3.10\lib\site-packages\undetected_chromedriver\__init__.py", line 258, in __init__
    self.patcher.auto()
  File "C:\laragon\bin\python\python-3.10\lib\site-packages\undetected_chromedriver\patcher.py", line 178, in auto
    self.unzip_package(self.fetch_package())
  File "C:\laragon\bin\python\python-3.10\lib\site-packages\undetected_chromedriver\patcher.py", line 310, in unzip_package
    os.rename(os.path.join(self.zip_path, exe_path), self.executable_path)
FileExistsError: [WinError 183] Cannot create a file when that file already exists: 'C:\\laragon\\www\\dapokalsel\\sekolah\\~\\appdata\\roaming\\undetected_chromedriver\\undetected\\chromedriver-win32\\chromedriver.exe' -> 'C:\\laragon\\www\\dapokalsel\\sekolah\\~\\appdata\\roaming\\undetected_chromedriver\\undetected_chromedriver.exe'
2025-10-26 20:49:38,074 - ERROR - Error on attempt 45: Failed to setup driver
Traceback (most recent call last):
  File "C:\laragon\www\dapokalsel\sekolah\import_url_kabupaten.pyw", line 388, in process_url_induk
    raise Exception("Failed to setup driver")
Exception: Failed to setup driver
2025-10-26 20:49:38,074 - INFO - Retry attempt 46/300...
2025-10-26 20:49:53,075 - INFO - Setting up Chrome driver...
2025-10-26 20:49:53,077 - INFO - Using profile directory: C:\laragon\www\dapokalsel\chrome_profile
2025-10-26 20:49:53,078 - INFO - Initializing undetected Chrome driver...
2025-10-26 20:50:00,048 - INFO - patching driver executable C:\laragon\www\dapokalsel\sekolah\~\appdata\roaming\undetected_chromedriver\undetected_chromedriver.exe
2025-10-26 20:50:00,155 - ERROR - Failed to setup driver: Binary Location Must be a String
Traceback (most recent call last):
  File "C:\laragon\www\dapokalsel\sekolah\import_url_kabupaten.pyw", line 92, in setup_driver
    driver = uc.Chrome(
  File "C:\laragon\bin\python\python-3.10\lib\site-packages\undetected_chromedriver\__init__.py", line 372, in __init__
    options.binary_location = (
  File "C:\laragon\bin\python\python-3.10\lib\site-packages\selenium\webdriver\chromium\options.py", line 52, in binary_location
    raise TypeError(self.BINARY_LOCATION_ERROR)
TypeError: Binary Location Must be a String
2025-10-26 20:50:00,156 - ERROR - Error on attempt 46: Failed to setup driver
Traceback (most recent call last):
  File "C:\laragon\www\dapokalsel\sekolah\import_url_kabupaten.pyw", line 388, in process_url_induk
    raise Exception("Failed to setup driver")
Exception: Failed to setup driver
2025-10-26 20:50:00,157 - INFO - Retry attempt 47/300...
2025-10-26 20:50:15,158 - INFO - Setting up Chrome driver...
2025-10-26 20:50:15,159 - INFO - Using profile directory: C:\laragon\www\dapokalsel\chrome_profile
2025-10-26 20:50:15,159 - INFO - Initializing undetected Chrome driver...
2025-10-26 20:50:21,022 - INFO - patching driver executable C:\laragon\www\dapokalsel\sekolah\~\appdata\roaming\undetected_chromedriver\undetected_chromedriver.exe
2025-10-26 20:50:21,106 - ERROR - Failed to setup driver: Binary Location Must be a String
Traceback (most recent call last):
  File "C:\laragon\www\dapokalsel\sekolah\import_url_kabupaten.pyw", line 92, in setup_driver
    driver = uc.Chrome(
  File "C:\laragon\bin\python\python-3.10\lib\site-packages\undetected_chromedriver\__init__.py", line 372, in __init__
    options.binary_location = (
  File "C:\laragon\bin\python\python-3.10\lib\site-packages\selenium\webdriver\chromium\options.py", line 52, in binary_location
    raise TypeError(self.BINARY_LOCATION_ERROR)
TypeError: Binary Location Must be a String
2025-10-26 20:50:21,121 - ERROR - Error on attempt 47: Failed to setup driver
Traceback (most recent call last):
  File "C:\laragon\www\dapokalsel\sekolah\import_url_kabupaten.pyw", line 388, in process_url_induk
    raise Exception("Failed to setup driver")
Exception: Failed to setup driver
2025-10-26 20:50:21,122 - INFO - Retry attempt 48/300...
2025-10-26 20:50:36,123 - INFO - Setting up Chrome driver...
2025-10-26 20:50:36,123 - INFO - Using profile directory: C:\laragon\www\dapokalsel\chrome_profile
2025-10-26 20:50:36,123 - INFO - Initializing undetected Chrome driver...
2025-10-26 20:50:41,738 - ERROR - Failed to setup driver: [WinError 183] Cannot create a file when that file already exists: 'C:\\laragon\\www\\dapokalsel\\sekolah\\~\\appdata\\roaming\\undetected_chromedriver\\undetected\\chromedriver-win32\\chromedriver.exe' -> 'C:\\laragon\\www\\dapokalsel\\sekolah\\~\\appdata\\roaming\\undetected_chromedriver\\undetected_chromedriver.exe'
Traceback (most recent call last):
  File "C:\laragon\www\dapokalsel\sekolah\import_url_kabupaten.pyw", line 92, in setup_driver
    driver = uc.Chrome(
  File "C:\laragon\bin\python\python-3.10\lib\site-packages\undetected_chromedriver\__init__.py", line 258, in __init__
    self.patcher.auto()
  File "C:\laragon\bin\python\python-3.10\lib\site-packages\undetected_chromedriver\patcher.py", line 178, in auto
    self.unzip_package(self.fetch_package())
  File "C:\laragon\bin\python\python-3.10\lib\site-packages\undetected_chromedriver\patcher.py", line 310, in unzip_package
    os.rename(os.path.join(self.zip_path, exe_path), self.executable_path)
FileExistsError: [WinError 183] Cannot create a file when that file already exists: 'C:\\laragon\\www\\dapokalsel\\sekolah\\~\\appdata\\roaming\\undetected_chromedriver\\undetected\\chromedriver-win32\\chromedriver.exe' -> 'C:\\laragon\\www\\dapokalsel\\sekolah\\~\\appdata\\roaming\\undetected_chromedriver\\undetected_chromedriver.exe'
2025-10-26 20:50:41,738 - ERROR - Error on attempt 48: Failed to setup driver
Traceback (most recent call last):
  File "C:\laragon\www\dapokalsel\sekolah\import_url_kabupaten.pyw", line 388, in process_url_induk
    raise Exception("Failed to setup driver")
Exception: Failed to setup driver
2025-10-26 20:50:41,738 - INFO - Retry attempt 49/300...
2025-10-26 20:50:56,739 - INFO - Setting up Chrome driver...
2025-10-26 20:50:56,740 - INFO - Using profile directory: C:\laragon\www\dapokalsel\chrome_profile
2025-10-26 20:50:56,740 - INFO - Initializing undetected Chrome driver...
2025-10-26 20:51:04,103 - INFO - patching driver executable C:\laragon\www\dapokalsel\sekolah\~\appdata\roaming\undetected_chromedriver\undetected_chromedriver.exe
2025-10-26 20:51:04,203 - ERROR - Failed to setup driver: Binary Location Must be a String
Traceback (most recent call last):
  File "C:\laragon\www\dapokalsel\sekolah\import_url_kabupaten.pyw", line 92, in setup_driver
    driver = uc.Chrome(
  File "C:\laragon\bin\python\python-3.10\lib\site-packages\undetected_chromedriver\__init__.py", line 372, in __init__
    options.binary_location = (
  File "C:\laragon\bin\python\python-3.10\lib\site-packages\selenium\webdriver\chromium\options.py", line 52, in binary_location
    raise TypeError(self.BINARY_LOCATION_ERROR)
TypeError: Binary Location Must be a String
2025-10-26 20:51:04,203 - ERROR - Error on attempt 49: Failed to setup driver
Traceback (most recent call last):
  File "C:\laragon\www\dapokalsel\sekolah\import_url_kabupaten.pyw", line 388, in process_url_induk
    raise Exception("Failed to setup driver")
Exception: Failed to setup driver
2025-10-26 20:51:04,203 - INFO - Retry attempt 50/300...
2025-10-26 20:51:19,204 - INFO - Setting up Chrome driver...
2025-10-26 20:51:19,206 - INFO - Using profile directory: C:\laragon\www\dapokalsel\chrome_profile
2025-10-26 20:51:19,207 - INFO - Initializing undetected Chrome driver...
2025-10-26 20:51:26,168 - INFO - patching driver executable C:\laragon\www\dapokalsel\sekolah\~\appdata\roaming\undetected_chromedriver\undetected_chromedriver.exe
2025-10-26 20:51:26,269 - ERROR - Failed to setup driver: Binary Location Must be a String
Traceback (most recent call last):
  File "C:\laragon\www\dapokalsel\sekolah\import_url_kabupaten.pyw", line 92, in setup_driver
    driver = uc.Chrome(
  File "C:\laragon\bin\python\python-3.10\lib\site-packages\undetected_chromedriver\__init__.py", line 372, in __init__
    options.binary_location = (
  File "C:\laragon\bin\python\python-3.10\lib\site-packages\selenium\webdriver\chromium\options.py", line 52, in binary_location
    raise TypeError(self.BINARY_LOCATION_ERROR)
TypeError: Binary Location Must be a String
2025-10-26 20:51:26,269 - ERROR - Error on attempt 50: Failed to setup driver
Traceback (most recent call last):
  File "C:\laragon\www\dapokalsel\sekolah\import_url_kabupaten.pyw", line 388, in process_url_induk
    raise Exception("Failed to setup driver")
Exception: Failed to setup driver
2025-10-26 20:51:26,269 - INFO - Retry attempt 51/300...
2025-10-26 20:51:41,269 - INFO - Setting up Chrome driver...
2025-10-26 20:51:41,270 - INFO - Using profile directory: C:\laragon\www\dapokalsel\chrome_profile
2025-10-26 20:51:41,270 - INFO - Initializing undetected Chrome driver...
2025-10-26 20:51:46,417 - INFO - patching driver executable C:\laragon\www\dapokalsel\sekolah\~\appdata\roaming\undetected_chromedriver\undetected_chromedriver.exe
2025-10-26 20:51:46,502 - ERROR - Failed to setup driver: Binary Location Must be a String
Traceback (most recent call last):
  File "C:\laragon\www\dapokalsel\sekolah\import_url_kabupaten.pyw", line 92, in setup_driver
    driver = uc.Chrome(
  File "C:\laragon\bin\python\python-3.10\lib\site-packages\undetected_chromedriver\__init__.py", line 372, in __init__
    options.binary_location = (
  File "C:\laragon\bin\python\python-3.10\lib\site-packages\selenium\webdriver\chromium\options.py", line 52, in binary_location
    raise TypeError(self.BINARY_LOCATION_ERROR)
TypeError: Binary Location Must be a String
2025-10-26 20:51:46,503 - ERROR - Error on attempt 51: Failed to setup driver
Traceback (most recent call last):
  File "C:\laragon\www\dapokalsel\sekolah\import_url_kabupaten.pyw", line 388, in process_url_induk
    raise Exception("Failed to setup driver")
Exception: Failed to setup driver
2025-10-26 20:51:46,503 - INFO - Retry attempt 52/300...
2025-10-26 20:52:01,515 - INFO - Setting up Chrome driver...
2025-10-26 20:52:01,518 - INFO - Using profile directory: C:\laragon\www\dapokalsel\chrome_profile
2025-10-26 20:52:01,519 - INFO - Initializing undetected Chrome driver...
2025-10-26 20:52:06,547 - INFO - patching driver executable C:\laragon\www\dapokalsel\sekolah\~\appdata\roaming\undetected_chromedriver\undetected_chromedriver.exe
2025-10-26 20:52:06,678 - ERROR - Failed to setup driver: Binary Location Must be a String
Traceback (most recent call last):
  File "C:\laragon\www\dapokalsel\sekolah\import_url_kabupaten.pyw", line 92, in setup_driver
    driver = uc.Chrome(
  File "C:\laragon\bin\python\python-3.10\lib\site-packages\undetected_chromedriver\__init__.py", line 372, in __init__
    options.binary_location = (
  File "C:\laragon\bin\python\python-3.10\lib\site-packages\selenium\webdriver\chromium\options.py", line 52, in binary_location
    raise TypeError(self.BINARY_LOCATION_ERROR)
TypeError: Binary Location Must be a String
2025-10-26 20:52:06,679 - ERROR - Error on attempt 52: Failed to setup driver
Traceback (most recent call last):
  File "C:\laragon\www\dapokalsel\sekolah\import_url_kabupaten.pyw", line 388, in process_url_induk
    raise Exception("Failed to setup driver")
Exception: Failed to setup driver
2025-10-26 20:52:06,679 - INFO - Retry attempt 53/300...
2025-10-26 20:52:21,681 - INFO - Setting up Chrome driver...
2025-10-26 20:52:21,682 - INFO - Using profile directory: C:\laragon\www\dapokalsel\chrome_profile
2025-10-26 20:52:21,682 - INFO - Initializing undetected Chrome driver...
2025-10-26 20:52:29,099 - INFO - patching driver executable C:\laragon\www\dapokalsel\sekolah\~\appdata\roaming\undetected_chromedriver\undetected_chromedriver.exe
2025-10-26 20:52:29,198 - ERROR - Failed to setup driver: Binary Location Must be a String
Traceback (most recent call last):
  File "C:\laragon\www\dapokalsel\sekolah\import_url_kabupaten.pyw", line 92, in setup_driver
    driver = uc.Chrome(
  File "C:\laragon\bin\python\python-3.10\lib\site-packages\undetected_chromedriver\__init__.py", line 372, in __init__
    options.binary_location = (
  File "C:\laragon\bin\python\python-3.10\lib\site-packages\selenium\webdriver\chromium\options.py", line 52, in binary_location
    raise TypeError(self.BINARY_LOCATION_ERROR)
TypeError: Binary Location Must be a String
2025-10-26 20:52:29,198 - ERROR - Error on attempt 53: Failed to setup driver
Traceback (most recent call last):
  File "C:\laragon\www\dapokalsel\sekolah\import_url_kabupaten.pyw", line 388, in process_url_induk
    raise Exception("Failed to setup driver")
Exception: Failed to setup driver
2025-10-26 20:52:29,198 - INFO - Retry attempt 54/300...
2025-10-26 20:52:44,199 - INFO - Setting up Chrome driver...
2025-10-26 20:52:44,201 - INFO - Using profile directory: C:\laragon\www\dapokalsel\chrome_profile
2025-10-26 20:52:44,201 - INFO - Initializing undetected Chrome driver...
2025-10-26 20:52:47,931 - INFO - patching driver executable C:\laragon\www\dapokalsel\sekolah\~\appdata\roaming\undetected_chromedriver\undetected_chromedriver.exe
2025-10-26 20:52:48,030 - ERROR - Failed to setup driver: Binary Location Must be a String
Traceback (most recent call last):
  File "C:\laragon\www\dapokalsel\sekolah\import_url_kabupaten.pyw", line 92, in setup_driver
    driver = uc.Chrome(
  File "C:\laragon\bin\python\python-3.10\lib\site-packages\undetected_chromedriver\__init__.py", line 372, in __init__
    options.binary_location = (
  File "C:\laragon\bin\python\python-3.10\lib\site-packages\selenium\webdriver\chromium\options.py", line 52, in binary_location
    raise TypeError(self.BINARY_LOCATION_ERROR)
TypeError: Binary Location Must be a String
2025-10-26 20:52:48,030 - ERROR - Error on attempt 54: Failed to setup driver
Traceback (most recent call last):
  File "C:\laragon\www\dapokalsel\sekolah\import_url_kabupaten.pyw", line 388, in process_url_induk
    raise Exception("Failed to setup driver")
Exception: Failed to setup driver
2025-10-26 20:52:48,030 - INFO - Retry attempt 55/300...
2025-10-26 20:53:03,031 - INFO - Setting up Chrome driver...
2025-10-26 20:53:03,031 - INFO - Using profile directory: C:\laragon\www\dapokalsel\chrome_profile
2025-10-26 20:53:03,031 - INFO - Initializing undetected Chrome driver...
2025-10-26 20:53:08,897 - ERROR - Failed to setup driver: [WinError 183] Cannot create a file when that file already exists: 'C:\\laragon\\www\\dapokalsel\\sekolah\\~\\appdata\\roaming\\undetected_chromedriver\\undetected\\chromedriver-win32\\chromedriver.exe' -> 'C:\\laragon\\www\\dapokalsel\\sekolah\\~\\appdata\\roaming\\undetected_chromedriver\\undetected_chromedriver.exe'
Traceback (most recent call last):
  File "C:\laragon\www\dapokalsel\sekolah\import_url_kabupaten.pyw", line 92, in setup_driver
    driver = uc.Chrome(
  File "C:\laragon\bin\python\python-3.10\lib\site-packages\undetected_chromedriver\__init__.py", line 258, in __init__
    self.patcher.auto()
  File "C:\laragon\bin\python\python-3.10\lib\site-packages\undetected_chromedriver\patcher.py", line 178, in auto
    self.unzip_package(self.fetch_package())
  File "C:\laragon\bin\python\python-3.10\lib\site-packages\undetected_chromedriver\patcher.py", line 310, in unzip_package
    os.rename(os.path.join(self.zip_path, exe_path), self.executable_path)
FileExistsError: [WinError 183] Cannot create a file when that file already exists: 'C:\\laragon\\www\\dapokalsel\\sekolah\\~\\appdata\\roaming\\undetected_chromedriver\\undetected\\chromedriver-win32\\chromedriver.exe' -> 'C:\\laragon\\www\\dapokalsel\\sekolah\\~\\appdata\\roaming\\undetected_chromedriver\\undetected_chromedriver.exe'
2025-10-26 20:53:08,897 - ERROR - Error on attempt 55: Failed to setup driver
Traceback (most recent call last):
  File "C:\laragon\www\dapokalsel\sekolah\import_url_kabupaten.pyw", line 388, in process_url_induk
    raise Exception("Failed to setup driver")
Exception: Failed to setup driver
2025-10-26 20:53:08,897 - INFO - Retry attempt 56/300...
2025-10-26 20:53:23,897 - INFO - Setting up Chrome driver...
2025-10-26 20:53:23,897 - INFO - Using profile directory: C:\laragon\www\dapokalsel\chrome_profile
2025-10-26 20:53:23,897 - INFO - Initializing undetected Chrome driver...
2025-10-26 20:53:32,245 - ERROR - Failed to setup driver: [WinError 183] Cannot create a file when that file already exists: 'C:\\laragon\\www\\dapokalsel\\sekolah\\~\\appdata\\roaming\\undetected_chromedriver\\undetected\\chromedriver-win32\\chromedriver.exe' -> 'C:\\laragon\\www\\dapokalsel\\sekolah\\~\\appdata\\roaming\\undetected_chromedriver\\undetected_chromedriver.exe'
Traceback (most recent call last):
  File "C:\laragon\www\dapokalsel\sekolah\import_url_kabupaten.pyw", line 92, in setup_driver
    driver = uc.Chrome(
  File "C:\laragon\bin\python\python-3.10\lib\site-packages\undetected_chromedriver\__init__.py", line 258, in __init__
    self.patcher.auto()
  File "C:\laragon\bin\python\python-3.10\lib\site-packages\undetected_chromedriver\patcher.py", line 178, in auto
    self.unzip_package(self.fetch_package())
  File "C:\laragon\bin\python\python-3.10\lib\site-packages\undetected_chromedriver\patcher.py", line 310, in unzip_package
    os.rename(os.path.join(self.zip_path, exe_path), self.executable_path)
FileExistsError: [WinError 183] Cannot create a file when that file already exists: 'C:\\laragon\\www\\dapokalsel\\sekolah\\~\\appdata\\roaming\\undetected_chromedriver\\undetected\\chromedriver-win32\\chromedriver.exe' -> 'C:\\laragon\\www\\dapokalsel\\sekolah\\~\\appdata\\roaming\\undetected_chromedriver\\undetected_chromedriver.exe'
2025-10-26 20:53:32,245 - ERROR - Error on attempt 56: Failed to setup driver
Traceback (most recent call last):
  File "C:\laragon\www\dapokalsel\sekolah\import_url_kabupaten.pyw", line 388, in process_url_induk
    raise Exception("Failed to setup driver")
Exception: Failed to setup driver
2025-10-26 20:53:32,245 - INFO - Retry attempt 57/300...
2025-10-26 20:53:47,246 - INFO - Setting up Chrome driver...
2025-10-26 20:53:47,247 - INFO - Using profile directory: C:\laragon\www\dapokalsel\chrome_profile
2025-10-26 20:53:47,248 - INFO - Initializing undetected Chrome driver...
2025-10-26 20:53:54,295 - INFO - patching driver executable C:\laragon\www\dapokalsel\sekolah\~\appdata\roaming\undetected_chromedriver\undetected_chromedriver.exe
2025-10-26 20:53:54,377 - ERROR - Failed to setup driver: Binary Location Must be a String
Traceback (most recent call last):
  File "C:\laragon\www\dapokalsel\sekolah\import_url_kabupaten.pyw", line 92, in setup_driver
    driver = uc.Chrome(
  File "C:\laragon\bin\python\python-3.10\lib\site-packages\undetected_chromedriver\__init__.py", line 372, in __init__
    options.binary_location = (
  File "C:\laragon\bin\python\python-3.10\lib\site-packages\selenium\webdriver\chromium\options.py", line 52, in binary_location
    raise TypeError(self.BINARY_LOCATION_ERROR)
TypeError: Binary Location Must be a String
2025-10-26 20:53:54,377 - ERROR - Error on attempt 57: Failed to setup driver
Traceback (most recent call last):
  File "C:\laragon\www\dapokalsel\sekolah\import_url_kabupaten.pyw", line 388, in process_url_induk
    raise Exception("Failed to setup driver")
Exception: Failed to setup driver
2025-10-26 20:53:54,377 - INFO - Retry attempt 58/300...
2025-10-26 20:54:09,378 - INFO - Setting up Chrome driver...
2025-10-26 20:54:09,380 - INFO - Using profile directory: C:\laragon\www\dapokalsel\chrome_profile
2025-10-26 20:54:09,381 - INFO - Initializing undetected Chrome driver...
2025-10-26 20:54:13,643 - INFO - patching driver executable C:\laragon\www\dapokalsel\sekolah\~\appdata\roaming\undetected_chromedriver\undetected_chromedriver.exe
2025-10-26 20:54:13,737 - ERROR - Failed to setup driver: Binary Location Must be a String
Traceback (most recent call last):
  File "C:\laragon\www\dapokalsel\sekolah\import_url_kabupaten.pyw", line 92, in setup_driver
    driver = uc.Chrome(
  File "C:\laragon\bin\python\python-3.10\lib\site-packages\undetected_chromedriver\__init__.py", line 372, in __init__
    options.binary_location = (
  File "C:\laragon\bin\python\python-3.10\lib\site-packages\selenium\webdriver\chromium\options.py", line 52, in binary_location
    raise TypeError(self.BINARY_LOCATION_ERROR)
TypeError: Binary Location Must be a String
2025-10-26 20:54:13,738 - ERROR - Error on attempt 58: Failed to setup driver
Traceback (most recent call last):
  File "C:\laragon\www\dapokalsel\sekolah\import_url_kabupaten.pyw", line 388, in process_url_induk
    raise Exception("Failed to setup driver")
Exception: Failed to setup driver
2025-10-26 20:54:13,738 - INFO - Retry attempt 59/300...
2025-10-26 20:54:28,742 - INFO - Setting up Chrome driver...
2025-10-26 20:54:28,744 - INFO - Using profile directory: C:\laragon\www\dapokalsel\chrome_profile
2025-10-26 20:54:28,744 - INFO - Initializing undetected Chrome driver...
2025-10-26 20:54:32,689 - INFO - patching driver executable C:\laragon\www\dapokalsel\sekolah\~\appdata\roaming\undetected_chromedriver\undetected_chromedriver.exe
2025-10-26 20:54:32,876 - ERROR - Failed to setup driver: Binary Location Must be a String
Traceback (most recent call last):
  File "C:\laragon\www\dapokalsel\sekolah\import_url_kabupaten.pyw", line 92, in setup_driver
    driver = uc.Chrome(
  File "C:\laragon\bin\python\python-3.10\lib\site-packages\undetected_chromedriver\__init__.py", line 372, in __init__
    options.binary_location = (
  File "C:\laragon\bin\python\python-3.10\lib\site-packages\selenium\webdriver\chromium\options.py", line 52, in binary_location
    raise TypeError(self.BINARY_LOCATION_ERROR)
TypeError: Binary Location Must be a String
2025-10-26 20:54:32,876 - ERROR - Error on attempt 59: Failed to setup driver
Traceback (most recent call last):
  File "C:\laragon\www\dapokalsel\sekolah\import_url_kabupaten.pyw", line 388, in process_url_induk
    raise Exception("Failed to setup driver")
Exception: Failed to setup driver
2025-10-26 20:54:32,876 - INFO - Retry attempt 60/300...
2025-10-26 20:54:47,898 - INFO - Setting up Chrome driver...
2025-10-26 20:54:47,900 - INFO - Using profile directory: C:\laragon\www\dapokalsel\chrome_profile
2025-10-26 20:54:47,900 - INFO - Initializing undetected Chrome driver...
2025-10-26 20:54:55,281 - INFO - patching driver executable C:\laragon\www\dapokalsel\sekolah\~\appdata\roaming\undetected_chromedriver\undetected_chromedriver.exe
2025-10-26 20:54:55,357 - ERROR - Failed to setup driver: Binary Location Must be a String
Traceback (most recent call last):
  File "C:\laragon\www\dapokalsel\sekolah\import_url_kabupaten.pyw", line 92, in setup_driver
    driver = uc.Chrome(
  File "C:\laragon\bin\python\python-3.10\lib\site-packages\undetected_chromedriver\__init__.py", line 372, in __init__
    options.binary_location = (
  File "C:\laragon\bin\python\python-3.10\lib\site-packages\selenium\webdriver\chromium\options.py", line 52, in binary_location
    raise TypeError(self.BINARY_LOCATION_ERROR)
TypeError: Binary Location Must be a String
2025-10-26 20:54:55,357 - ERROR - Error on attempt 60: Failed to setup driver
Traceback (most recent call last):
  File "C:\laragon\www\dapokalsel\sekolah\import_url_kabupaten.pyw", line 388, in process_url_induk
    raise Exception("Failed to setup driver")
Exception: Failed to setup driver
2025-10-26 20:54:55,357 - INFO - Retry attempt 61/300...
2025-10-26 20:55:10,358 - INFO - Setting up Chrome driver...
2025-10-26 20:55:10,359 - INFO - Using profile directory: C:\laragon\www\dapokalsel\chrome_profile
2025-10-26 20:55:10,359 - INFO - Initializing undetected Chrome driver...
2025-10-26 20:55:17,739 - INFO - patching driver executable C:\laragon\www\dapokalsel\sekolah\~\appdata\roaming\undetected_chromedriver\undetected_chromedriver.exe
2025-10-26 20:55:17,841 - ERROR - Failed to setup driver: Binary Location Must be a String
Traceback (most recent call last):
  File "C:\laragon\www\dapokalsel\sekolah\import_url_kabupaten.pyw", line 92, in setup_driver
    driver = uc.Chrome(
  File "C:\laragon\bin\python\python-3.10\lib\site-packages\undetected_chromedriver\__init__.py", line 372, in __init__
    options.binary_location = (
  File "C:\laragon\bin\python\python-3.10\lib\site-packages\selenium\webdriver\chromium\options.py", line 52, in binary_location
    raise TypeError(self.BINARY_LOCATION_ERROR)
TypeError: Binary Location Must be a String
2025-10-26 20:55:17,841 - ERROR - Error on attempt 61: Failed to setup driver
Traceback (most recent call last):
  File "C:\laragon\www\dapokalsel\sekolah\import_url_kabupaten.pyw", line 388, in process_url_induk
    raise Exception("Failed to setup driver")
Exception: Failed to setup driver
2025-10-26 20:55:17,841 - INFO - Retry attempt 62/300...
2025-10-26 20:55:32,842 - INFO - Setting up Chrome driver...
2025-10-26 20:55:32,844 - INFO - Using profile directory: C:\laragon\www\dapokalsel\chrome_profile
2025-10-26 20:55:32,845 - INFO - Initializing undetected Chrome driver...
2025-10-26 20:55:37,068 - INFO - patching driver executable C:\laragon\www\dapokalsel\sekolah\~\appdata\roaming\undetected_chromedriver\undetected_chromedriver.exe
2025-10-26 20:55:37,153 - ERROR - Failed to setup driver: Binary Location Must be a String
Traceback (most recent call last):
  File "C:\laragon\www\dapokalsel\sekolah\import_url_kabupaten.pyw", line 92, in setup_driver
    driver = uc.Chrome(
  File "C:\laragon\bin\python\python-3.10\lib\site-packages\undetected_chromedriver\__init__.py", line 372, in __init__
    options.binary_location = (
  File "C:\laragon\bin\python\python-3.10\lib\site-packages\selenium\webdriver\chromium\options.py", line 52, in binary_location
    raise TypeError(self.BINARY_LOCATION_ERROR)
TypeError: Binary Location Must be a String
2025-10-26 20:55:37,154 - ERROR - Error on attempt 62: Failed to setup driver
Traceback (most recent call last):
  File "C:\laragon\www\dapokalsel\sekolah\import_url_kabupaten.pyw", line 388, in process_url_induk
    raise Exception("Failed to setup driver")
Exception: Failed to setup driver
2025-10-26 20:55:37,155 - INFO - Retry attempt 63/300...
2025-10-26 20:55:52,156 - INFO - Setting up Chrome driver...
2025-10-26 20:55:52,157 - INFO - Using profile directory: C:\laragon\www\dapokalsel\chrome_profile
2025-10-26 20:55:52,157 - INFO - Initializing undetected Chrome driver...
2025-10-26 20:55:58,755 - INFO - patching driver executable C:\laragon\www\dapokalsel\sekolah\~\appdata\roaming\undetected_chromedriver\undetected_chromedriver.exe
2025-10-26 20:55:58,837 - ERROR - Failed to setup driver: Binary Location Must be a String
Traceback (most recent call last):
  File "C:\laragon\www\dapokalsel\sekolah\import_url_kabupaten.pyw", line 92, in setup_driver
    driver = uc.Chrome(
  File "C:\laragon\bin\python\python-3.10\lib\site-packages\undetected_chromedriver\__init__.py", line 372, in __init__
    options.binary_location = (
  File "C:\laragon\bin\python\python-3.10\lib\site-packages\selenium\webdriver\chromium\options.py", line 52, in binary_location
    raise TypeError(self.BINARY_LOCATION_ERROR)
TypeError: Binary Location Must be a String
2025-10-26 20:55:58,837 - ERROR - Error on attempt 63: Failed to setup driver
Traceback (most recent call last):
  File "C:\laragon\www\dapokalsel\sekolah\import_url_kabupaten.pyw", line 388, in process_url_induk
    raise Exception("Failed to setup driver")
Exception: Failed to setup driver
2025-10-26 20:55:58,837 - INFO - Retry attempt 64/300...
2025-10-26 20:56:13,838 - INFO - Setting up Chrome driver...
2025-10-26 20:56:13,839 - INFO - Using profile directory: C:\laragon\www\dapokalsel\chrome_profile
2025-10-26 20:56:13,840 - INFO - Initializing undetected Chrome driver...
2025-10-26 20:56:18,515 - INFO - patching driver executable C:\laragon\www\dapokalsel\sekolah\~\appdata\roaming\undetected_chromedriver\undetected_chromedriver.exe
2025-10-26 20:56:18,608 - ERROR - Failed to setup driver: Binary Location Must be a String
Traceback (most recent call last):
  File "C:\laragon\www\dapokalsel\sekolah\import_url_kabupaten.pyw", line 92, in setup_driver
    driver = uc.Chrome(
  File "C:\laragon\bin\python\python-3.10\lib\site-packages\undetected_chromedriver\__init__.py", line 372, in __init__
    options.binary_location = (
  File "C:\laragon\bin\python\python-3.10\lib\site-packages\selenium\webdriver\chromium\options.py", line 52, in binary_location
    raise TypeError(self.BINARY_LOCATION_ERROR)
TypeError: Binary Location Must be a String
2025-10-26 20:56:18,608 - ERROR - Error on attempt 64: Failed to setup driver
Traceback (most recent call last):
  File "C:\laragon\www\dapokalsel\sekolah\import_url_kabupaten.pyw", line 388, in process_url_induk
    raise Exception("Failed to setup driver")
Exception: Failed to setup driver
2025-10-26 20:56:18,609 - INFO - Retry attempt 65/300...
2025-10-26 20:56:33,619 - INFO - Setting up Chrome driver...
2025-10-26 20:56:33,621 - INFO - Using profile directory: C:\laragon\www\dapokalsel\chrome_profile
2025-10-26 20:56:33,623 - INFO - Initializing undetected Chrome driver...
2025-10-26 20:56:38,018 - INFO - patching driver executable C:\laragon\www\dapokalsel\sekolah\~\appdata\roaming\undetected_chromedriver\undetected_chromedriver.exe
2025-10-26 20:56:38,109 - ERROR - Failed to setup driver: Binary Location Must be a String
Traceback (most recent call last):
  File "C:\laragon\www\dapokalsel\sekolah\import_url_kabupaten.pyw", line 92, in setup_driver
    driver = uc.Chrome(
  File "C:\laragon\bin\python\python-3.10\lib\site-packages\undetected_chromedriver\__init__.py", line 372, in __init__
    options.binary_location = (
  File "C:\laragon\bin\python\python-3.10\lib\site-packages\selenium\webdriver\chromium\options.py", line 52, in binary_location
    raise TypeError(self.BINARY_LOCATION_ERROR)
TypeError: Binary Location Must be a String
2025-10-26 20:56:38,110 - ERROR - Error on attempt 65: Failed to setup driver
Traceback (most recent call last):
  File "C:\laragon\www\dapokalsel\sekolah\import_url_kabupaten.pyw", line 388, in process_url_induk
    raise Exception("Failed to setup driver")
Exception: Failed to setup driver
2025-10-26 20:56:38,110 - INFO - Retry attempt 66/300...
2025-10-26 20:56:53,111 - INFO - Setting up Chrome driver...
2025-10-26 20:56:53,112 - INFO - Using profile directory: C:\laragon\www\dapokalsel\chrome_profile
2025-10-26 20:56:53,112 - INFO - Initializing undetected Chrome driver...
2025-10-26 20:57:01,050 - INFO - patching driver executable C:\laragon\www\dapokalsel\sekolah\~\appdata\roaming\undetected_chromedriver\undetected_chromedriver.exe
2025-10-26 20:57:01,150 - ERROR - Failed to setup driver: Binary Location Must be a String
Traceback (most recent call last):
  File "C:\laragon\www\dapokalsel\sekolah\import_url_kabupaten.pyw", line 92, in setup_driver
    driver = uc.Chrome(
  File "C:\laragon\bin\python\python-3.10\lib\site-packages\undetected_chromedriver\__init__.py", line 372, in __init__
    options.binary_location = (
  File "C:\laragon\bin\python\python-3.10\lib\site-packages\selenium\webdriver\chromium\options.py", line 52, in binary_location
    raise TypeError(self.BINARY_LOCATION_ERROR)
TypeError: Binary Location Must be a String
2025-10-26 20:57:01,150 - ERROR - Error on attempt 66: Failed to setup driver
Traceback (most recent call last):
  File "C:\laragon\www\dapokalsel\sekolah\import_url_kabupaten.pyw", line 388, in process_url_induk
    raise Exception("Failed to setup driver")
Exception: Failed to setup driver
2025-10-26 20:57:01,150 - INFO - Retry attempt 67/300...
2025-10-26 20:57:16,150 - INFO - Setting up Chrome driver...
2025-10-26 20:57:16,150 - INFO - Using profile directory: C:\laragon\www\dapokalsel\chrome_profile
2025-10-26 20:57:16,151 - INFO - Initializing undetected Chrome driver...
2025-10-26 20:57:20,546 - INFO - patching driver executable C:\laragon\www\dapokalsel\sekolah\~\appdata\roaming\undetected_chromedriver\undetected_chromedriver.exe
2025-10-26 20:57:20,629 - ERROR - Failed to setup driver: Binary Location Must be a String
Traceback (most recent call last):
  File "C:\laragon\www\dapokalsel\sekolah\import_url_kabupaten.pyw", line 92, in setup_driver
    driver = uc.Chrome(
  File "C:\laragon\bin\python\python-3.10\lib\site-packages\undetected_chromedriver\__init__.py", line 372, in __init__
    options.binary_location = (
  File "C:\laragon\bin\python\python-3.10\lib\site-packages\selenium\webdriver\chromium\options.py", line 52, in binary_location
    raise TypeError(self.BINARY_LOCATION_ERROR)
TypeError: Binary Location Must be a String
2025-10-26 20:57:20,629 - ERROR - Error on attempt 67: Failed to setup driver
Traceback (most recent call last):
  File "C:\laragon\www\dapokalsel\sekolah\import_url_kabupaten.pyw", line 388, in process_url_induk
    raise Exception("Failed to setup driver")
Exception: Failed to setup driver
2025-10-26 20:57:20,629 - INFO - Retry attempt 68/300...
2025-10-26 20:57:35,630 - INFO - Setting up Chrome driver...
2025-10-26 20:57:35,631 - INFO - Using profile directory: C:\laragon\www\dapokalsel\chrome_profile
2025-10-26 20:57:35,632 - INFO - Initializing undetected Chrome driver...
2025-10-26 20:57:39,688 - INFO - patching driver executable C:\laragon\www\dapokalsel\sekolah\~\appdata\roaming\undetected_chromedriver\undetected_chromedriver.exe
2025-10-26 20:57:39,779 - ERROR - Failed to setup driver: Binary Location Must be a String
Traceback (most recent call last):
  File "C:\laragon\www\dapokalsel\sekolah\import_url_kabupaten.pyw", line 92, in setup_driver
    driver = uc.Chrome(
  File "C:\laragon\bin\python\python-3.10\lib\site-packages\undetected_chromedriver\__init__.py", line 372, in __init__
    options.binary_location = (
  File "C:\laragon\bin\python\python-3.10\lib\site-packages\selenium\webdriver\chromium\options.py", line 52, in binary_location
    raise TypeError(self.BINARY_LOCATION_ERROR)
TypeError: Binary Location Must be a String
2025-10-26 20:57:39,780 - ERROR - Error on attempt 68: Failed to setup driver
Traceback (most recent call last):
  File "C:\laragon\www\dapokalsel\sekolah\import_url_kabupaten.pyw", line 388, in process_url_induk
    raise Exception("Failed to setup driver")
Exception: Failed to setup driver
2025-10-26 20:57:39,780 - INFO - Retry attempt 69/300...
2025-10-26 20:57:54,782 - INFO - Setting up Chrome driver...
2025-10-26 20:57:54,784 - INFO - Using profile directory: C:\laragon\www\dapokalsel\chrome_profile
2025-10-26 20:57:54,785 - INFO - Initializing undetected Chrome driver...
2025-10-26 20:57:59,714 - INFO - patching driver executable C:\laragon\www\dapokalsel\sekolah\~\appdata\roaming\undetected_chromedriver\undetected_chromedriver.exe
2025-10-26 20:57:59,780 - ERROR - Failed to setup driver: Binary Location Must be a String
Traceback (most recent call last):
  File "C:\laragon\www\dapokalsel\sekolah\import_url_kabupaten.pyw", line 92, in setup_driver
    driver = uc.Chrome(
  File "C:\laragon\bin\python\python-3.10\lib\site-packages\undetected_chromedriver\__init__.py", line 372, in __init__
    options.binary_location = (
  File "C:\laragon\bin\python\python-3.10\lib\site-packages\selenium\webdriver\chromium\options.py", line 52, in binary_location
    raise TypeError(self.BINARY_LOCATION_ERROR)
TypeError: Binary Location Must be a String
2025-10-26 20:57:59,780 - ERROR - Error on attempt 69: Failed to setup driver
Traceback (most recent call last):
  File "C:\laragon\www\dapokalsel\sekolah\import_url_kabupaten.pyw", line 388, in process_url_induk
    raise Exception("Failed to setup driver")
Exception: Failed to setup driver
2025-10-26 20:57:59,780 - INFO - Retry attempt 70/300...
2025-10-26 20:58:14,798 - INFO - Setting up Chrome driver...
2025-10-26 20:58:14,798 - INFO - Using profile directory: C:\laragon\www\dapokalsel\chrome_profile
2025-10-26 20:58:14,798 - INFO - Initializing undetected Chrome driver...
2025-10-26 20:58:21,815 - INFO - patching driver executable C:\laragon\www\dapokalsel\sekolah\~\appdata\roaming\undetected_chromedriver\undetected_chromedriver.exe
2025-10-26 20:58:21,896 - ERROR - Failed to setup driver: Binary Location Must be a String
Traceback (most recent call last):
  File "C:\laragon\www\dapokalsel\sekolah\import_url_kabupaten.pyw", line 92, in setup_driver
    driver = uc.Chrome(
  File "C:\laragon\bin\python\python-3.10\lib\site-packages\undetected_chromedriver\__init__.py", line 372, in __init__
    options.binary_location = (
  File "C:\laragon\bin\python\python-3.10\lib\site-packages\selenium\webdriver\chromium\options.py", line 52, in binary_location
    raise TypeError(self.BINARY_LOCATION_ERROR)
TypeError: Binary Location Must be a String
2025-10-26 20:58:21,896 - ERROR - Error on attempt 70: Failed to setup driver
Traceback (most recent call last):
  File "C:\laragon\www\dapokalsel\sekolah\import_url_kabupaten.pyw", line 388, in process_url_induk
    raise Exception("Failed to setup driver")
Exception: Failed to setup driver
2025-10-26 20:58:21,896 - INFO - Retry attempt 71/300...
2025-10-26 20:58:36,897 - INFO - Setting up Chrome driver...
2025-10-26 20:58:36,899 - INFO - Using profile directory: C:\laragon\www\dapokalsel\chrome_profile
2025-10-26 20:58:36,900 - INFO - Initializing undetected Chrome driver...
2025-10-26 20:58:42,294 - INFO - patching driver executable C:\laragon\www\dapokalsel\sekolah\~\appdata\roaming\undetected_chromedriver\undetected_chromedriver.exe
2025-10-26 20:58:42,361 - ERROR - Failed to setup driver: Binary Location Must be a String
Traceback (most recent call last):
  File "C:\laragon\www\dapokalsel\sekolah\import_url_kabupaten.pyw", line 92, in setup_driver
    driver = uc.Chrome(
  File "C:\laragon\bin\python\python-3.10\lib\site-packages\undetected_chromedriver\__init__.py", line 372, in __init__
    options.binary_location = (
  File "C:\laragon\bin\python\python-3.10\lib\site-packages\selenium\webdriver\chromium\options.py", line 52, in binary_location
    raise TypeError(self.BINARY_LOCATION_ERROR)
TypeError: Binary Location Must be a String
2025-10-26 20:58:42,361 - ERROR - Error on attempt 71: Failed to setup driver
Traceback (most recent call last):
  File "C:\laragon\www\dapokalsel\sekolah\import_url_kabupaten.pyw", line 388, in process_url_induk
    raise Exception("Failed to setup driver")
Exception: Failed to setup driver
2025-10-26 20:58:42,361 - INFO - Retry attempt 72/300...
2025-10-26 20:58:57,361 - INFO - Setting up Chrome driver...
2025-10-26 20:58:57,361 - INFO - Using profile directory: C:\laragon\www\dapokalsel\chrome_profile
2025-10-26 20:58:57,361 - INFO - Initializing undetected Chrome driver...
2025-10-26 20:59:01,193 - ERROR - Failed to setup driver: [WinError 183] Cannot create a file when that file already exists: 'C:\\laragon\\www\\dapokalsel\\sekolah\\~\\appdata\\roaming\\undetected_chromedriver\\undetected\\chromedriver-win32\\chromedriver.exe' -> 'C:\\laragon\\www\\dapokalsel\\sekolah\\~\\appdata\\roaming\\undetected_chromedriver\\undetected_chromedriver.exe'
Traceback (most recent call last):
  File "C:\laragon\www\dapokalsel\sekolah\import_url_kabupaten.pyw", line 92, in setup_driver
    driver = uc.Chrome(
  File "C:\laragon\bin\python\python-3.10\lib\site-packages\undetected_chromedriver\__init__.py", line 258, in __init__
    self.patcher.auto()
  File "C:\laragon\bin\python\python-3.10\lib\site-packages\undetected_chromedriver\patcher.py", line 178, in auto
    self.unzip_package(self.fetch_package())
  File "C:\laragon\bin\python\python-3.10\lib\site-packages\undetected_chromedriver\patcher.py", line 310, in unzip_package
    os.rename(os.path.join(self.zip_path, exe_path), self.executable_path)
FileExistsError: [WinError 183] Cannot create a file when that file already exists: 'C:\\laragon\\www\\dapokalsel\\sekolah\\~\\appdata\\roaming\\undetected_chromedriver\\undetected\\chromedriver-win32\\chromedriver.exe' -> 'C:\\laragon\\www\\dapokalsel\\sekolah\\~\\appdata\\roaming\\undetected_chromedriver\\undetected_chromedriver.exe'
2025-10-26 20:59:01,193 - ERROR - Error on attempt 72: Failed to setup driver
Traceback (most recent call last):
  File "C:\laragon\www\dapokalsel\sekolah\import_url_kabupaten.pyw", line 388, in process_url_induk
    raise Exception("Failed to setup driver")
Exception: Failed to setup driver
2025-10-26 20:59:01,193 - INFO - Retry attempt 73/300...
2025-10-26 20:59:16,194 - INFO - Setting up Chrome driver...
2025-10-26 20:59:16,194 - INFO - Using profile directory: C:\laragon\www\dapokalsel\chrome_profile
2025-10-26 20:59:16,194 - INFO - Initializing undetected Chrome driver...
2025-10-26 20:59:20,487 - ERROR - Failed to setup driver: [WinError 183] Cannot create a file when that file already exists: 'C:\\laragon\\www\\dapokalsel\\sekolah\\~\\appdata\\roaming\\undetected_chromedriver\\undetected\\chromedriver-win32\\chromedriver.exe' -> 'C:\\laragon\\www\\dapokalsel\\sekolah\\~\\appdata\\roaming\\undetected_chromedriver\\undetected_chromedriver.exe'
Traceback (most recent call last):
  File "C:\laragon\www\dapokalsel\sekolah\import_url_kabupaten.pyw", line 92, in setup_driver
    driver = uc.Chrome(
  File "C:\laragon\bin\python\python-3.10\lib\site-packages\undetected_chromedriver\__init__.py", line 258, in __init__
    self.patcher.auto()
  File "C:\laragon\bin\python\python-3.10\lib\site-packages\undetected_chromedriver\patcher.py", line 178, in auto
    self.unzip_package(self.fetch_package())
  File "C:\laragon\bin\python\python-3.10\lib\site-packages\undetected_chromedriver\patcher.py", line 310, in unzip_package
    os.rename(os.path.join(self.zip_path, exe_path), self.executable_path)
FileExistsError: [WinError 183] Cannot create a file when that file already exists: 'C:\\laragon\\www\\dapokalsel\\sekolah\\~\\appdata\\roaming\\undetected_chromedriver\\undetected\\chromedriver-win32\\chromedriver.exe' -> 'C:\\laragon\\www\\dapokalsel\\sekolah\\~\\appdata\\roaming\\undetected_chromedriver\\undetected_chromedriver.exe'
2025-10-26 20:59:20,488 - ERROR - Error on attempt 73: Failed to setup driver
Traceback (most recent call last):
  File "C:\laragon\www\dapokalsel\sekolah\import_url_kabupaten.pyw", line 388, in process_url_induk
    raise Exception("Failed to setup driver")
Exception: Failed to setup driver
2025-10-26 20:59:20,488 - INFO - Retry attempt 74/300...
2025-10-26 20:59:35,490 - INFO - Setting up Chrome driver...
2025-10-26 20:59:35,499 - INFO - Using profile directory: C:\laragon\www\dapokalsel\chrome_profile
2025-10-26 20:59:35,499 - INFO - Initializing undetected Chrome driver...
2025-10-26 20:59:43,426 - ERROR - Failed to setup driver: [WinError 183] Cannot create a file when that file already exists: 'C:\\laragon\\www\\dapokalsel\\sekolah\\~\\appdata\\roaming\\undetected_chromedriver\\undetected\\chromedriver-win32\\chromedriver.exe' -> 'C:\\laragon\\www\\dapokalsel\\sekolah\\~\\appdata\\roaming\\undetected_chromedriver\\undetected_chromedriver.exe'
Traceback (most recent call last):
  File "C:\laragon\www\dapokalsel\sekolah\import_url_kabupaten.pyw", line 92, in setup_driver
    driver = uc.Chrome(
  File "C:\laragon\bin\python\python-3.10\lib\site-packages\undetected_chromedriver\__init__.py", line 258, in __init__
    self.patcher.auto()
  File "C:\laragon\bin\python\python-3.10\lib\site-packages\undetected_chromedriver\patcher.py", line 178, in auto
    self.unzip_package(self.fetch_package())
  File "C:\laragon\bin\python\python-3.10\lib\site-packages\undetected_chromedriver\patcher.py", line 310, in unzip_package
    os.rename(os.path.join(self.zip_path, exe_path), self.executable_path)
FileExistsError: [WinError 183] Cannot create a file when that file already exists: 'C:\\laragon\\www\\dapokalsel\\sekolah\\~\\appdata\\roaming\\undetected_chromedriver\\undetected\\chromedriver-win32\\chromedriver.exe' -> 'C:\\laragon\\www\\dapokalsel\\sekolah\\~\\appdata\\roaming\\undetected_chromedriver\\undetected_chromedriver.exe'
2025-10-26 20:59:43,427 - ERROR - Error on attempt 74: Failed to setup driver
Traceback (most recent call last):
  File "C:\laragon\www\dapokalsel\sekolah\import_url_kabupaten.pyw", line 388, in process_url_induk
    raise Exception("Failed to setup driver")
Exception: Failed to setup driver
2025-10-26 20:59:43,427 - INFO - Retry attempt 75/300...
2025-10-26 20:59:58,439 - INFO - Setting up Chrome driver...
2025-10-26 20:59:58,439 - INFO - Using profile directory: C:\laragon\www\dapokalsel\chrome_profile
2025-10-26 20:59:58,439 - INFO - Initializing undetected Chrome driver...
2025-10-26 21:00:02,136 - INFO - patching driver executable C:\laragon\www\dapokalsel\sekolah\~\appdata\roaming\undetected_chromedriver\undetected_chromedriver.exe
2025-10-26 21:00:02,213 - ERROR - Failed to setup driver: Binary Location Must be a String
Traceback (most recent call last):
  File "C:\laragon\www\dapokalsel\sekolah\import_url_kabupaten.pyw", line 92, in setup_driver
    driver = uc.Chrome(
  File "C:\laragon\bin\python\python-3.10\lib\site-packages\undetected_chromedriver\__init__.py", line 372, in __init__
    options.binary_location = (
  File "C:\laragon\bin\python\python-3.10\lib\site-packages\selenium\webdriver\chromium\options.py", line 52, in binary_location
    raise TypeError(self.BINARY_LOCATION_ERROR)
TypeError: Binary Location Must be a String
2025-10-26 21:00:02,214 - ERROR - Error on attempt 75: Failed to setup driver
Traceback (most recent call last):
  File "C:\laragon\www\dapokalsel\sekolah\import_url_kabupaten.pyw", line 388, in process_url_induk
    raise Exception("Failed to setup driver")
Exception: Failed to setup driver
2025-10-26 21:00:02,214 - INFO - Retry attempt 76/300...
2025-10-26 21:00:17,214 - INFO - Setting up Chrome driver...
2025-10-26 21:00:17,214 - INFO - Using profile directory: C:\laragon\www\dapokalsel\chrome_profile
2025-10-26 21:00:17,214 - INFO - Initializing undetected Chrome driver...
2025-10-26 21:00:20,887 - INFO - patching driver executable C:\laragon\www\dapokalsel\sekolah\~\appdata\roaming\undetected_chromedriver\undetected_chromedriver.exe
2025-10-26 21:00:20,970 - ERROR - Failed to setup driver: Binary Location Must be a String
Traceback (most recent call last):
  File "C:\laragon\www\dapokalsel\sekolah\import_url_kabupaten.pyw", line 92, in setup_driver
    driver = uc.Chrome(
  File "C:\laragon\bin\python\python-3.10\lib\site-packages\undetected_chromedriver\__init__.py", line 372, in __init__
    options.binary_location = (
  File "C:\laragon\bin\python\python-3.10\lib\site-packages\selenium\webdriver\chromium\options.py", line 52, in binary_location
    raise TypeError(self.BINARY_LOCATION_ERROR)
TypeError: Binary Location Must be a String
2025-10-26 21:00:20,970 - ERROR - Error on attempt 76: Failed to setup driver
Traceback (most recent call last):
  File "C:\laragon\www\dapokalsel\sekolah\import_url_kabupaten.pyw", line 388, in process_url_induk
    raise Exception("Failed to setup driver")
Exception: Failed to setup driver
2025-10-26 21:00:20,970 - INFO - Retry attempt 77/300...
2025-10-26 21:00:35,971 - INFO - Setting up Chrome driver...
2025-10-26 21:00:35,971 - INFO - Using profile directory: C:\laragon\www\dapokalsel\chrome_profile
2025-10-26 21:00:35,971 - INFO - Initializing undetected Chrome driver...
2025-10-26 21:00:39,286 - INFO - patching driver executable C:\laragon\www\dapokalsel\sekolah\~\appdata\roaming\undetected_chromedriver\undetected_chromedriver.exe
2025-10-26 21:00:39,408 - ERROR - Failed to setup driver: Binary Location Must be a String
Traceback (most recent call last):
  File "C:\laragon\www\dapokalsel\sekolah\import_url_kabupaten.pyw", line 92, in setup_driver
    driver = uc.Chrome(
  File "C:\laragon\bin\python\python-3.10\lib\site-packages\undetected_chromedriver\__init__.py", line 372, in __init__
    options.binary_location = (
  File "C:\laragon\bin\python\python-3.10\lib\site-packages\selenium\webdriver\chromium\options.py", line 52, in binary_location
    raise TypeError(self.BINARY_LOCATION_ERROR)
TypeError: Binary Location Must be a String
2025-10-26 21:00:39,409 - ERROR - Error on attempt 77: Failed to setup driver
Traceback (most recent call last):
  File "C:\laragon\www\dapokalsel\sekolah\import_url_kabupaten.pyw", line 388, in process_url_induk
    raise Exception("Failed to setup driver")
Exception: Failed to setup driver
2025-10-26 21:00:39,409 - INFO - Retry attempt 78/300...
2025-10-26 21:00:54,418 - INFO - Setting up Chrome driver...
2025-10-26 21:00:54,421 - INFO - Using profile directory: C:\laragon\www\dapokalsel\chrome_profile
2025-10-26 21:00:54,421 - INFO - Initializing undetected Chrome driver...
2025-10-26 21:01:01,155 - ERROR - Failed to setup driver: [WinError 183] Cannot create a file when that file already exists: 'C:\\laragon\\www\\dapokalsel\\sekolah\\~\\appdata\\roaming\\undetected_chromedriver\\undetected\\chromedriver-win32\\chromedriver.exe' -> 'C:\\laragon\\www\\dapokalsel\\sekolah\\~\\appdata\\roaming\\undetected_chromedriver\\undetected_chromedriver.exe'
Traceback (most recent call last):
  File "C:\laragon\www\dapokalsel\sekolah\import_url_kabupaten.pyw", line 92, in setup_driver
    temp_dir = tempfile.gettempdir()
  File "C:\laragon\bin\python\python-3.10\lib\site-packages\undetected_chromedriver\__init__.py", line 258, in __init__
    self.patcher.auto()
  File "C:\laragon\bin\python\python-3.10\lib\site-packages\undetected_chromedriver\patcher.py", line 178, in auto
    self.unzip_package(self.fetch_package())
  File "C:\laragon\bin\python\python-3.10\lib\site-packages\undetected_chromedriver\patcher.py", line 310, in unzip_package
    os.rename(os.path.join(self.zip_path, exe_path), self.executable_path)
FileExistsError: [WinError 183] Cannot create a file when that file already exists: 'C:\\laragon\\www\\dapokalsel\\sekolah\\~\\appdata\\roaming\\undetected_chromedriver\\undetected\\chromedriver-win32\\chromedriver.exe' -> 'C:\\laragon\\www\\dapokalsel\\sekolah\\~\\appdata\\roaming\\undetected_chromedriver\\undetected_chromedriver.exe'
2025-10-26 21:01:01,157 - ERROR - Error on attempt 78: Failed to setup driver
Traceback (most recent call last):
  File "C:\laragon\www\dapokalsel\sekolah\import_url_kabupaten.pyw", line 388, in process_url_induk
    logger.warning(f"Row {idx} missing data: kode={kode}, nama={nama}, url={full_url}")
Exception: Failed to setup driver
2025-10-26 21:01:01,157 - INFO - Retry attempt 79/300...
2025-10-26 21:01:16,170 - INFO - Setting up Chrome driver...
2025-10-26 21:01:16,172 - INFO - Using profile directory: C:\laragon\www\dapokalsel\chrome_profile
2025-10-26 21:01:16,172 - INFO - Initializing undetected Chrome driver...
2025-10-26 21:01:21,769 - INFO - patching driver executable C:\laragon\www\dapokalsel\sekolah\~\appdata\roaming\undetected_chromedriver\undetected_chromedriver.exe
2025-10-26 21:01:21,854 - ERROR - Failed to setup driver: Binary Location Must be a String
Traceback (most recent call last):
  File "C:\laragon\www\dapokalsel\sekolah\import_url_kabupaten.pyw", line 92, in setup_driver
    temp_dir = tempfile.gettempdir()
  File "C:\laragon\bin\python\python-3.10\lib\site-packages\undetected_chromedriver\__init__.py", line 372, in __init__
    options.binary_location = (
  File "C:\laragon\bin\python\python-3.10\lib\site-packages\selenium\webdriver\chromium\options.py", line 52, in binary_location
    raise TypeError(self.BINARY_LOCATION_ERROR)
TypeError: Binary Location Must be a String
2025-10-26 21:01:21,854 - ERROR - Error on attempt 79: Failed to setup driver
Traceback (most recent call last):
  File "C:\laragon\www\dapokalsel\sekolah\import_url_kabupaten.pyw", line 388, in process_url_induk
    logger.warning(f"Row {idx} missing data: kode={kode}, nama={nama}, url={full_url}")
Exception: Failed to setup driver
2025-10-26 21:01:21,854 - INFO - Retry attempt 80/300...
2025-10-26 21:01:36,854 - INFO - Setting up Chrome driver...
2025-10-26 21:01:36,855 - INFO - Using profile directory: C:\laragon\www\dapokalsel\chrome_profile
2025-10-26 21:01:36,855 - INFO - Initializing undetected Chrome driver...
2025-10-26 21:01:40,111 - INFO - patching driver executable C:\laragon\www\dapokalsel\sekolah\~\appdata\roaming\undetected_chromedriver\undetected_chromedriver.exe
2025-10-26 21:01:40,185 - ERROR - Failed to setup driver: Binary Location Must be a String
Traceback (most recent call last):
  File "C:\laragon\www\dapokalsel\sekolah\import_url_kabupaten.pyw", line 92, in setup_driver
    temp_dir = tempfile.gettempdir()
  File "C:\laragon\bin\python\python-3.10\lib\site-packages\undetected_chromedriver\__init__.py", line 372, in __init__
    options.binary_location = (
  File "C:\laragon\bin\python\python-3.10\lib\site-packages\selenium\webdriver\chromium\options.py", line 52, in binary_location
    raise TypeError(self.BINARY_LOCATION_ERROR)
TypeError: Binary Location Must be a String
2025-10-26 21:01:40,185 - ERROR - Error on attempt 80: Failed to setup driver
Traceback (most recent call last):
  File "C:\laragon\www\dapokalsel\sekolah\import_url_kabupaten.pyw", line 388, in process_url_induk
    logger.warning(f"Row {idx} missing data: kode={kode}, nama={nama}, url={full_url}")
Exception: Failed to setup driver
2025-10-26 21:01:40,185 - INFO - Retry attempt 81/300...
2025-10-26 21:01:55,185 - INFO - Setting up Chrome driver...
2025-10-26 21:01:55,186 - INFO - Using profile directory: C:\laragon\www\dapokalsel\chrome_profile
2025-10-26 21:01:55,188 - INFO - Initializing undetected Chrome driver...
2025-10-26 21:02:03,217 - INFO - patching driver executable C:\laragon\www\dapokalsel\sekolah\~\appdata\roaming\undetected_chromedriver\undetected_chromedriver.exe
2025-10-26 21:02:03,300 - ERROR - Failed to setup driver: Binary Location Must be a String
Traceback (most recent call last):
  File "C:\laragon\www\dapokalsel\sekolah\import_url_kabupaten.pyw", line 92, in setup_driver
    temp_dir = tempfile.gettempdir()
  File "C:\laragon\bin\python\python-3.10\lib\site-packages\undetected_chromedriver\__init__.py", line 372, in __init__
    options.binary_location = (
  File "C:\laragon\bin\python\python-3.10\lib\site-packages\selenium\webdriver\chromium\options.py", line 52, in binary_location
    raise TypeError(self.BINARY_LOCATION_ERROR)
TypeError: Binary Location Must be a String
2025-10-26 21:02:03,300 - ERROR - Error on attempt 81: Failed to setup driver
Traceback (most recent call last):
  File "C:\laragon\www\dapokalsel\sekolah\import_url_kabupaten.pyw", line 388, in process_url_induk
    logger.warning(f"Row {idx} missing data: kode={kode}, nama={nama}, url={full_url}")
Exception: Failed to setup driver
2025-10-26 21:02:03,300 - INFO - Retry attempt 82/300...
2025-10-26 21:02:18,301 - INFO - Setting up Chrome driver...
2025-10-26 21:02:18,303 - INFO - Using profile directory: C:\laragon\www\dapokalsel\chrome_profile
2025-10-26 21:02:18,304 - INFO - Initializing undetected Chrome driver...
2025-10-26 21:03:59,810 - ERROR - Failed to setup driver: [WinError 183] Cannot create a file when that file already exists: 'C:\\laragon\\www\\dapokalsel\\sekolah\\~\\appdata\\roaming\\undetected_chromedriver\\undetected\\chromedriver-win32\\chromedriver.exe' -> 'C:\\laragon\\www\\dapokalsel\\sekolah\\~\\appdata\\roaming\\undetected_chromedriver\\undetected_chromedriver.exe'
Traceback (most recent call last):
  File "C:\laragon\www\dapokalsel\sekolah\import_url_kabupaten.pyw", line 92, in setup_driver
    temp_dir = tempfile.gettempdir()
  File "C:\laragon\bin\python\python-3.10\lib\site-packages\undetected_chromedriver\__init__.py", line 258, in __init__
    self.patcher.auto()
  File "C:\laragon\bin\python\python-3.10\lib\site-packages\undetected_chromedriver\patcher.py", line 178, in auto
    self.unzip_package(self.fetch_package())
  File "C:\laragon\bin\python\python-3.10\lib\site-packages\undetected_chromedriver\patcher.py", line 310, in unzip_package
    os.rename(os.path.join(self.zip_path, exe_path), self.executable_path)
FileExistsError: [WinError 183] Cannot create a file when that file already exists: 'C:\\laragon\\www\\dapokalsel\\sekolah\\~\\appdata\\roaming\\undetected_chromedriver\\undetected\\chromedriver-win32\\chromedriver.exe' -> 'C:\\laragon\\www\\dapokalsel\\sekolah\\~\\appdata\\roaming\\undetected_chromedriver\\undetected_chromedriver.exe'
2025-10-26 21:03:59,810 - ERROR - Error on attempt 82: Failed to setup driver
Traceback (most recent call last):
  File "C:\laragon\www\dapokalsel\sekolah\import_url_kabupaten.pyw", line 388, in process_url_induk
    logger.warning(f"Row {idx} missing data: kode={kode}, nama={nama}, url={full_url}")
Exception: Failed to setup driver
2025-10-26 21:03:59,810 - INFO - Retry attempt 83/300...
2025-10-26 21:04:14,811 - INFO - Setting up Chrome driver...
2025-10-26 21:04:14,811 - INFO - Using profile directory: C:\laragon\www\dapokalsel\chrome_profile
2025-10-26 21:04:14,811 - INFO - Initializing undetected Chrome driver...
2025-10-26 21:04:23,726 - INFO - patching driver executable C:\laragon\www\dapokalsel\sekolah\~\appdata\roaming\undetected_chromedriver\undetected_chromedriver.exe
2025-10-26 21:04:23,809 - ERROR - Failed to setup driver: Binary Location Must be a String
Traceback (most recent call last):
  File "C:\laragon\www\dapokalsel\sekolah\import_url_kabupaten.pyw", line 92, in setup_driver
    temp_dir = tempfile.gettempdir()
  File "C:\laragon\bin\python\python-3.10\lib\site-packages\undetected_chromedriver\__init__.py", line 372, in __init__
    options.binary_location = (
  File "C:\laragon\bin\python\python-3.10\lib\site-packages\selenium\webdriver\chromium\options.py", line 52, in binary_location
    raise TypeError(self.BINARY_LOCATION_ERROR)
TypeError: Binary Location Must be a String
2025-10-26 21:04:23,809 - ERROR - Error on attempt 83: Failed to setup driver
Traceback (most recent call last):
  File "C:\laragon\www\dapokalsel\sekolah\import_url_kabupaten.pyw", line 388, in process_url_induk
    logger.warning(f"Row {idx} missing data: kode={kode}, nama={nama}, url={full_url}")
Exception: Failed to setup driver
2025-10-26 21:04:23,809 - INFO - Retry attempt 84/300...
2025-10-26 21:04:38,814 - INFO - Setting up Chrome driver...
2025-10-26 21:04:38,814 - INFO - Using profile directory: C:\laragon\www\dapokalsel\chrome_profile
2025-10-26 21:04:38,814 - INFO - Initializing undetected Chrome driver...
2025-10-26 21:04:48,049 - INFO - patching driver executable C:\laragon\www\dapokalsel\sekolah\~\appdata\roaming\undetected_chromedriver\undetected_chromedriver.exe
2025-10-26 21:04:48,142 - ERROR - Failed to setup driver: Binary Location Must be a String
Traceback (most recent call last):
  File "C:\laragon\www\dapokalsel\sekolah\import_url_kabupaten.pyw", line 92, in setup_driver
    temp_dir = tempfile.gettempdir()
  File "C:\laragon\bin\python\python-3.10\lib\site-packages\undetected_chromedriver\__init__.py", line 372, in __init__
    options.binary_location = (
  File "C:\laragon\bin\python\python-3.10\lib\site-packages\selenium\webdriver\chromium\options.py", line 52, in binary_location
    raise TypeError(self.BINARY_LOCATION_ERROR)
TypeError: Binary Location Must be a String
2025-10-26 21:04:48,142 - ERROR - Error on attempt 84: Failed to setup driver
Traceback (most recent call last):
  File "C:\laragon\www\dapokalsel\sekolah\import_url_kabupaten.pyw", line 388, in process_url_induk
    logger.warning(f"Row {idx} missing data: kode={kode}, nama={nama}, url={full_url}")
Exception: Failed to setup driver
2025-10-26 21:04:48,142 - INFO - Retry attempt 85/300...
2025-10-26 21:05:03,143 - INFO - Setting up Chrome driver...
2025-10-26 21:05:03,143 - INFO - Using profile directory: C:\laragon\www\dapokalsel\chrome_profile
2025-10-26 21:05:03,143 - INFO - Initializing undetected Chrome driver...
2025-10-26 21:05:07,603 - INFO - patching driver executable C:\laragon\www\dapokalsel\sekolah\~\appdata\roaming\undetected_chromedriver\undetected_chromedriver.exe
2025-10-26 21:05:07,697 - ERROR - Failed to setup driver: Binary Location Must be a String
Traceback (most recent call last):
  File "C:\laragon\www\dapokalsel\sekolah\import_url_kabupaten.pyw", line 92, in setup_driver
    temp_dir = tempfile.gettempdir()
  File "C:\laragon\bin\python\python-3.10\lib\site-packages\undetected_chromedriver\__init__.py", line 372, in __init__
    options.binary_location = (
  File "C:\laragon\bin\python\python-3.10\lib\site-packages\selenium\webdriver\chromium\options.py", line 52, in binary_location
    raise TypeError(self.BINARY_LOCATION_ERROR)
TypeError: Binary Location Must be a String
2025-10-26 21:05:07,697 - ERROR - Error on attempt 85: Failed to setup driver
Traceback (most recent call last):
  File "C:\laragon\www\dapokalsel\sekolah\import_url_kabupaten.pyw", line 388, in process_url_induk
    logger.warning(f"Row {idx} missing data: kode={kode}, nama={nama}, url={full_url}")
Exception: Failed to setup driver
2025-10-26 21:05:07,697 - INFO - Retry attempt 86/300...
2025-10-26 21:05:22,706 - INFO - Setting up Chrome driver...
2025-10-26 21:05:22,706 - INFO - Using profile directory: C:\laragon\www\dapokalsel\chrome_profile
2025-10-26 21:05:22,706 - INFO - Initializing undetected Chrome driver...
2025-10-26 21:05:28,202 - ERROR - Failed to setup driver: [WinError 183] Cannot create a file when that file already exists: 'C:\\laragon\\www\\dapokalsel\\sekolah\\~\\appdata\\roaming\\undetected_chromedriver\\undetected\\chromedriver-win32\\chromedriver.exe' -> 'C:\\laragon\\www\\dapokalsel\\sekolah\\~\\appdata\\roaming\\undetected_chromedriver\\undetected_chromedriver.exe'
Traceback (most recent call last):
  File "C:\laragon\www\dapokalsel\sekolah\import_url_kabupaten.pyw", line 92, in setup_driver
    temp_dir = tempfile.gettempdir()
  File "C:\laragon\bin\python\python-3.10\lib\site-packages\undetected_chromedriver\__init__.py", line 258, in __init__
    self.patcher.auto()
  File "C:\laragon\bin\python\python-3.10\lib\site-packages\undetected_chromedriver\patcher.py", line 178, in auto
    self.unzip_package(self.fetch_package())
  File "C:\laragon\bin\python\python-3.10\lib\site-packages\undetected_chromedriver\patcher.py", line 310, in unzip_package
    os.rename(os.path.join(self.zip_path, exe_path), self.executable_path)
FileExistsError: [WinError 183] Cannot create a file when that file already exists: 'C:\\laragon\\www\\dapokalsel\\sekolah\\~\\appdata\\roaming\\undetected_chromedriver\\undetected\\chromedriver-win32\\chromedriver.exe' -> 'C:\\laragon\\www\\dapokalsel\\sekolah\\~\\appdata\\roaming\\undetected_chromedriver\\undetected_chromedriver.exe'
2025-10-26 21:05:28,202 - ERROR - Error on attempt 86: Failed to setup driver
Traceback (most recent call last):
  File "C:\laragon\www\dapokalsel\sekolah\import_url_kabupaten.pyw", line 388, in process_url_induk
    logger.warning(f"Row {idx} missing data: kode={kode}, nama={nama}, url={full_url}")
Exception: Failed to setup driver
2025-10-26 21:05:28,202 - INFO - Retry attempt 87/300...
2025-10-26 21:05:43,203 - INFO - Setting up Chrome driver...
2025-10-26 21:05:43,204 - INFO - Using profile directory: C:\laragon\www\dapokalsel\chrome_profile
2025-10-26 21:05:43,204 - INFO - Initializing undetected Chrome driver...
2025-10-26 21:05:49,717 - ERROR - Failed to setup driver: [WinError 183] Cannot create a file when that file already exists: 'C:\\laragon\\www\\dapokalsel\\sekolah\\~\\appdata\\roaming\\undetected_chromedriver\\undetected\\chromedriver-win32\\chromedriver.exe' -> 'C:\\laragon\\www\\dapokalsel\\sekolah\\~\\appdata\\roaming\\undetected_chromedriver\\undetected_chromedriver.exe'
Traceback (most recent call last):
  File "C:\laragon\www\dapokalsel\sekolah\import_url_kabupaten.pyw", line 92, in setup_driver
    temp_dir = tempfile.gettempdir()
  File "C:\laragon\bin\python\python-3.10\lib\site-packages\undetected_chromedriver\__init__.py", line 258, in __init__
    self.patcher.auto()
  File "C:\laragon\bin\python\python-3.10\lib\site-packages\undetected_chromedriver\patcher.py", line 178, in auto
    self.unzip_package(self.fetch_package())
  File "C:\laragon\bin\python\python-3.10\lib\site-packages\undetected_chromedriver\patcher.py", line 310, in unzip_package
    os.rename(os.path.join(self.zip_path, exe_path), self.executable_path)
FileExistsError: [WinError 183] Cannot create a file when that file already exists: 'C:\\laragon\\www\\dapokalsel\\sekolah\\~\\appdata\\roaming\\undetected_chromedriver\\undetected\\chromedriver-win32\\chromedriver.exe' -> 'C:\\laragon\\www\\dapokalsel\\sekolah\\~\\appdata\\roaming\\undetected_chromedriver\\undetected_chromedriver.exe'
2025-10-26 21:05:49,883 - ERROR - Error on attempt 87: Failed to setup driver
Traceback (most recent call last):
  File "C:\laragon\www\dapokalsel\sekolah\import_url_kabupaten.pyw", line 388, in process_url_induk
    logger.warning(f"Row {idx} missing data: kode={kode}, nama={nama}, url={full_url}")
Exception: Failed to setup driver
2025-10-26 21:05:49,883 - INFO - Retry attempt 88/300...
2025-10-26 21:06:04,884 - INFO - Setting up Chrome driver...
2025-10-26 21:06:04,888 - INFO - Using profile directory: C:\laragon\www\dapokalsel\chrome_profile
2025-10-26 21:06:04,888 - INFO - Initializing undetected Chrome driver...
2025-10-26 21:06:17,008 - ERROR - Failed to setup driver: [WinError 183] Cannot create a file when that file already exists: 'C:\\laragon\\www\\dapokalsel\\sekolah\\~\\appdata\\roaming\\undetected_chromedriver\\undetected\\chromedriver-win32\\chromedriver.exe' -> 'C:\\laragon\\www\\dapokalsel\\sekolah\\~\\appdata\\roaming\\undetected_chromedriver\\undetected_chromedriver.exe'
Traceback (most recent call last):
  File "C:\laragon\www\dapokalsel\sekolah\import_url_kabupaten.pyw", line 92, in setup_driver
    temp_dir = tempfile.gettempdir()
  File "C:\laragon\bin\python\python-3.10\lib\site-packages\undetected_chromedriver\__init__.py", line 258, in __init__
    self.patcher.auto()
  File "C:\laragon\bin\python\python-3.10\lib\site-packages\undetected_chromedriver\patcher.py", line 178, in auto
    self.unzip_package(self.fetch_package())
  File "C:\laragon\bin\python\python-3.10\lib\site-packages\undetected_chromedriver\patcher.py", line 310, in unzip_package
    os.rename(os.path.join(self.zip_path, exe_path), self.executable_path)
FileExistsError: [WinError 183] Cannot create a file when that file already exists: 'C:\\laragon\\www\\dapokalsel\\sekolah\\~\\appdata\\roaming\\undetected_chromedriver\\undetected\\chromedriver-win32\\chromedriver.exe' -> 'C:\\laragon\\www\\dapokalsel\\sekolah\\~\\appdata\\roaming\\undetected_chromedriver\\undetected_chromedriver.exe'
2025-10-26 21:06:17,010 - ERROR - Error on attempt 88: Failed to setup driver
Traceback (most recent call last):
  File "C:\laragon\www\dapokalsel\sekolah\import_url_kabupaten.pyw", line 388, in process_url_induk
    logger.warning(f"Row {idx} missing data: kode={kode}, nama={nama}, url={full_url}")
Exception: Failed to setup driver
2025-10-26 21:06:17,010 - INFO - Retry attempt 89/300...
2025-10-26 21:06:32,011 - INFO - Setting up Chrome driver...
2025-10-26 21:06:35,947 - INFO - Using profile directory: C:\laragon\www\dapokalsel\chrome_profile
2025-10-26 21:06:35,948 - INFO - Initializing undetected Chrome driver...
2025-10-26 21:09:25,465 - ERROR - Failed to setup driver: [WinError 32] The process cannot access the file because it is being used by another process: 'C:\\laragon\\www\\dapokalsel\\sekolah\\~\\appdata\\roaming\\undetected_chromedriver\\undetected\\chromedriver-win32\\chromedriver.exe' -> 'C:\\laragon\\www\\dapokalsel\\sekolah\\~\\appdata\\roaming\\undetected_chromedriver\\undetected_chromedriver.exe'
Traceback (most recent call last):
  File "C:\laragon\www\dapokalsel\sekolah\import_url_kabupaten.pyw", line 92, in setup_driver
    temp_dir = tempfile.gettempdir()
  File "C:\laragon\bin\python\python-3.10\lib\site-packages\undetected_chromedriver\__init__.py", line 258, in __init__
    self.patcher.auto()
  File "C:\laragon\bin\python\python-3.10\lib\site-packages\undetected_chromedriver\patcher.py", line 178, in auto
    self.unzip_package(self.fetch_package())
  File "C:\laragon\bin\python\python-3.10\lib\site-packages\undetected_chromedriver\patcher.py", line 310, in unzip_package
    os.rename(os.path.join(self.zip_path, exe_path), self.executable_path)
PermissionError: [WinError 32] The process cannot access the file because it is being used by another process: 'C:\\laragon\\www\\dapokalsel\\sekolah\\~\\appdata\\roaming\\undetected_chromedriver\\undetected\\chromedriver-win32\\chromedriver.exe' -> 'C:\\laragon\\www\\dapokalsel\\sekolah\\~\\appdata\\roaming\\undetected_chromedriver\\undetected_chromedriver.exe'
2025-10-26 21:09:25,836 - ERROR - Error on attempt 89: Failed to setup driver
Traceback (most recent call last):
  File "C:\laragon\www\dapokalsel\sekolah\import_url_kabupaten.pyw", line 388, in process_url_induk
    logger.warning(f"Row {idx} missing data: kode={kode}, nama={nama}, url={full_url}")
Exception: Failed to setup driver
2025-10-26 21:09:26,162 - INFO - Retry attempt 90/300...
2025-10-26 21:09:41,162 - INFO - Setting up Chrome driver...
2025-10-26 21:09:41,417 - INFO - Using profile directory: C:\laragon\www\dapokalsel\chrome_profile
2025-10-26 21:09:41,417 - INFO - Initializing undetected Chrome driver...
2025-10-26 21:09:53,946 - ERROR - Failed to setup driver: [WinError 32] The process cannot access the file because it is being used by another process: 'C:\\laragon\\www\\dapokalsel\\sekolah\\~\\appdata\\roaming\\undetected_chromedriver\\undetected\\chromedriver-win32\\chromedriver.exe' -> 'C:\\laragon\\www\\dapokalsel\\sekolah\\~\\appdata\\roaming\\undetected_chromedriver\\undetected_chromedriver.exe'
Traceback (most recent call last):
  File "C:\laragon\www\dapokalsel\sekolah\import_url_kabupaten.pyw", line 92, in setup_driver
    temp_dir = tempfile.gettempdir()
  File "C:\laragon\bin\python\python-3.10\lib\site-packages\undetected_chromedriver\__init__.py", line 258, in __init__
    self.patcher.auto()
  File "C:\laragon\bin\python\python-3.10\lib\site-packages\undetected_chromedriver\patcher.py", line 178, in auto
    self.unzip_package(self.fetch_package())
  File "C:\laragon\bin\python\python-3.10\lib\site-packages\undetected_chromedriver\patcher.py", line 310, in unzip_package
    os.rename(os.path.join(self.zip_path, exe_path), self.executable_path)
PermissionError: [WinError 32] The process cannot access the file because it is being used by another process: 'C:\\laragon\\www\\dapokalsel\\sekolah\\~\\appdata\\roaming\\undetected_chromedriver\\undetected\\chromedriver-win32\\chromedriver.exe' -> 'C:\\laragon\\www\\dapokalsel\\sekolah\\~\\appdata\\roaming\\undetected_chromedriver\\undetected_chromedriver.exe'
2025-10-26 21:09:53,947 - ERROR - Error on attempt 90: Failed to setup driver
Traceback (most recent call last):
  File "C:\laragon\www\dapokalsel\sekolah\import_url_kabupaten.pyw", line 388, in process_url_induk
    logger.warning(f"Row {idx} missing data: kode={kode}, nama={nama}, url={full_url}")
Exception: Failed to setup driver
2025-10-26 21:09:53,949 - INFO - Retry attempt 91/300...
2025-10-26 21:10:08,950 - INFO - Setting up Chrome driver...
2025-10-26 21:10:08,951 - INFO - Using profile directory: C:\laragon\www\dapokalsel\chrome_profile
2025-10-26 21:10:08,951 - INFO - Initializing undetected Chrome driver...
2025-10-26 21:10:17,527 - ERROR - Failed to setup driver: [WinError 183] Cannot create a file when that file already exists: 'C:\\laragon\\www\\dapokalsel\\sekolah\\~\\appdata\\roaming\\undetected_chromedriver\\undetected\\chromedriver-win32\\chromedriver.exe' -> 'C:\\laragon\\www\\dapokalsel\\sekolah\\~\\appdata\\roaming\\undetected_chromedriver\\undetected_chromedriver.exe'
Traceback (most recent call last):
  File "C:\laragon\www\dapokalsel\sekolah\import_url_kabupaten.pyw", line 92, in setup_driver
    temp_dir = tempfile.gettempdir()
  File "C:\laragon\bin\python\python-3.10\lib\site-packages\undetected_chromedriver\__init__.py", line 258, in __init__
    self.patcher.auto()
  File "C:\laragon\bin\python\python-3.10\lib\site-packages\undetected_chromedriver\patcher.py", line 178, in auto
    self.unzip_package(self.fetch_package())
  File "C:\laragon\bin\python\python-3.10\lib\site-packages\undetected_chromedriver\patcher.py", line 310, in unzip_package
    os.rename(os.path.join(self.zip_path, exe_path), self.executable_path)
FileExistsError: [WinError 183] Cannot create a file when that file already exists: 'C:\\laragon\\www\\dapokalsel\\sekolah\\~\\appdata\\roaming\\undetected_chromedriver\\undetected\\chromedriver-win32\\chromedriver.exe' -> 'C:\\laragon\\www\\dapokalsel\\sekolah\\~\\appdata\\roaming\\undetected_chromedriver\\undetected_chromedriver.exe'
2025-10-26 21:10:17,528 - ERROR - Error on attempt 91: Failed to setup driver
Traceback (most recent call last):
  File "C:\laragon\www\dapokalsel\sekolah\import_url_kabupaten.pyw", line 388, in process_url_induk
    logger.warning(f"Row {idx} missing data: kode={kode}, nama={nama}, url={full_url}")
Exception: Failed to setup driver
2025-10-26 21:10:17,528 - INFO - Retry attempt 92/300...
2025-10-26 21:10:32,529 - INFO - Setting up Chrome driver...
2025-10-26 21:10:32,529 - INFO - Using profile directory: C:\laragon\www\dapokalsel\chrome_profile
2025-10-26 21:10:32,529 - INFO - Initializing undetected Chrome driver...
2025-10-26 21:10:42,630 - INFO - patching driver executable C:\laragon\www\dapokalsel\sekolah\~\appdata\roaming\undetected_chromedriver\undetected_chromedriver.exe
2025-10-26 21:10:42,725 - ERROR - Failed to setup driver: Binary Location Must be a String
Traceback (most recent call last):
  File "C:\laragon\www\dapokalsel\sekolah\import_url_kabupaten.pyw", line 92, in setup_driver
    temp_dir = tempfile.gettempdir()
  File "C:\laragon\bin\python\python-3.10\lib\site-packages\undetected_chromedriver\__init__.py", line 372, in __init__
    options.binary_location = (
  File "C:\laragon\bin\python\python-3.10\lib\site-packages\selenium\webdriver\chromium\options.py", line 52, in binary_location
    raise TypeError(self.BINARY_LOCATION_ERROR)
TypeError: Binary Location Must be a String
2025-10-26 21:10:42,726 - ERROR - Error on attempt 92: Failed to setup driver
Traceback (most recent call last):
  File "C:\laragon\www\dapokalsel\sekolah\import_url_kabupaten.pyw", line 388, in process_url_induk
    logger.warning(f"Row {idx} missing data: kode={kode}, nama={nama}, url={full_url}")
Exception: Failed to setup driver
2025-10-26 21:10:42,726 - INFO - Retry attempt 93/300...
2025-10-26 21:10:57,727 - INFO - Setting up Chrome driver...
2025-10-26 21:10:57,727 - INFO - Using profile directory: C:\laragon\www\dapokalsel\chrome_profile
2025-10-26 21:10:57,727 - INFO - Initializing undetected Chrome driver...
2025-10-26 21:11:05,553 - ERROR - Failed to setup driver: [WinError 183] Cannot create a file when that file already exists: 'C:\\laragon\\www\\dapokalsel\\sekolah\\~\\appdata\\roaming\\undetected_chromedriver\\undetected\\chromedriver-win32\\chromedriver.exe' -> 'C:\\laragon\\www\\dapokalsel\\sekolah\\~\\appdata\\roaming\\undetected_chromedriver\\undetected_chromedriver.exe'
Traceback (most recent call last):
  File "C:\laragon\www\dapokalsel\sekolah\import_url_kabupaten.pyw", line 92, in setup_driver
    temp_dir = tempfile.gettempdir()
  File "C:\laragon\bin\python\python-3.10\lib\site-packages\undetected_chromedriver\__init__.py", line 258, in __init__
    self.patcher.auto()
  File "C:\laragon\bin\python\python-3.10\lib\site-packages\undetected_chromedriver\patcher.py", line 178, in auto
    self.unzip_package(self.fetch_package())
  File "C:\laragon\bin\python\python-3.10\lib\site-packages\undetected_chromedriver\patcher.py", line 310, in unzip_package
    os.rename(os.path.join(self.zip_path, exe_path), self.executable_path)
FileExistsError: [WinError 183] Cannot create a file when that file already exists: 'C:\\laragon\\www\\dapokalsel\\sekolah\\~\\appdata\\roaming\\undetected_chromedriver\\undetected\\chromedriver-win32\\chromedriver.exe' -> 'C:\\laragon\\www\\dapokalsel\\sekolah\\~\\appdata\\roaming\\undetected_chromedriver\\undetected_chromedriver.exe'
2025-10-26 21:11:05,555 - ERROR - Error on attempt 93: Failed to setup driver
Traceback (most recent call last):
  File "C:\laragon\www\dapokalsel\sekolah\import_url_kabupaten.pyw", line 388, in process_url_induk
    logger.warning(f"Row {idx} missing data: kode={kode}, nama={nama}, url={full_url}")
Exception: Failed to setup driver
2025-10-26 21:11:05,555 - INFO - Retry attempt 94/300...
2025-10-26 21:11:20,555 - INFO - Setting up Chrome driver...
2025-10-26 21:11:20,556 - INFO - Using profile directory: C:\laragon\www\dapokalsel\chrome_profile
2025-10-26 21:11:20,556 - INFO - Initializing undetected Chrome driver...
2025-10-26 21:11:29,956 - INFO - patching driver executable C:\laragon\www\dapokalsel\sekolah\~\appdata\roaming\undetected_chromedriver\undetected_chromedriver.exe
2025-10-26 21:11:30,065 - ERROR - Failed to setup driver: Binary Location Must be a String
Traceback (most recent call last):
  File "C:\laragon\www\dapokalsel\sekolah\import_url_kabupaten.pyw", line 92, in setup_driver
    temp_dir = tempfile.gettempdir()
  File "C:\laragon\bin\python\python-3.10\lib\site-packages\undetected_chromedriver\__init__.py", line 372, in __init__
    options.binary_location = (
  File "C:\laragon\bin\python\python-3.10\lib\site-packages\selenium\webdriver\chromium\options.py", line 52, in binary_location
    raise TypeError(self.BINARY_LOCATION_ERROR)
TypeError: Binary Location Must be a String
2025-10-26 21:11:30,066 - ERROR - Error on attempt 94: Failed to setup driver
Traceback (most recent call last):
  File "C:\laragon\www\dapokalsel\sekolah\import_url_kabupaten.pyw", line 388, in process_url_induk
    logger.warning(f"Row {idx} missing data: kode={kode}, nama={nama}, url={full_url}")
Exception: Failed to setup driver
2025-10-26 21:11:30,068 - INFO - Retry attempt 95/300...
2025-10-26 21:11:45,070 - INFO - Setting up Chrome driver...
2025-10-26 21:11:45,071 - INFO - Using profile directory: C:\laragon\www\dapokalsel\chrome_profile
2025-10-26 21:11:45,071 - INFO - Initializing undetected Chrome driver...
2025-10-26 21:11:53,215 - INFO - patching driver executable C:\laragon\www\dapokalsel\sekolah\~\appdata\roaming\undetected_chromedriver\undetected_chromedriver.exe
2025-10-26 21:11:53,424 - ERROR - Failed to setup driver: Binary Location Must be a String
Traceback (most recent call last):
  File "C:\laragon\www\dapokalsel\sekolah\import_url_kabupaten.pyw", line 92, in setup_driver
    temp_dir = tempfile.gettempdir()
  File "C:\laragon\bin\python\python-3.10\lib\site-packages\undetected_chromedriver\__init__.py", line 372, in __init__
    options.binary_location = (
  File "C:\laragon\bin\python\python-3.10\lib\site-packages\selenium\webdriver\chromium\options.py", line 52, in binary_location
    raise TypeError(self.BINARY_LOCATION_ERROR)
TypeError: Binary Location Must be a String
2025-10-26 21:11:53,425 - ERROR - Error on attempt 95: Failed to setup driver
Traceback (most recent call last):
  File "C:\laragon\www\dapokalsel\sekolah\import_url_kabupaten.pyw", line 388, in process_url_induk
    logger.warning(f"Row {idx} missing data: kode={kode}, nama={nama}, url={full_url}")
Exception: Failed to setup driver
2025-10-26 21:11:53,425 - INFO - Retry attempt 96/300...
2025-10-26 21:12:08,426 - INFO - Setting up Chrome driver...
2025-10-26 21:12:08,427 - INFO - Using profile directory: C:\laragon\www\dapokalsel\chrome_profile
2025-10-26 21:12:08,427 - INFO - Initializing undetected Chrome driver...
2025-10-26 21:12:13,886 - INFO - patching driver executable C:\laragon\www\dapokalsel\sekolah\~\appdata\roaming\undetected_chromedriver\undetected_chromedriver.exe
2025-10-26 21:12:14,496 - ERROR - Failed to setup driver: Binary Location Must be a String
Traceback (most recent call last):
  File "C:\laragon\www\dapokalsel\sekolah\import_url_kabupaten.pyw", line 92, in setup_driver
    temp_dir = tempfile.gettempdir()
  File "C:\laragon\bin\python\python-3.10\lib\site-packages\undetected_chromedriver\__init__.py", line 372, in __init__
    options.binary_location = (
  File "C:\laragon\bin\python\python-3.10\lib\site-packages\selenium\webdriver\chromium\options.py", line 52, in binary_location
    raise TypeError(self.BINARY_LOCATION_ERROR)
TypeError: Binary Location Must be a String
2025-10-26 21:12:14,497 - ERROR - Error on attempt 96: Failed to setup driver
Traceback (most recent call last):
  File "C:\laragon\www\dapokalsel\sekolah\import_url_kabupaten.pyw", line 388, in process_url_induk
    logger.warning(f"Row {idx} missing data: kode={kode}, nama={nama}, url={full_url}")
Exception: Failed to setup driver
2025-10-26 21:12:14,498 - INFO - Retry attempt 97/300...
2025-10-26 21:12:29,499 - INFO - Setting up Chrome driver...
2025-10-26 21:12:29,500 - INFO - Using profile directory: C:\laragon\www\dapokalsel\chrome_profile
2025-10-26 21:12:29,500 - INFO - Initializing undetected Chrome driver...
2025-10-26 21:12:35,690 - ERROR - Failed to setup driver: [WinError 183] Cannot create a file when that file already exists: 'C:\\laragon\\www\\dapokalsel\\sekolah\\~\\appdata\\roaming\\undetected_chromedriver\\undetected\\chromedriver-win32\\chromedriver.exe' -> 'C:\\laragon\\www\\dapokalsel\\sekolah\\~\\appdata\\roaming\\undetected_chromedriver\\undetected_chromedriver.exe'
Traceback (most recent call last):
  File "C:\laragon\www\dapokalsel\sekolah\import_url_kabupaten.pyw", line 92, in setup_driver
    temp_dir = tempfile.gettempdir()
  File "C:\laragon\bin\python\python-3.10\lib\site-packages\undetected_chromedriver\__init__.py", line 258, in __init__
    self.patcher.auto()
  File "C:\laragon\bin\python\python-3.10\lib\site-packages\undetected_chromedriver\patcher.py", line 178, in auto
    self.unzip_package(self.fetch_package())
  File "C:\laragon\bin\python\python-3.10\lib\site-packages\undetected_chromedriver\patcher.py", line 310, in unzip_package
    os.rename(os.path.join(self.zip_path, exe_path), self.executable_path)
FileExistsError: [WinError 183] Cannot create a file when that file already exists: 'C:\\laragon\\www\\dapokalsel\\sekolah\\~\\appdata\\roaming\\undetected_chromedriver\\undetected\\chromedriver-win32\\chromedriver.exe' -> 'C:\\laragon\\www\\dapokalsel\\sekolah\\~\\appdata\\roaming\\undetected_chromedriver\\undetected_chromedriver.exe'
2025-10-26 21:12:35,691 - ERROR - Error on attempt 97: Failed to setup driver
Traceback (most recent call last):
  File "C:\laragon\www\dapokalsel\sekolah\import_url_kabupaten.pyw", line 388, in process_url_induk
    logger.warning(f"Row {idx} missing data: kode={kode}, nama={nama}, url={full_url}")
Exception: Failed to setup driver
2025-10-26 21:12:35,691 - INFO - Retry attempt 98/300...
2025-10-26 21:12:50,691 - INFO - Setting up Chrome driver...
2025-10-26 21:12:50,691 - INFO - Using profile directory: C:\laragon\www\dapokalsel\chrome_profile
2025-10-26 21:12:50,692 - INFO - Initializing undetected Chrome driver...
2025-10-26 21:12:55,124 - ERROR - Failed to setup driver: [WinError 183] Cannot create a file when that file already exists: 'C:\\laragon\\www\\dapokalsel\\sekolah\\~\\appdata\\roaming\\undetected_chromedriver\\undetected\\chromedriver-win32\\chromedriver.exe' -> 'C:\\laragon\\www\\dapokalsel\\sekolah\\~\\appdata\\roaming\\undetected_chromedriver\\undetected_chromedriver.exe'
Traceback (most recent call last):
  File "C:\laragon\www\dapokalsel\sekolah\import_url_kabupaten.pyw", line 92, in setup_driver
    temp_dir = tempfile.gettempdir()
  File "C:\laragon\bin\python\python-3.10\lib\site-packages\undetected_chromedriver\__init__.py", line 258, in __init__
    self.patcher.auto()
  File "C:\laragon\bin\python\python-3.10\lib\site-packages\undetected_chromedriver\patcher.py", line 178, in auto
    self.unzip_package(self.fetch_package())
  File "C:\laragon\bin\python\python-3.10\lib\site-packages\undetected_chromedriver\patcher.py", line 310, in unzip_package
    os.rename(os.path.join(self.zip_path, exe_path), self.executable_path)
FileExistsError: [WinError 183] Cannot create a file when that file already exists: 'C:\\laragon\\www\\dapokalsel\\sekolah\\~\\appdata\\roaming\\undetected_chromedriver\\undetected\\chromedriver-win32\\chromedriver.exe' -> 'C:\\laragon\\www\\dapokalsel\\sekolah\\~\\appdata\\roaming\\undetected_chromedriver\\undetected_chromedriver.exe'
2025-10-26 21:12:55,171 - ERROR - Error on attempt 98: Failed to setup driver
Traceback (most recent call last):
  File "C:\laragon\www\dapokalsel\sekolah\import_url_kabupaten.pyw", line 388, in process_url_induk
    logger.warning(f"Row {idx} missing data: kode={kode}, nama={nama}, url={full_url}")
Exception: Failed to setup driver
2025-10-26 21:12:55,172 - INFO - Retry attempt 99/300...
2025-10-26 21:13:10,176 - INFO - Setting up Chrome driver...
2025-10-26 21:13:10,176 - INFO - Using profile directory: C:\laragon\www\dapokalsel\chrome_profile
2025-10-26 21:13:10,176 - INFO - Initializing undetected Chrome driver...
2025-10-26 21:13:17,713 - ERROR - Failed to setup driver: [WinError 183] Cannot create a file when that file already exists: 'C:\\laragon\\www\\dapokalsel\\sekolah\\~\\appdata\\roaming\\undetected_chromedriver\\undetected\\chromedriver-win32\\chromedriver.exe' -> 'C:\\laragon\\www\\dapokalsel\\sekolah\\~\\appdata\\roaming\\undetected_chromedriver\\undetected_chromedriver.exe'
Traceback (most recent call last):
  File "C:\laragon\www\dapokalsel\sekolah\import_url_kabupaten.pyw", line 92, in setup_driver
    temp_dir = tempfile.gettempdir()
  File "C:\laragon\bin\python\python-3.10\lib\site-packages\undetected_chromedriver\__init__.py", line 258, in __init__
    self.patcher.auto()
  File "C:\laragon\bin\python\python-3.10\lib\site-packages\undetected_chromedriver\patcher.py", line 178, in auto
    self.unzip_package(self.fetch_package())
  File "C:\laragon\bin\python\python-3.10\lib\site-packages\undetected_chromedriver\patcher.py", line 310, in unzip_package
    os.rename(os.path.join(self.zip_path, exe_path), self.executable_path)
FileExistsError: [WinError 183] Cannot create a file when that file already exists: 'C:\\laragon\\www\\dapokalsel\\sekolah\\~\\appdata\\roaming\\undetected_chromedriver\\undetected\\chromedriver-win32\\chromedriver.exe' -> 'C:\\laragon\\www\\dapokalsel\\sekolah\\~\\appdata\\roaming\\undetected_chromedriver\\undetected_chromedriver.exe'
2025-10-26 21:13:17,714 - ERROR - Error on attempt 99: Failed to setup driver
Traceback (most recent call last):
  File "C:\laragon\www\dapokalsel\sekolah\import_url_kabupaten.pyw", line 388, in process_url_induk
    logger.warning(f"Row {idx} missing data: kode={kode}, nama={nama}, url={full_url}")
Exception: Failed to setup driver
2025-10-26 21:13:17,714 - INFO - Retry attempt 100/300...
2025-10-26 21:13:32,715 - INFO - Setting up Chrome driver...
2025-10-26 21:13:32,716 - INFO - Using profile directory: C:\laragon\www\dapokalsel\chrome_profile
2025-10-26 21:13:32,716 - INFO - Initializing undetected Chrome driver...
2025-10-26 21:13:40,413 - ERROR - Failed to setup driver: [WinError 183] Cannot create a file when that file already exists: 'C:\\laragon\\www\\dapokalsel\\sekolah\\~\\appdata\\roaming\\undetected_chromedriver\\undetected\\chromedriver-win32\\chromedriver.exe' -> 'C:\\laragon\\www\\dapokalsel\\sekolah\\~\\appdata\\roaming\\undetected_chromedriver\\undetected_chromedriver.exe'
Traceback (most recent call last):
  File "C:\laragon\www\dapokalsel\sekolah\import_url_kabupaten.pyw", line 92, in setup_driver
    temp_dir = tempfile.gettempdir()
  File "C:\laragon\bin\python\python-3.10\lib\site-packages\undetected_chromedriver\__init__.py", line 258, in __init__
    self.patcher.auto()
  File "C:\laragon\bin\python\python-3.10\lib\site-packages\undetected_chromedriver\patcher.py", line 178, in auto
    self.unzip_package(self.fetch_package())
  File "C:\laragon\bin\python\python-3.10\lib\site-packages\undetected_chromedriver\patcher.py", line 310, in unzip_package
    os.rename(os.path.join(self.zip_path, exe_path), self.executable_path)
FileExistsError: [WinError 183] Cannot create a file when that file already exists: 'C:\\laragon\\www\\dapokalsel\\sekolah\\~\\appdata\\roaming\\undetected_chromedriver\\undetected\\chromedriver-win32\\chromedriver.exe' -> 'C:\\laragon\\www\\dapokalsel\\sekolah\\~\\appdata\\roaming\\undetected_chromedriver\\undetected_chromedriver.exe'
2025-10-26 21:13:40,414 - ERROR - Error on attempt 100: Failed to setup driver
Traceback (most recent call last):
  File "C:\laragon\www\dapokalsel\sekolah\import_url_kabupaten.pyw", line 388, in process_url_induk
    logger.warning(f"Row {idx} missing data: kode={kode}, nama={nama}, url={full_url}")
Exception: Failed to setup driver
2025-10-26 21:13:40,414 - INFO - Retry attempt 101/300...
2025-10-26 21:13:55,431 - INFO - Setting up Chrome driver...
2025-10-26 21:13:55,432 - INFO - Using profile directory: C:\laragon\www\dapokalsel\chrome_profile
2025-10-26 21:13:55,432 - INFO - Initializing undetected Chrome driver...
2025-10-26 21:13:59,145 - INFO - patching driver executable C:\laragon\www\dapokalsel\sekolah\~\appdata\roaming\undetected_chromedriver\undetected_chromedriver.exe
2025-10-26 21:13:59,279 - ERROR - Failed to setup driver: Binary Location Must be a String
Traceback (most recent call last):
  File "C:\laragon\www\dapokalsel\sekolah\import_url_kabupaten.pyw", line 92, in setup_driver
    temp_dir = tempfile.gettempdir()
  File "C:\laragon\bin\python\python-3.10\lib\site-packages\undetected_chromedriver\__init__.py", line 372, in __init__
    options.binary_location = (
  File "C:\laragon\bin\python\python-3.10\lib\site-packages\selenium\webdriver\chromium\options.py", line 52, in binary_location
    raise TypeError(self.BINARY_LOCATION_ERROR)
TypeError: Binary Location Must be a String
2025-10-26 21:13:59,279 - ERROR - Error on attempt 101: Failed to setup driver
Traceback (most recent call last):
  File "C:\laragon\www\dapokalsel\sekolah\import_url_kabupaten.pyw", line 388, in process_url_induk
    logger.warning(f"Row {idx} missing data: kode={kode}, nama={nama}, url={full_url}")
Exception: Failed to setup driver
2025-10-26 21:13:59,279 - INFO - Retry attempt 102/300...
2025-10-26 21:14:14,280 - INFO - Setting up Chrome driver...
2025-10-26 21:14:14,280 - INFO - Using profile directory: C:\laragon\www\dapokalsel\chrome_profile
2025-10-26 21:14:14,280 - INFO - Initializing undetected Chrome driver...
2025-10-26 21:14:18,093 - INFO - patching driver executable C:\laragon\www\dapokalsel\sekolah\~\appdata\roaming\undetected_chromedriver\undetected_chromedriver.exe
2025-10-26 21:14:18,192 - ERROR - Failed to setup driver: Binary Location Must be a String
Traceback (most recent call last):
  File "C:\laragon\www\dapokalsel\sekolah\import_url_kabupaten.pyw", line 92, in setup_driver
    temp_dir = tempfile.gettempdir()
  File "C:\laragon\bin\python\python-3.10\lib\site-packages\undetected_chromedriver\__init__.py", line 372, in __init__
    options.binary_location = (
  File "C:\laragon\bin\python\python-3.10\lib\site-packages\selenium\webdriver\chromium\options.py", line 52, in binary_location
    raise TypeError(self.BINARY_LOCATION_ERROR)
TypeError: Binary Location Must be a String
2025-10-26 21:14:18,193 - ERROR - Error on attempt 102: Failed to setup driver
Traceback (most recent call last):
  File "C:\laragon\www\dapokalsel\sekolah\import_url_kabupaten.pyw", line 388, in process_url_induk
    logger.warning(f"Row {idx} missing data: kode={kode}, nama={nama}, url={full_url}")
Exception: Failed to setup driver
2025-10-26 21:14:18,193 - INFO - Retry attempt 103/300...
2025-10-26 21:14:33,208 - INFO - Setting up Chrome driver...
2025-10-26 21:14:33,209 - INFO - Using profile directory: C:\laragon\www\dapokalsel\chrome_profile
2025-10-26 21:14:33,209 - INFO - Initializing undetected Chrome driver...
2025-10-26 21:14:40,292 - INFO - patching driver executable C:\laragon\www\dapokalsel\sekolah\~\appdata\roaming\undetected_chromedriver\undetected_chromedriver.exe
2025-10-26 21:14:40,376 - ERROR - Failed to setup driver: Binary Location Must be a String
Traceback (most recent call last):
  File "C:\laragon\www\dapokalsel\sekolah\import_url_kabupaten.pyw", line 92, in setup_driver
    temp_dir = tempfile.gettempdir()
  File "C:\laragon\bin\python\python-3.10\lib\site-packages\undetected_chromedriver\__init__.py", line 372, in __init__
    options.binary_location = (
  File "C:\laragon\bin\python\python-3.10\lib\site-packages\selenium\webdriver\chromium\options.py", line 52, in binary_location
    raise TypeError(self.BINARY_LOCATION_ERROR)
TypeError: Binary Location Must be a String
2025-10-26 21:14:40,376 - ERROR - Error on attempt 103: Failed to setup driver
Traceback (most recent call last):
  File "C:\laragon\www\dapokalsel\sekolah\import_url_kabupaten.pyw", line 388, in process_url_induk
    logger.warning(f"Row {idx} missing data: kode={kode}, nama={nama}, url={full_url}")
Exception: Failed to setup driver
2025-10-26 21:14:40,376 - INFO - Retry attempt 104/300...
2025-10-26 21:14:55,377 - INFO - Setting up Chrome driver...
2025-10-26 21:14:55,377 - INFO - Using profile directory: C:\laragon\www\dapokalsel\chrome_profile
2025-10-26 21:14:55,377 - INFO - Initializing undetected Chrome driver...
2025-10-26 21:15:01,441 - ERROR - Failed to setup driver: [WinError 183] Cannot create a file when that file already exists: 'C:\\laragon\\www\\dapokalsel\\sekolah\\~\\appdata\\roaming\\undetected_chromedriver\\undetected\\chromedriver-win32\\chromedriver.exe' -> 'C:\\laragon\\www\\dapokalsel\\sekolah\\~\\appdata\\roaming\\undetected_chromedriver\\undetected_chromedriver.exe'
Traceback (most recent call last):
  File "C:\laragon\www\dapokalsel\sekolah\import_url_kabupaten.pyw", line 92, in setup_driver
    temp_dir = tempfile.gettempdir()
  File "C:\laragon\bin\python\python-3.10\lib\site-packages\undetected_chromedriver\__init__.py", line 258, in __init__
    self.patcher.auto()
  File "C:\laragon\bin\python\python-3.10\lib\site-packages\undetected_chromedriver\patcher.py", line 178, in auto
    self.unzip_package(self.fetch_package())
  File "C:\laragon\bin\python\python-3.10\lib\site-packages\undetected_chromedriver\patcher.py", line 310, in unzip_package
    os.rename(os.path.join(self.zip_path, exe_path), self.executable_path)
FileExistsError: [WinError 183] Cannot create a file when that file already exists: 'C:\\laragon\\www\\dapokalsel\\sekolah\\~\\appdata\\roaming\\undetected_chromedriver\\undetected\\chromedriver-win32\\chromedriver.exe' -> 'C:\\laragon\\www\\dapokalsel\\sekolah\\~\\appdata\\roaming\\undetected_chromedriver\\undetected_chromedriver.exe'
2025-10-26 21:15:01,506 - ERROR - Error on attempt 104: Failed to setup driver
Traceback (most recent call last):
  File "C:\laragon\www\dapokalsel\sekolah\import_url_kabupaten.pyw", line 388, in process_url_induk
    logger.warning(f"Row {idx} missing data: kode={kode}, nama={nama}, url={full_url}")
Exception: Failed to setup driver
2025-10-26 21:15:01,508 - INFO - Retry attempt 105/300...
2025-10-26 21:15:16,521 - INFO - Setting up Chrome driver...
2025-10-26 21:15:16,521 - INFO - Using profile directory: C:\laragon\www\dapokalsel\chrome_profile
2025-10-26 21:15:16,522 - INFO - Initializing undetected Chrome driver...
2025-10-26 21:15:27,407 - INFO - patching driver executable C:\laragon\www\dapokalsel\sekolah\~\appdata\roaming\undetected_chromedriver\undetected_chromedriver.exe
2025-10-26 21:15:27,490 - ERROR - Failed to setup driver: Binary Location Must be a String
Traceback (most recent call last):
  File "C:\laragon\www\dapokalsel\sekolah\import_url_kabupaten.pyw", line 92, in setup_driver
    temp_dir = tempfile.gettempdir()
  File "C:\laragon\bin\python\python-3.10\lib\site-packages\undetected_chromedriver\__init__.py", line 372, in __init__
    options.binary_location = (
  File "C:\laragon\bin\python\python-3.10\lib\site-packages\selenium\webdriver\chromium\options.py", line 52, in binary_location
    raise TypeError(self.BINARY_LOCATION_ERROR)
TypeError: Binary Location Must be a String
2025-10-26 21:15:27,490 - ERROR - Error on attempt 105: Failed to setup driver
Traceback (most recent call last):
  File "C:\laragon\www\dapokalsel\sekolah\import_url_kabupaten.pyw", line 388, in process_url_induk
    logger.warning(f"Row {idx} missing data: kode={kode}, nama={nama}, url={full_url}")
Exception: Failed to setup driver
2025-10-26 21:15:27,490 - INFO - Retry attempt 106/300...
2025-10-26 21:15:42,504 - INFO - Setting up Chrome driver...
2025-10-26 21:15:42,505 - INFO - Using profile directory: C:\laragon\www\dapokalsel\chrome_profile
2025-10-26 21:15:42,505 - INFO - Initializing undetected Chrome driver...
2025-10-26 21:15:47,138 - INFO - patching driver executable C:\laragon\www\dapokalsel\sekolah\~\appdata\roaming\undetected_chromedriver\undetected_chromedriver.exe
2025-10-26 21:15:47,222 - ERROR - Failed to setup driver: Binary Location Must be a String
Traceback (most recent call last):
  File "C:\laragon\www\dapokalsel\sekolah\import_url_kabupaten.pyw", line 92, in setup_driver
    temp_dir = tempfile.gettempdir()
  File "C:\laragon\bin\python\python-3.10\lib\site-packages\undetected_chromedriver\__init__.py", line 372, in __init__
    options.binary_location = (
  File "C:\laragon\bin\python\python-3.10\lib\site-packages\selenium\webdriver\chromium\options.py", line 52, in binary_location
    raise TypeError(self.BINARY_LOCATION_ERROR)
TypeError: Binary Location Must be a String
2025-10-26 21:15:47,222 - ERROR - Error on attempt 106: Failed to setup driver
Traceback (most recent call last):
  File "C:\laragon\www\dapokalsel\sekolah\import_url_kabupaten.pyw", line 388, in process_url_induk
    logger.warning(f"Row {idx} missing data: kode={kode}, nama={nama}, url={full_url}")
Exception: Failed to setup driver
2025-10-26 21:15:47,222 - INFO - Retry attempt 107/300...
2025-10-26 21:16:02,236 - INFO - Setting up Chrome driver...
2025-10-26 21:16:02,237 - INFO - Using profile directory: C:\laragon\www\dapokalsel\chrome_profile
2025-10-26 21:16:02,238 - INFO - Initializing undetected Chrome driver...
2025-10-26 21:16:11,231 - ERROR - Failed to setup driver: [WinError 183] Cannot create a file when that file already exists: 'C:\\laragon\\www\\dapokalsel\\sekolah\\~\\appdata\\roaming\\undetected_chromedriver\\undetected\\chromedriver-win32\\chromedriver.exe' -> 'C:\\laragon\\www\\dapokalsel\\sekolah\\~\\appdata\\roaming\\undetected_chromedriver\\undetected_chromedriver.exe'
Traceback (most recent call last):
  File "C:\laragon\www\dapokalsel\sekolah\import_url_kabupaten.pyw", line 92, in setup_driver
    temp_dir = tempfile.gettempdir()
  File "C:\laragon\bin\python\python-3.10\lib\site-packages\undetected_chromedriver\__init__.py", line 258, in __init__
    self.patcher.auto()
  File "C:\laragon\bin\python\python-3.10\lib\site-packages\undetected_chromedriver\patcher.py", line 178, in auto
    self.unzip_package(self.fetch_package())
  File "C:\laragon\bin\python\python-3.10\lib\site-packages\undetected_chromedriver\patcher.py", line 310, in unzip_package
    os.rename(os.path.join(self.zip_path, exe_path), self.executable_path)
FileExistsError: [WinError 183] Cannot create a file when that file already exists: 'C:\\laragon\\www\\dapokalsel\\sekolah\\~\\appdata\\roaming\\undetected_chromedriver\\undetected\\chromedriver-win32\\chromedriver.exe' -> 'C:\\laragon\\www\\dapokalsel\\sekolah\\~\\appdata\\roaming\\undetected_chromedriver\\undetected_chromedriver.exe'
2025-10-26 21:16:11,241 - ERROR - Error on attempt 107: Failed to setup driver
Traceback (most recent call last):
  File "C:\laragon\www\dapokalsel\sekolah\import_url_kabupaten.pyw", line 388, in process_url_induk
    logger.warning(f"Row {idx} missing data: kode={kode}, nama={nama}, url={full_url}")
Exception: Failed to setup driver
2025-10-26 21:16:11,241 - INFO - Retry attempt 108/300...
2025-10-26 21:16:26,254 - INFO - Setting up Chrome driver...
2025-10-26 21:16:26,255 - INFO - Using profile directory: C:\laragon\www\dapokalsel\chrome_profile
2025-10-26 21:16:26,256 - INFO - Initializing undetected Chrome driver...
2025-10-26 21:16:30,293 - INFO - patching driver executable C:\laragon\www\dapokalsel\sekolah\~\appdata\roaming\undetected_chromedriver\undetected_chromedriver.exe
2025-10-26 21:16:30,386 - ERROR - Failed to setup driver: Binary Location Must be a String
Traceback (most recent call last):
  File "C:\laragon\www\dapokalsel\sekolah\import_url_kabupaten.pyw", line 92, in setup_driver
    temp_dir = tempfile.gettempdir()
  File "C:\laragon\bin\python\python-3.10\lib\site-packages\undetected_chromedriver\__init__.py", line 372, in __init__
    options.binary_location = (
  File "C:\laragon\bin\python\python-3.10\lib\site-packages\selenium\webdriver\chromium\options.py", line 52, in binary_location
    raise TypeError(self.BINARY_LOCATION_ERROR)
TypeError: Binary Location Must be a String
2025-10-26 21:16:30,386 - ERROR - Error on attempt 108: Failed to setup driver
Traceback (most recent call last):
  File "C:\laragon\www\dapokalsel\sekolah\import_url_kabupaten.pyw", line 388, in process_url_induk
    logger.warning(f"Row {idx} missing data: kode={kode}, nama={nama}, url={full_url}")
Exception: Failed to setup driver
2025-10-26 21:16:30,386 - INFO - Retry attempt 109/300...
2025-10-26 21:16:45,387 - INFO - Setting up Chrome driver...
2025-10-26 21:16:45,389 - INFO - Using profile directory: C:\laragon\www\dapokalsel\chrome_profile
2025-10-26 21:16:45,389 - INFO - Initializing undetected Chrome driver...
2025-10-26 21:16:49,802 - INFO - patching driver executable C:\laragon\www\dapokalsel\sekolah\~\appdata\roaming\undetected_chromedriver\undetected_chromedriver.exe
2025-10-26 21:16:49,903 - ERROR - Failed to setup driver: Binary Location Must be a String
Traceback (most recent call last):
  File "C:\laragon\www\dapokalsel\sekolah\import_url_kabupaten.pyw", line 92, in setup_driver
    temp_dir = tempfile.gettempdir()
  File "C:\laragon\bin\python\python-3.10\lib\site-packages\undetected_chromedriver\__init__.py", line 372, in __init__
    options.binary_location = (
  File "C:\laragon\bin\python\python-3.10\lib\site-packages\selenium\webdriver\chromium\options.py", line 52, in binary_location
    raise TypeError(self.BINARY_LOCATION_ERROR)
TypeError: Binary Location Must be a String
2025-10-26 21:16:49,903 - ERROR - Error on attempt 109: Failed to setup driver
Traceback (most recent call last):
  File "C:\laragon\www\dapokalsel\sekolah\import_url_kabupaten.pyw", line 388, in process_url_induk
    logger.warning(f"Row {idx} missing data: kode={kode}, nama={nama}, url={full_url}")
Exception: Failed to setup driver
2025-10-26 21:16:49,903 - INFO - Retry attempt 110/300...
2025-10-26 21:17:04,904 - INFO - Setting up Chrome driver...
2025-10-26 21:17:04,904 - INFO - Using profile directory: C:\laragon\www\dapokalsel\chrome_profile
2025-10-26 21:17:04,904 - INFO - Initializing undetected Chrome driver...
2025-10-26 21:17:15,134 - ERROR - Failed to setup driver: [WinError 183] Cannot create a file when that file already exists: 'C:\\laragon\\www\\dapokalsel\\sekolah\\~\\appdata\\roaming\\undetected_chromedriver\\undetected\\chromedriver-win32\\chromedriver.exe' -> 'C:\\laragon\\www\\dapokalsel\\sekolah\\~\\appdata\\roaming\\undetected_chromedriver\\undetected_chromedriver.exe'
Traceback (most recent call last):
  File "C:\laragon\www\dapokalsel\sekolah\import_url_kabupaten.pyw", line 92, in setup_driver
    temp_dir = tempfile.gettempdir()
  File "C:\laragon\bin\python\python-3.10\lib\site-packages\undetected_chromedriver\__init__.py", line 258, in __init__
    self.patcher.auto()
  File "C:\laragon\bin\python\python-3.10\lib\site-packages\undetected_chromedriver\patcher.py", line 178, in auto
    self.unzip_package(self.fetch_package())
  File "C:\laragon\bin\python\python-3.10\lib\site-packages\undetected_chromedriver\patcher.py", line 310, in unzip_package
    os.rename(os.path.join(self.zip_path, exe_path), self.executable_path)
FileExistsError: [WinError 183] Cannot create a file when that file already exists: 'C:\\laragon\\www\\dapokalsel\\sekolah\\~\\appdata\\roaming\\undetected_chromedriver\\undetected\\chromedriver-win32\\chromedriver.exe' -> 'C:\\laragon\\www\\dapokalsel\\sekolah\\~\\appdata\\roaming\\undetected_chromedriver\\undetected_chromedriver.exe'
2025-10-26 21:17:15,134 - ERROR - Error on attempt 110: Failed to setup driver
Traceback (most recent call last):
  File "C:\laragon\www\dapokalsel\sekolah\import_url_kabupaten.pyw", line 388, in process_url_induk
    logger.warning(f"Row {idx} missing data: kode={kode}, nama={nama}, url={full_url}")
Exception: Failed to setup driver
2025-10-26 21:17:15,134 - INFO - Retry attempt 111/300...
2025-10-26 21:17:30,134 - INFO - Setting up Chrome driver...
2025-10-26 21:17:30,136 - INFO - Using profile directory: C:\laragon\www\dapokalsel\chrome_profile
2025-10-26 21:17:30,137 - INFO - Initializing undetected Chrome driver...
2025-10-26 21:17:34,650 - INFO - patching driver executable C:\laragon\www\dapokalsel\sekolah\~\appdata\roaming\undetected_chromedriver\undetected_chromedriver.exe
2025-10-26 21:17:34,749 - ERROR - Failed to setup driver: Binary Location Must be a String
Traceback (most recent call last):
  File "C:\laragon\www\dapokalsel\sekolah\import_url_kabupaten.pyw", line 92, in setup_driver
    temp_dir = tempfile.gettempdir()
  File "C:\laragon\bin\python\python-3.10\lib\site-packages\undetected_chromedriver\__init__.py", line 372, in __init__
    options.binary_location = (
  File "C:\laragon\bin\python\python-3.10\lib\site-packages\selenium\webdriver\chromium\options.py", line 52, in binary_location
    raise TypeError(self.BINARY_LOCATION_ERROR)
TypeError: Binary Location Must be a String
2025-10-26 21:17:34,749 - ERROR - Error on attempt 111: Failed to setup driver
Traceback (most recent call last):
  File "C:\laragon\www\dapokalsel\sekolah\import_url_kabupaten.pyw", line 388, in process_url_induk
    logger.warning(f"Row {idx} missing data: kode={kode}, nama={nama}, url={full_url}")
Exception: Failed to setup driver
2025-10-26 21:17:34,749 - INFO - Retry attempt 112/300...
2025-10-26 21:17:49,763 - INFO - Setting up Chrome driver...
2025-10-26 21:17:49,764 - INFO - Using profile directory: C:\laragon\www\dapokalsel\chrome_profile
2025-10-26 21:17:49,764 - INFO - Initializing undetected Chrome driver...
2025-10-26 21:17:56,614 - ERROR - Failed to setup driver: [WinError 183] Cannot create a file when that file already exists: 'C:\\laragon\\www\\dapokalsel\\sekolah\\~\\appdata\\roaming\\undetected_chromedriver\\undetected\\chromedriver-win32\\chromedriver.exe' -> 'C:\\laragon\\www\\dapokalsel\\sekolah\\~\\appdata\\roaming\\undetected_chromedriver\\undetected_chromedriver.exe'
Traceback (most recent call last):
  File "C:\laragon\www\dapokalsel\sekolah\import_url_kabupaten.pyw", line 92, in setup_driver
    temp_dir = tempfile.gettempdir()
  File "C:\laragon\bin\python\python-3.10\lib\site-packages\undetected_chromedriver\__init__.py", line 258, in __init__
    self.patcher.auto()
  File "C:\laragon\bin\python\python-3.10\lib\site-packages\undetected_chromedriver\patcher.py", line 178, in auto
    self.unzip_package(self.fetch_package())
  File "C:\laragon\bin\python\python-3.10\lib\site-packages\undetected_chromedriver\patcher.py", line 310, in unzip_package
    os.rename(os.path.join(self.zip_path, exe_path), self.executable_path)
FileExistsError: [WinError 183] Cannot create a file when that file already exists: 'C:\\laragon\\www\\dapokalsel\\sekolah\\~\\appdata\\roaming\\undetected_chromedriver\\undetected\\chromedriver-win32\\chromedriver.exe' -> 'C:\\laragon\\www\\dapokalsel\\sekolah\\~\\appdata\\roaming\\undetected_chromedriver\\undetected_chromedriver.exe'
2025-10-26 21:17:56,615 - ERROR - Error on attempt 112: Failed to setup driver
Traceback (most recent call last):
  File "C:\laragon\www\dapokalsel\sekolah\import_url_kabupaten.pyw", line 388, in process_url_induk
    logger.warning(f"Row {idx} missing data: kode={kode}, nama={nama}, url={full_url}")
Exception: Failed to setup driver
2025-10-26 21:17:56,615 - INFO - Retry attempt 113/300...
2025-10-26 21:18:11,616 - INFO - Setting up Chrome driver...
2025-10-26 21:18:11,618 - INFO - Using profile directory: C:\laragon\www\dapokalsel\chrome_profile
2025-10-26 21:18:11,618 - INFO - Initializing undetected Chrome driver...
2025-10-26 21:18:16,547 - INFO - patching driver executable C:\laragon\www\dapokalsel\sekolah\~\appdata\roaming\undetected_chromedriver\undetected_chromedriver.exe
2025-10-26 21:18:16,663 - ERROR - Failed to setup driver: Binary Location Must be a String
Traceback (most recent call last):
  File "C:\laragon\www\dapokalsel\sekolah\import_url_kabupaten.pyw", line 92, in setup_driver
    temp_dir = tempfile.gettempdir()
  File "C:\laragon\bin\python\python-3.10\lib\site-packages\undetected_chromedriver\__init__.py", line 372, in __init__
    options.binary_location = (
  File "C:\laragon\bin\python\python-3.10\lib\site-packages\selenium\webdriver\chromium\options.py", line 52, in binary_location
    raise TypeError(self.BINARY_LOCATION_ERROR)
TypeError: Binary Location Must be a String
2025-10-26 21:18:16,663 - ERROR - Error on attempt 113: Failed to setup driver
Traceback (most recent call last):
  File "C:\laragon\www\dapokalsel\sekolah\import_url_kabupaten.pyw", line 388, in process_url_induk
    logger.warning(f"Row {idx} missing data: kode={kode}, nama={nama}, url={full_url}")
Exception: Failed to setup driver
2025-10-26 21:18:16,663 - INFO - Retry attempt 114/300...
2025-10-26 21:18:31,664 - INFO - Setting up Chrome driver...
2025-10-26 21:18:31,664 - INFO - Using profile directory: C:\laragon\www\dapokalsel\chrome_profile
2025-10-26 21:18:31,664 - INFO - Initializing undetected Chrome driver...
2025-10-26 21:18:40,314 - ERROR - Failed to setup driver: [WinError 183] Cannot create a file when that file already exists: 'C:\\laragon\\www\\dapokalsel\\sekolah\\~\\appdata\\roaming\\undetected_chromedriver\\undetected\\chromedriver-win32\\chromedriver.exe' -> 'C:\\laragon\\www\\dapokalsel\\sekolah\\~\\appdata\\roaming\\undetected_chromedriver\\undetected_chromedriver.exe'
Traceback (most recent call last):
  File "C:\laragon\www\dapokalsel\sekolah\import_url_kabupaten.pyw", line 92, in setup_driver
    temp_dir = tempfile.gettempdir()
  File "C:\laragon\bin\python\python-3.10\lib\site-packages\undetected_chromedriver\__init__.py", line 258, in __init__
    self.patcher.auto()
  File "C:\laragon\bin\python\python-3.10\lib\site-packages\undetected_chromedriver\patcher.py", line 178, in auto
    self.unzip_package(self.fetch_package())
  File "C:\laragon\bin\python\python-3.10\lib\site-packages\undetected_chromedriver\patcher.py", line 310, in unzip_package
    os.rename(os.path.join(self.zip_path, exe_path), self.executable_path)
FileExistsError: [WinError 183] Cannot create a file when that file already exists: 'C:\\laragon\\www\\dapokalsel\\sekolah\\~\\appdata\\roaming\\undetected_chromedriver\\undetected\\chromedriver-win32\\chromedriver.exe' -> 'C:\\laragon\\www\\dapokalsel\\sekolah\\~\\appdata\\roaming\\undetected_chromedriver\\undetected_chromedriver.exe'
2025-10-26 21:18:40,314 - ERROR - Error on attempt 114: Failed to setup driver
Traceback (most recent call last):
  File "C:\laragon\www\dapokalsel\sekolah\import_url_kabupaten.pyw", line 388, in process_url_induk
    logger.warning(f"Row {idx} missing data: kode={kode}, nama={nama}, url={full_url}")
Exception: Failed to setup driver
2025-10-26 21:18:40,314 - INFO - Retry attempt 115/300...
2025-10-26 21:18:55,315 - INFO - Setting up Chrome driver...
2025-10-26 21:18:55,315 - INFO - Using profile directory: C:\laragon\www\dapokalsel\chrome_profile
2025-10-26 21:18:55,315 - INFO - Initializing undetected Chrome driver...
2025-10-26 21:18:59,647 - INFO - patching driver executable C:\laragon\www\dapokalsel\sekolah\~\appdata\roaming\undetected_chromedriver\undetected_chromedriver.exe
2025-10-26 21:18:59,728 - ERROR - Failed to setup driver: Binary Location Must be a String
Traceback (most recent call last):
  File "C:\laragon\www\dapokalsel\sekolah\import_url_kabupaten.pyw", line 92, in setup_driver
    temp_dir = tempfile.gettempdir()
  File "C:\laragon\bin\python\python-3.10\lib\site-packages\undetected_chromedriver\__init__.py", line 372, in __init__
    options.binary_location = (
  File "C:\laragon\bin\python\python-3.10\lib\site-packages\selenium\webdriver\chromium\options.py", line 52, in binary_location
    raise TypeError(self.BINARY_LOCATION_ERROR)
TypeError: Binary Location Must be a String
2025-10-26 21:18:59,728 - ERROR - Error on attempt 115: Failed to setup driver
Traceback (most recent call last):
  File "C:\laragon\www\dapokalsel\sekolah\import_url_kabupaten.pyw", line 388, in process_url_induk
    logger.warning(f"Row {idx} missing data: kode={kode}, nama={nama}, url={full_url}")
Exception: Failed to setup driver
2025-10-26 21:18:59,728 - INFO - Retry attempt 116/300...
2025-10-26 21:19:14,742 - INFO - Setting up Chrome driver...
2025-10-26 21:19:14,743 - INFO - Using profile directory: C:\laragon\www\dapokalsel\chrome_profile
2025-10-26 21:19:14,743 - INFO - Initializing undetected Chrome driver...
2025-10-26 21:19:23,829 - INFO - patching driver executable C:\laragon\www\dapokalsel\sekolah\~\appdata\roaming\undetected_chromedriver\undetected_chromedriver.exe
2025-10-26 21:19:23,910 - ERROR - Failed to setup driver: Binary Location Must be a String
Traceback (most recent call last):
  File "C:\laragon\www\dapokalsel\sekolah\import_url_kabupaten.pyw", line 92, in setup_driver
    temp_dir = tempfile.gettempdir()
  File "C:\laragon\bin\python\python-3.10\lib\site-packages\undetected_chromedriver\__init__.py", line 372, in __init__
    options.binary_location = (
  File "C:\laragon\bin\python\python-3.10\lib\site-packages\selenium\webdriver\chromium\options.py", line 52, in binary_location
    raise TypeError(self.BINARY_LOCATION_ERROR)
TypeError: Binary Location Must be a String
2025-10-26 21:19:23,910 - ERROR - Error on attempt 116: Failed to setup driver
Traceback (most recent call last):
  File "C:\laragon\www\dapokalsel\sekolah\import_url_kabupaten.pyw", line 388, in process_url_induk
    logger.warning(f"Row {idx} missing data: kode={kode}, nama={nama}, url={full_url}")
Exception: Failed to setup driver
2025-10-26 21:19:23,910 - INFO - Retry attempt 117/300...
2025-10-26 21:19:38,911 - INFO - Setting up Chrome driver...
2025-10-26 21:19:38,911 - INFO - Using profile directory: C:\laragon\www\dapokalsel\chrome_profile
2025-10-26 21:19:38,911 - INFO - Initializing undetected Chrome driver...
2025-10-26 21:19:42,776 - INFO - patching driver executable C:\laragon\www\dapokalsel\sekolah\~\appdata\roaming\undetected_chromedriver\undetected_chromedriver.exe
2025-10-26 21:19:42,901 - ERROR - Failed to setup driver: Binary Location Must be a String
Traceback (most recent call last):
  File "C:\laragon\www\dapokalsel\sekolah\import_url_kabupaten.pyw", line 92, in setup_driver
    temp_dir = tempfile.gettempdir()
  File "C:\laragon\bin\python\python-3.10\lib\site-packages\undetected_chromedriver\__init__.py", line 372, in __init__
    options.binary_location = (
  File "C:\laragon\bin\python\python-3.10\lib\site-packages\selenium\webdriver\chromium\options.py", line 52, in binary_location
    raise TypeError(self.BINARY_LOCATION_ERROR)
TypeError: Binary Location Must be a String
2025-10-26 21:19:42,901 - ERROR - Error on attempt 117: Failed to setup driver
Traceback (most recent call last):
  File "C:\laragon\www\dapokalsel\sekolah\import_url_kabupaten.pyw", line 388, in process_url_induk
    logger.warning(f"Row {idx} missing data: kode={kode}, nama={nama}, url={full_url}")
Exception: Failed to setup driver
2025-10-26 21:19:42,901 - INFO - Retry attempt 118/300...
2025-10-26 21:19:57,906 - INFO - Setting up Chrome driver...
2025-10-26 21:19:57,908 - INFO - Using profile directory: C:\laragon\www\dapokalsel\chrome_profile
2025-10-26 21:19:57,910 - INFO - Initializing undetected Chrome driver...
2025-10-26 21:20:02,818 - INFO - patching driver executable C:\laragon\www\dapokalsel\sekolah\~\appdata\roaming\undetected_chromedriver\undetected_chromedriver.exe
2025-10-26 21:20:02,939 - ERROR - Failed to setup driver: Binary Location Must be a String
Traceback (most recent call last):
  File "C:\laragon\www\dapokalsel\sekolah\import_url_kabupaten.pyw", line 92, in setup_driver
    temp_dir = tempfile.gettempdir()
  File "C:\laragon\bin\python\python-3.10\lib\site-packages\undetected_chromedriver\__init__.py", line 372, in __init__
    options.binary_location = (
  File "C:\laragon\bin\python\python-3.10\lib\site-packages\selenium\webdriver\chromium\options.py", line 52, in binary_location
    raise TypeError(self.BINARY_LOCATION_ERROR)
TypeError: Binary Location Must be a String
2025-10-26 21:20:02,939 - ERROR - Error on attempt 118: Failed to setup driver
Traceback (most recent call last):
  File "C:\laragon\www\dapokalsel\sekolah\import_url_kabupaten.pyw", line 388, in process_url_induk
    logger.warning(f"Row {idx} missing data: kode={kode}, nama={nama}, url={full_url}")
Exception: Failed to setup driver
2025-10-26 21:20:02,939 - INFO - Retry attempt 119/300...
2025-10-26 21:20:17,943 - INFO - Setting up Chrome driver...
2025-10-26 21:20:17,944 - INFO - Using profile directory: C:\laragon\www\dapokalsel\chrome_profile
2025-10-26 21:20:17,945 - INFO - Initializing undetected Chrome driver...
2025-10-26 21:20:26,343 - INFO - patching driver executable C:\laragon\www\dapokalsel\sekolah\~\appdata\roaming\undetected_chromedriver\undetected_chromedriver.exe
2025-10-26 21:20:26,425 - ERROR - Failed to setup driver: Binary Location Must be a String
Traceback (most recent call last):
  File "C:\laragon\www\dapokalsel\sekolah\import_url_kabupaten.pyw", line 92, in setup_driver
    temp_dir = tempfile.gettempdir()
  File "C:\laragon\bin\python\python-3.10\lib\site-packages\undetected_chromedriver\__init__.py", line 372, in __init__
    options.binary_location = (
  File "C:\laragon\bin\python\python-3.10\lib\site-packages\selenium\webdriver\chromium\options.py", line 52, in binary_location
    raise TypeError(self.BINARY_LOCATION_ERROR)
TypeError: Binary Location Must be a String
2025-10-26 21:20:26,426 - ERROR - Error on attempt 119: Failed to setup driver
Traceback (most recent call last):
  File "C:\laragon\www\dapokalsel\sekolah\import_url_kabupaten.pyw", line 388, in process_url_induk
    logger.warning(f"Row {idx} missing data: kode={kode}, nama={nama}, url={full_url}")
Exception: Failed to setup driver
2025-10-26 21:20:26,427 - INFO - Retry attempt 120/300...
2025-10-26 21:20:41,428 - INFO - Setting up Chrome driver...
2025-10-26 21:20:41,429 - INFO - Using profile directory: C:\laragon\www\dapokalsel\chrome_profile
2025-10-26 21:20:41,430 - INFO - Initializing undetected Chrome driver...
2025-10-26 21:20:48,472 - INFO - patching driver executable C:\laragon\www\dapokalsel\sekolah\~\appdata\roaming\undetected_chromedriver\undetected_chromedriver.exe
2025-10-26 21:20:48,555 - ERROR - Failed to setup driver: Binary Location Must be a String
Traceback (most recent call last):
  File "C:\laragon\www\dapokalsel\sekolah\import_url_kabupaten.pyw", line 92, in setup_driver
    temp_dir = tempfile.gettempdir()
  File "C:\laragon\bin\python\python-3.10\lib\site-packages\undetected_chromedriver\__init__.py", line 372, in __init__
    options.binary_location = (
  File "C:\laragon\bin\python\python-3.10\lib\site-packages\selenium\webdriver\chromium\options.py", line 52, in binary_location
    raise TypeError(self.BINARY_LOCATION_ERROR)
TypeError: Binary Location Must be a String
2025-10-26 21:20:48,555 - ERROR - Error on attempt 120: Failed to setup driver
Traceback (most recent call last):
  File "C:\laragon\www\dapokalsel\sekolah\import_url_kabupaten.pyw", line 388, in process_url_induk
    logger.warning(f"Row {idx} missing data: kode={kode}, nama={nama}, url={full_url}")
Exception: Failed to setup driver
2025-10-26 21:20:48,555 - INFO - Retry attempt 121/300...
2025-10-26 21:21:03,556 - INFO - Setting up Chrome driver...
2025-10-26 21:21:03,556 - INFO - Using profile directory: C:\laragon\www\dapokalsel\chrome_profile
2025-10-26 21:21:03,556 - INFO - Initializing undetected Chrome driver...
2025-10-26 21:21:10,604 - INFO - patching driver executable C:\laragon\www\dapokalsel\sekolah\~\appdata\roaming\undetected_chromedriver\undetected_chromedriver.exe
2025-10-26 21:21:10,704 - ERROR - Failed to setup driver: Binary Location Must be a String
Traceback (most recent call last):
  File "C:\laragon\www\dapokalsel\sekolah\import_url_kabupaten.pyw", line 92, in setup_driver
    temp_dir = tempfile.gettempdir()
  File "C:\laragon\bin\python\python-3.10\lib\site-packages\undetected_chromedriver\__init__.py", line 372, in __init__
    options.binary_location = (
  File "C:\laragon\bin\python\python-3.10\lib\site-packages\selenium\webdriver\chromium\options.py", line 52, in binary_location
    raise TypeError(self.BINARY_LOCATION_ERROR)
TypeError: Binary Location Must be a String
2025-10-26 21:21:10,704 - ERROR - Error on attempt 121: Failed to setup driver
Traceback (most recent call last):
  File "C:\laragon\www\dapokalsel\sekolah\import_url_kabupaten.pyw", line 388, in process_url_induk
    logger.warning(f"Row {idx} missing data: kode={kode}, nama={nama}, url={full_url}")
Exception: Failed to setup driver
2025-10-26 21:21:10,704 - INFO - Retry attempt 122/300...
2025-10-26 21:21:25,718 - INFO - Setting up Chrome driver...
2025-10-26 21:21:25,722 - INFO - Using profile directory: C:\laragon\www\dapokalsel\chrome_profile
2025-10-26 21:21:25,722 - INFO - Initializing undetected Chrome driver...
2025-10-26 21:21:29,686 - INFO - patching driver executable C:\laragon\www\dapokalsel\sekolah\~\appdata\roaming\undetected_chromedriver\undetected_chromedriver.exe
2025-10-26 21:21:29,769 - ERROR - Failed to setup driver: Binary Location Must be a String
Traceback (most recent call last):
  File "C:\laragon\www\dapokalsel\sekolah\import_url_kabupaten.pyw", line 92, in setup_driver
    temp_dir = tempfile.gettempdir()
  File "C:\laragon\bin\python\python-3.10\lib\site-packages\undetected_chromedriver\__init__.py", line 372, in __init__
    options.binary_location = (
  File "C:\laragon\bin\python\python-3.10\lib\site-packages\selenium\webdriver\chromium\options.py", line 52, in binary_location
    raise TypeError(self.BINARY_LOCATION_ERROR)
TypeError: Binary Location Must be a String
2025-10-26 21:21:29,769 - ERROR - Error on attempt 122: Failed to setup driver
Traceback (most recent call last):
  File "C:\laragon\www\dapokalsel\sekolah\import_url_kabupaten.pyw", line 388, in process_url_induk
    logger.warning(f"Row {idx} missing data: kode={kode}, nama={nama}, url={full_url}")
Exception: Failed to setup driver
2025-10-26 21:21:29,769 - INFO - Retry attempt 123/300...
2025-10-26 21:21:44,771 - INFO - Setting up Chrome driver...
2025-10-26 21:21:44,772 - INFO - Using profile directory: C:\laragon\www\dapokalsel\chrome_profile
2025-10-26 21:21:44,773 - INFO - Initializing undetected Chrome driver...
2025-10-26 21:21:52,052 - INFO - patching driver executable C:\laragon\www\dapokalsel\sekolah\~\appdata\roaming\undetected_chromedriver\undetected_chromedriver.exe
2025-10-26 21:21:52,135 - ERROR - Failed to setup driver: Binary Location Must be a String
Traceback (most recent call last):
  File "C:\laragon\www\dapokalsel\sekolah\import_url_kabupaten.pyw", line 92, in setup_driver
    temp_dir = tempfile.gettempdir()
  File "C:\laragon\bin\python\python-3.10\lib\site-packages\undetected_chromedriver\__init__.py", line 372, in __init__
    options.binary_location = (
  File "C:\laragon\bin\python\python-3.10\lib\site-packages\selenium\webdriver\chromium\options.py", line 52, in binary_location
    raise TypeError(self.BINARY_LOCATION_ERROR)
TypeError: Binary Location Must be a String
2025-10-26 21:21:52,135 - ERROR - Error on attempt 123: Failed to setup driver
Traceback (most recent call last):
  File "C:\laragon\www\dapokalsel\sekolah\import_url_kabupaten.pyw", line 388, in process_url_induk
    logger.warning(f"Row {idx} missing data: kode={kode}, nama={nama}, url={full_url}")
Exception: Failed to setup driver
2025-10-26 21:21:52,135 - INFO - Retry attempt 124/300...
2025-10-26 21:22:07,136 - INFO - Setting up Chrome driver...
2025-10-26 21:22:07,137 - INFO - Using profile directory: C:\laragon\www\dapokalsel\chrome_profile
2025-10-26 21:22:07,138 - INFO - Initializing undetected Chrome driver...
2025-10-26 21:22:11,272 - INFO - patching driver executable C:\laragon\www\dapokalsel\sekolah\~\appdata\roaming\undetected_chromedriver\undetected_chromedriver.exe
2025-10-26 21:22:11,350 - ERROR - Failed to setup driver: Binary Location Must be a String
Traceback (most recent call last):
  File "C:\laragon\www\dapokalsel\sekolah\import_url_kabupaten.pyw", line 92, in setup_driver
    temp_dir = tempfile.gettempdir()
  File "C:\laragon\bin\python\python-3.10\lib\site-packages\undetected_chromedriver\__init__.py", line 372, in __init__
    options.binary_location = (
  File "C:\laragon\bin\python\python-3.10\lib\site-packages\selenium\webdriver\chromium\options.py", line 52, in binary_location
    raise TypeError(self.BINARY_LOCATION_ERROR)
TypeError: Binary Location Must be a String
2025-10-26 21:22:11,350 - ERROR - Error on attempt 124: Failed to setup driver
Traceback (most recent call last):
  File "C:\laragon\www\dapokalsel\sekolah\import_url_kabupaten.pyw", line 388, in process_url_induk
    logger.warning(f"Row {idx} missing data: kode={kode}, nama={nama}, url={full_url}")
Exception: Failed to setup driver
2025-10-26 21:22:11,350 - INFO - Retry attempt 125/300...
2025-10-26 21:22:26,365 - INFO - Setting up Chrome driver...
2025-10-26 21:22:26,367 - INFO - Using profile directory: C:\laragon\www\dapokalsel\chrome_profile
2025-10-26 21:22:26,367 - INFO - Initializing undetected Chrome driver...
2025-10-26 21:22:33,032 - ERROR - Failed to setup driver: [WinError 183] Cannot create a file when that file already exists: 'C:\\laragon\\www\\dapokalsel\\sekolah\\~\\appdata\\roaming\\undetected_chromedriver\\undetected\\chromedriver-win32\\chromedriver.exe' -> 'C:\\laragon\\www\\dapokalsel\\sekolah\\~\\appdata\\roaming\\undetected_chromedriver\\undetected_chromedriver.exe'
Traceback (most recent call last):
  File "C:\laragon\www\dapokalsel\sekolah\import_url_kabupaten.pyw", line 92, in setup_driver
    temp_dir = tempfile.gettempdir()
  File "C:\laragon\bin\python\python-3.10\lib\site-packages\undetected_chromedriver\__init__.py", line 258, in __init__
    self.patcher.auto()
  File "C:\laragon\bin\python\python-3.10\lib\site-packages\undetected_chromedriver\patcher.py", line 178, in auto
    self.unzip_package(self.fetch_package())
  File "C:\laragon\bin\python\python-3.10\lib\site-packages\undetected_chromedriver\patcher.py", line 310, in unzip_package
    os.rename(os.path.join(self.zip_path, exe_path), self.executable_path)
FileExistsError: [WinError 183] Cannot create a file when that file already exists: 'C:\\laragon\\www\\dapokalsel\\sekolah\\~\\appdata\\roaming\\undetected_chromedriver\\undetected\\chromedriver-win32\\chromedriver.exe' -> 'C:\\laragon\\www\\dapokalsel\\sekolah\\~\\appdata\\roaming\\undetected_chromedriver\\undetected_chromedriver.exe'
2025-10-26 21:22:33,032 - ERROR - Error on attempt 125: Failed to setup driver
Traceback (most recent call last):
  File "C:\laragon\www\dapokalsel\sekolah\import_url_kabupaten.pyw", line 388, in process_url_induk
    logger.warning(f"Row {idx} missing data: kode={kode}, nama={nama}, url={full_url}")
Exception: Failed to setup driver
2025-10-26 21:22:33,032 - INFO - Retry attempt 126/300...
2025-10-26 21:22:48,033 - INFO - Setting up Chrome driver...
2025-10-26 21:22:48,035 - INFO - Using profile directory: C:\laragon\www\dapokalsel\chrome_profile
2025-10-26 21:22:48,036 - INFO - Initializing undetected Chrome driver...
2025-10-26 21:22:55,063 - INFO - patching driver executable C:\laragon\www\dapokalsel\sekolah\~\appdata\roaming\undetected_chromedriver\undetected_chromedriver.exe
2025-10-26 21:22:55,146 - ERROR - Failed to setup driver: Binary Location Must be a String
Traceback (most recent call last):
  File "C:\laragon\www\dapokalsel\sekolah\import_url_kabupaten.pyw", line 92, in setup_driver
    temp_dir = tempfile.gettempdir()
  File "C:\laragon\bin\python\python-3.10\lib\site-packages\undetected_chromedriver\__init__.py", line 372, in __init__
    options.binary_location = (
  File "C:\laragon\bin\python\python-3.10\lib\site-packages\selenium\webdriver\chromium\options.py", line 52, in binary_location
    raise TypeError(self.BINARY_LOCATION_ERROR)
TypeError: Binary Location Must be a String
2025-10-26 21:22:55,146 - ERROR - Error on attempt 126: Failed to setup driver
Traceback (most recent call last):
  File "C:\laragon\www\dapokalsel\sekolah\import_url_kabupaten.pyw", line 388, in process_url_induk
    logger.warning(f"Row {idx} missing data: kode={kode}, nama={nama}, url={full_url}")
Exception: Failed to setup driver
2025-10-26 21:22:55,146 - INFO - Retry attempt 127/300...
2025-10-26 21:23:10,146 - INFO - Setting up Chrome driver...
2025-10-26 21:23:10,147 - INFO - Using profile directory: C:\laragon\www\dapokalsel\chrome_profile
2025-10-26 21:23:10,147 - INFO - Initializing undetected Chrome driver...
2025-10-26 21:23:10,165 - ERROR - Failed to setup driver: Binary Location Must be a String
Traceback (most recent call last):
  File "C:\laragon\www\dapokalsel\sekolah\import_url_kabupaten.pyw", line 92, in setup_driver
    temp_dir = tempfile.gettempdir()
  File "C:\laragon\bin\python\python-3.10\lib\site-packages\undetected_chromedriver\__init__.py", line 372, in __init__
    options.binary_location = (
  File "C:\laragon\bin\python\python-3.10\lib\site-packages\selenium\webdriver\chromium\options.py", line 52, in binary_location
    raise TypeError(self.BINARY_LOCATION_ERROR)
TypeError: Binary Location Must be a String
2025-10-26 21:23:10,165 - ERROR - Error on attempt 127: Failed to setup driver
Traceback (most recent call last):
  File "C:\laragon\www\dapokalsel\sekolah\import_url_kabupaten.pyw", line 388, in process_url_induk
    logger.warning(f"Row {idx} missing data: kode={kode}, nama={nama}, url={full_url}")
Exception: Failed to setup driver
2025-10-26 21:23:10,165 - INFO - Retry attempt 128/300...
2025-10-26 21:23:25,165 - INFO - Setting up Chrome driver...
2025-10-26 21:23:25,167 - INFO - Using profile directory: C:\laragon\www\dapokalsel\chrome_profile
2025-10-26 21:23:25,167 - INFO - Initializing undetected Chrome driver...
2025-10-26 21:23:29,716 - INFO - patching driver executable C:\laragon\www\dapokalsel\sekolah\~\appdata\roaming\undetected_chromedriver\undetected_chromedriver.exe
2025-10-26 21:23:29,796 - ERROR - Failed to setup driver: Binary Location Must be a String
Traceback (most recent call last):
  File "C:\laragon\www\dapokalsel\sekolah\import_url_kabupaten.pyw", line 92, in setup_driver
    temp_dir = tempfile.gettempdir()
  File "C:\laragon\bin\python\python-3.10\lib\site-packages\undetected_chromedriver\__init__.py", line 372, in __init__
    options.binary_location = (
  File "C:\laragon\bin\python\python-3.10\lib\site-packages\selenium\webdriver\chromium\options.py", line 52, in binary_location
    raise TypeError(self.BINARY_LOCATION_ERROR)
TypeError: Binary Location Must be a String
2025-10-26 21:23:29,796 - ERROR - Error on attempt 128: Failed to setup driver
Traceback (most recent call last):
  File "C:\laragon\www\dapokalsel\sekolah\import_url_kabupaten.pyw", line 388, in process_url_induk
    logger.warning(f"Row {idx} missing data: kode={kode}, nama={nama}, url={full_url}")
Exception: Failed to setup driver
2025-10-26 21:23:29,796 - INFO - Retry attempt 129/300...
2025-10-26 21:23:44,797 - INFO - Setting up Chrome driver...
2025-10-26 21:23:44,798 - INFO - Using profile directory: C:\laragon\www\dapokalsel\chrome_profile
2025-10-26 21:23:44,798 - INFO - Initializing undetected Chrome driver...
2025-10-26 21:23:52,876 - ERROR - Failed to setup driver: [WinError 183] Cannot create a file when that file already exists: 'C:\\laragon\\www\\dapokalsel\\sekolah\\~\\appdata\\roaming\\undetected_chromedriver\\undetected\\chromedriver-win32\\chromedriver.exe' -> 'C:\\laragon\\www\\dapokalsel\\sekolah\\~\\appdata\\roaming\\undetected_chromedriver\\undetected_chromedriver.exe'
Traceback (most recent call last):
  File "C:\laragon\www\dapokalsel\sekolah\import_url_kabupaten.pyw", line 92, in setup_driver
    temp_dir = tempfile.gettempdir()
  File "C:\laragon\bin\python\python-3.10\lib\site-packages\undetected_chromedriver\__init__.py", line 258, in __init__
    self.patcher.auto()
  File "C:\laragon\bin\python\python-3.10\lib\site-packages\undetected_chromedriver\patcher.py", line 178, in auto
    self.unzip_package(self.fetch_package())
  File "C:\laragon\bin\python\python-3.10\lib\site-packages\undetected_chromedriver\patcher.py", line 310, in unzip_package
    os.rename(os.path.join(self.zip_path, exe_path), self.executable_path)
FileExistsError: [WinError 183] Cannot create a file when that file already exists: 'C:\\laragon\\www\\dapokalsel\\sekolah\\~\\appdata\\roaming\\undetected_chromedriver\\undetected\\chromedriver-win32\\chromedriver.exe' -> 'C:\\laragon\\www\\dapokalsel\\sekolah\\~\\appdata\\roaming\\undetected_chromedriver\\undetected_chromedriver.exe'
2025-10-26 21:23:52,876 - ERROR - Error on attempt 129: Failed to setup driver
Traceback (most recent call last):
  File "C:\laragon\www\dapokalsel\sekolah\import_url_kabupaten.pyw", line 388, in process_url_induk
    logger.warning(f"Row {idx} missing data: kode={kode}, nama={nama}, url={full_url}")
Exception: Failed to setup driver
2025-10-26 21:23:52,876 - INFO - Retry attempt 130/300...
2025-10-26 21:24:07,878 - INFO - Setting up Chrome driver...
2025-10-26 21:24:07,879 - INFO - Using profile directory: C:\laragon\www\dapokalsel\chrome_profile
2025-10-26 21:24:07,879 - INFO - Initializing undetected Chrome driver...
2025-10-26 21:24:16,326 - INFO - patching driver executable C:\laragon\www\dapokalsel\sekolah\~\appdata\roaming\undetected_chromedriver\undetected_chromedriver.exe
2025-10-26 21:24:16,410 - ERROR - Failed to setup driver: Binary Location Must be a String
Traceback (most recent call last):
  File "C:\laragon\www\dapokalsel\sekolah\import_url_kabupaten.pyw", line 92, in setup_driver
    temp_dir = tempfile.gettempdir()
  File "C:\laragon\bin\python\python-3.10\lib\site-packages\undetected_chromedriver\__init__.py", line 372, in __init__
    options.binary_location = (
  File "C:\laragon\bin\python\python-3.10\lib\site-packages\selenium\webdriver\chromium\options.py", line 52, in binary_location
    raise TypeError(self.BINARY_LOCATION_ERROR)
TypeError: Binary Location Must be a String
2025-10-26 21:24:16,410 - ERROR - Error on attempt 130: Failed to setup driver
Traceback (most recent call last):
  File "C:\laragon\www\dapokalsel\sekolah\import_url_kabupaten.pyw", line 388, in process_url_induk
    logger.warning(f"Row {idx} missing data: kode={kode}, nama={nama}, url={full_url}")
Exception: Failed to setup driver
2025-10-26 21:24:16,410 - INFO - Retry attempt 131/300...
2025-10-26 21:24:31,411 - INFO - Setting up Chrome driver...
2025-10-26 21:24:31,412 - INFO - Using profile directory: C:\laragon\www\dapokalsel\chrome_profile
2025-10-26 21:24:31,412 - INFO - Initializing undetected Chrome driver...
2025-10-26 21:24:36,990 - INFO - patching driver executable C:\laragon\www\dapokalsel\sekolah\~\appdata\roaming\undetected_chromedriver\undetected_chromedriver.exe
2025-10-26 21:24:37,074 - ERROR - Failed to setup driver: Binary Location Must be a String
Traceback (most recent call last):
  File "C:\laragon\www\dapokalsel\sekolah\import_url_kabupaten.pyw", line 92, in setup_driver
    temp_dir = tempfile.gettempdir()
  File "C:\laragon\bin\python\python-3.10\lib\site-packages\undetected_chromedriver\__init__.py", line 372, in __init__
    options.binary_location = (
  File "C:\laragon\bin\python\python-3.10\lib\site-packages\selenium\webdriver\chromium\options.py", line 52, in binary_location
    raise TypeError(self.BINARY_LOCATION_ERROR)
TypeError: Binary Location Must be a String
2025-10-26 21:24:37,074 - ERROR - Error on attempt 131: Failed to setup driver
Traceback (most recent call last):
  File "C:\laragon\www\dapokalsel\sekolah\import_url_kabupaten.pyw", line 388, in process_url_induk
    logger.warning(f"Row {idx} missing data: kode={kode}, nama={nama}, url={full_url}")
Exception: Failed to setup driver
2025-10-26 21:24:37,090 - INFO - Retry attempt 132/300...
2025-10-26 21:24:52,090 - INFO - Setting up Chrome driver...
2025-10-26 21:24:52,093 - INFO - Using profile directory: C:\laragon\www\dapokalsel\chrome_profile
2025-10-26 21:24:52,094 - INFO - Initializing undetected Chrome driver...
2025-10-26 21:25:05,441 - INFO - patching driver executable C:\laragon\www\dapokalsel\sekolah\~\appdata\roaming\undetected_chromedriver\undetected_chromedriver.exe
2025-10-26 21:25:05,558 - ERROR - Failed to setup driver: Binary Location Must be a String
Traceback (most recent call last):
  File "C:\laragon\www\dapokalsel\sekolah\import_url_kabupaten.pyw", line 92, in setup_driver
    temp_dir = tempfile.gettempdir()
  File "C:\laragon\bin\python\python-3.10\lib\site-packages\undetected_chromedriver\__init__.py", line 372, in __init__
    options.binary_location = (
  File "C:\laragon\bin\python\python-3.10\lib\site-packages\selenium\webdriver\chromium\options.py", line 52, in binary_location
    raise TypeError(self.BINARY_LOCATION_ERROR)
TypeError: Binary Location Must be a String
2025-10-26 21:25:05,558 - ERROR - Error on attempt 132: Failed to setup driver
Traceback (most recent call last):
  File "C:\laragon\www\dapokalsel\sekolah\import_url_kabupaten.pyw", line 388, in process_url_induk
    logger.warning(f"Row {idx} missing data: kode={kode}, nama={nama}, url={full_url}")
Exception: Failed to setup driver
2025-10-26 21:25:05,558 - INFO - Retry attempt 133/300...
2025-10-26 21:25:20,558 - INFO - Setting up Chrome driver...
2025-10-26 21:25:20,558 - INFO - Using profile directory: C:\laragon\www\dapokalsel\chrome_profile
2025-10-26 21:25:20,558 - INFO - Initializing undetected Chrome driver...
2025-10-26 21:25:28,460 - INFO - patching driver executable C:\laragon\www\dapokalsel\sekolah\~\appdata\roaming\undetected_chromedriver\undetected_chromedriver.exe
2025-10-26 21:25:28,557 - ERROR - Failed to setup driver: Binary Location Must be a String
Traceback (most recent call last):
  File "C:\laragon\www\dapokalsel\sekolah\import_url_kabupaten.pyw", line 92, in setup_driver
    temp_dir = tempfile.gettempdir()
  File "C:\laragon\bin\python\python-3.10\lib\site-packages\undetected_chromedriver\__init__.py", line 372, in __init__
    options.binary_location = (
  File "C:\laragon\bin\python\python-3.10\lib\site-packages\selenium\webdriver\chromium\options.py", line 52, in binary_location
    raise TypeError(self.BINARY_LOCATION_ERROR)
TypeError: Binary Location Must be a String
2025-10-26 21:25:28,557 - ERROR - Error on attempt 133: Failed to setup driver
Traceback (most recent call last):
  File "C:\laragon\www\dapokalsel\sekolah\import_url_kabupaten.pyw", line 388, in process_url_induk
    logger.warning(f"Row {idx} missing data: kode={kode}, nama={nama}, url={full_url}")
Exception: Failed to setup driver
2025-10-26 21:25:28,557 - INFO - Retry attempt 134/300...
2025-10-26 21:25:43,557 - INFO - Setting up Chrome driver...
2025-10-26 21:25:43,559 - INFO - Using profile directory: C:\laragon\www\dapokalsel\chrome_profile
2025-10-26 21:25:43,561 - INFO - Initializing undetected Chrome driver...
2025-10-26 21:25:49,805 - INFO - patching driver executable C:\laragon\www\dapokalsel\sekolah\~\appdata\roaming\undetected_chromedriver\undetected_chromedriver.exe
2025-10-26 21:25:49,889 - ERROR - Failed to setup driver: Binary Location Must be a String
Traceback (most recent call last):
  File "C:\laragon\www\dapokalsel\sekolah\import_url_kabupaten.pyw", line 92, in setup_driver
    temp_dir = tempfile.gettempdir()
  File "C:\laragon\bin\python\python-3.10\lib\site-packages\undetected_chromedriver\__init__.py", line 372, in __init__
    options.binary_location = (
  File "C:\laragon\bin\python\python-3.10\lib\site-packages\selenium\webdriver\chromium\options.py", line 52, in binary_location
    raise TypeError(self.BINARY_LOCATION_ERROR)
TypeError: Binary Location Must be a String
2025-10-26 21:25:49,889 - ERROR - Error on attempt 134: Failed to setup driver
Traceback (most recent call last):
  File "C:\laragon\www\dapokalsel\sekolah\import_url_kabupaten.pyw", line 388, in process_url_induk
    logger.warning(f"Row {idx} missing data: kode={kode}, nama={nama}, url={full_url}")
Exception: Failed to setup driver
2025-10-26 21:25:49,889 - INFO - Retry attempt 135/300...
2025-10-26 21:26:04,890 - INFO - Setting up Chrome driver...
2025-10-26 21:26:04,890 - INFO - Using profile directory: C:\laragon\www\dapokalsel\chrome_profile
2025-10-26 21:26:04,891 - INFO - Initializing undetected Chrome driver...
2025-10-26 21:26:10,405 - INFO - patching driver executable C:\laragon\www\dapokalsel\sekolah\~\appdata\roaming\undetected_chromedriver\undetected_chromedriver.exe
2025-10-26 21:26:10,486 - ERROR - Failed to setup driver: Binary Location Must be a String
Traceback (most recent call last):
  File "C:\laragon\www\dapokalsel\sekolah\import_url_kabupaten.pyw", line 92, in setup_driver
    temp_dir = tempfile.gettempdir()
  File "C:\laragon\bin\python\python-3.10\lib\site-packages\undetected_chromedriver\__init__.py", line 372, in __init__
    options.binary_location = (
  File "C:\laragon\bin\python\python-3.10\lib\site-packages\selenium\webdriver\chromium\options.py", line 52, in binary_location
    raise TypeError(self.BINARY_LOCATION_ERROR)
TypeError: Binary Location Must be a String
2025-10-26 21:26:10,487 - ERROR - Error on attempt 135: Failed to setup driver
Traceback (most recent call last):
  File "C:\laragon\www\dapokalsel\sekolah\import_url_kabupaten.pyw", line 388, in process_url_induk
    logger.warning(f"Row {idx} missing data: kode={kode}, nama={nama}, url={full_url}")
Exception: Failed to setup driver
2025-10-26 21:26:10,488 - INFO - Retry attempt 136/300...
2025-10-26 21:26:25,489 - INFO - Setting up Chrome driver...
2025-10-26 21:26:25,489 - INFO - Using profile directory: C:\laragon\www\dapokalsel\chrome_profile
2025-10-26 21:26:25,489 - INFO - Initializing undetected Chrome driver...
2025-10-26 21:26:31,696 - INFO - patching driver executable C:\laragon\www\dapokalsel\sekolah\~\appdata\roaming\undetected_chromedriver\undetected_chromedriver.exe
2025-10-26 21:26:31,770 - ERROR - Failed to setup driver: Binary Location Must be a String
Traceback (most recent call last):
  File "C:\laragon\www\dapokalsel\sekolah\import_url_kabupaten.pyw", line 92, in setup_driver
    temp_dir = tempfile.gettempdir()
  File "C:\laragon\bin\python\python-3.10\lib\site-packages\undetected_chromedriver\__init__.py", line 372, in __init__
    options.binary_location = (
  File "C:\laragon\bin\python\python-3.10\lib\site-packages\selenium\webdriver\chromium\options.py", line 52, in binary_location
    raise TypeError(self.BINARY_LOCATION_ERROR)
TypeError: Binary Location Must be a String
2025-10-26 21:26:31,770 - ERROR - Error on attempt 136: Failed to setup driver
Traceback (most recent call last):
  File "C:\laragon\www\dapokalsel\sekolah\import_url_kabupaten.pyw", line 388, in process_url_induk
    logger.warning(f"Row {idx} missing data: kode={kode}, nama={nama}, url={full_url}")
Exception: Failed to setup driver
2025-10-26 21:26:31,770 - INFO - Retry attempt 137/300...
2025-10-26 21:26:46,785 - INFO - Setting up Chrome driver...
2025-10-26 21:26:46,786 - INFO - Using profile directory: C:\laragon\www\dapokalsel\chrome_profile
2025-10-26 21:26:46,786 - INFO - Initializing undetected Chrome driver...
2025-10-26 21:26:58,052 - INFO - patching driver executable C:\laragon\www\dapokalsel\sekolah\~\appdata\roaming\undetected_chromedriver\undetected_chromedriver.exe
2025-10-26 21:26:58,169 - ERROR - Failed to setup driver: Binary Location Must be a String
Traceback (most recent call last):
  File "C:\laragon\www\dapokalsel\sekolah\import_url_kabupaten.pyw", line 92, in setup_driver
    temp_dir = tempfile.gettempdir()
  File "C:\laragon\bin\python\python-3.10\lib\site-packages\undetected_chromedriver\__init__.py", line 372, in __init__
    options.binary_location = (
  File "C:\laragon\bin\python\python-3.10\lib\site-packages\selenium\webdriver\chromium\options.py", line 52, in binary_location
    raise TypeError(self.BINARY_LOCATION_ERROR)
TypeError: Binary Location Must be a String
2025-10-26 21:26:58,169 - ERROR - Error on attempt 137: Failed to setup driver
Traceback (most recent call last):
  File "C:\laragon\www\dapokalsel\sekolah\import_url_kabupaten.pyw", line 388, in process_url_induk
    logger.warning(f"Row {idx} missing data: kode={kode}, nama={nama}, url={full_url}")
Exception: Failed to setup driver
2025-10-26 21:26:58,169 - INFO - Retry attempt 138/300...
2025-10-26 21:27:13,192 - INFO - Setting up Chrome driver...
2025-10-26 21:27:13,193 - INFO - Using profile directory: C:\laragon\www\dapokalsel\chrome_profile
2025-10-26 21:27:13,193 - INFO - Initializing undetected Chrome driver...
2025-10-26 21:27:24,719 - ERROR - Failed to setup driver: [WinError 183] Cannot create a file when that file already exists: 'C:\\laragon\\www\\dapokalsel\\sekolah\\~\\appdata\\roaming\\undetected_chromedriver\\undetected\\chromedriver-win32\\chromedriver.exe' -> 'C:\\laragon\\www\\dapokalsel\\sekolah\\~\\appdata\\roaming\\undetected_chromedriver\\undetected_chromedriver.exe'
Traceback (most recent call last):
  File "C:\laragon\www\dapokalsel\sekolah\import_url_kabupaten.pyw", line 92, in setup_driver
    temp_dir = tempfile.gettempdir()
  File "C:\laragon\bin\python\python-3.10\lib\site-packages\undetected_chromedriver\__init__.py", line 258, in __init__
    self.patcher.auto()
  File "C:\laragon\bin\python\python-3.10\lib\site-packages\undetected_chromedriver\patcher.py", line 178, in auto
    self.unzip_package(self.fetch_package())
  File "C:\laragon\bin\python\python-3.10\lib\site-packages\undetected_chromedriver\patcher.py", line 310, in unzip_package
    os.rename(os.path.join(self.zip_path, exe_path), self.executable_path)
FileExistsError: [WinError 183] Cannot create a file when that file already exists: 'C:\\laragon\\www\\dapokalsel\\sekolah\\~\\appdata\\roaming\\undetected_chromedriver\\undetected\\chromedriver-win32\\chromedriver.exe' -> 'C:\\laragon\\www\\dapokalsel\\sekolah\\~\\appdata\\roaming\\undetected_chromedriver\\undetected_chromedriver.exe'
2025-10-26 21:27:24,720 - ERROR - Error on attempt 138: Failed to setup driver
Traceback (most recent call last):
  File "C:\laragon\www\dapokalsel\sekolah\import_url_kabupaten.pyw", line 388, in process_url_induk
    logger.warning(f"Row {idx} missing data: kode={kode}, nama={nama}, url={full_url}")
Exception: Failed to setup driver
2025-10-26 21:27:24,720 - INFO - Retry attempt 139/300...
2025-10-26 21:27:39,721 - INFO - Setting up Chrome driver...
2025-10-26 21:27:39,722 - INFO - Using profile directory: C:\laragon\www\dapokalsel\chrome_profile
2025-10-26 21:27:39,724 - INFO - Initializing undetected Chrome driver...
2025-10-26 21:27:46,650 - INFO - patching driver executable C:\laragon\www\dapokalsel\sekolah\~\appdata\roaming\undetected_chromedriver\undetected_chromedriver.exe
2025-10-26 21:27:46,765 - ERROR - Failed to setup driver: Binary Location Must be a String
Traceback (most recent call last):
  File "C:\laragon\www\dapokalsel\sekolah\import_url_kabupaten.pyw", line 92, in setup_driver
    temp_dir = tempfile.gettempdir()
  File "C:\laragon\bin\python\python-3.10\lib\site-packages\undetected_chromedriver\__init__.py", line 372, in __init__
    options.binary_location = (
  File "C:\laragon\bin\python\python-3.10\lib\site-packages\selenium\webdriver\chromium\options.py", line 52, in binary_location
    raise TypeError(self.BINARY_LOCATION_ERROR)
TypeError: Binary Location Must be a String
2025-10-26 21:27:46,766 - ERROR - Error on attempt 139: Failed to setup driver
Traceback (most recent call last):
  File "C:\laragon\www\dapokalsel\sekolah\import_url_kabupaten.pyw", line 388, in process_url_induk
    logger.warning(f"Row {idx} missing data: kode={kode}, nama={nama}, url={full_url}")
Exception: Failed to setup driver
2025-10-26 21:27:46,766 - INFO - Retry attempt 140/300...
2025-10-26 21:28:01,766 - INFO - Setting up Chrome driver...
2025-10-26 21:28:01,766 - INFO - Using profile directory: C:\laragon\www\dapokalsel\chrome_profile
2025-10-26 21:28:01,766 - INFO - Initializing undetected Chrome driver...
2025-10-26 21:28:12,919 - ERROR - Failed to setup driver: [WinError 183] Cannot create a file when that file already exists: 'C:\\laragon\\www\\dapokalsel\\sekolah\\~\\appdata\\roaming\\undetected_chromedriver\\undetected\\chromedriver-win32\\chromedriver.exe' -> 'C:\\laragon\\www\\dapokalsel\\sekolah\\~\\appdata\\roaming\\undetected_chromedriver\\undetected_chromedriver.exe'
Traceback (most recent call last):
  File "C:\laragon\www\dapokalsel\sekolah\import_url_kabupaten.pyw", line 92, in setup_driver
    temp_dir = tempfile.gettempdir()
  File "C:\laragon\bin\python\python-3.10\lib\site-packages\undetected_chromedriver\__init__.py", line 258, in __init__
    self.patcher.auto()
  File "C:\laragon\bin\python\python-3.10\lib\site-packages\undetected_chromedriver\patcher.py", line 178, in auto
    self.unzip_package(self.fetch_package())
  File "C:\laragon\bin\python\python-3.10\lib\site-packages\undetected_chromedriver\patcher.py", line 310, in unzip_package
    os.rename(os.path.join(self.zip_path, exe_path), self.executable_path)
FileExistsError: [WinError 183] Cannot create a file when that file already exists: 'C:\\laragon\\www\\dapokalsel\\sekolah\\~\\appdata\\roaming\\undetected_chromedriver\\undetected\\chromedriver-win32\\chromedriver.exe' -> 'C:\\laragon\\www\\dapokalsel\\sekolah\\~\\appdata\\roaming\\undetected_chromedriver\\undetected_chromedriver.exe'
2025-10-26 21:28:12,920 - ERROR - Error on attempt 140: Failed to setup driver
Traceback (most recent call last):
  File "C:\laragon\www\dapokalsel\sekolah\import_url_kabupaten.pyw", line 388, in process_url_induk
    logger.warning(f"Row {idx} missing data: kode={kode}, nama={nama}, url={full_url}")
Exception: Failed to setup driver
2025-10-26 21:28:12,920 - INFO - Retry attempt 141/300...
2025-10-26 21:28:27,920 - INFO - Setting up Chrome driver...
2025-10-26 21:28:27,921 - INFO - Using profile directory: C:\laragon\www\dapokalsel\chrome_profile
2025-10-26 21:28:27,921 - INFO - Initializing undetected Chrome driver...
2025-10-26 21:28:37,249 - ERROR - Failed to setup driver: [WinError 183] Cannot create a file when that file already exists: 'C:\\laragon\\www\\dapokalsel\\sekolah\\~\\appdata\\roaming\\undetected_chromedriver\\undetected\\chromedriver-win32\\chromedriver.exe' -> 'C:\\laragon\\www\\dapokalsel\\sekolah\\~\\appdata\\roaming\\undetected_chromedriver\\undetected_chromedriver.exe'
Traceback (most recent call last):
  File "C:\laragon\www\dapokalsel\sekolah\import_url_kabupaten.pyw", line 92, in setup_driver
    temp_dir = tempfile.gettempdir()
  File "C:\laragon\bin\python\python-3.10\lib\site-packages\undetected_chromedriver\__init__.py", line 258, in __init__
    self.patcher.auto()
  File "C:\laragon\bin\python\python-3.10\lib\site-packages\undetected_chromedriver\patcher.py", line 178, in auto
    self.unzip_package(self.fetch_package())
  File "C:\laragon\bin\python\python-3.10\lib\site-packages\undetected_chromedriver\patcher.py", line 310, in unzip_package
    os.rename(os.path.join(self.zip_path, exe_path), self.executable_path)
FileExistsError: [WinError 183] Cannot create a file when that file already exists: 'C:\\laragon\\www\\dapokalsel\\sekolah\\~\\appdata\\roaming\\undetected_chromedriver\\undetected\\chromedriver-win32\\chromedriver.exe' -> 'C:\\laragon\\www\\dapokalsel\\sekolah\\~\\appdata\\roaming\\undetected_chromedriver\\undetected_chromedriver.exe'
2025-10-26 21:28:37,250 - ERROR - Error on attempt 141: Failed to setup driver
Traceback (most recent call last):
  File "C:\laragon\www\dapokalsel\sekolah\import_url_kabupaten.pyw", line 388, in process_url_induk
    logger.warning(f"Row {idx} missing data: kode={kode}, nama={nama}, url={full_url}")
Exception: Failed to setup driver
2025-10-26 21:28:37,250 - INFO - Retry attempt 142/300...
2025-10-26 21:28:52,250 - INFO - Setting up Chrome driver...
2025-10-26 21:28:52,251 - INFO - Using profile directory: C:\laragon\www\dapokalsel\chrome_profile
2025-10-26 21:28:52,251 - INFO - Initializing undetected Chrome driver...
2025-10-26 21:29:03,199 - INFO - patching driver executable C:\laragon\www\dapokalsel\sekolah\~\appdata\roaming\undetected_chromedriver\undetected_chromedriver.exe
2025-10-26 21:29:03,301 - ERROR - Failed to setup driver: Binary Location Must be a String
Traceback (most recent call last):
  File "C:\laragon\www\dapokalsel\sekolah\import_url_kabupaten.pyw", line 92, in setup_driver
    temp_dir = tempfile.gettempdir()
  File "C:\laragon\bin\python\python-3.10\lib\site-packages\undetected_chromedriver\__init__.py", line 372, in __init__
    options.binary_location = (
  File "C:\laragon\bin\python\python-3.10\lib\site-packages\selenium\webdriver\chromium\options.py", line 52, in binary_location
    raise TypeError(self.BINARY_LOCATION_ERROR)
TypeError: Binary Location Must be a String
2025-10-26 21:29:03,302 - ERROR - Error on attempt 142: Failed to setup driver
Traceback (most recent call last):
  File "C:\laragon\www\dapokalsel\sekolah\import_url_kabupaten.pyw", line 388, in process_url_induk
    logger.warning(f"Row {idx} missing data: kode={kode}, nama={nama}, url={full_url}")
Exception: Failed to setup driver
2025-10-26 21:29:03,302 - INFO - Retry attempt 143/300...
2025-10-26 21:29:18,309 - INFO - Setting up Chrome driver...
2025-10-26 21:29:18,311 - INFO - Using profile directory: C:\laragon\www\dapokalsel\chrome_profile
2025-10-26 21:29:18,311 - INFO - Initializing undetected Chrome driver...
2025-10-26 21:29:34,524 - ERROR - Failed to setup driver: [WinError 183] Cannot create a file when that file already exists: 'C:\\laragon\\www\\dapokalsel\\sekolah\\~\\appdata\\roaming\\undetected_chromedriver\\undetected\\chromedriver-win32\\chromedriver.exe' -> 'C:\\laragon\\www\\dapokalsel\\sekolah\\~\\appdata\\roaming\\undetected_chromedriver\\undetected_chromedriver.exe'
Traceback (most recent call last):
  File "C:\laragon\www\dapokalsel\sekolah\import_url_kabupaten.pyw", line 92, in setup_driver
    temp_dir = tempfile.gettempdir()
  File "C:\laragon\bin\python\python-3.10\lib\site-packages\undetected_chromedriver\__init__.py", line 258, in __init__
    self.patcher.auto()
  File "C:\laragon\bin\python\python-3.10\lib\site-packages\undetected_chromedriver\patcher.py", line 178, in auto
    self.unzip_package(self.fetch_package())
  File "C:\laragon\bin\python\python-3.10\lib\site-packages\undetected_chromedriver\patcher.py", line 310, in unzip_package
    os.rename(os.path.join(self.zip_path, exe_path), self.executable_path)
FileExistsError: [WinError 183] Cannot create a file when that file already exists: 'C:\\laragon\\www\\dapokalsel\\sekolah\\~\\appdata\\roaming\\undetected_chromedriver\\undetected\\chromedriver-win32\\chromedriver.exe' -> 'C:\\laragon\\www\\dapokalsel\\sekolah\\~\\appdata\\roaming\\undetected_chromedriver\\undetected_chromedriver.exe'
2025-10-26 21:29:34,526 - ERROR - Error on attempt 143: Failed to setup driver
Traceback (most recent call last):
  File "C:\laragon\www\dapokalsel\sekolah\import_url_kabupaten.pyw", line 388, in process_url_induk
    logger.warning(f"Row {idx} missing data: kode={kode}, nama={nama}, url={full_url}")
Exception: Failed to setup driver
2025-10-26 21:29:34,527 - INFO - Retry attempt 144/300...
2025-10-26 21:29:49,540 - INFO - Setting up Chrome driver...
2025-10-26 21:29:49,543 - INFO - Using profile directory: C:\laragon\www\dapokalsel\chrome_profile
2025-10-26 21:29:49,543 - INFO - Initializing undetected Chrome driver...
2025-10-26 21:30:06,069 - INFO - patching driver executable C:\laragon\www\dapokalsel\sekolah\~\appdata\roaming\undetected_chromedriver\undetected_chromedriver.exe
2025-10-26 21:30:06,157 - ERROR - Failed to setup driver: Binary Location Must be a String
Traceback (most recent call last):
  File "C:\laragon\www\dapokalsel\sekolah\import_url_kabupaten.pyw", line 92, in setup_driver
    temp_dir = tempfile.gettempdir()
  File "C:\laragon\bin\python\python-3.10\lib\site-packages\undetected_chromedriver\__init__.py", line 372, in __init__
    options.binary_location = (
  File "C:\laragon\bin\python\python-3.10\lib\site-packages\selenium\webdriver\chromium\options.py", line 52, in binary_location
    raise TypeError(self.BINARY_LOCATION_ERROR)
TypeError: Binary Location Must be a String
2025-10-26 21:30:06,158 - ERROR - Error on attempt 144: Failed to setup driver
Traceback (most recent call last):
  File "C:\laragon\www\dapokalsel\sekolah\import_url_kabupaten.pyw", line 388, in process_url_induk
    logger.warning(f"Row {idx} missing data: kode={kode}, nama={nama}, url={full_url}")
Exception: Failed to setup driver
2025-10-26 21:30:06,159 - INFO - Retry attempt 145/300...
2025-10-26 21:30:21,164 - INFO - Setting up Chrome driver...
2025-10-26 21:30:21,166 - INFO - Using profile directory: C:\laragon\www\dapokalsel\chrome_profile
2025-10-26 21:30:21,166 - INFO - Initializing undetected Chrome driver...
2025-10-26 21:30:40,023 - INFO - patching driver executable C:\laragon\www\dapokalsel\sekolah\~\appdata\roaming\undetected_chromedriver\undetected_chromedriver.exe
2025-10-26 21:30:40,149 - ERROR - Failed to setup driver: Binary Location Must be a String
Traceback (most recent call last):
  File "C:\laragon\www\dapokalsel\sekolah\import_url_kabupaten.pyw", line 92, in setup_driver
    temp_dir = tempfile.gettempdir()
  File "C:\laragon\bin\python\python-3.10\lib\site-packages\undetected_chromedriver\__init__.py", line 372, in __init__
    options.binary_location = (
  File "C:\laragon\bin\python\python-3.10\lib\site-packages\selenium\webdriver\chromium\options.py", line 52, in binary_location
    raise TypeError(self.BINARY_LOCATION_ERROR)
TypeError: Binary Location Must be a String
2025-10-26 21:30:40,150 - ERROR - Error on attempt 145: Failed to setup driver
Traceback (most recent call last):
  File "C:\laragon\www\dapokalsel\sekolah\import_url_kabupaten.pyw", line 388, in process_url_induk
    logger.warning(f"Row {idx} missing data: kode={kode}, nama={nama}, url={full_url}")
Exception: Failed to setup driver
2025-10-26 21:30:40,150 - INFO - Retry attempt 146/300...
2025-10-26 21:30:55,150 - INFO - Setting up Chrome driver...
2025-10-26 21:30:55,156 - INFO - Using profile directory: C:\laragon\www\dapokalsel\chrome_profile
2025-10-26 21:30:55,157 - INFO - Initializing undetected Chrome driver...
2025-10-26 21:31:00,189 - INFO - patching driver executable C:\laragon\www\dapokalsel\sekolah\~\appdata\roaming\undetected_chromedriver\undetected_chromedriver.exe
2025-10-26 21:31:00,272 - ERROR - Failed to setup driver: Binary Location Must be a String
Traceback (most recent call last):
  File "C:\laragon\www\dapokalsel\sekolah\import_url_kabupaten.pyw", line 92, in setup_driver
    temp_dir = tempfile.gettempdir()
  File "C:\laragon\bin\python\python-3.10\lib\site-packages\undetected_chromedriver\__init__.py", line 372, in __init__
    options.binary_location = (
  File "C:\laragon\bin\python\python-3.10\lib\site-packages\selenium\webdriver\chromium\options.py", line 52, in binary_location
    raise TypeError(self.BINARY_LOCATION_ERROR)
TypeError: Binary Location Must be a String
2025-10-26 21:31:00,272 - ERROR - Error on attempt 146: Failed to setup driver
Traceback (most recent call last):
  File "C:\laragon\www\dapokalsel\sekolah\import_url_kabupaten.pyw", line 388, in process_url_induk
    logger.warning(f"Row {idx} missing data: kode={kode}, nama={nama}, url={full_url}")
Exception: Failed to setup driver
2025-10-26 21:31:00,272 - INFO - Retry attempt 147/300...
2025-10-26 21:31:15,273 - INFO - Setting up Chrome driver...
2025-10-26 21:31:15,273 - INFO - Using profile directory: C:\laragon\www\dapokalsel\chrome_profile
2025-10-26 21:31:15,273 - INFO - Initializing undetected Chrome driver...
2025-10-26 21:31:31,554 - INFO - patching driver executable C:\laragon\www\dapokalsel\sekolah\~\appdata\roaming\undetected_chromedriver\undetected_chromedriver.exe
2025-10-26 21:31:31,654 - ERROR - Failed to setup driver: Binary Location Must be a String
Traceback (most recent call last):
  File "C:\laragon\www\dapokalsel\sekolah\import_url_kabupaten.pyw", line 92, in setup_driver
    temp_dir = tempfile.gettempdir()
  File "C:\laragon\bin\python\python-3.10\lib\site-packages\undetected_chromedriver\__init__.py", line 372, in __init__
    options.binary_location = (
  File "C:\laragon\bin\python\python-3.10\lib\site-packages\selenium\webdriver\chromium\options.py", line 52, in binary_location
    raise TypeError(self.BINARY_LOCATION_ERROR)
TypeError: Binary Location Must be a String
2025-10-26 21:31:31,654 - ERROR - Error on attempt 147: Failed to setup driver
Traceback (most recent call last):
  File "C:\laragon\www\dapokalsel\sekolah\import_url_kabupaten.pyw", line 388, in process_url_induk
    logger.warning(f"Row {idx} missing data: kode={kode}, nama={nama}, url={full_url}")
Exception: Failed to setup driver
2025-10-26 21:31:31,654 - INFO - Retry attempt 148/300...
2025-10-26 21:31:46,669 - INFO - Setting up Chrome driver...
2025-10-26 21:31:46,669 - INFO - Using profile directory: C:\laragon\www\dapokalsel\chrome_profile
2025-10-26 21:31:46,670 - INFO - Initializing undetected Chrome driver...
2025-10-26 21:32:00,503 - ERROR - Failed to setup driver: [WinError 183] Cannot create a file when that file already exists: 'C:\\laragon\\www\\dapokalsel\\sekolah\\~\\appdata\\roaming\\undetected_chromedriver\\undetected\\chromedriver-win32\\chromedriver.exe' -> 'C:\\laragon\\www\\dapokalsel\\sekolah\\~\\appdata\\roaming\\undetected_chromedriver\\undetected_chromedriver.exe'
Traceback (most recent call last):
  File "C:\laragon\www\dapokalsel\sekolah\import_url_kabupaten.pyw", line 92, in setup_driver
    temp_dir = tempfile.gettempdir()
  File "C:\laragon\bin\python\python-3.10\lib\site-packages\undetected_chromedriver\__init__.py", line 258, in __init__
    self.patcher.auto()
  File "C:\laragon\bin\python\python-3.10\lib\site-packages\undetected_chromedriver\patcher.py", line 178, in auto
    self.unzip_package(self.fetch_package())
  File "C:\laragon\bin\python\python-3.10\lib\site-packages\undetected_chromedriver\patcher.py", line 310, in unzip_package
    os.rename(os.path.join(self.zip_path, exe_path), self.executable_path)
FileExistsError: [WinError 183] Cannot create a file when that file already exists: 'C:\\laragon\\www\\dapokalsel\\sekolah\\~\\appdata\\roaming\\undetected_chromedriver\\undetected\\chromedriver-win32\\chromedriver.exe' -> 'C:\\laragon\\www\\dapokalsel\\sekolah\\~\\appdata\\roaming\\undetected_chromedriver\\undetected_chromedriver.exe'
2025-10-26 21:32:00,503 - ERROR - Error on attempt 148: Failed to setup driver
Traceback (most recent call last):
  File "C:\laragon\www\dapokalsel\sekolah\import_url_kabupaten.pyw", line 388, in process_url_induk
    logger.warning(f"Row {idx} missing data: kode={kode}, nama={nama}, url={full_url}")
Exception: Failed to setup driver
2025-10-26 21:32:00,504 - INFO - Retry attempt 149/300...
2025-10-26 21:32:15,505 - INFO - Setting up Chrome driver...
2025-10-26 21:32:15,505 - INFO - Using profile directory: C:\laragon\www\dapokalsel\chrome_profile
2025-10-26 21:32:15,505 - INFO - Initializing undetected Chrome driver...
2025-10-26 21:32:25,385 - INFO - patching driver executable C:\laragon\www\dapokalsel\sekolah\~\appdata\roaming\undetected_chromedriver\undetected_chromedriver.exe
2025-10-26 21:32:25,501 - ERROR - Failed to setup driver: Binary Location Must be a String
Traceback (most recent call last):
  File "C:\laragon\www\dapokalsel\sekolah\import_url_kabupaten.pyw", line 92, in setup_driver
    temp_dir = tempfile.gettempdir()
  File "C:\laragon\bin\python\python-3.10\lib\site-packages\undetected_chromedriver\__init__.py", line 372, in __init__
    options.binary_location = (
  File "C:\laragon\bin\python\python-3.10\lib\site-packages\selenium\webdriver\chromium\options.py", line 52, in binary_location
    raise TypeError(self.BINARY_LOCATION_ERROR)
TypeError: Binary Location Must be a String
2025-10-26 21:32:25,501 - ERROR - Error on attempt 149: Failed to setup driver
Traceback (most recent call last):
  File "C:\laragon\www\dapokalsel\sekolah\import_url_kabupaten.pyw", line 388, in process_url_induk
    logger.warning(f"Row {idx} missing data: kode={kode}, nama={nama}, url={full_url}")
Exception: Failed to setup driver
2025-10-26 21:32:25,501 - INFO - Retry attempt 150/300...
2025-10-26 21:32:40,501 - INFO - Setting up Chrome driver...
2025-10-26 21:32:40,506 - INFO - Using profile directory: C:\laragon\www\dapokalsel\chrome_profile
2025-10-26 21:32:40,506 - INFO - Initializing undetected Chrome driver...
2025-10-26 21:32:50,433 - INFO - patching driver executable C:\laragon\www\dapokalsel\sekolah\~\appdata\roaming\undetected_chromedriver\undetected_chromedriver.exe
2025-10-26 21:32:50,516 - ERROR - Failed to setup driver: Binary Location Must be a String
Traceback (most recent call last):
  File "C:\laragon\www\dapokalsel\sekolah\import_url_kabupaten.pyw", line 92, in setup_driver
    temp_dir = tempfile.gettempdir()
  File "C:\laragon\bin\python\python-3.10\lib\site-packages\undetected_chromedriver\__init__.py", line 372, in __init__
    options.binary_location = (
  File "C:\laragon\bin\python\python-3.10\lib\site-packages\selenium\webdriver\chromium\options.py", line 52, in binary_location
    raise TypeError(self.BINARY_LOCATION_ERROR)
TypeError: Binary Location Must be a String
2025-10-26 21:32:50,516 - ERROR - Error on attempt 150: Failed to setup driver
Traceback (most recent call last):
  File "C:\laragon\www\dapokalsel\sekolah\import_url_kabupaten.pyw", line 388, in process_url_induk
    logger.warning(f"Row {idx} missing data: kode={kode}, nama={nama}, url={full_url}")
Exception: Failed to setup driver
2025-10-26 21:32:50,516 - INFO - Retry attempt 151/300...
2025-10-26 21:33:05,554 - INFO - Setting up Chrome driver...
2025-10-26 21:33:05,554 - INFO - Using profile directory: C:\laragon\www\dapokalsel\chrome_profile
2025-10-26 21:33:05,554 - INFO - Initializing undetected Chrome driver...
2025-10-26 21:33:11,323 - INFO - patching driver executable C:\laragon\www\dapokalsel\sekolah\~\appdata\roaming\undetected_chromedriver\undetected_chromedriver.exe
2025-10-26 21:33:11,439 - ERROR - Failed to setup driver: Binary Location Must be a String
Traceback (most recent call last):
  File "C:\laragon\www\dapokalsel\sekolah\import_url_kabupaten.pyw", line 92, in setup_driver
    temp_dir = tempfile.gettempdir()
  File "C:\laragon\bin\python\python-3.10\lib\site-packages\undetected_chromedriver\__init__.py", line 372, in __init__
    options.binary_location = (
  File "C:\laragon\bin\python\python-3.10\lib\site-packages\selenium\webdriver\chromium\options.py", line 52, in binary_location
    raise TypeError(self.BINARY_LOCATION_ERROR)
TypeError: Binary Location Must be a String
2025-10-26 21:33:11,440 - ERROR - Error on attempt 151: Failed to setup driver
Traceback (most recent call last):
  File "C:\laragon\www\dapokalsel\sekolah\import_url_kabupaten.pyw", line 388, in process_url_induk
    logger.warning(f"Row {idx} missing data: kode={kode}, nama={nama}, url={full_url}")
Exception: Failed to setup driver
2025-10-26 21:33:11,440 - INFO - Retry attempt 152/300...
2025-10-26 21:33:26,446 - INFO - Setting up Chrome driver...
2025-10-26 21:33:26,446 - INFO - Using profile directory: C:\laragon\www\dapokalsel\chrome_profile
2025-10-26 21:33:26,447 - INFO - Initializing undetected Chrome driver...
2025-10-26 21:33:34,747 - ERROR - Failed to setup driver: [WinError 183] Cannot create a file when that file already exists: 'C:\\laragon\\www\\dapokalsel\\sekolah\\~\\appdata\\roaming\\undetected_chromedriver\\undetected\\chromedriver-win32\\chromedriver.exe' -> 'C:\\laragon\\www\\dapokalsel\\sekolah\\~\\appdata\\roaming\\undetected_chromedriver\\undetected_chromedriver.exe'
Traceback (most recent call last):
  File "C:\laragon\www\dapokalsel\sekolah\import_url_kabupaten.pyw", line 92, in setup_driver
    temp_dir = tempfile.gettempdir()
  File "C:\laragon\bin\python\python-3.10\lib\site-packages\undetected_chromedriver\__init__.py", line 258, in __init__
    self.patcher.auto()
  File "C:\laragon\bin\python\python-3.10\lib\site-packages\undetected_chromedriver\patcher.py", line 178, in auto
    self.unzip_package(self.fetch_package())
  File "C:\laragon\bin\python\python-3.10\lib\site-packages\undetected_chromedriver\patcher.py", line 310, in unzip_package
    os.rename(os.path.join(self.zip_path, exe_path), self.executable_path)
FileExistsError: [WinError 183] Cannot create a file when that file already exists: 'C:\\laragon\\www\\dapokalsel\\sekolah\\~\\appdata\\roaming\\undetected_chromedriver\\undetected\\chromedriver-win32\\chromedriver.exe' -> 'C:\\laragon\\www\\dapokalsel\\sekolah\\~\\appdata\\roaming\\undetected_chromedriver\\undetected_chromedriver.exe'
2025-10-26 21:33:34,747 - ERROR - Error on attempt 152: Failed to setup driver
Traceback (most recent call last):
  File "C:\laragon\www\dapokalsel\sekolah\import_url_kabupaten.pyw", line 388, in process_url_induk
    logger.warning(f"Row {idx} missing data: kode={kode}, nama={nama}, url={full_url}")
Exception: Failed to setup driver
2025-10-26 21:33:34,747 - INFO - Retry attempt 153/300...
2025-10-26 21:33:49,761 - INFO - Setting up Chrome driver...
2025-10-26 21:33:49,762 - INFO - Using profile directory: C:\laragon\www\dapokalsel\chrome_profile
2025-10-26 21:33:49,762 - INFO - Initializing undetected Chrome driver...
2025-10-26 21:33:53,779 - INFO - patching driver executable C:\laragon\www\dapokalsel\sekolah\~\appdata\roaming\undetected_chromedriver\undetected_chromedriver.exe
2025-10-26 21:33:53,880 - ERROR - Failed to setup driver: Binary Location Must be a String
Traceback (most recent call last):
  File "C:\laragon\www\dapokalsel\sekolah\import_url_kabupaten.pyw", line 92, in setup_driver
    temp_dir = tempfile.gettempdir()
  File "C:\laragon\bin\python\python-3.10\lib\site-packages\undetected_chromedriver\__init__.py", line 372, in __init__
    options.binary_location = (
  File "C:\laragon\bin\python\python-3.10\lib\site-packages\selenium\webdriver\chromium\options.py", line 52, in binary_location
    raise TypeError(self.BINARY_LOCATION_ERROR)
TypeError: Binary Location Must be a String
2025-10-26 21:33:53,880 - ERROR - Error on attempt 153: Failed to setup driver
Traceback (most recent call last):
  File "C:\laragon\www\dapokalsel\sekolah\import_url_kabupaten.pyw", line 388, in process_url_induk
    logger.warning(f"Row {idx} missing data: kode={kode}, nama={nama}, url={full_url}")
Exception: Failed to setup driver
2025-10-26 21:33:53,880 - INFO - Retry attempt 154/300...
2025-10-26 21:34:08,880 - INFO - Setting up Chrome driver...
2025-10-26 21:34:08,880 - INFO - Using profile directory: C:\laragon\www\dapokalsel\chrome_profile
2025-10-26 21:34:08,880 - INFO - Initializing undetected Chrome driver...
2025-10-26 21:34:12,913 - INFO - patching driver executable C:\laragon\www\dapokalsel\sekolah\~\appdata\roaming\undetected_chromedriver\undetected_chromedriver.exe
2025-10-26 21:34:13,007 - ERROR - Failed to setup driver: Binary Location Must be a String
Traceback (most recent call last):
  File "C:\laragon\www\dapokalsel\sekolah\import_url_kabupaten.pyw", line 92, in setup_driver
    temp_dir = tempfile.gettempdir()
  File "C:\laragon\bin\python\python-3.10\lib\site-packages\undetected_chromedriver\__init__.py", line 372, in __init__
    options.binary_location = (
  File "C:\laragon\bin\python\python-3.10\lib\site-packages\selenium\webdriver\chromium\options.py", line 52, in binary_location
    raise TypeError(self.BINARY_LOCATION_ERROR)
TypeError: Binary Location Must be a String
2025-10-26 21:34:13,008 - ERROR - Error on attempt 154: Failed to setup driver
Traceback (most recent call last):
  File "C:\laragon\www\dapokalsel\sekolah\import_url_kabupaten.pyw", line 388, in process_url_induk
    logger.warning(f"Row {idx} missing data: kode={kode}, nama={nama}, url={full_url}")
Exception: Failed to setup driver
2025-10-26 21:34:13,008 - INFO - Retry attempt 155/300...
2025-10-26 21:34:28,010 - INFO - Setting up Chrome driver...
2025-10-26 21:34:28,015 - INFO - Using profile directory: C:\laragon\www\dapokalsel\chrome_profile
2025-10-26 21:34:28,016 - INFO - Initializing undetected Chrome driver...
2025-10-26 21:34:37,434 - INFO - patching driver executable C:\laragon\www\dapokalsel\sekolah\~\appdata\roaming\undetected_chromedriver\undetected_chromedriver.exe
2025-10-26 21:34:37,527 - ERROR - Failed to setup driver: Binary Location Must be a String
Traceback (most recent call last):
  File "C:\laragon\www\dapokalsel\sekolah\import_url_kabupaten.pyw", line 92, in setup_driver
    temp_dir = tempfile.gettempdir()
  File "C:\laragon\bin\python\python-3.10\lib\site-packages\undetected_chromedriver\__init__.py", line 372, in __init__
    options.binary_location = (
  File "C:\laragon\bin\python\python-3.10\lib\site-packages\selenium\webdriver\chromium\options.py", line 52, in binary_location
    raise TypeError(self.BINARY_LOCATION_ERROR)
TypeError: Binary Location Must be a String
2025-10-26 21:34:37,527 - ERROR - Error on attempt 155: Failed to setup driver
Traceback (most recent call last):
  File "C:\laragon\www\dapokalsel\sekolah\import_url_kabupaten.pyw", line 388, in process_url_induk
    logger.warning(f"Row {idx} missing data: kode={kode}, nama={nama}, url={full_url}")
Exception: Failed to setup driver
2025-10-26 21:34:37,527 - INFO - Retry attempt 156/300...
2025-10-26 21:34:52,528 - INFO - Setting up Chrome driver...
2025-10-26 21:34:52,529 - INFO - Using profile directory: C:\laragon\www\dapokalsel\chrome_profile
2025-10-26 21:34:52,529 - INFO - Initializing undetected Chrome driver...
2025-10-26 21:35:01,884 - INFO - patching driver executable C:\laragon\www\dapokalsel\sekolah\~\appdata\roaming\undetected_chromedriver\undetected_chromedriver.exe
2025-10-26 21:35:01,959 - ERROR - Failed to setup driver: Binary Location Must be a String
Traceback (most recent call last):
  File "C:\laragon\www\dapokalsel\sekolah\import_url_kabupaten.pyw", line 92, in setup_driver
    temp_dir = tempfile.gettempdir()
  File "C:\laragon\bin\python\python-3.10\lib\site-packages\undetected_chromedriver\__init__.py", line 372, in __init__
    options.binary_location = (
  File "C:\laragon\bin\python\python-3.10\lib\site-packages\selenium\webdriver\chromium\options.py", line 52, in binary_location
    raise TypeError(self.BINARY_LOCATION_ERROR)
TypeError: Binary Location Must be a String
2025-10-26 21:35:01,959 - ERROR - Error on attempt 156: Failed to setup driver
Traceback (most recent call last):
  File "C:\laragon\www\dapokalsel\sekolah\import_url_kabupaten.pyw", line 388, in process_url_induk
    logger.warning(f"Row {idx} missing data: kode={kode}, nama={nama}, url={full_url}")
Exception: Failed to setup driver
2025-10-26 21:35:01,959 - INFO - Retry attempt 157/300...
2025-10-26 21:35:16,960 - INFO - Setting up Chrome driver...
2025-10-26 21:35:16,961 - INFO - Using profile directory: C:\laragon\www\dapokalsel\chrome_profile
2025-10-26 21:35:16,961 - INFO - Initializing undetected Chrome driver...
2025-10-26 21:35:23,658 - INFO - patching driver executable C:\laragon\www\dapokalsel\sekolah\~\appdata\roaming\undetected_chromedriver\undetected_chromedriver.exe
2025-10-26 21:35:23,775 - ERROR - Failed to setup driver: Binary Location Must be a String
Traceback (most recent call last):
  File "C:\laragon\www\dapokalsel\sekolah\import_url_kabupaten.pyw", line 92, in setup_driver
    temp_dir = tempfile.gettempdir()
  File "C:\laragon\bin\python\python-3.10\lib\site-packages\undetected_chromedriver\__init__.py", line 372, in __init__
    options.binary_location = (
  File "C:\laragon\bin\python\python-3.10\lib\site-packages\selenium\webdriver\chromium\options.py", line 52, in binary_location
    raise TypeError(self.BINARY_LOCATION_ERROR)
TypeError: Binary Location Must be a String
2025-10-26 21:35:23,775 - ERROR - Error on attempt 157: Failed to setup driver
Traceback (most recent call last):
  File "C:\laragon\www\dapokalsel\sekolah\import_url_kabupaten.pyw", line 388, in process_url_induk
    logger.warning(f"Row {idx} missing data: kode={kode}, nama={nama}, url={full_url}")
Exception: Failed to setup driver
2025-10-26 21:35:23,775 - INFO - Retry attempt 158/300...
2025-10-26 21:35:38,790 - INFO - Setting up Chrome driver...
2025-10-26 21:35:38,791 - INFO - Using profile directory: C:\laragon\www\dapokalsel\chrome_profile
2025-10-26 21:35:38,791 - INFO - Initializing undetected Chrome driver...
2025-10-26 21:35:53,773 - ERROR - Failed to setup driver: [WinError 183] Cannot create a file when that file already exists: 'C:\\laragon\\www\\dapokalsel\\sekolah\\~\\appdata\\roaming\\undetected_chromedriver\\undetected\\chromedriver-win32\\chromedriver.exe' -> 'C:\\laragon\\www\\dapokalsel\\sekolah\\~\\appdata\\roaming\\undetected_chromedriver\\undetected_chromedriver.exe'
Traceback (most recent call last):
  File "C:\laragon\www\dapokalsel\sekolah\import_url_kabupaten.pyw", line 92, in setup_driver
    temp_dir = tempfile.gettempdir()
  File "C:\laragon\bin\python\python-3.10\lib\site-packages\undetected_chromedriver\__init__.py", line 258, in __init__
    self.patcher.auto()
  File "C:\laragon\bin\python\python-3.10\lib\site-packages\undetected_chromedriver\patcher.py", line 178, in auto
    self.unzip_package(self.fetch_package())
  File "C:\laragon\bin\python\python-3.10\lib\site-packages\undetected_chromedriver\patcher.py", line 310, in unzip_package
    os.rename(os.path.join(self.zip_path, exe_path), self.executable_path)
FileExistsError: [WinError 183] Cannot create a file when that file already exists: 'C:\\laragon\\www\\dapokalsel\\sekolah\\~\\appdata\\roaming\\undetected_chromedriver\\undetected\\chromedriver-win32\\chromedriver.exe' -> 'C:\\laragon\\www\\dapokalsel\\sekolah\\~\\appdata\\roaming\\undetected_chromedriver\\undetected_chromedriver.exe'
2025-10-26 21:35:53,773 - ERROR - Error on attempt 158: Failed to setup driver
Traceback (most recent call last):
  File "C:\laragon\www\dapokalsel\sekolah\import_url_kabupaten.pyw", line 388, in process_url_induk
    logger.warning(f"Row {idx} missing data: kode={kode}, nama={nama}, url={full_url}")
Exception: Failed to setup driver
2025-10-26 21:35:53,773 - INFO - Retry attempt 159/300...
2025-10-26 21:36:08,773 - INFO - Setting up Chrome driver...
2025-10-26 21:36:08,775 - INFO - Using profile directory: C:\laragon\www\dapokalsel\chrome_profile
2025-10-26 21:36:08,776 - INFO - Initializing undetected Chrome driver...
2025-10-26 21:36:21,126 - INFO - patching driver executable C:\laragon\www\dapokalsel\sekolah\~\appdata\roaming\undetected_chromedriver\undetected_chromedriver.exe
2025-10-26 21:36:21,252 - ERROR - Failed to setup driver: Binary Location Must be a String
Traceback (most recent call last):
  File "C:\laragon\www\dapokalsel\sekolah\import_url_kabupaten.pyw", line 92, in setup_driver
    temp_dir = tempfile.gettempdir()
  File "C:\laragon\bin\python\python-3.10\lib\site-packages\undetected_chromedriver\__init__.py", line 372, in __init__
    options.binary_location = (
  File "C:\laragon\bin\python\python-3.10\lib\site-packages\selenium\webdriver\chromium\options.py", line 52, in binary_location
    raise TypeError(self.BINARY_LOCATION_ERROR)
TypeError: Binary Location Must be a String
2025-10-26 21:36:21,252 - ERROR - Error on attempt 159: Failed to setup driver
Traceback (most recent call last):
  File "C:\laragon\www\dapokalsel\sekolah\import_url_kabupaten.pyw", line 388, in process_url_induk
    logger.warning(f"Row {idx} missing data: kode={kode}, nama={nama}, url={full_url}")
Exception: Failed to setup driver
2025-10-26 21:36:21,252 - INFO - Retry attempt 160/300...
2025-10-26 21:36:36,252 - INFO - Setting up Chrome driver...
2025-10-26 21:36:36,253 - INFO - Using profile directory: C:\laragon\www\dapokalsel\chrome_profile
2025-10-26 21:36:36,253 - INFO - Initializing undetected Chrome driver...
2025-10-26 21:36:53,344 - ERROR - Failed to setup driver: [WinError 183] Cannot create a file when that file already exists: 'C:\\laragon\\www\\dapokalsel\\sekolah\\~\\appdata\\roaming\\undetected_chromedriver\\undetected\\chromedriver-win32\\chromedriver.exe' -> 'C:\\laragon\\www\\dapokalsel\\sekolah\\~\\appdata\\roaming\\undetected_chromedriver\\undetected_chromedriver.exe'
Traceback (most recent call last):
  File "C:\laragon\www\dapokalsel\sekolah\import_url_kabupaten.pyw", line 92, in setup_driver
    temp_dir = tempfile.gettempdir()
  File "C:\laragon\bin\python\python-3.10\lib\site-packages\undetected_chromedriver\__init__.py", line 258, in __init__
    self.patcher.auto()
  File "C:\laragon\bin\python\python-3.10\lib\site-packages\undetected_chromedriver\patcher.py", line 178, in auto
    self.unzip_package(self.fetch_package())
  File "C:\laragon\bin\python\python-3.10\lib\site-packages\undetected_chromedriver\patcher.py", line 310, in unzip_package
    os.rename(os.path.join(self.zip_path, exe_path), self.executable_path)
FileExistsError: [WinError 183] Cannot create a file when that file already exists: 'C:\\laragon\\www\\dapokalsel\\sekolah\\~\\appdata\\roaming\\undetected_chromedriver\\undetected\\chromedriver-win32\\chromedriver.exe' -> 'C:\\laragon\\www\\dapokalsel\\sekolah\\~\\appdata\\roaming\\undetected_chromedriver\\undetected_chromedriver.exe'
2025-10-26 21:36:53,345 - ERROR - Error on attempt 160: Failed to setup driver
Traceback (most recent call last):
  File "C:\laragon\www\dapokalsel\sekolah\import_url_kabupaten.pyw", line 388, in process_url_induk
    logger.warning(f"Row {idx} missing data: kode={kode}, nama={nama}, url={full_url}")
Exception: Failed to setup driver
2025-10-26 21:36:53,345 - INFO - Retry attempt 161/300...
2025-10-26 21:37:08,352 - INFO - Setting up Chrome driver...
2025-10-26 21:37:08,353 - INFO - Using profile directory: C:\laragon\www\dapokalsel\chrome_profile
2025-10-26 21:37:08,353 - INFO - Initializing undetected Chrome driver...
2025-10-26 21:37:17,618 - ERROR - Failed to setup driver: [WinError 183] Cannot create a file when that file already exists: 'C:\\laragon\\www\\dapokalsel\\sekolah\\~\\appdata\\roaming\\undetected_chromedriver\\undetected\\chromedriver-win32\\chromedriver.exe' -> 'C:\\laragon\\www\\dapokalsel\\sekolah\\~\\appdata\\roaming\\undetected_chromedriver\\undetected_chromedriver.exe'
Traceback (most recent call last):
  File "C:\laragon\www\dapokalsel\sekolah\import_url_kabupaten.pyw", line 92, in setup_driver
    temp_dir = tempfile.gettempdir()
  File "C:\laragon\bin\python\python-3.10\lib\site-packages\undetected_chromedriver\__init__.py", line 258, in __init__
    self.patcher.auto()
  File "C:\laragon\bin\python\python-3.10\lib\site-packages\undetected_chromedriver\patcher.py", line 178, in auto
    self.unzip_package(self.fetch_package())
  File "C:\laragon\bin\python\python-3.10\lib\site-packages\undetected_chromedriver\patcher.py", line 310, in unzip_package
    os.rename(os.path.join(self.zip_path, exe_path), self.executable_path)
FileExistsError: [WinError 183] Cannot create a file when that file already exists: 'C:\\laragon\\www\\dapokalsel\\sekolah\\~\\appdata\\roaming\\undetected_chromedriver\\undetected\\chromedriver-win32\\chromedriver.exe' -> 'C:\\laragon\\www\\dapokalsel\\sekolah\\~\\appdata\\roaming\\undetected_chromedriver\\undetected_chromedriver.exe'
2025-10-26 21:37:17,618 - ERROR - Error on attempt 161: Failed to setup driver
Traceback (most recent call last):
  File "C:\laragon\www\dapokalsel\sekolah\import_url_kabupaten.pyw", line 388, in process_url_induk
    logger.warning(f"Row {idx} missing data: kode={kode}, nama={nama}, url={full_url}")
Exception: Failed to setup driver
2025-10-26 21:37:17,618 - INFO - Retry attempt 162/300...
2025-10-26 21:37:32,619 - INFO - Setting up Chrome driver...
2025-10-26 21:37:32,620 - INFO - Using profile directory: C:\laragon\www\dapokalsel\chrome_profile
2025-10-26 21:37:32,621 - INFO - Initializing undetected Chrome driver...
2025-10-26 21:37:40,586 - INFO - patching driver executable C:\laragon\www\dapokalsel\sekolah\~\appdata\roaming\undetected_chromedriver\undetected_chromedriver.exe
2025-10-26 21:37:40,852 - ERROR - Failed to setup driver: Binary Location Must be a String
Traceback (most recent call last):
  File "C:\laragon\www\dapokalsel\sekolah\import_url_kabupaten.pyw", line 92, in setup_driver
    temp_dir = tempfile.gettempdir()
  File "C:\laragon\bin\python\python-3.10\lib\site-packages\undetected_chromedriver\__init__.py", line 372, in __init__
    options.binary_location = (
  File "C:\laragon\bin\python\python-3.10\lib\site-packages\selenium\webdriver\chromium\options.py", line 52, in binary_location
    raise TypeError(self.BINARY_LOCATION_ERROR)
TypeError: Binary Location Must be a String
2025-10-26 21:37:40,852 - ERROR - Error on attempt 162: Failed to setup driver
Traceback (most recent call last):
  File "C:\laragon\www\dapokalsel\sekolah\import_url_kabupaten.pyw", line 388, in process_url_induk
    logger.warning(f"Row {idx} missing data: kode={kode}, nama={nama}, url={full_url}")
Exception: Failed to setup driver
2025-10-26 21:37:40,853 - INFO - Retry attempt 163/300...
2025-10-26 21:37:55,854 - INFO - Setting up Chrome driver...
2025-10-26 21:37:55,854 - INFO - Using profile directory: C:\laragon\www\dapokalsel\chrome_profile
2025-10-26 21:37:55,854 - INFO - Initializing undetected Chrome driver...
2025-10-26 21:38:00,833 - INFO - patching driver executable C:\laragon\www\dapokalsel\sekolah\~\appdata\roaming\undetected_chromedriver\undetected_chromedriver.exe
2025-10-26 21:38:00,915 - ERROR - Failed to setup driver: Binary Location Must be a String
Traceback (most recent call last):
  File "C:\laragon\www\dapokalsel\sekolah\import_url_kabupaten.pyw", line 92, in setup_driver
    temp_dir = tempfile.gettempdir()
  File "C:\laragon\bin\python\python-3.10\lib\site-packages\undetected_chromedriver\__init__.py", line 372, in __init__
    options.binary_location = (
  File "C:\laragon\bin\python\python-3.10\lib\site-packages\selenium\webdriver\chromium\options.py", line 52, in binary_location
    raise TypeError(self.BINARY_LOCATION_ERROR)
TypeError: Binary Location Must be a String
2025-10-26 21:38:00,915 - ERROR - Error on attempt 163: Failed to setup driver
Traceback (most recent call last):
  File "C:\laragon\www\dapokalsel\sekolah\import_url_kabupaten.pyw", line 388, in process_url_induk
    logger.warning(f"Row {idx} missing data: kode={kode}, nama={nama}, url={full_url}")
Exception: Failed to setup driver
2025-10-26 21:38:00,915 - INFO - Retry attempt 164/300...
2025-10-26 21:38:15,916 - INFO - Setting up Chrome driver...
2025-10-26 21:38:15,920 - INFO - Using profile directory: C:\laragon\www\dapokalsel\chrome_profile
2025-10-26 21:38:15,921 - INFO - Initializing undetected Chrome driver...
2025-10-26 21:38:31,469 - INFO - patching driver executable C:\laragon\www\dapokalsel\sekolah\~\appdata\roaming\undetected_chromedriver\undetected_chromedriver.exe
2025-10-26 21:38:31,581 - ERROR - Failed to setup driver: Binary Location Must be a String
Traceback (most recent call last):
  File "C:\laragon\www\dapokalsel\sekolah\import_url_kabupaten.pyw", line 92, in setup_driver
    temp_dir = tempfile.gettempdir()
  File "C:\laragon\bin\python\python-3.10\lib\site-packages\undetected_chromedriver\__init__.py", line 372, in __init__
    options.binary_location = (
  File "C:\laragon\bin\python\python-3.10\lib\site-packages\selenium\webdriver\chromium\options.py", line 52, in binary_location
    raise TypeError(self.BINARY_LOCATION_ERROR)
TypeError: Binary Location Must be a String
2025-10-26 21:38:31,581 - ERROR - Error on attempt 164: Failed to setup driver
Traceback (most recent call last):
  File "C:\laragon\www\dapokalsel\sekolah\import_url_kabupaten.pyw", line 388, in process_url_induk
    logger.warning(f"Row {idx} missing data: kode={kode}, nama={nama}, url={full_url}")
Exception: Failed to setup driver
2025-10-26 21:38:31,581 - INFO - Retry attempt 165/300...
2025-10-26 21:38:46,581 - INFO - Setting up Chrome driver...
2025-10-26 21:38:46,582 - INFO - Using profile directory: C:\laragon\www\dapokalsel\chrome_profile
2025-10-26 21:38:46,582 - INFO - Initializing undetected Chrome driver...
2025-10-26 21:39:02,113 - ERROR - Failed to setup driver: [WinError 183] Cannot create a file when that file already exists: 'C:\\laragon\\www\\dapokalsel\\sekolah\\~\\appdata\\roaming\\undetected_chromedriver\\undetected\\chromedriver-win32\\chromedriver.exe' -> 'C:\\laragon\\www\\dapokalsel\\sekolah\\~\\appdata\\roaming\\undetected_chromedriver\\undetected_chromedriver.exe'
Traceback (most recent call last):
  File "C:\laragon\www\dapokalsel\sekolah\import_url_kabupaten.pyw", line 92, in setup_driver
    temp_dir = tempfile.gettempdir()
  File "C:\laragon\bin\python\python-3.10\lib\site-packages\undetected_chromedriver\__init__.py", line 258, in __init__
    self.patcher.auto()
  File "C:\laragon\bin\python\python-3.10\lib\site-packages\undetected_chromedriver\patcher.py", line 178, in auto
    self.unzip_package(self.fetch_package())
  File "C:\laragon\bin\python\python-3.10\lib\site-packages\undetected_chromedriver\patcher.py", line 310, in unzip_package
    os.rename(os.path.join(self.zip_path, exe_path), self.executable_path)
FileExistsError: [WinError 183] Cannot create a file when that file already exists: 'C:\\laragon\\www\\dapokalsel\\sekolah\\~\\appdata\\roaming\\undetected_chromedriver\\undetected\\chromedriver-win32\\chromedriver.exe' -> 'C:\\laragon\\www\\dapokalsel\\sekolah\\~\\appdata\\roaming\\undetected_chromedriver\\undetected_chromedriver.exe'
2025-10-26 21:39:02,113 - ERROR - Error on attempt 165: Failed to setup driver
Traceback (most recent call last):
  File "C:\laragon\www\dapokalsel\sekolah\import_url_kabupaten.pyw", line 388, in process_url_induk
    logger.warning(f"Row {idx} missing data: kode={kode}, nama={nama}, url={full_url}")
Exception: Failed to setup driver
2025-10-26 21:39:02,113 - INFO - Retry attempt 166/300...
2025-10-26 21:39:17,114 - INFO - Setting up Chrome driver...
2025-10-26 21:39:17,116 - INFO - Using profile directory: C:\laragon\www\dapokalsel\chrome_profile
2025-10-26 21:39:17,116 - INFO - Initializing undetected Chrome driver...
2025-10-26 21:39:28,257 - INFO - patching driver executable C:\laragon\www\dapokalsel\sekolah\~\appdata\roaming\undetected_chromedriver\undetected_chromedriver.exe
2025-10-26 21:39:28,328 - ERROR - Failed to setup driver: Binary Location Must be a String
Traceback (most recent call last):
  File "C:\laragon\www\dapokalsel\sekolah\import_url_kabupaten.pyw", line 92, in setup_driver
    temp_dir = tempfile.gettempdir()
  File "C:\laragon\bin\python\python-3.10\lib\site-packages\undetected_chromedriver\__init__.py", line 372, in __init__
    options.binary_location = (
  File "C:\laragon\bin\python\python-3.10\lib\site-packages\selenium\webdriver\chromium\options.py", line 52, in binary_location
    raise TypeError(self.BINARY_LOCATION_ERROR)
TypeError: Binary Location Must be a String
2025-10-26 21:39:28,328 - ERROR - Error on attempt 166: Failed to setup driver
Traceback (most recent call last):
  File "C:\laragon\www\dapokalsel\sekolah\import_url_kabupaten.pyw", line 388, in process_url_induk
    logger.warning(f"Row {idx} missing data: kode={kode}, nama={nama}, url={full_url}")
Exception: Failed to setup driver
2025-10-26 21:39:28,328 - INFO - Retry attempt 167/300...
2025-10-26 21:39:43,328 - INFO - Setting up Chrome driver...
2025-10-26 21:39:43,328 - INFO - Using profile directory: C:\laragon\www\dapokalsel\chrome_profile
2025-10-26 21:39:43,328 - INFO - Initializing undetected Chrome driver...
2025-10-26 21:39:53,438 - ERROR - Failed to setup driver: [WinError 183] Cannot create a file when that file already exists: 'C:\\laragon\\www\\dapokalsel\\sekolah\\~\\appdata\\roaming\\undetected_chromedriver\\undetected\\chromedriver-win32\\chromedriver.exe' -> 'C:\\laragon\\www\\dapokalsel\\sekolah\\~\\appdata\\roaming\\undetected_chromedriver\\undetected_chromedriver.exe'
Traceback (most recent call last):
  File "C:\laragon\www\dapokalsel\sekolah\import_url_kabupaten.pyw", line 92, in setup_driver
    temp_dir = tempfile.gettempdir()
  File "C:\laragon\bin\python\python-3.10\lib\site-packages\undetected_chromedriver\__init__.py", line 258, in __init__
    self.patcher.auto()
  File "C:\laragon\bin\python\python-3.10\lib\site-packages\undetected_chromedriver\patcher.py", line 178, in auto
    self.unzip_package(self.fetch_package())
  File "C:\laragon\bin\python\python-3.10\lib\site-packages\undetected_chromedriver\patcher.py", line 310, in unzip_package
    os.rename(os.path.join(self.zip_path, exe_path), self.executable_path)
FileExistsError: [WinError 183] Cannot create a file when that file already exists: 'C:\\laragon\\www\\dapokalsel\\sekolah\\~\\appdata\\roaming\\undetected_chromedriver\\undetected\\chromedriver-win32\\chromedriver.exe' -> 'C:\\laragon\\www\\dapokalsel\\sekolah\\~\\appdata\\roaming\\undetected_chromedriver\\undetected_chromedriver.exe'
2025-10-26 21:39:53,438 - ERROR - Error on attempt 167: Failed to setup driver
Traceback (most recent call last):
  File "C:\laragon\www\dapokalsel\sekolah\import_url_kabupaten.pyw", line 388, in process_url_induk
    logger.warning(f"Row {idx} missing data: kode={kode}, nama={nama}, url={full_url}")
Exception: Failed to setup driver
2025-10-26 21:39:53,438 - INFO - Retry attempt 168/300...
2025-10-26 21:40:08,440 - INFO - Setting up Chrome driver...
2025-10-26 21:40:08,441 - INFO - Using profile directory: C:\laragon\www\dapokalsel\chrome_profile
2025-10-26 21:40:08,441 - INFO - Initializing undetected Chrome driver...
2025-10-26 21:40:12,592 - INFO - patching driver executable C:\laragon\www\dapokalsel\sekolah\~\appdata\roaming\undetected_chromedriver\undetected_chromedriver.exe
2025-10-26 21:40:12,675 - ERROR - Failed to setup driver: Binary Location Must be a String
Traceback (most recent call last):
  File "C:\laragon\www\dapokalsel\sekolah\import_url_kabupaten.pyw", line 92, in setup_driver
    temp_dir = tempfile.gettempdir()
  File "C:\laragon\bin\python\python-3.10\lib\site-packages\undetected_chromedriver\__init__.py", line 372, in __init__
    options.binary_location = (
  File "C:\laragon\bin\python\python-3.10\lib\site-packages\selenium\webdriver\chromium\options.py", line 52, in binary_location
    raise TypeError(self.BINARY_LOCATION_ERROR)
TypeError: Binary Location Must be a String
2025-10-26 21:40:12,675 - ERROR - Error on attempt 168: Failed to setup driver
Traceback (most recent call last):
  File "C:\laragon\www\dapokalsel\sekolah\import_url_kabupaten.pyw", line 388, in process_url_induk
    logger.warning(f"Row {idx} missing data: kode={kode}, nama={nama}, url={full_url}")
Exception: Failed to setup driver
2025-10-26 21:40:12,675 - INFO - Retry attempt 169/300...
2025-10-26 21:40:27,680 - INFO - Setting up Chrome driver...
2025-10-26 21:40:27,680 - INFO - Using profile directory: C:\laragon\www\dapokalsel\chrome_profile
2025-10-26 21:40:27,681 - INFO - Initializing undetected Chrome driver...
2025-10-26 21:40:35,625 - INFO - patching driver executable C:\laragon\www\dapokalsel\sekolah\~\appdata\roaming\undetected_chromedriver\undetected_chromedriver.exe
2025-10-26 21:40:35,730 - ERROR - Failed to setup driver: Binary Location Must be a String
Traceback (most recent call last):
  File "C:\laragon\www\dapokalsel\sekolah\import_url_kabupaten.pyw", line 92, in setup_driver
    temp_dir = tempfile.gettempdir()
  File "C:\laragon\bin\python\python-3.10\lib\site-packages\undetected_chromedriver\__init__.py", line 372, in __init__
    options.binary_location = (
  File "C:\laragon\bin\python\python-3.10\lib\site-packages\selenium\webdriver\chromium\options.py", line 52, in binary_location
    raise TypeError(self.BINARY_LOCATION_ERROR)
TypeError: Binary Location Must be a String
2025-10-26 21:40:35,730 - ERROR - Error on attempt 169: Failed to setup driver
Traceback (most recent call last):
  File "C:\laragon\www\dapokalsel\sekolah\import_url_kabupaten.pyw", line 388, in process_url_induk
    logger.warning(f"Row {idx} missing data: kode={kode}, nama={nama}, url={full_url}")
Exception: Failed to setup driver
2025-10-26 21:40:35,730 - INFO - Retry attempt 170/300...
2025-10-26 21:40:50,732 - INFO - Setting up Chrome driver...
2025-10-26 21:40:50,733 - INFO - Using profile directory: C:\laragon\www\dapokalsel\chrome_profile
2025-10-26 21:40:50,733 - INFO - Initializing undetected Chrome driver...
2025-10-26 21:40:55,740 - INFO - patching driver executable C:\laragon\www\dapokalsel\sekolah\~\appdata\roaming\undetected_chromedriver\undetected_chromedriver.exe
2025-10-26 21:40:55,841 - ERROR - Failed to setup driver: Binary Location Must be a String
Traceback (most recent call last):
  File "C:\laragon\www\dapokalsel\sekolah\import_url_kabupaten.pyw", line 92, in setup_driver
    temp_dir = tempfile.gettempdir()
  File "C:\laragon\bin\python\python-3.10\lib\site-packages\undetected_chromedriver\__init__.py", line 372, in __init__
    options.binary_location = (
  File "C:\laragon\bin\python\python-3.10\lib\site-packages\selenium\webdriver\chromium\options.py", line 52, in binary_location
    raise TypeError(self.BINARY_LOCATION_ERROR)
TypeError: Binary Location Must be a String
2025-10-26 21:40:55,842 - ERROR - Error on attempt 170: Failed to setup driver
Traceback (most recent call last):
  File "C:\laragon\www\dapokalsel\sekolah\import_url_kabupaten.pyw", line 388, in process_url_induk
    logger.warning(f"Row {idx} missing data: kode={kode}, nama={nama}, url={full_url}")
Exception: Failed to setup driver
2025-10-26 21:40:55,842 - INFO - Retry attempt 171/300...
2025-10-26 21:41:10,842 - INFO - Setting up Chrome driver...
2025-10-26 21:41:10,842 - INFO - Using profile directory: C:\laragon\www\dapokalsel\chrome_profile
2025-10-26 21:41:10,842 - INFO - Initializing undetected Chrome driver...
2025-10-26 21:41:17,817 - ERROR - Failed to setup driver: [WinError 183] Cannot create a file when that file already exists: 'C:\\laragon\\www\\dapokalsel\\sekolah\\~\\appdata\\roaming\\undetected_chromedriver\\undetected\\chromedriver-win32\\chromedriver.exe' -> 'C:\\laragon\\www\\dapokalsel\\sekolah\\~\\appdata\\roaming\\undetected_chromedriver\\undetected_chromedriver.exe'
Traceback (most recent call last):
  File "C:\laragon\www\dapokalsel\sekolah\import_url_kabupaten.pyw", line 92, in setup_driver
    temp_dir = tempfile.gettempdir()
  File "C:\laragon\bin\python\python-3.10\lib\site-packages\undetected_chromedriver\__init__.py", line 258, in __init__
    self.patcher.auto()
  File "C:\laragon\bin\python\python-3.10\lib\site-packages\undetected_chromedriver\patcher.py", line 178, in auto
    self.unzip_package(self.fetch_package())
  File "C:\laragon\bin\python\python-3.10\lib\site-packages\undetected_chromedriver\patcher.py", line 310, in unzip_package
    os.rename(os.path.join(self.zip_path, exe_path), self.executable_path)
FileExistsError: [WinError 183] Cannot create a file when that file already exists: 'C:\\laragon\\www\\dapokalsel\\sekolah\\~\\appdata\\roaming\\undetected_chromedriver\\undetected\\chromedriver-win32\\chromedriver.exe' -> 'C:\\laragon\\www\\dapokalsel\\sekolah\\~\\appdata\\roaming\\undetected_chromedriver\\undetected_chromedriver.exe'
2025-10-26 21:41:17,818 - ERROR - Error on attempt 171: Failed to setup driver
Traceback (most recent call last):
  File "C:\laragon\www\dapokalsel\sekolah\import_url_kabupaten.pyw", line 388, in process_url_induk
    logger.warning(f"Row {idx} missing data: kode={kode}, nama={nama}, url={full_url}")
Exception: Failed to setup driver
2025-10-26 21:41:17,818 - INFO - Retry attempt 172/300...
2025-10-26 21:41:32,821 - INFO - Setting up Chrome driver...
2025-10-26 21:41:32,821 - INFO - Using profile directory: C:\laragon\www\dapokalsel\chrome_profile
2025-10-26 21:41:32,822 - INFO - Initializing undetected Chrome driver...
2025-10-26 21:41:44,455 - ERROR - Failed to setup driver: [WinError 183] Cannot create a file when that file already exists: 'C:\\laragon\\www\\dapokalsel\\sekolah\\~\\appdata\\roaming\\undetected_chromedriver\\undetected\\chromedriver-win32\\chromedriver.exe' -> 'C:\\laragon\\www\\dapokalsel\\sekolah\\~\\appdata\\roaming\\undetected_chromedriver\\undetected_chromedriver.exe'
Traceback (most recent call last):
  File "C:\laragon\www\dapokalsel\sekolah\import_url_kabupaten.pyw", line 92, in setup_driver
    temp_dir = tempfile.gettempdir()
  File "C:\laragon\bin\python\python-3.10\lib\site-packages\undetected_chromedriver\__init__.py", line 258, in __init__
    self.patcher.auto()
  File "C:\laragon\bin\python\python-3.10\lib\site-packages\undetected_chromedriver\patcher.py", line 178, in auto
    self.unzip_package(self.fetch_package())
  File "C:\laragon\bin\python\python-3.10\lib\site-packages\undetected_chromedriver\patcher.py", line 310, in unzip_package
    os.rename(os.path.join(self.zip_path, exe_path), self.executable_path)
FileExistsError: [WinError 183] Cannot create a file when that file already exists: 'C:\\laragon\\www\\dapokalsel\\sekolah\\~\\appdata\\roaming\\undetected_chromedriver\\undetected\\chromedriver-win32\\chromedriver.exe' -> 'C:\\laragon\\www\\dapokalsel\\sekolah\\~\\appdata\\roaming\\undetected_chromedriver\\undetected_chromedriver.exe'
2025-10-26 21:41:44,468 - ERROR - Error on attempt 172: Failed to setup driver
Traceback (most recent call last):
  File "C:\laragon\www\dapokalsel\sekolah\import_url_kabupaten.pyw", line 388, in process_url_induk
    logger.warning(f"Row {idx} missing data: kode={kode}, nama={nama}, url={full_url}")
Exception: Failed to setup driver
2025-10-26 21:41:44,469 - INFO - Retry attempt 173/300...
2025-10-26 21:41:59,469 - INFO - Setting up Chrome driver...
2025-10-26 21:41:59,469 - INFO - Using profile directory: C:\laragon\www\dapokalsel\chrome_profile
2025-10-26 21:41:59,469 - INFO - Initializing undetected Chrome driver...
2025-10-26 21:42:04,253 - INFO - patching driver executable C:\laragon\www\dapokalsel\sekolah\~\appdata\roaming\undetected_chromedriver\undetected_chromedriver.exe
2025-10-26 21:42:04,336 - ERROR - Failed to setup driver: Binary Location Must be a String
Traceback (most recent call last):
  File "C:\laragon\www\dapokalsel\sekolah\import_url_kabupaten.pyw", line 92, in setup_driver
    temp_dir = tempfile.gettempdir()
  File "C:\laragon\bin\python\python-3.10\lib\site-packages\undetected_chromedriver\__init__.py", line 372, in __init__
    options.binary_location = (
  File "C:\laragon\bin\python\python-3.10\lib\site-packages\selenium\webdriver\chromium\options.py", line 52, in binary_location
    raise TypeError(self.BINARY_LOCATION_ERROR)
TypeError: Binary Location Must be a String
2025-10-26 21:42:04,336 - ERROR - Error on attempt 173: Failed to setup driver
Traceback (most recent call last):
  File "C:\laragon\www\dapokalsel\sekolah\import_url_kabupaten.pyw", line 388, in process_url_induk
    logger.warning(f"Row {idx} missing data: kode={kode}, nama={nama}, url={full_url}")
Exception: Failed to setup driver
2025-10-26 21:42:04,336 - INFO - Retry attempt 174/300...
2025-10-26 21:42:19,345 - INFO - Setting up Chrome driver...
2025-10-26 21:42:19,345 - INFO - Using profile directory: C:\laragon\www\dapokalsel\chrome_profile
2025-10-26 21:42:19,345 - INFO - Initializing undetected Chrome driver...
2025-10-26 21:42:26,935 - INFO - patching driver executable C:\laragon\www\dapokalsel\sekolah\~\appdata\roaming\undetected_chromedriver\undetected_chromedriver.exe
2025-10-26 21:42:27,552 - ERROR - Failed to setup driver: Binary Location Must be a String
Traceback (most recent call last):
  File "C:\laragon\www\dapokalsel\sekolah\import_url_kabupaten.pyw", line 92, in setup_driver
    temp_dir = tempfile.gettempdir()
  File "C:\laragon\bin\python\python-3.10\lib\site-packages\undetected_chromedriver\__init__.py", line 372, in __init__
    options.binary_location = (
  File "C:\laragon\bin\python\python-3.10\lib\site-packages\selenium\webdriver\chromium\options.py", line 52, in binary_location
    raise TypeError(self.BINARY_LOCATION_ERROR)
TypeError: Binary Location Must be a String
2025-10-26 21:42:27,552 - ERROR - Error on attempt 174: Failed to setup driver
Traceback (most recent call last):
  File "C:\laragon\www\dapokalsel\sekolah\import_url_kabupaten.pyw", line 388, in process_url_induk
    logger.warning(f"Row {idx} missing data: kode={kode}, nama={nama}, url={full_url}")
Exception: Failed to setup driver
2025-10-26 21:42:27,552 - INFO - Retry attempt 175/300...
2025-10-26 21:42:42,567 - INFO - Setting up Chrome driver...
2025-10-26 21:42:42,568 - INFO - Using profile directory: C:\laragon\www\dapokalsel\chrome_profile
2025-10-26 21:42:42,568 - INFO - Initializing undetected Chrome driver...
2025-10-26 21:42:50,837 - ERROR - Failed to setup driver: [WinError 183] Cannot create a file when that file already exists: 'C:\\laragon\\www\\dapokalsel\\sekolah\\~\\appdata\\roaming\\undetected_chromedriver\\undetected\\chromedriver-win32\\chromedriver.exe' -> 'C:\\laragon\\www\\dapokalsel\\sekolah\\~\\appdata\\roaming\\undetected_chromedriver\\undetected_chromedriver.exe'
Traceback (most recent call last):
  File "C:\laragon\www\dapokalsel\sekolah\import_url_kabupaten.pyw", line 92, in setup_driver
    temp_dir = tempfile.gettempdir()
  File "C:\laragon\bin\python\python-3.10\lib\site-packages\undetected_chromedriver\__init__.py", line 258, in __init__
    self.patcher.auto()
  File "C:\laragon\bin\python\python-3.10\lib\site-packages\undetected_chromedriver\patcher.py", line 178, in auto
    self.unzip_package(self.fetch_package())
  File "C:\laragon\bin\python\python-3.10\lib\site-packages\undetected_chromedriver\patcher.py", line 310, in unzip_package
    os.rename(os.path.join(self.zip_path, exe_path), self.executable_path)
FileExistsError: [WinError 183] Cannot create a file when that file already exists: 'C:\\laragon\\www\\dapokalsel\\sekolah\\~\\appdata\\roaming\\undetected_chromedriver\\undetected\\chromedriver-win32\\chromedriver.exe' -> 'C:\\laragon\\www\\dapokalsel\\sekolah\\~\\appdata\\roaming\\undetected_chromedriver\\undetected_chromedriver.exe'
2025-10-26 21:42:50,838 - ERROR - Error on attempt 175: Failed to setup driver
Traceback (most recent call last):
  File "C:\laragon\www\dapokalsel\sekolah\import_url_kabupaten.pyw", line 388, in process_url_induk
    logger.warning(f"Row {idx} missing data: kode={kode}, nama={nama}, url={full_url}")
Exception: Failed to setup driver
2025-10-26 21:42:50,838 - INFO - Retry attempt 176/300...
2025-10-26 21:43:05,838 - INFO - Setting up Chrome driver...
2025-10-26 21:43:05,839 - INFO - Using profile directory: C:\laragon\www\dapokalsel\chrome_profile
2025-10-26 21:43:05,840 - INFO - Initializing undetected Chrome driver...
2025-10-26 21:43:10,001 - INFO - patching driver executable C:\laragon\www\dapokalsel\sekolah\~\appdata\roaming\undetected_chromedriver\undetected_chromedriver.exe
2025-10-26 21:43:10,181 - ERROR - Failed to setup driver: Binary Location Must be a String
Traceback (most recent call last):
  File "C:\laragon\www\dapokalsel\sekolah\import_url_kabupaten.pyw", line 92, in setup_driver
    temp_dir = tempfile.gettempdir()
  File "C:\laragon\bin\python\python-3.10\lib\site-packages\undetected_chromedriver\__init__.py", line 372, in __init__
    options.binary_location = (
  File "C:\laragon\bin\python\python-3.10\lib\site-packages\selenium\webdriver\chromium\options.py", line 52, in binary_location
    raise TypeError(self.BINARY_LOCATION_ERROR)
TypeError: Binary Location Must be a String
2025-10-26 21:43:10,183 - ERROR - Error on attempt 176: Failed to setup driver
Traceback (most recent call last):
  File "C:\laragon\www\dapokalsel\sekolah\import_url_kabupaten.pyw", line 388, in process_url_induk
    logger.warning(f"Row {idx} missing data: kode={kode}, nama={nama}, url={full_url}")
Exception: Failed to setup driver
2025-10-26 21:43:10,183 - INFO - Retry attempt 177/300...
2025-10-26 21:43:25,184 - INFO - Setting up Chrome driver...
2025-10-26 21:43:25,201 - INFO - Using profile directory: C:\laragon\www\dapokalsel\chrome_profile
2025-10-26 21:43:25,202 - INFO - Initializing undetected Chrome driver...
2025-10-26 21:43:43,226 - ERROR - Failed to setup driver: <urlopen error [WinError 10054] An existing connection was forcibly closed by the remote host>
Traceback (most recent call last):
  File "C:\laragon\bin\python\python-3.10\lib\urllib\request.py", line 1348, in do_open
    h.request(req.get_method(), req.selector, req.data, headers,
  File "C:\laragon\bin\python\python-3.10\lib\http\client.py", line 1282, in request
    self._send_request(method, url, body, headers, encode_chunked)
  File "C:\laragon\bin\python\python-3.10\lib\http\client.py", line 1328, in _send_request
    self.endheaders(body, encode_chunked=encode_chunked)
  File "C:\laragon\bin\python\python-3.10\lib\http\client.py", line 1277, in endheaders
    self._send_output(message_body, encode_chunked=encode_chunked)
  File "C:\laragon\bin\python\python-3.10\lib\http\client.py", line 1037, in _send_output
    self.send(msg)
  File "C:\laragon\bin\python\python-3.10\lib\http\client.py", line 975, in send
    self.connect()
  File "C:\laragon\bin\python\python-3.10\lib\http\client.py", line 1454, in connect
    self.sock = self._context.wrap_socket(self.sock,
  File "C:\laragon\bin\python\python-3.10\lib\ssl.py", line 513, in wrap_socket
    return self.sslsocket_class._create(
  File "C:\laragon\bin\python\python-3.10\lib\ssl.py", line 1071, in _create
    self.do_handshake()
  File "C:\laragon\bin\python\python-3.10\lib\ssl.py", line 1342, in do_handshake
    self._sslobj.do_handshake()
ConnectionResetError: [WinError 10054] An existing connection was forcibly closed by the remote host

During handling of the above exception, another exception occurred:

Traceback (most recent call last):
  File "C:\laragon\www\dapokalsel\sekolah\import_url_kabupaten.pyw", line 92, in setup_driver
    temp_dir = tempfile.gettempdir()
  File "C:\laragon\bin\python\python-3.10\lib\site-packages\undetected_chromedriver\__init__.py", line 258, in __init__
    self.patcher.auto()
  File "C:\laragon\bin\python\python-3.10\lib\site-packages\undetected_chromedriver\patcher.py", line 175, in auto
    release = self.fetch_release_number()
  File "C:\laragon\bin\python\python-3.10\lib\site-packages\undetected_chromedriver\patcher.py", line 250, in fetch_release_number
    with urlopen(self.url_repo + path) as conn:
  File "C:\laragon\bin\python\python-3.10\lib\urllib\request.py", line 216, in urlopen
    return opener.open(url, data, timeout)
  File "C:\laragon\bin\python\python-3.10\lib\urllib\request.py", line 519, in open
    response = self._open(req, data)
  File "C:\laragon\bin\python\python-3.10\lib\urllib\request.py", line 536, in _open
    result = self._call_chain(self.handle_open, protocol, protocol +
  File "C:\laragon\bin\python\python-3.10\lib\urllib\request.py", line 496, in _call_chain
    result = func(*args)
  File "C:\laragon\bin\python\python-3.10\lib\urllib\request.py", line 1391, in https_open
    return self.do_open(http.client.HTTPSConnection, req,
  File "C:\laragon\bin\python\python-3.10\lib\urllib\request.py", line 1351, in do_open
    raise URLError(err)
urllib.error.URLError: <urlopen error [WinError 10054] An existing connection was forcibly closed by the remote host>
2025-10-26 21:43:43,406 - ERROR - Error on attempt 177: Failed to setup driver
Traceback (most recent call last):
  File "C:\laragon\www\dapokalsel\sekolah\import_url_kabupaten.pyw", line 388, in process_url_induk
    logger.warning(f"Row {idx} missing data: kode={kode}, nama={nama}, url={full_url}")
Exception: Failed to setup driver
2025-10-26 21:43:43,406 - INFO - Retry attempt 178/300...
2025-10-26 21:43:58,414 - INFO - Setting up Chrome driver...
2025-10-26 21:43:58,415 - INFO - Using profile directory: C:\laragon\www\dapokalsel\chrome_profile
2025-10-26 21:43:58,415 - INFO - Initializing undetected Chrome driver...
2025-10-26 21:44:33,344 - ERROR - Failed to setup driver: <urlopen error [WinError 10054] An existing connection was forcibly closed by the remote host>
Traceback (most recent call last):
  File "C:\laragon\bin\python\python-3.10\lib\urllib\request.py", line 1348, in do_open
    h.request(req.get_method(), req.selector, req.data, headers,
  File "C:\laragon\bin\python\python-3.10\lib\http\client.py", line 1282, in request
    self._send_request(method, url, body, headers, encode_chunked)
  File "C:\laragon\bin\python\python-3.10\lib\http\client.py", line 1328, in _send_request
    self.endheaders(body, encode_chunked=encode_chunked)
  File "C:\laragon\bin\python\python-3.10\lib\http\client.py", line 1277, in endheaders
    self._send_output(message_body, encode_chunked=encode_chunked)
  File "C:\laragon\bin\python\python-3.10\lib\http\client.py", line 1037, in _send_output
    self.send(msg)
  File "C:\laragon\bin\python\python-3.10\lib\http\client.py", line 975, in send
    self.connect()
  File "C:\laragon\bin\python\python-3.10\lib\http\client.py", line 1454, in connect
    self.sock = self._context.wrap_socket(self.sock,
  File "C:\laragon\bin\python\python-3.10\lib\ssl.py", line 513, in wrap_socket
    return self.sslsocket_class._create(
  File "C:\laragon\bin\python\python-3.10\lib\ssl.py", line 1071, in _create
    self.do_handshake()
  File "C:\laragon\bin\python\python-3.10\lib\ssl.py", line 1342, in do_handshake
    self._sslobj.do_handshake()
ConnectionResetError: [WinError 10054] An existing connection was forcibly closed by the remote host

During handling of the above exception, another exception occurred:

Traceback (most recent call last):
  File "C:\laragon\www\dapokalsel\sekolah\import_url_kabupaten.pyw", line 92, in setup_driver
    temp_dir = tempfile.gettempdir()
  File "C:\laragon\bin\python\python-3.10\lib\site-packages\undetected_chromedriver\__init__.py", line 258, in __init__
    self.patcher.auto()
  File "C:\laragon\bin\python\python-3.10\lib\site-packages\undetected_chromedriver\patcher.py", line 175, in auto
    release = self.fetch_release_number()
  File "C:\laragon\bin\python\python-3.10\lib\site-packages\undetected_chromedriver\patcher.py", line 250, in fetch_release_number
    with urlopen(self.url_repo + path) as conn:
  File "C:\laragon\bin\python\python-3.10\lib\urllib\request.py", line 216, in urlopen
    return opener.open(url, data, timeout)
  File "C:\laragon\bin\python\python-3.10\lib\urllib\request.py", line 519, in open
    response = self._open(req, data)
  File "C:\laragon\bin\python\python-3.10\lib\urllib\request.py", line 536, in _open
    result = self._call_chain(self.handle_open, protocol, protocol +
  File "C:\laragon\bin\python\python-3.10\lib\urllib\request.py", line 496, in _call_chain
    result = func(*args)
  File "C:\laragon\bin\python\python-3.10\lib\urllib\request.py", line 1391, in https_open
    return self.do_open(http.client.HTTPSConnection, req,
  File "C:\laragon\bin\python\python-3.10\lib\urllib\request.py", line 1351, in do_open
    raise URLError(err)
urllib.error.URLError: <urlopen error [WinError 10054] An existing connection was forcibly closed by the remote host>
2025-10-26 21:44:33,344 - ERROR - Error on attempt 178: Failed to setup driver
Traceback (most recent call last):
  File "C:\laragon\www\dapokalsel\sekolah\import_url_kabupaten.pyw", line 388, in process_url_induk
    logger.warning(f"Row {idx} missing data: kode={kode}, nama={nama}, url={full_url}")
Exception: Failed to setup driver
2025-10-26 21:44:33,344 - INFO - Retry attempt 179/300...
2025-10-26 21:44:48,358 - INFO - Setting up Chrome driver...
2025-10-26 21:44:48,359 - INFO - Using profile directory: C:\laragon\www\dapokalsel\chrome_profile
2025-10-26 21:44:48,359 - INFO - Initializing undetected Chrome driver...
2025-10-26 21:45:17,043 - ERROR - Failed to setup driver: [WinError 183] Cannot create a file when that file already exists: 'C:\\laragon\\www\\dapokalsel\\sekolah\\~\\appdata\\roaming\\undetected_chromedriver\\undetected\\chromedriver-win32\\chromedriver.exe' -> 'C:\\laragon\\www\\dapokalsel\\sekolah\\~\\appdata\\roaming\\undetected_chromedriver\\undetected_chromedriver.exe'
Traceback (most recent call last):
  File "C:\laragon\www\dapokalsel\sekolah\import_url_kabupaten.pyw", line 92, in setup_driver
    temp_dir = tempfile.gettempdir()
  File "C:\laragon\bin\python\python-3.10\lib\site-packages\undetected_chromedriver\__init__.py", line 258, in __init__
    self.patcher.auto()
  File "C:\laragon\bin\python\python-3.10\lib\site-packages\undetected_chromedriver\patcher.py", line 178, in auto
    self.unzip_package(self.fetch_package())
  File "C:\laragon\bin\python\python-3.10\lib\site-packages\undetected_chromedriver\patcher.py", line 310, in unzip_package
    os.rename(os.path.join(self.zip_path, exe_path), self.executable_path)
FileExistsError: [WinError 183] Cannot create a file when that file already exists: 'C:\\laragon\\www\\dapokalsel\\sekolah\\~\\appdata\\roaming\\undetected_chromedriver\\undetected\\chromedriver-win32\\chromedriver.exe' -> 'C:\\laragon\\www\\dapokalsel\\sekolah\\~\\appdata\\roaming\\undetected_chromedriver\\undetected_chromedriver.exe'
2025-10-26 21:45:17,043 - ERROR - Error on attempt 179: Failed to setup driver
Traceback (most recent call last):
  File "C:\laragon\www\dapokalsel\sekolah\import_url_kabupaten.pyw", line 388, in process_url_induk
    logger.warning(f"Row {idx} missing data: kode={kode}, nama={nama}, url={full_url}")
Exception: Failed to setup driver
2025-10-26 21:45:17,043 - INFO - Retry attempt 180/300...
2025-10-26 21:45:32,043 - INFO - Setting up Chrome driver...
2025-10-26 21:45:32,044 - INFO - Using profile directory: C:\laragon\www\dapokalsel\chrome_profile
2025-10-26 21:45:32,045 - INFO - Initializing undetected Chrome driver...
2025-10-26 21:45:55,656 - ERROR - Failed to setup driver: <urlopen error [WinError 10054] An existing connection was forcibly closed by the remote host>
Traceback (most recent call last):
  File "C:\laragon\bin\python\python-3.10\lib\urllib\request.py", line 1348, in do_open
    h.request(req.get_method(), req.selector, req.data, headers,
  File "C:\laragon\bin\python\python-3.10\lib\http\client.py", line 1282, in request
    self._send_request(method, url, body, headers, encode_chunked)
  File "C:\laragon\bin\python\python-3.10\lib\http\client.py", line 1328, in _send_request
    self.endheaders(body, encode_chunked=encode_chunked)
  File "C:\laragon\bin\python\python-3.10\lib\http\client.py", line 1277, in endheaders
    self._send_output(message_body, encode_chunked=encode_chunked)
  File "C:\laragon\bin\python\python-3.10\lib\http\client.py", line 1037, in _send_output
    self.send(msg)
  File "C:\laragon\bin\python\python-3.10\lib\http\client.py", line 975, in send
    self.connect()
  File "C:\laragon\bin\python\python-3.10\lib\http\client.py", line 1454, in connect
    self.sock = self._context.wrap_socket(self.sock,
  File "C:\laragon\bin\python\python-3.10\lib\ssl.py", line 513, in wrap_socket
    return self.sslsocket_class._create(
  File "C:\laragon\bin\python\python-3.10\lib\ssl.py", line 1071, in _create
    self.do_handshake()
  File "C:\laragon\bin\python\python-3.10\lib\ssl.py", line 1342, in do_handshake
    self._sslobj.do_handshake()
ConnectionResetError: [WinError 10054] An existing connection was forcibly closed by the remote host

During handling of the above exception, another exception occurred:

Traceback (most recent call last):
  File "C:\laragon\www\dapokalsel\sekolah\import_url_kabupaten.pyw", line 92, in setup_driver
    temp_dir = tempfile.gettempdir()
  File "C:\laragon\bin\python\python-3.10\lib\site-packages\undetected_chromedriver\__init__.py", line 258, in __init__
    self.patcher.auto()
  File "C:\laragon\bin\python\python-3.10\lib\site-packages\undetected_chromedriver\patcher.py", line 175, in auto
    release = self.fetch_release_number()
  File "C:\laragon\bin\python\python-3.10\lib\site-packages\undetected_chromedriver\patcher.py", line 250, in fetch_release_number
    with urlopen(self.url_repo + path) as conn:
  File "C:\laragon\bin\python\python-3.10\lib\urllib\request.py", line 216, in urlopen
    return opener.open(url, data, timeout)
  File "C:\laragon\bin\python\python-3.10\lib\urllib\request.py", line 519, in open
    response = self._open(req, data)
  File "C:\laragon\bin\python\python-3.10\lib\urllib\request.py", line 536, in _open
    result = self._call_chain(self.handle_open, protocol, protocol +
  File "C:\laragon\bin\python\python-3.10\lib\urllib\request.py", line 496, in _call_chain
    result = func(*args)
  File "C:\laragon\bin\python\python-3.10\lib\urllib\request.py", line 1391, in https_open
    return self.do_open(http.client.HTTPSConnection, req,
  File "C:\laragon\bin\python\python-3.10\lib\urllib\request.py", line 1351, in do_open
    raise URLError(err)
urllib.error.URLError: <urlopen error [WinError 10054] An existing connection was forcibly closed by the remote host>
2025-10-26 21:45:55,659 - ERROR - Error on attempt 180: Failed to setup driver
Traceback (most recent call last):
  File "C:\laragon\www\dapokalsel\sekolah\import_url_kabupaten.pyw", line 388, in process_url_induk
    logger.warning(f"Row {idx} missing data: kode={kode}, nama={nama}, url={full_url}")
Exception: Failed to setup driver
2025-10-26 21:45:55,659 - INFO - Retry attempt 181/300...
2025-10-26 21:46:10,670 - INFO - Setting up Chrome driver...
2025-10-26 21:46:10,671 - INFO - Using profile directory: C:\laragon\www\dapokalsel\chrome_profile
2025-10-26 21:46:10,671 - INFO - Initializing undetected Chrome driver...
2025-10-26 21:47:34,351 - ERROR - Failed to setup driver: [WinError 183] Cannot create a file when that file already exists: 'C:\\laragon\\www\\dapokalsel\\sekolah\\~\\appdata\\roaming\\undetected_chromedriver\\undetected\\chromedriver-win32\\chromedriver.exe' -> 'C:\\laragon\\www\\dapokalsel\\sekolah\\~\\appdata\\roaming\\undetected_chromedriver\\undetected_chromedriver.exe'
Traceback (most recent call last):
  File "C:\laragon\www\dapokalsel\sekolah\import_url_kabupaten.pyw", line 92, in setup_driver
    temp_dir = tempfile.gettempdir()
  File "C:\laragon\bin\python\python-3.10\lib\site-packages\undetected_chromedriver\__init__.py", line 258, in __init__
    self.patcher.auto()
  File "C:\laragon\bin\python\python-3.10\lib\site-packages\undetected_chromedriver\patcher.py", line 178, in auto
    self.unzip_package(self.fetch_package())
  File "C:\laragon\bin\python\python-3.10\lib\site-packages\undetected_chromedriver\patcher.py", line 310, in unzip_package
    os.rename(os.path.join(self.zip_path, exe_path), self.executable_path)
FileExistsError: [WinError 183] Cannot create a file when that file already exists: 'C:\\laragon\\www\\dapokalsel\\sekolah\\~\\appdata\\roaming\\undetected_chromedriver\\undetected\\chromedriver-win32\\chromedriver.exe' -> 'C:\\laragon\\www\\dapokalsel\\sekolah\\~\\appdata\\roaming\\undetected_chromedriver\\undetected_chromedriver.exe'
2025-10-26 21:47:34,351 - ERROR - Error on attempt 181: Failed to setup driver
Traceback (most recent call last):
  File "C:\laragon\www\dapokalsel\sekolah\import_url_kabupaten.pyw", line 388, in process_url_induk
    logger.warning(f"Row {idx} missing data: kode={kode}, nama={nama}, url={full_url}")
Exception: Failed to setup driver
2025-10-26 21:47:34,351 - INFO - Retry attempt 182/300...
2025-10-26 21:47:49,424 - INFO - Setting up Chrome driver...
2025-10-26 21:47:49,424 - INFO - Using profile directory: C:\laragon\www\dapokalsel\chrome_profile
2025-10-26 21:47:49,424 - INFO - Initializing undetected Chrome driver...
2025-10-26 21:48:01,439 - INFO - patching driver executable C:\laragon\www\dapokalsel\sekolah\~\appdata\roaming\undetected_chromedriver\undetected_chromedriver.exe
2025-10-26 21:48:01,549 - ERROR - Failed to setup driver: Binary Location Must be a String
Traceback (most recent call last):
  File "C:\laragon\www\dapokalsel\sekolah\import_url_kabupaten.pyw", line 92, in setup_driver
    temp_dir = tempfile.gettempdir()
  File "C:\laragon\bin\python\python-3.10\lib\site-packages\undetected_chromedriver\__init__.py", line 372, in __init__
    options.binary_location = (
  File "C:\laragon\bin\python\python-3.10\lib\site-packages\selenium\webdriver\chromium\options.py", line 52, in binary_location
    raise TypeError(self.BINARY_LOCATION_ERROR)
TypeError: Binary Location Must be a String
2025-10-26 21:48:01,549 - ERROR - Error on attempt 182: Failed to setup driver
Traceback (most recent call last):
  File "C:\laragon\www\dapokalsel\sekolah\import_url_kabupaten.pyw", line 388, in process_url_induk
    logger.warning(f"Row {idx} missing data: kode={kode}, nama={nama}, url={full_url}")
Exception: Failed to setup driver
2025-10-26 21:48:01,549 - INFO - Retry attempt 183/300...
2025-10-26 21:48:16,549 - INFO - Setting up Chrome driver...
2025-10-26 21:48:16,550 - INFO - Using profile directory: C:\laragon\www\dapokalsel\chrome_profile
2025-10-26 21:48:16,550 - INFO - Initializing undetected Chrome driver...
2025-10-26 21:48:26,715 - INFO - patching driver executable C:\laragon\www\dapokalsel\sekolah\~\appdata\roaming\undetected_chromedriver\undetected_chromedriver.exe
2025-10-26 21:48:26,833 - ERROR - Failed to setup driver: Binary Location Must be a String
Traceback (most recent call last):
  File "C:\laragon\www\dapokalsel\sekolah\import_url_kabupaten.pyw", line 92, in setup_driver
    temp_dir = tempfile.gettempdir()
  File "C:\laragon\bin\python\python-3.10\lib\site-packages\undetected_chromedriver\__init__.py", line 372, in __init__
    options.binary_location = (
  File "C:\laragon\bin\python\python-3.10\lib\site-packages\selenium\webdriver\chromium\options.py", line 52, in binary_location
    raise TypeError(self.BINARY_LOCATION_ERROR)
TypeError: Binary Location Must be a String
2025-10-26 21:48:26,847 - ERROR - Error on attempt 183: Failed to setup driver
Traceback (most recent call last):
  File "C:\laragon\www\dapokalsel\sekolah\import_url_kabupaten.pyw", line 388, in process_url_induk
    logger.warning(f"Row {idx} missing data: kode={kode}, nama={nama}, url={full_url}")
Exception: Failed to setup driver
2025-10-26 21:48:26,847 - INFO - Retry attempt 184/300...
2025-10-26 21:48:41,848 - INFO - Setting up Chrome driver...
2025-10-26 21:48:41,848 - INFO - Using profile directory: C:\laragon\www\dapokalsel\chrome_profile
2025-10-26 21:48:41,848 - INFO - Initializing undetected Chrome driver...
2025-10-26 21:49:02,396 - ERROR - Failed to setup driver: [WinError 183] Cannot create a file when that file already exists: 'C:\\laragon\\www\\dapokalsel\\sekolah\\~\\appdata\\roaming\\undetected_chromedriver\\undetected\\chromedriver-win32\\chromedriver.exe' -> 'C:\\laragon\\www\\dapokalsel\\sekolah\\~\\appdata\\roaming\\undetected_chromedriver\\undetected_chromedriver.exe'
Traceback (most recent call last):
  File "C:\laragon\www\dapokalsel\sekolah\import_url_kabupaten.pyw", line 92, in setup_driver
    temp_dir = tempfile.gettempdir()
  File "C:\laragon\bin\python\python-3.10\lib\site-packages\undetected_chromedriver\__init__.py", line 258, in __init__
    self.patcher.auto()
  File "C:\laragon\bin\python\python-3.10\lib\site-packages\undetected_chromedriver\patcher.py", line 178, in auto
    self.unzip_package(self.fetch_package())
  File "C:\laragon\bin\python\python-3.10\lib\site-packages\undetected_chromedriver\patcher.py", line 310, in unzip_package
    os.rename(os.path.join(self.zip_path, exe_path), self.executable_path)
FileExistsError: [WinError 183] Cannot create a file when that file already exists: 'C:\\laragon\\www\\dapokalsel\\sekolah\\~\\appdata\\roaming\\undetected_chromedriver\\undetected\\chromedriver-win32\\chromedriver.exe' -> 'C:\\laragon\\www\\dapokalsel\\sekolah\\~\\appdata\\roaming\\undetected_chromedriver\\undetected_chromedriver.exe'
2025-10-26 21:49:02,396 - ERROR - Error on attempt 184: Failed to setup driver
Traceback (most recent call last):
  File "C:\laragon\www\dapokalsel\sekolah\import_url_kabupaten.pyw", line 388, in process_url_induk
    logger.warning(f"Row {idx} missing data: kode={kode}, nama={nama}, url={full_url}")
Exception: Failed to setup driver
2025-10-26 21:49:02,396 - INFO - Retry attempt 185/300...
2025-10-26 21:49:17,407 - INFO - Setting up Chrome driver...
2025-10-26 21:49:17,407 - INFO - Using profile directory: C:\laragon\www\dapokalsel\chrome_profile
2025-10-26 21:49:17,407 - INFO - Initializing undetected Chrome driver...
2025-10-26 21:49:31,828 - ERROR - Failed to setup driver: [WinError 183] Cannot create a file when that file already exists: 'C:\\laragon\\www\\dapokalsel\\sekolah\\~\\appdata\\roaming\\undetected_chromedriver\\undetected\\chromedriver-win32\\chromedriver.exe' -> 'C:\\laragon\\www\\dapokalsel\\sekolah\\~\\appdata\\roaming\\undetected_chromedriver\\undetected_chromedriver.exe'
Traceback (most recent call last):
  File "C:\laragon\www\dapokalsel\sekolah\import_url_kabupaten.pyw", line 92, in setup_driver
    temp_dir = tempfile.gettempdir()
  File "C:\laragon\bin\python\python-3.10\lib\site-packages\undetected_chromedriver\__init__.py", line 258, in __init__
    self.patcher.auto()
  File "C:\laragon\bin\python\python-3.10\lib\site-packages\undetected_chromedriver\patcher.py", line 178, in auto
    self.unzip_package(self.fetch_package())
  File "C:\laragon\bin\python\python-3.10\lib\site-packages\undetected_chromedriver\patcher.py", line 310, in unzip_package
    os.rename(os.path.join(self.zip_path, exe_path), self.executable_path)
FileExistsError: [WinError 183] Cannot create a file when that file already exists: 'C:\\laragon\\www\\dapokalsel\\sekolah\\~\\appdata\\roaming\\undetected_chromedriver\\undetected\\chromedriver-win32\\chromedriver.exe' -> 'C:\\laragon\\www\\dapokalsel\\sekolah\\~\\appdata\\roaming\\undetected_chromedriver\\undetected_chromedriver.exe'
2025-10-26 21:49:31,828 - ERROR - Error on attempt 185: Failed to setup driver
Traceback (most recent call last):
  File "C:\laragon\www\dapokalsel\sekolah\import_url_kabupaten.pyw", line 388, in process_url_induk
    logger.warning(f"Row {idx} missing data: kode={kode}, nama={nama}, url={full_url}")
Exception: Failed to setup driver
2025-10-26 21:49:31,828 - INFO - Retry attempt 186/300...
2025-10-26 21:49:46,842 - INFO - Setting up Chrome driver...
2025-10-26 21:49:46,843 - INFO - Using profile directory: C:\laragon\www\dapokalsel\chrome_profile
2025-10-26 21:49:46,844 - INFO - Initializing undetected Chrome driver...
2025-10-26 21:49:55,126 - INFO - patching driver executable C:\laragon\www\dapokalsel\sekolah\~\appdata\roaming\undetected_chromedriver\undetected_chromedriver.exe
2025-10-26 21:49:55,222 - ERROR - Failed to setup driver: Binary Location Must be a String
Traceback (most recent call last):
  File "C:\laragon\www\dapokalsel\sekolah\import_url_kabupaten.pyw", line 92, in setup_driver
    temp_dir = tempfile.gettempdir()
  File "C:\laragon\bin\python\python-3.10\lib\site-packages\undetected_chromedriver\__init__.py", line 372, in __init__
    options.binary_location = (
  File "C:\laragon\bin\python\python-3.10\lib\site-packages\selenium\webdriver\chromium\options.py", line 52, in binary_location
    raise TypeError(self.BINARY_LOCATION_ERROR)
TypeError: Binary Location Must be a String
2025-10-26 21:49:55,222 - ERROR - Error on attempt 186: Failed to setup driver
Traceback (most recent call last):
  File "C:\laragon\www\dapokalsel\sekolah\import_url_kabupaten.pyw", line 388, in process_url_induk
    logger.warning(f"Row {idx} missing data: kode={kode}, nama={nama}, url={full_url}")
Exception: Failed to setup driver
2025-10-26 21:49:55,222 - INFO - Retry attempt 187/300...
2025-10-26 21:50:10,227 - INFO - Setting up Chrome driver...
2025-10-26 21:50:10,229 - INFO - Using profile directory: C:\laragon\www\dapokalsel\chrome_profile
2025-10-26 21:50:10,230 - INFO - Initializing undetected Chrome driver...
2025-10-26 21:50:21,392 - ERROR - Failed to setup driver: [WinError 183] Cannot create a file when that file already exists: 'C:\\laragon\\www\\dapokalsel\\sekolah\\~\\appdata\\roaming\\undetected_chromedriver\\undetected\\chromedriver-win32\\chromedriver.exe' -> 'C:\\laragon\\www\\dapokalsel\\sekolah\\~\\appdata\\roaming\\undetected_chromedriver\\undetected_chromedriver.exe'
Traceback (most recent call last):
  File "C:\laragon\www\dapokalsel\sekolah\import_url_kabupaten.pyw", line 92, in setup_driver
    temp_dir = tempfile.gettempdir()
  File "C:\laragon\bin\python\python-3.10\lib\site-packages\undetected_chromedriver\__init__.py", line 258, in __init__
    self.patcher.auto()
  File "C:\laragon\bin\python\python-3.10\lib\site-packages\undetected_chromedriver\patcher.py", line 178, in auto
    self.unzip_package(self.fetch_package())
  File "C:\laragon\bin\python\python-3.10\lib\site-packages\undetected_chromedriver\patcher.py", line 310, in unzip_package
    os.rename(os.path.join(self.zip_path, exe_path), self.executable_path)
FileExistsError: [WinError 183] Cannot create a file when that file already exists: 'C:\\laragon\\www\\dapokalsel\\sekolah\\~\\appdata\\roaming\\undetected_chromedriver\\undetected\\chromedriver-win32\\chromedriver.exe' -> 'C:\\laragon\\www\\dapokalsel\\sekolah\\~\\appdata\\roaming\\undetected_chromedriver\\undetected_chromedriver.exe'
2025-10-26 21:50:21,392 - ERROR - Error on attempt 187: Failed to setup driver
Traceback (most recent call last):
  File "C:\laragon\www\dapokalsel\sekolah\import_url_kabupaten.pyw", line 388, in process_url_induk
    logger.warning(f"Row {idx} missing data: kode={kode}, nama={nama}, url={full_url}")
Exception: Failed to setup driver
2025-10-26 21:50:21,392 - INFO - Retry attempt 188/300...
2025-10-26 21:50:36,392 - INFO - Setting up Chrome driver...
2025-10-26 21:50:36,393 - INFO - Using profile directory: C:\laragon\www\dapokalsel\chrome_profile
2025-10-26 21:50:36,393 - INFO - Initializing undetected Chrome driver...
2025-10-26 21:50:50,323 - INFO - patching driver executable C:\laragon\www\dapokalsel\sekolah\~\appdata\roaming\undetected_chromedriver\undetected_chromedriver.exe
2025-10-26 21:50:50,423 - ERROR - Failed to setup driver: Binary Location Must be a String
Traceback (most recent call last):
  File "C:\laragon\www\dapokalsel\sekolah\import_url_kabupaten.pyw", line 92, in setup_driver
    temp_dir = tempfile.gettempdir()
  File "C:\laragon\bin\python\python-3.10\lib\site-packages\undetected_chromedriver\__init__.py", line 372, in __init__
    options.binary_location = (
  File "C:\laragon\bin\python\python-3.10\lib\site-packages\selenium\webdriver\chromium\options.py", line 52, in binary_location
    raise TypeError(self.BINARY_LOCATION_ERROR)
TypeError: Binary Location Must be a String
2025-10-26 21:50:50,423 - ERROR - Error on attempt 188: Failed to setup driver
Traceback (most recent call last):
  File "C:\laragon\www\dapokalsel\sekolah\import_url_kabupaten.pyw", line 388, in process_url_induk
    logger.warning(f"Row {idx} missing data: kode={kode}, nama={nama}, url={full_url}")
Exception: Failed to setup driver
2025-10-26 21:50:50,424 - INFO - Retry attempt 189/300...
2025-10-26 21:51:05,438 - INFO - Setting up Chrome driver...
2025-10-26 21:51:05,438 - INFO - Using profile directory: C:\laragon\www\dapokalsel\chrome_profile
2025-10-26 21:51:05,438 - INFO - Initializing undetected Chrome driver...
2025-10-26 21:51:13,839 - ERROR - Failed to setup driver: [WinError 183] Cannot create a file when that file already exists: 'C:\\laragon\\www\\dapokalsel\\sekolah\\~\\appdata\\roaming\\undetected_chromedriver\\undetected\\chromedriver-win32\\chromedriver.exe' -> 'C:\\laragon\\www\\dapokalsel\\sekolah\\~\\appdata\\roaming\\undetected_chromedriver\\undetected_chromedriver.exe'
Traceback (most recent call last):
  File "C:\laragon\www\dapokalsel\sekolah\import_url_kabupaten.pyw", line 92, in setup_driver
    temp_dir = tempfile.gettempdir()
  File "C:\laragon\bin\python\python-3.10\lib\site-packages\undetected_chromedriver\__init__.py", line 258, in __init__
    self.patcher.auto()
  File "C:\laragon\bin\python\python-3.10\lib\site-packages\undetected_chromedriver\patcher.py", line 178, in auto
    self.unzip_package(self.fetch_package())
  File "C:\laragon\bin\python\python-3.10\lib\site-packages\undetected_chromedriver\patcher.py", line 310, in unzip_package
    os.rename(os.path.join(self.zip_path, exe_path), self.executable_path)
FileExistsError: [WinError 183] Cannot create a file when that file already exists: 'C:\\laragon\\www\\dapokalsel\\sekolah\\~\\appdata\\roaming\\undetected_chromedriver\\undetected\\chromedriver-win32\\chromedriver.exe' -> 'C:\\laragon\\www\\dapokalsel\\sekolah\\~\\appdata\\roaming\\undetected_chromedriver\\undetected_chromedriver.exe'
2025-10-26 21:51:13,839 - ERROR - Error on attempt 189: Failed to setup driver
Traceback (most recent call last):
  File "C:\laragon\www\dapokalsel\sekolah\import_url_kabupaten.pyw", line 388, in process_url_induk
    logger.warning(f"Row {idx} missing data: kode={kode}, nama={nama}, url={full_url}")
Exception: Failed to setup driver
2025-10-26 21:51:13,839 - INFO - Retry attempt 190/300...
2025-10-26 21:51:28,840 - INFO - Setting up Chrome driver...
2025-10-26 21:51:28,842 - INFO - Using profile directory: C:\laragon\www\dapokalsel\chrome_profile
2025-10-26 21:51:28,842 - INFO - Initializing undetected Chrome driver...
2025-10-26 21:51:42,535 - ERROR - Failed to setup driver: [WinError 183] Cannot create a file when that file already exists: 'C:\\laragon\\www\\dapokalsel\\sekolah\\~\\appdata\\roaming\\undetected_chromedriver\\undetected\\chromedriver-win32\\chromedriver.exe' -> 'C:\\laragon\\www\\dapokalsel\\sekolah\\~\\appdata\\roaming\\undetected_chromedriver\\undetected_chromedriver.exe'
Traceback (most recent call last):
  File "C:\laragon\www\dapokalsel\sekolah\import_url_kabupaten.pyw", line 92, in setup_driver
    temp_dir = tempfile.gettempdir()
  File "C:\laragon\bin\python\python-3.10\lib\site-packages\undetected_chromedriver\__init__.py", line 258, in __init__
    self.patcher.auto()
  File "C:\laragon\bin\python\python-3.10\lib\site-packages\undetected_chromedriver\patcher.py", line 178, in auto
    self.unzip_package(self.fetch_package())
  File "C:\laragon\bin\python\python-3.10\lib\site-packages\undetected_chromedriver\patcher.py", line 310, in unzip_package
    os.rename(os.path.join(self.zip_path, exe_path), self.executable_path)
FileExistsError: [WinError 183] Cannot create a file when that file already exists: 'C:\\laragon\\www\\dapokalsel\\sekolah\\~\\appdata\\roaming\\undetected_chromedriver\\undetected\\chromedriver-win32\\chromedriver.exe' -> 'C:\\laragon\\www\\dapokalsel\\sekolah\\~\\appdata\\roaming\\undetected_chromedriver\\undetected_chromedriver.exe'
2025-10-26 21:51:42,536 - ERROR - Error on attempt 190: Failed to setup driver
Traceback (most recent call last):
  File "C:\laragon\www\dapokalsel\sekolah\import_url_kabupaten.pyw", line 388, in process_url_induk
    logger.warning(f"Row {idx} missing data: kode={kode}, nama={nama}, url={full_url}")
Exception: Failed to setup driver
2025-10-26 21:51:42,536 - INFO - Retry attempt 191/300...
2025-10-26 21:51:57,547 - INFO - Setting up Chrome driver...
2025-10-26 21:51:57,547 - INFO - Using profile directory: C:\laragon\www\dapokalsel\chrome_profile
2025-10-26 21:51:57,547 - INFO - Initializing undetected Chrome driver...
2025-10-26 21:52:06,619 - ERROR - Failed to setup driver: [WinError 183] Cannot create a file when that file already exists: 'C:\\laragon\\www\\dapokalsel\\sekolah\\~\\appdata\\roaming\\undetected_chromedriver\\undetected\\chromedriver-win32\\chromedriver.exe' -> 'C:\\laragon\\www\\dapokalsel\\sekolah\\~\\appdata\\roaming\\undetected_chromedriver\\undetected_chromedriver.exe'
Traceback (most recent call last):
  File "C:\laragon\www\dapokalsel\sekolah\import_url_kabupaten.pyw", line 92, in setup_driver
    temp_dir = tempfile.gettempdir()
  File "C:\laragon\bin\python\python-3.10\lib\site-packages\undetected_chromedriver\__init__.py", line 258, in __init__
    self.patcher.auto()
  File "C:\laragon\bin\python\python-3.10\lib\site-packages\undetected_chromedriver\patcher.py", line 178, in auto
    self.unzip_package(self.fetch_package())
  File "C:\laragon\bin\python\python-3.10\lib\site-packages\undetected_chromedriver\patcher.py", line 310, in unzip_package
    os.rename(os.path.join(self.zip_path, exe_path), self.executable_path)
FileExistsError: [WinError 183] Cannot create a file when that file already exists: 'C:\\laragon\\www\\dapokalsel\\sekolah\\~\\appdata\\roaming\\undetected_chromedriver\\undetected\\chromedriver-win32\\chromedriver.exe' -> 'C:\\laragon\\www\\dapokalsel\\sekolah\\~\\appdata\\roaming\\undetected_chromedriver\\undetected_chromedriver.exe'
2025-10-26 21:52:06,619 - ERROR - Error on attempt 191: Failed to setup driver
Traceback (most recent call last):
  File "C:\laragon\www\dapokalsel\sekolah\import_url_kabupaten.pyw", line 388, in process_url_induk
    logger.warning(f"Row {idx} missing data: kode={kode}, nama={nama}, url={full_url}")
Exception: Failed to setup driver
2025-10-26 21:52:06,619 - INFO - Retry attempt 192/300...
2025-10-26 21:52:21,620 - INFO - Setting up Chrome driver...
2025-10-26 21:52:21,622 - INFO - Using profile directory: C:\laragon\www\dapokalsel\chrome_profile
2025-10-26 21:52:21,622 - INFO - Initializing undetected Chrome driver...
2025-10-26 21:52:28,824 - INFO - patching driver executable C:\laragon\www\dapokalsel\sekolah\~\appdata\roaming\undetected_chromedriver\undetected_chromedriver.exe
2025-10-26 21:52:28,902 - ERROR - Failed to setup driver: Binary Location Must be a String
Traceback (most recent call last):
  File "C:\laragon\www\dapokalsel\sekolah\import_url_kabupaten.pyw", line 92, in setup_driver
    temp_dir = tempfile.gettempdir()
  File "C:\laragon\bin\python\python-3.10\lib\site-packages\undetected_chromedriver\__init__.py", line 372, in __init__
    options.binary_location = (
  File "C:\laragon\bin\python\python-3.10\lib\site-packages\selenium\webdriver\chromium\options.py", line 52, in binary_location
    raise TypeError(self.BINARY_LOCATION_ERROR)
TypeError: Binary Location Must be a String
2025-10-26 21:52:28,902 - ERROR - Error on attempt 192: Failed to setup driver
Traceback (most recent call last):
  File "C:\laragon\www\dapokalsel\sekolah\import_url_kabupaten.pyw", line 388, in process_url_induk
    logger.warning(f"Row {idx} missing data: kode={kode}, nama={nama}, url={full_url}")
Exception: Failed to setup driver
2025-10-26 21:52:28,902 - INFO - Retry attempt 193/300...
2025-10-26 21:52:43,902 - INFO - Setting up Chrome driver...
2025-10-26 21:52:43,903 - INFO - Using profile directory: C:\laragon\www\dapokalsel\chrome_profile
2025-10-26 21:52:43,904 - INFO - Initializing undetected Chrome driver...
2025-10-26 21:52:54,017 - INFO - patching driver executable C:\laragon\www\dapokalsel\sekolah\~\appdata\roaming\undetected_chromedriver\undetected_chromedriver.exe
2025-10-26 21:52:54,116 - ERROR - Failed to setup driver: Binary Location Must be a String
Traceback (most recent call last):
  File "C:\laragon\www\dapokalsel\sekolah\import_url_kabupaten.pyw", line 92, in setup_driver
    temp_dir = tempfile.gettempdir()
  File "C:\laragon\bin\python\python-3.10\lib\site-packages\undetected_chromedriver\__init__.py", line 372, in __init__
    options.binary_location = (
  File "C:\laragon\bin\python\python-3.10\lib\site-packages\selenium\webdriver\chromium\options.py", line 52, in binary_location
    raise TypeError(self.BINARY_LOCATION_ERROR)
TypeError: Binary Location Must be a String
2025-10-26 21:52:54,116 - ERROR - Error on attempt 193: Failed to setup driver
Traceback (most recent call last):
  File "C:\laragon\www\dapokalsel\sekolah\import_url_kabupaten.pyw", line 388, in process_url_induk
    logger.warning(f"Row {idx} missing data: kode={kode}, nama={nama}, url={full_url}")
Exception: Failed to setup driver
2025-10-26 21:52:54,116 - INFO - Retry attempt 194/300...
2025-10-26 21:53:09,117 - INFO - Setting up Chrome driver...
2025-10-26 21:53:09,117 - INFO - Using profile directory: C:\laragon\www\dapokalsel\chrome_profile
2025-10-26 21:53:09,118 - INFO - Initializing undetected Chrome driver...
2025-10-26 21:53:16,001 - ERROR - Failed to setup driver: [WinError 183] Cannot create a file when that file already exists: 'C:\\laragon\\www\\dapokalsel\\sekolah\\~\\appdata\\roaming\\undetected_chromedriver\\undetected\\chromedriver-win32\\chromedriver.exe' -> 'C:\\laragon\\www\\dapokalsel\\sekolah\\~\\appdata\\roaming\\undetected_chromedriver\\undetected_chromedriver.exe'
Traceback (most recent call last):
  File "C:\laragon\www\dapokalsel\sekolah\import_url_kabupaten.pyw", line 92, in setup_driver
    temp_dir = tempfile.gettempdir()
  File "C:\laragon\bin\python\python-3.10\lib\site-packages\undetected_chromedriver\__init__.py", line 258, in __init__
    self.patcher.auto()
  File "C:\laragon\bin\python\python-3.10\lib\site-packages\undetected_chromedriver\patcher.py", line 178, in auto
    self.unzip_package(self.fetch_package())
  File "C:\laragon\bin\python\python-3.10\lib\site-packages\undetected_chromedriver\patcher.py", line 310, in unzip_package
    os.rename(os.path.join(self.zip_path, exe_path), self.executable_path)
FileExistsError: [WinError 183] Cannot create a file when that file already exists: 'C:\\laragon\\www\\dapokalsel\\sekolah\\~\\appdata\\roaming\\undetected_chromedriver\\undetected\\chromedriver-win32\\chromedriver.exe' -> 'C:\\laragon\\www\\dapokalsel\\sekolah\\~\\appdata\\roaming\\undetected_chromedriver\\undetected_chromedriver.exe'
2025-10-26 21:53:16,001 - ERROR - Error on attempt 194: Failed to setup driver
Traceback (most recent call last):
  File "C:\laragon\www\dapokalsel\sekolah\import_url_kabupaten.pyw", line 388, in process_url_induk
    logger.warning(f"Row {idx} missing data: kode={kode}, nama={nama}, url={full_url}")
Exception: Failed to setup driver
2025-10-26 21:53:16,001 - INFO - Retry attempt 195/300...
2025-10-26 21:53:31,001 - INFO - Setting up Chrome driver...
2025-10-26 21:53:31,001 - INFO - Using profile directory: C:\laragon\www\dapokalsel\chrome_profile
2025-10-26 21:53:31,001 - INFO - Initializing undetected Chrome driver...
2025-10-26 21:53:40,233 - INFO - patching driver executable C:\laragon\www\dapokalsel\sekolah\~\appdata\roaming\undetected_chromedriver\undetected_chromedriver.exe
2025-10-26 21:53:40,347 - ERROR - Failed to setup driver: Binary Location Must be a String
Traceback (most recent call last):
  File "C:\laragon\www\dapokalsel\sekolah\import_url_kabupaten.pyw", line 92, in setup_driver
    temp_dir = tempfile.gettempdir()
  File "C:\laragon\bin\python\python-3.10\lib\site-packages\undetected_chromedriver\__init__.py", line 372, in __init__
    options.binary_location = (
  File "C:\laragon\bin\python\python-3.10\lib\site-packages\selenium\webdriver\chromium\options.py", line 52, in binary_location
    raise TypeError(self.BINARY_LOCATION_ERROR)
TypeError: Binary Location Must be a String
2025-10-26 21:53:40,347 - ERROR - Error on attempt 195: Failed to setup driver
Traceback (most recent call last):
  File "C:\laragon\www\dapokalsel\sekolah\import_url_kabupaten.pyw", line 388, in process_url_induk
    logger.warning(f"Row {idx} missing data: kode={kode}, nama={nama}, url={full_url}")
Exception: Failed to setup driver
2025-10-26 21:53:40,347 - INFO - Retry attempt 196/300...
2025-10-26 21:53:55,358 - INFO - Setting up Chrome driver...
2025-10-26 21:53:55,358 - INFO - Using profile directory: C:\laragon\www\dapokalsel\chrome_profile
2025-10-26 21:53:55,358 - INFO - Initializing undetected Chrome driver...
2025-10-26 21:54:01,046 - INFO - patching driver executable C:\laragon\www\dapokalsel\sekolah\~\appdata\roaming\undetected_chromedriver\undetected_chromedriver.exe
2025-10-26 21:54:01,130 - ERROR - Failed to setup driver: Binary Location Must be a String
Traceback (most recent call last):
  File "C:\laragon\www\dapokalsel\sekolah\import_url_kabupaten.pyw", line 92, in setup_driver
    temp_dir = tempfile.gettempdir()
  File "C:\laragon\bin\python\python-3.10\lib\site-packages\undetected_chromedriver\__init__.py", line 372, in __init__
    options.binary_location = (
  File "C:\laragon\bin\python\python-3.10\lib\site-packages\selenium\webdriver\chromium\options.py", line 52, in binary_location
    raise TypeError(self.BINARY_LOCATION_ERROR)
TypeError: Binary Location Must be a String
2025-10-26 21:54:01,130 - ERROR - Error on attempt 196: Failed to setup driver
Traceback (most recent call last):
  File "C:\laragon\www\dapokalsel\sekolah\import_url_kabupaten.pyw", line 388, in process_url_induk
    logger.warning(f"Row {idx} missing data: kode={kode}, nama={nama}, url={full_url}")
Exception: Failed to setup driver
2025-10-26 21:54:01,130 - INFO - Retry attempt 197/300...
2025-10-26 21:54:16,131 - INFO - Setting up Chrome driver...
2025-10-26 21:54:16,133 - INFO - Using profile directory: C:\laragon\www\dapokalsel\chrome_profile
2025-10-26 21:54:16,134 - INFO - Initializing undetected Chrome driver...
2025-10-26 21:54:20,928 - INFO - patching driver executable C:\laragon\www\dapokalsel\sekolah\~\appdata\roaming\undetected_chromedriver\undetected_chromedriver.exe
2025-10-26 21:54:21,033 - ERROR - Failed to setup driver: Binary Location Must be a String
Traceback (most recent call last):
  File "C:\laragon\www\dapokalsel\sekolah\import_url_kabupaten.pyw", line 92, in setup_driver
    temp_dir = tempfile.gettempdir()
  File "C:\laragon\bin\python\python-3.10\lib\site-packages\undetected_chromedriver\__init__.py", line 372, in __init__
    options.binary_location = (
  File "C:\laragon\bin\python\python-3.10\lib\site-packages\selenium\webdriver\chromium\options.py", line 52, in binary_location
    raise TypeError(self.BINARY_LOCATION_ERROR)
TypeError: Binary Location Must be a String
2025-10-26 21:54:21,033 - ERROR - Error on attempt 197: Failed to setup driver
Traceback (most recent call last):
  File "C:\laragon\www\dapokalsel\sekolah\import_url_kabupaten.pyw", line 388, in process_url_induk
    logger.warning(f"Row {idx} missing data: kode={kode}, nama={nama}, url={full_url}")
Exception: Failed to setup driver
2025-10-26 21:54:21,033 - INFO - Retry attempt 198/300...
2025-10-26 21:54:36,043 - INFO - Setting up Chrome driver...
2025-10-26 21:54:36,046 - INFO - Using profile directory: C:\laragon\www\dapokalsel\chrome_profile
2025-10-26 21:54:36,047 - INFO - Initializing undetected Chrome driver...
2025-10-26 21:54:47,767 - INFO - patching driver executable C:\laragon\www\dapokalsel\sekolah\~\appdata\roaming\undetected_chromedriver\undetected_chromedriver.exe
2025-10-26 21:54:47,844 - ERROR - Failed to setup driver: Binary Location Must be a String
Traceback (most recent call last):
  File "C:\laragon\www\dapokalsel\sekolah\import_url_kabupaten.pyw", line 92, in setup_driver
    temp_dir = tempfile.gettempdir()
  File "C:\laragon\bin\python\python-3.10\lib\site-packages\undetected_chromedriver\__init__.py", line 372, in __init__
    options.binary_location = (
  File "C:\laragon\bin\python\python-3.10\lib\site-packages\selenium\webdriver\chromium\options.py", line 52, in binary_location
    raise TypeError(self.BINARY_LOCATION_ERROR)
TypeError: Binary Location Must be a String
2025-10-26 21:54:47,844 - ERROR - Error on attempt 198: Failed to setup driver
Traceback (most recent call last):
  File "C:\laragon\www\dapokalsel\sekolah\import_url_kabupaten.pyw", line 388, in process_url_induk
    logger.warning(f"Row {idx} missing data: kode={kode}, nama={nama}, url={full_url}")
Exception: Failed to setup driver
2025-10-26 21:54:47,844 - INFO - Retry attempt 199/300...
2025-10-26 21:55:02,845 - INFO - Setting up Chrome driver...
2025-10-26 21:55:02,845 - INFO - Using profile directory: C:\laragon\www\dapokalsel\chrome_profile
2025-10-26 21:55:02,846 - INFO - Initializing undetected Chrome driver...
2025-10-26 21:55:07,921 - INFO - patching driver executable C:\laragon\www\dapokalsel\sekolah\~\appdata\roaming\undetected_chromedriver\undetected_chromedriver.exe
2025-10-26 21:55:08,017 - ERROR - Failed to setup driver: Binary Location Must be a String
Traceback (most recent call last):
  File "C:\laragon\www\dapokalsel\sekolah\import_url_kabupaten.pyw", line 92, in setup_driver
    temp_dir = tempfile.gettempdir()
  File "C:\laragon\bin\python\python-3.10\lib\site-packages\undetected_chromedriver\__init__.py", line 372, in __init__
    options.binary_location = (
  File "C:\laragon\bin\python\python-3.10\lib\site-packages\selenium\webdriver\chromium\options.py", line 52, in binary_location
    raise TypeError(self.BINARY_LOCATION_ERROR)
TypeError: Binary Location Must be a String
2025-10-26 21:55:08,018 - ERROR - Error on attempt 199: Failed to setup driver
Traceback (most recent call last):
  File "C:\laragon\www\dapokalsel\sekolah\import_url_kabupaten.pyw", line 388, in process_url_induk
    logger.warning(f"Row {idx} missing data: kode={kode}, nama={nama}, url={full_url}")
Exception: Failed to setup driver
2025-10-26 21:55:08,018 - INFO - Retry attempt 200/300...
2025-10-26 21:55:23,026 - INFO - Setting up Chrome driver...
2025-10-26 21:55:23,028 - INFO - Using profile directory: C:\laragon\www\dapokalsel\chrome_profile
2025-10-26 21:55:23,028 - INFO - Initializing undetected Chrome driver...
2025-10-26 21:55:31,791 - INFO - patching driver executable C:\laragon\www\dapokalsel\sekolah\~\appdata\roaming\undetected_chromedriver\undetected_chromedriver.exe
2025-10-26 21:55:31,875 - ERROR - Failed to setup driver: Binary Location Must be a String
Traceback (most recent call last):
  File "C:\laragon\www\dapokalsel\sekolah\import_url_kabupaten.pyw", line 92, in setup_driver
    temp_dir = tempfile.gettempdir()
  File "C:\laragon\bin\python\python-3.10\lib\site-packages\undetected_chromedriver\__init__.py", line 372, in __init__
    options.binary_location = (
  File "C:\laragon\bin\python\python-3.10\lib\site-packages\selenium\webdriver\chromium\options.py", line 52, in binary_location
    raise TypeError(self.BINARY_LOCATION_ERROR)
TypeError: Binary Location Must be a String
2025-10-26 21:55:31,875 - ERROR - Error on attempt 200: Failed to setup driver
Traceback (most recent call last):
  File "C:\laragon\www\dapokalsel\sekolah\import_url_kabupaten.pyw", line 388, in process_url_induk
    logger.warning(f"Row {idx} missing data: kode={kode}, nama={nama}, url={full_url}")
Exception: Failed to setup driver
2025-10-26 21:55:31,889 - INFO - Retry attempt 201/300...
2025-10-26 21:55:46,892 - INFO - Setting up Chrome driver...
2025-10-26 21:55:46,894 - INFO - Using profile directory: C:\laragon\www\dapokalsel\chrome_profile
2025-10-26 21:55:46,894 - INFO - Initializing undetected Chrome driver...
2025-10-26 21:56:00,257 - INFO - patching driver executable C:\laragon\www\dapokalsel\sekolah\~\appdata\roaming\undetected_chromedriver\undetected_chromedriver.exe
2025-10-26 21:56:00,350 - ERROR - Failed to setup driver: Binary Location Must be a String
Traceback (most recent call last):
  File "C:\laragon\www\dapokalsel\sekolah\import_url_kabupaten.pyw", line 92, in setup_driver
    temp_dir = tempfile.gettempdir()
  File "C:\laragon\bin\python\python-3.10\lib\site-packages\undetected_chromedriver\__init__.py", line 372, in __init__
    options.binary_location = (
  File "C:\laragon\bin\python\python-3.10\lib\site-packages\selenium\webdriver\chromium\options.py", line 52, in binary_location
    raise TypeError(self.BINARY_LOCATION_ERROR)
TypeError: Binary Location Must be a String
2025-10-26 21:56:00,351 - ERROR - Error on attempt 201: Failed to setup driver
Traceback (most recent call last):
  File "C:\laragon\www\dapokalsel\sekolah\import_url_kabupaten.pyw", line 388, in process_url_induk
    logger.warning(f"Row {idx} missing data: kode={kode}, nama={nama}, url={full_url}")
Exception: Failed to setup driver
2025-10-26 21:56:00,352 - INFO - Retry attempt 202/300...
2025-10-26 21:56:15,353 - INFO - Setting up Chrome driver...
2025-10-26 21:56:15,353 - INFO - Using profile directory: C:\laragon\www\dapokalsel\chrome_profile
2025-10-26 21:56:15,353 - INFO - Initializing undetected Chrome driver...
2025-10-26 21:56:22,587 - INFO - patching driver executable C:\laragon\www\dapokalsel\sekolah\~\appdata\roaming\undetected_chromedriver\undetected_chromedriver.exe
2025-10-26 21:56:22,699 - ERROR - Failed to setup driver: Binary Location Must be a String
Traceback (most recent call last):
  File "C:\laragon\www\dapokalsel\sekolah\import_url_kabupaten.pyw", line 92, in setup_driver
    temp_dir = tempfile.gettempdir()
  File "C:\laragon\bin\python\python-3.10\lib\site-packages\undetected_chromedriver\__init__.py", line 372, in __init__
    options.binary_location = (
  File "C:\laragon\bin\python\python-3.10\lib\site-packages\selenium\webdriver\chromium\options.py", line 52, in binary_location
    raise TypeError(self.BINARY_LOCATION_ERROR)
TypeError: Binary Location Must be a String
2025-10-26 21:56:22,700 - ERROR - Error on attempt 202: Failed to setup driver
Traceback (most recent call last):
  File "C:\laragon\www\dapokalsel\sekolah\import_url_kabupaten.pyw", line 388, in process_url_induk
    logger.warning(f"Row {idx} missing data: kode={kode}, nama={nama}, url={full_url}")
Exception: Failed to setup driver
2025-10-26 21:56:22,700 - INFO - Retry attempt 203/300...
2025-10-26 21:56:37,705 - INFO - Setting up Chrome driver...
2025-10-26 21:56:37,707 - INFO - Using profile directory: C:\laragon\www\dapokalsel\chrome_profile
2025-10-26 21:56:37,707 - INFO - Initializing undetected Chrome driver...
2025-10-26 21:56:43,410 - INFO - patching driver executable C:\laragon\www\dapokalsel\sekolah\~\appdata\roaming\undetected_chromedriver\undetected_chromedriver.exe
2025-10-26 21:56:43,503 - ERROR - Failed to setup driver: Binary Location Must be a String
Traceback (most recent call last):
  File "C:\laragon\www\dapokalsel\sekolah\import_url_kabupaten.pyw", line 92, in setup_driver
    temp_dir = tempfile.gettempdir()
  File "C:\laragon\bin\python\python-3.10\lib\site-packages\undetected_chromedriver\__init__.py", line 372, in __init__
    options.binary_location = (
  File "C:\laragon\bin\python\python-3.10\lib\site-packages\selenium\webdriver\chromium\options.py", line 52, in binary_location
    raise TypeError(self.BINARY_LOCATION_ERROR)
TypeError: Binary Location Must be a String
2025-10-26 21:56:43,504 - ERROR - Error on attempt 203: Failed to setup driver
Traceback (most recent call last):
  File "C:\laragon\www\dapokalsel\sekolah\import_url_kabupaten.pyw", line 388, in process_url_induk
    logger.warning(f"Row {idx} missing data: kode={kode}, nama={nama}, url={full_url}")
Exception: Failed to setup driver
2025-10-26 21:56:43,504 - INFO - Retry attempt 204/300...
2025-10-26 21:56:58,505 - INFO - Setting up Chrome driver...
2025-10-26 21:56:58,505 - INFO - Using profile directory: C:\laragon\www\dapokalsel\chrome_profile
2025-10-26 21:56:58,505 - INFO - Initializing undetected Chrome driver...
2025-10-26 21:57:10,136 - ERROR - Failed to setup driver: [WinError 183] Cannot create a file when that file already exists: 'C:\\laragon\\www\\dapokalsel\\sekolah\\~\\appdata\\roaming\\undetected_chromedriver\\undetected\\chromedriver-win32\\chromedriver.exe' -> 'C:\\laragon\\www\\dapokalsel\\sekolah\\~\\appdata\\roaming\\undetected_chromedriver\\undetected_chromedriver.exe'
Traceback (most recent call last):
  File "C:\laragon\www\dapokalsel\sekolah\import_url_kabupaten.pyw", line 92, in setup_driver
    temp_dir = tempfile.gettempdir()
  File "C:\laragon\bin\python\python-3.10\lib\site-packages\undetected_chromedriver\__init__.py", line 258, in __init__
    self.patcher.auto()
  File "C:\laragon\bin\python\python-3.10\lib\site-packages\undetected_chromedriver\patcher.py", line 178, in auto
    self.unzip_package(self.fetch_package())
  File "C:\laragon\bin\python\python-3.10\lib\site-packages\undetected_chromedriver\patcher.py", line 310, in unzip_package
    os.rename(os.path.join(self.zip_path, exe_path), self.executable_path)
FileExistsError: [WinError 183] Cannot create a file when that file already exists: 'C:\\laragon\\www\\dapokalsel\\sekolah\\~\\appdata\\roaming\\undetected_chromedriver\\undetected\\chromedriver-win32\\chromedriver.exe' -> 'C:\\laragon\\www\\dapokalsel\\sekolah\\~\\appdata\\roaming\\undetected_chromedriver\\undetected_chromedriver.exe'
2025-10-26 21:57:10,136 - ERROR - Error on attempt 204: Failed to setup driver
Traceback (most recent call last):
  File "C:\laragon\www\dapokalsel\sekolah\import_url_kabupaten.pyw", line 388, in process_url_induk
    logger.warning(f"Row {idx} missing data: kode={kode}, nama={nama}, url={full_url}")
Exception: Failed to setup driver
2025-10-26 21:57:10,136 - INFO - Retry attempt 205/300...
2025-10-26 21:57:25,137 - INFO - Setting up Chrome driver...
2025-10-26 21:57:25,137 - INFO - Using profile directory: C:\laragon\www\dapokalsel\chrome_profile
2025-10-26 21:57:25,138 - INFO - Initializing undetected Chrome driver...
2025-10-26 21:57:35,237 - INFO - patching driver executable C:\laragon\www\dapokalsel\sekolah\~\appdata\roaming\undetected_chromedriver\undetected_chromedriver.exe
2025-10-26 21:57:35,339 - ERROR - Failed to setup driver: Binary Location Must be a String
Traceback (most recent call last):
  File "C:\laragon\www\dapokalsel\sekolah\import_url_kabupaten.pyw", line 92, in setup_driver
    temp_dir = tempfile.gettempdir()
  File "C:\laragon\bin\python\python-3.10\lib\site-packages\undetected_chromedriver\__init__.py", line 372, in __init__
    options.binary_location = (
  File "C:\laragon\bin\python\python-3.10\lib\site-packages\selenium\webdriver\chromium\options.py", line 52, in binary_location
    raise TypeError(self.BINARY_LOCATION_ERROR)
TypeError: Binary Location Must be a String
2025-10-26 21:57:35,340 - ERROR - Error on attempt 205: Failed to setup driver
Traceback (most recent call last):
  File "C:\laragon\www\dapokalsel\sekolah\import_url_kabupaten.pyw", line 388, in process_url_induk
    logger.warning(f"Row {idx} missing data: kode={kode}, nama={nama}, url={full_url}")
Exception: Failed to setup driver
2025-10-26 21:57:35,340 - INFO - Retry attempt 206/300...
2025-10-26 21:57:50,349 - INFO - Setting up Chrome driver...
2025-10-26 21:57:50,350 - INFO - Using profile directory: C:\laragon\www\dapokalsel\chrome_profile
2025-10-26 21:57:50,350 - INFO - Initializing undetected Chrome driver...
2025-10-26 21:58:00,496 - INFO - patching driver executable C:\laragon\www\dapokalsel\sekolah\~\appdata\roaming\undetected_chromedriver\undetected_chromedriver.exe
2025-10-26 21:58:00,583 - ERROR - Failed to setup driver: Binary Location Must be a String
Traceback (most recent call last):
  File "C:\laragon\www\dapokalsel\sekolah\import_url_kabupaten.pyw", line 92, in setup_driver
    temp_dir = tempfile.gettempdir()
  File "C:\laragon\bin\python\python-3.10\lib\site-packages\undetected_chromedriver\__init__.py", line 372, in __init__
    options.binary_location = (
  File "C:\laragon\bin\python\python-3.10\lib\site-packages\selenium\webdriver\chromium\options.py", line 52, in binary_location
    raise TypeError(self.BINARY_LOCATION_ERROR)
TypeError: Binary Location Must be a String
2025-10-26 21:58:00,583 - ERROR - Error on attempt 206: Failed to setup driver
Traceback (most recent call last):
  File "C:\laragon\www\dapokalsel\sekolah\import_url_kabupaten.pyw", line 388, in process_url_induk
    logger.warning(f"Row {idx} missing data: kode={kode}, nama={nama}, url={full_url}")
Exception: Failed to setup driver
2025-10-26 21:58:00,583 - INFO - Retry attempt 207/300...
2025-10-26 21:58:15,594 - INFO - Setting up Chrome driver...
2025-10-26 21:58:15,594 - INFO - Using profile directory: C:\laragon\www\dapokalsel\chrome_profile
2025-10-26 21:58:15,594 - INFO - Initializing undetected Chrome driver...
2025-10-26 21:58:25,401 - INFO - patching driver executable C:\laragon\www\dapokalsel\sekolah\~\appdata\roaming\undetected_chromedriver\undetected_chromedriver.exe
2025-10-26 21:58:25,485 - ERROR - Failed to setup driver: Binary Location Must be a String
Traceback (most recent call last):
  File "C:\laragon\www\dapokalsel\sekolah\import_url_kabupaten.pyw", line 92, in setup_driver
    temp_dir = tempfile.gettempdir()
  File "C:\laragon\bin\python\python-3.10\lib\site-packages\undetected_chromedriver\__init__.py", line 372, in __init__
    options.binary_location = (
  File "C:\laragon\bin\python\python-3.10\lib\site-packages\selenium\webdriver\chromium\options.py", line 52, in binary_location
    raise TypeError(self.BINARY_LOCATION_ERROR)
TypeError: Binary Location Must be a String
2025-10-26 21:58:25,485 - ERROR - Error on attempt 207: Failed to setup driver
Traceback (most recent call last):
  File "C:\laragon\www\dapokalsel\sekolah\import_url_kabupaten.pyw", line 388, in process_url_induk
    logger.warning(f"Row {idx} missing data: kode={kode}, nama={nama}, url={full_url}")
Exception: Failed to setup driver
2025-10-26 21:58:25,485 - INFO - Retry attempt 208/300...
2025-10-26 21:58:40,496 - INFO - Setting up Chrome driver...
2025-10-26 21:58:40,497 - INFO - Using profile directory: C:\laragon\www\dapokalsel\chrome_profile
2025-10-26 21:58:40,497 - INFO - Initializing undetected Chrome driver...
2025-10-26 21:58:48,324 - ERROR - Failed to setup driver: [WinError 183] Cannot create a file when that file already exists: 'C:\\laragon\\www\\dapokalsel\\sekolah\\~\\appdata\\roaming\\undetected_chromedriver\\undetected\\chromedriver-win32\\chromedriver.exe' -> 'C:\\laragon\\www\\dapokalsel\\sekolah\\~\\appdata\\roaming\\undetected_chromedriver\\undetected_chromedriver.exe'
Traceback (most recent call last):
  File "C:\laragon\www\dapokalsel\sekolah\import_url_kabupaten.pyw", line 92, in setup_driver
    temp_dir = tempfile.gettempdir()
  File "C:\laragon\bin\python\python-3.10\lib\site-packages\undetected_chromedriver\__init__.py", line 258, in __init__
    self.patcher.auto()
  File "C:\laragon\bin\python\python-3.10\lib\site-packages\undetected_chromedriver\patcher.py", line 178, in auto
    self.unzip_package(self.fetch_package())
  File "C:\laragon\bin\python\python-3.10\lib\site-packages\undetected_chromedriver\patcher.py", line 310, in unzip_package
    os.rename(os.path.join(self.zip_path, exe_path), self.executable_path)
FileExistsError: [WinError 183] Cannot create a file when that file already exists: 'C:\\laragon\\www\\dapokalsel\\sekolah\\~\\appdata\\roaming\\undetected_chromedriver\\undetected\\chromedriver-win32\\chromedriver.exe' -> 'C:\\laragon\\www\\dapokalsel\\sekolah\\~\\appdata\\roaming\\undetected_chromedriver\\undetected_chromedriver.exe'
2025-10-26 21:58:48,325 - ERROR - Error on attempt 208: Failed to setup driver
Traceback (most recent call last):
  File "C:\laragon\www\dapokalsel\sekolah\import_url_kabupaten.pyw", line 388, in process_url_induk
    logger.warning(f"Row {idx} missing data: kode={kode}, nama={nama}, url={full_url}")
Exception: Failed to setup driver
2025-10-26 21:58:48,325 - INFO - Retry attempt 209/300...
2025-10-26 21:59:03,329 - INFO - Setting up Chrome driver...
2025-10-26 21:59:03,329 - INFO - Using profile directory: C:\laragon\www\dapokalsel\chrome_profile
2025-10-26 21:59:03,329 - INFO - Initializing undetected Chrome driver...
2025-10-26 21:59:18,631 - ERROR - Failed to setup driver: [WinError 32] The process cannot access the file because it is being used by another process: 'C:\\laragon\\www\\dapokalsel\\sekolah\\~\\appdata\\roaming\\undetected_chromedriver\\undetected\\chromedriver-win32\\chromedriver.exe' -> 'C:\\laragon\\www\\dapokalsel\\sekolah\\~\\appdata\\roaming\\undetected_chromedriver\\undetected_chromedriver.exe'
Traceback (most recent call last):
  File "C:\laragon\www\dapokalsel\sekolah\import_url_kabupaten.pyw", line 92, in setup_driver
    temp_dir = tempfile.gettempdir()
  File "C:\laragon\bin\python\python-3.10\lib\site-packages\undetected_chromedriver\__init__.py", line 258, in __init__
    self.patcher.auto()
  File "C:\laragon\bin\python\python-3.10\lib\site-packages\undetected_chromedriver\patcher.py", line 178, in auto
    self.unzip_package(self.fetch_package())
  File "C:\laragon\bin\python\python-3.10\lib\site-packages\undetected_chromedriver\patcher.py", line 310, in unzip_package
    os.rename(os.path.join(self.zip_path, exe_path), self.executable_path)
PermissionError: [WinError 32] The process cannot access the file because it is being used by another process: 'C:\\laragon\\www\\dapokalsel\\sekolah\\~\\appdata\\roaming\\undetected_chromedriver\\undetected\\chromedriver-win32\\chromedriver.exe' -> 'C:\\laragon\\www\\dapokalsel\\sekolah\\~\\appdata\\roaming\\undetected_chromedriver\\undetected_chromedriver.exe'
2025-10-26 21:59:18,631 - ERROR - Error on attempt 209: Failed to setup driver
Traceback (most recent call last):
  File "C:\laragon\www\dapokalsel\sekolah\import_url_kabupaten.pyw", line 388, in process_url_induk
    logger.warning(f"Row {idx} missing data: kode={kode}, nama={nama}, url={full_url}")
Exception: Failed to setup driver
2025-10-26 21:59:18,631 - INFO - Retry attempt 210/300...
2025-10-26 21:59:33,642 - INFO - Setting up Chrome driver...
2025-10-26 21:59:33,657 - INFO - Using profile directory: C:\laragon\www\dapokalsel\chrome_profile
2025-10-26 21:59:33,657 - INFO - Initializing undetected Chrome driver...
2025-10-26 21:59:44,079 - ERROR - Failed to setup driver: [WinError 183] Cannot create a file when that file already exists: 'C:\\laragon\\www\\dapokalsel\\sekolah\\~\\appdata\\roaming\\undetected_chromedriver\\undetected\\chromedriver-win32\\chromedriver.exe' -> 'C:\\laragon\\www\\dapokalsel\\sekolah\\~\\appdata\\roaming\\undetected_chromedriver\\undetected_chromedriver.exe'
Traceback (most recent call last):
  File "C:\laragon\www\dapokalsel\sekolah\import_url_kabupaten.pyw", line 92, in setup_driver
    temp_dir = tempfile.gettempdir()
  File "C:\laragon\bin\python\python-3.10\lib\site-packages\undetected_chromedriver\__init__.py", line 258, in __init__
    self.patcher.auto()
  File "C:\laragon\bin\python\python-3.10\lib\site-packages\undetected_chromedriver\patcher.py", line 178, in auto
    self.unzip_package(self.fetch_package())
  File "C:\laragon\bin\python\python-3.10\lib\site-packages\undetected_chromedriver\patcher.py", line 310, in unzip_package
    os.rename(os.path.join(self.zip_path, exe_path), self.executable_path)
FileExistsError: [WinError 183] Cannot create a file when that file already exists: 'C:\\laragon\\www\\dapokalsel\\sekolah\\~\\appdata\\roaming\\undetected_chromedriver\\undetected\\chromedriver-win32\\chromedriver.exe' -> 'C:\\laragon\\www\\dapokalsel\\sekolah\\~\\appdata\\roaming\\undetected_chromedriver\\undetected_chromedriver.exe'
2025-10-26 21:59:44,079 - ERROR - Error on attempt 210: Failed to setup driver
Traceback (most recent call last):
  File "C:\laragon\www\dapokalsel\sekolah\import_url_kabupaten.pyw", line 388, in process_url_induk
    logger.warning(f"Row {idx} missing data: kode={kode}, nama={nama}, url={full_url}")
Exception: Failed to setup driver
2025-10-26 21:59:44,079 - INFO - Retry attempt 211/300...
2025-10-26 21:59:59,079 - INFO - Setting up Chrome driver...
2025-10-26 21:59:59,081 - INFO - Using profile directory: C:\laragon\www\dapokalsel\chrome_profile
2025-10-26 21:59:59,081 - INFO - Initializing undetected Chrome driver...
2025-10-26 22:00:03,981 - INFO - patching driver executable C:\laragon\www\dapokalsel\sekolah\~\appdata\roaming\undetected_chromedriver\undetected_chromedriver.exe
2025-10-26 22:00:04,060 - ERROR - Failed to setup driver: Binary Location Must be a String
Traceback (most recent call last):
  File "C:\laragon\www\dapokalsel\sekolah\import_url_kabupaten.pyw", line 92, in setup_driver
    temp_dir = tempfile.gettempdir()
  File "C:\laragon\bin\python\python-3.10\lib\site-packages\undetected_chromedriver\__init__.py", line 372, in __init__
    options.binary_location = (
  File "C:\laragon\bin\python\python-3.10\lib\site-packages\selenium\webdriver\chromium\options.py", line 52, in binary_location
    raise TypeError(self.BINARY_LOCATION_ERROR)
TypeError: Binary Location Must be a String
2025-10-26 22:00:04,060 - ERROR - Error on attempt 211: Failed to setup driver
Traceback (most recent call last):
  File "C:\laragon\www\dapokalsel\sekolah\import_url_kabupaten.pyw", line 388, in process_url_induk
    logger.warning(f"Row {idx} missing data: kode={kode}, nama={nama}, url={full_url}")
Exception: Failed to setup driver
2025-10-26 22:00:04,060 - INFO - Retry attempt 212/300...
2025-10-26 22:00:19,060 - INFO - Setting up Chrome driver...
2025-10-26 22:00:19,060 - INFO - Using profile directory: C:\laragon\www\dapokalsel\chrome_profile
2025-10-26 22:00:19,060 - INFO - Initializing undetected Chrome driver...
2025-10-26 22:00:35,672 - INFO - patching driver executable C:\laragon\www\dapokalsel\sekolah\~\appdata\roaming\undetected_chromedriver\undetected_chromedriver.exe
2025-10-26 22:00:35,782 - ERROR - Failed to setup driver: Binary Location Must be a String
Traceback (most recent call last):
  File "C:\laragon\www\dapokalsel\sekolah\import_url_kabupaten.pyw", line 92, in setup_driver
    temp_dir = tempfile.gettempdir()
  File "C:\laragon\bin\python\python-3.10\lib\site-packages\undetected_chromedriver\__init__.py", line 372, in __init__
    options.binary_location = (
  File "C:\laragon\bin\python\python-3.10\lib\site-packages\selenium\webdriver\chromium\options.py", line 52, in binary_location
    raise TypeError(self.BINARY_LOCATION_ERROR)
TypeError: Binary Location Must be a String
2025-10-26 22:00:35,782 - ERROR - Error on attempt 212: Failed to setup driver
Traceback (most recent call last):
  File "C:\laragon\www\dapokalsel\sekolah\import_url_kabupaten.pyw", line 388, in process_url_induk
    logger.warning(f"Row {idx} missing data: kode={kode}, nama={nama}, url={full_url}")
Exception: Failed to setup driver
2025-10-26 22:00:35,782 - INFO - Retry attempt 213/300...
2025-10-26 22:00:50,791 - INFO - Setting up Chrome driver...
2025-10-26 22:00:50,794 - INFO - Using profile directory: C:\laragon\www\dapokalsel\chrome_profile
2025-10-26 22:00:50,795 - INFO - Initializing undetected Chrome driver...
2025-10-26 22:01:05,298 - INFO - patching driver executable C:\laragon\www\dapokalsel\sekolah\~\appdata\roaming\undetected_chromedriver\undetected_chromedriver.exe
2025-10-26 22:01:05,407 - ERROR - Failed to setup driver: Binary Location Must be a String
Traceback (most recent call last):
  File "C:\laragon\www\dapokalsel\sekolah\import_url_kabupaten.pyw", line 92, in setup_driver
    temp_dir = tempfile.gettempdir()
  File "C:\laragon\bin\python\python-3.10\lib\site-packages\undetected_chromedriver\__init__.py", line 372, in __init__
    options.binary_location = (
  File "C:\laragon\bin\python\python-3.10\lib\site-packages\selenium\webdriver\chromium\options.py", line 52, in binary_location
    raise TypeError(self.BINARY_LOCATION_ERROR)
TypeError: Binary Location Must be a String
2025-10-26 22:01:05,423 - ERROR - Error on attempt 213: Failed to setup driver
Traceback (most recent call last):
  File "C:\laragon\www\dapokalsel\sekolah\import_url_kabupaten.pyw", line 388, in process_url_induk
    logger.warning(f"Row {idx} missing data: kode={kode}, nama={nama}, url={full_url}")
Exception: Failed to setup driver
2025-10-26 22:01:05,423 - INFO - Retry attempt 214/300...
2025-10-26 22:01:20,424 - INFO - Setting up Chrome driver...
2025-10-26 22:01:20,424 - INFO - Using profile directory: C:\laragon\www\dapokalsel\chrome_profile
2025-10-26 22:01:20,424 - INFO - Initializing undetected Chrome driver...
2025-10-26 22:01:29,597 - INFO - patching driver executable C:\laragon\www\dapokalsel\sekolah\~\appdata\roaming\undetected_chromedriver\undetected_chromedriver.exe
2025-10-26 22:01:29,800 - ERROR - Failed to setup driver: Binary Location Must be a String
Traceback (most recent call last):
  File "C:\laragon\www\dapokalsel\sekolah\import_url_kabupaten.pyw", line 92, in setup_driver
    temp_dir = tempfile.gettempdir()
  File "C:\laragon\bin\python\python-3.10\lib\site-packages\undetected_chromedriver\__init__.py", line 372, in __init__
    options.binary_location = (
  File "C:\laragon\bin\python\python-3.10\lib\site-packages\selenium\webdriver\chromium\options.py", line 52, in binary_location
    raise TypeError(self.BINARY_LOCATION_ERROR)
TypeError: Binary Location Must be a String
2025-10-26 22:01:29,800 - ERROR - Error on attempt 214: Failed to setup driver
Traceback (most recent call last):
  File "C:\laragon\www\dapokalsel\sekolah\import_url_kabupaten.pyw", line 388, in process_url_induk
    logger.warning(f"Row {idx} missing data: kode={kode}, nama={nama}, url={full_url}")
Exception: Failed to setup driver
2025-10-26 22:01:29,800 - INFO - Retry attempt 215/300...
2025-10-26 22:01:44,803 - INFO - Setting up Chrome driver...
2025-10-26 22:01:44,803 - INFO - Using profile directory: C:\laragon\www\dapokalsel\chrome_profile
2025-10-26 22:01:44,804 - INFO - Initializing undetected Chrome driver...
2025-10-26 22:01:54,526 - ERROR - Failed to setup driver: [WinError 183] Cannot create a file when that file already exists: 'C:\\laragon\\www\\dapokalsel\\sekolah\\~\\appdata\\roaming\\undetected_chromedriver\\undetected\\chromedriver-win32\\chromedriver.exe' -> 'C:\\laragon\\www\\dapokalsel\\sekolah\\~\\appdata\\roaming\\undetected_chromedriver\\undetected_chromedriver.exe'
Traceback (most recent call last):
  File "C:\laragon\www\dapokalsel\sekolah\import_url_kabupaten.pyw", line 92, in setup_driver
    temp_dir = tempfile.gettempdir()
  File "C:\laragon\bin\python\python-3.10\lib\site-packages\undetected_chromedriver\__init__.py", line 258, in __init__
    self.patcher.auto()
  File "C:\laragon\bin\python\python-3.10\lib\site-packages\undetected_chromedriver\patcher.py", line 178, in auto
    self.unzip_package(self.fetch_package())
  File "C:\laragon\bin\python\python-3.10\lib\site-packages\undetected_chromedriver\patcher.py", line 310, in unzip_package
    os.rename(os.path.join(self.zip_path, exe_path), self.executable_path)
FileExistsError: [WinError 183] Cannot create a file when that file already exists: 'C:\\laragon\\www\\dapokalsel\\sekolah\\~\\appdata\\roaming\\undetected_chromedriver\\undetected\\chromedriver-win32\\chromedriver.exe' -> 'C:\\laragon\\www\\dapokalsel\\sekolah\\~\\appdata\\roaming\\undetected_chromedriver\\undetected_chromedriver.exe'
2025-10-26 22:01:54,527 - ERROR - Error on attempt 215: Failed to setup driver
Traceback (most recent call last):
  File "C:\laragon\www\dapokalsel\sekolah\import_url_kabupaten.pyw", line 388, in process_url_induk
    logger.warning(f"Row {idx} missing data: kode={kode}, nama={nama}, url={full_url}")
Exception: Failed to setup driver
2025-10-26 22:01:54,527 - INFO - Retry attempt 216/300...
2025-10-26 22:02:09,532 - INFO - Setting up Chrome driver...
2025-10-26 22:02:09,532 - INFO - Using profile directory: C:\laragon\www\dapokalsel\chrome_profile
2025-10-26 22:02:09,532 - INFO - Initializing undetected Chrome driver...
2025-10-26 22:02:22,352 - INFO - patching driver executable C:\laragon\www\dapokalsel\sekolah\~\appdata\roaming\undetected_chromedriver\undetected_chromedriver.exe
2025-10-26 22:02:22,435 - ERROR - Failed to setup driver: Binary Location Must be a String
Traceback (most recent call last):
  File "C:\laragon\www\dapokalsel\sekolah\import_url_kabupaten.pyw", line 92, in setup_driver
    temp_dir = tempfile.gettempdir()
  File "C:\laragon\bin\python\python-3.10\lib\site-packages\undetected_chromedriver\__init__.py", line 372, in __init__
    options.binary_location = (
  File "C:\laragon\bin\python\python-3.10\lib\site-packages\selenium\webdriver\chromium\options.py", line 52, in binary_location
    raise TypeError(self.BINARY_LOCATION_ERROR)
TypeError: Binary Location Must be a String
2025-10-26 22:02:22,435 - ERROR - Error on attempt 216: Failed to setup driver
Traceback (most recent call last):
  File "C:\laragon\www\dapokalsel\sekolah\import_url_kabupaten.pyw", line 388, in process_url_induk
    logger.warning(f"Row {idx} missing data: kode={kode}, nama={nama}, url={full_url}")
Exception: Failed to setup driver
2025-10-26 22:02:22,435 - INFO - Retry attempt 217/300...
2025-10-26 22:02:37,436 - INFO - Setting up Chrome driver...
2025-10-26 22:02:37,436 - INFO - Using profile directory: C:\laragon\www\dapokalsel\chrome_profile
2025-10-26 22:02:37,436 - INFO - Initializing undetected Chrome driver...
2025-10-26 22:02:50,028 - ERROR - Failed to setup driver: [WinError 183] Cannot create a file when that file already exists: 'C:\\laragon\\www\\dapokalsel\\sekolah\\~\\appdata\\roaming\\undetected_chromedriver\\undetected\\chromedriver-win32\\chromedriver.exe' -> 'C:\\laragon\\www\\dapokalsel\\sekolah\\~\\appdata\\roaming\\undetected_chromedriver\\undetected_chromedriver.exe'
Traceback (most recent call last):
  File "C:\laragon\www\dapokalsel\sekolah\import_url_kabupaten.pyw", line 92, in setup_driver
    temp_dir = tempfile.gettempdir()
  File "C:\laragon\bin\python\python-3.10\lib\site-packages\undetected_chromedriver\__init__.py", line 258, in __init__
    self.patcher.auto()
  File "C:\laragon\bin\python\python-3.10\lib\site-packages\undetected_chromedriver\patcher.py", line 178, in auto
    self.unzip_package(self.fetch_package())
  File "C:\laragon\bin\python\python-3.10\lib\site-packages\undetected_chromedriver\patcher.py", line 310, in unzip_package
    os.rename(os.path.join(self.zip_path, exe_path), self.executable_path)
FileExistsError: [WinError 183] Cannot create a file when that file already exists: 'C:\\laragon\\www\\dapokalsel\\sekolah\\~\\appdata\\roaming\\undetected_chromedriver\\undetected\\chromedriver-win32\\chromedriver.exe' -> 'C:\\laragon\\www\\dapokalsel\\sekolah\\~\\appdata\\roaming\\undetected_chromedriver\\undetected_chromedriver.exe'
2025-10-26 22:02:50,029 - ERROR - Error on attempt 217: Failed to setup driver
Traceback (most recent call last):
  File "C:\laragon\www\dapokalsel\sekolah\import_url_kabupaten.pyw", line 388, in process_url_induk
    logger.warning(f"Row {idx} missing data: kode={kode}, nama={nama}, url={full_url}")
Exception: Failed to setup driver
2025-10-26 22:02:50,029 - INFO - Retry attempt 218/300...
2025-10-26 22:03:05,034 - INFO - Setting up Chrome driver...
2025-10-26 22:03:05,034 - INFO - Using profile directory: C:\laragon\www\dapokalsel\chrome_profile
2025-10-26 22:03:05,035 - INFO - Initializing undetected Chrome driver...
2025-10-26 22:03:18,966 - ERROR - Failed to setup driver: [WinError 183] Cannot create a file when that file already exists: 'C:\\laragon\\www\\dapokalsel\\sekolah\\~\\appdata\\roaming\\undetected_chromedriver\\undetected\\chromedriver-win32\\chromedriver.exe' -> 'C:\\laragon\\www\\dapokalsel\\sekolah\\~\\appdata\\roaming\\undetected_chromedriver\\undetected_chromedriver.exe'
Traceback (most recent call last):
  File "C:\laragon\www\dapokalsel\sekolah\import_url_kabupaten.pyw", line 92, in setup_driver
    temp_dir = tempfile.gettempdir()
  File "C:\laragon\bin\python\python-3.10\lib\site-packages\undetected_chromedriver\__init__.py", line 258, in __init__
    self.patcher.auto()
  File "C:\laragon\bin\python\python-3.10\lib\site-packages\undetected_chromedriver\patcher.py", line 178, in auto
    self.unzip_package(self.fetch_package())
  File "C:\laragon\bin\python\python-3.10\lib\site-packages\undetected_chromedriver\patcher.py", line 310, in unzip_package
    os.rename(os.path.join(self.zip_path, exe_path), self.executable_path)
FileExistsError: [WinError 183] Cannot create a file when that file already exists: 'C:\\laragon\\www\\dapokalsel\\sekolah\\~\\appdata\\roaming\\undetected_chromedriver\\undetected\\chromedriver-win32\\chromedriver.exe' -> 'C:\\laragon\\www\\dapokalsel\\sekolah\\~\\appdata\\roaming\\undetected_chromedriver\\undetected_chromedriver.exe'
2025-10-26 22:03:18,966 - ERROR - Error on attempt 218: Failed to setup driver
Traceback (most recent call last):
  File "C:\laragon\www\dapokalsel\sekolah\import_url_kabupaten.pyw", line 388, in process_url_induk
    logger.warning(f"Row {idx} missing data: kode={kode}, nama={nama}, url={full_url}")
Exception: Failed to setup driver
2025-10-26 22:03:18,966 - INFO - Retry attempt 219/300...
2025-10-26 22:03:33,967 - INFO - Setting up Chrome driver...
2025-10-26 22:03:33,967 - INFO - Using profile directory: C:\laragon\www\dapokalsel\chrome_profile
2025-10-26 22:03:33,967 - INFO - Initializing undetected Chrome driver...
2025-10-26 22:03:39,921 - ERROR - Failed to setup driver: [WinError 183] Cannot create a file when that file already exists: 'C:\\laragon\\www\\dapokalsel\\sekolah\\~\\appdata\\roaming\\undetected_chromedriver\\undetected\\chromedriver-win32\\chromedriver.exe' -> 'C:\\laragon\\www\\dapokalsel\\sekolah\\~\\appdata\\roaming\\undetected_chromedriver\\undetected_chromedriver.exe'
Traceback (most recent call last):
  File "C:\laragon\www\dapokalsel\sekolah\import_url_kabupaten.pyw", line 92, in setup_driver
    temp_dir = tempfile.gettempdir()
  File "C:\laragon\bin\python\python-3.10\lib\site-packages\undetected_chromedriver\__init__.py", line 258, in __init__
    self.patcher.auto()
  File "C:\laragon\bin\python\python-3.10\lib\site-packages\undetected_chromedriver\patcher.py", line 178, in auto
    self.unzip_package(self.fetch_package())
  File "C:\laragon\bin\python\python-3.10\lib\site-packages\undetected_chromedriver\patcher.py", line 310, in unzip_package
    os.rename(os.path.join(self.zip_path, exe_path), self.executable_path)
FileExistsError: [WinError 183] Cannot create a file when that file already exists: 'C:\\laragon\\www\\dapokalsel\\sekolah\\~\\appdata\\roaming\\undetected_chromedriver\\undetected\\chromedriver-win32\\chromedriver.exe' -> 'C:\\laragon\\www\\dapokalsel\\sekolah\\~\\appdata\\roaming\\undetected_chromedriver\\undetected_chromedriver.exe'
2025-10-26 22:03:39,922 - ERROR - Error on attempt 219: Failed to setup driver
Traceback (most recent call last):
  File "C:\laragon\www\dapokalsel\sekolah\import_url_kabupaten.pyw", line 388, in process_url_induk
    logger.warning(f"Row {idx} missing data: kode={kode}, nama={nama}, url={full_url}")
Exception: Failed to setup driver
2025-10-26 22:03:39,922 - INFO - Retry attempt 220/300...
2025-10-26 22:03:54,931 - INFO - Setting up Chrome driver...
2025-10-26 22:03:54,933 - INFO - Using profile directory: C:\laragon\www\dapokalsel\chrome_profile
2025-10-26 22:03:54,933 - INFO - Initializing undetected Chrome driver...
2025-10-26 22:04:00,146 - INFO - patching driver executable C:\laragon\www\dapokalsel\sekolah\~\appdata\roaming\undetected_chromedriver\undetected_chromedriver.exe
2025-10-26 22:04:00,229 - ERROR - Failed to setup driver: Binary Location Must be a String
Traceback (most recent call last):
  File "C:\laragon\www\dapokalsel\sekolah\import_url_kabupaten.pyw", line 92, in setup_driver
    temp_dir = tempfile.gettempdir()
  File "C:\laragon\bin\python\python-3.10\lib\site-packages\undetected_chromedriver\__init__.py", line 372, in __init__
    options.binary_location = (
  File "C:\laragon\bin\python\python-3.10\lib\site-packages\selenium\webdriver\chromium\options.py", line 52, in binary_location
    raise TypeError(self.BINARY_LOCATION_ERROR)
TypeError: Binary Location Must be a String
2025-10-26 22:04:00,230 - ERROR - Error on attempt 220: Failed to setup driver
Traceback (most recent call last):
  File "C:\laragon\www\dapokalsel\sekolah\import_url_kabupaten.pyw", line 388, in process_url_induk
    logger.warning(f"Row {idx} missing data: kode={kode}, nama={nama}, url={full_url}")
Exception: Failed to setup driver
2025-10-26 22:04:00,230 - INFO - Retry attempt 221/300...
2025-10-26 22:04:15,241 - INFO - Setting up Chrome driver...
2025-10-26 22:04:15,241 - INFO - Using profile directory: C:\laragon\www\dapokalsel\chrome_profile
2025-10-26 22:04:15,241 - INFO - Initializing undetected Chrome driver...
2025-10-26 22:04:23,408 - INFO - patching driver executable C:\laragon\www\dapokalsel\sekolah\~\appdata\roaming\undetected_chromedriver\undetected_chromedriver.exe
2025-10-26 22:04:23,517 - ERROR - Failed to setup driver: Binary Location Must be a String
Traceback (most recent call last):
  File "C:\laragon\www\dapokalsel\sekolah\import_url_kabupaten.pyw", line 92, in setup_driver
    temp_dir = tempfile.gettempdir()
  File "C:\laragon\bin\python\python-3.10\lib\site-packages\undetected_chromedriver\__init__.py", line 372, in __init__
    options.binary_location = (
  File "C:\laragon\bin\python\python-3.10\lib\site-packages\selenium\webdriver\chromium\options.py", line 52, in binary_location
    raise TypeError(self.BINARY_LOCATION_ERROR)
TypeError: Binary Location Must be a String
2025-10-26 22:04:23,517 - ERROR - Error on attempt 221: Failed to setup driver
Traceback (most recent call last):
  File "C:\laragon\www\dapokalsel\sekolah\import_url_kabupaten.pyw", line 388, in process_url_induk
    logger.warning(f"Row {idx} missing data: kode={kode}, nama={nama}, url={full_url}")
Exception: Failed to setup driver
2025-10-26 22:04:23,517 - INFO - Retry attempt 222/300...
2025-10-26 22:04:38,527 - INFO - Setting up Chrome driver...
2025-10-26 22:04:38,530 - INFO - Using profile directory: C:\laragon\www\dapokalsel\chrome_profile
2025-10-26 22:04:38,530 - INFO - Initializing undetected Chrome driver...
2025-10-26 22:04:43,329 - INFO - patching driver executable C:\laragon\www\dapokalsel\sekolah\~\appdata\roaming\undetected_chromedriver\undetected_chromedriver.exe
2025-10-26 22:04:43,423 - ERROR - Failed to setup driver: Binary Location Must be a String
Traceback (most recent call last):
  File "C:\laragon\www\dapokalsel\sekolah\import_url_kabupaten.pyw", line 92, in setup_driver
    temp_dir = tempfile.gettempdir()
  File "C:\laragon\bin\python\python-3.10\lib\site-packages\undetected_chromedriver\__init__.py", line 372, in __init__
    options.binary_location = (
  File "C:\laragon\bin\python\python-3.10\lib\site-packages\selenium\webdriver\chromium\options.py", line 52, in binary_location
    raise TypeError(self.BINARY_LOCATION_ERROR)
TypeError: Binary Location Must be a String
2025-10-26 22:04:43,423 - ERROR - Error on attempt 222: Failed to setup driver
Traceback (most recent call last):
  File "C:\laragon\www\dapokalsel\sekolah\import_url_kabupaten.pyw", line 388, in process_url_induk
    logger.warning(f"Row {idx} missing data: kode={kode}, nama={nama}, url={full_url}")
Exception: Failed to setup driver
2025-10-26 22:04:43,423 - INFO - Retry attempt 223/300...
2025-10-26 22:04:58,425 - INFO - Setting up Chrome driver...
2025-10-26 22:04:58,426 - INFO - Using profile directory: C:\laragon\www\dapokalsel\chrome_profile
2025-10-26 22:04:58,427 - INFO - Initializing undetected Chrome driver...
2025-10-26 22:05:13,789 - ERROR - Failed to setup driver: [WinError 183] Cannot create a file when that file already exists: 'C:\\laragon\\www\\dapokalsel\\sekolah\\~\\appdata\\roaming\\undetected_chromedriver\\undetected\\chromedriver-win32\\chromedriver.exe' -> 'C:\\laragon\\www\\dapokalsel\\sekolah\\~\\appdata\\roaming\\undetected_chromedriver\\undetected_chromedriver.exe'
Traceback (most recent call last):
  File "C:\laragon\www\dapokalsel\sekolah\import_url_kabupaten.pyw", line 92, in setup_driver
    temp_dir = tempfile.gettempdir()
  File "C:\laragon\bin\python\python-3.10\lib\site-packages\undetected_chromedriver\__init__.py", line 258, in __init__
    self.patcher.auto()
  File "C:\laragon\bin\python\python-3.10\lib\site-packages\undetected_chromedriver\patcher.py", line 178, in auto
    self.unzip_package(self.fetch_package())
  File "C:\laragon\bin\python\python-3.10\lib\site-packages\undetected_chromedriver\patcher.py", line 310, in unzip_package
    os.rename(os.path.join(self.zip_path, exe_path), self.executable_path)
FileExistsError: [WinError 183] Cannot create a file when that file already exists: 'C:\\laragon\\www\\dapokalsel\\sekolah\\~\\appdata\\roaming\\undetected_chromedriver\\undetected\\chromedriver-win32\\chromedriver.exe' -> 'C:\\laragon\\www\\dapokalsel\\sekolah\\~\\appdata\\roaming\\undetected_chromedriver\\undetected_chromedriver.exe'
2025-10-26 22:05:13,791 - ERROR - Error on attempt 223: Failed to setup driver
Traceback (most recent call last):
  File "C:\laragon\www\dapokalsel\sekolah\import_url_kabupaten.pyw", line 388, in process_url_induk
    logger.warning(f"Row {idx} missing data: kode={kode}, nama={nama}, url={full_url}")
Exception: Failed to setup driver
2025-10-26 22:05:13,791 - INFO - Retry attempt 224/300...
2025-10-26 22:05:28,791 - INFO - Setting up Chrome driver...
2025-10-26 22:05:28,792 - INFO - Using profile directory: C:\laragon\www\dapokalsel\chrome_profile
2025-10-26 22:05:28,792 - INFO - Initializing undetected Chrome driver...
2025-10-26 22:05:34,175 - ERROR - Failed to setup driver: [WinError 183] Cannot create a file when that file already exists: 'C:\\laragon\\www\\dapokalsel\\sekolah\\~\\appdata\\roaming\\undetected_chromedriver\\undetected\\chromedriver-win32\\chromedriver.exe' -> 'C:\\laragon\\www\\dapokalsel\\sekolah\\~\\appdata\\roaming\\undetected_chromedriver\\undetected_chromedriver.exe'
Traceback (most recent call last):
  File "C:\laragon\www\dapokalsel\sekolah\import_url_kabupaten.pyw", line 92, in setup_driver
    temp_dir = tempfile.gettempdir()
  File "C:\laragon\bin\python\python-3.10\lib\site-packages\undetected_chromedriver\__init__.py", line 258, in __init__
    self.patcher.auto()
  File "C:\laragon\bin\python\python-3.10\lib\site-packages\undetected_chromedriver\patcher.py", line 178, in auto
    self.unzip_package(self.fetch_package())
  File "C:\laragon\bin\python\python-3.10\lib\site-packages\undetected_chromedriver\patcher.py", line 310, in unzip_package
    os.rename(os.path.join(self.zip_path, exe_path), self.executable_path)
FileExistsError: [WinError 183] Cannot create a file when that file already exists: 'C:\\laragon\\www\\dapokalsel\\sekolah\\~\\appdata\\roaming\\undetected_chromedriver\\undetected\\chromedriver-win32\\chromedriver.exe' -> 'C:\\laragon\\www\\dapokalsel\\sekolah\\~\\appdata\\roaming\\undetected_chromedriver\\undetected_chromedriver.exe'
2025-10-26 22:05:34,175 - ERROR - Error on attempt 224: Failed to setup driver
Traceback (most recent call last):
  File "C:\laragon\www\dapokalsel\sekolah\import_url_kabupaten.pyw", line 388, in process_url_induk
    logger.warning(f"Row {idx} missing data: kode={kode}, nama={nama}, url={full_url}")
Exception: Failed to setup driver
2025-10-26 22:05:34,175 - INFO - Retry attempt 225/300...
2025-10-26 22:05:49,175 - INFO - Setting up Chrome driver...
2025-10-26 22:05:49,199 - INFO - Using profile directory: C:\laragon\www\dapokalsel\chrome_profile
2025-10-26 22:05:49,199 - INFO - Initializing undetected Chrome driver...
2025-10-26 22:06:10,266 - INFO - patching driver executable C:\laragon\www\dapokalsel\sekolah\~\appdata\roaming\undetected_chromedriver\undetected_chromedriver.exe
2025-10-26 22:06:10,356 - ERROR - Failed to setup driver: Binary Location Must be a String
Traceback (most recent call last):
  File "C:\laragon\www\dapokalsel\sekolah\import_url_kabupaten.pyw", line 92, in setup_driver
    temp_dir = tempfile.gettempdir()
  File "C:\laragon\bin\python\python-3.10\lib\site-packages\undetected_chromedriver\__init__.py", line 372, in __init__
    options.binary_location = (
  File "C:\laragon\bin\python\python-3.10\lib\site-packages\selenium\webdriver\chromium\options.py", line 52, in binary_location
    raise TypeError(self.BINARY_LOCATION_ERROR)
TypeError: Binary Location Must be a String
2025-10-26 22:06:10,356 - ERROR - Error on attempt 225: Failed to setup driver
Traceback (most recent call last):
  File "C:\laragon\www\dapokalsel\sekolah\import_url_kabupaten.pyw", line 388, in process_url_induk
    logger.warning(f"Row {idx} missing data: kode={kode}, nama={nama}, url={full_url}")
Exception: Failed to setup driver
2025-10-26 22:06:10,356 - INFO - Retry attempt 226/300...
2025-10-26 22:06:25,357 - INFO - Setting up Chrome driver...
2025-10-26 22:06:25,357 - INFO - Using profile directory: C:\laragon\www\dapokalsel\chrome_profile
2025-10-26 22:06:25,357 - INFO - Initializing undetected Chrome driver...
2025-10-26 22:06:32,473 - INFO - patching driver executable C:\laragon\www\dapokalsel\sekolah\~\appdata\roaming\undetected_chromedriver\undetected_chromedriver.exe
2025-10-26 22:06:32,572 - ERROR - Failed to setup driver: Binary Location Must be a String
Traceback (most recent call last):
  File "C:\laragon\www\dapokalsel\sekolah\import_url_kabupaten.pyw", line 92, in setup_driver
    temp_dir = tempfile.gettempdir()
  File "C:\laragon\bin\python\python-3.10\lib\site-packages\undetected_chromedriver\__init__.py", line 372, in __init__
    options.binary_location = (
  File "C:\laragon\bin\python\python-3.10\lib\site-packages\selenium\webdriver\chromium\options.py", line 52, in binary_location
    raise TypeError(self.BINARY_LOCATION_ERROR)
TypeError: Binary Location Must be a String
2025-10-26 22:06:32,572 - ERROR - Error on attempt 226: Failed to setup driver
Traceback (most recent call last):
  File "C:\laragon\www\dapokalsel\sekolah\import_url_kabupaten.pyw", line 388, in process_url_induk
    logger.warning(f"Row {idx} missing data: kode={kode}, nama={nama}, url={full_url}")
Exception: Failed to setup driver
2025-10-26 22:06:32,572 - INFO - Retry attempt 227/300...
2025-10-26 22:06:47,573 - INFO - Setting up Chrome driver...
2025-10-26 22:06:47,573 - INFO - Using profile directory: C:\laragon\www\dapokalsel\chrome_profile
2025-10-26 22:06:47,573 - INFO - Initializing undetected Chrome driver...
2025-10-26 22:06:57,720 - ERROR - Failed to setup driver: [WinError 183] Cannot create a file when that file already exists: 'C:\\laragon\\www\\dapokalsel\\sekolah\\~\\appdata\\roaming\\undetected_chromedriver\\undetected\\chromedriver-win32\\chromedriver.exe' -> 'C:\\laragon\\www\\dapokalsel\\sekolah\\~\\appdata\\roaming\\undetected_chromedriver\\undetected_chromedriver.exe'
Traceback (most recent call last):
  File "C:\laragon\www\dapokalsel\sekolah\import_url_kabupaten.pyw", line 92, in setup_driver
    temp_dir = tempfile.gettempdir()
  File "C:\laragon\bin\python\python-3.10\lib\site-packages\undetected_chromedriver\__init__.py", line 258, in __init__
    self.patcher.auto()
  File "C:\laragon\bin\python\python-3.10\lib\site-packages\undetected_chromedriver\patcher.py", line 178, in auto
    self.unzip_package(self.fetch_package())
  File "C:\laragon\bin\python\python-3.10\lib\site-packages\undetected_chromedriver\patcher.py", line 310, in unzip_package
    os.rename(os.path.join(self.zip_path, exe_path), self.executable_path)
FileExistsError: [WinError 183] Cannot create a file when that file already exists: 'C:\\laragon\\www\\dapokalsel\\sekolah\\~\\appdata\\roaming\\undetected_chromedriver\\undetected\\chromedriver-win32\\chromedriver.exe' -> 'C:\\laragon\\www\\dapokalsel\\sekolah\\~\\appdata\\roaming\\undetected_chromedriver\\undetected_chromedriver.exe'
2025-10-26 22:06:57,720 - ERROR - Error on attempt 227: Failed to setup driver
Traceback (most recent call last):
  File "C:\laragon\www\dapokalsel\sekolah\import_url_kabupaten.pyw", line 388, in process_url_induk
    logger.warning(f"Row {idx} missing data: kode={kode}, nama={nama}, url={full_url}")
Exception: Failed to setup driver
2025-10-26 22:06:57,720 - INFO - Retry attempt 228/300...
2025-10-26 22:07:12,720 - INFO - Setting up Chrome driver...
2025-10-26 22:07:12,722 - INFO - Using profile directory: C:\laragon\www\dapokalsel\chrome_profile
2025-10-26 22:07:12,723 - INFO - Initializing undetected Chrome driver...
2025-10-26 22:07:25,579 - INFO - patching driver executable C:\laragon\www\dapokalsel\sekolah\~\appdata\roaming\undetected_chromedriver\undetected_chromedriver.exe
2025-10-26 22:07:25,688 - ERROR - Failed to setup driver: Binary Location Must be a String
Traceback (most recent call last):
  File "C:\laragon\www\dapokalsel\sekolah\import_url_kabupaten.pyw", line 92, in setup_driver
    temp_dir = tempfile.gettempdir()
  File "C:\laragon\bin\python\python-3.10\lib\site-packages\undetected_chromedriver\__init__.py", line 372, in __init__
    options.binary_location = (
  File "C:\laragon\bin\python\python-3.10\lib\site-packages\selenium\webdriver\chromium\options.py", line 52, in binary_location
    raise TypeError(self.BINARY_LOCATION_ERROR)
TypeError: Binary Location Must be a String
2025-10-26 22:07:25,688 - ERROR - Error on attempt 228: Failed to setup driver
Traceback (most recent call last):
  File "C:\laragon\www\dapokalsel\sekolah\import_url_kabupaten.pyw", line 388, in process_url_induk
    logger.warning(f"Row {idx} missing data: kode={kode}, nama={nama}, url={full_url}")
Exception: Failed to setup driver
2025-10-26 22:07:25,688 - INFO - Retry attempt 229/300...
2025-10-26 22:07:40,689 - INFO - Setting up Chrome driver...
2025-10-26 22:07:40,691 - INFO - Using profile directory: C:\laragon\www\dapokalsel\chrome_profile
2025-10-26 22:07:40,691 - INFO - Initializing undetected Chrome driver...
2025-10-26 22:07:57,485 - ERROR - Failed to setup driver: [WinError 183] Cannot create a file when that file already exists: 'C:\\laragon\\www\\dapokalsel\\sekolah\\~\\appdata\\roaming\\undetected_chromedriver\\undetected\\chromedriver-win32\\chromedriver.exe' -> 'C:\\laragon\\www\\dapokalsel\\sekolah\\~\\appdata\\roaming\\undetected_chromedriver\\undetected_chromedriver.exe'
Traceback (most recent call last):
  File "C:\laragon\www\dapokalsel\sekolah\import_url_kabupaten.pyw", line 92, in setup_driver
    temp_dir = tempfile.gettempdir()
  File "C:\laragon\bin\python\python-3.10\lib\site-packages\undetected_chromedriver\__init__.py", line 258, in __init__
    self.patcher.auto()
  File "C:\laragon\bin\python\python-3.10\lib\site-packages\undetected_chromedriver\patcher.py", line 178, in auto
    self.unzip_package(self.fetch_package())
  File "C:\laragon\bin\python\python-3.10\lib\site-packages\undetected_chromedriver\patcher.py", line 310, in unzip_package
    os.rename(os.path.join(self.zip_path, exe_path), self.executable_path)
FileExistsError: [WinError 183] Cannot create a file when that file already exists: 'C:\\laragon\\www\\dapokalsel\\sekolah\\~\\appdata\\roaming\\undetected_chromedriver\\undetected\\chromedriver-win32\\chromedriver.exe' -> 'C:\\laragon\\www\\dapokalsel\\sekolah\\~\\appdata\\roaming\\undetected_chromedriver\\undetected_chromedriver.exe'
2025-10-26 22:07:57,485 - ERROR - Error on attempt 229: Failed to setup driver
Traceback (most recent call last):
  File "C:\laragon\www\dapokalsel\sekolah\import_url_kabupaten.pyw", line 388, in process_url_induk
    logger.warning(f"Row {idx} missing data: kode={kode}, nama={nama}, url={full_url}")
Exception: Failed to setup driver
2025-10-26 22:07:57,485 - INFO - Retry attempt 230/300...
2025-10-26 22:08:12,486 - INFO - Setting up Chrome driver...
2025-10-26 22:08:12,486 - INFO - Using profile directory: C:\laragon\www\dapokalsel\chrome_profile
2025-10-26 22:08:12,486 - INFO - Initializing undetected Chrome driver...
2025-10-26 22:08:44,198 - ERROR - Failed to setup driver: [WinError 183] Cannot create a file when that file already exists: 'C:\\laragon\\www\\dapokalsel\\sekolah\\~\\appdata\\roaming\\undetected_chromedriver\\undetected\\chromedriver-win32\\chromedriver.exe' -> 'C:\\laragon\\www\\dapokalsel\\sekolah\\~\\appdata\\roaming\\undetected_chromedriver\\undetected_chromedriver.exe'
Traceback (most recent call last):
  File "C:\laragon\www\dapokalsel\sekolah\import_url_kabupaten.pyw", line 92, in setup_driver
    temp_dir = tempfile.gettempdir()
  File "C:\laragon\bin\python\python-3.10\lib\site-packages\undetected_chromedriver\__init__.py", line 258, in __init__
    self.patcher.auto()
  File "C:\laragon\bin\python\python-3.10\lib\site-packages\undetected_chromedriver\patcher.py", line 178, in auto
    self.unzip_package(self.fetch_package())
  File "C:\laragon\bin\python\python-3.10\lib\site-packages\undetected_chromedriver\patcher.py", line 310, in unzip_package
    os.rename(os.path.join(self.zip_path, exe_path), self.executable_path)
FileExistsError: [WinError 183] Cannot create a file when that file already exists: 'C:\\laragon\\www\\dapokalsel\\sekolah\\~\\appdata\\roaming\\undetected_chromedriver\\undetected\\chromedriver-win32\\chromedriver.exe' -> 'C:\\laragon\\www\\dapokalsel\\sekolah\\~\\appdata\\roaming\\undetected_chromedriver\\undetected_chromedriver.exe'
2025-10-26 22:08:44,198 - ERROR - Error on attempt 230: Failed to setup driver
Traceback (most recent call last):
  File "C:\laragon\www\dapokalsel\sekolah\import_url_kabupaten.pyw", line 388, in process_url_induk
    logger.warning(f"Row {idx} missing data: kode={kode}, nama={nama}, url={full_url}")
Exception: Failed to setup driver
2025-10-26 22:08:44,198 - INFO - Retry attempt 231/300...
2025-10-26 22:08:59,198 - INFO - Setting up Chrome driver...
2025-10-26 22:08:59,198 - INFO - Using profile directory: C:\laragon\www\dapokalsel\chrome_profile
2025-10-26 22:08:59,198 - INFO - Initializing undetected Chrome driver...
2025-10-26 22:09:06,970 - INFO - patching driver executable C:\laragon\www\dapokalsel\sekolah\~\appdata\roaming\undetected_chromedriver\undetected_chromedriver.exe
2025-10-26 22:09:07,047 - ERROR - Failed to setup driver: Binary Location Must be a String
Traceback (most recent call last):
  File "C:\laragon\www\dapokalsel\sekolah\import_url_kabupaten.pyw", line 92, in setup_driver
    temp_dir = tempfile.gettempdir()
  File "C:\laragon\bin\python\python-3.10\lib\site-packages\undetected_chromedriver\__init__.py", line 372, in __init__
    options.binary_location = (
  File "C:\laragon\bin\python\python-3.10\lib\site-packages\selenium\webdriver\chromium\options.py", line 52, in binary_location
    raise TypeError(self.BINARY_LOCATION_ERROR)
TypeError: Binary Location Must be a String
2025-10-26 22:09:07,047 - ERROR - Error on attempt 231: Failed to setup driver
Traceback (most recent call last):
  File "C:\laragon\www\dapokalsel\sekolah\import_url_kabupaten.pyw", line 388, in process_url_induk
    logger.warning(f"Row {idx} missing data: kode={kode}, nama={nama}, url={full_url}")
Exception: Failed to setup driver
2025-10-26 22:09:07,047 - INFO - Retry attempt 232/300...
2025-10-26 22:09:22,049 - INFO - Setting up Chrome driver...
2025-10-26 22:09:22,050 - INFO - Using profile directory: C:\laragon\www\dapokalsel\chrome_profile
2025-10-26 22:09:22,050 - INFO - Initializing undetected Chrome driver...
2025-10-26 22:09:30,880 - INFO - patching driver executable C:\laragon\www\dapokalsel\sekolah\~\appdata\roaming\undetected_chromedriver\undetected_chromedriver.exe
2025-10-26 22:09:30,979 - ERROR - Failed to setup driver: Binary Location Must be a String
Traceback (most recent call last):
  File "C:\laragon\www\dapokalsel\sekolah\import_url_kabupaten.pyw", line 92, in setup_driver
    temp_dir = tempfile.gettempdir()
  File "C:\laragon\bin\python\python-3.10\lib\site-packages\undetected_chromedriver\__init__.py", line 372, in __init__
    options.binary_location = (
  File "C:\laragon\bin\python\python-3.10\lib\site-packages\selenium\webdriver\chromium\options.py", line 52, in binary_location
    raise TypeError(self.BINARY_LOCATION_ERROR)
TypeError: Binary Location Must be a String
2025-10-26 22:09:30,979 - ERROR - Error on attempt 232: Failed to setup driver
Traceback (most recent call last):
  File "C:\laragon\www\dapokalsel\sekolah\import_url_kabupaten.pyw", line 388, in process_url_induk
    logger.warning(f"Row {idx} missing data: kode={kode}, nama={nama}, url={full_url}")
Exception: Failed to setup driver
2025-10-26 22:09:30,979 - INFO - Retry attempt 233/300...
2025-10-26 22:09:45,980 - INFO - Setting up Chrome driver...
2025-10-26 22:09:45,982 - INFO - Using profile directory: C:\laragon\www\dapokalsel\chrome_profile
2025-10-26 22:09:45,983 - INFO - Initializing undetected Chrome driver...
2025-10-26 22:09:54,245 - INFO - patching driver executable C:\laragon\www\dapokalsel\sekolah\~\appdata\roaming\undetected_chromedriver\undetected_chromedriver.exe
2025-10-26 22:09:54,352 - ERROR - Failed to setup driver: Binary Location Must be a String
Traceback (most recent call last):
  File "C:\laragon\www\dapokalsel\sekolah\import_url_kabupaten.pyw", line 92, in setup_driver
    temp_dir = tempfile.gettempdir()
  File "C:\laragon\bin\python\python-3.10\lib\site-packages\undetected_chromedriver\__init__.py", line 372, in __init__
    options.binary_location = (
  File "C:\laragon\bin\python\python-3.10\lib\site-packages\selenium\webdriver\chromium\options.py", line 52, in binary_location
    raise TypeError(self.BINARY_LOCATION_ERROR)
TypeError: Binary Location Must be a String
2025-10-26 22:09:54,353 - ERROR - Error on attempt 233: Failed to setup driver
Traceback (most recent call last):
  File "C:\laragon\www\dapokalsel\sekolah\import_url_kabupaten.pyw", line 388, in process_url_induk
    logger.warning(f"Row {idx} missing data: kode={kode}, nama={nama}, url={full_url}")
Exception: Failed to setup driver
2025-10-26 22:09:54,353 - INFO - Retry attempt 234/300...
2025-10-26 22:10:09,361 - INFO - Setting up Chrome driver...
2025-10-26 22:10:09,363 - INFO - Using profile directory: C:\laragon\www\dapokalsel\chrome_profile
2025-10-26 22:10:09,363 - INFO - Initializing undetected Chrome driver...
2025-10-26 22:10:19,282 - INFO - patching driver executable C:\laragon\www\dapokalsel\sekolah\~\appdata\roaming\undetected_chromedriver\undetected_chromedriver.exe
2025-10-26 22:10:19,391 - ERROR - Failed to setup driver: Binary Location Must be a String
Traceback (most recent call last):
  File "C:\laragon\www\dapokalsel\sekolah\import_url_kabupaten.pyw", line 92, in setup_driver
    temp_dir = tempfile.gettempdir()
  File "C:\laragon\bin\python\python-3.10\lib\site-packages\undetected_chromedriver\__init__.py", line 372, in __init__
    options.binary_location = (
  File "C:\laragon\bin\python\python-3.10\lib\site-packages\selenium\webdriver\chromium\options.py", line 52, in binary_location
    raise TypeError(self.BINARY_LOCATION_ERROR)
TypeError: Binary Location Must be a String
2025-10-26 22:10:19,407 - ERROR - Error on attempt 234: Failed to setup driver
Traceback (most recent call last):
  File "C:\laragon\www\dapokalsel\sekolah\import_url_kabupaten.pyw", line 388, in process_url_induk
    logger.warning(f"Row {idx} missing data: kode={kode}, nama={nama}, url={full_url}")
Exception: Failed to setup driver
2025-10-26 22:10:19,407 - INFO - Retry attempt 235/300...
2025-10-26 22:10:34,407 - INFO - Setting up Chrome driver...
2025-10-26 22:10:34,409 - INFO - Using profile directory: C:\laragon\www\dapokalsel\chrome_profile
2025-10-26 22:10:34,410 - INFO - Initializing undetected Chrome driver...
2025-10-26 22:10:40,558 - INFO - patching driver executable C:\laragon\www\dapokalsel\sekolah\~\appdata\roaming\undetected_chromedriver\undetected_chromedriver.exe
2025-10-26 22:10:40,660 - ERROR - Failed to setup driver: Binary Location Must be a String
Traceback (most recent call last):
  File "C:\laragon\www\dapokalsel\sekolah\import_url_kabupaten.pyw", line 92, in setup_driver
    temp_dir = tempfile.gettempdir()
  File "C:\laragon\bin\python\python-3.10\lib\site-packages\undetected_chromedriver\__init__.py", line 372, in __init__
    options.binary_location = (
  File "C:\laragon\bin\python\python-3.10\lib\site-packages\selenium\webdriver\chromium\options.py", line 52, in binary_location
    raise TypeError(self.BINARY_LOCATION_ERROR)
TypeError: Binary Location Must be a String
2025-10-26 22:10:40,660 - ERROR - Error on attempt 235: Failed to setup driver
Traceback (most recent call last):
  File "C:\laragon\www\dapokalsel\sekolah\import_url_kabupaten.pyw", line 388, in process_url_induk
    logger.warning(f"Row {idx} missing data: kode={kode}, nama={nama}, url={full_url}")
Exception: Failed to setup driver
2025-10-26 22:10:40,660 - INFO - Retry attempt 236/300...
2025-10-26 22:10:55,669 - INFO - Setting up Chrome driver...
2025-10-26 22:10:55,670 - INFO - Using profile directory: C:\laragon\www\dapokalsel\chrome_profile
2025-10-26 22:10:55,670 - INFO - Initializing undetected Chrome driver...
2025-10-26 22:11:01,486 - INFO - patching driver executable C:\laragon\www\dapokalsel\sekolah\~\appdata\roaming\undetected_chromedriver\undetected_chromedriver.exe
2025-10-26 22:11:01,563 - ERROR - Failed to setup driver: Binary Location Must be a String
Traceback (most recent call last):
  File "C:\laragon\www\dapokalsel\sekolah\import_url_kabupaten.pyw", line 92, in setup_driver
    temp_dir = tempfile.gettempdir()
  File "C:\laragon\bin\python\python-3.10\lib\site-packages\undetected_chromedriver\__init__.py", line 372, in __init__
    options.binary_location = (
  File "C:\laragon\bin\python\python-3.10\lib\site-packages\selenium\webdriver\chromium\options.py", line 52, in binary_location
    raise TypeError(self.BINARY_LOCATION_ERROR)
TypeError: Binary Location Must be a String
2025-10-26 22:11:01,563 - ERROR - Error on attempt 236: Failed to setup driver
Traceback (most recent call last):
  File "C:\laragon\www\dapokalsel\sekolah\import_url_kabupaten.pyw", line 388, in process_url_induk
    logger.warning(f"Row {idx} missing data: kode={kode}, nama={nama}, url={full_url}")
Exception: Failed to setup driver
2025-10-26 22:11:01,563 - INFO - Retry attempt 237/300...
2025-10-26 22:11:16,571 - INFO - Setting up Chrome driver...
2025-10-26 22:11:16,573 - INFO - Using profile directory: C:\laragon\www\dapokalsel\chrome_profile
2025-10-26 22:11:16,573 - INFO - Initializing undetected Chrome driver...
2025-10-26 22:11:27,704 - INFO - patching driver executable C:\laragon\www\dapokalsel\sekolah\~\appdata\roaming\undetected_chromedriver\undetected_chromedriver.exe
2025-10-26 22:11:27,817 - ERROR - Failed to setup driver: Binary Location Must be a String
Traceback (most recent call last):
  File "C:\laragon\www\dapokalsel\sekolah\import_url_kabupaten.pyw", line 92, in setup_driver
    temp_dir = tempfile.gettempdir()
  File "C:\laragon\bin\python\python-3.10\lib\site-packages\undetected_chromedriver\__init__.py", line 372, in __init__
    options.binary_location = (
  File "C:\laragon\bin\python\python-3.10\lib\site-packages\selenium\webdriver\chromium\options.py", line 52, in binary_location
    raise TypeError(self.BINARY_LOCATION_ERROR)
TypeError: Binary Location Must be a String
2025-10-26 22:11:27,817 - ERROR - Error on attempt 237: Failed to setup driver
Traceback (most recent call last):
  File "C:\laragon\www\dapokalsel\sekolah\import_url_kabupaten.pyw", line 388, in process_url_induk
    logger.warning(f"Row {idx} missing data: kode={kode}, nama={nama}, url={full_url}")
Exception: Failed to setup driver
2025-10-26 22:11:27,817 - INFO - Retry attempt 238/300...
2025-10-26 22:11:42,819 - INFO - Setting up Chrome driver...
2025-10-26 22:11:42,819 - INFO - Using profile directory: C:\laragon\www\dapokalsel\chrome_profile
2025-10-26 22:11:42,820 - INFO - Initializing undetected Chrome driver...
2025-10-26 22:11:49,522 - INFO - patching driver executable C:\laragon\www\dapokalsel\sekolah\~\appdata\roaming\undetected_chromedriver\undetected_chromedriver.exe
2025-10-26 22:11:49,610 - ERROR - Failed to setup driver: Binary Location Must be a String
Traceback (most recent call last):
  File "C:\laragon\www\dapokalsel\sekolah\import_url_kabupaten.pyw", line 92, in setup_driver
    temp_dir = tempfile.gettempdir()
  File "C:\laragon\bin\python\python-3.10\lib\site-packages\undetected_chromedriver\__init__.py", line 372, in __init__
    options.binary_location = (
  File "C:\laragon\bin\python\python-3.10\lib\site-packages\selenium\webdriver\chromium\options.py", line 52, in binary_location
    raise TypeError(self.BINARY_LOCATION_ERROR)
TypeError: Binary Location Must be a String
2025-10-26 22:11:49,610 - ERROR - Error on attempt 238: Failed to setup driver
Traceback (most recent call last):
  File "C:\laragon\www\dapokalsel\sekolah\import_url_kabupaten.pyw", line 388, in process_url_induk
    logger.warning(f"Row {idx} missing data: kode={kode}, nama={nama}, url={full_url}")
Exception: Failed to setup driver
2025-10-26 22:11:49,610 - INFO - Retry attempt 239/300...
2025-10-26 22:12:04,620 - INFO - Setting up Chrome driver...
2025-10-26 22:12:04,621 - INFO - Using profile directory: C:\laragon\www\dapokalsel\chrome_profile
2025-10-26 22:12:04,624 - INFO - Initializing undetected Chrome driver...
2025-10-26 22:12:17,620 - INFO - patching driver executable C:\laragon\www\dapokalsel\sekolah\~\appdata\roaming\undetected_chromedriver\undetected_chromedriver.exe
2025-10-26 22:12:17,816 - ERROR - Failed to setup driver: Binary Location Must be a String
Traceback (most recent call last):
  File "C:\laragon\www\dapokalsel\sekolah\import_url_kabupaten.pyw", line 92, in setup_driver
    temp_dir = tempfile.gettempdir()
  File "C:\laragon\bin\python\python-3.10\lib\site-packages\undetected_chromedriver\__init__.py", line 372, in __init__
    options.binary_location = (
  File "C:\laragon\bin\python\python-3.10\lib\site-packages\selenium\webdriver\chromium\options.py", line 52, in binary_location
    raise TypeError(self.BINARY_LOCATION_ERROR)
TypeError: Binary Location Must be a String
2025-10-26 22:12:17,816 - ERROR - Error on attempt 239: Failed to setup driver
Traceback (most recent call last):
  File "C:\laragon\www\dapokalsel\sekolah\import_url_kabupaten.pyw", line 388, in process_url_induk
    logger.warning(f"Row {idx} missing data: kode={kode}, nama={nama}, url={full_url}")
Exception: Failed to setup driver
2025-10-26 22:12:17,816 - INFO - Retry attempt 240/300...
2025-10-26 22:12:32,820 - INFO - Setting up Chrome driver...
2025-10-26 22:12:32,820 - INFO - Using profile directory: C:\laragon\www\dapokalsel\chrome_profile
2025-10-26 22:12:32,820 - INFO - Initializing undetected Chrome driver...
2025-10-26 22:12:37,064 - ERROR - Failed to setup driver: [WinError 183] Cannot create a file when that file already exists: 'C:\\laragon\\www\\dapokalsel\\sekolah\\~\\appdata\\roaming\\undetected_chromedriver\\undetected\\chromedriver-win32\\chromedriver.exe' -> 'C:\\laragon\\www\\dapokalsel\\sekolah\\~\\appdata\\roaming\\undetected_chromedriver\\undetected_chromedriver.exe'
Traceback (most recent call last):
  File "C:\laragon\www\dapokalsel\sekolah\import_url_kabupaten.pyw", line 92, in setup_driver
    temp_dir = tempfile.gettempdir()
  File "C:\laragon\bin\python\python-3.10\lib\site-packages\undetected_chromedriver\__init__.py", line 258, in __init__
    self.patcher.auto()
  File "C:\laragon\bin\python\python-3.10\lib\site-packages\undetected_chromedriver\patcher.py", line 178, in auto
    self.unzip_package(self.fetch_package())
  File "C:\laragon\bin\python\python-3.10\lib\site-packages\undetected_chromedriver\patcher.py", line 310, in unzip_package
    os.rename(os.path.join(self.zip_path, exe_path), self.executable_path)
FileExistsError: [WinError 183] Cannot create a file when that file already exists: 'C:\\laragon\\www\\dapokalsel\\sekolah\\~\\appdata\\roaming\\undetected_chromedriver\\undetected\\chromedriver-win32\\chromedriver.exe' -> 'C:\\laragon\\www\\dapokalsel\\sekolah\\~\\appdata\\roaming\\undetected_chromedriver\\undetected_chromedriver.exe'
2025-10-26 22:12:37,065 - ERROR - Error on attempt 240: Failed to setup driver
Traceback (most recent call last):
  File "C:\laragon\www\dapokalsel\sekolah\import_url_kabupaten.pyw", line 388, in process_url_induk
    logger.warning(f"Row {idx} missing data: kode={kode}, nama={nama}, url={full_url}")
Exception: Failed to setup driver
2025-10-26 22:12:37,065 - INFO - Retry attempt 241/300...
2025-10-26 22:12:52,069 - INFO - Setting up Chrome driver...
2025-10-26 22:12:52,070 - INFO - Using profile directory: C:\laragon\www\dapokalsel\chrome_profile
2025-10-26 22:12:52,071 - INFO - Initializing undetected Chrome driver...
2025-10-26 22:13:08,217 - INFO - patching driver executable C:\laragon\www\dapokalsel\sekolah\~\appdata\roaming\undetected_chromedriver\undetected_chromedriver.exe
2025-10-26 22:13:08,350 - ERROR - Failed to setup driver: Binary Location Must be a String
Traceback (most recent call last):
  File "C:\laragon\www\dapokalsel\sekolah\import_url_kabupaten.pyw", line 92, in setup_driver
    temp_dir = tempfile.gettempdir()
  File "C:\laragon\bin\python\python-3.10\lib\site-packages\undetected_chromedriver\__init__.py", line 372, in __init__
    options.binary_location = (
  File "C:\laragon\bin\python\python-3.10\lib\site-packages\selenium\webdriver\chromium\options.py", line 52, in binary_location
    raise TypeError(self.BINARY_LOCATION_ERROR)
TypeError: Binary Location Must be a String
2025-10-26 22:13:08,352 - ERROR - Error on attempt 241: Failed to setup driver
Traceback (most recent call last):
  File "C:\laragon\www\dapokalsel\sekolah\import_url_kabupaten.pyw", line 388, in process_url_induk
    logger.warning(f"Row {idx} missing data: kode={kode}, nama={nama}, url={full_url}")
Exception: Failed to setup driver
2025-10-26 22:13:08,352 - INFO - Retry attempt 242/300...
2025-10-26 22:13:23,355 - INFO - Setting up Chrome driver...
2025-10-26 22:13:23,356 - INFO - Using profile directory: C:\laragon\www\dapokalsel\chrome_profile
2025-10-26 22:13:23,356 - INFO - Initializing undetected Chrome driver...
2025-10-26 22:13:27,689 - INFO - patching driver executable C:\laragon\www\dapokalsel\sekolah\~\appdata\roaming\undetected_chromedriver\undetected_chromedriver.exe
2025-10-26 22:13:27,789 - ERROR - Failed to setup driver: Binary Location Must be a String
Traceback (most recent call last):
  File "C:\laragon\www\dapokalsel\sekolah\import_url_kabupaten.pyw", line 92, in setup_driver
    temp_dir = tempfile.gettempdir()
  File "C:\laragon\bin\python\python-3.10\lib\site-packages\undetected_chromedriver\__init__.py", line 372, in __init__
    options.binary_location = (
  File "C:\laragon\bin\python\python-3.10\lib\site-packages\selenium\webdriver\chromium\options.py", line 52, in binary_location
    raise TypeError(self.BINARY_LOCATION_ERROR)
TypeError: Binary Location Must be a String
2025-10-26 22:13:27,790 - ERROR - Error on attempt 242: Failed to setup driver
Traceback (most recent call last):
  File "C:\laragon\www\dapokalsel\sekolah\import_url_kabupaten.pyw", line 388, in process_url_induk
    logger.warning(f"Row {idx} missing data: kode={kode}, nama={nama}, url={full_url}")
Exception: Failed to setup driver
2025-10-26 22:13:27,790 - INFO - Retry attempt 243/300...
2025-10-26 22:13:42,790 - INFO - Setting up Chrome driver...
2025-10-26 22:13:42,790 - INFO - Using profile directory: C:\laragon\www\dapokalsel\chrome_profile
2025-10-26 22:13:42,790 - INFO - Initializing undetected Chrome driver...
2025-10-26 22:13:49,878 - ERROR - Failed to setup driver: [WinError 183] Cannot create a file when that file already exists: 'C:\\laragon\\www\\dapokalsel\\sekolah\\~\\appdata\\roaming\\undetected_chromedriver\\undetected\\chromedriver-win32\\chromedriver.exe' -> 'C:\\laragon\\www\\dapokalsel\\sekolah\\~\\appdata\\roaming\\undetected_chromedriver\\undetected_chromedriver.exe'
Traceback (most recent call last):
  File "C:\laragon\www\dapokalsel\sekolah\import_url_kabupaten.pyw", line 92, in setup_driver
    temp_dir = tempfile.gettempdir()
  File "C:\laragon\bin\python\python-3.10\lib\site-packages\undetected_chromedriver\__init__.py", line 258, in __init__
    self.patcher.auto()
  File "C:\laragon\bin\python\python-3.10\lib\site-packages\undetected_chromedriver\patcher.py", line 178, in auto
    self.unzip_package(self.fetch_package())
  File "C:\laragon\bin\python\python-3.10\lib\site-packages\undetected_chromedriver\patcher.py", line 310, in unzip_package
    os.rename(os.path.join(self.zip_path, exe_path), self.executable_path)
FileExistsError: [WinError 183] Cannot create a file when that file already exists: 'C:\\laragon\\www\\dapokalsel\\sekolah\\~\\appdata\\roaming\\undetected_chromedriver\\undetected\\chromedriver-win32\\chromedriver.exe' -> 'C:\\laragon\\www\\dapokalsel\\sekolah\\~\\appdata\\roaming\\undetected_chromedriver\\undetected_chromedriver.exe'
2025-10-26 22:13:49,879 - ERROR - Error on attempt 243: Failed to setup driver
Traceback (most recent call last):
  File "C:\laragon\www\dapokalsel\sekolah\import_url_kabupaten.pyw", line 388, in process_url_induk
    logger.warning(f"Row {idx} missing data: kode={kode}, nama={nama}, url={full_url}")
Exception: Failed to setup driver
2025-10-26 22:13:49,879 - INFO - Retry attempt 244/300...
2025-10-26 22:14:04,880 - INFO - Setting up Chrome driver...
2025-10-26 22:14:04,881 - INFO - Using profile directory: C:\laragon\www\dapokalsel\chrome_profile
2025-10-26 22:14:04,881 - INFO - Initializing undetected Chrome driver...
2025-10-26 22:14:12,298 - INFO - patching driver executable C:\laragon\www\dapokalsel\sekolah\~\appdata\roaming\undetected_chromedriver\undetected_chromedriver.exe
2025-10-26 22:14:12,402 - ERROR - Failed to setup driver: Binary Location Must be a String
Traceback (most recent call last):
  File "C:\laragon\www\dapokalsel\sekolah\import_url_kabupaten.pyw", line 92, in setup_driver
    temp_dir = tempfile.gettempdir()
  File "C:\laragon\bin\python\python-3.10\lib\site-packages\undetected_chromedriver\__init__.py", line 372, in __init__
    options.binary_location = (
  File "C:\laragon\bin\python\python-3.10\lib\site-packages\selenium\webdriver\chromium\options.py", line 52, in binary_location
    raise TypeError(self.BINARY_LOCATION_ERROR)
TypeError: Binary Location Must be a String
2025-10-26 22:14:12,402 - ERROR - Error on attempt 244: Failed to setup driver
Traceback (most recent call last):
  File "C:\laragon\www\dapokalsel\sekolah\import_url_kabupaten.pyw", line 388, in process_url_induk
    logger.warning(f"Row {idx} missing data: kode={kode}, nama={nama}, url={full_url}")
Exception: Failed to setup driver
2025-10-26 22:14:12,403 - INFO - Retry attempt 245/300...
2025-10-26 22:14:27,408 - INFO - Setting up Chrome driver...
2025-10-26 22:14:27,408 - INFO - Using profile directory: C:\laragon\www\dapokalsel\chrome_profile
2025-10-26 22:14:27,408 - INFO - Initializing undetected Chrome driver...
2025-10-26 22:14:34,679 - ERROR - Failed to setup driver: [WinError 183] Cannot create a file when that file already exists: 'C:\\laragon\\www\\dapokalsel\\sekolah\\~\\appdata\\roaming\\undetected_chromedriver\\undetected\\chromedriver-win32\\chromedriver.exe' -> 'C:\\laragon\\www\\dapokalsel\\sekolah\\~\\appdata\\roaming\\undetected_chromedriver\\undetected_chromedriver.exe'
Traceback (most recent call last):
  File "C:\laragon\www\dapokalsel\sekolah\import_url_kabupaten.pyw", line 92, in setup_driver
    temp_dir = tempfile.gettempdir()
  File "C:\laragon\bin\python\python-3.10\lib\site-packages\undetected_chromedriver\__init__.py", line 258, in __init__
    self.patcher.auto()
  File "C:\laragon\bin\python\python-3.10\lib\site-packages\undetected_chromedriver\patcher.py", line 178, in auto
    self.unzip_package(self.fetch_package())
  File "C:\laragon\bin\python\python-3.10\lib\site-packages\undetected_chromedriver\patcher.py", line 310, in unzip_package
    os.rename(os.path.join(self.zip_path, exe_path), self.executable_path)
FileExistsError: [WinError 183] Cannot create a file when that file already exists: 'C:\\laragon\\www\\dapokalsel\\sekolah\\~\\appdata\\roaming\\undetected_chromedriver\\undetected\\chromedriver-win32\\chromedriver.exe' -> 'C:\\laragon\\www\\dapokalsel\\sekolah\\~\\appdata\\roaming\\undetected_chromedriver\\undetected_chromedriver.exe'
2025-10-26 22:14:34,680 - ERROR - Error on attempt 245: Failed to setup driver
Traceback (most recent call last):
  File "C:\laragon\www\dapokalsel\sekolah\import_url_kabupaten.pyw", line 388, in process_url_induk
    logger.warning(f"Row {idx} missing data: kode={kode}, nama={nama}, url={full_url}")
Exception: Failed to setup driver
2025-10-26 22:14:34,680 - INFO - Retry attempt 246/300...
2025-10-26 22:14:49,688 - INFO - Setting up Chrome driver...
2025-10-26 22:14:49,688 - INFO - Using profile directory: C:\laragon\www\dapokalsel\chrome_profile
2025-10-26 22:14:49,688 - INFO - Initializing undetected Chrome driver...
2025-10-26 22:14:55,392 - INFO - patching driver executable C:\laragon\www\dapokalsel\sekolah\~\appdata\roaming\undetected_chromedriver\undetected_chromedriver.exe
2025-10-26 22:14:55,499 - ERROR - Failed to setup driver: Binary Location Must be a String
Traceback (most recent call last):
  File "C:\laragon\www\dapokalsel\sekolah\import_url_kabupaten.pyw", line 92, in setup_driver
    temp_dir = tempfile.gettempdir()
  File "C:\laragon\bin\python\python-3.10\lib\site-packages\undetected_chromedriver\__init__.py", line 372, in __init__
    options.binary_location = (
  File "C:\laragon\bin\python\python-3.10\lib\site-packages\selenium\webdriver\chromium\options.py", line 52, in binary_location
    raise TypeError(self.BINARY_LOCATION_ERROR)
TypeError: Binary Location Must be a String
2025-10-26 22:14:55,500 - ERROR - Error on attempt 246: Failed to setup driver
Traceback (most recent call last):
  File "C:\laragon\www\dapokalsel\sekolah\import_url_kabupaten.pyw", line 388, in process_url_induk
    logger.warning(f"Row {idx} missing data: kode={kode}, nama={nama}, url={full_url}")
Exception: Failed to setup driver
2025-10-26 22:14:55,500 - INFO - Retry attempt 247/300...
2025-10-26 22:15:10,508 - INFO - Setting up Chrome driver...
2025-10-26 22:15:10,512 - INFO - Using profile directory: C:\laragon\www\dapokalsel\chrome_profile
2025-10-26 22:15:10,513 - INFO - Initializing undetected Chrome driver...
2025-10-26 22:15:22,276 - ERROR - Failed to setup driver: [WinError 183] Cannot create a file when that file already exists: 'C:\\laragon\\www\\dapokalsel\\sekolah\\~\\appdata\\roaming\\undetected_chromedriver\\undetected\\chromedriver-win32\\chromedriver.exe' -> 'C:\\laragon\\www\\dapokalsel\\sekolah\\~\\appdata\\roaming\\undetected_chromedriver\\undetected_chromedriver.exe'
Traceback (most recent call last):
  File "C:\laragon\www\dapokalsel\sekolah\import_url_kabupaten.pyw", line 92, in setup_driver
    temp_dir = tempfile.gettempdir()
  File "C:\laragon\bin\python\python-3.10\lib\site-packages\undetected_chromedriver\__init__.py", line 258, in __init__
    self.patcher.auto()
  File "C:\laragon\bin\python\python-3.10\lib\site-packages\undetected_chromedriver\patcher.py", line 178, in auto
    self.unzip_package(self.fetch_package())
  File "C:\laragon\bin\python\python-3.10\lib\site-packages\undetected_chromedriver\patcher.py", line 310, in unzip_package
    os.rename(os.path.join(self.zip_path, exe_path), self.executable_path)
FileExistsError: [WinError 183] Cannot create a file when that file already exists: 'C:\\laragon\\www\\dapokalsel\\sekolah\\~\\appdata\\roaming\\undetected_chromedriver\\undetected\\chromedriver-win32\\chromedriver.exe' -> 'C:\\laragon\\www\\dapokalsel\\sekolah\\~\\appdata\\roaming\\undetected_chromedriver\\undetected_chromedriver.exe'
2025-10-26 22:15:22,276 - ERROR - Error on attempt 247: Failed to setup driver
Traceback (most recent call last):
  File "C:\laragon\www\dapokalsel\sekolah\import_url_kabupaten.pyw", line 388, in process_url_induk
    logger.warning(f"Row {idx} missing data: kode={kode}, nama={nama}, url={full_url}")
Exception: Failed to setup driver
2025-10-26 22:15:22,276 - INFO - Retry attempt 248/300...
2025-10-26 22:15:37,277 - INFO - Setting up Chrome driver...
2025-10-26 22:15:37,277 - INFO - Using profile directory: C:\laragon\www\dapokalsel\chrome_profile
2025-10-26 22:15:37,277 - INFO - Initializing undetected Chrome driver...
2025-10-26 22:15:50,225 - INFO - patching driver executable C:\laragon\www\dapokalsel\sekolah\~\appdata\roaming\undetected_chromedriver\undetected_chromedriver.exe
2025-10-26 22:15:50,392 - ERROR - Failed to setup driver: Binary Location Must be a String
Traceback (most recent call last):
  File "C:\laragon\www\dapokalsel\sekolah\import_url_kabupaten.pyw", line 92, in setup_driver
    temp_dir = tempfile.gettempdir()
  File "C:\laragon\bin\python\python-3.10\lib\site-packages\undetected_chromedriver\__init__.py", line 372, in __init__
    options.binary_location = (
  File "C:\laragon\bin\python\python-3.10\lib\site-packages\selenium\webdriver\chromium\options.py", line 52, in binary_location
    raise TypeError(self.BINARY_LOCATION_ERROR)
TypeError: Binary Location Must be a String
2025-10-26 22:15:50,392 - ERROR - Error on attempt 248: Failed to setup driver
Traceback (most recent call last):
  File "C:\laragon\www\dapokalsel\sekolah\import_url_kabupaten.pyw", line 388, in process_url_induk
    logger.warning(f"Row {idx} missing data: kode={kode}, nama={nama}, url={full_url}")
Exception: Failed to setup driver
2025-10-26 22:15:50,392 - INFO - Retry attempt 249/300...
2025-10-26 22:16:05,407 - INFO - Setting up Chrome driver...
2025-10-26 22:16:05,407 - INFO - Using profile directory: C:\laragon\www\dapokalsel\chrome_profile
2025-10-26 22:16:05,407 - INFO - Initializing undetected Chrome driver...
2025-10-26 22:16:15,163 - ERROR - Failed to setup driver: [WinError 183] Cannot create a file when that file already exists: 'C:\\laragon\\www\\dapokalsel\\sekolah\\~\\appdata\\roaming\\undetected_chromedriver\\undetected\\chromedriver-win32\\chromedriver.exe' -> 'C:\\laragon\\www\\dapokalsel\\sekolah\\~\\appdata\\roaming\\undetected_chromedriver\\undetected_chromedriver.exe'
Traceback (most recent call last):
  File "C:\laragon\www\dapokalsel\sekolah\import_url_kabupaten.pyw", line 92, in setup_driver
    temp_dir = tempfile.gettempdir()
  File "C:\laragon\bin\python\python-3.10\lib\site-packages\undetected_chromedriver\__init__.py", line 258, in __init__
    self.patcher.auto()
  File "C:\laragon\bin\python\python-3.10\lib\site-packages\undetected_chromedriver\patcher.py", line 178, in auto
    self.unzip_package(self.fetch_package())
  File "C:\laragon\bin\python\python-3.10\lib\site-packages\undetected_chromedriver\patcher.py", line 310, in unzip_package
    os.rename(os.path.join(self.zip_path, exe_path), self.executable_path)
FileExistsError: [WinError 183] Cannot create a file when that file already exists: 'C:\\laragon\\www\\dapokalsel\\sekolah\\~\\appdata\\roaming\\undetected_chromedriver\\undetected\\chromedriver-win32\\chromedriver.exe' -> 'C:\\laragon\\www\\dapokalsel\\sekolah\\~\\appdata\\roaming\\undetected_chromedriver\\undetected_chromedriver.exe'
2025-10-26 22:16:15,164 - ERROR - Error on attempt 249: Failed to setup driver
Traceback (most recent call last):
  File "C:\laragon\www\dapokalsel\sekolah\import_url_kabupaten.pyw", line 388, in process_url_induk
    logger.warning(f"Row {idx} missing data: kode={kode}, nama={nama}, url={full_url}")
Exception: Failed to setup driver
2025-10-26 22:16:15,165 - INFO - Retry attempt 250/300...
2025-10-26 22:16:30,171 - INFO - Setting up Chrome driver...
2025-10-26 22:16:30,176 - INFO - Using profile directory: C:\laragon\www\dapokalsel\chrome_profile
2025-10-26 22:16:30,176 - INFO - Initializing undetected Chrome driver...
2025-10-26 22:16:36,064 - INFO - patching driver executable C:\laragon\www\dapokalsel\sekolah\~\appdata\roaming\undetected_chromedriver\undetected_chromedriver.exe
2025-10-26 22:16:36,155 - ERROR - Failed to setup driver: Binary Location Must be a String
Traceback (most recent call last):
  File "C:\laragon\www\dapokalsel\sekolah\import_url_kabupaten.pyw", line 92, in setup_driver
    temp_dir = tempfile.gettempdir()
  File "C:\laragon\bin\python\python-3.10\lib\site-packages\undetected_chromedriver\__init__.py", line 372, in __init__
    options.binary_location = (
  File "C:\laragon\bin\python\python-3.10\lib\site-packages\selenium\webdriver\chromium\options.py", line 52, in binary_location
    raise TypeError(self.BINARY_LOCATION_ERROR)
TypeError: Binary Location Must be a String
2025-10-26 22:16:36,155 - ERROR - Error on attempt 250: Failed to setup driver
Traceback (most recent call last):
  File "C:\laragon\www\dapokalsel\sekolah\import_url_kabupaten.pyw", line 388, in process_url_induk
    logger.warning(f"Row {idx} missing data: kode={kode}, nama={nama}, url={full_url}")
Exception: Failed to setup driver
2025-10-26 22:16:36,155 - INFO - Retry attempt 251/300...
2025-10-26 22:16:51,156 - INFO - Setting up Chrome driver...
2025-10-26 22:16:51,157 - INFO - Using profile directory: C:\laragon\www\dapokalsel\chrome_profile
2025-10-26 22:16:51,158 - INFO - Initializing undetected Chrome driver...
2025-10-26 22:16:59,099 - ERROR - Failed to setup driver: [WinError 183] Cannot create a file when that file already exists: 'C:\\laragon\\www\\dapokalsel\\sekolah\\~\\appdata\\roaming\\undetected_chromedriver\\undetected\\chromedriver-win32\\chromedriver.exe' -> 'C:\\laragon\\www\\dapokalsel\\sekolah\\~\\appdata\\roaming\\undetected_chromedriver\\undetected_chromedriver.exe'
Traceback (most recent call last):
  File "C:\laragon\www\dapokalsel\sekolah\import_url_kabupaten.pyw", line 92, in setup_driver
    temp_dir = tempfile.gettempdir()
  File "C:\laragon\bin\python\python-3.10\lib\site-packages\undetected_chromedriver\__init__.py", line 258, in __init__
    self.patcher.auto()
  File "C:\laragon\bin\python\python-3.10\lib\site-packages\undetected_chromedriver\patcher.py", line 178, in auto
    self.unzip_package(self.fetch_package())
  File "C:\laragon\bin\python\python-3.10\lib\site-packages\undetected_chromedriver\patcher.py", line 310, in unzip_package
    os.rename(os.path.join(self.zip_path, exe_path), self.executable_path)
FileExistsError: [WinError 183] Cannot create a file when that file already exists: 'C:\\laragon\\www\\dapokalsel\\sekolah\\~\\appdata\\roaming\\undetected_chromedriver\\undetected\\chromedriver-win32\\chromedriver.exe' -> 'C:\\laragon\\www\\dapokalsel\\sekolah\\~\\appdata\\roaming\\undetected_chromedriver\\undetected_chromedriver.exe'
2025-10-26 22:16:59,101 - ERROR - Error on attempt 251: Failed to setup driver
Traceback (most recent call last):
  File "C:\laragon\www\dapokalsel\sekolah\import_url_kabupaten.pyw", line 388, in process_url_induk
    logger.warning(f"Row {idx} missing data: kode={kode}, nama={nama}, url={full_url}")
Exception: Failed to setup driver
2025-10-26 22:16:59,102 - INFO - Retry attempt 252/300...
2025-10-26 22:17:14,106 - INFO - Setting up Chrome driver...
2025-10-26 22:17:14,107 - INFO - Using profile directory: C:\laragon\www\dapokalsel\chrome_profile
2025-10-26 22:17:14,107 - INFO - Initializing undetected Chrome driver...
2025-10-26 22:17:22,253 - INFO - patching driver executable C:\laragon\www\dapokalsel\sekolah\~\appdata\roaming\undetected_chromedriver\undetected_chromedriver.exe
2025-10-26 22:17:22,337 - ERROR - Failed to setup driver: Binary Location Must be a String
Traceback (most recent call last):
  File "C:\laragon\www\dapokalsel\sekolah\import_url_kabupaten.pyw", line 92, in setup_driver
    temp_dir = tempfile.gettempdir()
  File "C:\laragon\bin\python\python-3.10\lib\site-packages\undetected_chromedriver\__init__.py", line 372, in __init__
    options.binary_location = (
  File "C:\laragon\bin\python\python-3.10\lib\site-packages\selenium\webdriver\chromium\options.py", line 52, in binary_location
    raise TypeError(self.BINARY_LOCATION_ERROR)
TypeError: Binary Location Must be a String
2025-10-26 22:17:22,337 - ERROR - Error on attempt 252: Failed to setup driver
Traceback (most recent call last):
  File "C:\laragon\www\dapokalsel\sekolah\import_url_kabupaten.pyw", line 388, in process_url_induk
    logger.warning(f"Row {idx} missing data: kode={kode}, nama={nama}, url={full_url}")
Exception: Failed to setup driver
2025-10-26 22:17:22,337 - INFO - Retry attempt 253/300...
2025-10-26 22:17:37,338 - INFO - Setting up Chrome driver...
2025-10-26 22:17:37,338 - INFO - Using profile directory: C:\laragon\www\dapokalsel\chrome_profile
2025-10-26 22:17:37,338 - INFO - Initializing undetected Chrome driver...
2025-10-26 22:17:44,641 - INFO - patching driver executable C:\laragon\www\dapokalsel\sekolah\~\appdata\roaming\undetected_chromedriver\undetected_chromedriver.exe
2025-10-26 22:17:44,718 - ERROR - Failed to setup driver: Binary Location Must be a String
Traceback (most recent call last):
  File "C:\laragon\www\dapokalsel\sekolah\import_url_kabupaten.pyw", line 92, in setup_driver
    temp_dir = tempfile.gettempdir()
  File "C:\laragon\bin\python\python-3.10\lib\site-packages\undetected_chromedriver\__init__.py", line 372, in __init__
    options.binary_location = (
  File "C:\laragon\bin\python\python-3.10\lib\site-packages\selenium\webdriver\chromium\options.py", line 52, in binary_location
    raise TypeError(self.BINARY_LOCATION_ERROR)
TypeError: Binary Location Must be a String
2025-10-26 22:17:44,718 - ERROR - Error on attempt 253: Failed to setup driver
Traceback (most recent call last):
  File "C:\laragon\www\dapokalsel\sekolah\import_url_kabupaten.pyw", line 388, in process_url_induk
    logger.warning(f"Row {idx} missing data: kode={kode}, nama={nama}, url={full_url}")
Exception: Failed to setup driver
2025-10-26 22:17:44,718 - INFO - Retry attempt 254/300...
2025-10-26 22:17:59,718 - INFO - Setting up Chrome driver...
2025-10-26 22:17:59,719 - INFO - Using profile directory: C:\laragon\www\dapokalsel\chrome_profile
2025-10-26 22:17:59,719 - INFO - Initializing undetected Chrome driver...
2025-10-26 22:18:09,438 - INFO - patching driver executable C:\laragon\www\dapokalsel\sekolah\~\appdata\roaming\undetected_chromedriver\undetected_chromedriver.exe
2025-10-26 22:18:09,547 - ERROR - Failed to setup driver: Binary Location Must be a String
Traceback (most recent call last):
  File "C:\laragon\www\dapokalsel\sekolah\import_url_kabupaten.pyw", line 92, in setup_driver
    temp_dir = tempfile.gettempdir()
  File "C:\laragon\bin\python\python-3.10\lib\site-packages\undetected_chromedriver\__init__.py", line 372, in __init__
    options.binary_location = (
  File "C:\laragon\bin\python\python-3.10\lib\site-packages\selenium\webdriver\chromium\options.py", line 52, in binary_location
    raise TypeError(self.BINARY_LOCATION_ERROR)
TypeError: Binary Location Must be a String
2025-10-26 22:18:09,547 - ERROR - Error on attempt 254: Failed to setup driver
Traceback (most recent call last):
  File "C:\laragon\www\dapokalsel\sekolah\import_url_kabupaten.pyw", line 388, in process_url_induk
    logger.warning(f"Row {idx} missing data: kode={kode}, nama={nama}, url={full_url}")
Exception: Failed to setup driver
2025-10-26 22:18:09,547 - INFO - Retry attempt 255/300...
2025-10-26 22:18:24,548 - INFO - Setting up Chrome driver...
2025-10-26 22:18:24,550 - INFO - Using profile directory: C:\laragon\www\dapokalsel\chrome_profile
2025-10-26 22:18:24,551 - INFO - Initializing undetected Chrome driver...
2025-10-26 22:18:44,516 - ERROR - Failed to setup driver: [WinError 183] Cannot create a file when that file already exists: 'C:\\laragon\\www\\dapokalsel\\sekolah\\~\\appdata\\roaming\\undetected_chromedriver\\undetected\\chromedriver-win32\\chromedriver.exe' -> 'C:\\laragon\\www\\dapokalsel\\sekolah\\~\\appdata\\roaming\\undetected_chromedriver\\undetected_chromedriver.exe'
Traceback (most recent call last):
  File "C:\laragon\www\dapokalsel\sekolah\import_url_kabupaten.pyw", line 92, in setup_driver
    temp_dir = tempfile.gettempdir()
  File "C:\laragon\bin\python\python-3.10\lib\site-packages\undetected_chromedriver\__init__.py", line 258, in __init__
    self.patcher.auto()
  File "C:\laragon\bin\python\python-3.10\lib\site-packages\undetected_chromedriver\patcher.py", line 178, in auto
    self.unzip_package(self.fetch_package())
  File "C:\laragon\bin\python\python-3.10\lib\site-packages\undetected_chromedriver\patcher.py", line 310, in unzip_package
    os.rename(os.path.join(self.zip_path, exe_path), self.executable_path)
FileExistsError: [WinError 183] Cannot create a file when that file already exists: 'C:\\laragon\\www\\dapokalsel\\sekolah\\~\\appdata\\roaming\\undetected_chromedriver\\undetected\\chromedriver-win32\\chromedriver.exe' -> 'C:\\laragon\\www\\dapokalsel\\sekolah\\~\\appdata\\roaming\\undetected_chromedriver\\undetected_chromedriver.exe'
2025-10-26 22:18:44,516 - ERROR - Error on attempt 255: Failed to setup driver
Traceback (most recent call last):
  File "C:\laragon\www\dapokalsel\sekolah\import_url_kabupaten.pyw", line 388, in process_url_induk
    logger.warning(f"Row {idx} missing data: kode={kode}, nama={nama}, url={full_url}")
Exception: Failed to setup driver
2025-10-26 22:18:44,516 - INFO - Retry attempt 256/300...
2025-10-26 22:18:59,523 - INFO - Setting up Chrome driver...
2025-10-26 22:18:59,523 - INFO - Using profile directory: C:\laragon\www\dapokalsel\chrome_profile
2025-10-26 22:18:59,523 - INFO - Initializing undetected Chrome driver...
2025-10-26 22:19:04,615 - INFO - patching driver executable C:\laragon\www\dapokalsel\sekolah\~\appdata\roaming\undetected_chromedriver\undetected_chromedriver.exe
2025-10-26 22:19:04,747 - ERROR - Failed to setup driver: Binary Location Must be a String
Traceback (most recent call last):
  File "C:\laragon\www\dapokalsel\sekolah\import_url_kabupaten.pyw", line 92, in setup_driver
    temp_dir = tempfile.gettempdir()
  File "C:\laragon\bin\python\python-3.10\lib\site-packages\undetected_chromedriver\__init__.py", line 372, in __init__
    options.binary_location = (
  File "C:\laragon\bin\python\python-3.10\lib\site-packages\selenium\webdriver\chromium\options.py", line 52, in binary_location
    raise TypeError(self.BINARY_LOCATION_ERROR)
TypeError: Binary Location Must be a String
2025-10-26 22:19:04,747 - ERROR - Error on attempt 256: Failed to setup driver
Traceback (most recent call last):
  File "C:\laragon\www\dapokalsel\sekolah\import_url_kabupaten.pyw", line 388, in process_url_induk
    logger.warning(f"Row {idx} missing data: kode={kode}, nama={nama}, url={full_url}")
Exception: Failed to setup driver
2025-10-26 22:19:04,747 - INFO - Retry attempt 257/300...
2025-10-26 22:19:19,760 - INFO - Setting up Chrome driver...
2025-10-26 22:19:19,760 - INFO - Using profile directory: C:\laragon\www\dapokalsel\chrome_profile
2025-10-26 22:19:19,760 - INFO - Initializing undetected Chrome driver...
2025-10-26 22:19:30,213 - ERROR - Failed to setup driver: [WinError 183] Cannot create a file when that file already exists: 'C:\\laragon\\www\\dapokalsel\\sekolah\\~\\appdata\\roaming\\undetected_chromedriver\\undetected\\chromedriver-win32\\chromedriver.exe' -> 'C:\\laragon\\www\\dapokalsel\\sekolah\\~\\appdata\\roaming\\undetected_chromedriver\\undetected_chromedriver.exe'
Traceback (most recent call last):
  File "C:\laragon\www\dapokalsel\sekolah\import_url_kabupaten.pyw", line 92, in setup_driver
    temp_dir = tempfile.gettempdir()
  File "C:\laragon\bin\python\python-3.10\lib\site-packages\undetected_chromedriver\__init__.py", line 258, in __init__
    self.patcher.auto()
  File "C:\laragon\bin\python\python-3.10\lib\site-packages\undetected_chromedriver\patcher.py", line 178, in auto
    self.unzip_package(self.fetch_package())
  File "C:\laragon\bin\python\python-3.10\lib\site-packages\undetected_chromedriver\patcher.py", line 310, in unzip_package
    os.rename(os.path.join(self.zip_path, exe_path), self.executable_path)
FileExistsError: [WinError 183] Cannot create a file when that file already exists: 'C:\\laragon\\www\\dapokalsel\\sekolah\\~\\appdata\\roaming\\undetected_chromedriver\\undetected\\chromedriver-win32\\chromedriver.exe' -> 'C:\\laragon\\www\\dapokalsel\\sekolah\\~\\appdata\\roaming\\undetected_chromedriver\\undetected_chromedriver.exe'
2025-10-26 22:19:30,213 - ERROR - Error on attempt 257: Failed to setup driver
Traceback (most recent call last):
  File "C:\laragon\www\dapokalsel\sekolah\import_url_kabupaten.pyw", line 388, in process_url_induk
    logger.warning(f"Row {idx} missing data: kode={kode}, nama={nama}, url={full_url}")
Exception: Failed to setup driver
2025-10-26 22:19:30,213 - INFO - Retry attempt 258/300...
2025-10-26 22:19:45,213 - INFO - Setting up Chrome driver...
2025-10-26 22:19:45,213 - INFO - Using profile directory: C:\laragon\www\dapokalsel\chrome_profile
2025-10-26 22:19:45,214 - INFO - Initializing undetected Chrome driver...
2025-10-26 22:19:51,806 - INFO - patching driver executable C:\laragon\www\dapokalsel\sekolah\~\appdata\roaming\undetected_chromedriver\undetected_chromedriver.exe
2025-10-26 22:19:51,908 - ERROR - Failed to setup driver: Binary Location Must be a String
Traceback (most recent call last):
  File "C:\laragon\www\dapokalsel\sekolah\import_url_kabupaten.pyw", line 92, in setup_driver
    temp_dir = tempfile.gettempdir()
  File "C:\laragon\bin\python\python-3.10\lib\site-packages\undetected_chromedriver\__init__.py", line 372, in __init__
    options.binary_location = (
  File "C:\laragon\bin\python\python-3.10\lib\site-packages\selenium\webdriver\chromium\options.py", line 52, in binary_location
    raise TypeError(self.BINARY_LOCATION_ERROR)
TypeError: Binary Location Must be a String
2025-10-26 22:19:51,908 - ERROR - Error on attempt 258: Failed to setup driver
Traceback (most recent call last):
  File "C:\laragon\www\dapokalsel\sekolah\import_url_kabupaten.pyw", line 388, in process_url_induk
    logger.warning(f"Row {idx} missing data: kode={kode}, nama={nama}, url={full_url}")
Exception: Failed to setup driver
2025-10-26 22:19:51,908 - INFO - Retry attempt 259/300...
2025-10-26 22:20:06,909 - INFO - Setting up Chrome driver...
2025-10-26 22:20:06,910 - INFO - Using profile directory: C:\laragon\www\dapokalsel\chrome_profile
2025-10-26 22:20:06,911 - INFO - Initializing undetected Chrome driver...
2025-10-26 22:20:20,809 - ERROR - Failed to setup driver: [WinError 183] Cannot create a file when that file already exists: 'C:\\laragon\\www\\dapokalsel\\sekolah\\~\\appdata\\roaming\\undetected_chromedriver\\undetected\\chromedriver-win32\\chromedriver.exe' -> 'C:\\laragon\\www\\dapokalsel\\sekolah\\~\\appdata\\roaming\\undetected_chromedriver\\undetected_chromedriver.exe'
Traceback (most recent call last):
  File "C:\laragon\www\dapokalsel\sekolah\import_url_kabupaten.pyw", line 92, in setup_driver
    temp_dir = tempfile.gettempdir()
  File "C:\laragon\bin\python\python-3.10\lib\site-packages\undetected_chromedriver\__init__.py", line 258, in __init__
    self.patcher.auto()
  File "C:\laragon\bin\python\python-3.10\lib\site-packages\undetected_chromedriver\patcher.py", line 178, in auto
    self.unzip_package(self.fetch_package())
  File "C:\laragon\bin\python\python-3.10\lib\site-packages\undetected_chromedriver\patcher.py", line 310, in unzip_package
    os.rename(os.path.join(self.zip_path, exe_path), self.executable_path)
FileExistsError: [WinError 183] Cannot create a file when that file already exists: 'C:\\laragon\\www\\dapokalsel\\sekolah\\~\\appdata\\roaming\\undetected_chromedriver\\undetected\\chromedriver-win32\\chromedriver.exe' -> 'C:\\laragon\\www\\dapokalsel\\sekolah\\~\\appdata\\roaming\\undetected_chromedriver\\undetected_chromedriver.exe'
2025-10-26 22:20:20,810 - ERROR - Error on attempt 259: Failed to setup driver
Traceback (most recent call last):
  File "C:\laragon\www\dapokalsel\sekolah\import_url_kabupaten.pyw", line 388, in process_url_induk
    logger.warning(f"Row {idx} missing data: kode={kode}, nama={nama}, url={full_url}")
Exception: Failed to setup driver
2025-10-26 22:20:20,810 - INFO - Retry attempt 260/300...
2025-10-26 22:20:35,813 - INFO - Setting up Chrome driver...
2025-10-26 22:20:35,813 - INFO - Using profile directory: C:\laragon\www\dapokalsel\chrome_profile
2025-10-26 22:20:35,813 - INFO - Initializing undetected Chrome driver...
2025-10-26 22:20:46,309 - INFO - patching driver executable C:\laragon\www\dapokalsel\sekolah\~\appdata\roaming\undetected_chromedriver\undetected_chromedriver.exe
2025-10-26 22:20:46,408 - ERROR - Failed to setup driver: Binary Location Must be a String
Traceback (most recent call last):
  File "C:\laragon\www\dapokalsel\sekolah\import_url_kabupaten.pyw", line 92, in setup_driver
    temp_dir = tempfile.gettempdir()
  File "C:\laragon\bin\python\python-3.10\lib\site-packages\undetected_chromedriver\__init__.py", line 372, in __init__
    options.binary_location = (
  File "C:\laragon\bin\python\python-3.10\lib\site-packages\selenium\webdriver\chromium\options.py", line 52, in binary_location
    raise TypeError(self.BINARY_LOCATION_ERROR)
TypeError: Binary Location Must be a String
2025-10-26 22:20:46,408 - ERROR - Error on attempt 260: Failed to setup driver
Traceback (most recent call last):
  File "C:\laragon\www\dapokalsel\sekolah\import_url_kabupaten.pyw", line 388, in process_url_induk
    logger.warning(f"Row {idx} missing data: kode={kode}, nama={nama}, url={full_url}")
Exception: Failed to setup driver
2025-10-26 22:20:46,408 - INFO - Retry attempt 261/300...
2025-10-26 22:21:01,409 - INFO - Setting up Chrome driver...
2025-10-26 22:21:01,409 - INFO - Using profile directory: C:\laragon\www\dapokalsel\chrome_profile
2025-10-26 22:21:01,409 - INFO - Initializing undetected Chrome driver...
2025-10-26 22:21:13,881 - ERROR - Failed to setup driver: [WinError 183] Cannot create a file when that file already exists: 'C:\\laragon\\www\\dapokalsel\\sekolah\\~\\appdata\\roaming\\undetected_chromedriver\\undetected\\chromedriver-win32\\chromedriver.exe' -> 'C:\\laragon\\www\\dapokalsel\\sekolah\\~\\appdata\\roaming\\undetected_chromedriver\\undetected_chromedriver.exe'
Traceback (most recent call last):
  File "C:\laragon\www\dapokalsel\sekolah\import_url_kabupaten.pyw", line 92, in setup_driver
    temp_dir = tempfile.gettempdir()
  File "C:\laragon\bin\python\python-3.10\lib\site-packages\undetected_chromedriver\__init__.py", line 258, in __init__
    self.patcher.auto()
  File "C:\laragon\bin\python\python-3.10\lib\site-packages\undetected_chromedriver\patcher.py", line 178, in auto
    self.unzip_package(self.fetch_package())
  File "C:\laragon\bin\python\python-3.10\lib\site-packages\undetected_chromedriver\patcher.py", line 310, in unzip_package
    os.rename(os.path.join(self.zip_path, exe_path), self.executable_path)
FileExistsError: [WinError 183] Cannot create a file when that file already exists: 'C:\\laragon\\www\\dapokalsel\\sekolah\\~\\appdata\\roaming\\undetected_chromedriver\\undetected\\chromedriver-win32\\chromedriver.exe' -> 'C:\\laragon\\www\\dapokalsel\\sekolah\\~\\appdata\\roaming\\undetected_chromedriver\\undetected_chromedriver.exe'
2025-10-26 22:21:13,881 - ERROR - Error on attempt 261: Failed to setup driver
Traceback (most recent call last):
  File "C:\laragon\www\dapokalsel\sekolah\import_url_kabupaten.pyw", line 388, in process_url_induk
    logger.warning(f"Row {idx} missing data: kode={kode}, nama={nama}, url={full_url}")
Exception: Failed to setup driver
2025-10-26 22:21:13,881 - INFO - Retry attempt 262/300...
2025-10-26 22:21:28,890 - INFO - Setting up Chrome driver...
2025-10-26 22:21:28,892 - INFO - Using profile directory: C:\laragon\www\dapokalsel\chrome_profile
2025-10-26 22:21:28,894 - INFO - Initializing undetected Chrome driver...
2025-10-26 22:21:33,518 - INFO - patching driver executable C:\laragon\www\dapokalsel\sekolah\~\appdata\roaming\undetected_chromedriver\undetected_chromedriver.exe
2025-10-26 22:21:33,954 - ERROR - Failed to setup driver: Binary Location Must be a String
Traceback (most recent call last):
  File "C:\laragon\www\dapokalsel\sekolah\import_url_kabupaten.pyw", line 92, in setup_driver
    temp_dir = tempfile.gettempdir()
  File "C:\laragon\bin\python\python-3.10\lib\site-packages\undetected_chromedriver\__init__.py", line 372, in __init__
    options.binary_location = (
  File "C:\laragon\bin\python\python-3.10\lib\site-packages\selenium\webdriver\chromium\options.py", line 52, in binary_location
    raise TypeError(self.BINARY_LOCATION_ERROR)
TypeError: Binary Location Must be a String
2025-10-26 22:21:33,956 - ERROR - Error on attempt 262: Failed to setup driver
Traceback (most recent call last):
  File "C:\laragon\www\dapokalsel\sekolah\import_url_kabupaten.pyw", line 388, in process_url_induk
    logger.warning(f"Row {idx} missing data: kode={kode}, nama={nama}, url={full_url}")
Exception: Failed to setup driver
2025-10-26 22:21:33,957 - INFO - Retry attempt 263/300...
2025-10-26 22:21:48,970 - INFO - Setting up Chrome driver...
2025-10-26 22:21:48,971 - INFO - Using profile directory: C:\laragon\www\dapokalsel\chrome_profile
2025-10-26 22:21:48,972 - INFO - Initializing undetected Chrome driver...
2025-10-26 22:21:59,640 - INFO - patching driver executable C:\laragon\www\dapokalsel\sekolah\~\appdata\roaming\undetected_chromedriver\undetected_chromedriver.exe
2025-10-26 22:21:59,766 - ERROR - Failed to setup driver: Binary Location Must be a String
Traceback (most recent call last):
  File "C:\laragon\www\dapokalsel\sekolah\import_url_kabupaten.pyw", line 92, in setup_driver
    temp_dir = tempfile.gettempdir()
  File "C:\laragon\bin\python\python-3.10\lib\site-packages\undetected_chromedriver\__init__.py", line 372, in __init__
    options.binary_location = (
  File "C:\laragon\bin\python\python-3.10\lib\site-packages\selenium\webdriver\chromium\options.py", line 52, in binary_location
    raise TypeError(self.BINARY_LOCATION_ERROR)
TypeError: Binary Location Must be a String
2025-10-26 22:21:59,767 - ERROR - Error on attempt 263: Failed to setup driver
Traceback (most recent call last):
  File "C:\laragon\www\dapokalsel\sekolah\import_url_kabupaten.pyw", line 388, in process_url_induk
    logger.warning(f"Row {idx} missing data: kode={kode}, nama={nama}, url={full_url}")
Exception: Failed to setup driver
2025-10-26 22:21:59,768 - INFO - Retry attempt 264/300...
2025-10-26 22:22:14,770 - INFO - Setting up Chrome driver...
2025-10-26 22:22:14,772 - INFO - Using profile directory: C:\laragon\www\dapokalsel\chrome_profile
2025-10-26 22:22:14,773 - INFO - Initializing undetected Chrome driver...
2025-10-26 22:22:22,273 - ERROR - Failed to setup driver: [WinError 183] Cannot create a file when that file already exists: 'C:\\laragon\\www\\dapokalsel\\sekolah\\~\\appdata\\roaming\\undetected_chromedriver\\undetected\\chromedriver-win32\\chromedriver.exe' -> 'C:\\laragon\\www\\dapokalsel\\sekolah\\~\\appdata\\roaming\\undetected_chromedriver\\undetected_chromedriver.exe'
Traceback (most recent call last):
  File "C:\laragon\www\dapokalsel\sekolah\import_url_kabupaten.pyw", line 92, in setup_driver
    temp_dir = tempfile.gettempdir()
  File "C:\laragon\bin\python\python-3.10\lib\site-packages\undetected_chromedriver\__init__.py", line 258, in __init__
    self.patcher.auto()
  File "C:\laragon\bin\python\python-3.10\lib\site-packages\undetected_chromedriver\patcher.py", line 178, in auto
    self.unzip_package(self.fetch_package())
  File "C:\laragon\bin\python\python-3.10\lib\site-packages\undetected_chromedriver\patcher.py", line 310, in unzip_package
    os.rename(os.path.join(self.zip_path, exe_path), self.executable_path)
FileExistsError: [WinError 183] Cannot create a file when that file already exists: 'C:\\laragon\\www\\dapokalsel\\sekolah\\~\\appdata\\roaming\\undetected_chromedriver\\undetected\\chromedriver-win32\\chromedriver.exe' -> 'C:\\laragon\\www\\dapokalsel\\sekolah\\~\\appdata\\roaming\\undetected_chromedriver\\undetected_chromedriver.exe'
2025-10-26 22:22:22,274 - ERROR - Error on attempt 264: Failed to setup driver
Traceback (most recent call last):
  File "C:\laragon\www\dapokalsel\sekolah\import_url_kabupaten.pyw", line 388, in process_url_induk
    logger.warning(f"Row {idx} missing data: kode={kode}, nama={nama}, url={full_url}")
Exception: Failed to setup driver
2025-10-26 22:22:22,274 - INFO - Retry attempt 265/300...
2025-10-26 22:22:37,279 - INFO - Setting up Chrome driver...
2025-10-26 22:22:37,279 - INFO - Using profile directory: C:\laragon\www\dapokalsel\chrome_profile
2025-10-26 22:22:37,279 - INFO - Initializing undetected Chrome driver...
2025-10-26 22:22:50,452 - ERROR - Failed to setup driver: [WinError 183] Cannot create a file when that file already exists: 'C:\\laragon\\www\\dapokalsel\\sekolah\\~\\appdata\\roaming\\undetected_chromedriver\\undetected\\chromedriver-win32\\chromedriver.exe' -> 'C:\\laragon\\www\\dapokalsel\\sekolah\\~\\appdata\\roaming\\undetected_chromedriver\\undetected_chromedriver.exe'
Traceback (most recent call last):
  File "C:\laragon\www\dapokalsel\sekolah\import_url_kabupaten.pyw", line 92, in setup_driver
    temp_dir = tempfile.gettempdir()
  File "C:\laragon\bin\python\python-3.10\lib\site-packages\undetected_chromedriver\__init__.py", line 258, in __init__
    self.patcher.auto()
  File "C:\laragon\bin\python\python-3.10\lib\site-packages\undetected_chromedriver\patcher.py", line 178, in auto
    self.unzip_package(self.fetch_package())
  File "C:\laragon\bin\python\python-3.10\lib\site-packages\undetected_chromedriver\patcher.py", line 310, in unzip_package
    os.rename(os.path.join(self.zip_path, exe_path), self.executable_path)
FileExistsError: [WinError 183] Cannot create a file when that file already exists: 'C:\\laragon\\www\\dapokalsel\\sekolah\\~\\appdata\\roaming\\undetected_chromedriver\\undetected\\chromedriver-win32\\chromedriver.exe' -> 'C:\\laragon\\www\\dapokalsel\\sekolah\\~\\appdata\\roaming\\undetected_chromedriver\\undetected_chromedriver.exe'
2025-10-26 22:22:50,452 - ERROR - Error on attempt 265: Failed to setup driver
Traceback (most recent call last):
  File "C:\laragon\www\dapokalsel\sekolah\import_url_kabupaten.pyw", line 388, in process_url_induk
    logger.warning(f"Row {idx} missing data: kode={kode}, nama={nama}, url={full_url}")
Exception: Failed to setup driver
2025-10-26 22:22:50,452 - INFO - Retry attempt 266/300...
2025-10-26 22:23:05,462 - INFO - Setting up Chrome driver...
2025-10-26 22:23:05,462 - INFO - Using profile directory: C:\laragon\www\dapokalsel\chrome_profile
2025-10-26 22:23:05,462 - INFO - Initializing undetected Chrome driver...
2025-10-26 22:23:20,967 - ERROR - Failed to setup driver: [WinError 183] Cannot create a file when that file already exists: 'C:\\laragon\\www\\dapokalsel\\sekolah\\~\\appdata\\roaming\\undetected_chromedriver\\undetected\\chromedriver-win32\\chromedriver.exe' -> 'C:\\laragon\\www\\dapokalsel\\sekolah\\~\\appdata\\roaming\\undetected_chromedriver\\undetected_chromedriver.exe'
Traceback (most recent call last):
  File "C:\laragon\www\dapokalsel\sekolah\import_url_kabupaten.pyw", line 92, in setup_driver
    temp_dir = tempfile.gettempdir()
  File "C:\laragon\bin\python\python-3.10\lib\site-packages\undetected_chromedriver\__init__.py", line 258, in __init__
    self.patcher.auto()
  File "C:\laragon\bin\python\python-3.10\lib\site-packages\undetected_chromedriver\patcher.py", line 178, in auto
    self.unzip_package(self.fetch_package())
  File "C:\laragon\bin\python\python-3.10\lib\site-packages\undetected_chromedriver\patcher.py", line 310, in unzip_package
    os.rename(os.path.join(self.zip_path, exe_path), self.executable_path)
FileExistsError: [WinError 183] Cannot create a file when that file already exists: 'C:\\laragon\\www\\dapokalsel\\sekolah\\~\\appdata\\roaming\\undetected_chromedriver\\undetected\\chromedriver-win32\\chromedriver.exe' -> 'C:\\laragon\\www\\dapokalsel\\sekolah\\~\\appdata\\roaming\\undetected_chromedriver\\undetected_chromedriver.exe'
2025-10-26 22:23:20,967 - ERROR - Error on attempt 266: Failed to setup driver
Traceback (most recent call last):
  File "C:\laragon\www\dapokalsel\sekolah\import_url_kabupaten.pyw", line 388, in process_url_induk
    logger.warning(f"Row {idx} missing data: kode={kode}, nama={nama}, url={full_url}")
Exception: Failed to setup driver
2025-10-26 22:23:20,967 - INFO - Retry attempt 267/300...
2025-10-26 22:23:35,970 - INFO - Setting up Chrome driver...
2025-10-26 22:23:35,970 - INFO - Using profile directory: C:\laragon\www\dapokalsel\chrome_profile
2025-10-26 22:23:35,970 - INFO - Initializing undetected Chrome driver...
2025-10-26 22:23:47,955 - ERROR - Failed to setup driver: [WinError 183] Cannot create a file when that file already exists: 'C:\\laragon\\www\\dapokalsel\\sekolah\\~\\appdata\\roaming\\undetected_chromedriver\\undetected\\chromedriver-win32\\chromedriver.exe' -> 'C:\\laragon\\www\\dapokalsel\\sekolah\\~\\appdata\\roaming\\undetected_chromedriver\\undetected_chromedriver.exe'
Traceback (most recent call last):
  File "C:\laragon\www\dapokalsel\sekolah\import_url_kabupaten.pyw", line 92, in setup_driver
    temp_dir = tempfile.gettempdir()
  File "C:\laragon\bin\python\python-3.10\lib\site-packages\undetected_chromedriver\__init__.py", line 258, in __init__
    self.patcher.auto()
  File "C:\laragon\bin\python\python-3.10\lib\site-packages\undetected_chromedriver\patcher.py", line 178, in auto
    self.unzip_package(self.fetch_package())
  File "C:\laragon\bin\python\python-3.10\lib\site-packages\undetected_chromedriver\patcher.py", line 310, in unzip_package
    os.rename(os.path.join(self.zip_path, exe_path), self.executable_path)
FileExistsError: [WinError 183] Cannot create a file when that file already exists: 'C:\\laragon\\www\\dapokalsel\\sekolah\\~\\appdata\\roaming\\undetected_chromedriver\\undetected\\chromedriver-win32\\chromedriver.exe' -> 'C:\\laragon\\www\\dapokalsel\\sekolah\\~\\appdata\\roaming\\undetected_chromedriver\\undetected_chromedriver.exe'
2025-10-26 22:23:47,955 - ERROR - Error on attempt 267: Failed to setup driver
Traceback (most recent call last):
  File "C:\laragon\www\dapokalsel\sekolah\import_url_kabupaten.pyw", line 388, in process_url_induk
    logger.warning(f"Row {idx} missing data: kode={kode}, nama={nama}, url={full_url}")
Exception: Failed to setup driver
2025-10-26 22:23:47,955 - INFO - Retry attempt 268/300...
2025-10-26 22:24:02,962 - INFO - Setting up Chrome driver...
2025-10-26 22:24:02,962 - INFO - Using profile directory: C:\laragon\www\dapokalsel\chrome_profile
2025-10-26 22:24:02,963 - INFO - Initializing undetected Chrome driver...
2025-10-26 22:24:22,663 - ERROR - Failed to setup driver: [WinError 183] Cannot create a file when that file already exists: 'C:\\laragon\\www\\dapokalsel\\sekolah\\~\\appdata\\roaming\\undetected_chromedriver\\undetected\\chromedriver-win32\\chromedriver.exe' -> 'C:\\laragon\\www\\dapokalsel\\sekolah\\~\\appdata\\roaming\\undetected_chromedriver\\undetected_chromedriver.exe'
Traceback (most recent call last):
  File "C:\laragon\www\dapokalsel\sekolah\import_url_kabupaten.pyw", line 92, in setup_driver
    temp_dir = tempfile.gettempdir()
  File "C:\laragon\bin\python\python-3.10\lib\site-packages\undetected_chromedriver\__init__.py", line 258, in __init__
    self.patcher.auto()
  File "C:\laragon\bin\python\python-3.10\lib\site-packages\undetected_chromedriver\patcher.py", line 178, in auto
    self.unzip_package(self.fetch_package())
  File "C:\laragon\bin\python\python-3.10\lib\site-packages\undetected_chromedriver\patcher.py", line 310, in unzip_package
    os.rename(os.path.join(self.zip_path, exe_path), self.executable_path)
FileExistsError: [WinError 183] Cannot create a file when that file already exists: 'C:\\laragon\\www\\dapokalsel\\sekolah\\~\\appdata\\roaming\\undetected_chromedriver\\undetected\\chromedriver-win32\\chromedriver.exe' -> 'C:\\laragon\\www\\dapokalsel\\sekolah\\~\\appdata\\roaming\\undetected_chromedriver\\undetected_chromedriver.exe'
2025-10-26 22:24:22,663 - ERROR - Error on attempt 268: Failed to setup driver
Traceback (most recent call last):
  File "C:\laragon\www\dapokalsel\sekolah\import_url_kabupaten.pyw", line 388, in process_url_induk
    logger.warning(f"Row {idx} missing data: kode={kode}, nama={nama}, url={full_url}")
Exception: Failed to setup driver
2025-10-26 22:24:22,663 - INFO - Retry attempt 269/300...
2025-10-26 22:24:37,672 - INFO - Setting up Chrome driver...
2025-10-26 22:24:37,672 - INFO - Using profile directory: C:\laragon\www\dapokalsel\chrome_profile
2025-10-26 22:24:37,672 - INFO - Initializing undetected Chrome driver...
2025-10-26 22:24:48,068 - ERROR - Failed to setup driver: [WinError 32] The process cannot access the file because it is being used by another process: 'C:\\laragon\\www\\dapokalsel\\sekolah\\~\\appdata\\roaming\\undetected_chromedriver\\undetected\\chromedriver-win32\\chromedriver.exe' -> 'C:\\laragon\\www\\dapokalsel\\sekolah\\~\\appdata\\roaming\\undetected_chromedriver\\undetected_chromedriver.exe'
Traceback (most recent call last):
  File "C:\laragon\www\dapokalsel\sekolah\import_url_kabupaten.pyw", line 92, in setup_driver
    temp_dir = tempfile.gettempdir()
  File "C:\laragon\bin\python\python-3.10\lib\site-packages\undetected_chromedriver\__init__.py", line 258, in __init__
    self.patcher.auto()
  File "C:\laragon\bin\python\python-3.10\lib\site-packages\undetected_chromedriver\patcher.py", line 178, in auto
    self.unzip_package(self.fetch_package())
  File "C:\laragon\bin\python\python-3.10\lib\site-packages\undetected_chromedriver\patcher.py", line 310, in unzip_package
    os.rename(os.path.join(self.zip_path, exe_path), self.executable_path)
PermissionError: [WinError 32] The process cannot access the file because it is being used by another process: 'C:\\laragon\\www\\dapokalsel\\sekolah\\~\\appdata\\roaming\\undetected_chromedriver\\undetected\\chromedriver-win32\\chromedriver.exe' -> 'C:\\laragon\\www\\dapokalsel\\sekolah\\~\\appdata\\roaming\\undetected_chromedriver\\undetected_chromedriver.exe'
2025-10-26 22:24:48,069 - ERROR - Error on attempt 269: Failed to setup driver
Traceback (most recent call last):
  File "C:\laragon\www\dapokalsel\sekolah\import_url_kabupaten.pyw", line 388, in process_url_induk
    logger.warning(f"Row {idx} missing data: kode={kode}, nama={nama}, url={full_url}")
Exception: Failed to setup driver
2025-10-26 22:24:48,069 - INFO - Retry attempt 270/300...
2025-10-26 22:25:03,077 - INFO - Setting up Chrome driver...
2025-10-26 22:25:03,079 - INFO - Using profile directory: C:\laragon\www\dapokalsel\chrome_profile
2025-10-26 22:25:03,080 - INFO - Initializing undetected Chrome driver...
2025-10-26 22:25:11,656 - ERROR - Failed to setup driver: [WinError 183] Cannot create a file when that file already exists: 'C:\\laragon\\www\\dapokalsel\\sekolah\\~\\appdata\\roaming\\undetected_chromedriver\\undetected\\chromedriver-win32\\chromedriver.exe' -> 'C:\\laragon\\www\\dapokalsel\\sekolah\\~\\appdata\\roaming\\undetected_chromedriver\\undetected_chromedriver.exe'
Traceback (most recent call last):
  File "C:\laragon\www\dapokalsel\sekolah\import_url_kabupaten.pyw", line 92, in setup_driver
    temp_dir = tempfile.gettempdir()
  File "C:\laragon\bin\python\python-3.10\lib\site-packages\undetected_chromedriver\__init__.py", line 258, in __init__
    self.patcher.auto()
  File "C:\laragon\bin\python\python-3.10\lib\site-packages\undetected_chromedriver\patcher.py", line 178, in auto
    self.unzip_package(self.fetch_package())
  File "C:\laragon\bin\python\python-3.10\lib\site-packages\undetected_chromedriver\patcher.py", line 310, in unzip_package
    os.rename(os.path.join(self.zip_path, exe_path), self.executable_path)
FileExistsError: [WinError 183] Cannot create a file when that file already exists: 'C:\\laragon\\www\\dapokalsel\\sekolah\\~\\appdata\\roaming\\undetected_chromedriver\\undetected\\chromedriver-win32\\chromedriver.exe' -> 'C:\\laragon\\www\\dapokalsel\\sekolah\\~\\appdata\\roaming\\undetected_chromedriver\\undetected_chromedriver.exe'
2025-10-26 22:25:11,657 - ERROR - Error on attempt 270: Failed to setup driver
Traceback (most recent call last):
  File "C:\laragon\www\dapokalsel\sekolah\import_url_kabupaten.pyw", line 388, in process_url_induk
    logger.warning(f"Row {idx} missing data: kode={kode}, nama={nama}, url={full_url}")
Exception: Failed to setup driver
2025-10-26 22:25:11,657 - INFO - Retry attempt 271/300...
2025-10-26 22:25:26,657 - INFO - Setting up Chrome driver...
2025-10-26 22:25:26,659 - INFO - Using profile directory: C:\laragon\www\dapokalsel\chrome_profile
2025-10-26 22:25:26,659 - INFO - Initializing undetected Chrome driver...
2025-10-26 22:25:38,660 - INFO - patching driver executable C:\laragon\www\dapokalsel\sekolah\~\appdata\roaming\undetected_chromedriver\undetected_chromedriver.exe
2025-10-26 22:25:38,760 - ERROR - Failed to setup driver: Binary Location Must be a String
Traceback (most recent call last):
  File "C:\laragon\www\dapokalsel\sekolah\import_url_kabupaten.pyw", line 92, in setup_driver
    temp_dir = tempfile.gettempdir()
  File "C:\laragon\bin\python\python-3.10\lib\site-packages\undetected_chromedriver\__init__.py", line 372, in __init__
    options.binary_location = (
  File "C:\laragon\bin\python\python-3.10\lib\site-packages\selenium\webdriver\chromium\options.py", line 52, in binary_location
    raise TypeError(self.BINARY_LOCATION_ERROR)
TypeError: Binary Location Must be a String
2025-10-26 22:25:38,760 - ERROR - Error on attempt 271: Failed to setup driver
Traceback (most recent call last):
  File "C:\laragon\www\dapokalsel\sekolah\import_url_kabupaten.pyw", line 388, in process_url_induk
    logger.warning(f"Row {idx} missing data: kode={kode}, nama={nama}, url={full_url}")
Exception: Failed to setup driver
2025-10-26 22:25:38,760 - INFO - Retry attempt 272/300...
2025-10-26 22:25:53,767 - INFO - Setting up Chrome driver...
2025-10-26 22:25:53,767 - INFO - Using profile directory: C:\laragon\www\dapokalsel\chrome_profile
2025-10-26 22:25:53,767 - INFO - Initializing undetected Chrome driver...
2025-10-26 22:26:00,858 - INFO - patching driver executable C:\laragon\www\dapokalsel\sekolah\~\appdata\roaming\undetected_chromedriver\undetected_chromedriver.exe
2025-10-26 22:26:00,942 - ERROR - Failed to setup driver: Binary Location Must be a String
Traceback (most recent call last):
  File "C:\laragon\www\dapokalsel\sekolah\import_url_kabupaten.pyw", line 92, in setup_driver
    temp_dir = tempfile.gettempdir()
  File "C:\laragon\bin\python\python-3.10\lib\site-packages\undetected_chromedriver\__init__.py", line 372, in __init__
    options.binary_location = (
  File "C:\laragon\bin\python\python-3.10\lib\site-packages\selenium\webdriver\chromium\options.py", line 52, in binary_location
    raise TypeError(self.BINARY_LOCATION_ERROR)
TypeError: Binary Location Must be a String
2025-10-26 22:26:00,942 - ERROR - Error on attempt 272: Failed to setup driver
Traceback (most recent call last):
  File "C:\laragon\www\dapokalsel\sekolah\import_url_kabupaten.pyw", line 388, in process_url_induk
    logger.warning(f"Row {idx} missing data: kode={kode}, nama={nama}, url={full_url}")
Exception: Failed to setup driver
2025-10-26 22:26:00,942 - INFO - Retry attempt 273/300...
2025-10-26 22:26:15,955 - INFO - Setting up Chrome driver...
2025-10-26 22:26:15,955 - INFO - Using profile directory: C:\laragon\www\dapokalsel\chrome_profile
2025-10-26 22:26:15,955 - INFO - Initializing undetected Chrome driver...
2025-10-26 22:26:26,142 - ERROR - Failed to setup driver: [WinError 183] Cannot create a file when that file already exists: 'C:\\laragon\\www\\dapokalsel\\sekolah\\~\\appdata\\roaming\\undetected_chromedriver\\undetected\\chromedriver-win32\\chromedriver.exe' -> 'C:\\laragon\\www\\dapokalsel\\sekolah\\~\\appdata\\roaming\\undetected_chromedriver\\undetected_chromedriver.exe'
Traceback (most recent call last):
  File "C:\laragon\www\dapokalsel\sekolah\import_url_kabupaten.pyw", line 92, in setup_driver
    temp_dir = tempfile.gettempdir()
  File "C:\laragon\bin\python\python-3.10\lib\site-packages\undetected_chromedriver\__init__.py", line 258, in __init__
    self.patcher.auto()
  File "C:\laragon\bin\python\python-3.10\lib\site-packages\undetected_chromedriver\patcher.py", line 178, in auto
    self.unzip_package(self.fetch_package())
  File "C:\laragon\bin\python\python-3.10\lib\site-packages\undetected_chromedriver\patcher.py", line 310, in unzip_package
    os.rename(os.path.join(self.zip_path, exe_path), self.executable_path)
FileExistsError: [WinError 183] Cannot create a file when that file already exists: 'C:\\laragon\\www\\dapokalsel\\sekolah\\~\\appdata\\roaming\\undetected_chromedriver\\undetected\\chromedriver-win32\\chromedriver.exe' -> 'C:\\laragon\\www\\dapokalsel\\sekolah\\~\\appdata\\roaming\\undetected_chromedriver\\undetected_chromedriver.exe'
2025-10-26 22:26:26,142 - ERROR - Error on attempt 273: Failed to setup driver
Traceback (most recent call last):
  File "C:\laragon\www\dapokalsel\sekolah\import_url_kabupaten.pyw", line 388, in process_url_induk
    logger.warning(f"Row {idx} missing data: kode={kode}, nama={nama}, url={full_url}")
Exception: Failed to setup driver
2025-10-26 22:26:26,142 - INFO - Retry attempt 274/300...
2025-10-26 22:26:41,142 - INFO - Setting up Chrome driver...
2025-10-26 22:26:41,142 - INFO - Using profile directory: C:\laragon\www\dapokalsel\chrome_profile
2025-10-26 22:26:41,143 - INFO - Initializing undetected Chrome driver...
2025-10-26 22:26:50,972 - INFO - patching driver executable C:\laragon\www\dapokalsel\sekolah\~\appdata\roaming\undetected_chromedriver\undetected_chromedriver.exe
2025-10-26 22:26:51,055 - ERROR - Failed to setup driver: Binary Location Must be a String
Traceback (most recent call last):
  File "C:\laragon\www\dapokalsel\sekolah\import_url_kabupaten.pyw", line 92, in setup_driver
    temp_dir = tempfile.gettempdir()
  File "C:\laragon\bin\python\python-3.10\lib\site-packages\undetected_chromedriver\__init__.py", line 372, in __init__
    options.binary_location = (
  File "C:\laragon\bin\python\python-3.10\lib\site-packages\selenium\webdriver\chromium\options.py", line 52, in binary_location
    raise TypeError(self.BINARY_LOCATION_ERROR)
TypeError: Binary Location Must be a String
2025-10-26 22:26:51,055 - ERROR - Error on attempt 274: Failed to setup driver
Traceback (most recent call last):
  File "C:\laragon\www\dapokalsel\sekolah\import_url_kabupaten.pyw", line 388, in process_url_induk
    logger.warning(f"Row {idx} missing data: kode={kode}, nama={nama}, url={full_url}")
Exception: Failed to setup driver
2025-10-26 22:26:51,055 - INFO - Retry attempt 275/300...
2025-10-26 22:27:06,056 - INFO - Setting up Chrome driver...
2025-10-26 22:27:06,057 - INFO - Using profile directory: C:\laragon\www\dapokalsel\chrome_profile
2025-10-26 22:27:06,057 - INFO - Initializing undetected Chrome driver...
2025-10-26 22:27:12,418 - INFO - patching driver executable C:\laragon\www\dapokalsel\sekolah\~\appdata\roaming\undetected_chromedriver\undetected_chromedriver.exe
2025-10-26 22:27:12,504 - ERROR - Failed to setup driver: Binary Location Must be a String
Traceback (most recent call last):
  File "C:\laragon\www\dapokalsel\sekolah\import_url_kabupaten.pyw", line 92, in setup_driver
    temp_dir = tempfile.gettempdir()
  File "C:\laragon\bin\python\python-3.10\lib\site-packages\undetected_chromedriver\__init__.py", line 372, in __init__
    options.binary_location = (
  File "C:\laragon\bin\python\python-3.10\lib\site-packages\selenium\webdriver\chromium\options.py", line 52, in binary_location
    raise TypeError(self.BINARY_LOCATION_ERROR)
TypeError: Binary Location Must be a String
2025-10-26 22:27:12,505 - ERROR - Error on attempt 275: Failed to setup driver
Traceback (most recent call last):
  File "C:\laragon\www\dapokalsel\sekolah\import_url_kabupaten.pyw", line 388, in process_url_induk
    logger.warning(f"Row {idx} missing data: kode={kode}, nama={nama}, url={full_url}")
Exception: Failed to setup driver
2025-10-26 22:27:12,505 - INFO - Retry attempt 276/300...
2025-10-26 22:27:27,516 - INFO - Setting up Chrome driver...
2025-10-26 22:27:27,516 - INFO - Using profile directory: C:\laragon\www\dapokalsel\chrome_profile
2025-10-26 22:27:27,516 - INFO - Initializing undetected Chrome driver...
2025-10-26 22:27:40,594 - ERROR - Failed to setup driver: [WinError 183] Cannot create a file when that file already exists: 'C:\\laragon\\www\\dapokalsel\\sekolah\\~\\appdata\\roaming\\undetected_chromedriver\\undetected\\chromedriver-win32\\chromedriver.exe' -> 'C:\\laragon\\www\\dapokalsel\\sekolah\\~\\appdata\\roaming\\undetected_chromedriver\\undetected_chromedriver.exe'
Traceback (most recent call last):
  File "C:\laragon\www\dapokalsel\sekolah\import_url_kabupaten.pyw", line 92, in setup_driver
    temp_dir = tempfile.gettempdir()
  File "C:\laragon\bin\python\python-3.10\lib\site-packages\undetected_chromedriver\__init__.py", line 258, in __init__
    self.patcher.auto()
  File "C:\laragon\bin\python\python-3.10\lib\site-packages\undetected_chromedriver\patcher.py", line 178, in auto
    self.unzip_package(self.fetch_package())
  File "C:\laragon\bin\python\python-3.10\lib\site-packages\undetected_chromedriver\patcher.py", line 310, in unzip_package
    os.rename(os.path.join(self.zip_path, exe_path), self.executable_path)
FileExistsError: [WinError 183] Cannot create a file when that file already exists: 'C:\\laragon\\www\\dapokalsel\\sekolah\\~\\appdata\\roaming\\undetected_chromedriver\\undetected\\chromedriver-win32\\chromedriver.exe' -> 'C:\\laragon\\www\\dapokalsel\\sekolah\\~\\appdata\\roaming\\undetected_chromedriver\\undetected_chromedriver.exe'
2025-10-26 22:27:40,595 - ERROR - Error on attempt 276: Failed to setup driver
Traceback (most recent call last):
  File "C:\laragon\www\dapokalsel\sekolah\import_url_kabupaten.pyw", line 388, in process_url_induk
    logger.warning(f"Row {idx} missing data: kode={kode}, nama={nama}, url={full_url}")
Exception: Failed to setup driver
2025-10-26 22:27:40,595 - INFO - Retry attempt 277/300...
2025-10-26 22:27:55,597 - INFO - Setting up Chrome driver...
2025-10-26 22:27:55,598 - INFO - Using profile directory: C:\laragon\www\dapokalsel\chrome_profile
2025-10-26 22:27:55,598 - INFO - Initializing undetected Chrome driver...
2025-10-26 22:27:59,816 - INFO - patching driver executable C:\laragon\www\dapokalsel\sekolah\~\appdata\roaming\undetected_chromedriver\undetected_chromedriver.exe
2025-10-26 22:27:59,893 - ERROR - Failed to setup driver: Binary Location Must be a String
Traceback (most recent call last):
  File "C:\laragon\www\dapokalsel\sekolah\import_url_kabupaten.pyw", line 92, in setup_driver
    temp_dir = tempfile.gettempdir()
  File "C:\laragon\bin\python\python-3.10\lib\site-packages\undetected_chromedriver\__init__.py", line 372, in __init__
    options.binary_location = (
  File "C:\laragon\bin\python\python-3.10\lib\site-packages\selenium\webdriver\chromium\options.py", line 52, in binary_location
    raise TypeError(self.BINARY_LOCATION_ERROR)
TypeError: Binary Location Must be a String
2025-10-26 22:27:59,894 - ERROR - Error on attempt 277: Failed to setup driver
Traceback (most recent call last):
  File "C:\laragon\www\dapokalsel\sekolah\import_url_kabupaten.pyw", line 388, in process_url_induk
    logger.warning(f"Row {idx} missing data: kode={kode}, nama={nama}, url={full_url}")
Exception: Failed to setup driver
2025-10-26 22:27:59,894 - INFO - Retry attempt 278/300...
2025-10-26 22:28:14,894 - INFO - Setting up Chrome driver...
2025-10-26 22:28:14,894 - INFO - Using profile directory: C:\laragon\www\dapokalsel\chrome_profile
2025-10-26 22:28:14,895 - INFO - Initializing undetected Chrome driver...
2025-10-26 22:28:20,766 - INFO - patching driver executable C:\laragon\www\dapokalsel\sekolah\~\appdata\roaming\undetected_chromedriver\undetected_chromedriver.exe
2025-10-26 22:28:20,850 - ERROR - Failed to setup driver: Binary Location Must be a String
Traceback (most recent call last):
  File "C:\laragon\www\dapokalsel\sekolah\import_url_kabupaten.pyw", line 92, in setup_driver
    temp_dir = tempfile.gettempdir()
  File "C:\laragon\bin\python\python-3.10\lib\site-packages\undetected_chromedriver\__init__.py", line 372, in __init__
    options.binary_location = (
  File "C:\laragon\bin\python\python-3.10\lib\site-packages\selenium\webdriver\chromium\options.py", line 52, in binary_location
    raise TypeError(self.BINARY_LOCATION_ERROR)
TypeError: Binary Location Must be a String
2025-10-26 22:28:20,851 - ERROR - Error on attempt 278: Failed to setup driver
Traceback (most recent call last):
  File "C:\laragon\www\dapokalsel\sekolah\import_url_kabupaten.pyw", line 388, in process_url_induk
    logger.warning(f"Row {idx} missing data: kode={kode}, nama={nama}, url={full_url}")
Exception: Failed to setup driver
2025-10-26 22:28:20,851 - INFO - Retry attempt 279/300...
2025-10-26 22:28:35,851 - INFO - Setting up Chrome driver...
2025-10-26 22:28:35,851 - INFO - Using profile directory: C:\laragon\www\dapokalsel\chrome_profile
2025-10-26 22:28:35,851 - INFO - Initializing undetected Chrome driver...
2025-10-26 22:28:42,759 - ERROR - Failed to setup driver: [WinError 183] Cannot create a file when that file already exists: 'C:\\laragon\\www\\dapokalsel\\sekolah\\~\\appdata\\roaming\\undetected_chromedriver\\undetected\\chromedriver-win32\\chromedriver.exe' -> 'C:\\laragon\\www\\dapokalsel\\sekolah\\~\\appdata\\roaming\\undetected_chromedriver\\undetected_chromedriver.exe'
Traceback (most recent call last):
  File "C:\laragon\www\dapokalsel\sekolah\import_url_kabupaten.pyw", line 92, in setup_driver
    temp_dir = tempfile.gettempdir()
  File "C:\laragon\bin\python\python-3.10\lib\site-packages\undetected_chromedriver\__init__.py", line 258, in __init__
    self.patcher.auto()
  File "C:\laragon\bin\python\python-3.10\lib\site-packages\undetected_chromedriver\patcher.py", line 178, in auto
    self.unzip_package(self.fetch_package())
  File "C:\laragon\bin\python\python-3.10\lib\site-packages\undetected_chromedriver\patcher.py", line 310, in unzip_package
    os.rename(os.path.join(self.zip_path, exe_path), self.executable_path)
FileExistsError: [WinError 183] Cannot create a file when that file already exists: 'C:\\laragon\\www\\dapokalsel\\sekolah\\~\\appdata\\roaming\\undetected_chromedriver\\undetected\\chromedriver-win32\\chromedriver.exe' -> 'C:\\laragon\\www\\dapokalsel\\sekolah\\~\\appdata\\roaming\\undetected_chromedriver\\undetected_chromedriver.exe'
2025-10-26 22:28:42,760 - ERROR - Error on attempt 279: Failed to setup driver
Traceback (most recent call last):
  File "C:\laragon\www\dapokalsel\sekolah\import_url_kabupaten.pyw", line 388, in process_url_induk
    logger.warning(f"Row {idx} missing data: kode={kode}, nama={nama}, url={full_url}")
Exception: Failed to setup driver
2025-10-26 22:28:42,761 - INFO - Retry attempt 280/300...
2025-10-26 22:28:57,762 - INFO - Setting up Chrome driver...
2025-10-26 22:28:57,762 - INFO - Using profile directory: C:\laragon\www\dapokalsel\chrome_profile
2025-10-26 22:28:57,762 - INFO - Initializing undetected Chrome driver...
2025-10-26 22:29:03,725 - ERROR - Failed to setup driver: [WinError 183] Cannot create a file when that file already exists: 'C:\\laragon\\www\\dapokalsel\\sekolah\\~\\appdata\\roaming\\undetected_chromedriver\\undetected\\chromedriver-win32\\chromedriver.exe' -> 'C:\\laragon\\www\\dapokalsel\\sekolah\\~\\appdata\\roaming\\undetected_chromedriver\\undetected_chromedriver.exe'
Traceback (most recent call last):
  File "C:\laragon\www\dapokalsel\sekolah\import_url_kabupaten.pyw", line 92, in setup_driver
    temp_dir = tempfile.gettempdir()
  File "C:\laragon\bin\python\python-3.10\lib\site-packages\undetected_chromedriver\__init__.py", line 258, in __init__
    self.patcher.auto()
  File "C:\laragon\bin\python\python-3.10\lib\site-packages\undetected_chromedriver\patcher.py", line 178, in auto
    self.unzip_package(self.fetch_package())
  File "C:\laragon\bin\python\python-3.10\lib\site-packages\undetected_chromedriver\patcher.py", line 310, in unzip_package
    os.rename(os.path.join(self.zip_path, exe_path), self.executable_path)
FileExistsError: [WinError 183] Cannot create a file when that file already exists: 'C:\\laragon\\www\\dapokalsel\\sekolah\\~\\appdata\\roaming\\undetected_chromedriver\\undetected\\chromedriver-win32\\chromedriver.exe' -> 'C:\\laragon\\www\\dapokalsel\\sekolah\\~\\appdata\\roaming\\undetected_chromedriver\\undetected_chromedriver.exe'
2025-10-26 22:29:03,726 - ERROR - Error on attempt 280: Failed to setup driver
Traceback (most recent call last):
  File "C:\laragon\www\dapokalsel\sekolah\import_url_kabupaten.pyw", line 388, in process_url_induk
    logger.warning(f"Row {idx} missing data: kode={kode}, nama={nama}, url={full_url}")
Exception: Failed to setup driver
2025-10-26 22:29:03,726 - INFO - Retry attempt 281/300...
2025-10-26 22:29:18,726 - INFO - Setting up Chrome driver...
2025-10-26 22:29:18,726 - INFO - Using profile directory: C:\laragon\www\dapokalsel\chrome_profile
2025-10-26 22:29:18,726 - INFO - Initializing undetected Chrome driver...
2025-10-26 22:29:29,764 - ERROR - Failed to setup driver: [WinError 183] Cannot create a file when that file already exists: 'C:\\laragon\\www\\dapokalsel\\sekolah\\~\\appdata\\roaming\\undetected_chromedriver\\undetected\\chromedriver-win32\\chromedriver.exe' -> 'C:\\laragon\\www\\dapokalsel\\sekolah\\~\\appdata\\roaming\\undetected_chromedriver\\undetected_chromedriver.exe'
Traceback (most recent call last):
  File "C:\laragon\www\dapokalsel\sekolah\import_url_kabupaten.pyw", line 92, in setup_driver
    temp_dir = tempfile.gettempdir()
  File "C:\laragon\bin\python\python-3.10\lib\site-packages\undetected_chromedriver\__init__.py", line 258, in __init__
    self.patcher.auto()
  File "C:\laragon\bin\python\python-3.10\lib\site-packages\undetected_chromedriver\patcher.py", line 178, in auto
    self.unzip_package(self.fetch_package())
  File "C:\laragon\bin\python\python-3.10\lib\site-packages\undetected_chromedriver\patcher.py", line 310, in unzip_package
    os.rename(os.path.join(self.zip_path, exe_path), self.executable_path)
FileExistsError: [WinError 183] Cannot create a file when that file already exists: 'C:\\laragon\\www\\dapokalsel\\sekolah\\~\\appdata\\roaming\\undetected_chromedriver\\undetected\\chromedriver-win32\\chromedriver.exe' -> 'C:\\laragon\\www\\dapokalsel\\sekolah\\~\\appdata\\roaming\\undetected_chromedriver\\undetected_chromedriver.exe'
2025-10-26 22:29:29,778 - ERROR - Error on attempt 281: Failed to setup driver
Traceback (most recent call last):
  File "C:\laragon\www\dapokalsel\sekolah\import_url_kabupaten.pyw", line 388, in process_url_induk
    logger.warning(f"Row {idx} missing data: kode={kode}, nama={nama}, url={full_url}")
Exception: Failed to setup driver
2025-10-26 22:29:29,778 - INFO - Retry attempt 282/300...
2025-10-26 22:29:44,780 - INFO - Setting up Chrome driver...
2025-10-26 22:29:44,780 - INFO - Using profile directory: C:\laragon\www\dapokalsel\chrome_profile
2025-10-26 22:29:44,780 - INFO - Initializing undetected Chrome driver...
2025-10-26 22:29:49,236 - ERROR - Failed to setup driver: [WinError 183] Cannot create a file when that file already exists: 'C:\\laragon\\www\\dapokalsel\\sekolah\\~\\appdata\\roaming\\undetected_chromedriver\\undetected\\chromedriver-win32\\chromedriver.exe' -> 'C:\\laragon\\www\\dapokalsel\\sekolah\\~\\appdata\\roaming\\undetected_chromedriver\\undetected_chromedriver.exe'
Traceback (most recent call last):
  File "C:\laragon\www\dapokalsel\sekolah\import_url_kabupaten.pyw", line 92, in setup_driver
    temp_dir = tempfile.gettempdir()
  File "C:\laragon\bin\python\python-3.10\lib\site-packages\undetected_chromedriver\__init__.py", line 258, in __init__
    self.patcher.auto()
  File "C:\laragon\bin\python\python-3.10\lib\site-packages\undetected_chromedriver\patcher.py", line 178, in auto
    self.unzip_package(self.fetch_package())
  File "C:\laragon\bin\python\python-3.10\lib\site-packages\undetected_chromedriver\patcher.py", line 310, in unzip_package
    os.rename(os.path.join(self.zip_path, exe_path), self.executable_path)
FileExistsError: [WinError 183] Cannot create a file when that file already exists: 'C:\\laragon\\www\\dapokalsel\\sekolah\\~\\appdata\\roaming\\undetected_chromedriver\\undetected\\chromedriver-win32\\chromedriver.exe' -> 'C:\\laragon\\www\\dapokalsel\\sekolah\\~\\appdata\\roaming\\undetected_chromedriver\\undetected_chromedriver.exe'
2025-10-26 22:29:49,237 - ERROR - Error on attempt 282: Failed to setup driver
Traceback (most recent call last):
  File "C:\laragon\www\dapokalsel\sekolah\import_url_kabupaten.pyw", line 388, in process_url_induk
    logger.warning(f"Row {idx} missing data: kode={kode}, nama={nama}, url={full_url}")
Exception: Failed to setup driver
2025-10-26 22:29:49,237 - INFO - Retry attempt 283/300...
2025-10-26 22:30:04,237 - INFO - Setting up Chrome driver...
2025-10-26 22:30:04,237 - INFO - Using profile directory: C:\laragon\www\dapokalsel\chrome_profile
2025-10-26 22:30:04,237 - INFO - Initializing undetected Chrome driver...
2025-10-26 22:30:29,349 - ERROR - Failed to setup driver: [WinError 183] Cannot create a file when that file already exists: 'C:\\laragon\\www\\dapokalsel\\sekolah\\~\\appdata\\roaming\\undetected_chromedriver\\undetected\\chromedriver-win32\\chromedriver.exe' -> 'C:\\laragon\\www\\dapokalsel\\sekolah\\~\\appdata\\roaming\\undetected_chromedriver\\undetected_chromedriver.exe'
Traceback (most recent call last):
  File "C:\laragon\www\dapokalsel\sekolah\import_url_kabupaten.pyw", line 92, in setup_driver
    temp_dir = tempfile.gettempdir()
  File "C:\laragon\bin\python\python-3.10\lib\site-packages\undetected_chromedriver\__init__.py", line 258, in __init__
    self.patcher.auto()
  File "C:\laragon\bin\python\python-3.10\lib\site-packages\undetected_chromedriver\patcher.py", line 178, in auto
    self.unzip_package(self.fetch_package())
  File "C:\laragon\bin\python\python-3.10\lib\site-packages\undetected_chromedriver\patcher.py", line 310, in unzip_package
    os.rename(os.path.join(self.zip_path, exe_path), self.executable_path)
FileExistsError: [WinError 183] Cannot create a file when that file already exists: 'C:\\laragon\\www\\dapokalsel\\sekolah\\~\\appdata\\roaming\\undetected_chromedriver\\undetected\\chromedriver-win32\\chromedriver.exe' -> 'C:\\laragon\\www\\dapokalsel\\sekolah\\~\\appdata\\roaming\\undetected_chromedriver\\undetected_chromedriver.exe'
2025-10-26 22:30:29,350 - ERROR - Error on attempt 283: Failed to setup driver
Traceback (most recent call last):
  File "C:\laragon\www\dapokalsel\sekolah\import_url_kabupaten.pyw", line 388, in process_url_induk
    logger.warning(f"Row {idx} missing data: kode={kode}, nama={nama}, url={full_url}")
Exception: Failed to setup driver
2025-10-26 22:30:29,350 - INFO - Retry attempt 284/300...
2025-10-26 22:30:44,350 - INFO - Setting up Chrome driver...
2025-10-26 22:30:44,350 - INFO - Using profile directory: C:\laragon\www\dapokalsel\chrome_profile
2025-10-26 22:30:44,350 - INFO - Initializing undetected Chrome driver...
2025-10-26 22:31:01,434 - INFO - patching driver executable C:\laragon\www\dapokalsel\sekolah\~\appdata\roaming\undetected_chromedriver\undetected_chromedriver.exe
2025-10-26 22:31:01,514 - ERROR - Failed to setup driver: Binary Location Must be a String
Traceback (most recent call last):
  File "C:\laragon\www\dapokalsel\sekolah\import_url_kabupaten.pyw", line 92, in setup_driver
    temp_dir = tempfile.gettempdir()
  File "C:\laragon\bin\python\python-3.10\lib\site-packages\undetected_chromedriver\__init__.py", line 372, in __init__
    options.binary_location = (
  File "C:\laragon\bin\python\python-3.10\lib\site-packages\selenium\webdriver\chromium\options.py", line 52, in binary_location
    raise TypeError(self.BINARY_LOCATION_ERROR)
TypeError: Binary Location Must be a String
2025-10-26 22:31:01,515 - ERROR - Error on attempt 284: Failed to setup driver
Traceback (most recent call last):
  File "C:\laragon\www\dapokalsel\sekolah\import_url_kabupaten.pyw", line 388, in process_url_induk
    logger.warning(f"Row {idx} missing data: kode={kode}, nama={nama}, url={full_url}")
Exception: Failed to setup driver
2025-10-26 22:31:01,515 - INFO - Retry attempt 285/300...
2025-10-26 22:31:16,516 - INFO - Setting up Chrome driver...
2025-10-26 22:31:16,516 - INFO - Using profile directory: C:\laragon\www\dapokalsel\chrome_profile
2025-10-26 22:31:16,516 - INFO - Initializing undetected Chrome driver...
2025-10-26 22:31:21,139 - INFO - patching driver executable C:\laragon\www\dapokalsel\sekolah\~\appdata\roaming\undetected_chromedriver\undetected_chromedriver.exe
2025-10-26 22:31:21,230 - ERROR - Failed to setup driver: Binary Location Must be a String
Traceback (most recent call last):
  File "C:\laragon\www\dapokalsel\sekolah\import_url_kabupaten.pyw", line 92, in setup_driver
    temp_dir = tempfile.gettempdir()
  File "C:\laragon\bin\python\python-3.10\lib\site-packages\undetected_chromedriver\__init__.py", line 372, in __init__
    options.binary_location = (
  File "C:\laragon\bin\python\python-3.10\lib\site-packages\selenium\webdriver\chromium\options.py", line 52, in binary_location
    raise TypeError(self.BINARY_LOCATION_ERROR)
TypeError: Binary Location Must be a String
2025-10-26 22:31:21,230 - ERROR - Error on attempt 285: Failed to setup driver
Traceback (most recent call last):
  File "C:\laragon\www\dapokalsel\sekolah\import_url_kabupaten.pyw", line 388, in process_url_induk
    logger.warning(f"Row {idx} missing data: kode={kode}, nama={nama}, url={full_url}")
Exception: Failed to setup driver
2025-10-26 22:31:21,231 - INFO - Retry attempt 286/300...
2025-10-26 22:31:36,231 - INFO - Setting up Chrome driver...
2025-10-26 22:31:36,415 - INFO - Using profile directory: C:\laragon\www\dapokalsel\chrome_profile
2025-10-26 22:31:36,415 - INFO - Initializing undetected Chrome driver...
2025-10-26 22:31:53,465 - INFO - patching driver executable C:\laragon\www\dapokalsel\sekolah\~\appdata\roaming\undetected_chromedriver\undetected_chromedriver.exe
2025-10-26 22:31:54,132 - ERROR - Failed to setup driver: Binary Location Must be a String
Traceback (most recent call last):
  File "C:\laragon\www\dapokalsel\sekolah\import_url_kabupaten.pyw", line 92, in setup_driver
    temp_dir = tempfile.gettempdir()
  File "C:\laragon\bin\python\python-3.10\lib\site-packages\undetected_chromedriver\__init__.py", line 372, in __init__
    options.binary_location = (
  File "C:\laragon\bin\python\python-3.10\lib\site-packages\selenium\webdriver\chromium\options.py", line 52, in binary_location
    raise TypeError(self.BINARY_LOCATION_ERROR)
TypeError: Binary Location Must be a String
2025-10-26 22:31:54,291 - ERROR - Error on attempt 286: Failed to setup driver
Traceback (most recent call last):
  File "C:\laragon\www\dapokalsel\sekolah\import_url_kabupaten.pyw", line 388, in process_url_induk
    logger.warning(f"Row {idx} missing data: kode={kode}, nama={nama}, url={full_url}")
Exception: Failed to setup driver
2025-10-26 22:31:54,406 - INFO - Retry attempt 287/300...
2025-10-26 22:32:09,407 - INFO - Setting up Chrome driver...
2025-10-26 22:32:09,430 - INFO - Using profile directory: C:\laragon\www\dapokalsel\chrome_profile
2025-10-26 22:32:09,430 - INFO - Initializing undetected Chrome driver...
2025-10-26 22:32:20,751 - INFO - patching driver executable C:\laragon\www\dapokalsel\sekolah\~\appdata\roaming\undetected_chromedriver\undetected_chromedriver.exe
2025-10-26 22:32:21,578 - ERROR - Failed to setup driver: Binary Location Must be a String
Traceback (most recent call last):
  File "C:\laragon\www\dapokalsel\sekolah\import_url_kabupaten.pyw", line 92, in setup_driver
    temp_dir = tempfile.gettempdir()
  File "C:\laragon\bin\python\python-3.10\lib\site-packages\undetected_chromedriver\__init__.py", line 372, in __init__
    options.binary_location = (
  File "C:\laragon\bin\python\python-3.10\lib\site-packages\selenium\webdriver\chromium\options.py", line 52, in binary_location
    raise TypeError(self.BINARY_LOCATION_ERROR)
TypeError: Binary Location Must be a String
2025-10-26 22:32:21,965 - ERROR - Error on attempt 287: Failed to setup driver
Traceback (most recent call last):
  File "C:\laragon\www\dapokalsel\sekolah\import_url_kabupaten.pyw", line 388, in process_url_induk
    logger.warning(f"Row {idx} missing data: kode={kode}, nama={nama}, url={full_url}")
Exception: Failed to setup driver
2025-10-26 22:32:22,144 - INFO - Retry attempt 288/300...
2025-10-26 22:32:37,144 - INFO - Setting up Chrome driver...
2025-10-26 22:32:37,401 - INFO - Using profile directory: C:\laragon\www\dapokalsel\chrome_profile
2025-10-26 22:32:37,402 - INFO - Initializing undetected Chrome driver...
2025-10-26 22:32:52,270 - INFO - patching driver executable C:\laragon\www\dapokalsel\sekolah\~\appdata\roaming\undetected_chromedriver\undetected_chromedriver.exe
2025-10-26 22:32:52,896 - ERROR - Failed to setup driver: Binary Location Must be a String
Traceback (most recent call last):
  File "C:\laragon\www\dapokalsel\sekolah\import_url_kabupaten.pyw", line 92, in setup_driver
    temp_dir = tempfile.gettempdir()
  File "C:\laragon\bin\python\python-3.10\lib\site-packages\undetected_chromedriver\__init__.py", line 372, in __init__
    options.binary_location = (
  File "C:\laragon\bin\python\python-3.10\lib\site-packages\selenium\webdriver\chromium\options.py", line 52, in binary_location
    raise TypeError(self.BINARY_LOCATION_ERROR)
TypeError: Binary Location Must be a String
2025-10-26 22:32:53,400 - ERROR - Error on attempt 288: Failed to setup driver
Traceback (most recent call last):
  File "C:\laragon\www\dapokalsel\sekolah\import_url_kabupaten.pyw", line 388, in process_url_induk
    logger.warning(f"Row {idx} missing data: kode={kode}, nama={nama}, url={full_url}")
Exception: Failed to setup driver
2025-10-26 22:32:53,816 - INFO - Retry attempt 289/300...
2025-10-26 22:33:08,817 - INFO - Setting up Chrome driver...
2025-10-26 22:33:08,851 - INFO - Using profile directory: C:\laragon\www\dapokalsel\chrome_profile
2025-10-26 22:33:08,852 - INFO - Initializing undetected Chrome driver...
2025-10-26 22:33:18,352 - INFO - patching driver executable C:\laragon\www\dapokalsel\sekolah\~\appdata\roaming\undetected_chromedriver\undetected_chromedriver.exe
2025-10-26 22:33:18,978 - ERROR - Failed to setup driver: Binary Location Must be a String
Traceback (most recent call last):
  File "C:\laragon\www\dapokalsel\sekolah\import_url_kabupaten.pyw", line 92, in setup_driver
    temp_dir = tempfile.gettempdir()
  File "C:\laragon\bin\python\python-3.10\lib\site-packages\undetected_chromedriver\__init__.py", line 372, in __init__
    options.binary_location = (
  File "C:\laragon\bin\python\python-3.10\lib\site-packages\selenium\webdriver\chromium\options.py", line 52, in binary_location
    raise TypeError(self.BINARY_LOCATION_ERROR)
TypeError: Binary Location Must be a String
2025-10-26 22:33:19,401 - ERROR - Error on attempt 289: Failed to setup driver
Traceback (most recent call last):
  File "C:\laragon\www\dapokalsel\sekolah\import_url_kabupaten.pyw", line 388, in process_url_induk
    logger.warning(f"Row {idx} missing data: kode={kode}, nama={nama}, url={full_url}")
Exception: Failed to setup driver
2025-10-26 22:33:19,402 - INFO - Retry attempt 290/300...
2025-10-26 22:33:34,402 - INFO - Setting up Chrome driver...
2025-10-26 22:33:34,501 - INFO - Using profile directory: C:\laragon\www\dapokalsel\chrome_profile
2025-10-26 22:33:34,501 - INFO - Initializing undetected Chrome driver...
2025-10-26 22:33:42,468 - ERROR - Failed to setup driver: [WinError 183] Cannot create a file when that file already exists: 'C:\\laragon\\www\\dapokalsel\\sekolah\\~\\appdata\\roaming\\undetected_chromedriver\\undetected\\chromedriver-win32\\chromedriver.exe' -> 'C:\\laragon\\www\\dapokalsel\\sekolah\\~\\appdata\\roaming\\undetected_chromedriver\\undetected_chromedriver.exe'
Traceback (most recent call last):
  File "C:\laragon\www\dapokalsel\sekolah\import_url_kabupaten.pyw", line 92, in setup_driver
    temp_dir = tempfile.gettempdir()
  File "C:\laragon\bin\python\python-3.10\lib\site-packages\undetected_chromedriver\__init__.py", line 258, in __init__
    self.patcher.auto()
  File "C:\laragon\bin\python\python-3.10\lib\site-packages\undetected_chromedriver\patcher.py", line 178, in auto
    self.unzip_package(self.fetch_package())
  File "C:\laragon\bin\python\python-3.10\lib\site-packages\undetected_chromedriver\patcher.py", line 310, in unzip_package
    os.rename(os.path.join(self.zip_path, exe_path), self.executable_path)
FileExistsError: [WinError 183] Cannot create a file when that file already exists: 'C:\\laragon\\www\\dapokalsel\\sekolah\\~\\appdata\\roaming\\undetected_chromedriver\\undetected\\chromedriver-win32\\chromedriver.exe' -> 'C:\\laragon\\www\\dapokalsel\\sekolah\\~\\appdata\\roaming\\undetected_chromedriver\\undetected_chromedriver.exe'
2025-10-26 22:33:42,903 - ERROR - Error on attempt 290: Failed to setup driver
Traceback (most recent call last):
  File "C:\laragon\www\dapokalsel\sekolah\import_url_kabupaten.pyw", line 388, in process_url_induk
    logger.warning(f"Row {idx} missing data: kode={kode}, nama={nama}, url={full_url}")
Exception: Failed to setup driver
2025-10-26 22:33:43,016 - INFO - Retry attempt 291/300...
2025-10-26 22:33:58,017 - INFO - Setting up Chrome driver...
2025-10-26 22:33:58,419 - INFO - Using profile directory: C:\laragon\www\dapokalsel\chrome_profile
2025-10-26 22:33:58,420 - INFO - Initializing undetected Chrome driver...
2025-10-26 22:34:06,200 - INFO - patching driver executable C:\laragon\www\dapokalsel\sekolah\~\appdata\roaming\undetected_chromedriver\undetected_chromedriver.exe
2025-10-26 22:34:06,287 - ERROR - Failed to setup driver: Binary Location Must be a String
Traceback (most recent call last):
  File "C:\laragon\www\dapokalsel\sekolah\import_url_kabupaten.pyw", line 92, in setup_driver
    temp_dir = tempfile.gettempdir()
  File "C:\laragon\bin\python\python-3.10\lib\site-packages\undetected_chromedriver\__init__.py", line 372, in __init__
    options.binary_location = (
  File "C:\laragon\bin\python\python-3.10\lib\site-packages\selenium\webdriver\chromium\options.py", line 52, in binary_location
    raise TypeError(self.BINARY_LOCATION_ERROR)
TypeError: Binary Location Must be a String
2025-10-26 22:34:06,288 - ERROR - Error on attempt 291: Failed to setup driver
Traceback (most recent call last):
  File "C:\laragon\www\dapokalsel\sekolah\import_url_kabupaten.pyw", line 388, in process_url_induk
    logger.warning(f"Row {idx} missing data: kode={kode}, nama={nama}, url={full_url}")
Exception: Failed to setup driver
2025-10-26 22:34:06,288 - INFO - Retry attempt 292/300...
2025-10-26 22:34:21,289 - INFO - Setting up Chrome driver...
2025-10-26 22:34:21,289 - INFO - Using profile directory: C:\laragon\www\dapokalsel\chrome_profile
2025-10-26 22:34:21,290 - INFO - Initializing undetected Chrome driver...
2025-10-26 22:34:27,898 - INFO - patching driver executable C:\laragon\www\dapokalsel\sekolah\~\appdata\roaming\undetected_chromedriver\undetected_chromedriver.exe
2025-10-26 22:34:27,991 - ERROR - Failed to setup driver: Binary Location Must be a String
Traceback (most recent call last):
  File "C:\laragon\www\dapokalsel\sekolah\import_url_kabupaten.pyw", line 92, in setup_driver
    temp_dir = tempfile.gettempdir()
  File "C:\laragon\bin\python\python-3.10\lib\site-packages\undetected_chromedriver\__init__.py", line 372, in __init__
    options.binary_location = (
  File "C:\laragon\bin\python\python-3.10\lib\site-packages\selenium\webdriver\chromium\options.py", line 52, in binary_location
    raise TypeError(self.BINARY_LOCATION_ERROR)
TypeError: Binary Location Must be a String
2025-10-26 22:34:27,992 - ERROR - Error on attempt 292: Failed to setup driver
Traceback (most recent call last):
  File "C:\laragon\www\dapokalsel\sekolah\import_url_kabupaten.pyw", line 388, in process_url_induk
    logger.warning(f"Row {idx} missing data: kode={kode}, nama={nama}, url={full_url}")
Exception: Failed to setup driver
2025-10-26 22:34:27,992 - INFO - Retry attempt 293/300...
2025-10-26 22:34:42,992 - INFO - Setting up Chrome driver...
2025-10-26 22:34:42,992 - INFO - Using profile directory: C:\laragon\www\dapokalsel\chrome_profile
2025-10-26 22:34:42,992 - INFO - Initializing undetected Chrome driver...
2025-10-26 22:34:51,705 - INFO - patching driver executable C:\laragon\www\dapokalsel\sekolah\~\appdata\roaming\undetected_chromedriver\undetected_chromedriver.exe
2025-10-26 22:34:51,801 - ERROR - Failed to setup driver: Binary Location Must be a String
Traceback (most recent call last):
  File "C:\laragon\www\dapokalsel\sekolah\import_url_kabupaten.pyw", line 92, in setup_driver
    temp_dir = tempfile.gettempdir()
  File "C:\laragon\bin\python\python-3.10\lib\site-packages\undetected_chromedriver\__init__.py", line 372, in __init__
    options.binary_location = (
  File "C:\laragon\bin\python\python-3.10\lib\site-packages\selenium\webdriver\chromium\options.py", line 52, in binary_location
    raise TypeError(self.BINARY_LOCATION_ERROR)
TypeError: Binary Location Must be a String
2025-10-26 22:34:51,802 - ERROR - Error on attempt 293: Failed to setup driver
Traceback (most recent call last):
  File "C:\laragon\www\dapokalsel\sekolah\import_url_kabupaten.pyw", line 388, in process_url_induk
    logger.warning(f"Row {idx} missing data: kode={kode}, nama={nama}, url={full_url}")
Exception: Failed to setup driver
2025-10-26 22:34:51,802 - INFO - Retry attempt 294/300...
2025-10-26 22:35:06,803 - INFO - Setting up Chrome driver...
2025-10-26 22:35:06,803 - INFO - Using profile directory: C:\laragon\www\dapokalsel\chrome_profile
2025-10-26 22:35:06,803 - INFO - Initializing undetected Chrome driver...
2025-10-26 22:35:13,789 - ERROR - Failed to setup driver: [WinError 183] Cannot create a file when that file already exists: 'C:\\laragon\\www\\dapokalsel\\sekolah\\~\\appdata\\roaming\\undetected_chromedriver\\undetected\\chromedriver-win32\\chromedriver.exe' -> 'C:\\laragon\\www\\dapokalsel\\sekolah\\~\\appdata\\roaming\\undetected_chromedriver\\undetected_chromedriver.exe'
Traceback (most recent call last):
  File "C:\laragon\www\dapokalsel\sekolah\import_url_kabupaten.pyw", line 92, in setup_driver
    temp_dir = tempfile.gettempdir()
  File "C:\laragon\bin\python\python-3.10\lib\site-packages\undetected_chromedriver\__init__.py", line 258, in __init__
    self.patcher.auto()
  File "C:\laragon\bin\python\python-3.10\lib\site-packages\undetected_chromedriver\patcher.py", line 178, in auto
    self.unzip_package(self.fetch_package())
  File "C:\laragon\bin\python\python-3.10\lib\site-packages\undetected_chromedriver\patcher.py", line 310, in unzip_package
    os.rename(os.path.join(self.zip_path, exe_path), self.executable_path)
FileExistsError: [WinError 183] Cannot create a file when that file already exists: 'C:\\laragon\\www\\dapokalsel\\sekolah\\~\\appdata\\roaming\\undetected_chromedriver\\undetected\\chromedriver-win32\\chromedriver.exe' -> 'C:\\laragon\\www\\dapokalsel\\sekolah\\~\\appdata\\roaming\\undetected_chromedriver\\undetected_chromedriver.exe'
2025-10-26 22:35:13,789 - ERROR - Error on attempt 294: Failed to setup driver
Traceback (most recent call last):
  File "C:\laragon\www\dapokalsel\sekolah\import_url_kabupaten.pyw", line 388, in process_url_induk
    logger.warning(f"Row {idx} missing data: kode={kode}, nama={nama}, url={full_url}")
Exception: Failed to setup driver
2025-10-26 22:35:13,790 - INFO - Retry attempt 295/300...
2025-10-26 22:35:28,790 - INFO - Setting up Chrome driver...
2025-10-26 22:35:28,790 - INFO - Using profile directory: C:\laragon\www\dapokalsel\chrome_profile
2025-10-26 22:35:28,790 - INFO - Initializing undetected Chrome driver...
2025-10-26 22:35:39,624 - INFO - patching driver executable C:\laragon\www\dapokalsel\sekolah\~\appdata\roaming\undetected_chromedriver\undetected_chromedriver.exe
2025-10-26 22:35:39,780 - ERROR - Failed to setup driver: Binary Location Must be a String
Traceback (most recent call last):
  File "C:\laragon\www\dapokalsel\sekolah\import_url_kabupaten.pyw", line 92, in setup_driver
    temp_dir = tempfile.gettempdir()
  File "C:\laragon\bin\python\python-3.10\lib\site-packages\undetected_chromedriver\__init__.py", line 372, in __init__
    options.binary_location = (
  File "C:\laragon\bin\python\python-3.10\lib\site-packages\selenium\webdriver\chromium\options.py", line 52, in binary_location
    raise TypeError(self.BINARY_LOCATION_ERROR)
TypeError: Binary Location Must be a String
2025-10-26 22:35:39,781 - ERROR - Error on attempt 295: Failed to setup driver
Traceback (most recent call last):
  File "C:\laragon\www\dapokalsel\sekolah\import_url_kabupaten.pyw", line 388, in process_url_induk
    logger.warning(f"Row {idx} missing data: kode={kode}, nama={nama}, url={full_url}")
Exception: Failed to setup driver
2025-10-26 22:35:39,781 - INFO - Retry attempt 296/300...
2025-10-26 22:35:54,782 - INFO - Setting up Chrome driver...
2025-10-26 22:35:54,782 - INFO - Using profile directory: C:\laragon\www\dapokalsel\chrome_profile
2025-10-26 22:35:54,782 - INFO - Initializing undetected Chrome driver...
2025-10-26 22:36:00,352 - INFO - patching driver executable C:\laragon\www\dapokalsel\sekolah\~\appdata\roaming\undetected_chromedriver\undetected_chromedriver.exe
2025-10-26 22:36:00,522 - ERROR - Failed to setup driver: Binary Location Must be a String
Traceback (most recent call last):
  File "C:\laragon\www\dapokalsel\sekolah\import_url_kabupaten.pyw", line 92, in setup_driver
    temp_dir = tempfile.gettempdir()
  File "C:\laragon\bin\python\python-3.10\lib\site-packages\undetected_chromedriver\__init__.py", line 372, in __init__
    options.binary_location = (
  File "C:\laragon\bin\python\python-3.10\lib\site-packages\selenium\webdriver\chromium\options.py", line 52, in binary_location
    raise TypeError(self.BINARY_LOCATION_ERROR)
TypeError: Binary Location Must be a String
2025-10-26 22:36:00,522 - ERROR - Error on attempt 296: Failed to setup driver
Traceback (most recent call last):
  File "C:\laragon\www\dapokalsel\sekolah\import_url_kabupaten.pyw", line 388, in process_url_induk
    logger.warning(f"Row {idx} missing data: kode={kode}, nama={nama}, url={full_url}")
Exception: Failed to setup driver
2025-10-26 22:36:00,522 - INFO - Retry attempt 297/300...
2025-10-26 22:36:15,523 - INFO - Setting up Chrome driver...
2025-10-26 22:36:15,523 - INFO - Using profile directory: C:\laragon\www\dapokalsel\chrome_profile
2025-10-26 22:36:15,523 - INFO - Initializing undetected Chrome driver...
2025-10-26 22:36:22,394 - INFO - patching driver executable C:\laragon\www\dapokalsel\sekolah\~\appdata\roaming\undetected_chromedriver\undetected_chromedriver.exe
2025-10-26 22:36:22,590 - ERROR - Failed to setup driver: Binary Location Must be a String
Traceback (most recent call last):
  File "C:\laragon\www\dapokalsel\sekolah\import_url_kabupaten.pyw", line 92, in setup_driver
    temp_dir = tempfile.gettempdir()
  File "C:\laragon\bin\python\python-3.10\lib\site-packages\undetected_chromedriver\__init__.py", line 372, in __init__
    options.binary_location = (
  File "C:\laragon\bin\python\python-3.10\lib\site-packages\selenium\webdriver\chromium\options.py", line 52, in binary_location
    raise TypeError(self.BINARY_LOCATION_ERROR)
TypeError: Binary Location Must be a String
2025-10-26 22:36:22,591 - ERROR - Error on attempt 297: Failed to setup driver
Traceback (most recent call last):
  File "C:\laragon\www\dapokalsel\sekolah\import_url_kabupaten.pyw", line 388, in process_url_induk
    logger.warning(f"Row {idx} missing data: kode={kode}, nama={nama}, url={full_url}")
Exception: Failed to setup driver
2025-10-26 22:36:22,592 - INFO - Retry attempt 298/300...
2025-10-26 22:36:37,592 - INFO - Setting up Chrome driver...
2025-10-26 22:36:37,592 - INFO - Using profile directory: C:\laragon\www\dapokalsel\chrome_profile
2025-10-26 22:36:37,592 - INFO - Initializing undetected Chrome driver...
2025-10-26 22:36:46,217 - INFO - patching driver executable C:\laragon\www\dapokalsel\sekolah\~\appdata\roaming\undetected_chromedriver\undetected_chromedriver.exe
2025-10-26 22:36:46,344 - ERROR - Failed to setup driver: Binary Location Must be a String
Traceback (most recent call last):
  File "C:\laragon\www\dapokalsel\sekolah\import_url_kabupaten.pyw", line 92, in setup_driver
    temp_dir = tempfile.gettempdir()
  File "C:\laragon\bin\python\python-3.10\lib\site-packages\undetected_chromedriver\__init__.py", line 372, in __init__
    options.binary_location = (
  File "C:\laragon\bin\python\python-3.10\lib\site-packages\selenium\webdriver\chromium\options.py", line 52, in binary_location
    raise TypeError(self.BINARY_LOCATION_ERROR)
TypeError: Binary Location Must be a String
2025-10-26 22:36:46,344 - ERROR - Error on attempt 298: Failed to setup driver
Traceback (most recent call last):
  File "C:\laragon\www\dapokalsel\sekolah\import_url_kabupaten.pyw", line 388, in process_url_induk
    logger.warning(f"Row {idx} missing data: kode={kode}, nama={nama}, url={full_url}")
Exception: Failed to setup driver
2025-10-26 22:36:46,345 - INFO - Retry attempt 299/300...
2025-10-26 22:37:01,345 - INFO - Setting up Chrome driver...
2025-10-26 22:37:01,345 - INFO - Using profile directory: C:\laragon\www\dapokalsel\chrome_profile
2025-10-26 22:37:01,346 - INFO - Initializing undetected Chrome driver...
2025-10-26 22:37:09,278 - INFO - patching driver executable C:\laragon\www\dapokalsel\sekolah\~\appdata\roaming\undetected_chromedriver\undetected_chromedriver.exe
2025-10-26 22:37:09,404 - ERROR - Failed to setup driver: Binary Location Must be a String
Traceback (most recent call last):
  File "C:\laragon\www\dapokalsel\sekolah\import_url_kabupaten.pyw", line 92, in setup_driver
    temp_dir = tempfile.gettempdir()
  File "C:\laragon\bin\python\python-3.10\lib\site-packages\undetected_chromedriver\__init__.py", line 372, in __init__
    options.binary_location = (
  File "C:\laragon\bin\python\python-3.10\lib\site-packages\selenium\webdriver\chromium\options.py", line 52, in binary_location
    raise TypeError(self.BINARY_LOCATION_ERROR)
TypeError: Binary Location Must be a String
2025-10-26 22:37:09,404 - ERROR - Error on attempt 299: Failed to setup driver
Traceback (most recent call last):
  File "C:\laragon\www\dapokalsel\sekolah\import_url_kabupaten.pyw", line 388, in process_url_induk
    logger.warning(f"Row {idx} missing data: kode={kode}, nama={nama}, url={full_url}")
Exception: Failed to setup driver
2025-10-26 22:37:09,405 - INFO - Retry attempt 300/300...
2025-10-26 22:37:24,405 - INFO - Setting up Chrome driver...
2025-10-26 22:37:24,405 - INFO - Using profile directory: C:\laragon\www\dapokalsel\chrome_profile
2025-10-26 22:37:24,406 - INFO - Initializing undetected Chrome driver...
2025-10-26 22:37:45,359 - ERROR - Failed to setup driver: [WinError 183] Cannot create a file when that file already exists: 'C:\\laragon\\www\\dapokalsel\\sekolah\\~\\appdata\\roaming\\undetected_chromedriver\\undetected\\chromedriver-win32\\chromedriver.exe' -> 'C:\\laragon\\www\\dapokalsel\\sekolah\\~\\appdata\\roaming\\undetected_chromedriver\\undetected_chromedriver.exe'
Traceback (most recent call last):
  File "C:\laragon\www\dapokalsel\sekolah\import_url_kabupaten.pyw", line 92, in setup_driver
    temp_dir = tempfile.gettempdir()
  File "C:\laragon\bin\python\python-3.10\lib\site-packages\undetected_chromedriver\__init__.py", line 258, in __init__
    self.patcher.auto()
  File "C:\laragon\bin\python\python-3.10\lib\site-packages\undetected_chromedriver\patcher.py", line 178, in auto
    self.unzip_package(self.fetch_package())
  File "C:\laragon\bin\python\python-3.10\lib\site-packages\undetected_chromedriver\patcher.py", line 310, in unzip_package
    os.rename(os.path.join(self.zip_path, exe_path), self.executable_path)
FileExistsError: [WinError 183] Cannot create a file when that file already exists: 'C:\\laragon\\www\\dapokalsel\\sekolah\\~\\appdata\\roaming\\undetected_chromedriver\\undetected\\chromedriver-win32\\chromedriver.exe' -> 'C:\\laragon\\www\\dapokalsel\\sekolah\\~\\appdata\\roaming\\undetected_chromedriver\\undetected_chromedriver.exe'
2025-10-26 22:37:45,360 - ERROR - Error on attempt 300: Failed to setup driver
Traceback (most recent call last):
  File "C:\laragon\www\dapokalsel\sekolah\import_url_kabupaten.pyw", line 388, in process_url_induk
    logger.warning(f"Row {idx} missing data: kode={kode}, nama={nama}, url={full_url}")
Exception: Failed to setup driver
2025-10-26 22:37:49,868 - INFO - Updated log entry, affected rows: 1
--- Logging error ---
Traceback (most recent call last):
  File "C:\laragon\bin\python\python-3.10\lib\logging\__init__.py", line 1103, in emit
    stream.write(msg + self.terminator)
  File "C:\laragon\bin\python\python-3.10\lib\encodings\cp1252.py", line 19, in encode
    return codecs.charmap_encode(input,self.errors,encoding_table)[0]
UnicodeEncodeError: 'charmap' codec can't encode character '\u274c' in position 34: character maps to <undefined>
Call stack:
  File "C:\laragon\www\dapokalsel\sekolah\import_url_kabupaten.pyw", line 491, in <module>
    parser.add_argument('--max_retries', type=int, default=5, help='Maximum retry attempts')
  File "C:\laragon\www\dapokalsel\sekolah\import_url_kabupaten.pyw", line 465, in main
    # Log final result
  File "C:\laragon\www\dapokalsel\sekolah\import_url_kabupaten.pyw", line 429, in process_url_induk
    logger.info(f"Retry attempt {retry_count + 1}/{max_retries}...")
Message: '\u274c FAILED: Kabupaten processing for URL Induk ID 5 after 300 attempts'
Arguments: ()
2025-10-26 22:37:50,460 - INFO - 
================================================================================
2025-10-26 22:37:50,460 - INFO - KABUPATEN IMPORT SUMMARY
2025-10-26 22:37:50,460 - INFO - ================================================================================
2025-10-26 22:37:50,460 - INFO - Total URL Induk Processed: 1
2025-10-26 22:37:50,460 - INFO - Successful: 0
2025-10-26 22:37:50,460 - INFO - Failed: 1
2025-10-26 22:37:50,460 - INFO - ================================================================================
--- Logging error ---
Traceback (most recent call last):
  File "C:\laragon\bin\python\python-3.10\lib\logging\__init__.py", line 1103, in emit
    stream.write(msg + self.terminator)
  File "C:\laragon\bin\python\python-3.10\lib\encodings\cp1252.py", line 19, in encode
    return codecs.charmap_encode(input,self.errors,encoding_table)[0]
UnicodeEncodeError: 'charmap' codec can't encode character '\u274c' in position 34: character maps to <undefined>
Call stack:
  File "C:\laragon\www\dapokalsel\sekolah\import_url_kabupaten.pyw", line 491, in <module>
    parser.add_argument('--max_retries', type=int, default=5, help='Maximum retry attempts')
  File "C:\laragon\www\dapokalsel\sekolah\import_url_kabupaten.pyw", line 480, in main
    # MAIN FUNCTION
Message: '\u274c Kabupaten import completed with failures'
Arguments: ()
